# Carbon dioxide over the last 800,000 years (Antarctic ice cores)
# Indicator: co2.bereiter-2015.800k (vintage 2015-02-04); unit: parts per million (ppm)
# Source: NOAA NCEI World Data Service for Paleoclimatology (data by Bereiter et al., University of Bern and partners) <https://www.ncei.noaa.gov/access/paleo-search/study/17975>
# Credit: Bereiter et al. (2015), Geophysical Research Letters, doi:10.1002/2014GL061957; data: NOAA/WDS Paleoclimatology, Antarctic Ice Cores Revised 800KYr CO2 Data, doi:10.25921/n8y4-bp27, https://www.ncei.noaa.gov/access/paleo-search/study/17975, accessed 2026-10-04.
# Licence: No licence stated; free use with citation (NOAA NCEI World Data Service for Paleoclimatology)
# Time: age_bp is the age in years before 1950 as published (negative after 1950); period is empty.
# Provenance and processing: https://environmentdashboard.org/data/co2/bereiter-2015/800k
indicator_id,entity,period,value,lower,upper,interval,status,note,missing_reason,age_bp
co2.bereiter-2015.800k,ANT_ICECORES,,207.29,205.09,209.49,1sigma,final,,,805668.87
co2.bereiter-2015.800k,ANT_ICECORES,,202.23,201.54,202.92,1sigma,final,,,805132.44
co2.bereiter-2015.800k,ANT_ICECORES,,204.86,203.22,206.5,1sigma,final,,,804522.67
co2.bereiter-2015.800k,ANT_ICECORES,,207.5,206.58,208.42,1sigma,final,,,804009.87
co2.bereiter-2015.800k,ANT_ICECORES,,202.92,200.86,204.98,1sigma,final,,,803925.28
co2.bereiter-2015.800k,ANT_ICECORES,,202.65,201.61,203.69,1sigma,final,,,803709.25
co2.bereiter-2015.800k,ANT_ICECORES,,198.66,197.68,199.64,1sigma,final,,,802872.09
co2.bereiter-2015.800k,ANT_ICECORES,,198.68,196.94,200.42,1sigma,final,,,801236.06
co2.bereiter-2015.800k,ANT_ICECORES,,200.49,198.3,202.68,1sigma,final,,,798681.3
co2.bereiter-2015.800k,ANT_ICECORES,,197.91,196.49,199.33,1sigma,final,,,797378.82
co2.bereiter-2015.800k,ANT_ICECORES,,198.79,196.69,200.89,1sigma,final,,,796852.59
co2.bereiter-2015.800k,ANT_ICECORES,,204.62,202.63,206.61,1sigma,final,,,795687.32
co2.bereiter-2015.800k,ANT_ICECORES,,208.79,207.12,210.46,1sigma,final,,,795122.45
co2.bereiter-2015.800k,ANT_ICECORES,,218.39,216.46,220.32,1sigma,final,,,793852.76
co2.bereiter-2015.800k,ANT_ICECORES,,213.36,211.76,214.96,1sigma,final,,,793519.39
co2.bereiter-2015.800k,ANT_ICECORES,,214.45,211.92,216.98,1sigma,final,,,792617.3
co2.bereiter-2015.800k,ANT_ICECORES,,224.69,221.02,228.36,1sigma,final,,,792030.78
co2.bereiter-2015.800k,ANT_ICECORES,,230.55,228.78,232.32,1sigma,final,,,791056.88
co2.bereiter-2015.800k,ANT_ICECORES,,227.38,226.54,228.22,1sigma,final,,,790639.41
co2.bereiter-2015.800k,ANT_ICECORES,,235.49,232.5,238.48,1sigma,final,,,789953.01
co2.bereiter-2015.800k,ANT_ICECORES,,238.64,237.86,239.42,1sigma,final,,,789494.04
co2.bereiter-2015.800k,ANT_ICECORES,,257.02,254.33,259.71,1sigma,final,,,788691.87
co2.bereiter-2015.800k,ANT_ICECORES,,257.2,255.68,258.72,1sigma,final,,,788479.24
co2.bereiter-2015.800k,ANT_ICECORES,,266.0,265.27,266.73,1sigma,final,,,787803.57
co2.bereiter-2015.800k,ANT_ICECORES,,269.36,268.1,270.62,1sigma,final,,,787355.51
co2.bereiter-2015.800k,ANT_ICECORES,,264.35,262.97,265.73,1sigma,final,,,786563.26
co2.bereiter-2015.800k,ANT_ICECORES,,262.23,259.66,264.8,1sigma,final,,,786189.6
co2.bereiter-2015.800k,ANT_ICECORES,,259.66,259.42,259.9,1sigma,final,,,785519.05
co2.bereiter-2015.800k,ANT_ICECORES,,255.85,255.19,256.51,1sigma,final,,,785034.08
co2.bereiter-2015.800k,ANT_ICECORES,,260.92,258.41,263.43,1sigma,final,,,784261.76
co2.bereiter-2015.800k,ANT_ICECORES,,255.02,253.96,256.08,1sigma,final,,,783198.53
co2.bereiter-2015.800k,ANT_ICECORES,,257.44,256.79,258.09,1sigma,final,,,782728.45
co2.bereiter-2015.800k,ANT_ICECORES,,251.51,250.81,252.21,1sigma,final,,,781886.68
co2.bereiter-2015.800k,ANT_ICECORES,,257.21,256.61,257.81,1sigma,final,,,781562.83
co2.bereiter-2015.800k,ANT_ICECORES,,252.52,251.59,253.45,1sigma,final,,,780719.44
co2.bereiter-2015.800k,ANT_ICECORES,,254.43,252.07,256.79,1sigma,final,,,780188.92
co2.bereiter-2015.800k,ANT_ICECORES,,254.69,253.56,255.82,1sigma,final,,,779367.55
co2.bereiter-2015.800k,ANT_ICECORES,,254.93,254.45,255.41,1sigma,final,,,779057.98
co2.bereiter-2015.800k,ANT_ICECORES,,252.46,251.79,253.13,1sigma,final,,,778232.79
co2.bereiter-2015.800k,ANT_ICECORES,,247.3,245.29,249.31,1sigma,final,,,777681.75
co2.bereiter-2015.800k,ANT_ICECORES,,248.92,248.29,249.55,1sigma,final,,,776782.7
co2.bereiter-2015.800k,ANT_ICECORES,,245.32,244.96,245.68,1sigma,final,,,776332.26
co2.bereiter-2015.800k,ANT_ICECORES,,241.74,240.87,242.61,1sigma,final,,,775538.01
co2.bereiter-2015.800k,ANT_ICECORES,,238.39,236.13,240.65,1sigma,final,,,774958.81
co2.bereiter-2015.800k,ANT_ICECORES,,239.23,238.23,240.23,1sigma,final,,,774044.14
co2.bereiter-2015.800k,ANT_ICECORES,,237.78,236.27,239.29,1sigma,final,,,773684.47
co2.bereiter-2015.800k,ANT_ICECORES,,246.03,243.58,248.48,1sigma,final,,,773249.82
co2.bereiter-2015.800k,ANT_ICECORES,,243.85,241.76,245.94,1sigma,final,,,772995.64
co2.bereiter-2015.800k,ANT_ICECORES,,246.49,244.32,248.66,1sigma,final,,,772737.96
co2.bereiter-2015.800k,ANT_ICECORES,,243.89,242.79,244.99,1sigma,final,,,772474.56
co2.bereiter-2015.800k,ANT_ICECORES,,239.71,237.84,241.58,1sigma,final,,,772175.26
co2.bereiter-2015.800k,ANT_ICECORES,,234.24,232.63,235.85,1sigma,final,,,771812.67
co2.bereiter-2015.800k,ANT_ICECORES,,236.32,234.68,237.96,1sigma,final,,,771519.33
co2.bereiter-2015.800k,ANT_ICECORES,,229.56,227.76,231.36,1sigma,final,,,771020.67
co2.bereiter-2015.800k,ANT_ICECORES,,230.63,228.52,232.74,1sigma,final,,,770599.15
co2.bereiter-2015.800k,ANT_ICECORES,,225.87,224.92,226.82,1sigma,final,,,769651.42
co2.bereiter-2015.800k,ANT_ICECORES,,221.64,221.23,222.05,1sigma,final,,,769061.38
co2.bereiter-2015.800k,ANT_ICECORES,,223.82,223.31,224.33,1sigma,final,,,768117.26
co2.bereiter-2015.800k,ANT_ICECORES,,224.86,223.3,226.42,1sigma,final,,,767747.16
co2.bereiter-2015.800k,ANT_ICECORES,,230.62,229.73,231.51,1sigma,final,,,766808.91
co2.bereiter-2015.800k,ANT_ICECORES,,232.12,230.74,233.5,1sigma,final,,,766188.5
co2.bereiter-2015.800k,ANT_ICECORES,,229.41,226.74,232.08,1sigma,final,,,765851.48
co2.bereiter-2015.800k,ANT_ICECORES,,233.66,230.61,236.71,1sigma,final,,,765586.64
co2.bereiter-2015.800k,ANT_ICECORES,,222.93,222.01,223.85,1sigma,final,,,765181.82
co2.bereiter-2015.800k,ANT_ICECORES,,223.89,221.83,225.95,1sigma,final,,,764676.88
co2.bereiter-2015.800k,ANT_ICECORES,,219.95,219.72,220.18,1sigma,final,,,763770.58
co2.bereiter-2015.800k,ANT_ICECORES,,214.0,212.14,215.86,1sigma,final,,,763101.8
co2.bereiter-2015.800k,ANT_ICECORES,,214.69,213.57,215.81,1sigma,final,,,762166.04
co2.bereiter-2015.800k,ANT_ICECORES,,216.64,215.89,217.39,1sigma,final,,,761864.49
co2.bereiter-2015.800k,ANT_ICECORES,,222.71,221.48,223.94,1sigma,final,,,760939.94
co2.bereiter-2015.800k,ANT_ICECORES,,225.62,223.29,227.95,1sigma,final,,,760516.06
co2.bereiter-2015.800k,ANT_ICECORES,,225.37,223.62,227.12,1sigma,final,,,760108.27
co2.bereiter-2015.800k,ANT_ICECORES,,223.02,222.34,223.7,1sigma,final,,,759878.21
co2.bereiter-2015.800k,ANT_ICECORES,,226.94,225.52,228.36,1sigma,final,,,759561.88
co2.bereiter-2015.800k,ANT_ICECORES,,222.72,221.22,224.22,1sigma,final,,,759135.69
co2.bereiter-2015.800k,ANT_ICECORES,,218.35,216.01,220.69,1sigma,final,,,758362.42
co2.bereiter-2015.800k,ANT_ICECORES,,213.61,211.46,215.76,1sigma,final,,,757785.45
co2.bereiter-2015.800k,ANT_ICECORES,,209.45,208.09,210.81,1sigma,final,,,756850.68
co2.bereiter-2015.800k,ANT_ICECORES,,208.1,206.14,210.06,1sigma,final,,,756566.17
co2.bereiter-2015.800k,ANT_ICECORES,,203.3,201.77,204.83,1sigma,final,,,755586.83
co2.bereiter-2015.800k,ANT_ICECORES,,199.05,197.35,200.75,1sigma,final,,,755114.58
co2.bereiter-2015.800k,ANT_ICECORES,,203.9,202.06,205.74,1sigma,final,,,753934.65
co2.bereiter-2015.800k,ANT_ICECORES,,195.43,195.09,195.77,1sigma,final,,,753489.07
co2.bereiter-2015.800k,ANT_ICECORES,,197.5,196.2,198.8,1sigma,final,,,752565.88
co2.bereiter-2015.800k,ANT_ICECORES,,193.55,191.67,195.43,1sigma,final,,,751973.87
co2.bereiter-2015.800k,ANT_ICECORES,,191.3,189.92,192.68,1sigma,final,,,751036.25
co2.bereiter-2015.800k,ANT_ICECORES,,192.08,190.51,193.65,1sigma,final,,,750706.44
co2.bereiter-2015.800k,ANT_ICECORES,,190.17,188.41,191.93,1sigma,final,,,749814.18
co2.bereiter-2015.800k,ANT_ICECORES,,188.68,187.42,189.94,1sigma,final,,,749262.93
co2.bereiter-2015.800k,ANT_ICECORES,,187.54,186.7,188.38,1sigma,final,,,748336.88
co2.bereiter-2015.800k,ANT_ICECORES,,187.95,186.68,189.22,1sigma,final,,,747940.2
co2.bereiter-2015.800k,ANT_ICECORES,,187.92,187.6,188.24,1sigma,final,,,747177.04
co2.bereiter-2015.800k,ANT_ICECORES,,190.24,189.82,190.66,1sigma,final,,,746619.93
co2.bereiter-2015.800k,ANT_ICECORES,,187.29,186.05,188.53,1sigma,final,,,745671.05
co2.bereiter-2015.800k,ANT_ICECORES,,188.97,188.07,189.87,1sigma,final,,,744523.14
co2.bereiter-2015.800k,ANT_ICECORES,,188.18,187.27,189.09,1sigma,final,,,743959.08
co2.bereiter-2015.800k,ANT_ICECORES,,187.33,186.61,188.05,1sigma,final,,,743062.17
co2.bereiter-2015.800k,ANT_ICECORES,,188.65,185.94,191.36,1sigma,final,,,742644.75
co2.bereiter-2015.800k,ANT_ICECORES,,189.14,187.83,190.45,1sigma,final,,,741874.13
co2.bereiter-2015.800k,ANT_ICECORES,,184.77,182.7,186.84,1sigma,final,,,741329.9
co2.bereiter-2015.800k,ANT_ICECORES,,183.39,180.99,185.79,1sigma,final,,,740460.92
co2.bereiter-2015.800k,ANT_ICECORES,,185.4,183.02,187.78,1sigma,final,,,740106.45
co2.bereiter-2015.800k,ANT_ICECORES,,185.61,185.28,185.94,1sigma,final,,,739174.56
co2.bereiter-2015.800k,ANT_ICECORES,,191.74,190.81,192.67,1sigma,final,,,738580.99
co2.bereiter-2015.800k,ANT_ICECORES,,204.52,203.03,206.01,1sigma,final,,,737660.12
co2.bereiter-2015.800k,ANT_ICECORES,,206.92,205.36,208.48,1sigma,final,,,737269.82
co2.bereiter-2015.800k,ANT_ICECORES,,213.14,211.48,214.8,1sigma,final,,,736522.22
co2.bereiter-2015.800k,ANT_ICECORES,,217.19,215.81,218.57,1sigma,final,,,736107.31
co2.bereiter-2015.800k,ANT_ICECORES,,217.88,217.05,218.71,1sigma,final,,,735409.91
co2.bereiter-2015.800k,ANT_ICECORES,,214.66,213.95,215.37,1sigma,final,,,735134.57
co2.bereiter-2015.800k,ANT_ICECORES,,216.15,214.34,217.96,1sigma,final,,,734462.62
co2.bereiter-2015.800k,ANT_ICECORES,,210.6,209.57,211.63,1sigma,final,,,734022.23
co2.bereiter-2015.800k,ANT_ICECORES,,207.72,206.91,208.53,1sigma,final,,,733329.0
co2.bereiter-2015.800k,ANT_ICECORES,,208.11,206.87,209.35,1sigma,final,,,732993.5
co2.bereiter-2015.800k,ANT_ICECORES,,213.73,211.84,215.62,1sigma,final,,,732321.75
co2.bereiter-2015.800k,ANT_ICECORES,,211.62,211.26,211.98,1sigma,final,,,731861.0
co2.bereiter-2015.800k,ANT_ICECORES,,210.7,210.36,211.04,1sigma,final,,,731184.23
co2.bereiter-2015.800k,ANT_ICECORES,,210.16,209.47,210.85,1sigma,final,,,730908.31
co2.bereiter-2015.800k,ANT_ICECORES,,212.17,210.45,213.89,1sigma,final,,,730260.31
co2.bereiter-2015.800k,ANT_ICECORES,,210.01,209.0,211.02,1sigma,final,,,729836.94
co2.bereiter-2015.800k,ANT_ICECORES,,211.08,210.3,211.86,1sigma,final,,,728987.53
co2.bereiter-2015.800k,ANT_ICECORES,,210.24,209.41,211.07,1sigma,final,,,728593.9
co2.bereiter-2015.800k,ANT_ICECORES,,210.07,208.45,211.69,1sigma,final,,,727898.5
co2.bereiter-2015.800k,ANT_ICECORES,,211.43,210.66,212.2,1sigma,final,,,726576.86
co2.bereiter-2015.800k,ANT_ICECORES,,211.08,210.01,212.15,1sigma,final,,,726249.59
co2.bereiter-2015.800k,ANT_ICECORES,,211.49,210.21,212.77,1sigma,final,,,725474.43
co2.bereiter-2015.800k,ANT_ICECORES,,210.48,210.11,210.85,1sigma,final,,,724975.36
co2.bereiter-2015.800k,ANT_ICECORES,,214.01,212.82,215.2,1sigma,final,,,724142.0
co2.bereiter-2015.800k,ANT_ICECORES,,212.55,210.78,214.32,1sigma,final,,,723780.23
co2.bereiter-2015.800k,ANT_ICECORES,,212.11,211.42,212.8,1sigma,final,,,722994.59
co2.bereiter-2015.800k,ANT_ICECORES,,216.1,214.08,218.12,1sigma,final,,,722505.81
co2.bereiter-2015.800k,ANT_ICECORES,,218.96,217.69,220.23,1sigma,final,,,721689.86
co2.bereiter-2015.800k,ANT_ICECORES,,219.2,218.02,220.38,1sigma,final,,,721407.52
co2.bereiter-2015.800k,ANT_ICECORES,,217.04,216.14,217.94,1sigma,final,,,720590.76
co2.bereiter-2015.800k,ANT_ICECORES,,212.03,211.19,212.87,1sigma,final,,,720087.29
co2.bereiter-2015.800k,ANT_ICECORES,,200.82,200.07,201.57,1sigma,final,,,719287.18
co2.bereiter-2015.800k,ANT_ICECORES,,193.46,191.82,195.1,1sigma,final,,,718778.35
co2.bereiter-2015.800k,ANT_ICECORES,,189.88,188.75,191.01,1sigma,final,,,717955.48
co2.bereiter-2015.800k,ANT_ICECORES,,198.43,197.26,199.6,1sigma,final,,,717348.27
co2.bereiter-2015.800k,ANT_ICECORES,,210.51,208.86,212.16,1sigma,final,,,716585.91
co2.bereiter-2015.800k,ANT_ICECORES,,213.6,212.94,214.26,1sigma,final,,,716310.16
co2.bereiter-2015.800k,ANT_ICECORES,,227.58,227.03,228.13,1sigma,final,,,715565.38
co2.bereiter-2015.800k,ANT_ICECORES,,223.14,222.55,223.73,1sigma,final,,,715115.73
co2.bereiter-2015.800k,ANT_ICECORES,,227.08,225.07,229.09,1sigma,final,,,714403.8
co2.bereiter-2015.800k,ANT_ICECORES,,227.64,226.03,229.25,1sigma,final,,,714065.58
co2.bereiter-2015.800k,ANT_ICECORES,,223.89,223.42,224.36,1sigma,final,,,713312.5
co2.bereiter-2015.800k,ANT_ICECORES,,224.0,222.55,225.45,1sigma,final,,,712243.73
co2.bereiter-2015.800k,ANT_ICECORES,,224.12,222.63,225.61,1sigma,final,,,712021.47
co2.bereiter-2015.800k,ANT_ICECORES,,225.39,225.1,225.68,1sigma,final,,,711399.04
co2.bereiter-2015.800k,ANT_ICECORES,,224.9,224.28,225.52,1sigma,final,,,710983.36
co2.bereiter-2015.800k,ANT_ICECORES,,227.03,226.3,227.76,1sigma,final,,,710456.45
co2.bereiter-2015.800k,ANT_ICECORES,,230.51,229.52,231.5,1sigma,final,,,709909.55
co2.bereiter-2015.800k,ANT_ICECORES,,231.43,230.57,232.29,1sigma,final,,,709453.79
co2.bereiter-2015.800k,ANT_ICECORES,,234.84,233.69,235.99,1sigma,final,,,708959.15
co2.bereiter-2015.800k,ANT_ICECORES,,233.11,232.1,234.12,1sigma,final,,,708413.45
co2.bereiter-2015.800k,ANT_ICECORES,,233.58,232.58,234.58,1sigma,final,,,708199.68
co2.bereiter-2015.800k,ANT_ICECORES,,233.51,232.05,234.97,1sigma,final,,,707643.73
co2.bereiter-2015.800k,ANT_ICECORES,,238.85,238.05,239.65,1sigma,final,,,707310.7
co2.bereiter-2015.800k,ANT_ICECORES,,236.05,235.12,236.98,1sigma,final,,,706710.74
co2.bereiter-2015.800k,ANT_ICECORES,,236.05,234.3,237.8,1sigma,final,,,706492.95
co2.bereiter-2015.800k,ANT_ICECORES,,237.66,236.09,239.23,1sigma,final,,,706053.2
co2.bereiter-2015.800k,ANT_ICECORES,,237.18,235.85,238.51,1sigma,final,,,705726.95
co2.bereiter-2015.800k,ANT_ICECORES,,235.09,233.41,236.77,1sigma,final,,,705243.91
co2.bereiter-2015.800k,ANT_ICECORES,,234.04,233.58,234.5,1sigma,final,,,705053.34
co2.bereiter-2015.800k,ANT_ICECORES,,233.54,232.18,234.9,1sigma,final,,,704581.81
co2.bereiter-2015.800k,ANT_ICECORES,,232.83,232.31,233.35,1sigma,final,,,704250.52
co2.bereiter-2015.800k,ANT_ICECORES,,232.28,231.16,233.4,1sigma,final,,,703796.07
co2.bereiter-2015.800k,ANT_ICECORES,,233.35,232.09,234.61,1sigma,final,,,703468.52
co2.bereiter-2015.800k,ANT_ICECORES,,230.59,230.33,230.85,1sigma,final,,,703009.98
co2.bereiter-2015.800k,ANT_ICECORES,,232.18,230.56,233.8,1sigma,final,,,702734.27
co2.bereiter-2015.800k,ANT_ICECORES,,232.16,231.41,232.91,1sigma,final,,,702200.92
co2.bereiter-2015.800k,ANT_ICECORES,,230.88,229.86,231.9,1sigma,final,,,701993.15
co2.bereiter-2015.800k,ANT_ICECORES,,232.46,231.92,233.0,1sigma,final,,,701524.52
co2.bereiter-2015.800k,ANT_ICECORES,,235.42,234.45,236.39,1sigma,final,,,701268.53
co2.bereiter-2015.800k,ANT_ICECORES,,236.61,236.13,237.09,1sigma,final,,,700814.84
co2.bereiter-2015.800k,ANT_ICECORES,,236.72,236.07,237.37,1sigma,final,,,700485.02
co2.bereiter-2015.800k,ANT_ICECORES,,237.21,236.66,237.76,1sigma,final,,,700103.69
co2.bereiter-2015.800k,ANT_ICECORES,,239.73,238.93,240.53,1sigma,final,,,699864.71
co2.bereiter-2015.800k,ANT_ICECORES,,239.01,238.36,239.66,1sigma,final,,,699439.02
co2.bereiter-2015.800k,ANT_ICECORES,,238.86,237.84,239.88,1sigma,final,,,699215.75
co2.bereiter-2015.800k,ANT_ICECORES,,241.83,241.1,242.56,1sigma,final,,,698753.23
co2.bereiter-2015.800k,ANT_ICECORES,,240.9,238.98,242.82,1sigma,final,,,698505.54
co2.bereiter-2015.800k,ANT_ICECORES,,241.03,240.24,241.82,1sigma,final,,,698039.0
co2.bereiter-2015.800k,ANT_ICECORES,,239.88,238.61,241.15,1sigma,final,,,697746.68
co2.bereiter-2015.800k,ANT_ICECORES,,238.42,237.31,239.53,1sigma,final,,,697342.45
co2.bereiter-2015.800k,ANT_ICECORES,,239.44,238.48,240.4,1sigma,final,,,697090.29
co2.bereiter-2015.800k,ANT_ICECORES,,238.13,236.85,239.41,1sigma,final,,,696644.83
co2.bereiter-2015.800k,ANT_ICECORES,,238.05,236.53,239.57,1sigma,final,,,696434.89
co2.bereiter-2015.800k,ANT_ICECORES,,238.74,237.28,240.2,1sigma,final,,,695981.88
co2.bereiter-2015.800k,ANT_ICECORES,,236.8,236.23,237.37,1sigma,final,,,695732.31
co2.bereiter-2015.800k,ANT_ICECORES,,239.8,238.38,241.22,1sigma,final,,,695259.26
co2.bereiter-2015.800k,ANT_ICECORES,,239.31,238.4,240.22,1sigma,final,,,694949.14
co2.bereiter-2015.800k,ANT_ICECORES,,240.46,239.75,241.17,1sigma,final,,,694536.82
co2.bereiter-2015.800k,ANT_ICECORES,,239.34,238.35,240.33,1sigma,final,,,694280.35
co2.bereiter-2015.800k,ANT_ICECORES,,237.76,236.92,238.6,1sigma,final,,,693821.29
co2.bereiter-2015.800k,ANT_ICECORES,,243.7,241.6,245.8,1sigma,final,,,693574.04
co2.bereiter-2015.800k,ANT_ICECORES,,238.47,236.32,240.62,1sigma,final,,,693077.09
co2.bereiter-2015.800k,ANT_ICECORES,,239.3,238.03,240.57,1sigma,final,,,692832.46
co2.bereiter-2015.800k,ANT_ICECORES,,243.56,243.0,244.12,1sigma,final,,,692318.34
co2.bereiter-2015.800k,ANT_ICECORES,,239.38,237.43,241.33,1sigma,final,,,691967.96
co2.bereiter-2015.800k,ANT_ICECORES,,238.42,237.18,239.66,1sigma,final,,,691467.67
co2.bereiter-2015.800k,ANT_ICECORES,,239.29,238.24,240.34,1sigma,final,,,691221.83
co2.bereiter-2015.800k,ANT_ICECORES,,236.45,235.92,236.98,1sigma,final,,,690736.39
co2.bereiter-2015.800k,ANT_ICECORES,,235.8,234.81,236.79,1sigma,final,,,690474.65
co2.bereiter-2015.800k,ANT_ICECORES,,232.27,230.78,233.76,1sigma,final,,,689951.45
co2.bereiter-2015.800k,ANT_ICECORES,,232.07,230.78,233.36,1sigma,final,,,689693.26
co2.bereiter-2015.800k,ANT_ICECORES,,230.67,229.01,232.33,1sigma,final,,,689157.83
co2.bereiter-2015.800k,ANT_ICECORES,,227.64,226.5,228.78,1sigma,final,,,688809.87
co2.bereiter-2015.800k,ANT_ICECORES,,227.65,226.31,228.99,1sigma,final,,,688300.13
co2.bereiter-2015.800k,ANT_ICECORES,,226.73,225.73,227.73,1sigma,final,,,688000.38
co2.bereiter-2015.800k,ANT_ICECORES,,222.97,221.73,224.21,1sigma,final,,,687445.5
co2.bereiter-2015.800k,ANT_ICECORES,,222.7,221.65,223.75,1sigma,final,,,687154.04
co2.bereiter-2015.800k,ANT_ICECORES,,222.62,221.57,223.67,1sigma,final,,,686581.81
co2.bereiter-2015.800k,ANT_ICECORES,,220.63,219.24,222.02,1sigma,final,,,686269.11
co2.bereiter-2015.800k,ANT_ICECORES,,220.62,219.92,221.32,1sigma,final,,,685679.87
co2.bereiter-2015.800k,ANT_ICECORES,,221.82,221.05,222.59,1sigma,final,,,685294.84
co2.bereiter-2015.800k,ANT_ICECORES,,224.36,223.07,225.65,1sigma,final,,,684758.06
co2.bereiter-2015.800k,ANT_ICECORES,,225.64,223.99,227.29,1sigma,final,,,684423.68
co2.bereiter-2015.800k,ANT_ICECORES,,222.7,222.1,223.3,1sigma,final,,,683828.75
co2.bereiter-2015.800k,ANT_ICECORES,,220.24,218.56,221.92,1sigma,final,,,683457.86
co2.bereiter-2015.800k,ANT_ICECORES,,219.14,218.19,220.09,1sigma,final,,,682740.09
co2.bereiter-2015.800k,ANT_ICECORES,,221.31,220.42,222.2,1sigma,final,,,682343.71
co2.bereiter-2015.800k,ANT_ICECORES,,227.9,226.58,229.22,1sigma,final,,,681669.93
co2.bereiter-2015.800k,ANT_ICECORES,,225.81,224.6,227.02,1sigma,final,,,681225.67
co2.bereiter-2015.800k,ANT_ICECORES,,233.11,231.95,234.27,1sigma,final,,,680627.61
co2.bereiter-2015.800k,ANT_ICECORES,,233.61,233.06,234.16,1sigma,final,,,680312.58
co2.bereiter-2015.800k,ANT_ICECORES,,232.7,231.8,233.6,1sigma,final,,,679735.17
co2.bereiter-2015.800k,ANT_ICECORES,,229.16,228.35,229.97,1sigma,final,,,679455.37
co2.bereiter-2015.800k,ANT_ICECORES,,220.09,218.57,221.61,1sigma,final,,,678741.62
co2.bereiter-2015.800k,ANT_ICECORES,,218.21,216.83,219.59,1sigma,final,,,678328.18
co2.bereiter-2015.800k,ANT_ICECORES,,216.59,215.66,217.52,1sigma,final,,,677600.74
co2.bereiter-2015.800k,ANT_ICECORES,,219.96,219.35,220.57,1sigma,final,,,677152.31
co2.bereiter-2015.800k,ANT_ICECORES,,222.57,221.81,223.33,1sigma,final,,,676530.74
co2.bereiter-2015.800k,ANT_ICECORES,,216.12,215.31,216.93,1sigma,final,,,675406.53
co2.bereiter-2015.800k,ANT_ICECORES,,211.69,211.11,212.27,1sigma,final,,,675028.4
co2.bereiter-2015.800k,ANT_ICECORES,,204.67,203.94,205.4,1sigma,final,,,674229.38
co2.bereiter-2015.800k,ANT_ICECORES,,201.12,200.12,202.12,1sigma,final,,,673696.11
co2.bereiter-2015.800k,ANT_ICECORES,,197.13,196.14,198.12,1sigma,final,,,672761.38
co2.bereiter-2015.800k,ANT_ICECORES,,194.79,194.21,195.37,1sigma,final,,,672150.88
co2.bereiter-2015.800k,ANT_ICECORES,,196.83,196.14,197.52,1sigma,final,,,671457.93
co2.bereiter-2015.800k,ANT_ICECORES,,194.88,193.91,195.85,1sigma,final,,,671070.75
co2.bereiter-2015.800k,ANT_ICECORES,,191.51,190.59,192.43,1sigma,final,,,670296.32
co2.bereiter-2015.800k,ANT_ICECORES,,187.66,187.48,187.84,1sigma,final,,,669819.3
co2.bereiter-2015.800k,ANT_ICECORES,,180.67,179.96,181.38,1sigma,final,,,668915.54
co2.bereiter-2015.800k,ANT_ICECORES,,177.71,177.03,178.39,1sigma,final,,,668415.26
co2.bereiter-2015.800k,ANT_ICECORES,,173.71,172.33,175.09,1sigma,final,,,667409.86
co2.bereiter-2015.800k,ANT_ICECORES,,174.77,173.73,175.81,1sigma,final,,,666753.36
co2.bereiter-2015.800k,ANT_ICECORES,,180.54,179.42,181.66,1sigma,final,,,665836.52
co2.bereiter-2015.800k,ANT_ICECORES,,180.17,179.05,181.29,1sigma,final,,,665321.94
co2.bereiter-2015.800k,ANT_ICECORES,,187.77,186.94,188.6,1sigma,final,,,664408.09
co2.bereiter-2015.800k,ANT_ICECORES,,192.55,191.25,193.85,1sigma,final,,,664320.4
co2.bereiter-2015.800k,ANT_ICECORES,,191.02,189.82,192.22,1sigma,final,,,663937.52
co2.bereiter-2015.800k,ANT_ICECORES,,190.86,189.84,191.88,1sigma,final,,,662877.55
co2.bereiter-2015.800k,ANT_ICECORES,,193.91,191.79,196.03,1sigma,final,,,662796.61
co2.bereiter-2015.800k,ANT_ICECORES,,189.69,188.17,191.21,1sigma,final,,,662282.18
co2.bereiter-2015.800k,ANT_ICECORES,,191.59,190.82,192.36,1sigma,final,,,661215.9
co2.bereiter-2015.800k,ANT_ICECORES,,193.97,192.98,194.96,1sigma,final,,,661118.32
co2.bereiter-2015.800k,ANT_ICECORES,,188.43,187.48,189.38,1sigma,final,,,660463.55
co2.bereiter-2015.800k,ANT_ICECORES,,185.68,185.27,186.09,1sigma,final,,,659411.9
co2.bereiter-2015.800k,ANT_ICECORES,,187.38,186.32,188.44,1sigma,final,,,659293.82
co2.bereiter-2015.800k,ANT_ICECORES,,184.1,183.81,184.39,1sigma,final,,,658764.1
co2.bereiter-2015.800k,ANT_ICECORES,,190.88,190.01,191.75,1sigma,final,,,657722.0
co2.bereiter-2015.800k,ANT_ICECORES,,189.23,187.45,191.01,1sigma,final,,,657654.21
co2.bereiter-2015.800k,ANT_ICECORES,,192.93,192.28,193.58,1sigma,final,,,657181.09
co2.bereiter-2015.800k,ANT_ICECORES,,200.35,199.6,201.1,1sigma,final,,,656132.65
co2.bereiter-2015.800k,ANT_ICECORES,,200.0,199.47,200.53,1sigma,final,,,655524.35
co2.bereiter-2015.800k,ANT_ICECORES,,194.82,193.84,195.8,1sigma,final,,,654438.65
co2.bereiter-2015.800k,ANT_ICECORES,,192.87,191.02,194.72,1sigma,final,,,653730.25
co2.bereiter-2015.800k,ANT_ICECORES,,186.79,185.82,187.76,1sigma,final,,,652708.95
co2.bereiter-2015.800k,ANT_ICECORES,,187.27,186.73,187.81,1sigma,final,,,652104.26
co2.bereiter-2015.800k,ANT_ICECORES,,193.44,192.73,194.15,1sigma,final,,,650947.1
co2.bereiter-2015.800k,ANT_ICECORES,,189.25,188.03,190.47,1sigma,final,,,650348.46
co2.bereiter-2015.800k,ANT_ICECORES,,196.17,195.73,196.61,1sigma,final,,,649191.1
co2.bereiter-2015.800k,ANT_ICECORES,,193.48,192.74,194.22,1sigma,final,,,648612.42
co2.bereiter-2015.800k,ANT_ICECORES,,191.85,190.85,192.85,1sigma,final,,,647254.85
co2.bereiter-2015.800k,ANT_ICECORES,,189.89,187.87,191.91,1sigma,final,,,646376.95
co2.bereiter-2015.800k,ANT_ICECORES,,195.82,194.87,196.77,1sigma,final,,,645150.65
co2.bereiter-2015.800k,ANT_ICECORES,,195.31,194.06,196.56,1sigma,final,,,644300.83
co2.bereiter-2015.800k,ANT_ICECORES,,191.56,190.43,192.69,1sigma,final,,,642856.65
co2.bereiter-2015.800k,ANT_ICECORES,,191.38,190.33,192.43,1sigma,final,,,642074.6
co2.bereiter-2015.800k,ANT_ICECORES,,190.18,189.68,190.68,1sigma,final,,,640372.25
co2.bereiter-2015.800k,ANT_ICECORES,,188.85,187.89,189.81,1sigma,final,,,639418.27
co2.bereiter-2015.800k,ANT_ICECORES,,195.33,193.48,197.18,1sigma,final,,,637714.37
co2.bereiter-2015.800k,ANT_ICECORES,,194.0,193.34,194.66,1sigma,final,,,636521.56
co2.bereiter-2015.800k,ANT_ICECORES,,194.86,193.1,196.62,1sigma,final,,,635009.03
co2.bereiter-2015.800k,ANT_ICECORES,,195.95,194.42,197.48,1sigma,final,,,634881.14
co2.bereiter-2015.800k,ANT_ICECORES,,193.1,191.55,194.65,1sigma,final,,,634077.54
co2.bereiter-2015.800k,ANT_ICECORES,,196.5,194.99,198.01,1sigma,final,,,632356.94
co2.bereiter-2015.800k,ANT_ICECORES,,200.46,198.65,202.27,1sigma,final,,,631526.32
co2.bereiter-2015.800k,ANT_ICECORES,,200.78,200.28,201.28,1sigma,final,,,629866.1
co2.bereiter-2015.800k,ANT_ICECORES,,205.27,204.4,206.14,1sigma,final,,,629769.85
co2.bereiter-2015.800k,ANT_ICECORES,,199.52,198.75,200.29,1sigma,final,,,629139.62
co2.bereiter-2015.800k,ANT_ICECORES,,205.76,204.82,206.7,1sigma,final,,,627830.1
co2.bereiter-2015.800k,ANT_ICECORES,,215.71,215.23,216.19,1sigma,final,,,626969.43
co2.bereiter-2015.800k,ANT_ICECORES,,228.51,227.63,229.39,1sigma,final,,,626047.5
co2.bereiter-2015.800k,ANT_ICECORES,,235.02,234.67,235.37,1sigma,final,,,625397.92
co2.bereiter-2015.800k,ANT_ICECORES,,237.93,236.91,238.95,1sigma,final,,,624496.95
co2.bereiter-2015.800k,ANT_ICECORES,,239.19,238.36,240.02,1sigma,final,,,623054.95
co2.bereiter-2015.800k,ANT_ICECORES,,243.89,241.05,246.73,1sigma,final,,,622950.73
co2.bereiter-2015.800k,ANT_ICECORES,,243.53,242.72,244.34,1sigma,final,,,621651.45
co2.bereiter-2015.800k,ANT_ICECORES,,245.89,245.6,246.18,1sigma,final,,,620283.75
co2.bereiter-2015.800k,ANT_ICECORES,,248.29,247.29,249.29,1sigma,final,,,618953.75
co2.bereiter-2015.800k,ANT_ICECORES,,252.64,251.58,253.7,1sigma,final,,,617609.57
co2.bereiter-2015.800k,ANT_ICECORES,,252.73,251.79,253.67,1sigma,final,,,616356.6
co2.bereiter-2015.800k,ANT_ICECORES,,252.9,252.28,253.52,1sigma,final,,,616299.12
co2.bereiter-2015.800k,ANT_ICECORES,,252.75,251.69,253.81,1sigma,final,,,615140.6
co2.bereiter-2015.800k,ANT_ICECORES,,256.19,255.8,256.58,1sigma,final,,,613942.8
co2.bereiter-2015.800k,ANT_ICECORES,,258.14,256.73,259.55,1sigma,final,,,612761.97
co2.bereiter-2015.800k,ANT_ICECORES,,259.68,258.52,260.84,1sigma,final,,,611600.63
co2.bereiter-2015.800k,ANT_ICECORES,,257.82,255.71,259.93,1sigma,final,,,611551.01
co2.bereiter-2015.800k,ANT_ICECORES,,257.74,257.28,258.2,1sigma,final,,,610429.5
co2.bereiter-2015.800k,ANT_ICECORES,,259.22,257.4,261.04,1sigma,final,,,609247.3
co2.bereiter-2015.800k,ANT_ICECORES,,254.58,253.36,255.8,1sigma,final,,,607979.3
co2.bereiter-2015.800k,ANT_ICECORES,,248.48,246.8,250.16,1sigma,final,,,606625.91
co2.bereiter-2015.800k,ANT_ICECORES,,244.53,243.83,245.23,1sigma,final,,,605303.15
co2.bereiter-2015.800k,ANT_ICECORES,,239.14,238.05,240.23,1sigma,final,,,603949.15
co2.bereiter-2015.800k,ANT_ICECORES,,237.86,237.07,238.65,1sigma,final,,,602600.75
co2.bereiter-2015.800k,ANT_ICECORES,,232.45,231.15,233.75,1sigma,final,,,601255.15
co2.bereiter-2015.800k,ANT_ICECORES,,229.38,227.99,230.77,1sigma,final,,,599814.63
co2.bereiter-2015.800k,ANT_ICECORES,,225.97,224.83,227.11,1sigma,final,,,599218.22
co2.bereiter-2015.800k,ANT_ICECORES,,219.02,218.02,220.02,1sigma,final,,,598329.75
co2.bereiter-2015.800k,ANT_ICECORES,,216.27,214.79,217.75,1sigma,final,,,597803.61
co2.bereiter-2015.800k,ANT_ICECORES,,216.44,215.53,217.35,1sigma,final,,,596791.13
co2.bereiter-2015.800k,ANT_ICECORES,,221.22,219.45,222.99,1sigma,final,,,596221.56
co2.bereiter-2015.800k,ANT_ICECORES,,232.92,232.32,233.52,1sigma,final,,,595436.47
co2.bereiter-2015.800k,ANT_ICECORES,,237.98,236.93,239.03,1sigma,final,,,594863.81
co2.bereiter-2015.800k,ANT_ICECORES,,238.15,237.26,239.04,1sigma,final,,,594046.75
co2.bereiter-2015.800k,ANT_ICECORES,,233.16,232.88,233.44,1sigma,final,,,593561.25
co2.bereiter-2015.800k,ANT_ICECORES,,229.39,228.14,230.64,1sigma,final,,,592785.52
co2.bereiter-2015.800k,ANT_ICECORES,,225.68,224.55,226.81,1sigma,final,,,592383.47
co2.bereiter-2015.800k,ANT_ICECORES,,237.38,236.63,238.13,1sigma,final,,,591019.47
co2.bereiter-2015.800k,ANT_ICECORES,,243.56,242.8,244.32,1sigma,final,,,590488.8
co2.bereiter-2015.800k,ANT_ICECORES,,248.1,247.54,248.66,1sigma,final,,,590040.15
co2.bereiter-2015.800k,ANT_ICECORES,,250.2,249.8,250.6,1sigma,final,,,589425.35
co2.bereiter-2015.800k,ANT_ICECORES,,246.35,244.55,248.15,1sigma,final,,,588940.9
co2.bereiter-2015.800k,ANT_ICECORES,,238.78,237.8,239.76,1sigma,final,,,588279.35
co2.bereiter-2015.800k,ANT_ICECORES,,234.4,233.9,234.9,1sigma,final,,,587888.67
co2.bereiter-2015.800k,ANT_ICECORES,,225.99,224.54,227.44,1sigma,final,,,587171.85
co2.bereiter-2015.800k,ANT_ICECORES,,223.96,223.09,224.83,1sigma,final,,,586720.84
co2.bereiter-2015.800k,ANT_ICECORES,,210.64,210.0,211.28,1sigma,final,,,583958.8
co2.bereiter-2015.800k,ANT_ICECORES,,206.68,206.17,207.19,1sigma,final,,,583574.25
co2.bereiter-2015.800k,ANT_ICECORES,,209.88,208.7,211.06,1sigma,final,,,582836.3
co2.bereiter-2015.800k,ANT_ICECORES,,215.45,214.38,216.52,1sigma,final,,,582454.53
co2.bereiter-2015.800k,ANT_ICECORES,,219.41,218.6,220.22,1sigma,final,,,581928.3
co2.bereiter-2015.800k,ANT_ICECORES,,225.21,223.64,226.78,1sigma,final,,,581546.53
co2.bereiter-2015.800k,ANT_ICECORES,,230.26,229.69,230.83,1sigma,final,,,581118.65
co2.bereiter-2015.800k,ANT_ICECORES,,236.17,235.87,236.47,1sigma,final,,,580814.0
co2.bereiter-2015.800k,ANT_ICECORES,,243.81,242.94,244.68,1sigma,final,,,580401.78
co2.bereiter-2015.800k,ANT_ICECORES,,244.14,242.47,245.81,1sigma,final,,,580210.5
co2.bereiter-2015.800k,ANT_ICECORES,,251.47,249.67,253.27,1sigma,final,,,579833.12
co2.bereiter-2015.800k,ANT_ICECORES,,252.92,251.85,253.99,1sigma,final,,,579280.55
co2.bereiter-2015.800k,ANT_ICECORES,,249.06,248.58,249.54,1sigma,final,,,578742.35
co2.bereiter-2015.800k,ANT_ICECORES,,251.08,250.48,251.68,1sigma,final,,,578196.35
co2.bereiter-2015.800k,ANT_ICECORES,,251.34,250.21,252.47,1sigma,final,,,577653.85
co2.bereiter-2015.800k,ANT_ICECORES,,251.3,250.24,252.36,1sigma,final,,,577115.1
co2.bereiter-2015.800k,ANT_ICECORES,,252.9,251.84,253.96,1sigma,final,,,576599.1
co2.bereiter-2015.800k,ANT_ICECORES,,252.54,252.02,253.06,1sigma,final,,,576112.85
co2.bereiter-2015.800k,ANT_ICECORES,,248.86,247.88,249.84,1sigma,final,,,575654.53
co2.bereiter-2015.800k,ANT_ICECORES,,252.08,250.78,253.38,1sigma,final,,,575233.96
co2.bereiter-2015.800k,ANT_ICECORES,,251.86,251.16,252.56,1sigma,final,,,574806.0
co2.bereiter-2015.800k,ANT_ICECORES,,251.77,249.99,253.55,1sigma,final,,,574364.65
co2.bereiter-2015.800k,ANT_ICECORES,,248.72,248.33,249.11,1sigma,final,,,573913.02
co2.bereiter-2015.800k,ANT_ICECORES,,249.19,248.11,250.27,1sigma,final,,,573475.75
co2.bereiter-2015.800k,ANT_ICECORES,,247.66,246.98,248.34,1sigma,final,,,573053.52
co2.bereiter-2015.800k,ANT_ICECORES,,246.31,245.16,247.46,1sigma,final,,,572669.87
co2.bereiter-2015.800k,ANT_ICECORES,,250.3,249.26,251.34,1sigma,final,,,572315.5
co2.bereiter-2015.800k,ANT_ICECORES,,251.6,249.9,253.3,1sigma,final,,,571974.69
co2.bereiter-2015.800k,ANT_ICECORES,,249.6,249.1,250.1,1sigma,final,,,571633.36
co2.bereiter-2015.800k,ANT_ICECORES,,251.8,250.5,253.1,1sigma,final,,,571261.44
co2.bereiter-2015.800k,ANT_ICECORES,,251.8,250.6,253.0,1sigma,final,,,570862.13
co2.bereiter-2015.800k,ANT_ICECORES,,251.3,250.0,252.6,1sigma,final,,,570463.46
co2.bereiter-2015.800k,ANT_ICECORES,,250.0,248.7,251.3,1sigma,final,,,570067.25
co2.bereiter-2015.800k,ANT_ICECORES,,251.3,250.0,252.6,1sigma,final,,,569683.93
co2.bereiter-2015.800k,ANT_ICECORES,,250.2,249.8,250.6,1sigma,final,,,569314.59
co2.bereiter-2015.800k,ANT_ICECORES,,253.0,252.4,253.6,1sigma,final,,,568930.15
co2.bereiter-2015.800k,ANT_ICECORES,,252.8,251.7,253.9,1sigma,final,,,568534.24
co2.bereiter-2015.800k,ANT_ICECORES,,253.9,252.7,255.1,1sigma,final,,,568204.14
co2.bereiter-2015.800k,ANT_ICECORES,,253.2,252.3,254.1,1sigma,final,,,567884.89
co2.bereiter-2015.800k,ANT_ICECORES,,254.5,252.9,256.1,1sigma,final,,,567548.65
co2.bereiter-2015.800k,ANT_ICECORES,,253.9,253.2,254.6,1sigma,final,,,567239.49
co2.bereiter-2015.800k,ANT_ICECORES,,254.3,252.7,255.9,1sigma,final,,,566918.35
co2.bereiter-2015.800k,ANT_ICECORES,,253.7,252.9,254.5,1sigma,final,,,566588.64
co2.bereiter-2015.800k,ANT_ICECORES,,251.4,250.7,252.1,1sigma,final,,,566245.3
co2.bereiter-2015.800k,ANT_ICECORES,,252.6,251.6,253.6,1sigma,final,,,565895.64
co2.bereiter-2015.800k,ANT_ICECORES,,252.4,250.7,254.1,1sigma,final,,,565538.96
co2.bereiter-2015.800k,ANT_ICECORES,,251.4,249.7,253.1,1sigma,final,,,565134.3
co2.bereiter-2015.800k,ANT_ICECORES,,247.6,246.1,249.1,1sigma,final,,,564724.36
co2.bereiter-2015.800k,ANT_ICECORES,,245.8,245.3,246.3,1sigma,final,,,564310.56
co2.bereiter-2015.800k,ANT_ICECORES,,245.7,243.9,247.5,1sigma,final,,,563927.9
co2.bereiter-2015.800k,ANT_ICECORES,,242.3,241.8,242.8,1sigma,final,,,563535.74
co2.bereiter-2015.800k,ANT_ICECORES,,240.1,238.0,242.2,1sigma,final,,,563134.85
co2.bereiter-2015.800k,ANT_ICECORES,,234.1,233.2,235.0,1sigma,final,,,562655.6
co2.bereiter-2015.800k,ANT_ICECORES,,234.6,233.1,236.1,1sigma,final,,,562310.49
co2.bereiter-2015.800k,ANT_ICECORES,,231.9,230.7,233.1,1sigma,final,,,561888.07
co2.bereiter-2015.800k,ANT_ICECORES,,231.6,230.4,232.8,1sigma,final,,,561450.74
co2.bereiter-2015.800k,ANT_ICECORES,,228.3,227.4,229.2,1sigma,final,,,560965.6
co2.bereiter-2015.800k,ANT_ICECORES,,230.3,228.8,231.8,1sigma,final,,,560436.62
co2.bereiter-2015.800k,ANT_ICECORES,,230.2,229.5,230.9,1sigma,final,,,559872.62
co2.bereiter-2015.800k,ANT_ICECORES,,229.7,229.3,230.1,1sigma,final,,,559636.76
co2.bereiter-2015.800k,ANT_ICECORES,,234.5,233.5,235.5,1sigma,final,,,559316.01
co2.bereiter-2015.800k,ANT_ICECORES,,238.1,236.9,239.3,1sigma,final,,,558777.69
co2.bereiter-2015.800k,ANT_ICECORES,,240.4,239.5,241.3,1sigma,final,,,558306.02
co2.bereiter-2015.800k,ANT_ICECORES,,245.6,244.3,246.9,1sigma,final,,,558154.56
co2.bereiter-2015.800k,ANT_ICECORES,,250.5,249.7,251.3,1sigma,final,,,557838.21
co2.bereiter-2015.800k,ANT_ICECORES,,244.0,242.5,245.5,1sigma,final,,,557657.14
co2.bereiter-2015.800k,ANT_ICECORES,,249.1,247.0,251.2,1sigma,final,,,557385.05
co2.bereiter-2015.800k,ANT_ICECORES,,243.0,242.2,243.8,1sigma,final,,,557198.65
co2.bereiter-2015.800k,ANT_ICECORES,,241.0,239.6,242.4,1sigma,final,,,556923.29
co2.bereiter-2015.800k,ANT_ICECORES,,233.9,232.4,235.4,1sigma,final,,,556407.02
co2.bereiter-2015.800k,ANT_ICECORES,,226.7,225.5,227.9,1sigma,final,,,555842.35
co2.bereiter-2015.800k,ANT_ICECORES,,224.3,222.1,226.5,1sigma,final,,,555158.35
co2.bereiter-2015.800k,ANT_ICECORES,,223.6,222.5,224.7,1sigma,final,,,554479.62
co2.bereiter-2015.800k,ANT_ICECORES,,220.3,220.0,220.6,1sigma,final,,,553808.65
co2.bereiter-2015.800k,ANT_ICECORES,,222.1,221.0,223.2,1sigma,final,,,553619.39
co2.bereiter-2015.800k,ANT_ICECORES,,226.3,225.4,227.2,1sigma,final,,,553245.99
co2.bereiter-2015.800k,ANT_ICECORES,,222.3,221.4,223.2,1sigma,final,,,553020.92
co2.bereiter-2015.800k,ANT_ICECORES,,221.7,220.3,223.1,1sigma,final,,,552681.56
co2.bereiter-2015.800k,ANT_ICECORES,,219.9,219.4,220.4,1sigma,final,,,552111.09
co2.bereiter-2015.800k,ANT_ICECORES,,215.2,214.7,215.7,1sigma,final,,,551381.09
co2.bereiter-2015.800k,ANT_ICECORES,,213.6,212.7,214.5,1sigma,final,,,550582.55
co2.bereiter-2015.800k,ANT_ICECORES,,208.8,208.1,209.5,1sigma,final,,,550230.73
co2.bereiter-2015.800k,ANT_ICECORES,,202.5,200.9,204.1,1sigma,final,,,549720.11
co2.bereiter-2015.800k,ANT_ICECORES,,204.6,202.7,206.5,1sigma,final,,,548770.78
co2.bereiter-2015.800k,ANT_ICECORES,,209.7,208.9,210.5,1sigma,final,,,547806.68
co2.bereiter-2015.800k,ANT_ICECORES,,209.6,208.0,211.2,1sigma,final,,,546830.15
co2.bereiter-2015.800k,ANT_ICECORES,,210.3,208.7,211.9,1sigma,final,,,545864.91
co2.bereiter-2015.800k,ANT_ICECORES,,208.1,207.3,208.9,1sigma,final,,,544885.99
co2.bereiter-2015.800k,ANT_ICECORES,,203.6,202.4,204.8,1sigma,final,,,543844.87
co2.bereiter-2015.800k,ANT_ICECORES,,205.0,204.2,205.8,1sigma,final,,,542740.21
co2.bereiter-2015.800k,ANT_ICECORES,,211.2,210.5,211.9,1sigma,final,,,541653.82
co2.bereiter-2015.800k,ANT_ICECORES,,212.9,211.6,214.2,1sigma,final,,,540583.82
co2.bereiter-2015.800k,ANT_ICECORES,,206.4,205.7,207.1,1sigma,final,,,539513.82
co2.bereiter-2015.800k,ANT_ICECORES,,205.0,204.1,205.9,1sigma,final,,,538440.76
co2.bereiter-2015.800k,ANT_ICECORES,,199.4,198.6,200.2,1sigma,final,,,537334.47
co2.bereiter-2015.800k,ANT_ICECORES,,199.8,198.6,201.0,1sigma,final,,,536178.47
co2.bereiter-2015.800k,ANT_ICECORES,,190.5,188.8,192.2,1sigma,final,,,535695.05
co2.bereiter-2015.800k,ANT_ICECORES,,193.8,193.0,194.6,1sigma,final,,,535043.56
co2.bereiter-2015.800k,ANT_ICECORES,,195.1,194.4,195.8,1sigma,final,,,534668.18
co2.bereiter-2015.800k,ANT_ICECORES,,200.0,199.2,200.8,1sigma,final,,,533932.24
co2.bereiter-2015.800k,ANT_ICECORES,,204.4,203.8,205.0,1sigma,final,,,533554.37
co2.bereiter-2015.800k,ANT_ICECORES,,211.4,209.2,213.6,1sigma,final,,,532987.57
co2.bereiter-2015.800k,ANT_ICECORES,,214.5,214.0,215.0,1sigma,final,,,532592.53
co2.bereiter-2015.800k,ANT_ICECORES,,220.7,219.8,221.6,1sigma,final,,,532078.76
co2.bereiter-2015.800k,ANT_ICECORES,,220.3,219.8,220.8,1sigma,final,,,531201.38
co2.bereiter-2015.800k,ANT_ICECORES,,221.2,220.0,222.4,1sigma,final,,,530290.51
co2.bereiter-2015.800k,ANT_ICECORES,,222.7,221.7,223.7,1sigma,final,,,529403.43
co2.bereiter-2015.800k,ANT_ICECORES,,224.7,222.8,226.6,1sigma,final,,,528516.69
co2.bereiter-2015.800k,ANT_ICECORES,,227.8,227.2,228.4,1sigma,final,,,527698.69
co2.bereiter-2015.800k,ANT_ICECORES,,230.3,229.5,231.1,1sigma,final,,,526895.81
co2.bereiter-2015.800k,ANT_ICECORES,,233.7,233.0,234.4,1sigma,final,,,526107.0
co2.bereiter-2015.800k,ANT_ICECORES,,235.8,234.6,237.0,1sigma,final,,,525337.0
co2.bereiter-2015.800k,ANT_ICECORES,,236.8,236.0,237.6,1sigma,final,,,524570.87
co2.bereiter-2015.800k,ANT_ICECORES,,241.9,240.5,243.3,1sigma,final,,,523801.82
co2.bereiter-2015.800k,ANT_ICECORES,,243.5,242.8,244.2,1sigma,final,,,521574.47
co2.bereiter-2015.800k,ANT_ICECORES,,245.5,244.7,246.3,1sigma,final,,,520821.81
co2.bereiter-2015.800k,ANT_ICECORES,,247.7,246.3,249.1,1sigma,final,,,520073.36
co2.bereiter-2015.800k,ANT_ICECORES,,245.3,244.0,246.6,1sigma,final,,,519329.13
co2.bereiter-2015.800k,ANT_ICECORES,,245.5,244.4,246.6,1sigma,final,,,518600.46
co2.bereiter-2015.800k,ANT_ICECORES,,246.2,243.6,248.8,1sigma,final,,,517876.01
co2.bereiter-2015.800k,ANT_ICECORES,,247.2,245.0,249.4,1sigma,final,,,517154.98
co2.bereiter-2015.800k,ANT_ICECORES,,243.0,242.5,243.5,1sigma,final,,,516420.98
co2.bereiter-2015.800k,ANT_ICECORES,,241.5,240.2,242.8,1sigma,final,,,515650.78
co2.bereiter-2015.800k,ANT_ICECORES,,239.2,238.0,240.4,1sigma,final,,,514847.78
co2.bereiter-2015.800k,ANT_ICECORES,,238.2,237.2,239.2,1sigma,final,,,514033.12
co2.bereiter-2015.800k,ANT_ICECORES,,242.0,241.2,242.8,1sigma,final,,,513204.74
co2.bereiter-2015.800k,ANT_ICECORES,,235.2,234.7,235.7,1sigma,final,,,512363.78
co2.bereiter-2015.800k,ANT_ICECORES,,236.4,235.0,237.8,1sigma,final,,,511512.45
co2.bereiter-2015.800k,ANT_ICECORES,,233.4,232.4,234.4,1sigma,final,,,510652.33
co2.bereiter-2015.800k,ANT_ICECORES,,240.3,239.6,241.0,1sigma,final,,,509784.98
co2.bereiter-2015.800k,ANT_ICECORES,,237.0,236.2,237.8,1sigma,final,,,508940.98
co2.bereiter-2015.800k,ANT_ICECORES,,238.2,237.3,239.1,1sigma,final,,,508117.72
co2.bereiter-2015.800k,ANT_ICECORES,,236.0,233.9,238.1,1sigma,final,,,507312.4
co2.bereiter-2015.800k,ANT_ICECORES,,235.5,233.7,237.3,1sigma,final,,,506483.73
co2.bereiter-2015.800k,ANT_ICECORES,,233.9,232.8,235.0,1sigma,final,,,505684.24
co2.bereiter-2015.800k,ANT_ICECORES,,234.1,233.3,234.9,1sigma,final,,,504911.78
co2.bereiter-2015.800k,ANT_ICECORES,,232.2,230.8,233.6,1sigma,final,,,504177.19
co2.bereiter-2015.800k,ANT_ICECORES,,232.0,230.4,233.6,1sigma,final,,,503418.93
co2.bereiter-2015.800k,ANT_ICECORES,,231.2,230.4,232.0,1sigma,final,,,502637.64
co2.bereiter-2015.800k,ANT_ICECORES,,230.8,229.4,232.2,1sigma,final,,,501861.42
co2.bereiter-2015.800k,ANT_ICECORES,,228.2,226.5,229.9,1sigma,final,,,501083.96
co2.bereiter-2015.800k,ANT_ICECORES,,230.8,229.8,231.8,1sigma,final,,,500304.78
co2.bereiter-2015.800k,ANT_ICECORES,,230.6,230.1,231.1,1sigma,final,,,499526.78
co2.bereiter-2015.800k,ANT_ICECORES,,232.8,232.0,233.6,1sigma,final,,,498737.42
co2.bereiter-2015.800k,ANT_ICECORES,,236.5,234.8,238.2,1sigma,final,,,497965.98
co2.bereiter-2015.800k,ANT_ICECORES,,236.4,234.3,238.5,1sigma,final,,,497187.63
co2.bereiter-2015.800k,ANT_ICECORES,,237.6,236.0,239.2,1sigma,final,,,496444.07
co2.bereiter-2015.800k,ANT_ICECORES,,238.5,237.1,239.9,1sigma,final,,,495725.69
co2.bereiter-2015.800k,ANT_ICECORES,,238.3,236.3,240.3,1sigma,final,,,495024.13
co2.bereiter-2015.800k,ANT_ICECORES,,239.1,237.9,240.3,1sigma,final,,,494300.39
co2.bereiter-2015.800k,ANT_ICECORES,,239.7,237.8,241.6,1sigma,final,,,493593.11
co2.bereiter-2015.800k,ANT_ICECORES,,243.7,242.3,245.1,1sigma,final,,,492863.78
co2.bereiter-2015.800k,ANT_ICECORES,,246.7,245.1,248.3,1sigma,final,,,492154.55
co2.bereiter-2015.800k,ANT_ICECORES,,243.3,242.0,244.6,1sigma,final,,,491451.08
co2.bereiter-2015.800k,ANT_ICECORES,,242.6,242.0,243.2,1sigma,final,,,490733.95
co2.bereiter-2015.800k,ANT_ICECORES,,249.3,246.6,252.0,1sigma,final,,,490494.91
co2.bereiter-2015.800k,ANT_ICECORES,,252.8,250.3,255.3,1sigma,final,,,490026.29
co2.bereiter-2015.800k,ANT_ICECORES,,240.9,240.5,241.3,1sigma,final,,,489719.79
co2.bereiter-2015.800k,ANT_ICECORES,,242.0,241.8,242.2,1sigma,final,,,489302.09
co2.bereiter-2015.800k,ANT_ICECORES,,237.1,235.3,238.9,1sigma,final,,,488565.45
co2.bereiter-2015.800k,ANT_ICECORES,,231.3,230.1,232.5,1sigma,final,,,487848.07
co2.bereiter-2015.800k,ANT_ICECORES,,232.9,231.7,234.1,1sigma,final,,,487129.25
co2.bereiter-2015.800k,ANT_ICECORES,,233.0,231.6,234.4,1sigma,final,,,486398.67
co2.bereiter-2015.800k,ANT_ICECORES,,231.2,230.0,232.4,1sigma,final,,,485667.52
co2.bereiter-2015.800k,ANT_ICECORES,,231.4,230.1,232.7,1sigma,final,,,484936.18
co2.bereiter-2015.800k,ANT_ICECORES,,231.4,230.3,232.5,1sigma,final,,,484179.79
co2.bereiter-2015.800k,ANT_ICECORES,,227.3,226.0,228.6,1sigma,final,,,483395.38
co2.bereiter-2015.800k,ANT_ICECORES,,223.4,221.7,225.1,1sigma,final,,,482580.96
co2.bereiter-2015.800k,ANT_ICECORES,,223.8,222.4,225.2,1sigma,final,,,481662.96
co2.bereiter-2015.800k,ANT_ICECORES,,218.8,216.5,221.1,1sigma,final,,,480726.68
co2.bereiter-2015.800k,ANT_ICECORES,,220.8,220.1,221.5,1sigma,final,,,480328.3
co2.bereiter-2015.800k,ANT_ICECORES,,231.3,230.3,232.3,1sigma,final,,,479775.69
co2.bereiter-2015.800k,ANT_ICECORES,,236.5,235.3,237.7,1sigma,final,,,479402.95
co2.bereiter-2015.800k,ANT_ICECORES,,239.1,238.2,240.0,1sigma,final,,,478892.46
co2.bereiter-2015.800k,ANT_ICECORES,,236.6,235.6,237.6,1sigma,final,,,477941.0
co2.bereiter-2015.800k,ANT_ICECORES,,232.8,231.7,233.9,1sigma,final,,,476949.8
co2.bereiter-2015.800k,ANT_ICECORES,,233.1,232.5,233.7,1sigma,final,,,475925.2
co2.bereiter-2015.800k,ANT_ICECORES,,241.2,239.5,242.9,1sigma,final,,,474974.11
co2.bereiter-2015.800k,ANT_ICECORES,,245.6,244.7,246.5,1sigma,final,,,474092.36
co2.bereiter-2015.800k,ANT_ICECORES,,243.9,242.8,245.0,1sigma,final,,,473800.85
co2.bereiter-2015.800k,ANT_ICECORES,,243.7,241.9,245.5,1sigma,final,,,473217.82
co2.bereiter-2015.800k,ANT_ICECORES,,232.7,232.0,233.4,1sigma,final,,,472863.27
co2.bereiter-2015.800k,ANT_ICECORES,,229.2,227.8,230.6,1sigma,final,,,472263.07
co2.bereiter-2015.800k,ANT_ICECORES,,218.7,217.8,219.6,1sigma,final,,,471824.53
co2.bereiter-2015.800k,ANT_ICECORES,,215.5,213.2,217.8,1sigma,final,,,471200.79
co2.bereiter-2015.800k,ANT_ICECORES,,206.5,205.6,207.4,1sigma,final,,,470725.98
co2.bereiter-2015.800k,ANT_ICECORES,,205.5,204.6,206.4,1sigma,final,,,470040.13
co2.bereiter-2015.800k,ANT_ICECORES,,203.4,202.2,204.6,1sigma,final,,,468877.71
co2.bereiter-2015.800k,ANT_ICECORES,,204.4,202.5,206.3,1sigma,final,,,467706.64
co2.bereiter-2015.800k,ANT_ICECORES,,208.1,205.9,210.3,1sigma,final,,,466632.3
co2.bereiter-2015.800k,ANT_ICECORES,,210.0,209.3,210.7,1sigma,final,,,465601.73
co2.bereiter-2015.800k,ANT_ICECORES,,205.2,204.3,206.1,1sigma,final,,,465265.36
co2.bereiter-2015.800k,ANT_ICECORES,,199.9,197.3,202.5,1sigma,final,,,464599.47
co2.bereiter-2015.800k,ANT_ICECORES,,194.4,193.7,195.1,1sigma,final,,,463526.65
co2.bereiter-2015.800k,ANT_ICECORES,,190.7,188.8,192.6,1sigma,final,,,462414.1
co2.bereiter-2015.800k,ANT_ICECORES,,195.5,194.7,196.3,1sigma,final,,,461286.06
co2.bereiter-2015.800k,ANT_ICECORES,,202.4,201.1,203.7,1sigma,final,,,460252.21
co2.bereiter-2015.800k,ANT_ICECORES,,208.3,206.9,209.7,1sigma,final,,,459211.55
co2.bereiter-2015.800k,ANT_ICECORES,,203.3,202.3,204.3,1sigma,final,,,458794.01
co2.bereiter-2015.800k,ANT_ICECORES,,204.3,203.3,205.3,1sigma,final,,,458208.29
co2.bereiter-2015.800k,ANT_ICECORES,,199.1,198.5,199.7,1sigma,final,,,457745.13
co2.bereiter-2015.800k,ANT_ICECORES,,192.5,191.5,193.5,1sigma,final,,,457114.44
co2.bereiter-2015.800k,ANT_ICECORES,,193.3,191.7,194.9,1sigma,final,,,456001.61
co2.bereiter-2015.800k,ANT_ICECORES,,198.4,197.1,199.7,1sigma,final,,,454864.31
co2.bereiter-2015.800k,ANT_ICECORES,,201.9,200.1,203.7,1sigma,final,,,453775.64
co2.bereiter-2015.800k,ANT_ICECORES,,204.9,203.5,206.3,1sigma,final,,,452735.84
co2.bereiter-2015.800k,ANT_ICECORES,,201.2,199.1,203.3,1sigma,final,,,451747.28
co2.bereiter-2015.800k,ANT_ICECORES,,201.7,200.0,203.4,1sigma,final,,,450642.89
co2.bereiter-2015.800k,ANT_ICECORES,,208.1,206.3,209.9,1sigma,final,,,449571.04
co2.bereiter-2015.800k,ANT_ICECORES,,203.5,202.9,204.1,1sigma,final,,,448459.18
co2.bereiter-2015.800k,ANT_ICECORES,,201.1,200.2,202.0,1sigma,final,,,447219.18
co2.bereiter-2015.800k,ANT_ICECORES,,199.1,198.0,200.2,1sigma,final,,,445331.73
co2.bereiter-2015.800k,ANT_ICECORES,,202.0,200.5,203.5,1sigma,final,,,443844.65
co2.bereiter-2015.800k,ANT_ICECORES,,201.3,200.2,202.4,1sigma,final,,,442230.78
co2.bereiter-2015.800k,ANT_ICECORES,,201.7,200.1,203.3,1sigma,final,,,440659.58
co2.bereiter-2015.800k,ANT_ICECORES,,200.3,198.7,201.9,1sigma,final,,,439063.42
co2.bereiter-2015.800k,ANT_ICECORES,,207.5,206.2,208.8,1sigma,final,,,437485.42
co2.bereiter-2015.800k,ANT_ICECORES,,209.8,208.2,211.4,1sigma,final,,,435939.69
co2.bereiter-2015.800k,ANT_ICECORES,,207.6,206.3,208.9,1sigma,final,,,434379.07
co2.bereiter-2015.800k,ANT_ICECORES,,211.5,209.8,213.2,1sigma,final,,,433850.3
co2.bereiter-2015.800k,ANT_ICECORES,,227.2,225.0,229.4,1sigma,final,,,432179.31
co2.bereiter-2015.800k,ANT_ICECORES,,219.7,218.0,221.4,1sigma,final,,,431023.76
co2.bereiter-2015.800k,ANT_ICECORES,,242.5,241.0,244.0,1sigma,final,,,429178.36
co2.bereiter-2015.800k,ANT_ICECORES,,248.2,247.3,249.1,1sigma,final,,,428840.2
co2.bereiter-2015.800k,ANT_ICECORES,,252.1,251.4,252.8,1sigma,final,,,427941.4
co2.bereiter-2015.800k,ANT_ICECORES,,255.3,254.0,256.6,1sigma,final,,,427154.96
co2.bereiter-2015.800k,ANT_ICECORES,,265.4,263.4,267.4,1sigma,final,,,426621.56
co2.bereiter-2015.800k,ANT_ICECORES,,270.0,267.5,272.5,1sigma,final,,,426237.27
co2.bereiter-2015.800k,ANT_ICECORES,,270.8,269.7,271.9,1sigma,final,,,425740.91
co2.bereiter-2015.800k,ANT_ICECORES,,268.3,266.4,270.2,1sigma,final,,,425132.26
co2.bereiter-2015.800k,ANT_ICECORES,,267.7,264.8,270.6,1sigma,final,,,424507.75
co2.bereiter-2015.800k,ANT_ICECORES,,270.6,269.5,271.7,1sigma,final,,,423225.5
co2.bereiter-2015.800k,ANT_ICECORES,,266.4,264.6,268.2,1sigma,final,,,422532.65
co2.bereiter-2015.800k,ANT_ICECORES,,268.6,267.2,270.0,1sigma,final,,,421912.15
co2.bereiter-2015.800k,ANT_ICECORES,,273.8,272.2,275.4,1sigma,final,,,420701.76
co2.bereiter-2015.800k,ANT_ICECORES,,271.2,269.7,272.7,1sigma,final,,,420133.76
co2.bereiter-2015.800k,ANT_ICECORES,,273.7,272.9,274.5,1sigma,final,,,419575.78
co2.bereiter-2015.800k,ANT_ICECORES,,274.6,272.8,276.4,1sigma,final,,,418505.3
co2.bereiter-2015.800k,ANT_ICECORES,,271.8,270.1,273.5,1sigma,final,,,417956.78
co2.bereiter-2015.800k,ANT_ICECORES,,273.4,271.9,274.9,1sigma,final,,,417440.44
co2.bereiter-2015.800k,ANT_ICECORES,,271.7,270.5,272.9,1sigma,final,,,416425.32
co2.bereiter-2015.800k,ANT_ICECORES,,276.4,274.8,278.0,1sigma,final,,,415945.61
co2.bereiter-2015.800k,ANT_ICECORES,,271.6,268.6,274.6,1sigma,final,,,415179.59
co2.bereiter-2015.800k,ANT_ICECORES,,264.9,261.9,267.9,1sigma,final,,,414210.86
co2.bereiter-2015.800k,ANT_ICECORES,,274.9,271.9,277.9,1sigma,final,,,413258.65
co2.bereiter-2015.800k,ANT_ICECORES,,283.5,280.5,286.5,1sigma,final,,,411347.97
co2.bereiter-2015.800k,ANT_ICECORES,,282.6,279.6,285.6,1sigma,final,,,410453.8
co2.bereiter-2015.800k,ANT_ICECORES,,274.7,271.7,277.7,1sigma,final,,,409598.24
co2.bereiter-2015.800k,ANT_ICECORES,,284.5,281.5,287.5,1sigma,final,,,408818.72
co2.bereiter-2015.800k,ANT_ICECORES,,285.6,282.6,288.6,1sigma,final,,,407282.5
co2.bereiter-2015.800k,ANT_ICECORES,,279.6,276.6,282.6,1sigma,final,,,406542.8
co2.bereiter-2015.800k,ANT_ICECORES,,280.5,277.5,283.5,1sigma,final,,,405062.63
co2.bereiter-2015.800k,ANT_ICECORES,,276.5,273.5,279.5,1sigma,final,,,404313.3
co2.bereiter-2015.800k,ANT_ICECORES,,275.7,272.7,278.7,1sigma,final,,,402859.84
co2.bereiter-2015.800k,ANT_ICECORES,,283.1,280.1,286.1,1sigma,final,,,402140.92
co2.bereiter-2015.800k,ANT_ICECORES,,283.2,280.2,286.2,1sigma,final,,,400710.08
co2.bereiter-2015.800k,ANT_ICECORES,,277.1,274.1,280.1,1sigma,final,,,399926.16
co2.bereiter-2015.800k,ANT_ICECORES,,276.3,273.3,279.3,1sigma,final,,,398275.13
co2.bereiter-2015.800k,ANT_ICECORES,,260.7,257.7,263.7,1sigma,final,,,394906.1
co2.bereiter-2015.800k,ANT_ICECORES,,273.6,270.6,276.6,1sigma,final,,,394003.69
co2.bereiter-2015.800k,ANT_ICECORES,,259.5,256.5,262.5,1sigma,final,,,392977.15
co2.bereiter-2015.800k,ANT_ICECORES,,258.1,255.1,261.1,1sigma,final,,,392287.25
co2.bereiter-2015.800k,ANT_ICECORES,,245.8,242.8,248.8,1sigma,final,,,389410.21
co2.bereiter-2015.800k,ANT_ICECORES,,246.8,243.8,249.8,1sigma,final,,,387824.82
co2.bereiter-2015.800k,ANT_ICECORES,,239.1,236.1,242.1,1sigma,final,,,386283.71
co2.bereiter-2015.800k,ANT_ICECORES,,240.0,237.0,243.0,1sigma,final,,,384557.45
co2.bereiter-2015.800k,ANT_ICECORES,,227.0,224.0,230.0,1sigma,final,,,382931.49
co2.bereiter-2015.800k,ANT_ICECORES,,229.6,226.6,232.6,1sigma,final,,,378760.24
co2.bereiter-2015.800k,ANT_ICECORES,,224.6,221.6,227.6,1sigma,final,,,377034.88
co2.bereiter-2015.800k,ANT_ICECORES,,214.7,211.7,217.7,1sigma,final,,,375204.6
co2.bereiter-2015.800k,ANT_ICECORES,,199.9,196.9,202.9,1sigma,final,,,373457.62
co2.bereiter-2015.800k,ANT_ICECORES,,201.9,198.9,204.9,1sigma,final,,,371385.87
co2.bereiter-2015.800k,ANT_ICECORES,,206.3,203.3,209.3,1sigma,final,,,368065.9
co2.bereiter-2015.800k,ANT_ICECORES,,201.2,198.2,204.2,1sigma,final,,,365190.23
co2.bereiter-2015.800k,ANT_ICECORES,,185.8,182.8,188.8,1sigma,final,,,362567.6
co2.bereiter-2015.800k,ANT_ICECORES,,186.1,183.1,189.1,1sigma,final,,,360683.84
co2.bereiter-2015.800k,ANT_ICECORES,,193.0,190.0,196.0,1sigma,final,,,359010.38
co2.bereiter-2015.800k,ANT_ICECORES,,209.2,206.2,212.2,1sigma,final,,,355817.77
co2.bereiter-2015.800k,ANT_ICECORES,,209.4,206.4,212.4,1sigma,final,,,354412.98
co2.bereiter-2015.800k,ANT_ICECORES,,216.2,213.2,219.2,1sigma,final,,,353174.6
co2.bereiter-2015.800k,ANT_ICECORES,,221.1,218.1,224.1,1sigma,final,,,351676.35
co2.bereiter-2015.800k,ANT_ICECORES,,220.3,217.3,223.3,1sigma,final,,,349139.09
co2.bereiter-2015.800k,ANT_ICECORES,,211.9,208.9,214.9,1sigma,final,,,347544.81
co2.bereiter-2015.800k,ANT_ICECORES,,204.8,201.8,207.8,1sigma,final,,,346320.91
co2.bereiter-2015.800k,ANT_ICECORES,,205.2,202.2,208.2,1sigma,final,,,345000.85
co2.bereiter-2015.800k,ANT_ICECORES,,200.7,197.7,203.7,1sigma,final,,,343923.59
co2.bereiter-2015.800k,ANT_ICECORES,,250.1,247.1,253.1,1sigma,final,,,342791.56
co2.bereiter-2015.800k,ANT_ICECORES,,234.2,231.2,237.2,1sigma,final,,,340735.08
co2.bereiter-2015.800k,ANT_ICECORES,,239.6,236.6,242.6,1sigma,final,,,339983.89
co2.bereiter-2015.800k,ANT_ICECORES,,241.9,238.9,244.9,1sigma,final,,,338991.44
co2.bereiter-2015.800k,ANT_ICECORES,,255.7,252.7,258.7,1sigma,final,,,338213.5
co2.bereiter-2015.800k,ANT_ICECORES,,270.5,267.5,273.5,1sigma,final,,,337516.67
co2.bereiter-2015.800k,ANT_ICECORES,,278.6,275.6,281.6,1sigma,final,,,336867.82
co2.bereiter-2015.800k,ANT_ICECORES,,285.8,282.8,288.8,1sigma,final,,,336377.54
co2.bereiter-2015.800k,ANT_ICECORES,,278.1,275.1,281.1,1sigma,final,,,335707.51
co2.bereiter-2015.800k,ANT_ICECORES,,298.6,295.6,301.6,1sigma,final,,,335102.31
co2.bereiter-2015.800k,ANT_ICECORES,,288.4,285.4,291.4,1sigma,final,,,334543.89
co2.bereiter-2015.800k,ANT_ICECORES,,289.1,286.1,292.1,1sigma,final,,,334349.5
co2.bereiter-2015.800k,ANT_ICECORES,,282.4,279.4,285.4,1sigma,final,,,333997.56
co2.bereiter-2015.800k,ANT_ICECORES,,273.1,270.1,276.1,1sigma,final,,,333500.09
co2.bereiter-2015.800k,ANT_ICECORES,,272.6,269.6,275.6,1sigma,final,,,332798.62
co2.bereiter-2015.800k,ANT_ICECORES,,271.7,268.7,274.7,1sigma,final,,,332144.12
co2.bereiter-2015.800k,ANT_ICECORES,,265.0,262.0,268.0,1sigma,final,,,331293.55
co2.bereiter-2015.800k,ANT_ICECORES,,275.1,272.1,278.1,1sigma,final,,,330053.33
co2.bereiter-2015.800k,ANT_ICECORES,,271.9,268.9,274.9,1sigma,final,,,329414.29
co2.bereiter-2015.800k,ANT_ICECORES,,270.1,267.1,273.1,1sigma,final,,,328770.75
co2.bereiter-2015.800k,ANT_ICECORES,,266.1,263.1,269.1,1sigma,final,,,328086.81
co2.bereiter-2015.800k,ANT_ICECORES,,264.0,261.0,267.0,1sigma,final,,,327435.84
co2.bereiter-2015.800k,ANT_ICECORES,,266.2,263.2,269.2,1sigma,final,,,326591.09
co2.bereiter-2015.800k,ANT_ICECORES,,260.5,257.5,263.5,1sigma,final,,,325823.0
co2.bereiter-2015.800k,ANT_ICECORES,,260.3,257.3,263.3,1sigma,final,,,325007.41
co2.bereiter-2015.800k,ANT_ICECORES,,260.4,257.4,263.4,1sigma,final,,,324166.92
co2.bereiter-2015.800k,ANT_ICECORES,,257.2,254.2,260.2,1sigma,final,,,323383.35
co2.bereiter-2015.800k,ANT_ICECORES,,249.2,246.2,252.2,1sigma,final,,,321817.45
co2.bereiter-2015.800k,ANT_ICECORES,,255.8,252.8,258.8,1sigma,final,,,320916.34
co2.bereiter-2015.800k,ANT_ICECORES,,233.4,230.4,236.4,1sigma,final,,,319829.66
co2.bereiter-2015.800k,ANT_ICECORES,,245.2,242.2,248.2,1sigma,final,,,318852.6
co2.bereiter-2015.800k,ANT_ICECORES,,251.6,248.6,254.6,1sigma,final,,,317932.55
co2.bereiter-2015.800k,ANT_ICECORES,,272.6,269.6,275.6,1sigma,final,,,317149.87
co2.bereiter-2015.800k,ANT_ICECORES,,246.8,243.8,249.8,1sigma,final,,,316450.72
co2.bereiter-2015.800k,ANT_ICECORES,,257.1,254.1,260.1,1sigma,final,,,315657.52
co2.bereiter-2015.800k,ANT_ICECORES,,256.7,253.7,259.7,1sigma,final,,,314836.21
co2.bereiter-2015.800k,ANT_ICECORES,,251.6,248.6,254.6,1sigma,final,,,314051.85
co2.bereiter-2015.800k,ANT_ICECORES,,241.9,238.9,244.9,1sigma,final,,,313343.13
co2.bereiter-2015.800k,ANT_ICECORES,,239.0,236.0,242.0,1sigma,final,,,312593.43
co2.bereiter-2015.800k,ANT_ICECORES,,237.8,234.8,240.8,1sigma,final,,,311670.03
co2.bereiter-2015.800k,ANT_ICECORES,,233.2,230.2,236.2,1sigma,final,,,310776.1
co2.bereiter-2015.800k,ANT_ICECORES,,226.2,223.2,229.2,1sigma,final,,,310010.98
co2.bereiter-2015.800k,ANT_ICECORES,,227.8,224.8,230.8,1sigma,final,,,309423.73
co2.bereiter-2015.800k,ANT_ICECORES,,225.8,222.8,228.8,1sigma,final,,,308325.7
co2.bereiter-2015.800k,ANT_ICECORES,,244.8,241.8,247.8,1sigma,final,,,307463.27
co2.bereiter-2015.800k,ANT_ICECORES,,248.6,245.6,251.6,1sigma,final,,,306581.12
co2.bereiter-2015.800k,ANT_ICECORES,,250.2,247.2,253.2,1sigma,final,,,305778.15
co2.bereiter-2015.800k,ANT_ICECORES,,240.7,237.7,243.7,1sigma,final,,,305099.81
co2.bereiter-2015.800k,ANT_ICECORES,,240.2,237.2,243.2,1sigma,final,,,304100.92
co2.bereiter-2015.800k,ANT_ICECORES,,236.0,233.0,239.0,1sigma,final,,,303116.0
co2.bereiter-2015.800k,ANT_ICECORES,,239.0,236.0,242.0,1sigma,final,,,302084.19
co2.bereiter-2015.800k,ANT_ICECORES,,236.1,233.1,239.1,1sigma,final,,,301025.62
co2.bereiter-2015.800k,ANT_ICECORES,,231.0,228.0,234.0,1sigma,final,,,300115.87
co2.bereiter-2015.800k,ANT_ICECORES,,224.4,221.4,227.4,1sigma,final,,,299376.28
co2.bereiter-2015.800k,ANT_ICECORES,,217.1,214.1,220.1,1sigma,final,,,298704.62
co2.bereiter-2015.800k,ANT_ICECORES,,213.1,210.1,216.1,1sigma,final,,,296828.87
co2.bereiter-2015.800k,ANT_ICECORES,,212.7,209.7,215.7,1sigma,final,,,295364.23
co2.bereiter-2015.800k,ANT_ICECORES,,206.7,203.7,209.7,1sigma,final,,,294455.29
co2.bereiter-2015.800k,ANT_ICECORES,,206.0,203.0,209.0,1sigma,final,,,293650.74
co2.bereiter-2015.800k,ANT_ICECORES,,207.6,204.6,210.6,1sigma,final,,,292818.31
co2.bereiter-2015.800k,ANT_ICECORES,,217.1,214.1,220.1,1sigma,final,,,291562.87
co2.bereiter-2015.800k,ANT_ICECORES,,220.4,217.4,223.4,1sigma,final,,,290863.79
co2.bereiter-2015.800k,ANT_ICECORES,,234.9,231.9,237.9,1sigma,final,,,290184.5
co2.bereiter-2015.800k,ANT_ICECORES,,231.0,228.0,234.0,1sigma,final,,,288286.43
co2.bereiter-2015.800k,ANT_ICECORES,,230.4,227.4,233.4,1sigma,final,,,287820.05
co2.bereiter-2015.800k,ANT_ICECORES,,231.4,228.4,234.4,1sigma,final,,,287443.86
co2.bereiter-2015.800k,ANT_ICECORES,,226.4,223.4,229.4,1sigma,final,,,286609.96
co2.bereiter-2015.800k,ANT_ICECORES,,228.0,225.0,231.0,1sigma,final,,,285931.32
co2.bereiter-2015.800k,ANT_ICECORES,,231.3,228.3,234.3,1sigma,final,,,284434.68
co2.bereiter-2015.800k,ANT_ICECORES,,223.7,220.7,226.7,1sigma,final,,,282592.89
co2.bereiter-2015.800k,ANT_ICECORES,,215.3,212.3,218.3,1sigma,final,,,281400.74
co2.bereiter-2015.800k,ANT_ICECORES,,211.0,208.0,214.0,1sigma,final,,,280558.95
co2.bereiter-2015.800k,ANT_ICECORES,,204.5,201.5,207.5,1sigma,final,,,279619.05
co2.bereiter-2015.800k,ANT_ICECORES,,202.2,199.2,205.2,1sigma,final,,,278590.91
co2.bereiter-2015.800k,ANT_ICECORES,,193.2,190.2,196.2,1sigma,final,,,277443.0
co2.bereiter-2015.800k,ANT_ICECORES,,198.4,195.4,201.4,1sigma,final,,,276257.72
co2.bereiter-2015.800k,ANT_ICECORES,,194.1,191.1,197.1,1sigma,final,,,275154.64
co2.bereiter-2015.800k,ANT_ICECORES,,193.9,190.9,196.9,1sigma,final,,,274164.08
co2.bereiter-2015.800k,ANT_ICECORES,,190.4,187.4,193.4,1sigma,final,,,273165.83
co2.bereiter-2015.800k,ANT_ICECORES,,184.7,181.7,187.7,1sigma,final,,,272149.64
co2.bereiter-2015.800k,ANT_ICECORES,,198.8,195.8,201.8,1sigma,final,,,271036.04
co2.bereiter-2015.800k,ANT_ICECORES,,194.2,191.2,197.2,1sigma,final,,,269940.47
co2.bereiter-2015.800k,ANT_ICECORES,,187.2,184.2,190.2,1sigma,final,,,268995.5
co2.bereiter-2015.800k,ANT_ICECORES,,188.7,185.7,191.7,1sigma,final,,,268257.83
co2.bereiter-2015.800k,ANT_ICECORES,,211.7,208.7,214.7,1sigma,final,,,267007.0
co2.bereiter-2015.800k,ANT_ICECORES,,199.9,196.9,202.9,1sigma,final,,,266134.45
co2.bereiter-2015.800k,ANT_ICECORES,,228.1,225.1,231.1,1sigma,final,,,264583.76
co2.bereiter-2015.800k,ANT_ICECORES,,214.6,211.6,217.6,1sigma,final,,,262817.1
co2.bereiter-2015.800k,ANT_ICECORES,,208.9,205.9,211.9,1sigma,final,,,262054.58
co2.bereiter-2015.800k,ANT_ICECORES,,205.7,202.7,208.7,1sigma,final,,,261293.92
co2.bereiter-2015.800k,ANT_ICECORES,,209.6,206.6,212.6,1sigma,final,,,260894.24
co2.bereiter-2015.800k,ANT_ICECORES,,203.9,200.9,206.9,1sigma,final,,,259396.9
co2.bereiter-2015.800k,ANT_ICECORES,,204.0,201.0,207.0,1sigma,final,,,257908.07
co2.bereiter-2015.800k,ANT_ICECORES,,201.9,198.9,204.9,1sigma,final,,,257060.59
co2.bereiter-2015.800k,ANT_ICECORES,,199.0,196.0,202.0,1sigma,final,,,256298.66
co2.bereiter-2015.800k,ANT_ICECORES,,195.4,192.4,198.4,1sigma,final,,,254587.11
co2.bereiter-2015.800k,ANT_ICECORES,,196.7,193.7,199.7,1sigma,final,,,253756.68
co2.bereiter-2015.800k,ANT_ICECORES,,195.4,192.4,198.4,1sigma,final,,,252953.72
co2.bereiter-2015.800k,ANT_ICECORES,,213.9,210.9,216.9,1sigma,final,,,252132.26
co2.bereiter-2015.800k,ANT_ICECORES,,200.2,197.2,203.2,1sigma,final,,,251390.57
co2.bereiter-2015.800k,ANT_ICECORES,,214.7,211.7,217.7,1sigma,final,,,249099.87
co2.bereiter-2015.800k,ANT_ICECORES,,219.4,216.4,222.4,1sigma,final,,,246870.49
co2.bereiter-2015.800k,ANT_ICECORES,,230.4,227.4,233.4,1sigma,final,,,246188.81
co2.bereiter-2015.800k,ANT_ICECORES,,236.7,233.7,239.7,1sigma,final,,,245564.0
co2.bereiter-2015.800k,ANT_ICECORES,,249.9,246.9,252.9,1sigma,final,,,245057.01
co2.bereiter-2015.800k,ANT_ICECORES,,252.3,249.3,255.3,1sigma,final,,,244582.34
co2.bereiter-2015.800k,ANT_ICECORES,,263.7,260.7,266.7,1sigma,final,,,244121.77
co2.bereiter-2015.800k,ANT_ICECORES,,280.2,277.2,283.2,1sigma,final,,,243138.52
co2.bereiter-2015.800k,ANT_ICECORES,,279.0,276.0,282.0,1sigma,final,,,242685.46
co2.bereiter-2015.800k,ANT_ICECORES,,263.2,260.2,266.2,1sigma,final,,,241855.4
co2.bereiter-2015.800k,ANT_ICECORES,,259.7,256.7,262.7,1sigma,final,,,241333.05
co2.bereiter-2015.800k,ANT_ICECORES,,252.8,249.8,255.8,1sigma,final,,,240190.37
co2.bereiter-2015.800k,ANT_ICECORES,,247.4,244.4,250.4,1sigma,final,,,239738.66
co2.bereiter-2015.800k,ANT_ICECORES,,245.8,242.8,248.8,1sigma,final,,,239387.04
co2.bereiter-2015.800k,ANT_ICECORES,,245.6,242.6,248.6,1sigma,final,,,239008.26
co2.bereiter-2015.800k,ANT_ICECORES,,239.1,236.1,242.1,1sigma,final,,,238425.34
co2.bereiter-2015.800k,ANT_ICECORES,,243.1,240.1,246.1,1sigma,final,,,237905.53
co2.bereiter-2015.800k,ANT_ICECORES,,247.4,244.4,250.4,1sigma,final,,,237391.66
co2.bereiter-2015.800k,ANT_ICECORES,,241.4,238.4,244.4,1sigma,final,,,236850.8
co2.bereiter-2015.800k,ANT_ICECORES,,252.1,249.1,255.1,1sigma,final,,,236426.01
co2.bereiter-2015.800k,ANT_ICECORES,,245.2,242.2,248.2,1sigma,final,,,235990.86
co2.bereiter-2015.800k,ANT_ICECORES,,241.6,238.6,244.6,1sigma,final,,,232856.06
co2.bereiter-2015.800k,ANT_ICECORES,,233.9,230.9,236.9,1sigma,final,,,232191.77
co2.bereiter-2015.800k,ANT_ICECORES,,232.4,229.4,235.4,1sigma,final,,,231129.66
co2.bereiter-2015.800k,ANT_ICECORES,,224.5,221.5,227.5,1sigma,final,,,229572.05
co2.bereiter-2015.800k,ANT_ICECORES,,233.1,230.1,236.1,1sigma,final,,,228766.99
co2.bereiter-2015.800k,ANT_ICECORES,,234.5,231.5,237.5,1sigma,final,,,228439.42
co2.bereiter-2015.800k,ANT_ICECORES,,235.5,232.5,238.5,1sigma,final,,,227719.98
co2.bereiter-2015.800k,ANT_ICECORES,,215.7,212.7,218.7,1sigma,final,,,226849.84
co2.bereiter-2015.800k,ANT_ICECORES,,203.3,200.3,206.3,1sigma,final,,,226259.83
co2.bereiter-2015.800k,ANT_ICECORES,,205.6,202.6,208.6,1sigma,final,,,224271.51
co2.bereiter-2015.800k,ANT_ICECORES,,208.8,205.8,211.8,1sigma,final,,,223129.04
co2.bereiter-2015.800k,ANT_ICECORES,,207.1,204.1,210.1,1sigma,final,,,222539.58
co2.bereiter-2015.800k,ANT_ICECORES,,216.1,213.1,219.1,1sigma,final,,,221697.46
co2.bereiter-2015.800k,ANT_ICECORES,,214.1,211.1,217.1,1sigma,final,,,220935.62
co2.bereiter-2015.800k,ANT_ICECORES,,240.5,237.5,243.5,1sigma,final,,,219067.61
co2.bereiter-2015.800k,ANT_ICECORES,,245.3,242.3,248.3,1sigma,final,,,218200.79
co2.bereiter-2015.800k,ANT_ICECORES,,251.1,248.1,254.1,1sigma,final,,,217694.96
co2.bereiter-2015.800k,ANT_ICECORES,,251.7,248.7,254.7,1sigma,final,,,217415.64
co2.bereiter-2015.800k,ANT_ICECORES,,247.5,244.5,250.5,1sigma,final,,,216864.97
co2.bereiter-2015.800k,ANT_ICECORES,,242.6,239.6,245.6,1sigma,final,,,216306.15
co2.bereiter-2015.800k,ANT_ICECORES,,240.3,237.3,243.3,1sigma,final,,,215912.34
co2.bereiter-2015.800k,ANT_ICECORES,,241.4,238.4,244.4,1sigma,final,,,215080.75
co2.bereiter-2015.800k,ANT_ICECORES,,251.2,248.2,254.2,1sigma,final,,,214158.81
co2.bereiter-2015.800k,ANT_ICECORES,,243.4,240.4,246.4,1sigma,final,,,213330.35
co2.bereiter-2015.800k,ANT_ICECORES,,257.4,254.4,260.4,1sigma,final,,,212533.08
co2.bereiter-2015.800k,ANT_ICECORES,,239.5,236.5,242.5,1sigma,final,,,212078.75
co2.bereiter-2015.800k,ANT_ICECORES,,246.9,243.9,249.9,1sigma,final,,,211577.84
co2.bereiter-2015.800k,ANT_ICECORES,,252.0,249.0,255.0,1sigma,final,,,211058.47
co2.bereiter-2015.800k,ANT_ICECORES,,247.2,244.2,250.2,1sigma,final,,,210832.07
co2.bereiter-2015.800k,ANT_ICECORES,,243.9,240.9,246.9,1sigma,final,,,210175.17
co2.bereiter-2015.800k,ANT_ICECORES,,244.6,241.6,247.6,1sigma,final,,,209966.09
co2.bereiter-2015.800k,ANT_ICECORES,,242.2,239.2,245.2,1sigma,final,,,209445.04
co2.bereiter-2015.800k,ANT_ICECORES,,240.5,237.5,243.5,1sigma,final,,,209082.26
co2.bereiter-2015.800k,ANT_ICECORES,,230.0,227.0,233.0,1sigma,final,,,208821.57
co2.bereiter-2015.800k,ANT_ICECORES,,237.2,234.2,240.2,1sigma,final,,,208274.53
co2.bereiter-2015.800k,ANT_ICECORES,,238.1,235.1,241.1,1sigma,final,,,208108.78
co2.bereiter-2015.800k,ANT_ICECORES,,231.4,228.4,234.4,1sigma,final,,,207622.89
co2.bereiter-2015.800k,ANT_ICECORES,,229.4,226.4,232.4,1sigma,final,,,207240.3
co2.bereiter-2015.800k,ANT_ICECORES,,226.3,223.3,229.3,1sigma,final,,,206896.85
co2.bereiter-2015.800k,ANT_ICECORES,,228.6,225.6,231.6,1sigma,final,,,206359.94
co2.bereiter-2015.800k,ANT_ICECORES,,232.2,229.2,235.2,1sigma,final,,,205944.58
co2.bereiter-2015.800k,ANT_ICECORES,,231.9,228.9,234.9,1sigma,final,,,205575.76
co2.bereiter-2015.800k,ANT_ICECORES,,244.4,241.4,247.4,1sigma,final,,,205203.28
co2.bereiter-2015.800k,ANT_ICECORES,,247.6,244.6,250.6,1sigma,final,,,203842.0
co2.bereiter-2015.800k,ANT_ICECORES,,239.1,236.1,242.1,1sigma,final,,,202744.5
co2.bereiter-2015.800k,ANT_ICECORES,,250.9,247.9,253.9,1sigma,final,,,201752.0
co2.bereiter-2015.800k,ANT_ICECORES,,242.6,239.6,245.6,1sigma,final,,,198938.0
co2.bereiter-2015.800k,ANT_ICECORES,,241.2,238.2,244.2,1sigma,final,,,198327.45
co2.bereiter-2015.800k,ANT_ICECORES,,226.4,223.4,229.4,1sigma,final,,,197587.35
co2.bereiter-2015.800k,ANT_ICECORES,,220.0,217.0,223.0,1sigma,final,,,195799.5
co2.bereiter-2015.800k,ANT_ICECORES,,226.5,223.5,229.5,1sigma,final,,,195126.5
co2.bereiter-2015.800k,ANT_ICECORES,,218.0,215.0,221.0,1sigma,final,,,193074.5
co2.bereiter-2015.800k,ANT_ICECORES,,220.3,217.3,223.3,1sigma,final,,,191964.08
co2.bereiter-2015.800k,ANT_ICECORES,,231.4,228.4,234.4,1sigma,final,,,191254.5
co2.bereiter-2015.800k,ANT_ICECORES,,231.3,228.3,234.3,1sigma,final,,,189806.5
co2.bereiter-2015.800k,ANT_ICECORES,,210.7,207.7,213.7,1sigma,final,,,188437.0
co2.bereiter-2015.800k,ANT_ICECORES,,203.4,200.4,206.4,1sigma,final,,,186411.0
co2.bereiter-2015.800k,ANT_ICECORES,,199.7,196.7,202.7,1sigma,final,,,184371.0
co2.bereiter-2015.800k,ANT_ICECORES,,198.1,195.1,201.1,1sigma,final,,,183258.0
co2.bereiter-2015.800k,ANT_ICECORES,,217.7,214.7,220.7,1sigma,final,,,182196.0
co2.bereiter-2015.800k,ANT_ICECORES,,213.2,210.2,216.2,1sigma,final,,,181302.0
co2.bereiter-2015.800k,ANT_ICECORES,,207.7,204.7,210.7,1sigma,final,,,179873.0
co2.bereiter-2015.800k,ANT_ICECORES,,190.1,187.1,193.1,1sigma,final,,,177729.5
co2.bereiter-2015.800k,ANT_ICECORES,,189.4,186.4,192.4,1sigma,final,,,177533.93
co2.bereiter-2015.800k,ANT_ICECORES,,190.3,187.3,193.3,1sigma,final,,,176853.0
co2.bereiter-2015.800k,ANT_ICECORES,,196.0,193.0,199.0,1sigma,final,,,175833.35
co2.bereiter-2015.800k,ANT_ICECORES,,197.7,194.7,200.7,1sigma,final,,,174442.0
co2.bereiter-2015.800k,ANT_ICECORES,,197.8,194.8,200.8,1sigma,final,,,171939.0
co2.bereiter-2015.800k,ANT_ICECORES,,196.6,193.6,199.6,1sigma,final,,,169514.4
co2.bereiter-2015.800k,ANT_ICECORES,,183.8,180.8,186.8,1sigma,final,,,168745.5
co2.bereiter-2015.800k,ANT_ICECORES,,186.7,183.7,189.7,1sigma,final,,,167914.1
co2.bereiter-2015.800k,ANT_ICECORES,,190.1,187.1,193.1,1sigma,final,,,166784.0
co2.bereiter-2015.800k,ANT_ICECORES,,191.6,188.6,194.6,1sigma,final,,,166143.0
co2.bereiter-2015.800k,ANT_ICECORES,,196.5,193.5,199.5,1sigma,final,,,164334.65
co2.bereiter-2015.800k,ANT_ICECORES,,204.3,201.3,207.3,1sigma,final,,,163858.0
co2.bereiter-2015.800k,ANT_ICECORES,,187.5,184.5,190.5,1sigma,final,,,160155.0
co2.bereiter-2015.800k,ANT_ICECORES,,185.5,182.5,188.5,1sigma,final,,,159716.0
co2.bereiter-2015.800k,ANT_ICECORES,,189.0,186.0,192.0,1sigma,final,,,158666.0
co2.bereiter-2015.800k,ANT_ICECORES,,189.38,186.73,192.03,1sigma,final,,,156306.82
co2.bereiter-2015.800k,ANT_ICECORES,,196.3,193.65,198.95,1sigma,final,,,154889.13
co2.bereiter-2015.800k,ANT_ICECORES,,198.78,197.05,200.51,1sigma,final,,,153774.66
co2.bereiter-2015.800k,ANT_ICECORES,,202.35,200.49,204.21,1sigma,final,,,151444.85
co2.bereiter-2015.800k,ANT_ICECORES,,202.51,199.86,205.16,1sigma,final,,,150594.88
co2.bereiter-2015.800k,ANT_ICECORES,,201.78,199.13,204.43,1sigma,final,,,149466.15
co2.bereiter-2015.800k,ANT_ICECORES,,195.81,191.76,199.86,1sigma,final,,,148233.47
co2.bereiter-2015.800k,ANT_ICECORES,,193.59,192.95,194.23,1sigma,final,,,146108.24
co2.bereiter-2015.800k,ANT_ICECORES,,196.02,193.37,198.67,1sigma,final,,,144799.59
co2.bereiter-2015.800k,ANT_ICECORES,,194.59,191.94,197.24,1sigma,final,,,143651.3
co2.bereiter-2015.800k,ANT_ICECORES,,196.51,195.56,197.46,1sigma,final,,,142360.56
co2.bereiter-2015.800k,ANT_ICECORES,,192.75,192.56,192.94,1sigma,final,,,139949.97
co2.bereiter-2015.800k,ANT_ICECORES,,198.55,197.47,199.63,1sigma,final,,,138834.3
co2.bereiter-2015.800k,ANT_ICECORES,,199.18,196.53,201.83,1sigma,final,,,137763.42
co2.bereiter-2015.800k,ANT_ICECORES,,203.74,202.95,204.53,1sigma,final,,,136565.55
co2.bereiter-2015.800k,ANT_ICECORES,,212.43,209.78,215.08,1sigma,final,,,134522.28
co2.bereiter-2015.800k,ANT_ICECORES,,222.74,220.09,225.39,1sigma,final,,,133775.81
co2.bereiter-2015.800k,ANT_ICECORES,,224.63,221.98,227.28,1sigma,final,,,132931.96
co2.bereiter-2015.800k,ANT_ICECORES,,228.0,225.35,230.65,1sigma,final,,,132709.88
co2.bereiter-2015.800k,ANT_ICECORES,,232.28,229.63,234.93,1sigma,final,,,131976.24
co2.bereiter-2015.800k,ANT_ICECORES,,241.13,239.24,243.02,1sigma,final,,,131322.2
co2.bereiter-2015.800k,ANT_ICECORES,,250.84,248.19,253.49,1sigma,final,,,130818.36
co2.bereiter-2015.800k,ANT_ICECORES,,251.84,249.19,254.49,1sigma,final,,,130373.03
co2.bereiter-2015.800k,ANT_ICECORES,,260.61,257.16,264.06,1sigma,final,,,129655.64
co2.bereiter-2015.800k,ANT_ICECORES,,268.44,266.52,270.36,1sigma,final,,,129078.04
co2.bereiter-2015.800k,ANT_ICECORES,,271.08,268.43,273.73,1sigma,final,,,128878.0
co2.bereiter-2015.800k,ANT_ICECORES,,285.76,283.11,288.41,1sigma,final,,,128466.73
co2.bereiter-2015.800k,ANT_ICECORES,,280.72,278.07,283.37,1sigma,final,,,128172.67
co2.bereiter-2015.800k,ANT_ICECORES,,276.03,275.75,276.31,1sigma,final,,,128024.48
co2.bereiter-2015.800k,ANT_ICECORES,,276.88,273.05,280.71,1sigma,final,,,127503.55
co2.bereiter-2015.800k,ANT_ICECORES,,275.78,273.13,278.43,1sigma,final,,,127313.83
co2.bereiter-2015.800k,ANT_ICECORES,,274.93,272.28,277.58,1sigma,final,,,126962.03
co2.bereiter-2015.800k,ANT_ICECORES,,273.02,270.37,275.67,1sigma,final,,,126699.91
co2.bereiter-2015.800k,ANT_ICECORES,,275.15,272.5,277.8,1sigma,final,,,126013.7
co2.bereiter-2015.800k,ANT_ICECORES,,276.81,274.03,279.59,1sigma,final,,,125292.63
co2.bereiter-2015.800k,ANT_ICECORES,,275.52,272.87,278.17,1sigma,final,,,124817.45
co2.bereiter-2015.800k,ANT_ICECORES,,281.54,278.89,284.19,1sigma,final,,,124404.52
co2.bereiter-2015.800k,ANT_ICECORES,,275.87,273.22,278.52,1sigma,final,,,123959.48
co2.bereiter-2015.800k,ANT_ICECORES,,274.6,268.04,281.16,1sigma,final,,,123630.91
co2.bereiter-2015.800k,ANT_ICECORES,,279.16,276.51,281.81,1sigma,final,,,123013.95
co2.bereiter-2015.800k,ANT_ICECORES,,279.0,276.35,281.65,1sigma,final,,,122292.36
co2.bereiter-2015.800k,ANT_ICECORES,,278.25,274.85,281.65,1sigma,final,,,122100.0
co2.bereiter-2015.800k,ANT_ICECORES,,276.61,273.96,279.26,1sigma,final,,,121841.97
co2.bereiter-2015.800k,ANT_ICECORES,,279.48,277.22,281.74,1sigma,final,,,121426.02
co2.bereiter-2015.800k,ANT_ICECORES,,276.82,274.17,279.47,1sigma,final,,,120542.91
co2.bereiter-2015.800k,ANT_ICECORES,,268.73,266.08,271.38,1sigma,final,,,120144.12
co2.bereiter-2015.800k,ANT_ICECORES,,274.59,273.29,275.89,1sigma,final,,,119715.5
co2.bereiter-2015.800k,ANT_ICECORES,,267.74,265.09,270.39,1sigma,final,,,119242.52
co2.bereiter-2015.800k,ANT_ICECORES,,277.72,275.07,280.37,1sigma,final,,,118658.27
co2.bereiter-2015.800k,ANT_ICECORES,,274.98,270.95,279.01,1sigma,final,,,117619.36
co2.bereiter-2015.800k,ANT_ICECORES,,274.03,271.38,276.68,1sigma,final,,,117185.55
co2.bereiter-2015.800k,ANT_ICECORES,,273.63,270.98,276.28,1sigma,final,,,116475.58
co2.bereiter-2015.800k,ANT_ICECORES,,273.16,270.51,275.81,1sigma,final,,,115908.58
co2.bereiter-2015.800k,ANT_ICECORES,,276.96,275.33,278.59,1sigma,final,,,115446.67
co2.bereiter-2015.800k,ANT_ICECORES,,275.07,272.42,277.72,1sigma,final,,,114815.39
co2.bereiter-2015.800k,ANT_ICECORES,,267.9,265.25,270.55,1sigma,final,,,114250.0
co2.bereiter-2015.800k,ANT_ICECORES,,260.58,257.93,263.23,1sigma,final,,,113678.64
co2.bereiter-2015.800k,ANT_ICECORES,,264.75,261.11,268.39,1sigma,final,,,113119.27
co2.bereiter-2015.800k,ANT_ICECORES,,263.12,260.47,265.77,1sigma,final,,,112941.73
co2.bereiter-2015.800k,ANT_ICECORES,,256.79,254.14,259.44,1sigma,final,,,112636.06
co2.bereiter-2015.800k,ANT_ICECORES,,257.93,254.99,260.87,1sigma,final,,,111876.8
co2.bereiter-2015.800k,ANT_ICECORES,,246.69,244.04,249.34,1sigma,final,,,110555.36
co2.bereiter-2015.800k,ANT_ICECORES,,244.13,241.48,246.78,1sigma,final,,,109839.97
co2.bereiter-2015.800k,ANT_ICECORES,,244.44,242.86,246.02,1sigma,final,,,109129.42
co2.bereiter-2015.800k,ANT_ICECORES,,236.43,233.78,239.08,1sigma,final,,,108401.91
co2.bereiter-2015.800k,ANT_ICECORES,,240.34,237.69,242.99,1sigma,final,,,106974.82
co2.bereiter-2015.800k,ANT_ICECORES,,244.83,241.78,247.88,1sigma,final,,,106368.25
co2.bereiter-2015.800k,ANT_ICECORES,,241.4,238.75,244.05,1sigma,final,,,106256.38
co2.bereiter-2015.800k,ANT_ICECORES,,257.58,253.38,261.78,1sigma,final,,,105989.87
co2.bereiter-2015.800k,ANT_ICECORES,,248.78,238.82,258.74,1sigma,final,,,105507.15
co2.bereiter-2015.800k,ANT_ICECORES,,242.36,239.71,245.01,1sigma,final,,,104966.45
co2.bereiter-2015.800k,ANT_ICECORES,,238.88,237.33,240.43,1sigma,final,,,104331.23
co2.bereiter-2015.800k,ANT_ICECORES,,247.76,246.93,248.59,1sigma,final,,,104274.33
co2.bereiter-2015.800k,ANT_ICECORES,,240.68,239.74,241.62,1sigma,final,,,103308.74
co2.bereiter-2015.800k,ANT_ICECORES,,237.07,235.32,238.82,1sigma,final,,,102764.78
co2.bereiter-2015.800k,ANT_ICECORES,,240.07,239.13,241.01,1sigma,final,,,101971.89
co2.bereiter-2015.800k,ANT_ICECORES,,244.76,243.63,245.89,1sigma,final,,,101325.68
co2.bereiter-2015.800k,ANT_ICECORES,,247.87,246.77,248.97,1sigma,final,,,100543.18
co2.bereiter-2015.800k,ANT_ICECORES,,245.63,244.56,246.7,1sigma,final,,,100076.85
co2.bereiter-2015.800k,ANT_ICECORES,,242.99,241.98,244.0,1sigma,final,,,99361.42
co2.bereiter-2015.800k,ANT_ICECORES,,243.18,242.95,243.41,1sigma,final,,,98583.72
co2.bereiter-2015.800k,ANT_ICECORES,,239.86,239.41,240.31,1sigma,final,,,97927.46
co2.bereiter-2015.800k,ANT_ICECORES,,242.35,240.31,244.39,1sigma,final,,,97270.89
co2.bereiter-2015.800k,ANT_ICECORES,,245.76,245.16,246.36,1sigma,final,,,96474.88
co2.bereiter-2015.800k,ANT_ICECORES,,246.2,244.66,247.74,1sigma,final,,,95921.48
co2.bereiter-2015.800k,ANT_ICECORES,,242.91,241.84,243.98,1sigma,final,,,95234.11
co2.bereiter-2015.800k,ANT_ICECORES,,242.41,241.88,242.94,1sigma,final,,,94568.55
co2.bereiter-2015.800k,ANT_ICECORES,,238.21,237.44,238.98,1sigma,final,,,93823.21
co2.bereiter-2015.800k,ANT_ICECORES,,235.16,234.33,235.99,1sigma,final,,,93424.71
co2.bereiter-2015.800k,ANT_ICECORES,,232.46,230.24,234.68,1sigma,final,,,92667.82
co2.bereiter-2015.800k,ANT_ICECORES,,233.74,232.63,234.85,1sigma,final,,,91949.74
co2.bereiter-2015.800k,ANT_ICECORES,,231.12,230.55,231.69,1sigma,final,,,91445.03
co2.bereiter-2015.800k,ANT_ICECORES,,231.56,230.99,232.13,1sigma,final,,,90834.02
co2.bereiter-2015.800k,ANT_ICECORES,,229.74,228.45,231.03,1sigma,final,,,90317.29
co2.bereiter-2015.800k,ANT_ICECORES,,228.88,228.3,229.46,1sigma,final,,,89696.26
co2.bereiter-2015.800k,ANT_ICECORES,,227.38,226.28,228.48,1sigma,final,,,89244.72
co2.bereiter-2015.800k,ANT_ICECORES,,223.99,223.49,224.49,1sigma,final,,,88701.05
co2.bereiter-2015.800k,ANT_ICECORES,,217.8,216.23,219.37,1sigma,final,,,88136.18
co2.bereiter-2015.800k,ANT_ICECORES,,223.63,222.7,224.56,1sigma,final,,,87581.18
co2.bereiter-2015.800k,ANT_ICECORES,,221.06,218.74,223.38,1sigma,final,,,87027.64
co2.bereiter-2015.800k,ANT_ICECORES,,223.38,222.66,224.1,1sigma,final,,,86498.32
co2.bereiter-2015.800k,ANT_ICECORES,,228.76,227.19,230.33,1sigma,final,,,85890.69
co2.bereiter-2015.800k,ANT_ICECORES,,234.69,234.09,235.29,1sigma,final,,,85367.47
co2.bereiter-2015.800k,ANT_ICECORES,,238.42,237.32,239.52,1sigma,final,,,84936.77
co2.bereiter-2015.800k,ANT_ICECORES,,243.16,242.4,243.92,1sigma,final,,,84357.44
co2.bereiter-2015.800k,ANT_ICECORES,,250.79,249.99,251.59,1sigma,final,,,83940.9
co2.bereiter-2015.800k,ANT_ICECORES,,247.1,246.1,248.1,1sigma,final,,,83554.11
co2.bereiter-2015.800k,ANT_ICECORES,,246.32,245.62,247.02,1sigma,final,,,82988.26
co2.bereiter-2015.800k,ANT_ICECORES,,240.87,239.23,242.51,1sigma,final,,,82526.72
co2.bereiter-2015.800k,ANT_ICECORES,,238.89,237.95,239.83,1sigma,final,,,82068.79
co2.bereiter-2015.800k,ANT_ICECORES,,234.13,232.96,235.3,1sigma,final,,,81711.43
co2.bereiter-2015.800k,ANT_ICECORES,,230.33,229.53,231.13,1sigma,final,,,81206.94
co2.bereiter-2015.800k,ANT_ICECORES,,233.92,232.46,235.38,1sigma,final,,,80721.79
co2.bereiter-2015.800k,ANT_ICECORES,,230.6,229.98,231.22,1sigma,final,,,80330.36
co2.bereiter-2015.800k,ANT_ICECORES,,234.74,234.02,235.46,1sigma,final,,,79877.76
co2.bereiter-2015.800k,ANT_ICECORES,,229.26,227.92,230.6,1sigma,final,,,79410.36
co2.bereiter-2015.800k,ANT_ICECORES,,227.3,226.74,227.86,1sigma,final,,,78969.54
co2.bereiter-2015.800k,ANT_ICECORES,,224.14,223.49,224.79,1sigma,final,,,78507.95
co2.bereiter-2015.800k,ANT_ICECORES,,226.65,225.81,227.49,1sigma,final,,,78080.75
co2.bereiter-2015.800k,ANT_ICECORES,,224.92,223.62,226.22,1sigma,final,,,77615.92
co2.bereiter-2015.800k,ANT_ICECORES,,231.68,230.14,233.22,1sigma,final,,,77056.48
co2.bereiter-2015.800k,ANT_ICECORES,,238.01,236.03,239.99,1sigma,final,,,76696.74
co2.bereiter-2015.800k,ANT_ICECORES,,239.34,238.22,240.46,1sigma,final,,,76247.47
co2.bereiter-2015.800k,ANT_ICECORES,,249.94,249.31,250.57,1sigma,final,,,75850.65
co2.bereiter-2015.800k,ANT_ICECORES,,249.52,248.78,250.26,1sigma,final,,,75545.13
co2.bereiter-2015.800k,ANT_ICECORES,,243.27,241.65,244.89,1sigma,final,,,75067.95
co2.bereiter-2015.800k,ANT_ICECORES,,241.24,240.26,242.22,1sigma,final,,,74525.65
co2.bereiter-2015.800k,ANT_ICECORES,,231.33,230.63,232.03,1sigma,final,,,74221.48
co2.bereiter-2015.800k,ANT_ICECORES,,232.74,231.8,233.68,1sigma,final,,,73750.96
co2.bereiter-2015.800k,ANT_ICECORES,,230.89,228.8,232.98,1sigma,final,,,73219.32
co2.bereiter-2015.800k,ANT_ICECORES,,232.33,231.36,233.3,1sigma,final,,,72866.04
co2.bereiter-2015.800k,ANT_ICECORES,,232.79,231.85,233.73,1sigma,final,,,72490.15
co2.bereiter-2015.800k,ANT_ICECORES,,239.46,238.58,240.34,1sigma,final,,,72092.81
co2.bereiter-2015.800k,ANT_ICECORES,,237.56,236.81,238.31,1sigma,final,,,71693.65
co2.bereiter-2015.800k,ANT_ICECORES,,235.02,233.78,236.26,1sigma,final,,,71279.17
co2.bereiter-2015.800k,ANT_ICECORES,,225.17,223.79,226.55,1sigma,final,,,70928.87
co2.bereiter-2015.800k,ANT_ICECORES,,220.33,219.78,220.88,1sigma,final,,,70427.26
co2.bereiter-2015.800k,ANT_ICECORES,,215.55,213.77,217.33,1sigma,final,,,70052.16
co2.bereiter-2015.800k,ANT_ICECORES,,211.26,210.13,212.39,1sigma,final,,,69592.02
co2.bereiter-2015.800k,ANT_ICECORES,,205.42,204.53,206.31,1sigma,final,,,69081.53
co2.bereiter-2015.800k,ANT_ICECORES,,203.43,202.86,204.0,1sigma,final,,,68619.99
co2.bereiter-2015.800k,ANT_ICECORES,,200.17,198.55,201.79,1sigma,final,,,68146.19
co2.bereiter-2015.800k,ANT_ICECORES,,203.76,202.7,204.82,1sigma,final,,,67729.68
co2.bereiter-2015.800k,ANT_ICECORES,,201.14,199.14,203.14,1sigma,final,,,67314.59
co2.bereiter-2015.800k,ANT_ICECORES,,207.21,205.52,208.9,1sigma,final,,,66959.71
co2.bereiter-2015.800k,ANT_ICECORES,,204.39,201.52,207.26,1sigma,final,,,66439.31
co2.bereiter-2015.800k,ANT_ICECORES,,200.59,199.13,202.05,1sigma,final,,,65937.23
co2.bereiter-2015.800k,ANT_ICECORES,,198.17,197.43,198.91,1sigma,final,,,65764.51
co2.bereiter-2015.800k,ANT_ICECORES,,208.98,205.64,212.32,1sigma,final,,,65546.45
co2.bereiter-2015.800k,ANT_ICECORES,,199.17,198.51,199.83,1sigma,final,,,65046.72
co2.bereiter-2015.800k,ANT_ICECORES,,201.67,200.48,202.86,1sigma,final,,,64867.42
co2.bereiter-2015.800k,ANT_ICECORES,,203.7,203.19,204.21,1sigma,final,,,64657.29
co2.bereiter-2015.800k,ANT_ICECORES,,199.73,198.42,201.04,1sigma,final,,,64113.78
co2.bereiter-2015.800k,ANT_ICECORES,,197.24,196.46,198.02,1sigma,final,,,63896.88
co2.bereiter-2015.800k,ANT_ICECORES,,197.4,196.18,198.62,1sigma,final,,,63555.79
co2.bereiter-2015.800k,ANT_ICECORES,,200.15,199.5,200.8,1sigma,final,,,62960.9
co2.bereiter-2015.800k,ANT_ICECORES,,202.71,200.37,205.05,1sigma,final,,,62774.57
co2.bereiter-2015.800k,ANT_ICECORES,,202.56,201.61,203.51,1sigma,final,,,62552.01
co2.bereiter-2015.800k,ANT_ICECORES,,206.38,205.18,207.58,1sigma,final,,,61900.72
co2.bereiter-2015.800k,ANT_ICECORES,,210.9,210.2,211.6,1sigma,final,,,61554.11
co2.bereiter-2015.800k,ANT_ICECORES,,210.57,209.56,211.58,1sigma,final,,,61234.84
co2.bereiter-2015.800k,ANT_ICECORES,,207.95,206.69,209.21,1sigma,final,,,61060.88
co2.bereiter-2015.800k,ANT_ICECORES,,213.78,212.4,215.16,1sigma,final,,,60817.62
co2.bereiter-2015.800k,ANT_ICECORES,,217.25,216.65,217.85,1sigma,final,,,60516.63
co2.bereiter-2015.800k,ANT_ICECORES,,212.87,212.16,213.58,1sigma,final,,,60373.06
co2.bereiter-2015.800k,ANT_ICECORES,,216.66,215.82,217.5,1sigma,final,,,60109.88
co2.bereiter-2015.800k,ANT_ICECORES,,223.45,222.75,224.15,1sigma,final,,,59733.47
co2.bereiter-2015.800k,ANT_ICECORES,,226.35,224.98,227.72,1sigma,final,,,59380.41
co2.bereiter-2015.800k,ANT_ICECORES,,231.29,231.14,231.44,1sigma,final,,,59105.07
co2.bereiter-2015.800k,ANT_ICECORES,,223.15,221.93,224.37,1sigma,final,,,58433.32
co2.bereiter-2015.800k,ANT_ICECORES,,224.35,223.55,225.15,1sigma,final,,,58217.01
co2.bereiter-2015.800k,ANT_ICECORES,,223.72,223.23,224.21,1sigma,final,,,57843.72
co2.bereiter-2015.800k,ANT_ICECORES,,217.38,214.89,219.87,1sigma,final,,,57476.27
co2.bereiter-2015.800k,ANT_ICECORES,,215.7,215.07,216.33,1sigma,final,,,57210.94
co2.bereiter-2015.800k,ANT_ICECORES,,212.44,211.77,213.11,1sigma,final,,,56503.58
co2.bereiter-2015.800k,ANT_ICECORES,,207.67,206.86,208.48,1sigma,final,,,56237.13
co2.bereiter-2015.800k,ANT_ICECORES,,210.27,209.04,211.5,1sigma,final,,,55909.54
co2.bereiter-2015.800k,ANT_ICECORES,,214.78,214.23,215.33,1sigma,final,,,55553.13
co2.bereiter-2015.800k,ANT_ICECORES,,208.19,207.47,208.91,1sigma,final,,,55293.46
co2.bereiter-2015.800k,ANT_ICECORES,,216.86,216.25,217.47,1sigma,final,,,55014.49
co2.bereiter-2015.800k,ANT_ICECORES,,213.89,212.75,215.03,1sigma,final,,,54694.61
co2.bereiter-2015.800k,ANT_ICECORES,,217.96,216.12,219.8,1sigma,final,,,54387.13
co2.bereiter-2015.800k,ANT_ICECORES,,220.37,219.52,221.22,1sigma,final,,,54156.6
co2.bereiter-2015.800k,ANT_ICECORES,,221.14,219.65,222.63,1sigma,final,,,53806.25
co2.bereiter-2015.800k,ANT_ICECORES,,223.26,222.37,224.15,1sigma,final,,,53400.45
co2.bereiter-2015.800k,ANT_ICECORES,,223.72,222.04,225.4,1sigma,final,,,53108.25
co2.bereiter-2015.800k,ANT_ICECORES,,221.15,220.06,222.24,1sigma,final,,,52800.74
co2.bereiter-2015.800k,ANT_ICECORES,,220.72,220.36,221.08,1sigma,final,,,52573.68
co2.bereiter-2015.800k,ANT_ICECORES,,219.08,218.8,219.36,1sigma,final,,,52384.78
co2.bereiter-2015.800k,ANT_ICECORES,,213.82,213.09,214.55,1sigma,final,,,52086.82
co2.bereiter-2015.800k,ANT_ICECORES,,215.08,213.31,216.85,1sigma,final,,,51779.53
co2.bereiter-2015.800k,ANT_ICECORES,,211.57,211.18,211.96,1sigma,final,,,51431.45
co2.bereiter-2015.800k,ANT_ICECORES,,207.64,206.73,208.55,1sigma,final,,,51029.17
co2.bereiter-2015.800k,ANT_ICECORES,,207.41,206.95,207.87,1sigma,final,,,50527.41
co2.bereiter-2015.800k,ANT_ICECORES,,206.74,206.26,207.22,1sigma,final,,,50220.55
co2.bereiter-2015.800k,ANT_ICECORES,,204.38,202.73,206.03,1sigma,final,,,50006.51
co2.bereiter-2015.800k,ANT_ICECORES,,203.87,202.61,205.13,1sigma,final,,,49728.32
co2.bereiter-2015.800k,ANT_ICECORES,,204.06,202.84,205.28,1sigma,final,,,49462.66
co2.bereiter-2015.800k,ANT_ICECORES,,200.12,199.72,200.52,1sigma,final,,,49302.98
co2.bereiter-2015.800k,ANT_ICECORES,,201.58,200.7,202.46,1sigma,final,,,48987.95
co2.bereiter-2015.800k,ANT_ICECORES,,200.98,200.42,201.54,1sigma,final,,,48427.86
co2.bereiter-2015.800k,ANT_ICECORES,,206.18,204.13,208.23,1sigma,final,,,48223.18
co2.bereiter-2015.800k,ANT_ICECORES,,205.66,204.69,206.63,1sigma,final,,,47943.75
co2.bereiter-2015.800k,ANT_ICECORES,,203.79,203.4,204.18,1sigma,final,,,47710.39
co2.bereiter-2015.800k,ANT_ICECORES,,204.26,203.28,205.24,1sigma,final,,,47524.36
co2.bereiter-2015.800k,ANT_ICECORES,,207.6,206.4,208.8,1sigma,final,,,47314.98
co2.bereiter-2015.800k,ANT_ICECORES,,210.27,209.74,210.8,1sigma,final,,,47086.28
co2.bereiter-2015.800k,ANT_ICECORES,,210.84,209.34,212.34,1sigma,final,,,46887.94
co2.bereiter-2015.800k,ANT_ICECORES,,214.18,213.19,215.17,1sigma,final,,,46746.44
co2.bereiter-2015.800k,ANT_ICECORES,,216.42,214.98,217.86,1sigma,final,,,46635.9
co2.bereiter-2015.800k,ANT_ICECORES,,218.35,216.9,219.8,1sigma,final,,,46308.55
co2.bereiter-2015.800k,ANT_ICECORES,,219.25,218.06,220.44,1sigma,final,,,46181.26
co2.bereiter-2015.800k,ANT_ICECORES,,221.77,220.03,223.51,1sigma,final,,,46057.33
co2.bereiter-2015.800k,ANT_ICECORES,,222.72,222.39,223.05,1sigma,final,,,45877.11
co2.bereiter-2015.800k,ANT_ICECORES,,217.51,215.35,219.67,1sigma,final,,,45696.06
co2.bereiter-2015.800k,ANT_ICECORES,,214.5,213.69,215.31,1sigma,final,,,45460.32
co2.bereiter-2015.800k,ANT_ICECORES,,213.92,213.1,214.74,1sigma,final,,,45280.39
co2.bereiter-2015.800k,ANT_ICECORES,,207.95,207.24,208.66,1sigma,final,,,45142.02
co2.bereiter-2015.800k,ANT_ICECORES,,211.49,211.14,211.84,1sigma,final,,,44996.16
co2.bereiter-2015.800k,ANT_ICECORES,,210.44,209.88,211.0,1sigma,final,,,44816.01
co2.bereiter-2015.800k,ANT_ICECORES,,212.29,211.44,213.14,1sigma,final,,,44655.54
co2.bereiter-2015.800k,ANT_ICECORES,,204.83,203.51,206.15,1sigma,final,,,44490.5
co2.bereiter-2015.800k,ANT_ICECORES,,206.22,204.36,208.08,1sigma,final,,,44350.47
co2.bereiter-2015.800k,ANT_ICECORES,,202.0,201.48,202.52,1sigma,final,,,44204.45
co2.bereiter-2015.800k,ANT_ICECORES,,204.31,203.39,205.23,1sigma,final,,,44095.2
co2.bereiter-2015.800k,ANT_ICECORES,,201.69,200.56,202.82,1sigma,final,,,43809.01
co2.bereiter-2015.800k,ANT_ICECORES,,203.18,202.13,204.23,1sigma,final,,,43661.16
co2.bereiter-2015.800k,ANT_ICECORES,,204.22,203.36,205.08,1sigma,final,,,43515.82
co2.bereiter-2015.800k,ANT_ICECORES,,201.66,199.85,203.47,1sigma,final,,,43350.66
co2.bereiter-2015.800k,ANT_ICECORES,,203.16,201.73,204.59,1sigma,final,,,43171.89
co2.bereiter-2015.800k,ANT_ICECORES,,204.26,203.5,205.02,1sigma,final,,,42968.08
co2.bereiter-2015.800k,ANT_ICECORES,,206.35,205.28,207.42,1sigma,final,,,42849.87
co2.bereiter-2015.800k,ANT_ICECORES,,204.83,204.64,205.02,1sigma,final,,,42628.3
co2.bereiter-2015.800k,ANT_ICECORES,,200.9,199.66,202.14,1sigma,final,,,42315.82
co2.bereiter-2015.800k,ANT_ICECORES,,199.89,198.53,201.25,1sigma,final,,,41900.69
co2.bereiter-2015.800k,ANT_ICECORES,,201.12,200.12,202.12,1sigma,final,,,41759.21
co2.bereiter-2015.800k,ANT_ICECORES,,205.49,204.5,206.48,1sigma,final,,,41605.97
co2.bereiter-2015.800k,ANT_ICECORES,,204.19,202.65,205.73,1sigma,final,,,41303.59
co2.bereiter-2015.800k,ANT_ICECORES,,201.53,199.65,203.41,1sigma,final,,,41167.9
co2.bereiter-2015.800k,ANT_ICECORES,,200.97,199.05,202.89,1sigma,final,,,40907.39
co2.bereiter-2015.800k,ANT_ICECORES,,200.47,199.73,201.21,1sigma,final,,,40754.3
co2.bereiter-2015.800k,ANT_ICECORES,,201.48,200.39,202.57,1sigma,final,,,40553.44
co2.bereiter-2015.800k,ANT_ICECORES,,201.32,199.95,202.69,1sigma,final,,,40485.95
co2.bereiter-2015.800k,ANT_ICECORES,,197.9,196.51,199.29,1sigma,final,,,40308.4
co2.bereiter-2015.800k,ANT_ICECORES,,193.69,193.27,194.11,1sigma,final,,,40145.3
co2.bereiter-2015.800k,ANT_ICECORES,,193.08,192.64,193.52,1sigma,final,,,40112.1
co2.bereiter-2015.800k,ANT_ICECORES,,192.6,190.39,194.81,1sigma,final,,,40042.7
co2.bereiter-2015.800k,ANT_ICECORES,,197.55,196.88,198.22,1sigma,final,,,39900.5
co2.bereiter-2015.800k,ANT_ICECORES,,193.87,193.67,194.07,1sigma,final,,,39885.0
co2.bereiter-2015.800k,ANT_ICECORES,,193.58,192.42,194.74,1sigma,final,,,39757.1
co2.bereiter-2015.800k,ANT_ICECORES,,196.67,195.61,197.73,1sigma,final,,,39709.2
co2.bereiter-2015.800k,ANT_ICECORES,,195.7,193.62,197.78,1sigma,final,,,39621.0
co2.bereiter-2015.800k,ANT_ICECORES,,200.4,199.04,201.76,1sigma,final,,,39515.4
co2.bereiter-2015.800k,ANT_ICECORES,,198.14,197.11,199.17,1sigma,final,,,39454.4
co2.bereiter-2015.800k,ANT_ICECORES,,191.53,190.63,192.43,1sigma,final,,,39402.9
co2.bereiter-2015.800k,ANT_ICECORES,,204.78,203.72,205.84,1sigma,final,,,39379.4
co2.bereiter-2015.800k,ANT_ICECORES,,207.87,207.08,208.66,1sigma,final,,,39339.8
co2.bereiter-2015.800k,ANT_ICECORES,,209.33,208.85,209.81,1sigma,final,,,39319.9
co2.bereiter-2015.800k,ANT_ICECORES,,209.5,209.03,209.97,1sigma,final,,,39303.2
co2.bereiter-2015.800k,ANT_ICECORES,,208.69,206.99,210.39,1sigma,final,,,39265.7
co2.bereiter-2015.800k,ANT_ICECORES,,207.32,207.12,207.52,1sigma,final,,,39120.5
co2.bereiter-2015.800k,ANT_ICECORES,,204.28,203.6,204.96,1sigma,final,,,39053.6
co2.bereiter-2015.800k,ANT_ICECORES,,202.34,200.92,203.76,1sigma,final,,,38976.8
co2.bereiter-2015.800k,ANT_ICECORES,,205.99,204.68,207.3,1sigma,final,,,38955.6
co2.bereiter-2015.800k,ANT_ICECORES,,205.65,205.63,205.67,1sigma,final,,,38874.7
co2.bereiter-2015.800k,ANT_ICECORES,,206.09,205.83,206.35,1sigma,final,,,38812.6
co2.bereiter-2015.800k,ANT_ICECORES,,206.54,206.23,206.85,1sigma,final,,,38723.4
co2.bereiter-2015.800k,ANT_ICECORES,,204.46,203.72,205.2,1sigma,final,,,38670.8
co2.bereiter-2015.800k,ANT_ICECORES,,204.79,204.33,205.25,1sigma,final,,,38621.8
co2.bereiter-2015.800k,ANT_ICECORES,,208.23,206.25,210.21,1sigma,final,,,38573.6
co2.bereiter-2015.800k,ANT_ICECORES,,210.08,209.68,210.48,1sigma,final,,,38533.2
co2.bereiter-2015.800k,ANT_ICECORES,,207.23,207.19,207.27,1sigma,final,,,38472.9
co2.bereiter-2015.800k,ANT_ICECORES,,210.79,210.15,211.43,1sigma,final,,,38412.8
co2.bereiter-2015.800k,ANT_ICECORES,,208.0,207.33,208.67,1sigma,final,,,38359.2
co2.bereiter-2015.800k,ANT_ICECORES,,207.41,207.24,207.58,1sigma,final,,,38284.2
co2.bereiter-2015.800k,ANT_ICECORES,,206.52,206.07,206.97,1sigma,final,,,38192.4
co2.bereiter-2015.800k,ANT_ICECORES,,208.34,207.75,208.93,1sigma,final,,,38165.6
co2.bereiter-2015.800k,ANT_ICECORES,,214.36,212.88,215.84,1sigma,final,,,38088.5
co2.bereiter-2015.800k,ANT_ICECORES,,211.21,210.53,211.89,1sigma,final,,,38000.3
co2.bereiter-2015.800k,ANT_ICECORES,,214.21,213.12,215.3,1sigma,final,,,37895.0
co2.bereiter-2015.800k,ANT_ICECORES,,212.09,210.47,213.71,1sigma,final,,,37777.2
co2.bereiter-2015.800k,ANT_ICECORES,,212.14,211.42,212.86,1sigma,final,,,37647.5
co2.bereiter-2015.800k,ANT_ICECORES,,214.3,213.9,214.7,1sigma,final,,,37618.6
co2.bereiter-2015.800k,ANT_ICECORES,,209.84,209.31,210.37,1sigma,final,,,37461.3
co2.bereiter-2015.800k,ANT_ICECORES,,212.51,211.04,213.98,1sigma,final,,,37431.0
co2.bereiter-2015.800k,ANT_ICECORES,,206.59,206.47,206.71,1sigma,final,,,37338.1
co2.bereiter-2015.800k,ANT_ICECORES,,209.66,209.07,210.25,1sigma,final,,,37302.0
co2.bereiter-2015.800k,ANT_ICECORES,,208.25,207.3,209.2,1sigma,final,,,37296.5
co2.bereiter-2015.800k,ANT_ICECORES,,207.35,207.19,207.51,1sigma,final,,,37143.2
co2.bereiter-2015.800k,ANT_ICECORES,,210.16,209.27,211.05,1sigma,final,,,37118.6
co2.bereiter-2015.800k,ANT_ICECORES,,206.36,205.23,207.49,1sigma,final,,,37023.4
co2.bereiter-2015.800k,ANT_ICECORES,,203.51,203.28,203.74,1sigma,final,,,36939.8
co2.bereiter-2015.800k,ANT_ICECORES,,202.76,201.6,203.92,1sigma,final,,,36820.2
co2.bereiter-2015.800k,ANT_ICECORES,,203.75,203.74,203.76,1sigma,final,,,36712.8
co2.bereiter-2015.800k,ANT_ICECORES,,203.77,203.61,203.93,1sigma,final,,,36669.6
co2.bereiter-2015.800k,ANT_ICECORES,,205.1,203.96,206.24,1sigma,final,,,36591.8
co2.bereiter-2015.800k,ANT_ICECORES,,198.96,198.01,199.91,1sigma,final,,,36506.3
co2.bereiter-2015.800k,ANT_ICECORES,,200.09,199.46,200.72,1sigma,final,,,36261.8
co2.bereiter-2015.800k,ANT_ICECORES,,201.78,201.55,202.01,1sigma,final,,,36173.1
co2.bereiter-2015.800k,ANT_ICECORES,,204.12,202.8,205.44,1sigma,final,,,36086.5
co2.bereiter-2015.800k,ANT_ICECORES,,198.8,198.43,199.17,1sigma,final,,,35948.3
co2.bereiter-2015.800k,ANT_ICECORES,,203.29,202.22,204.36,1sigma,final,,,35854.6
co2.bereiter-2015.800k,ANT_ICECORES,,200.5,199.87,201.13,1sigma,final,,,35701.6
co2.bereiter-2015.800k,ANT_ICECORES,,201.81,201.57,202.05,1sigma,final,,,35672.5
co2.bereiter-2015.800k,ANT_ICECORES,,201.83,200.84,202.82,1sigma,final,,,35568.0
co2.bereiter-2015.800k,ANT_ICECORES,,201.89,201.24,202.54,1sigma,final,,,35530.7
co2.bereiter-2015.800k,ANT_ICECORES,,202.04,201.14,202.94,1sigma,final,,,35508.5
co2.bereiter-2015.800k,ANT_ICECORES,,201.06,200.05,202.07,1sigma,final,,,35497.1
co2.bereiter-2015.800k,ANT_ICECORES,,200.3,199.5,201.1,1sigma,final,,,35445.8
co2.bereiter-2015.800k,ANT_ICECORES,,201.36,201.1,201.62,1sigma,final,,,35383.0
co2.bereiter-2015.800k,ANT_ICECORES,,203.62,202.75,204.49,1sigma,final,,,35359.4
co2.bereiter-2015.800k,ANT_ICECORES,,204.47,203.25,205.69,1sigma,final,,,35337.0
co2.bereiter-2015.800k,ANT_ICECORES,,205.38,205.28,205.48,1sigma,final,,,35281.7
co2.bereiter-2015.800k,ANT_ICECORES,,203.6,203.24,203.96,1sigma,final,,,35165.8
co2.bereiter-2015.800k,ANT_ICECORES,,198.78,198.21,199.35,1sigma,final,,,35089.6
co2.bereiter-2015.800k,ANT_ICECORES,,203.09,202.61,203.57,1sigma,final,,,34866.8
co2.bereiter-2015.800k,ANT_ICECORES,,202.8,202.77,202.83,1sigma,final,,,34825.6
co2.bereiter-2015.800k,ANT_ICECORES,,197.16,195.96,198.36,1sigma,final,,,34710.6
co2.bereiter-2015.800k,ANT_ICECORES,,198.89,197.91,199.87,1sigma,final,,,34647.8
co2.bereiter-2015.800k,ANT_ICECORES,,200.29,199.86,200.72,1sigma,final,,,34620.0
co2.bereiter-2015.800k,ANT_ICECORES,,199.49,198.85,200.13,1sigma,final,,,34602.6
co2.bereiter-2015.800k,ANT_ICECORES,,199.65,198.91,200.39,1sigma,final,,,34556.9
co2.bereiter-2015.800k,ANT_ICECORES,,196.2,195.88,196.52,1sigma,final,,,34334.4
co2.bereiter-2015.800k,ANT_ICECORES,,196.27,196.03,196.51,1sigma,final,,,34312.8
co2.bereiter-2015.800k,ANT_ICECORES,,195.79,195.03,196.55,1sigma,final,,,34250.8
co2.bereiter-2015.800k,ANT_ICECORES,,194.89,194.27,195.51,1sigma,final,,,34190.3
co2.bereiter-2015.800k,ANT_ICECORES,,195.93,194.91,196.95,1sigma,final,,,34064.2
co2.bereiter-2015.800k,ANT_ICECORES,,195.41,195.08,195.74,1sigma,final,,,33991.5
co2.bereiter-2015.800k,ANT_ICECORES,,196.47,196.02,196.92,1sigma,final,,,33957.0
co2.bereiter-2015.800k,ANT_ICECORES,,194.47,194.44,194.5,1sigma,final,,,33925.9
co2.bereiter-2015.800k,ANT_ICECORES,,194.46,193.8,195.12,1sigma,final,,,33907.5
co2.bereiter-2015.800k,ANT_ICECORES,,195.27,194.82,195.72,1sigma,final,,,33885.7
co2.bereiter-2015.800k,ANT_ICECORES,,195.63,194.89,196.37,1sigma,final,,,33841.0
co2.bereiter-2015.800k,ANT_ICECORES,,200.03,199.34,200.72,1sigma,final,,,33758.1
co2.bereiter-2015.800k,ANT_ICECORES,,197.8,197.53,198.07,1sigma,final,,,33555.3
co2.bereiter-2015.800k,ANT_ICECORES,,197.13,196.72,197.54,1sigma,final,,,33491.4
co2.bereiter-2015.800k,ANT_ICECORES,,196.9,196.36,197.44,1sigma,final,,,33417.5
co2.bereiter-2015.800k,ANT_ICECORES,,197.65,197.43,197.87,1sigma,final,,,33148.3
co2.bereiter-2015.800k,ANT_ICECORES,,196.33,195.87,196.79,1sigma,final,,,33009.0
co2.bereiter-2015.800k,ANT_ICECORES,,196.7,195.9,197.5,1sigma,final,,,32880.9
co2.bereiter-2015.800k,ANT_ICECORES,,199.3,196.75,201.85,1sigma,final,,,32813.1
co2.bereiter-2015.800k,ANT_ICECORES,,195.94,195.68,196.2,1sigma,final,,,32714.1
co2.bereiter-2015.800k,ANT_ICECORES,,195.08,194.79,195.37,1sigma,final,,,32677.8
co2.bereiter-2015.800k,ANT_ICECORES,,194.43,194.02,194.84,1sigma,final,,,32594.6
co2.bereiter-2015.800k,ANT_ICECORES,,194.61,194.24,194.98,1sigma,final,,,32511.1
co2.bereiter-2015.800k,ANT_ICECORES,,194.11,193.58,194.64,1sigma,final,,,32434.8
co2.bereiter-2015.800k,ANT_ICECORES,,195.25,194.97,195.53,1sigma,final,,,32361.2
co2.bereiter-2015.800k,ANT_ICECORES,,192.47,190.53,194.41,1sigma,final,,,32307.9
co2.bereiter-2015.800k,ANT_ICECORES,,196.91,195.6,198.22,1sigma,final,,,32150.6
co2.bereiter-2015.800k,ANT_ICECORES,,196.42,195.93,196.91,1sigma,final,,,32147.5
co2.bereiter-2015.800k,ANT_ICECORES,,193.91,192.79,195.03,1sigma,final,,,32079.6
co2.bereiter-2015.800k,ANT_ICECORES,,193.33,192.9,193.76,1sigma,final,,,32026.9
co2.bereiter-2015.800k,ANT_ICECORES,,192.51,192.4,192.62,1sigma,final,,,31933.9
co2.bereiter-2015.800k,ANT_ICECORES,,192.93,191.8,194.06,1sigma,final,,,31818.4
co2.bereiter-2015.800k,ANT_ICECORES,,193.71,192.48,194.94,1sigma,final,,,31792.1
co2.bereiter-2015.800k,ANT_ICECORES,,189.95,189.59,190.31,1sigma,final,,,31524.1
co2.bereiter-2015.800k,ANT_ICECORES,,188.48,187.7,189.26,1sigma,final,,,31356.4
co2.bereiter-2015.800k,ANT_ICECORES,,188.0,187.94,188.06,1sigma,final,,,31105.2
co2.bereiter-2015.800k,ANT_ICECORES,,190.33,189.6,191.06,1sigma,final,,,30775.7
co2.bereiter-2015.800k,ANT_ICECORES,,187.14,186.94,187.34,1sigma,final,,,30713.0
co2.bereiter-2015.800k,ANT_ICECORES,,182.94,182.51,183.37,1sigma,final,,,30528.8
co2.bereiter-2015.800k,ANT_ICECORES,,184.3,184.0,184.6,1sigma,final,,,30400.5
co2.bereiter-2015.800k,ANT_ICECORES,,185.99,185.39,186.59,1sigma,final,,,30312.7
co2.bereiter-2015.800k,ANT_ICECORES,,186.52,186.44,186.6,1sigma,final,,,30277.9
co2.bereiter-2015.800k,ANT_ICECORES,,188.48,187.86,189.1,1sigma,final,,,30181.7
co2.bereiter-2015.800k,ANT_ICECORES,,188.25,187.66,188.84,1sigma,final,,,30101.5
co2.bereiter-2015.800k,ANT_ICECORES,,191.57,191.35,191.79,1sigma,final,,,29999.0
co2.bereiter-2015.800k,ANT_ICECORES,,191.38,190.15,192.61,1sigma,final,,,29952.1
co2.bereiter-2015.800k,ANT_ICECORES,,190.97,190.81,191.13,1sigma,final,,,29837.8
co2.bereiter-2015.800k,ANT_ICECORES,,191.28,191.01,191.55,1sigma,final,,,29742.8
co2.bereiter-2015.800k,ANT_ICECORES,,189.77,189.52,190.02,1sigma,final,,,29681.2
co2.bereiter-2015.800k,ANT_ICECORES,,189.24,189.2,189.28,1sigma,final,,,29609.2
co2.bereiter-2015.800k,ANT_ICECORES,,189.21,188.55,189.87,1sigma,final,,,29410.2
co2.bereiter-2015.800k,ANT_ICECORES,,189.83,189.53,190.13,1sigma,final,,,29366.1
co2.bereiter-2015.800k,ANT_ICECORES,,191.01,190.12,191.9,1sigma,final,,,29323.9
co2.bereiter-2015.800k,ANT_ICECORES,,192.39,191.42,193.36,1sigma,final,,,29249.6
co2.bereiter-2015.800k,ANT_ICECORES,,188.1,188.07,188.13,1sigma,final,,,29205.3
co2.bereiter-2015.800k,ANT_ICECORES,,192.26,192.09,192.43,1sigma,final,,,29150.7
co2.bereiter-2015.800k,ANT_ICECORES,,192.87,192.38,193.36,1sigma,final,,,29008.9
co2.bereiter-2015.800k,ANT_ICECORES,,193.26,192.53,193.99,1sigma,final,,,28948.6
co2.bereiter-2015.800k,ANT_ICECORES,,192.69,192.15,193.23,1sigma,final,,,28902.7
co2.bereiter-2015.800k,ANT_ICECORES,,193.89,193.55,194.23,1sigma,final,,,28841.9
co2.bereiter-2015.800k,ANT_ICECORES,,193.8,193.6,194.0,1sigma,final,,,28724.3
co2.bereiter-2015.800k,ANT_ICECORES,,192.82,192.66,192.98,1sigma,final,,,28626.4
co2.bereiter-2015.800k,ANT_ICECORES,,193.1,193.05,193.15,1sigma,final,,,28577.4
co2.bereiter-2015.800k,ANT_ICECORES,,189.65,189.09,190.21,1sigma,final,,,28426.9
co2.bereiter-2015.800k,ANT_ICECORES,,189.16,188.92,189.4,1sigma,final,,,28413.9
co2.bereiter-2015.800k,ANT_ICECORES,,192.63,190.96,194.3,1sigma,final,,,28369.7
co2.bereiter-2015.800k,ANT_ICECORES,,191.59,191.27,191.91,1sigma,final,,,28271.6
co2.bereiter-2015.800k,ANT_ICECORES,,191.82,191.54,192.1,1sigma,final,,,28214.1
co2.bereiter-2015.800k,ANT_ICECORES,,189.96,189.32,190.6,1sigma,final,,,28097.3
co2.bereiter-2015.800k,ANT_ICECORES,,189.29,188.98,189.6,1sigma,final,,,27973.2
co2.bereiter-2015.800k,ANT_ICECORES,,188.99,188.6,189.38,1sigma,final,,,27927.1
co2.bereiter-2015.800k,ANT_ICECORES,,189.28,189.16,189.4,1sigma,final,,,27885.0
co2.bereiter-2015.800k,ANT_ICECORES,,190.58,190.09,191.07,1sigma,final,,,27866.4
co2.bereiter-2015.800k,ANT_ICECORES,,187.59,186.72,188.46,1sigma,final,,,27820.7
co2.bereiter-2015.800k,ANT_ICECORES,,189.3,188.98,189.62,1sigma,final,,,27718.6
co2.bereiter-2015.800k,ANT_ICECORES,,190.61,188.97,192.25,1sigma,final,,,27714.1
co2.bereiter-2015.800k,ANT_ICECORES,,192.71,192.63,192.79,1sigma,final,,,27687.0
co2.bereiter-2015.800k,ANT_ICECORES,,191.46,190.77,192.15,1sigma,final,,,27661.3
co2.bereiter-2015.800k,ANT_ICECORES,,191.95,191.57,192.33,1sigma,final,,,27586.4
co2.bereiter-2015.800k,ANT_ICECORES,,191.53,189.59,193.47,1sigma,final,,,27549.7
co2.bereiter-2015.800k,ANT_ICECORES,,191.23,189.31,193.15,1sigma,final,,,27502.8
co2.bereiter-2015.800k,ANT_ICECORES,,191.95,191.11,192.79,1sigma,final,,,27441.9
co2.bereiter-2015.800k,ANT_ICECORES,,190.06,189.59,190.53,1sigma,final,,,27280.1
co2.bereiter-2015.800k,ANT_ICECORES,,194.93,194.45,195.41,1sigma,final,,,27170.2
co2.bereiter-2015.800k,ANT_ICECORES,,186.27,186.21,186.33,1sigma,final,,,27084.8
co2.bereiter-2015.800k,ANT_ICECORES,,187.39,187.18,187.6,1sigma,final,,,27042.0
co2.bereiter-2015.800k,ANT_ICECORES,,188.08,187.28,188.88,1sigma,final,,,26954.9
co2.bereiter-2015.800k,ANT_ICECORES,,186.43,186.21,186.65,1sigma,final,,,26857.8
co2.bereiter-2015.800k,ANT_ICECORES,,185.44,185.11,185.77,1sigma,final,,,26703.7
co2.bereiter-2015.800k,ANT_ICECORES,,185.51,184.98,186.04,1sigma,final,,,26537.1
co2.bereiter-2015.800k,ANT_ICECORES,,186.01,185.2,186.82,1sigma,final,,,26460.7
co2.bereiter-2015.800k,ANT_ICECORES,,183.77,183.24,184.3,1sigma,final,,,26315.0
co2.bereiter-2015.800k,ANT_ICECORES,,184.57,184.05,185.09,1sigma,final,,,26254.5
co2.bereiter-2015.800k,ANT_ICECORES,,184.52,184.11,184.93,1sigma,final,,,26016.0
co2.bereiter-2015.800k,ANT_ICECORES,,186.54,185.96,187.12,1sigma,final,,,25786.0
co2.bereiter-2015.800k,ANT_ICECORES,,183.38,182.76,184.0,1sigma,final,,,25543.6
co2.bereiter-2015.800k,ANT_ICECORES,,182.66,182.58,182.74,1sigma,final,,,25351.1
co2.bereiter-2015.800k,ANT_ICECORES,,180.69,179.91,181.47,1sigma,final,,,25163.6
co2.bereiter-2015.800k,ANT_ICECORES,,180.57,177.85,183.29,1sigma,final,,,24643.6
co2.bereiter-2015.800k,ANT_ICECORES,,186.73,185.81,187.65,1sigma,final,,,24269.8
co2.bereiter-2015.800k,ANT_ICECORES,,184.68,184.06,185.3,1sigma,final,,,24077.7
co2.bereiter-2015.800k,ANT_ICECORES,,183.13,183.1,183.16,1sigma,final,,,23873.8
co2.bereiter-2015.800k,ANT_ICECORES,,187.99,187.58,188.4,1sigma,final,,,23600.5
co2.bereiter-2015.800k,ANT_ICECORES,,186.78,186.32,187.24,1sigma,final,,,23445.2
co2.bereiter-2015.800k,ANT_ICECORES,,193.53,191.81,195.25,1sigma,final,,,23358.4
co2.bereiter-2015.800k,ANT_ICECORES,,197.67,196.38,198.96,1sigma,final,,,23276.7
co2.bereiter-2015.800k,ANT_ICECORES,,188.6,187.73,189.47,1sigma,final,,,23185.0
co2.bereiter-2015.800k,ANT_ICECORES,,190.08,189.26,190.9,1sigma,final,,,23107.3
co2.bereiter-2015.800k,ANT_ICECORES,,190.53,189.89,191.17,1sigma,final,,,23013.8
co2.bereiter-2015.800k,ANT_ICECORES,,189.4,188.27,190.53,1sigma,final,,,22994.0
co2.bereiter-2015.800k,ANT_ICECORES,,186.13,186.0,186.26,1sigma,final,,,22833.6
co2.bereiter-2015.800k,ANT_ICECORES,,190.01,189.76,190.26,1sigma,final,,,22749.3
co2.bereiter-2015.800k,ANT_ICECORES,,188.49,188.26,188.72,1sigma,final,,,22650.8
co2.bereiter-2015.800k,ANT_ICECORES,,185.21,183.58,186.84,1sigma,final,,,22604.1
co2.bereiter-2015.800k,ANT_ICECORES,,184.68,184.48,184.88,1sigma,final,,,22550.1
co2.bereiter-2015.800k,ANT_ICECORES,,187.02,185.77,188.27,1sigma,final,,,22347.6
co2.bereiter-2015.800k,ANT_ICECORES,,187.22,186.77,187.67,1sigma,final,,,22292.2
co2.bereiter-2015.800k,ANT_ICECORES,,191.27,190.28,192.26,1sigma,final,,,22230.89
co2.bereiter-2015.800k,ANT_ICECORES,,187.38,185.83,188.93,1sigma,final,,,22055.59
co2.bereiter-2015.800k,ANT_ICECORES,,190.78,189.83,191.73,1sigma,final,,,21913.63
co2.bereiter-2015.800k,ANT_ICECORES,,187.96,187.74,188.18,1sigma,final,,,21790.59
co2.bereiter-2015.800k,ANT_ICECORES,,185.23,184.92,185.54,1sigma,final,,,21562.85
co2.bereiter-2015.800k,ANT_ICECORES,,187.24,186.08,188.4,1sigma,final,,,21345.18
co2.bereiter-2015.800k,ANT_ICECORES,,190.05,189.98,190.12,1sigma,final,,,21212.7
co2.bereiter-2015.800k,ANT_ICECORES,,188.4,187.53,189.27,1sigma,final,,,21067.69
co2.bereiter-2015.800k,ANT_ICECORES,,190.87,190.05,191.69,1sigma,final,,,20964.43
co2.bereiter-2015.800k,ANT_ICECORES,,192.66,191.57,193.75,1sigma,final,,,20828.39
co2.bereiter-2015.800k,ANT_ICECORES,,187.76,186.83,188.69,1sigma,final,,,20666.49
co2.bereiter-2015.800k,ANT_ICECORES,,193.93,193.24,194.62,1sigma,final,,,20536.8
co2.bereiter-2015.800k,ANT_ICECORES,,189.99,189.34,190.64,1sigma,final,,,20407.6
co2.bereiter-2015.800k,ANT_ICECORES,,190.47,189.26,191.68,1sigma,final,,,20213.31
co2.bereiter-2015.800k,ANT_ICECORES,,193.72,192.97,194.47,1sigma,final,,,20018.7
co2.bereiter-2015.800k,ANT_ICECORES,,196.06,195.64,196.48,1sigma,final,,,19883.88
co2.bereiter-2015.800k,ANT_ICECORES,,193.6,193.07,194.13,1sigma,final,,,19791.19
co2.bereiter-2015.800k,ANT_ICECORES,,191.42,190.83,192.01,1sigma,final,,,19629.49
co2.bereiter-2015.800k,ANT_ICECORES,,188.95,188.7,189.2,1sigma,final,,,19568.15
co2.bereiter-2015.800k,ANT_ICECORES,,191.52,190.22,192.82,1sigma,final,,,19442.73
co2.bereiter-2015.800k,ANT_ICECORES,,191.58,190.74,192.42,1sigma,final,,,19282.16
co2.bereiter-2015.800k,ANT_ICECORES,,191.09,189.97,192.21,1sigma,final,,,19152.79
co2.bereiter-2015.800k,ANT_ICECORES,,192.71,190.96,194.46,1sigma,final,,,18993.82
co2.bereiter-2015.800k,ANT_ICECORES,,188.5,187.97,189.03,1sigma,final,,,18866.91
co2.bereiter-2015.800k,ANT_ICECORES,,188.44,187.62,189.26,1sigma,final,,,18835.15
co2.bereiter-2015.800k,ANT_ICECORES,,192.97,191.87,194.07,1sigma,final,,,18803.64
co2.bereiter-2015.800k,ANT_ICECORES,,191.27,190.26,192.28,1sigma,final,,,18747.05
co2.bereiter-2015.800k,ANT_ICECORES,,193.9,193.4,194.4,1sigma,final,,,18677.4
co2.bereiter-2015.800k,ANT_ICECORES,,188.57,187.95,189.19,1sigma,final,,,18582.94
co2.bereiter-2015.800k,ANT_ICECORES,,187.67,187.53,187.81,1sigma,final,,,18519.99
co2.bereiter-2015.800k,ANT_ICECORES,,187.09,186.39,187.79,1sigma,final,,,18486.59
co2.bereiter-2015.800k,ANT_ICECORES,,187.45,186.38,188.52,1sigma,final,,,18457.83
co2.bereiter-2015.800k,ANT_ICECORES,,188.47,187.72,189.22,1sigma,final,,,18422.43
co2.bereiter-2015.800k,ANT_ICECORES,,188.21,187.05,189.37,1sigma,final,,,18391.16
co2.bereiter-2015.800k,ANT_ICECORES,,188.73,188.55,188.91,1sigma,final,,,18360.35
co2.bereiter-2015.800k,ANT_ICECORES,,187.12,186.28,187.96,1sigma,final,,,18324.39
co2.bereiter-2015.800k,ANT_ICECORES,,189.03,188.84,189.22,1sigma,final,,,18295.81
co2.bereiter-2015.800k,ANT_ICECORES,,188.52,187.36,189.68,1sigma,final,,,18264.68
co2.bereiter-2015.800k,ANT_ICECORES,,188.88,188.41,189.35,1sigma,final,,,18232.18
co2.bereiter-2015.800k,ANT_ICECORES,,185.65,184.7,186.6,1sigma,final,,,18201.79
co2.bereiter-2015.800k,ANT_ICECORES,,189.01,187.88,190.14,1sigma,final,,,18173.16
co2.bereiter-2015.800k,ANT_ICECORES,,184.88,184.65,185.11,1sigma,final,,,18139.76
co2.bereiter-2015.800k,ANT_ICECORES,,188.59,187.11,190.07,1sigma,final,,,18110.63
co2.bereiter-2015.800k,ANT_ICECORES,,188.64,188.17,189.11,1sigma,final,,,18081.6
co2.bereiter-2015.800k,ANT_ICECORES,,187.73,187.23,188.23,1sigma,final,,,18050.09
co2.bereiter-2015.800k,ANT_ICECORES,,187.79,186.69,188.89,1sigma,final,,,18024.45
co2.bereiter-2015.800k,ANT_ICECORES,,188.96,188.32,189.6,1sigma,final,,,17992.04
co2.bereiter-2015.800k,ANT_ICECORES,,188.66,188.56,188.76,1sigma,final,,,17965.83
co2.bereiter-2015.800k,ANT_ICECORES,,188.54,187.56,189.52,1sigma,final,,,17935.99
co2.bereiter-2015.800k,ANT_ICECORES,,191.72,191.46,191.98,1sigma,final,,,17907.16
co2.bereiter-2015.800k,ANT_ICECORES,,190.26,189.07,191.45,1sigma,final,,,17881.0
co2.bereiter-2015.800k,ANT_ICECORES,,189.52,188.8,190.24,1sigma,final,,,17854.6
co2.bereiter-2015.800k,ANT_ICECORES,,191.21,189.97,192.45,1sigma,final,,,17825.43
co2.bereiter-2015.800k,ANT_ICECORES,,187.25,186.59,187.91,1sigma,final,,,17797.57
co2.bereiter-2015.800k,ANT_ICECORES,,191.7,191.37,192.03,1sigma,final,,,17769.71
co2.bereiter-2015.800k,ANT_ICECORES,,190.41,190.17,190.65,1sigma,final,,,17743.75
co2.bereiter-2015.800k,ANT_ICECORES,,189.52,188.96,190.08,1sigma,final,,,17717.05
co2.bereiter-2015.800k,ANT_ICECORES,,191.52,190.19,192.85,1sigma,final,,,17691.21
co2.bereiter-2015.800k,ANT_ICECORES,,194.38,193.82,194.94,1sigma,final,,,17665.06
co2.bereiter-2015.800k,ANT_ICECORES,,193.21,191.98,194.44,1sigma,final,,,17637.88
co2.bereiter-2015.800k,ANT_ICECORES,,195.79,195.55,196.03,1sigma,final,,,17612.0
co2.bereiter-2015.800k,ANT_ICECORES,,196.96,196.1,197.82,1sigma,final,,,17586.25
co2.bereiter-2015.800k,ANT_ICECORES,,192.62,192.32,192.92,1sigma,final,,,17561.46
co2.bereiter-2015.800k,ANT_ICECORES,,192.37,191.76,192.98,1sigma,final,,,17534.59
co2.bereiter-2015.800k,ANT_ICECORES,,191.59,191.54,191.64,1sigma,final,,,17510.87
co2.bereiter-2015.800k,ANT_ICECORES,,191.48,190.98,191.98,1sigma,final,,,17485.29
co2.bereiter-2015.800k,ANT_ICECORES,,193.0,192.54,193.46,1sigma,final,,,17460.99
co2.bereiter-2015.800k,ANT_ICECORES,,190.76,190.29,191.23,1sigma,final,,,17434.97
co2.bereiter-2015.800k,ANT_ICECORES,,191.89,191.62,192.16,1sigma,final,,,17410.03
co2.bereiter-2015.800k,ANT_ICECORES,,193.02,192.63,193.41,1sigma,final,,,17385.3
co2.bereiter-2015.800k,ANT_ICECORES,,190.5,189.59,191.41,1sigma,final,,,17360.5
co2.bereiter-2015.800k,ANT_ICECORES,,194.65,194.38,194.92,1sigma,final,,,17311.87
co2.bereiter-2015.800k,ANT_ICECORES,,195.88,195.38,196.38,1sigma,final,,,17287.9
co2.bereiter-2015.800k,ANT_ICECORES,,198.29,197.51,199.07,1sigma,final,,,17236.25
co2.bereiter-2015.800k,ANT_ICECORES,,198.63,197.33,199.93,1sigma,final,,,17163.7
co2.bereiter-2015.800k,ANT_ICECORES,,202.1,201.05,203.15,1sigma,final,,,17091.85
co2.bereiter-2015.800k,ANT_ICECORES,,204.32,203.23,205.41,1sigma,final,,,16994.77
co2.bereiter-2015.800k,ANT_ICECORES,,202.93,202.25,203.61,1sigma,final,,,16928.83
co2.bereiter-2015.800k,ANT_ICECORES,,205.19,204.23,206.15,1sigma,final,,,16869.32
co2.bereiter-2015.800k,ANT_ICECORES,,205.53,204.57,206.49,1sigma,final,,,16797.55
co2.bereiter-2015.800k,ANT_ICECORES,,210.25,209.15,211.35,1sigma,final,,,16733.53
co2.bereiter-2015.800k,ANT_ICECORES,,213.15,212.34,213.96,1sigma,final,,,16655.88
co2.bereiter-2015.800k,ANT_ICECORES,,208.46,207.62,209.3,1sigma,final,,,16590.01
co2.bereiter-2015.800k,ANT_ICECORES,,208.65,208.13,209.17,1sigma,final,,,16553.51
co2.bereiter-2015.800k,ANT_ICECORES,,207.95,207.83,208.07,1sigma,final,,,16509.93
co2.bereiter-2015.800k,ANT_ICECORES,,213.94,212.83,215.05,1sigma,final,,,16472.03
co2.bereiter-2015.800k,ANT_ICECORES,,217.19,216.91,217.47,1sigma,final,,,16458.38
co2.bereiter-2015.800k,ANT_ICECORES,,211.79,209.98,213.6,1sigma,final,,,16431.32
co2.bereiter-2015.800k,ANT_ICECORES,,212.95,212.01,213.89,1sigma,final,,,16410.71
co2.bereiter-2015.800k,ANT_ICECORES,,209.51,208.69,210.33,1sigma,final,,,16391.89
co2.bereiter-2015.800k,ANT_ICECORES,,211.21,210.71,211.71,1sigma,final,,,16374.89
co2.bereiter-2015.800k,ANT_ICECORES,,214.83,213.63,216.03,1sigma,final,,,16354.23
co2.bereiter-2015.800k,ANT_ICECORES,,212.43,211.24,213.62,1sigma,final,,,16337.25
co2.bereiter-2015.800k,ANT_ICECORES,,214.6,214.0,215.2,1sigma,final,,,16317.43
co2.bereiter-2015.800k,ANT_ICECORES,,212.84,212.09,213.59,1sigma,final,,,16296.96
co2.bereiter-2015.800k,ANT_ICECORES,,214.22,213.63,214.81,1sigma,final,,,16278.74
co2.bereiter-2015.800k,ANT_ICECORES,,218.56,217.59,219.53,1sigma,final,,,16260.73
co2.bereiter-2015.800k,ANT_ICECORES,,220.49,219.43,221.55,1sigma,final,,,16240.56
co2.bereiter-2015.800k,ANT_ICECORES,,223.24,222.69,223.79,1sigma,final,,,16222.96
co2.bereiter-2015.800k,ANT_ICECORES,,227.32,226.11,228.53,1sigma,final,,,16208.71
co2.bereiter-2015.800k,ANT_ICECORES,,221.49,220.31,222.67,1sigma,final,,,16187.46
co2.bereiter-2015.800k,ANT_ICECORES,,226.19,226.12,226.26,1sigma,final,,,16166.71
co2.bereiter-2015.800k,ANT_ICECORES,,224.86,223.84,225.88,1sigma,final,,,16151.21
co2.bereiter-2015.800k,ANT_ICECORES,,222.41,221.1,223.72,1sigma,final,,,16114.14
co2.bereiter-2015.800k,ANT_ICECORES,,224.24,223.42,225.06,1sigma,final,,,16083.0
co2.bereiter-2015.800k,ANT_ICECORES,,224.48,223.05,225.91,1sigma,final,,,16033.78
co2.bereiter-2015.800k,ANT_ICECORES,,222.39,221.5,223.28,1sigma,final,,,16014.67
co2.bereiter-2015.800k,ANT_ICECORES,,224.41,224.23,224.59,1sigma,final,,,15998.98
co2.bereiter-2015.800k,ANT_ICECORES,,223.72,221.66,225.78,1sigma,final,,,15995.49
co2.bereiter-2015.800k,ANT_ICECORES,,223.77,223.13,224.41,1sigma,final,,,15936.52
co2.bereiter-2015.800k,ANT_ICECORES,,223.51,222.86,224.16,1sigma,final,,,15920.25
co2.bereiter-2015.800k,ANT_ICECORES,,222.36,221.92,222.8,1sigma,final,,,15844.95
co2.bereiter-2015.800k,ANT_ICECORES,,224.86,222.99,226.73,1sigma,final,,,15767.68
co2.bereiter-2015.800k,ANT_ICECORES,,222.16,221.59,222.73,1sigma,final,,,15704.79
co2.bereiter-2015.800k,ANT_ICECORES,,222.76,221.39,224.13,1sigma,final,,,15649.43
co2.bereiter-2015.800k,ANT_ICECORES,,223.53,223.18,223.88,1sigma,final,,,15546.4
co2.bereiter-2015.800k,ANT_ICECORES,,223.27,221.89,224.65,1sigma,final,,,15462.93
co2.bereiter-2015.800k,ANT_ICECORES,,224.74,223.99,225.49,1sigma,final,,,15410.08
co2.bereiter-2015.800k,ANT_ICECORES,,225.39,223.82,226.96,1sigma,final,,,15382.85
co2.bereiter-2015.800k,ANT_ICECORES,,228.92,227.96,229.88,1sigma,final,,,15345.24
co2.bereiter-2015.800k,ANT_ICECORES,,227.64,226.22,229.06,1sigma,final,,,15320.94
co2.bereiter-2015.800k,ANT_ICECORES,,225.77,224.85,226.69,1sigma,final,,,15280.74
co2.bereiter-2015.800k,ANT_ICECORES,,228.27,227.06,229.48,1sigma,final,,,15243.44
co2.bereiter-2015.800k,ANT_ICECORES,,230.18,229.85,230.51,1sigma,final,,,15218.88
co2.bereiter-2015.800k,ANT_ICECORES,,227.84,226.8,228.88,1sigma,final,,,15181.11
co2.bereiter-2015.800k,ANT_ICECORES,,228.81,227.92,229.7,1sigma,final,,,15156.52
co2.bereiter-2015.800k,ANT_ICECORES,,229.67,229.04,230.3,1sigma,final,,,15133.53
co2.bereiter-2015.800k,ANT_ICECORES,,234.47,234.45,234.49,1sigma,final,,,15095.81
co2.bereiter-2015.800k,ANT_ICECORES,,228.99,228.75,229.23,1sigma,final,,,15072.53
co2.bereiter-2015.800k,ANT_ICECORES,,225.38,224.54,226.22,1sigma,final,,,15034.78
co2.bereiter-2015.800k,ANT_ICECORES,,228.37,227.35,229.39,1sigma,final,,,15011.48
co2.bereiter-2015.800k,ANT_ICECORES,,227.65,226.43,228.87,1sigma,final,,,14987.26
co2.bereiter-2015.800k,ANT_ICECORES,,229.79,227.7,231.88,1sigma,final,,,14976.48
co2.bereiter-2015.800k,ANT_ICECORES,,228.89,227.66,230.12,1sigma,final,,,14953.66
co2.bereiter-2015.800k,ANT_ICECORES,,228.47,228.13,228.81,1sigma,final,,,14929.02
co2.bereiter-2015.800k,ANT_ICECORES,,228.36,227.83,228.89,1sigma,final,,,14915.91
co2.bereiter-2015.800k,ANT_ICECORES,,228.72,228.18,229.26,1sigma,final,,,14904.21
co2.bereiter-2015.800k,ANT_ICECORES,,230.63,229.39,231.87,1sigma,final,,,14892.46
co2.bereiter-2015.800k,ANT_ICECORES,,227.85,226.74,228.96,1sigma,final,,,14880.66
co2.bereiter-2015.800k,ANT_ICECORES,,232.22,231.63,232.81,1sigma,final,,,14869.18
co2.bereiter-2015.800k,ANT_ICECORES,,233.17,231.7,234.64,1sigma,final,,,14857.53
co2.bereiter-2015.800k,ANT_ICECORES,,227.87,227.46,228.28,1sigma,final,,,14844.77
co2.bereiter-2015.800k,ANT_ICECORES,,228.4,228.39,228.41,1sigma,final,,,14834.75
co2.bereiter-2015.800k,ANT_ICECORES,,226.51,225.81,227.21,1sigma,final,,,14822.39
co2.bereiter-2015.800k,ANT_ICECORES,,227.58,227.15,228.01,1sigma,final,,,14810.61
co2.bereiter-2015.800k,ANT_ICECORES,,228.5,227.48,229.52,1sigma,final,,,14799.14
co2.bereiter-2015.800k,ANT_ICECORES,,227.79,227.56,228.02,1sigma,final,,,14787.83
co2.bereiter-2015.800k,ANT_ICECORES,,227.39,226.27,228.51,1sigma,final,,,14776.28
co2.bereiter-2015.800k,ANT_ICECORES,,224.64,223.86,225.42,1sigma,final,,,14763.41
co2.bereiter-2015.800k,ANT_ICECORES,,227.9,227.15,228.65,1sigma,final,,,14758.52
co2.bereiter-2015.800k,ANT_ICECORES,,231.48,230.38,232.58,1sigma,final,,,14743.19
co2.bereiter-2015.800k,ANT_ICECORES,,234.54,233.31,235.77,1sigma,final,,,14730.88
co2.bereiter-2015.800k,ANT_ICECORES,,230.53,229.43,231.63,1sigma,final,,,14718.12
co2.bereiter-2015.800k,ANT_ICECORES,,228.18,227.41,228.95,1sigma,final,,,14706.96
co2.bereiter-2015.800k,ANT_ICECORES,,228.91,228.47,229.35,1sigma,final,,,14696.69
co2.bereiter-2015.800k,ANT_ICECORES,,237.49,237.2,237.78,1sigma,final,,,14686.37
co2.bereiter-2015.800k,ANT_ICECORES,,234.34,233.3,235.38,1sigma,final,,,14675.12
co2.bereiter-2015.800k,ANT_ICECORES,,233.42,233.13,233.71,1sigma,final,,,14664.09
co2.bereiter-2015.800k,ANT_ICECORES,,234.62,234.23,235.01,1sigma,final,,,14652.26
co2.bereiter-2015.800k,ANT_ICECORES,,238.12,237.52,238.72,1sigma,final,,,14645.2
co2.bereiter-2015.800k,ANT_ICECORES,,240.1,238.98,241.22,1sigma,final,,,14629.99
co2.bereiter-2015.800k,ANT_ICECORES,,237.97,237.21,238.73,1sigma,final,,,14619.39
co2.bereiter-2015.800k,ANT_ICECORES,,237.59,236.74,238.44,1sigma,final,,,14606.21
co2.bereiter-2015.800k,ANT_ICECORES,,235.31,234.7,235.92,1sigma,final,,,14595.47
co2.bereiter-2015.800k,ANT_ICECORES,,237.97,236.83,239.11,1sigma,final,,,14586.19
co2.bereiter-2015.800k,ANT_ICECORES,,239.77,238.03,241.51,1sigma,final,,,14575.93
co2.bereiter-2015.800k,ANT_ICECORES,,239.86,238.4,241.32,1sigma,final,,,14563.52
co2.bereiter-2015.800k,ANT_ICECORES,,241.73,241.31,242.15,1sigma,final,,,14552.93
co2.bereiter-2015.800k,ANT_ICECORES,,235.83,235.27,236.39,1sigma,final,,,14541.66
co2.bereiter-2015.800k,ANT_ICECORES,,243.17,242.36,243.98,1sigma,final,,,14531.3
co2.bereiter-2015.800k,ANT_ICECORES,,241.14,239.87,242.41,1sigma,final,,,14520.85
co2.bereiter-2015.800k,ANT_ICECORES,,242.06,239.81,244.31,1sigma,final,,,14497.21
co2.bereiter-2015.800k,ANT_ICECORES,,238.61,237.84,239.38,1sigma,final,,,14463.58
co2.bereiter-2015.800k,ANT_ICECORES,,240.95,240.6,241.3,1sigma,final,,,14443.28
co2.bereiter-2015.800k,ANT_ICECORES,,242.6,240.84,244.36,1sigma,final,,,14422.23
co2.bereiter-2015.800k,ANT_ICECORES,,242.55,241.13,243.97,1sigma,final,,,14410.6
co2.bereiter-2015.800k,ANT_ICECORES,,240.33,239.28,241.38,1sigma,final,,,14374.99
co2.bereiter-2015.800k,ANT_ICECORES,,238.39,237.9,238.88,1sigma,final,,,14354.48
co2.bereiter-2015.800k,ANT_ICECORES,,242.08,240.99,243.17,1sigma,final,,,14343.16
co2.bereiter-2015.800k,ANT_ICECORES,,235.8,234.7,236.9,1sigma,final,,,14308.61
co2.bereiter-2015.800k,ANT_ICECORES,,239.04,238.82,239.26,1sigma,final,,,14298.72
co2.bereiter-2015.800k,ANT_ICECORES,,240.21,238.88,241.54,1sigma,final,,,14273.02
co2.bereiter-2015.800k,ANT_ICECORES,,236.6,235.41,237.79,1sigma,final,,,14237.45
co2.bereiter-2015.800k,ANT_ICECORES,,238.36,236.47,240.25,1sigma,final,,,14205.56
co2.bereiter-2015.800k,ANT_ICECORES,,239.36,238.55,240.17,1sigma,final,,,14179.55
co2.bereiter-2015.800k,ANT_ICECORES,,239.24,238.82,239.66,1sigma,final,,,14156.6
co2.bereiter-2015.800k,ANT_ICECORES,,236.4,236.27,236.53,1sigma,final,,,14120.06
co2.bereiter-2015.800k,ANT_ICECORES,,232.88,231.36,234.4,1sigma,final,,,14084.47
co2.bereiter-2015.800k,ANT_ICECORES,,241.27,240.1,242.44,1sigma,final,,,14060.09
co2.bereiter-2015.800k,ANT_ICECORES,,237.87,236.78,238.96,1sigma,final,,,14022.86
co2.bereiter-2015.800k,ANT_ICECORES,,235.92,234.88,236.96,1sigma,final,,,14001.79
co2.bereiter-2015.800k,ANT_ICECORES,,240.57,240.0,241.14,1sigma,final,,,13940.23
co2.bereiter-2015.800k,ANT_ICECORES,,237.95,237.1,238.8,1sigma,final,,,13871.57
co2.bereiter-2015.800k,ANT_ICECORES,,239.08,238.98,239.18,1sigma,final,,,13827.2
co2.bereiter-2015.800k,ANT_ICECORES,,241.11,238.89,243.33,1sigma,final,,,13758.73
co2.bereiter-2015.800k,ANT_ICECORES,,241.59,240.36,242.82,1sigma,final,,,13712.83
co2.bereiter-2015.800k,ANT_ICECORES,,238.55,238.09,239.01,1sigma,final,,,13645.35
co2.bereiter-2015.800k,ANT_ICECORES,,243.86,243.74,243.98,1sigma,final,,,13600.81
co2.bereiter-2015.800k,ANT_ICECORES,,235.83,235.43,236.23,1sigma,final,,,13531.75
co2.bereiter-2015.800k,ANT_ICECORES,,240.25,238.84,241.66,1sigma,final,,,13486.74
co2.bereiter-2015.800k,ANT_ICECORES,,237.83,235.96,239.7,1sigma,final,,,13418.1
co2.bereiter-2015.800k,ANT_ICECORES,,236.86,236.52,237.2,1sigma,final,,,13304.15
co2.bereiter-2015.800k,ANT_ICECORES,,240.42,240.27,240.57,1sigma,final,,,13266.97
co2.bereiter-2015.800k,ANT_ICECORES,,239.41,238.72,240.1,1sigma,final,,,13216.2
co2.bereiter-2015.800k,ANT_ICECORES,,236.91,235.95,237.87,1sigma,final,,,13172.67
co2.bereiter-2015.800k,ANT_ICECORES,,234.82,234.71,234.93,1sigma,final,,,13128.45
co2.bereiter-2015.800k,ANT_ICECORES,,241.56,240.4,242.72,1sigma,final,,,13088.22
co2.bereiter-2015.800k,ANT_ICECORES,,237.91,235.67,240.15,1sigma,final,,,13066.59
co2.bereiter-2015.800k,ANT_ICECORES,,238.86,236.92,240.8,1sigma,final,,,13043.69
co2.bereiter-2015.800k,ANT_ICECORES,,234.68,234.49,234.87,1sigma,final,,,13021.92
co2.bereiter-2015.800k,ANT_ICECORES,,239.42,237.33,241.51,1sigma,final,,,13001.06
co2.bereiter-2015.800k,ANT_ICECORES,,237.15,236.34,237.96,1sigma,final,,,12980.88
co2.bereiter-2015.800k,ANT_ICECORES,,240.71,239.76,241.66,1sigma,final,,,12959.75
co2.bereiter-2015.800k,ANT_ICECORES,,238.18,235.36,241.0,1sigma,final,,,12939.23
co2.bereiter-2015.800k,ANT_ICECORES,,238.79,237.67,239.91,1sigma,final,,,12917.11
co2.bereiter-2015.800k,ANT_ICECORES,,239.44,238.65,240.23,1sigma,final,,,12893.38
co2.bereiter-2015.800k,ANT_ICECORES,,241.24,239.94,242.54,1sigma,final,,,12873.98
co2.bereiter-2015.800k,ANT_ICECORES,,239.35,238.06,240.64,1sigma,final,,,12852.71
co2.bereiter-2015.800k,ANT_ICECORES,,242.15,240.81,243.49,1sigma,final,,,12830.15
co2.bereiter-2015.800k,ANT_ICECORES,,242.23,240.28,244.18,1sigma,final,,,12809.27
co2.bereiter-2015.800k,ANT_ICECORES,,241.5,239.41,243.59,1sigma,final,,,12785.63
co2.bereiter-2015.800k,ANT_ICECORES,,240.02,238.9,241.14,1sigma,final,,,12762.58
co2.bereiter-2015.800k,ANT_ICECORES,,247.3,246.89,247.71,1sigma,final,,,12739.91
co2.bereiter-2015.800k,ANT_ICECORES,,241.59,240.52,242.66,1sigma,final,,,12719.8
co2.bereiter-2015.800k,ANT_ICECORES,,244.24,243.28,245.2,1sigma,final,,,12697.14
co2.bereiter-2015.800k,ANT_ICECORES,,242.53,241.57,243.49,1sigma,final,,,12673.9
co2.bereiter-2015.800k,ANT_ICECORES,,243.95,242.27,245.63,1sigma,final,,,12653.64
co2.bereiter-2015.800k,ANT_ICECORES,,246.94,246.49,247.39,1sigma,final,,,12629.85
co2.bereiter-2015.800k,ANT_ICECORES,,248.09,246.91,249.27,1sigma,final,,,12607.64
co2.bereiter-2015.800k,ANT_ICECORES,,247.02,246.75,247.29,1sigma,final,,,12586.6
co2.bereiter-2015.800k,ANT_ICECORES,,244.27,243.06,245.48,1sigma,final,,,12564.62
co2.bereiter-2015.800k,ANT_ICECORES,,249.92,248.2,251.64,1sigma,final,,,12543.72
co2.bereiter-2015.800k,ANT_ICECORES,,246.74,245.45,248.03,1sigma,final,,,12521.35
co2.bereiter-2015.800k,ANT_ICECORES,,244.42,243.24,245.6,1sigma,final,,,12495.84
co2.bereiter-2015.800k,ANT_ICECORES,,246.18,245.39,246.97,1sigma,final,,,12475.39
co2.bereiter-2015.800k,ANT_ICECORES,,245.83,245.27,246.39,1sigma,final,,,12454.82
co2.bereiter-2015.800k,ANT_ICECORES,,247.67,246.85,248.49,1sigma,final,,,12431.93
co2.bereiter-2015.800k,ANT_ICECORES,,246.4,244.95,247.85,1sigma,final,,,12409.38
co2.bereiter-2015.800k,ANT_ICECORES,,243.0,241.79,244.21,1sigma,final,,,12388.31
co2.bereiter-2015.800k,ANT_ICECORES,,244.31,243.15,245.47,1sigma,final,,,12365.28
co2.bereiter-2015.800k,ANT_ICECORES,,246.97,246.21,247.73,1sigma,final,,,12343.12
co2.bereiter-2015.800k,ANT_ICECORES,,250.73,249.36,252.1,1sigma,final,,,12321.28
co2.bereiter-2015.800k,ANT_ICECORES,,248.92,248.63,249.21,1sigma,final,,,12301.04
co2.bereiter-2015.800k,ANT_ICECORES,,249.38,248.05,250.71,1sigma,final,,,12280.77
co2.bereiter-2015.800k,ANT_ICECORES,,248.95,247.47,250.43,1sigma,final,,,12256.48
co2.bereiter-2015.800k,ANT_ICECORES,,249.23,247.63,250.83,1sigma,final,,,12232.92
co2.bereiter-2015.800k,ANT_ICECORES,,249.65,248.42,250.88,1sigma,final,,,12211.34
co2.bereiter-2015.800k,ANT_ICECORES,,250.97,250.24,251.7,1sigma,final,,,12190.41
co2.bereiter-2015.800k,ANT_ICECORES,,251.42,250.57,252.27,1sigma,final,,,12168.48
co2.bereiter-2015.800k,ANT_ICECORES,,251.14,249.73,252.55,1sigma,final,,,12146.5
co2.bereiter-2015.800k,ANT_ICECORES,,253.02,252.15,253.89,1sigma,final,,,12124.58
co2.bereiter-2015.800k,ANT_ICECORES,,255.66,253.67,257.65,1sigma,final,,,12105.25
co2.bereiter-2015.800k,ANT_ICECORES,,251.03,248.46,253.6,1sigma,final,,,12079.85
co2.bereiter-2015.800k,ANT_ICECORES,,253.1,252.4,253.8,1sigma,final,,,12058.8
co2.bereiter-2015.800k,ANT_ICECORES,,248.41,248.06,248.76,1sigma,final,,,12037.32
co2.bereiter-2015.800k,ANT_ICECORES,,247.85,246.4,249.3,1sigma,final,,,12015.9
co2.bereiter-2015.800k,ANT_ICECORES,,255.39,254.0,256.78,1sigma,final,,,11990.69
co2.bereiter-2015.800k,ANT_ICECORES,,253.99,252.69,255.29,1sigma,final,,,11969.55
co2.bereiter-2015.800k,ANT_ICECORES,,248.92,246.88,250.96,1sigma,final,,,11948.09
co2.bereiter-2015.800k,ANT_ICECORES,,258.57,253.31,263.83,1sigma,final,,,11926.96
co2.bereiter-2015.800k,ANT_ICECORES,,255.9,254.74,257.06,1sigma,final,,,11904.91
co2.bereiter-2015.800k,ANT_ICECORES,,251.56,250.98,252.14,1sigma,final,,,11883.17
co2.bereiter-2015.800k,ANT_ICECORES,,253.63,252.04,255.22,1sigma,final,,,11863.12
co2.bereiter-2015.800k,ANT_ICECORES,,254.31,252.97,255.65,1sigma,final,,,11843.33
co2.bereiter-2015.800k,ANT_ICECORES,,257.17,255.69,258.65,1sigma,final,,,11820.5
co2.bereiter-2015.800k,ANT_ICECORES,,258.53,256.75,260.31,1sigma,final,,,11802.79
co2.bereiter-2015.800k,ANT_ICECORES,,258.25,257.92,258.58,1sigma,final,,,11780.72
co2.bereiter-2015.800k,ANT_ICECORES,,258.74,257.26,260.22,1sigma,final,,,11759.21
co2.bereiter-2015.800k,ANT_ICECORES,,255.89,254.49,257.29,1sigma,final,,,11740.65
co2.bereiter-2015.800k,ANT_ICECORES,,256.04,254.78,257.3,1sigma,final,,,11719.72
co2.bereiter-2015.800k,ANT_ICECORES,,253.99,252.53,255.45,1sigma,final,,,11701.44
co2.bereiter-2015.800k,ANT_ICECORES,,254.62,253.74,255.5,1sigma,final,,,11682.82
co2.bereiter-2015.800k,ANT_ICECORES,,247.55,247.21,247.89,1sigma,final,,,11664.54
co2.bereiter-2015.800k,ANT_ICECORES,,257.13,255.79,258.47,1sigma,final,,,11647.92
co2.bereiter-2015.800k,ANT_ICECORES,,266.22,263.81,268.63,1sigma,final,,,11628.97
co2.bereiter-2015.800k,ANT_ICECORES,,261.3,259.78,262.82,1sigma,final,,,11611.31
co2.bereiter-2015.800k,ANT_ICECORES,,260.7,260.41,260.99,1sigma,final,,,11592.24
co2.bereiter-2015.800k,ANT_ICECORES,,267.09,266.59,267.59,1sigma,final,,,11576.41
co2.bereiter-2015.800k,ANT_ICECORES,,262.74,261.32,264.16,1sigma,final,,,11559.61
co2.bereiter-2015.800k,ANT_ICECORES,,266.9,266.24,267.56,1sigma,final,,,11543.6
co2.bereiter-2015.800k,ANT_ICECORES,,269.51,268.66,270.36,1sigma,final,,,11523.93
co2.bereiter-2015.800k,ANT_ICECORES,,267.66,266.51,268.81,1sigma,final,,,11507.23
co2.bereiter-2015.800k,ANT_ICECORES,,267.17,266.32,268.02,1sigma,final,,,11490.45
co2.bereiter-2015.800k,ANT_ICECORES,,269.1,266.58,271.62,1sigma,final,,,11472.8
co2.bereiter-2015.800k,ANT_ICECORES,,268.87,268.17,269.57,1sigma,final,,,11453.06
co2.bereiter-2015.800k,ANT_ICECORES,,270.14,268.03,272.25,1sigma,final,,,11435.93
co2.bereiter-2015.800k,ANT_ICECORES,,264.48,262.44,266.52,1sigma,final,,,11417.45
co2.bereiter-2015.800k,ANT_ICECORES,,268.16,265.61,270.71,1sigma,final,,,11399.86
co2.bereiter-2015.800k,ANT_ICECORES,,264.84,263.55,266.13,1sigma,final,,,11383.16
co2.bereiter-2015.800k,ANT_ICECORES,,264.81,263.14,266.48,1sigma,final,,,11339.37
co2.bereiter-2015.800k,ANT_ICECORES,,264.1,263.4,264.8,1sigma,final,,,11316.98
co2.bereiter-2015.800k,ANT_ICECORES,,264.4,262.9,265.9,1sigma,final,,,11256.57
co2.bereiter-2015.800k,ANT_ICECORES,,265.3,264.9,265.7,1sigma,final,,,11200.58
co2.bereiter-2015.800k,ANT_ICECORES,,265.0,264.2,265.8,1sigma,final,,,11185.87
co2.bereiter-2015.800k,ANT_ICECORES,,264.8,264.4,265.2,1sigma,final,,,11161.06
co2.bereiter-2015.800k,ANT_ICECORES,,264.8,264.2,265.4,1sigma,final,,,11089.62
co2.bereiter-2015.800k,ANT_ICECORES,,267.6,266.9,268.3,1sigma,final,,,10954.48
co2.bereiter-2015.800k,ANT_ICECORES,,265.1,263.5,266.7,1sigma,final,,,10835.74
co2.bereiter-2015.800k,ANT_ICECORES,,266.0,264.9,267.1,1sigma,final,,,10801.81
co2.bereiter-2015.800k,ANT_ICECORES,,266.9,266.3,267.5,1sigma,final,,,10680.48
co2.bereiter-2015.800k,ANT_ICECORES,,267.5,267.1,267.9,1sigma,final,,,10505.55
co2.bereiter-2015.800k,ANT_ICECORES,,264.9,264.5,265.3,1sigma,final,,,10366.56
co2.bereiter-2015.800k,ANT_ICECORES,,265.7,265.2,266.2,1sigma,final,,,10299.55
co2.bereiter-2015.800k,ANT_ICECORES,,263.4,263.3,263.5,1sigma,final,,,10192.95
co2.bereiter-2015.800k,ANT_ICECORES,,264.0,263.7,264.3,1sigma,final,,,10134.5
co2.bereiter-2015.800k,ANT_ICECORES,,264.2,263.3,265.1,1sigma,final,,,9992.61
co2.bereiter-2015.800k,ANT_ICECORES,,264.4,264.0,264.8,1sigma,final,,,9901.04
co2.bereiter-2015.800k,ANT_ICECORES,,263.8,262.6,265.0,1sigma,final,,,9573.27
co2.bereiter-2015.800k,ANT_ICECORES,,263.0,262.6,263.4,1sigma,final,,,9555.86
co2.bereiter-2015.800k,ANT_ICECORES,,260.9,260.3,261.5,1sigma,final,,,9524.44
co2.bereiter-2015.800k,ANT_ICECORES,,260.6,258.9,262.3,1sigma,final,,,9518.06
co2.bereiter-2015.800k,ANT_ICECORES,,265.2,264.3,266.1,1sigma,final,,,9436.7
co2.bereiter-2015.800k,ANT_ICECORES,,263.8,263.0,264.6,1sigma,final,,,9361.12
co2.bereiter-2015.800k,ANT_ICECORES,,263.7,262.5,264.9,1sigma,final,,,9295.31
co2.bereiter-2015.800k,ANT_ICECORES,,262.0,261.2,262.8,1sigma,final,,,9143.01
co2.bereiter-2015.800k,ANT_ICECORES,,259.3,258.3,260.3,1sigma,final,,,9060.17
co2.bereiter-2015.800k,ANT_ICECORES,,260.4,259.8,261.0,1sigma,final,,,8992.99
co2.bereiter-2015.800k,ANT_ICECORES,,260.9,260.2,261.6,1sigma,final,,,8911.85
co2.bereiter-2015.800k,ANT_ICECORES,,259.0,257.9,260.1,1sigma,final,,,8781.28
co2.bereiter-2015.800k,ANT_ICECORES,,261.8,260.8,262.8,1sigma,final,,,8710.68
co2.bereiter-2015.800k,ANT_ICECORES,,260.7,260.3,261.1,1sigma,final,,,8546.58
co2.bereiter-2015.800k,ANT_ICECORES,,261.3,260.4,262.2,1sigma,final,,,8459.68
co2.bereiter-2015.800k,ANT_ICECORES,,258.3,257.1,259.5,1sigma,final,,,8351.88
co2.bereiter-2015.800k,ANT_ICECORES,,259.3,258.4,260.2,1sigma,final,,,8194.8
co2.bereiter-2015.800k,ANT_ICECORES,,259.6,259.1,260.1,1sigma,final,,,8116.28
co2.bereiter-2015.800k,ANT_ICECORES,,260.8,259.4,262.2,1sigma,final,,,7975.85
co2.bereiter-2015.800k,ANT_ICECORES,,259.2,258.5,259.9,1sigma,final,,,7926.37
co2.bereiter-2015.800k,ANT_ICECORES,,259.7,258.8,260.6,1sigma,final,,,7860.18
co2.bereiter-2015.800k,ANT_ICECORES,,260.4,260.0,260.8,1sigma,final,,,7719.59
co2.bereiter-2015.800k,ANT_ICECORES,,260.1,259.5,260.7,1sigma,final,,,7661.37
co2.bereiter-2015.800k,ANT_ICECORES,,258.4,257.6,259.2,1sigma,final,,,7497.87
co2.bereiter-2015.800k,ANT_ICECORES,,260.7,260.1,261.3,1sigma,final,,,7405.32
co2.bereiter-2015.800k,ANT_ICECORES,,263.0,262.3,263.7,1sigma,final,,,7274.01
co2.bereiter-2015.800k,ANT_ICECORES,,262.3,261.4,263.2,1sigma,final,,,7188.07
co2.bereiter-2015.800k,ANT_ICECORES,,257.6,256.7,258.5,1sigma,final,,,7038.27
co2.bereiter-2015.800k,ANT_ICECORES,,258.1,256.7,259.5,1sigma,final,,,6970.08
co2.bereiter-2015.800k,ANT_ICECORES,,262.9,262.4,263.4,1sigma,final,,,6880.31
co2.bereiter-2015.800k,ANT_ICECORES,,262.1,261.2,263.0,1sigma,final,,,6769.65
co2.bereiter-2015.800k,ANT_ICECORES,,259.4,258.8,260.0,1sigma,final,,,6682.55
co2.bereiter-2015.800k,ANT_ICECORES,,261.1,260.7,261.5,1sigma,final,,,6572.29
co2.bereiter-2015.800k,ANT_ICECORES,,261.2,260.5,261.9,1sigma,final,,,6401.24
co2.bereiter-2015.800k,ANT_ICECORES,,262.7,261.8,263.6,1sigma,final,,,6337.21
co2.bereiter-2015.800k,ANT_ICECORES,,263.2,262.6,263.8,1sigma,final,,,6301.96
co2.bereiter-2015.800k,ANT_ICECORES,,265.5,264.7,266.3,1sigma,final,,,6089.81
co2.bereiter-2015.800k,ANT_ICECORES,,266.7,265.8,267.6,1sigma,final,,,5999.38
co2.bereiter-2015.800k,ANT_ICECORES,,260.7,259.1,262.3,1sigma,final,,,5934.09
co2.bereiter-2015.800k,ANT_ICECORES,,265.5,264.7,266.3,1sigma,final,,,5852.26
co2.bereiter-2015.800k,ANT_ICECORES,,265.9,265.0,266.8,1sigma,final,,,5757.61
co2.bereiter-2015.800k,ANT_ICECORES,,267.6,265.6,269.6,1sigma,final,,,5581.3
co2.bereiter-2015.800k,ANT_ICECORES,,265.2,264.4,266.0,1sigma,final,,,5533.29
co2.bereiter-2015.800k,ANT_ICECORES,,265.3,263.6,267.0,1sigma,final,,,5357.55
co2.bereiter-2015.800k,ANT_ICECORES,,267.6,267.0,268.2,1sigma,final,,,5311.18
co2.bereiter-2015.800k,ANT_ICECORES,,269.8,268.6,271.0,1sigma,final,,,5218.57
co2.bereiter-2015.800k,ANT_ICECORES,,268.6,267.5,269.7,1sigma,final,,,5086.79
co2.bereiter-2015.800k,ANT_ICECORES,,269.3,268.3,270.3,1sigma,final,,,4981.58
co2.bereiter-2015.800k,ANT_ICECORES,,270.7,270.2,271.2,1sigma,final,,,4921.2
co2.bereiter-2015.800k,ANT_ICECORES,,271.5,270.7,272.3,1sigma,final,,,4773.0
co2.bereiter-2015.800k,ANT_ICECORES,,269.8,268.8,270.8,1sigma,final,,,4647.46
co2.bereiter-2015.800k,ANT_ICECORES,,269.1,268.5,269.7,1sigma,final,,,4592.82
co2.bereiter-2015.800k,ANT_ICECORES,,271.1,270.3,271.9,1sigma,final,,,4494.36
co2.bereiter-2015.800k,ANT_ICECORES,,271.5,270.6,272.4,1sigma,final,,,4342.82
co2.bereiter-2015.800k,ANT_ICECORES,,272.8,272.0,273.6,1sigma,final,,,4275.08
co2.bereiter-2015.800k,ANT_ICECORES,,271.6,270.9,272.3,1sigma,final,,,4205.84
co2.bereiter-2015.800k,ANT_ICECORES,,271.7,270.7,272.7,1sigma,final,,,4108.67
co2.bereiter-2015.800k,ANT_ICECORES,,274.9,273.6,276.2,1sigma,final,,,3968.95
co2.bereiter-2015.800k,ANT_ICECORES,,275.4,274.9,275.9,1sigma,final,,,3856.17
co2.bereiter-2015.800k,ANT_ICECORES,,271.5,270.5,272.5,1sigma,final,,,3806.86
co2.bereiter-2015.800k,ANT_ICECORES,,273.0,272.2,273.8,1sigma,final,,,3693.41
co2.bereiter-2015.800k,ANT_ICECORES,,273.4,272.1,274.7,1sigma,final,,,3644.46
co2.bereiter-2015.800k,ANT_ICECORES,,275.0,274.4,275.6,1sigma,final,,,3528.29
co2.bereiter-2015.800k,ANT_ICECORES,,274.0,273.7,274.3,1sigma,final,,,3431.12
co2.bereiter-2015.800k,ANT_ICECORES,,273.1,272.0,274.2,1sigma,final,,,3283.66
co2.bereiter-2015.800k,ANT_ICECORES,,276.3,274.8,277.8,1sigma,final,,,3255.73
co2.bereiter-2015.800k,ANT_ICECORES,,274.6,273.8,275.4,1sigma,final,,,3056.6
co2.bereiter-2015.800k,ANT_ICECORES,,276.3,275.4,277.2,1sigma,final,,,2948.82
co2.bereiter-2015.800k,ANT_ICECORES,,274.7,273.5,275.9,1sigma,final,,,2904.55
co2.bereiter-2015.800k,ANT_ICECORES,,275.3,273.7,276.9,1sigma,final,,,2801.76
co2.bereiter-2015.800k,ANT_ICECORES,,278.9,278.3,279.5,1sigma,final,,,2708.48
co2.bereiter-2015.800k,ANT_ICECORES,,273.9,272.8,275.0,1sigma,final,,,2628.02
co2.bereiter-2015.800k,ANT_ICECORES,,277.9,277.4,278.4,1sigma,final,,,2526.12
co2.bereiter-2015.800k,ANT_ICECORES,,277.6,276.3,278.9,1sigma,final,,,2414.32
co2.bereiter-2015.800k,ANT_ICECORES,,276.7,275.9,277.5,1sigma,final,,,2265.55
co2.bereiter-2015.800k,ANT_ICECORES,,276.7,275.9,277.5,1sigma,final,,,2234.24
co2.bereiter-2015.800k,ANT_ICECORES,,276.9,276.2,277.6,1sigma,final,,,2093.36
co2.bereiter-2015.800k,ANT_ICECORES,,278.0,276.8,279.2,1sigma,final,,,1999.71
co2.bereiter-2015.800k,ANT_ICECORES,,276.7,275.7,277.7,1sigma,final,,,1949.0
co2.bereiter-2015.800k,ANT_ICECORES,,277.9,276.9,278.9,1sigma,final,,,1920.0
co2.bereiter-2015.800k,ANT_ICECORES,,277.4,276.4,278.4,1sigma,final,,,1894.0
co2.bereiter-2015.800k,ANT_ICECORES,,277.5,276.5,278.5,1sigma,final,,,1846.0
co2.bereiter-2015.800k,ANT_ICECORES,,278.1,277.1,279.1,1sigma,final,,,1814.0
co2.bereiter-2015.800k,ANT_ICECORES,,278.07,277.66,278.48,1sigma,final,,,1796.47
co2.bereiter-2015.800k,ANT_ICECORES,,277.56,277.15,277.97,1sigma,final,,,1775.47
co2.bereiter-2015.800k,ANT_ICECORES,,280.25,279.63,280.87,1sigma,final,,,1709.4
co2.bereiter-2015.800k,ANT_ICECORES,,278.31,277.69,278.93,1sigma,final,,,1683.9
co2.bereiter-2015.800k,ANT_ICECORES,,280.24,277.68,282.8,1sigma,final,,,1675.56
co2.bereiter-2015.800k,ANT_ICECORES,,280.91,280.5,281.32,1sigma,final,,,1654.4
co2.bereiter-2015.800k,ANT_ICECORES,,281.69,281.28,282.1,1sigma,final,,,1632.45
co2.bereiter-2015.800k,ANT_ICECORES,,277.8,277.39,278.21,1sigma,final,,,1592.67
co2.bereiter-2015.800k,ANT_ICECORES,,277.25,276.84,277.66,1sigma,final,,,1565.77
co2.bereiter-2015.800k,ANT_ICECORES,,279.13,278.72,279.54,1sigma,final,,,1543.64
co2.bereiter-2015.800k,ANT_ICECORES,,280.0,279.59,280.41,1sigma,final,,,1513.06
co2.bereiter-2015.800k,ANT_ICECORES,,277.11,276.7,277.52,1sigma,final,,,1461.87
co2.bereiter-2015.800k,ANT_ICECORES,,276.79,275.85,277.73,1sigma,final,,,1432.04
co2.bereiter-2015.800k,ANT_ICECORES,,276.56,276.15,276.97,1sigma,final,,,1398.38
co2.bereiter-2015.800k,ANT_ICECORES,,278.46,274.61,282.31,1sigma,final,,,1392.53
co2.bereiter-2015.800k,ANT_ICECORES,,276.2,275.79,276.61,1sigma,final,,,1367.59
co2.bereiter-2015.800k,ANT_ICECORES,,277.87,277.46,278.28,1sigma,final,,,1335.48
co2.bereiter-2015.800k,ANT_ICECORES,,279.59,279.18,280.0,1sigma,final,,,1313.0
co2.bereiter-2015.800k,ANT_ICECORES,,278.45,278.04,278.86,1sigma,final,,,1280.82
co2.bereiter-2015.800k,ANT_ICECORES,,277.1,276.69,277.51,1sigma,final,,,1248.75
co2.bereiter-2015.800k,ANT_ICECORES,,279.99,279.58,280.4,1sigma,final,,,1219.57
co2.bereiter-2015.800k,ANT_ICECORES,,279.29,277.08,281.5,1sigma,final,,,1187.7
co2.bereiter-2015.800k,ANT_ICECORES,,279.72,277.51,281.93,1sigma,final,,,1156.9
co2.bereiter-2015.800k,ANT_ICECORES,,278.62,277.21,280.03,1sigma,final,,,1127.67
co2.bereiter-2015.800k,ANT_ICECORES,,279.42,278.01,280.83,1sigma,final,,,1074.59
co2.bereiter-2015.800k,ANT_ICECORES,,280.11,277.9,282.32,1sigma,final,,,1035.87
co2.bereiter-2015.800k,ANT_ICECORES,,277.41,277.0,277.82,1sigma,final,,,992.35
co2.bereiter-2015.800k,ANT_ICECORES,,278.74,277.33,280.15,1sigma,final,,,967.35
co2.bereiter-2015.800k,ANT_ICECORES,,279.8,278.46,281.14,1sigma,final,,,932.42
co2.bereiter-2015.800k,ANT_ICECORES,,280.06,279.43,280.69,1sigma,final,,,930.73
co2.bereiter-2015.800k,ANT_ICECORES,,280.92,279.98,281.86,1sigma,final,,,909.92
co2.bereiter-2015.800k,ANT_ICECORES,,280.97,280.34,281.6,1sigma,final,,,900.82
co2.bereiter-2015.800k,ANT_ICECORES,,282.84,281.9,283.78,1sigma,final,,,879.8
co2.bereiter-2015.800k,ANT_ICECORES,,283.09,282.45,283.73,1sigma,final,,,850.59
co2.bereiter-2015.800k,ANT_ICECORES,,282.84,281.9,283.78,1sigma,final,,,834.39
co2.bereiter-2015.800k,ANT_ICECORES,,284.51,283.24,285.78,1sigma,final,,,803.71
co2.bereiter-2015.800k,ANT_ICECORES,,283.97,282.56,285.38,1sigma,final,,,784.02
co2.bereiter-2015.800k,ANT_ICECORES,,284.54,283.9,285.18,1sigma,final,,,750.19
co2.bereiter-2015.800k,ANT_ICECORES,,283.69,282.75,284.63,1sigma,final,,,739.05
co2.bereiter-2015.800k,ANT_ICECORES,,282.41,281.78,283.04,1sigma,final,,,698.73
co2.bereiter-2015.800k,ANT_ICECORES,,282.2,281.26,283.14,1sigma,final,,,690.49
co2.bereiter-2015.800k,ANT_ICECORES,,278.43,278.02,278.84,1sigma,final,,,671.8
co2.bereiter-2015.800k,ANT_ICECORES,,281.58,280.64,282.52,1sigma,final,,,642.55
co2.bereiter-2015.800k,ANT_ICECORES,,284.07,283.43,284.71,1sigma,final,,,619.88
co2.bereiter-2015.800k,ANT_ICECORES,,278.36,277.95,278.77,1sigma,final,,,601.15
co2.bereiter-2015.800k,ANT_ICECORES,,280.91,280.28,281.54,1sigma,final,,,559.67
co2.bereiter-2015.800k,ANT_ICECORES,,279.7,278.76,280.64,1sigma,final,,,539.14
co2.bereiter-2015.800k,ANT_ICECORES,,279.73,279.32,280.14,1sigma,final,,,521.2
co2.bereiter-2015.800k,ANT_ICECORES,,282.23,281.28,283.18,1sigma,final,,,500.84
co2.bereiter-2015.800k,ANT_ICECORES,,280.31,279.04,281.58,1sigma,final,,,480.6
co2.bereiter-2015.800k,ANT_ICECORES,,283.12,282.48,283.76,1sigma,final,,,448.47
co2.bereiter-2015.800k,ANT_ICECORES,,283.95,283.31,284.59,1sigma,final,,,420.32
co2.bereiter-2015.800k,ANT_ICECORES,,283.53,282.26,284.8,1sigma,final,,,400.35
co2.bereiter-2015.800k,ANT_ICECORES,,281.83,280.89,282.77,1sigma,final,,,390.14
co2.bereiter-2015.800k,ANT_ICECORES,,282.57,281.93,283.21,1sigma,final,,,376.99
co2.bereiter-2015.800k,ANT_ICECORES,,281.11,280.17,282.05,1sigma,final,,,361.82
co2.bereiter-2015.800k,ANT_ICECORES,,279.36,278.41,280.31,1sigma,final,,,359.01
co2.bereiter-2015.800k,ANT_ICECORES,,275.07,274.44,275.7,1sigma,final,,,346.58
co2.bereiter-2015.800k,ANT_ICECORES,,271.11,270.7,271.52,1sigma,final,,,340.54
co2.bereiter-2015.800k,ANT_ICECORES,,273.78,273.37,274.19,1sigma,final,,,321.4
co2.bereiter-2015.800k,ANT_ICECORES,,276.69,275.75,277.63,1sigma,final,,,310.19
co2.bereiter-2015.800k,ANT_ICECORES,,278.02,277.39,278.65,1sigma,final,,,300.9
co2.bereiter-2015.800k,ANT_ICECORES,,276.66,276.03,277.29,1sigma,final,,,268.11
co2.bereiter-2015.800k,ANT_ICECORES,,276.32,275.38,277.26,1sigma,final,,,260.26
co2.bereiter-2015.800k,ANT_ICECORES,,277.36,276.73,277.99,1sigma,final,,,255.93
co2.bereiter-2015.800k,ANT_ICECORES,,278.27,277.0,279.54,1sigma,final,,,227.14
co2.bereiter-2015.800k,ANT_ICECORES,,277.01,276.07,277.95,1sigma,final,,,226.99
co2.bereiter-2015.800k,ANT_ICECORES,,278.31,277.37,279.25,1sigma,final,,,216.13
co2.bereiter-2015.800k,ANT_ICECORES,,276.81,275.87,277.75,1sigma,final,,,208.74
co2.bereiter-2015.800k,ANT_ICECORES,,277.6,276.97,278.23,1sigma,final,,,200.88
co2.bereiter-2015.800k,ANT_ICECORES,,276.46,275.52,277.4,1sigma,final,,,198.07
co2.bereiter-2015.800k,ANT_ICECORES,,278.0,277.37,278.63,1sigma,final,,,197.87
co2.bereiter-2015.800k,ANT_ICECORES,,277.16,276.53,277.79,1sigma,final,,,187.12
co2.bereiter-2015.800k,ANT_ICECORES,,276.4,275.46,277.34,1sigma,final,,,186.3
co2.bereiter-2015.800k,ANT_ICECORES,,277.86,276.92,278.8,1sigma,final,,,176.54
co2.bereiter-2015.800k,ANT_ICECORES,,280.24,279.61,280.87,1sigma,final,,,170.51
co2.bereiter-2015.800k,ANT_ICECORES,,273.07,272.66,273.48,1sigma,final,,,169.7
co2.bereiter-2015.800k,ANT_ICECORES,,281.62,280.68,282.56,1sigma,final,,,155.9
co2.bereiter-2015.800k,ANT_ICECORES,,282.3,281.67,282.93,1sigma,final,,,154.06
co2.bereiter-2015.800k,ANT_ICECORES,,280.4,278.68,282.12,1sigma,final,,,153.53
co2.bereiter-2015.800k,ANT_ICECORES,,282.8,282.01,283.59,1sigma,final,,,150.66
co2.bereiter-2015.800k,ANT_ICECORES,,284.43,283.49,285.37,1sigma,final,,,136.34
co2.bereiter-2015.800k,ANT_ICECORES,,281.36,280.42,282.3,1sigma,final,,,125.26
co2.bereiter-2015.800k,ANT_ICECORES,,285.91,285.27,286.55,1sigma,final,,,123.08
co2.bereiter-2015.800k,ANT_ICECORES,,285.09,284.14,286.04,1sigma,final,,,117.13
co2.bereiter-2015.800k,ANT_ICECORES,,283.82,282.88,284.76,1sigma,final,,,116.82
co2.bereiter-2015.800k,ANT_ICECORES,,284.15,283.21,285.09,1sigma,final,,,113.3
co2.bereiter-2015.800k,ANT_ICECORES,,283.65,283.02,284.28,1sigma,final,,,109.17
co2.bereiter-2015.800k,ANT_ICECORES,,281.58,280.42,282.74,1sigma,final,,,106.71
co2.bereiter-2015.800k,ANT_ICECORES,,283.53,282.37,284.69,1sigma,final,,,105.54
co2.bereiter-2015.800k,ANT_ICECORES,,283.18,282.02,284.34,1sigma,final,,,105.35
co2.bereiter-2015.800k,ANT_ICECORES,,283.62,282.28,284.96,1sigma,final,,,104.1
co2.bereiter-2015.800k,ANT_ICECORES,,286.84,286.2,287.48,1sigma,final,,,102.68
co2.bereiter-2015.800k,ANT_ICECORES,,284.0,282.84,285.16,1sigma,final,,,99.74
co2.bereiter-2015.800k,ANT_ICECORES,,288.79,288.38,289.2,1sigma,final,,,99.17
co2.bereiter-2015.800k,ANT_ICECORES,,285.47,284.84,286.1,1sigma,final,,,98.89
co2.bereiter-2015.800k,ANT_ICECORES,,288.05,285.84,290.26,1sigma,final,,,96.29
co2.bereiter-2015.800k,ANT_ICECORES,,285.57,284.94,286.2,1sigma,final,,,95.28
co2.bereiter-2015.800k,ANT_ICECORES,,283.16,282.0,284.32,1sigma,final,,,93.38
co2.bereiter-2015.800k,ANT_ICECORES,,286.63,286.22,287.04,1sigma,final,,,91.16
co2.bereiter-2015.800k,ANT_ICECORES,,287.17,286.54,287.8,1sigma,final,,,88.17
co2.bereiter-2015.800k,ANT_ICECORES,,285.35,284.41,286.29,1sigma,final,,,87.02
co2.bereiter-2015.800k,ANT_ICECORES,,286.65,285.49,287.81,1sigma,final,,,85.87
co2.bereiter-2015.800k,ANT_ICECORES,,285.05,283.37,286.73,1sigma,final,,,83.26
co2.bereiter-2015.800k,ANT_ICECORES,,287.99,287.58,288.4,1sigma,final,,,82.27
co2.bereiter-2015.800k,ANT_ICECORES,,289.54,287.82,291.26,1sigma,final,,,81.59
co2.bereiter-2015.800k,ANT_ICECORES,,287.99,287.36,288.62,1sigma,final,,,80.34
co2.bereiter-2015.800k,ANT_ICECORES,,286.33,285.17,287.49,1sigma,final,,,79.96
co2.bereiter-2015.800k,ANT_ICECORES,,286.66,285.32,288.0,1sigma,final,,,77.17
co2.bereiter-2015.800k,ANT_ICECORES,,291.56,289.35,293.77,1sigma,final,,,76.26
co2.bereiter-2015.800k,ANT_ICECORES,,289.33,288.7,289.96,1sigma,final,,,73.09
co2.bereiter-2015.800k,ANT_ICECORES,,287.77,286.61,288.93,1sigma,final,,,70.05
co2.bereiter-2015.800k,ANT_ICECORES,,292.46,291.51,293.41,1sigma,final,,,67.08
co2.bereiter-2015.800k,ANT_ICECORES,,289.76,288.82,290.7,1sigma,final,,,66.21
co2.bereiter-2015.800k,ANT_ICECORES,,289.23,288.61,289.85,1sigma,final,,,65.82
co2.bereiter-2015.800k,ANT_ICECORES,,288.12,286.11,290.13,1sigma,final,,,64.4
co2.bereiter-2015.800k,ANT_ICECORES,,294.34,293.71,294.97,1sigma,final,,,62.61
co2.bereiter-2015.800k,ANT_ICECORES,,292.34,291.66,293.02,1sigma,final,,,60.99
co2.bereiter-2015.800k,ANT_ICECORES,,290.92,289.76,292.08,1sigma,final,,,60.13
co2.bereiter-2015.800k,ANT_ICECORES,,295.17,294.54,295.8,1sigma,final,,,57.61
co2.bereiter-2015.800k,ANT_ICECORES,,294.86,293.14,296.58,1sigma,final,,,57.12
co2.bereiter-2015.800k,ANT_ICECORES,,295.32,294.68,295.96,1sigma,final,,,56.94
co2.bereiter-2015.800k,ANT_ICECORES,,293.17,291.45,294.89,1sigma,final,,,56.34
co2.bereiter-2015.800k,ANT_ICECORES,,293.81,292.87,294.75,1sigma,final,,,56.24
co2.bereiter-2015.800k,ANT_ICECORES,,295.28,294.65,295.91,1sigma,final,,,51.34
co2.bereiter-2015.800k,ANT_ICECORES,,297.05,294.84,299.26,1sigma,final,,,51.06
co2.bereiter-2015.800k,ANT_ICECORES,,294.22,293.06,295.38,1sigma,final,,,49.82
co2.bereiter-2015.800k,ANT_ICECORES,,295.61,294.28,296.94,1sigma,final,,,48.3
co2.bereiter-2015.800k,ANT_ICECORES,,295.99,295.05,296.93,1sigma,final,,,46.09
co2.bereiter-2015.800k,ANT_ICECORES,,299.02,298.39,299.65,1sigma,final,,,44.65
co2.bereiter-2015.800k,ANT_ICECORES,,297.33,296.7,297.96,1sigma,final,,,44.46
co2.bereiter-2015.800k,ANT_ICECORES,,299.63,298.99,300.27,1sigma,final,,,44.23
co2.bereiter-2015.800k,ANT_ICECORES,,301.5,299.29,303.71,1sigma,final,,,41.48
co2.bereiter-2015.800k,ANT_ICECORES,,297.87,296.71,299.03,1sigma,final,,,40.24
co2.bereiter-2015.800k,ANT_ICECORES,,298.11,295.55,300.67,1sigma,final,,,39.28
co2.bereiter-2015.800k,ANT_ICECORES,,297.73,296.01,299.45,1sigma,final,,,38.9
co2.bereiter-2015.800k,ANT_ICECORES,,299.26,297.54,300.98,1sigma,final,,,38.71
co2.bereiter-2015.800k,ANT_ICECORES,,301.3,300.67,301.93,1sigma,final,,,37.48
co2.bereiter-2015.800k,ANT_ICECORES,,300.7,298.25,303.15,1sigma,final,,,35.61
co2.bereiter-2015.800k,ANT_ICECORES,,301.92,301.29,302.55,1sigma,final,,,34.21
co2.bereiter-2015.800k,ANT_ICECORES,,303.85,303.18,304.52,1sigma,final,,,32.13
co2.bereiter-2015.800k,ANT_ICECORES,,304.61,302.4,306.82,1sigma,final,,,31.33
co2.bereiter-2015.800k,ANT_ICECORES,,301.88,300.72,303.04,1sigma,final,,,30.29
co2.bereiter-2015.800k,ANT_ICECORES,,303.18,302.24,304.12,1sigma,final,,,27.49
co2.bereiter-2015.800k,ANT_ICECORES,,306.2,302.38,310.02,1sigma,final,,,27.16
co2.bereiter-2015.800k,ANT_ICECORES,,304.72,303.0,306.44,1sigma,final,,,25.25
co2.bereiter-2015.800k,ANT_ICECORES,,304.97,304.34,305.6,1sigma,final,,,24.69
co2.bereiter-2015.800k,ANT_ICECORES,,308.02,304.84,311.2,1sigma,final,,,22.2
co2.bereiter-2015.800k,ANT_ICECORES,,305.67,305.03,306.31,1sigma,final,,,21.84
co2.bereiter-2015.800k,ANT_ICECORES,,305.71,304.77,306.65,1sigma,final,,,21.46
co2.bereiter-2015.800k,ANT_ICECORES,,305.78,305.14,306.42,1sigma,final,,,21.26
co2.bereiter-2015.800k,ANT_ICECORES,,305.38,305.31,305.45,1sigma,final,,,20.61
co2.bereiter-2015.800k,ANT_ICECORES,,305.74,304.29,307.19,1sigma,final,,,19.17
co2.bereiter-2015.800k,ANT_ICECORES,,308.26,307.63,308.89,1sigma,final,,,17.71
co2.bereiter-2015.800k,ANT_ICECORES,,308.28,306.07,310.49,1sigma,final,,,17.46
co2.bereiter-2015.800k,ANT_ICECORES,,305.94,304.78,307.1,1sigma,final,,,17.22
co2.bereiter-2015.800k,ANT_ICECORES,,307.08,304.52,309.64,1sigma,final,,,16.41
co2.bereiter-2015.800k,ANT_ICECORES,,309.63,309.0,310.26,1sigma,final,,,16.12
co2.bereiter-2015.800k,ANT_ICECORES,,306.32,305.16,307.48,1sigma,final,,,14.94
co2.bereiter-2015.800k,ANT_ICECORES,,307.26,306.1,308.42,1sigma,final,,,14.29
co2.bereiter-2015.800k,ANT_ICECORES,,309.34,306.47,312.21,1sigma,final,,,14.13
co2.bereiter-2015.800k,ANT_ICECORES,,307.41,306.25,308.57,1sigma,final,,,13.14
co2.bereiter-2015.800k,ANT_ICECORES,,312.33,312.2,312.46,1sigma,final,,,12.23
co2.bereiter-2015.800k,ANT_ICECORES,,311.52,309.31,313.73,1sigma,final,,,12.13
co2.bereiter-2015.800k,ANT_ICECORES,,311.94,310.6,313.28,1sigma,final,,,11.87
co2.bereiter-2015.800k,ANT_ICECORES,,308.48,307.84,309.12,1sigma,final,,,11.84
co2.bereiter-2015.800k,ANT_ICECORES,,310.46,308.29,312.63,1sigma,final,,,11.03
co2.bereiter-2015.800k,ANT_ICECORES,,311.21,310.58,311.84,1sigma,final,,,10.78
co2.bereiter-2015.800k,ANT_ICECORES,,310.95,310.32,311.58,1sigma,final,,,10.41
co2.bereiter-2015.800k,ANT_ICECORES,,309.8,309.16,310.44,1sigma,final,,,10.03
co2.bereiter-2015.800k,ANT_ICECORES,,307.74,306.58,308.9,1sigma,final,,,9.25
co2.bereiter-2015.800k,ANT_ICECORES,,311.8,309.59,314.01,1sigma,final,,,9.16
co2.bereiter-2015.800k,ANT_ICECORES,,312.39,310.18,314.6,1sigma,final,,,8.22
co2.bereiter-2015.800k,ANT_ICECORES,,312.84,310.28,315.4,1sigma,final,,,7.96
co2.bereiter-2015.800k,ANT_ICECORES,,311.88,309.11,314.65,1sigma,final,,,7.79
co2.bereiter-2015.800k,ANT_ICECORES,,312.36,310.15,314.57,1sigma,final,,,6.43
co2.bereiter-2015.800k,ANT_ICECORES,,310.22,309.59,310.85,1sigma,final,,,5.49
co2.bereiter-2015.800k,ANT_ICECORES,,311.28,310.87,311.69,1sigma,final,,,5.24
co2.bereiter-2015.800k,ANT_ICECORES,,310.44,307.88,313.0,1sigma,final,,,5.04
co2.bereiter-2015.800k,ANT_ICECORES,,311.81,308.69,314.93,1sigma,final,,,4.61
co2.bereiter-2015.800k,ANT_ICECORES,,311.97,309.89,314.05,1sigma,final,,,4.44
co2.bereiter-2015.800k,ANT_ICECORES,,312.56,310.35,314.77,1sigma,final,,,4.38
co2.bereiter-2015.800k,ANT_ICECORES,,312.87,310.66,315.08,1sigma,final,,,3.37
co2.bereiter-2015.800k,ANT_ICECORES,,310.36,309.73,310.99,1sigma,final,,,3.34
co2.bereiter-2015.800k,ANT_ICECORES,,311.57,309.36,313.78,1sigma,final,,,2.29
co2.bereiter-2015.800k,ANT_ICECORES,,309.69,309.28,310.1,1sigma,final,,,1.23
co2.bereiter-2015.800k,ANT_ICECORES,,313.66,311.45,315.87,1sigma,final,,,0.33
co2.bereiter-2015.800k,ANT_ICECORES,,312.0,311.36,312.64,1sigma,final,,,-0.25
co2.bereiter-2015.800k,ANT_ICECORES,,312.18,311.77,312.59,1sigma,final,,,-2.38
co2.bereiter-2015.800k,ANT_ICECORES,,312.22,310.8,313.64,1sigma,final,,,-3.56
co2.bereiter-2015.800k,ANT_ICECORES,,312.8,312.17,313.43,1sigma,final,,,-3.71
co2.bereiter-2015.800k,ANT_ICECORES,,313.17,312.54,313.8,1sigma,final,,,-3.79
co2.bereiter-2015.800k,ANT_ICECORES,,314.71,312.5,316.92,1sigma,final,,,-4.8
co2.bereiter-2015.800k,ANT_ICECORES,,315.34,314.7,315.98,1sigma,final,,,-6.16
co2.bereiter-2015.800k,ANT_ICECORES,,314.44,313.65,315.23,1sigma,final,,,-7.1
co2.bereiter-2015.800k,ANT_ICECORES,,316.33,316.2,316.46,1sigma,final,,,-7.2
co2.bereiter-2015.800k,ANT_ICECORES,,315.27,314.11,316.43,1sigma,final,,,-7.26
co2.bereiter-2015.800k,ANT_ICECORES,,314.57,314.16,314.98,1sigma,final,,,-7.87
co2.bereiter-2015.800k,ANT_ICECORES,,316.1,314.38,317.82,1sigma,final,,,-8.1
co2.bereiter-2015.800k,ANT_ICECORES,,316.33,315.39,317.27,1sigma,final,,,-8.56
co2.bereiter-2015.800k,ANT_ICECORES,,311.98,310.17,313.79,1sigma,final,,,-9.09
co2.bereiter-2015.800k,ANT_ICECORES,,313.09,311.28,314.9,1sigma,final,,,-10.31
co2.bereiter-2015.800k,ANT_ICECORES,,318.21,316.49,319.93,1sigma,final,,,-10.57
co2.bereiter-2015.800k,ANT_ICECORES,,316.59,315.95,317.23,1sigma,final,,,-11.72
co2.bereiter-2015.800k,ANT_ICECORES,,317.52,316.89,318.15,1sigma,final,,,-12.32
co2.bereiter-2015.800k,ANT_ICECORES,,319.14,318.51,319.77,1sigma,final,,,-12.4
co2.bereiter-2015.800k,ANT_ICECORES,,317.45,316.82,318.08,1sigma,final,,,-12.54
co2.bereiter-2015.800k,ANT_ICECORES,,318.61,317.71,319.51,1sigma,final,,,-12.62
co2.bereiter-2015.800k,ANT_ICECORES,,319.07,318.44,319.7,1sigma,final,,,-13.2
co2.bereiter-2015.800k,ANT_ICECORES,,319.12,318.18,320.06,1sigma,final,,,-13.56
co2.bereiter-2015.800k,ANT_ICECORES,,319.89,319.26,320.52,1sigma,final,,,-15.23
co2.bereiter-2015.800k,ANT_ICECORES,,319.2,318.25,320.15,1sigma,final,,,-15.3
co2.bereiter-2015.800k,ANT_ICECORES,,320.98,319.24,322.72,1sigma,final,,,-15.87
co2.bereiter-2015.800k,ANT_ICECORES,,322.17,320.83,323.51,1sigma,final,,,-16.55
co2.bereiter-2015.800k,ANT_ICECORES,,320.49,319.33,321.65,1sigma,final,,,-16.79
co2.bereiter-2015.800k,ANT_ICECORES,,320.38,319.22,321.54,1sigma,final,,,-18.54
co2.bereiter-2015.800k,ANT_ICECORES,,324.09,323.46,324.72,1sigma,final,,,-18.81
co2.bereiter-2015.800k,ANT_ICECORES,,325.08,324.45,325.71,1sigma,final,,,-18.98
co2.bereiter-2015.800k,ANT_ICECORES,,324.71,324.08,325.34,1sigma,final,,,-19.42
co2.bereiter-2015.800k,ANT_ICECORES,,324.56,323.93,325.19,1sigma,final,,,-20.22
co2.bereiter-2015.800k,ANT_ICECORES,,324.91,324.73,325.09,1sigma,final,,,-20.64
co2.bereiter-2015.800k,ANT_ICECORES,,326.65,325.49,327.81,1sigma,final,,,-20.66
co2.bereiter-2015.800k,ANT_ICECORES,,326.31,324.97,327.65,1sigma,final,,,-20.87
co2.bereiter-2015.800k,ANT_ICECORES,,330.35,328.14,332.56,1sigma,final,,,-22.04
co2.bereiter-2015.800k,ANT_ICECORES,,328.42,327.79,329.05,1sigma,final,,,-22.09
co2.bereiter-2015.800k,ANT_ICECORES,,331.55,330.92,332.18,1sigma,final,,,-24.13
co2.bereiter-2015.800k,ANT_ICECORES,,332.37,332.33,332.41,1sigma,final,,,-25.57
co2.bereiter-2015.800k,ANT_ICECORES,,332.37,331.1,333.64,1sigma,final,,,-26.67
co2.bereiter-2015.800k,ANT_ICECORES,,335.55,334.92,336.18,1sigma,final,,,-26.8
co2.bereiter-2015.800k,ANT_ICECORES,,334.85,334.48,335.22,1sigma,final,,,-29.14
co2.bereiter-2015.800k,ANT_ICECORES,,339.46,339.16,339.76,1sigma,final,,,-33.03
co2.bereiter-2015.800k,ANT_ICECORES,,341.33,341.23,341.43,1sigma,final,,,-33.08
co2.bereiter-2015.800k,ANT_ICECORES,,342.05,341.59,342.51,1sigma,final,,,-34.92
co2.bereiter-2015.800k,ANT_ICECORES,,343.11,342.97,343.25,1sigma,final,,,-35.76
co2.bereiter-2015.800k,ANT_ICECORES,,343.97,343.91,344.03,1sigma,final,,,-36.14
co2.bereiter-2015.800k,ANT_ICECORES,,344.72,344.63,344.81,1sigma,final,,,-36.62
co2.bereiter-2015.800k,ANT_ICECORES,,345.44,345.41,345.47,1sigma,final,,,-37.21
co2.bereiter-2015.800k,ANT_ICECORES,,347.6,347.2,348.0,1sigma,final,,,-38.07
co2.bereiter-2015.800k,ANT_ICECORES,,349.28,349.15,349.41,1sigma,final,,,-38.97
co2.bereiter-2015.800k,ANT_ICECORES,,349.8,349.66,349.94,1sigma,final,,,-39.41
co2.bereiter-2015.800k,ANT_ICECORES,,350.81,350.65,350.97,1sigma,final,,,-39.97
co2.bereiter-2015.800k,ANT_ICECORES,,352.42,352.32,352.52,1sigma,final,,,-41.13
co2.bereiter-2015.800k,ANT_ICECORES,,353.72,353.5,353.94,1sigma,final,,,-42.31
co2.bereiter-2015.800k,ANT_ICECORES,,353.95,353.91,353.99,1sigma,final,,,-43.08
co2.bereiter-2015.800k,ANT_ICECORES,,357.11,356.95,357.27,1sigma,final,,,-44.41
co2.bereiter-2015.800k,ANT_ICECORES,,359.65,359.55,359.75,1sigma,final,,,-46.28
co2.bereiter-2015.800k,ANT_ICECORES,,361.78,361.41,362.15,1sigma,final,,,-48.0
co2.bereiter-2015.800k,ANT_ICECORES,,368.02,367.96,368.08,1sigma,final,,,-51.03
