# Share of electricity from clean sources, by country
# Indicator: electricity.ember.clean-share-by-country (vintage 2026-09-22); unit: percent of electricity generation (percent)
# Source: Ember <https://ember-energy.org/data/yearly-electricity-data/>
# Credit: Ember, Yearly Electricity Data (file of 2026-09-22), CC BY 4.0.
# Licence: CC BY 4.0 <https://creativecommons.org/licenses/by/4.0/>
# Provenance and processing: https://environmentdashboard.org/data/electricity/ember/clean-share-by-country
indicator_id,entity,period,value,lower,upper,interval,status,note,missing_reason,age_bp
electricity.ember.clean-share-by-country,ABW,2000,0.0,,,,final,,,
electricity.ember.clean-share-by-country,ABW,2001,0.0,,,,final,,,
electricity.ember.clean-share-by-country,ABW,2002,0.0,,,,final,,,
electricity.ember.clean-share-by-country,ABW,2003,0.0,,,,final,,,
electricity.ember.clean-share-by-country,ABW,2004,0.0,,,,final,,,
electricity.ember.clean-share-by-country,ABW,2005,0.0,,,,final,,,
electricity.ember.clean-share-by-country,ABW,2006,0.0,,,,final,,,
electricity.ember.clean-share-by-country,ABW,2007,0.0,,,,final,,,
electricity.ember.clean-share-by-country,ABW,2008,0.0,,,,final,,,
electricity.ember.clean-share-by-country,ABW,2009,3.158,,,,final,,,
electricity.ember.clean-share-by-country,ABW,2010,11.702,,,,final,,,
electricity.ember.clean-share-by-country,ABW,2011,11.828,,,,final,,,
electricity.ember.clean-share-by-country,ABW,2012,15.217,,,,final,,,
electricity.ember.clean-share-by-country,ABW,2013,15.957,,,,final,,,
electricity.ember.clean-share-by-country,ABW,2014,17.021,,,,final,,,
electricity.ember.clean-share-by-country,ABW,2015,18.557,,,,final,,,
electricity.ember.clean-share-by-country,ABW,2016,14.894,,,,final,,,
electricity.ember.clean-share-by-country,ABW,2017,14.433,,,,final,,,
electricity.ember.clean-share-by-country,ABW,2018,16.495,,,,final,,,
electricity.ember.clean-share-by-country,ABW,2019,17.172,,,,final,,,
electricity.ember.clean-share-by-country,ABW,2020,17.172,,,,final,,,
electricity.ember.clean-share-by-country,ABW,2021,17.0,,,,final,,,
electricity.ember.clean-share-by-country,ABW,2022,17.0,,,,final,,,
electricity.ember.clean-share-by-country,ABW,2023,17.0,,,,final,,,
electricity.ember.clean-share-by-country,ABW,2024,17.0,,,,final,,,
electricity.ember.clean-share-by-country,AFG,2000,64.583,,,,final,,,
electricity.ember.clean-share-by-country,AFG,2001,72.464,,,,final,,,
electricity.ember.clean-share-by-country,AFG,2002,78.873,,,,final,,,
electricity.ember.clean-share-by-country,AFG,2003,69.231,,,,final,,,
electricity.ember.clean-share-by-country,AFG,2004,70.886,,,,final,,,
electricity.ember.clean-share-by-country,AFG,2005,71.951,,,,final,,,
electricity.ember.clean-share-by-country,AFG,2006,71.111,,,,final,,,
electricity.ember.clean-share-by-country,AFG,2007,74.257,,,,final,,,
electricity.ember.clean-share-by-country,AFG,2008,69.231,,,,final,,,
electricity.ember.clean-share-by-country,AFG,2009,87.64,,,,final,,,
electricity.ember.clean-share-by-country,AFG,2010,85.227,,,,final,,,
electricity.ember.clean-share-by-country,AFG,2011,77.922,,,,final,,,
electricity.ember.clean-share-by-country,AFG,2012,84.091,,,,final,,,
electricity.ember.clean-share-by-country,AFG,2013,80.18,,,,final,,,
electricity.ember.clean-share-by-country,AFG,2014,86.207,,,,final,,,
electricity.ember.clean-share-by-country,AFG,2015,87.288,,,,final,,,
electricity.ember.clean-share-by-country,AFG,2016,87.603,,,,final,,,
electricity.ember.clean-share-by-country,AFG,2017,86.508,,,,final,,,
electricity.ember.clean-share-by-country,AFG,2018,82.906,,,,final,,,
electricity.ember.clean-share-by-country,AFG,2019,87.671,,,,final,,,
electricity.ember.clean-share-by-country,AFG,2020,89.831,,,,final,,,
electricity.ember.clean-share-by-country,AFG,2021,87.736,,,,final,,,
electricity.ember.clean-share-by-country,AFG,2022,86.458,,,,final,,,
electricity.ember.clean-share-by-country,AFG,2023,86.598,,,,final,,,
electricity.ember.clean-share-by-country,AFG,2024,86.869,,,,final,,,
electricity.ember.clean-share-by-country,AGO,2000,63.194,,,,final,,,
electricity.ember.clean-share-by-country,AGO,2001,62.195,,,,final,,,
electricity.ember.clean-share-by-country,AGO,2002,64.773,,,,final,,,
electricity.ember.clean-share-by-country,AGO,2003,62.312,,,,final,,,
electricity.ember.clean-share-by-country,AGO,2004,78.125,,,,final,,,
electricity.ember.clean-share-by-country,AGO,2005,84.411,,,,final,,,
electricity.ember.clean-share-by-country,AGO,2006,85.235,,,,final,,,
electricity.ember.clean-share-by-country,AGO,2007,76.852,,,,final,,,
electricity.ember.clean-share-by-country,AGO,2008,77.778,,,,final,,,
electricity.ember.clean-share-by-country,AGO,2009,66.599,,,,final,,,
electricity.ember.clean-share-by-country,AGO,2010,67.949,,,,final,,,
electricity.ember.clean-share-by-country,AGO,2011,71.025,,,,final,,,
electricity.ember.clean-share-by-country,AGO,2012,70.984,,,,final,,,
electricity.ember.clean-share-by-country,AGO,2013,58.037,,,,final,,,
electricity.ember.clean-share-by-country,AGO,2014,52.824,,,,final,,,
electricity.ember.clean-share-by-country,AGO,2015,54.601,,,,final,,,
electricity.ember.clean-share-by-country,AGO,2016,58.561,,,,final,,,
electricity.ember.clean-share-by-country,AGO,2017,71.415,,,,final,,,
electricity.ember.clean-share-by-country,AGO,2018,79.452,,,,final,,,
electricity.ember.clean-share-by-country,AGO,2019,73.198,,,,final,,,
electricity.ember.clean-share-by-country,AGO,2020,75.61,,,,final,,,
electricity.ember.clean-share-by-country,AGO,2021,75.43,,,,final,,,
electricity.ember.clean-share-by-country,AGO,2022,75.563,,,,final,,,
electricity.ember.clean-share-by-country,AGO,2023,74.032,,,,final,,,
electricity.ember.clean-share-by-country,AGO,2024,73.701,,,,final,,,
electricity.ember.clean-share-by-country,ALB,2000,96.195,,,,final,,,
electricity.ember.clean-share-by-country,ALB,2001,95.393,,,,final,,,
electricity.ember.clean-share-by-country,ALB,2002,93.801,,,,final,,,
electricity.ember.clean-share-by-country,ALB,2003,97.897,,,,final,,,
electricity.ember.clean-share-by-country,ALB,2004,97.477,,,,final,,,
electricity.ember.clean-share-by-country,ALB,2005,98.701,,,,final,,,
electricity.ember.clean-share-by-country,ALB,2006,98.214,,,,final,,,
electricity.ember.clean-share-by-country,ALB,2007,97.527,,,,final,,,
electricity.ember.clean-share-by-country,ALB,2008,100.0,,,,final,,,
electricity.ember.clean-share-by-country,ALB,2009,100.0,,,,final,,,
electricity.ember.clean-share-by-country,ALB,2010,100.0,,,,final,,,
electricity.ember.clean-share-by-country,ALB,2011,98.568,,,,final,,,
electricity.ember.clean-share-by-country,ALB,2012,100.0,,,,final,,,
electricity.ember.clean-share-by-country,ALB,2013,100.0,,,,final,,,
electricity.ember.clean-share-by-country,ALB,2014,100.0,,,,final,,,
electricity.ember.clean-share-by-country,ALB,2015,100.0,,,,final,,,
electricity.ember.clean-share-by-country,ALB,2016,100.0,,,,final,,,
electricity.ember.clean-share-by-country,ALB,2017,100.0,,,,final,,,
electricity.ember.clean-share-by-country,ALB,2018,100.0,,,,final,,,
electricity.ember.clean-share-by-country,ALB,2019,100.0,,,,final,,,
electricity.ember.clean-share-by-country,ALB,2020,100.0,,,,final,,,
electricity.ember.clean-share-by-country,ALB,2021,100.0,,,,final,,,
electricity.ember.clean-share-by-country,ALB,2022,100.0,,,,final,,,
electricity.ember.clean-share-by-country,ALB,2023,100.0,,,,final,,,
electricity.ember.clean-share-by-country,ALB,2024,100.0,,,,final,,,
electricity.ember.clean-share-by-country,ARE,2000,0.0,,,,final,,,
electricity.ember.clean-share-by-country,ARE,2001,0.0,,,,final,,,
electricity.ember.clean-share-by-country,ARE,2002,0.0,,,,final,,,
electricity.ember.clean-share-by-country,ARE,2003,0.0,,,,final,,,
electricity.ember.clean-share-by-country,ARE,2004,0.0,,,,final,,,
electricity.ember.clean-share-by-country,ARE,2005,0.0,,,,final,,,
electricity.ember.clean-share-by-country,ARE,2006,0.0,,,,final,,,
electricity.ember.clean-share-by-country,ARE,2007,0.0,,,,final,,,
electricity.ember.clean-share-by-country,ARE,2008,0.0,,,,final,,,
electricity.ember.clean-share-by-country,ARE,2009,0.012,,,,final,,,
electricity.ember.clean-share-by-country,ARE,2010,0.021,,,,final,,,
electricity.ember.clean-share-by-country,ARE,2011,0.02,,,,final,,,
electricity.ember.clean-share-by-country,ARE,2012,0.019,,,,final,,,
electricity.ember.clean-share-by-country,ARE,2013,0.082,,,,final,,,
electricity.ember.clean-share-by-country,ARE,2014,0.266,,,,final,,,
electricity.ember.clean-share-by-country,ARE,2015,0.236,,,,final,,,
electricity.ember.clean-share-by-country,ARE,2016,0.247,,,,final,,,
electricity.ember.clean-share-by-country,ARE,2017,0.557,,,,final,,,
electricity.ember.clean-share-by-country,ARE,2018,0.882,,,,final,,,
electricity.ember.clean-share-by-country,ARE,2019,2.644,,,,final,,,
electricity.ember.clean-share-by-country,ARE,2020,4.96,,,,final,,,
electricity.ember.clean-share-by-country,ARE,2021,11.271,,,,final,,,
electricity.ember.clean-share-by-country,ARE,2022,17.919,,,,final,,,
electricity.ember.clean-share-by-country,ARE,2023,29.314,,,,final,,,
electricity.ember.clean-share-by-country,ARE,2024,31.733,,,,final,,,
electricity.ember.clean-share-by-country,ARG,2000,39.537,,,,final,,,
electricity.ember.clean-share-by-country,ARG,2001,48.868,,,,final,,,
electricity.ember.clean-share-by-country,ARG,2002,49.888,,,,final,,,
electricity.ember.clean-share-by-country,ARG,2003,45.976,,,,final,,,
electricity.ember.clean-share-by-country,ARG,2004,39.168,,,,final,,,
electricity.ember.clean-share-by-country,ARG,2005,39.792,,,,final,,,
electricity.ember.clean-share-by-country,ARG,2006,41.312,,,,final,,,
electricity.ember.clean-share-by-country,ARG,2007,34.884,,,,final,,,
electricity.ember.clean-share-by-country,ARG,2008,32.68,,,,final,,,
electricity.ember.clean-share-by-country,ARG,2009,35.996,,,,final,,,
electricity.ember.clean-share-by-country,ARG,2010,33.317,,,,final,,,
electricity.ember.clean-share-by-country,ARG,2011,30.126,,,,final,,,
electricity.ember.clean-share-by-country,ARG,2012,27.489,,,,final,,,
electricity.ember.clean-share-by-country,ARG,2013,29.387,,,,final,,,
electricity.ember.clean-share-by-country,ARG,2014,28.909,,,,final,,,
electricity.ember.clean-share-by-country,ARG,2015,28.517,,,,final,,,
electricity.ember.clean-share-by-country,ARG,2016,27.021,,,,final,,,
electricity.ember.clean-share-by-country,ARG,2017,27.313,,,,final,,,
electricity.ember.clean-share-by-country,ARG,2018,28.676,,,,final,,,
electricity.ember.clean-share-by-country,ARG,2019,30.975,,,,final,,,
electricity.ember.clean-share-by-country,ARG,2020,32.239,,,,final,,,
electricity.ember.clean-share-by-country,ARG,2021,30.826,,,,final,,,
electricity.ember.clean-share-by-country,ARG,2022,34.16,,,,final,,,
electricity.ember.clean-share-by-country,ARG,2023,40.798,,,,final,,,
electricity.ember.clean-share-by-country,ARG,2024,41.237,,,,final,,,
electricity.ember.clean-share-by-country,ARG,2025,41.609,,,,preliminary,"2025 is the latest year in Ember's file, which has no estimate flag; Ember's methodology says that for the most recent years it estimates annual generation from monthly data.",,
electricity.ember.clean-share-by-country,ARM,2000,53.46,,,,final,,,
electricity.ember.clean-share-by-country,ARM,2001,51.394,,,,final,,,
electricity.ember.clean-share-by-country,ARM,2002,70.245,,,,final,,,
electricity.ember.clean-share-by-country,ARM,2003,71.321,,,,final,,,
electricity.ember.clean-share-by-country,ARM,2004,72.193,,,,final,,,
electricity.ember.clean-share-by-country,ARM,2005,69.901,,,,final,,,
electricity.ember.clean-share-by-country,ARM,2006,74.081,,,,final,,,
electricity.ember.clean-share-by-country,ARM,2007,73.721,,,,final,,,
electricity.ember.clean-share-by-country,ARM,2008,68.644,,,,final,,,
electricity.ember.clean-share-by-country,ARM,2009,78.86,,,,final,,,
electricity.ember.clean-share-by-country,ARM,2010,77.033,,,,final,,,
electricity.ember.clean-share-by-country,ARM,2011,66.852,,,,final,,,
electricity.ember.clean-share-by-country,ARM,2012,56.522,,,,final,,,
electricity.ember.clean-share-by-country,ARM,2013,57.677,,,,final,,,
electricity.ember.clean-share-by-country,ARM,2014,56.308,,,,final,,,
electricity.ember.clean-share-by-country,ARM,2015,62.914,,,,final,,,
electricity.ember.clean-share-by-country,ARM,2016,63.662,,,,final,,,
electricity.ember.clean-share-by-country,ARM,2017,61.886,,,,final,,,
electricity.ember.clean-share-by-country,ARM,2018,55.468,,,,final,,,
electricity.ember.clean-share-by-country,ARM,2019,59.279,,,,final,,,
electricity.ember.clean-share-by-country,ARM,2020,58.508,,,,final,,,
electricity.ember.clean-share-by-country,ARM,2021,56.218,,,,final,,,
electricity.ember.clean-share-by-country,ARM,2022,60.729,,,,final,,,
electricity.ember.clean-share-by-country,ARM,2023,56.994,,,,final,,,
electricity.ember.clean-share-by-country,ARM,2024,61.019,,,,final,,,
electricity.ember.clean-share-by-country,ARM,2025,60.277,,,,preliminary,"2025 is the latest year in Ember's file, which has no estimate flag; Ember's methodology says that for the most recent years it estimates annual generation from monthly data.",,
electricity.ember.clean-share-by-country,ASM,2000,0.0,,,,final,,,
electricity.ember.clean-share-by-country,ASM,2001,0.0,,,,final,,,
electricity.ember.clean-share-by-country,ASM,2002,0.0,,,,final,,,
electricity.ember.clean-share-by-country,ASM,2003,0.0,,,,final,,,
electricity.ember.clean-share-by-country,ASM,2004,0.0,,,,final,,,
electricity.ember.clean-share-by-country,ASM,2005,0.0,,,,final,,,
electricity.ember.clean-share-by-country,ASM,2006,0.0,,,,final,,,
electricity.ember.clean-share-by-country,ASM,2007,0.0,,,,final,,,
electricity.ember.clean-share-by-country,ASM,2008,0.0,,,,final,,,
electricity.ember.clean-share-by-country,ASM,2009,0.0,,,,final,,,
electricity.ember.clean-share-by-country,ASM,2010,0.0,,,,final,,,
electricity.ember.clean-share-by-country,ASM,2011,0.0,,,,final,,,
electricity.ember.clean-share-by-country,ASM,2012,0.0,,,,final,,,
electricity.ember.clean-share-by-country,ASM,2013,0.0,,,,final,,,
electricity.ember.clean-share-by-country,ASM,2014,0.0,,,,final,,,
electricity.ember.clean-share-by-country,ASM,2015,0.0,,,,final,,,
electricity.ember.clean-share-by-country,ASM,2016,0.0,,,,final,,,
electricity.ember.clean-share-by-country,ASM,2017,0.0,,,,final,,,
electricity.ember.clean-share-by-country,ASM,2018,0.0,,,,final,,,
electricity.ember.clean-share-by-country,ASM,2019,0.0,,,,final,,,
electricity.ember.clean-share-by-country,ASM,2020,0.0,,,,final,,,
electricity.ember.clean-share-by-country,ASM,2021,0.0,,,,final,,,
electricity.ember.clean-share-by-country,ASM,2022,5.556,,,,final,,,
electricity.ember.clean-share-by-country,ASM,2023,0.0,,,,final,,,
electricity.ember.clean-share-by-country,ASM,2024,5.556,,,,final,,,
electricity.ember.clean-share-by-country,ATG,2000,0.0,,,,final,,,
electricity.ember.clean-share-by-country,ATG,2001,0.0,,,,final,,,
electricity.ember.clean-share-by-country,ATG,2002,0.0,,,,final,,,
electricity.ember.clean-share-by-country,ATG,2003,0.0,,,,final,,,
electricity.ember.clean-share-by-country,ATG,2004,0.0,,,,final,,,
electricity.ember.clean-share-by-country,ATG,2005,0.0,,,,final,,,
electricity.ember.clean-share-by-country,ATG,2006,0.0,,,,final,,,
electricity.ember.clean-share-by-country,ATG,2007,0.0,,,,final,,,
electricity.ember.clean-share-by-country,ATG,2008,0.0,,,,final,,,
electricity.ember.clean-share-by-country,ATG,2009,0.0,,,,final,,,
electricity.ember.clean-share-by-country,ATG,2010,0.0,,,,final,,,
electricity.ember.clean-share-by-country,ATG,2011,0.0,,,,final,,,
electricity.ember.clean-share-by-country,ATG,2012,0.0,,,,final,,,
electricity.ember.clean-share-by-country,ATG,2013,0.0,,,,final,,,
electricity.ember.clean-share-by-country,ATG,2014,0.0,,,,final,,,
electricity.ember.clean-share-by-country,ATG,2015,2.857,,,,final,,,
electricity.ember.clean-share-by-country,ATG,2016,0.0,,,,final,,,
electricity.ember.clean-share-by-country,ATG,2017,2.857,,,,final,,,
electricity.ember.clean-share-by-country,ATG,2018,2.778,,,,final,,,
electricity.ember.clean-share-by-country,ATG,2019,2.778,,,,final,,,
electricity.ember.clean-share-by-country,ATG,2020,5.714,,,,final,,,
electricity.ember.clean-share-by-country,ATG,2021,5.714,,,,final,,,
electricity.ember.clean-share-by-country,ATG,2022,5.556,,,,final,,,
electricity.ember.clean-share-by-country,ATG,2023,5.556,,,,final,,,
electricity.ember.clean-share-by-country,ATG,2024,8.108,,,,final,,,
electricity.ember.clean-share-by-country,AUS,2000,8.089,,,,final,,,
electricity.ember.clean-share-by-country,AUS,2001,7.696,,,,final,,,
electricity.ember.clean-share-by-country,AUS,2002,8.032,,,,final,,,
electricity.ember.clean-share-by-country,AUS,2003,8.258,,,,final,,,
electricity.ember.clean-share-by-country,AUS,2004,8.454,,,,final,,,
electricity.ember.clean-share-by-country,AUS,2005,8.98,,,,final,,,
electricity.ember.clean-share-by-country,AUS,2006,8.883,,,,final,,,
electricity.ember.clean-share-by-country,AUS,2007,8.343,,,,final,,,
electricity.ember.clean-share-by-country,AUS,2008,7.792,,,,final,,,
electricity.ember.clean-share-by-country,AUS,2009,8.067,,,,final,,,
electricity.ember.clean-share-by-country,AUS,2010,8.83,,,,final,,,
electricity.ember.clean-share-by-country,AUS,2011,11.944,,,,final,,,
electricity.ember.clean-share-by-country,AUS,2012,12.076,,,,final,,,
electricity.ember.clean-share-by-country,AUS,2013,14.237,,,,final,,,
electricity.ember.clean-share-by-country,AUS,2014,13.228,,,,final,,,
electricity.ember.clean-share-by-country,AUS,2015,14.095,,,,final,,,
electricity.ember.clean-share-by-country,AUS,2016,16.164,,,,final,,,
electricity.ember.clean-share-by-country,AUS,2017,15.133,,,,final,,,
electricity.ember.clean-share-by-country,AUS,2018,18.844,,,,final,,,
electricity.ember.clean-share-by-country,AUS,2019,20.782,,,,final,,,
electricity.ember.clean-share-by-country,AUS,2020,24.243,,,,final,,,
electricity.ember.clean-share-by-country,AUS,2021,28.891,,,,final,,,
electricity.ember.clean-share-by-country,AUS,2022,32.039,,,,final,,,
electricity.ember.clean-share-by-country,AUS,2023,34.81,,,,final,,,
electricity.ember.clean-share-by-country,AUS,2024,35.077,,,,final,,,
electricity.ember.clean-share-by-country,AUS,2025,38.705,,,,preliminary,"2025 is the latest year in Ember's file, which has no estimate flag; Ember's methodology says that for the most recent years it estimates annual generation from monthly data.",,
electricity.ember.clean-share-by-country,AUT,2000,72.837,,,,final,,,
electricity.ember.clean-share-by-country,AUT,2001,69.269,,,,final,,,
electricity.ember.clean-share-by-country,AUT,2002,69.108,,,,final,,,
electricity.ember.clean-share-by-country,AUT,2003,60.79,,,,final,,,
electricity.ember.clean-share-by-country,AUT,2004,64.058,,,,final,,,
electricity.ember.clean-share-by-country,AUT,2005,63.508,,,,final,,,
electricity.ember.clean-share-by-country,AUT,2006,65.359,,,,final,,,
electricity.ember.clean-share-by-country,AUT,2007,68.709,,,,final,,,
electricity.ember.clean-share-by-country,AUT,2008,69.167,,,,final,,,
electricity.ember.clean-share-by-country,AUT,2009,71.258,,,,final,,,
electricity.ember.clean-share-by-country,AUT,2010,66.337,,,,final,,,
electricity.ember.clean-share-by-country,AUT,2011,65.772,,,,final,,,
electricity.ember.clean-share-by-country,AUT,2012,74.771,,,,final,,,
electricity.ember.clean-share-by-country,AUT,2013,78.234,,,,final,,,
electricity.ember.clean-share-by-country,AUT,2014,81.56,,,,final,,,
electricity.ember.clean-share-by-country,AUT,2015,77.031,,,,final,,,
electricity.ember.clean-share-by-country,AUT,2016,78.742,,,,final,,,
electricity.ember.clean-share-by-country,AUT,2017,76.092,,,,final,,,
electricity.ember.clean-share-by-country,AUT,2018,77.408,,,,final,,,
electricity.ember.clean-share-by-country,AUT,2019,77.295,,,,final,,,
electricity.ember.clean-share-by-country,AUT,2020,80.284,,,,final,,,
electricity.ember.clean-share-by-country,AUT,2021,79.121,,,,final,,,
electricity.ember.clean-share-by-country,AUT,2022,78.191,,,,final,,,
electricity.ember.clean-share-by-country,AUT,2023,84.756,,,,final,,,
electricity.ember.clean-share-by-country,AUT,2024,86.226,,,,final,,,
electricity.ember.clean-share-by-country,AUT,2025,83.624,,,,preliminary,"2025 is the latest year in Ember's file, which has no estimate flag; Ember's methodology says that for the most recent years it estimates annual generation from monthly data.",,
electricity.ember.clean-share-by-country,AZE,2000,8.137,,,,final,,,
electricity.ember.clean-share-by-country,AZE,2001,6.804,,,,final,,,
electricity.ember.clean-share-by-country,AZE,2002,10.707,,,,final,,,
electricity.ember.clean-share-by-country,AZE,2003,11.477,,,,final,,,
electricity.ember.clean-share-by-country,AZE,2004,12.569,,,,final,,,
electricity.ember.clean-share-by-country,AZE,2005,13.047,,,,final,,,
electricity.ember.clean-share-by-country,AZE,2006,10.159,,,,final,,,
electricity.ember.clean-share-by-country,AZE,2007,10.724,,,,final,,,
electricity.ember.clean-share-by-country,AZE,2008,10.222,,,,final,,,
electricity.ember.clean-share-by-country,AZE,2009,12.149,,,,final,,,
electricity.ember.clean-share-by-country,AZE,2010,18.265,,,,final,,,
electricity.ember.clean-share-by-country,AZE,2011,13.074,,,,final,,,
electricity.ember.clean-share-by-country,AZE,2012,7.836,,,,final,,,
electricity.ember.clean-share-by-country,AZE,2013,6.71,,,,final,,,
electricity.ember.clean-share-by-country,AZE,2014,5.562,,,,final,,,
electricity.ember.clean-share-by-country,AZE,2015,6.96,,,,final,,,
electricity.ember.clean-share-by-country,AZE,2016,8.41,,,,final,,,
electricity.ember.clean-share-by-country,AZE,2017,7.762,,,,final,,,
electricity.ember.clean-share-by-country,AZE,2018,7.76,,,,final,,,
electricity.ember.clean-share-by-country,AZE,2019,6.898,,,,final,,,
electricity.ember.clean-share-by-country,AZE,2020,5.126,,,,final,,,
electricity.ember.clean-share-by-country,AZE,2021,5.47,,,,final,,,
electricity.ember.clean-share-by-country,AZE,2022,6.358,,,,final,,,
electricity.ember.clean-share-by-country,AZE,2023,6.531,,,,final,,,
electricity.ember.clean-share-by-country,AZE,2024,11.746,,,,final,,,
electricity.ember.clean-share-by-country,AZE,2025,,,,,preliminary,"2025 is the latest year in Ember's file, which has no estimate flag; Ember's methodology says that for the most recent years it estimates annual generation from monthly data.","Not published: Ember's file gives negative generation for Azerbaijan in 2025 (Solar -0.094 TWh), so its Clean share does not describe a generation mix.",
electricity.ember.clean-share-by-country,BDI,2000,100.0,,,,final,,,
electricity.ember.clean-share-by-country,BDI,2001,100.0,,,,final,,,
electricity.ember.clean-share-by-country,BDI,2002,100.0,,,,final,,,
electricity.ember.clean-share-by-country,BDI,2003,100.0,,,,final,,,
electricity.ember.clean-share-by-country,BDI,2004,100.0,,,,final,,,
electricity.ember.clean-share-by-country,BDI,2005,100.0,,,,final,,,
electricity.ember.clean-share-by-country,BDI,2006,100.0,,,,final,,,
electricity.ember.clean-share-by-country,BDI,2007,100.0,,,,final,,,
electricity.ember.clean-share-by-country,BDI,2008,100.0,,,,final,,,
electricity.ember.clean-share-by-country,BDI,2009,100.0,,,,final,,,
electricity.ember.clean-share-by-country,BDI,2010,87.5,,,,final,,,
electricity.ember.clean-share-by-country,BDI,2011,93.333,,,,final,,,
electricity.ember.clean-share-by-country,BDI,2012,100.0,,,,final,,,
electricity.ember.clean-share-by-country,BDI,2013,88.235,,,,final,,,
electricity.ember.clean-share-by-country,BDI,2014,83.333,,,,final,,,
electricity.ember.clean-share-by-country,BDI,2015,83.333,,,,final,,,
electricity.ember.clean-share-by-country,BDI,2016,88.889,,,,final,,,
electricity.ember.clean-share-by-country,BDI,2017,75.0,,,,final,,,
electricity.ember.clean-share-by-country,BDI,2018,71.429,,,,final,,,
electricity.ember.clean-share-by-country,BDI,2019,69.231,,,,final,,,
electricity.ember.clean-share-by-country,BDI,2020,75.676,,,,final,,,
electricity.ember.clean-share-by-country,BDI,2021,69.231,,,,final,,,
electricity.ember.clean-share-by-country,BDI,2022,69.231,,,,final,,,
electricity.ember.clean-share-by-country,BDI,2023,76.0,,,,final,,,
electricity.ember.clean-share-by-country,BDI,2024,75.51,,,,final,,,
electricity.ember.clean-share-by-country,BEL,2000,59.44,,,,final,,,
electricity.ember.clean-share-by-country,BEL,2001,60.32,,,,final,,,
electricity.ember.clean-share-by-country,BEL,2002,59.921,,,,final,,,
electricity.ember.clean-share-by-country,BEL,2003,58.131,,,,final,,,
electricity.ember.clean-share-by-country,BEL,2004,58.871,,,,final,,,
electricity.ember.clean-share-by-country,BEL,2005,58.912,,,,final,,,
electricity.ember.clean-share-by-country,BEL,2006,59.527,,,,final,,,
electricity.ember.clean-share-by-country,BEL,2007,59.578,,,,final,,,
electricity.ember.clean-share-by-country,BEL,2008,60.185,,,,final,,,
electricity.ember.clean-share-by-country,BEL,2009,58.668,,,,final,,,
electricity.ember.clean-share-by-country,BEL,2010,58.588,,,,final,,,
electricity.ember.clean-share-by-country,BEL,2011,63.385,,,,final,,,
electricity.ember.clean-share-by-country,BEL,2012,62.324,,,,final,,,
electricity.ember.clean-share-by-country,BEL,2013,66.333,,,,final,,,
electricity.ember.clean-share-by-country,BEL,2014,64.48,,,,final,,,
electricity.ember.clean-share-by-country,BEL,2015,59.243,,,,final,,,
electricity.ember.clean-share-by-country,BEL,2016,68.521,,,,final,,,
electricity.ember.clean-share-by-country,BEL,2017,67.999,,,,final,,,
electricity.ember.clean-share-by-country,BEL,2018,61.947,,,,final,,,
electricity.ember.clean-share-by-country,BEL,2019,67.936,,,,final,,,
electricity.ember.clean-share-by-country,BEL,2020,65.557,,,,final,,,
electricity.ember.clean-share-by-country,BEL,2021,73.521,,,,final,,,
electricity.ember.clean-share-by-country,BEL,2022,72.416,,,,final,,,
electricity.ember.clean-share-by-country,BEL,2023,73.53,,,,final,,,
electricity.ember.clean-share-by-country,BEL,2024,76.336,,,,final,,,
electricity.ember.clean-share-by-country,BEL,2025,,,,,preliminary,"2025 is the latest year in Ember's file, which has no estimate flag; Ember's methodology says that for the most recent years it estimates annual generation from monthly data.","Not published: Ember's file gives negative generation for Belgium in 2025 (Other fossil -0.349 TWh), so its Clean share does not describe a generation mix.",
electricity.ember.clean-share-by-country,BEN,2000,0.0,,,,final,,,
electricity.ember.clean-share-by-country,BEN,2001,0.0,,,,final,,,
electricity.ember.clean-share-by-country,BEN,2002,0.0,,,,final,,,
electricity.ember.clean-share-by-country,BEN,2003,0.0,,,,final,,,
electricity.ember.clean-share-by-country,BEN,2004,0.0,,,,final,,,
electricity.ember.clean-share-by-country,BEN,2005,0.0,,,,final,,,
electricity.ember.clean-share-by-country,BEN,2006,0.0,,,,final,,,
electricity.ember.clean-share-by-country,BEN,2007,0.0,,,,final,,,
electricity.ember.clean-share-by-country,BEN,2008,0.0,,,,final,,,
electricity.ember.clean-share-by-country,BEN,2009,0.0,,,,final,,,
electricity.ember.clean-share-by-country,BEN,2010,0.0,,,,final,,,
electricity.ember.clean-share-by-country,BEN,2011,0.0,,,,final,,,
electricity.ember.clean-share-by-country,BEN,2012,0.0,,,,final,,,
electricity.ember.clean-share-by-country,BEN,2013,0.0,,,,final,,,
electricity.ember.clean-share-by-country,BEN,2014,0.0,,,,final,,,
electricity.ember.clean-share-by-country,BEN,2015,0.0,,,,final,,,
electricity.ember.clean-share-by-country,BEN,2016,0.0,,,,final,,,
electricity.ember.clean-share-by-country,BEN,2017,0.0,,,,final,,,
electricity.ember.clean-share-by-country,BEN,2018,0.0,,,,final,,,
electricity.ember.clean-share-by-country,BEN,2019,1.852,,,,final,,,
electricity.ember.clean-share-by-country,BEN,2020,1.01,,,,final,,,
electricity.ember.clean-share-by-country,BEN,2021,1.77,,,,final,,,
electricity.ember.clean-share-by-country,BEN,2022,2.02,,,,final,,,
electricity.ember.clean-share-by-country,BEN,2023,3.0,,,,final,,,
electricity.ember.clean-share-by-country,BEN,2024,3.96,,,,final,,,
electricity.ember.clean-share-by-country,BFA,2000,25.641,,,,final,,,
electricity.ember.clean-share-by-country,BFA,2001,13.889,,,,final,,,
electricity.ember.clean-share-by-country,BFA,2002,16.667,,,,final,,,
electricity.ember.clean-share-by-country,BFA,2003,22.222,,,,final,,,
electricity.ember.clean-share-by-country,BFA,2004,21.277,,,,final,,,
electricity.ember.clean-share-by-country,BFA,2005,19.231,,,,final,,,
electricity.ember.clean-share-by-country,BFA,2006,14.545,,,,final,,,
electricity.ember.clean-share-by-country,BFA,2007,18.033,,,,final,,,
electricity.ember.clean-share-by-country,BFA,2008,21.311,,,,final,,,
electricity.ember.clean-share-by-country,BFA,2009,18.571,,,,final,,,
electricity.ember.clean-share-by-country,BFA,2010,22.414,,,,final,,,
electricity.ember.clean-share-by-country,BFA,2011,16.667,,,,final,,,
electricity.ember.clean-share-by-country,BFA,2012,17.188,,,,final,,,
electricity.ember.clean-share-by-country,BFA,2013,16.0,,,,final,,,
electricity.ember.clean-share-by-country,BFA,2014,11.364,,,,final,,,
electricity.ember.clean-share-by-country,BFA,2015,9.901,,,,final,,,
electricity.ember.clean-share-by-country,BFA,2016,16.162,,,,final,,,
electricity.ember.clean-share-by-country,BFA,2017,14.286,,,,final,,,
electricity.ember.clean-share-by-country,BFA,2018,14.439,,,,final,,,
electricity.ember.clean-share-by-country,BFA,2019,16.25,,,,final,,,
electricity.ember.clean-share-by-country,BFA,2020,18.868,,,,final,,,
electricity.ember.clean-share-by-country,BFA,2021,18.129,,,,final,,,
electricity.ember.clean-share-by-country,BFA,2022,15.385,,,,final,,,
electricity.ember.clean-share-by-country,BFA,2023,15.976,,,,final,,,
electricity.ember.clean-share-by-country,BFA,2024,17.16,,,,final,,,
electricity.ember.clean-share-by-country,BGD,2000,5.897,,,,final,,,
electricity.ember.clean-share-by-country,BGD,2001,5.639,,,,final,,,
electricity.ember.clean-share-by-country,BGD,2002,5.541,,,,final,,,
electricity.ember.clean-share-by-country,BGD,2003,5.58,,,,final,,,
electricity.ember.clean-share-by-country,BGD,2004,4.815,,,,final,,,
electricity.ember.clean-share-by-country,BGD,2005,4.748,,,,final,,,
electricity.ember.clean-share-by-country,BGD,2006,4.609,,,,final,,,
electricity.ember.clean-share-by-country,BGD,2007,2.452,,,,final,,,
electricity.ember.clean-share-by-country,BGD,2008,2.805,,,,final,,,
electricity.ember.clean-share-by-country,BGD,2009,1.262,,,,final,,,
electricity.ember.clean-share-by-country,BGD,2010,2.031,,,,final,,,
electricity.ember.clean-share-by-country,BGD,2011,2.216,,,,final,,,
electricity.ember.clean-share-by-country,BGD,2012,1.872,,,,final,,,
electricity.ember.clean-share-by-country,BGD,2013,2.006,,,,final,,,
electricity.ember.clean-share-by-country,BGD,2014,1.392,,,,final,,,
electricity.ember.clean-share-by-country,BGD,2015,1.349,,,,final,,,
electricity.ember.clean-share-by-country,BGD,2016,1.795,,,,final,,,
electricity.ember.clean-share-by-country,BGD,2017,1.756,,,,final,,,
electricity.ember.clean-share-by-country,BGD,2018,1.769,,,,final,,,
electricity.ember.clean-share-by-country,BGD,2019,1.398,,,,final,,,
electricity.ember.clean-share-by-country,BGD,2020,1.463,,,,final,,,
electricity.ember.clean-share-by-country,BGD,2021,1.411,,,,final,,,
electricity.ember.clean-share-by-country,BGD,2022,1.555,,,,final,,,
electricity.ember.clean-share-by-country,BGD,2023,1.708,,,,final,,,
electricity.ember.clean-share-by-country,BGD,2024,1.887,,,,final,,,
electricity.ember.clean-share-by-country,BGD,2025,,,,,preliminary,"2025 is the latest year in Ember's file, which has no estimate flag; Ember's methodology says that for the most recent years it estimates annual generation from monthly data.","Not published: Ember's file gives negative generation for Bangladesh in 2025 (Wind -0.038 TWh), so its Clean share does not describe a generation mix.",
electricity.ember.clean-share-by-country,BGR,2000,51.269,,,,final,,,
electricity.ember.clean-share-by-country,BGR,2001,48.803,,,,final,,,
electricity.ember.clean-share-by-country,BGR,2002,53.089,,,,final,,,
electricity.ember.clean-share-by-country,BGR,2003,47.942,,,,final,,,
electricity.ember.clean-share-by-country,BGR,2004,48.259,,,,final,,,
electricity.ember.clean-share-by-country,BGR,2005,52.29,,,,final,,,
electricity.ember.clean-share-by-country,BGR,2006,52.201,,,,final,,,
electricity.ember.clean-share-by-country,BGR,2007,40.915,,,,final,,,
electricity.ember.clean-share-by-country,BGR,2008,42.032,,,,final,,,
electricity.ember.clean-share-by-country,BGR,2009,44.765,,,,final,,,
electricity.ember.clean-share-by-country,BGR,2010,45.744,,,,final,,,
electricity.ember.clean-share-by-country,BGR,2011,40.432,,,,final,,,
electricity.ember.clean-share-by-country,BGR,2012,45.265,,,,final,,,
electricity.ember.clean-share-by-country,BGR,2013,49.0,,,,final,,,
electricity.ember.clean-share-by-country,BGR,2014,49.574,,,,final,,,
electricity.ember.clean-share-by-country,BGR,2015,49.538,,,,final,,,
electricity.ember.clean-share-by-country,BGR,2016,51.246,,,,final,,,
electricity.ember.clean-share-by-country,BGR,2017,48.35,,,,final,,,
electricity.ember.clean-share-by-country,BGR,2018,54.848,,,,final,,,
electricity.ember.clean-share-by-country,BGR,2019,55.009,,,,final,,,
electricity.ember.clean-share-by-country,BGR,2020,60.04,,,,final,,,
electricity.ember.clean-share-by-country,BGR,2021,56.756,,,,final,,,
electricity.ember.clean-share-by-country,BGR,2022,51.889,,,,final,,,
electricity.ember.clean-share-by-country,BGR,2023,65.394,,,,final,,,
electricity.ember.clean-share-by-country,BGR,2024,71.104,,,,final,,,
electricity.ember.clean-share-by-country,BGR,2025,71.882,,,,preliminary,"2025 is the latest year in Ember's file, which has no estimate flag; Ember's methodology says that for the most recent years it estimates annual generation from monthly data.",,
electricity.ember.clean-share-by-country,BHR,2000,0.0,,,,final,,,
electricity.ember.clean-share-by-country,BHR,2001,0.0,,,,final,,,
electricity.ember.clean-share-by-country,BHR,2002,0.0,,,,final,,,
electricity.ember.clean-share-by-country,BHR,2003,0.0,,,,final,,,
electricity.ember.clean-share-by-country,BHR,2004,0.0,,,,final,,,
electricity.ember.clean-share-by-country,BHR,2005,0.0,,,,final,,,
electricity.ember.clean-share-by-country,BHR,2006,0.0,,,,final,,,
electricity.ember.clean-share-by-country,BHR,2007,0.0,,,,final,,,
electricity.ember.clean-share-by-country,BHR,2008,0.0,,,,final,,,
electricity.ember.clean-share-by-country,BHR,2009,0.0,,,,final,,,
electricity.ember.clean-share-by-country,BHR,2010,0.0,,,,final,,,
electricity.ember.clean-share-by-country,BHR,2011,0.0,,,,final,,,
electricity.ember.clean-share-by-country,BHR,2012,0.0,,,,final,,,
electricity.ember.clean-share-by-country,BHR,2013,0.0,,,,final,,,
electricity.ember.clean-share-by-country,BHR,2014,0.037,,,,final,,,
electricity.ember.clean-share-by-country,BHR,2015,0.035,,,,final,,,
electricity.ember.clean-share-by-country,BHR,2016,0.035,,,,final,,,
electricity.ember.clean-share-by-country,BHR,2017,0.034,,,,final,,,
electricity.ember.clean-share-by-country,BHR,2018,0.034,,,,final,,,
electricity.ember.clean-share-by-country,BHR,2019,0.06,,,,final,,,
electricity.ember.clean-share-by-country,BHR,2020,0.06,,,,final,,,
electricity.ember.clean-share-by-country,BHR,2021,0.118,,,,final,,,
electricity.ember.clean-share-by-country,BHR,2022,0.224,,,,final,,,
electricity.ember.clean-share-by-country,BHR,2023,0.24,,,,final,,,
electricity.ember.clean-share-by-country,BHR,2024,0.264,,,,final,,,
electricity.ember.clean-share-by-country,BHS,2000,0.0,,,,final,,,
electricity.ember.clean-share-by-country,BHS,2001,0.0,,,,final,,,
electricity.ember.clean-share-by-country,BHS,2002,0.0,,,,final,,,
electricity.ember.clean-share-by-country,BHS,2003,0.0,,,,final,,,
electricity.ember.clean-share-by-country,BHS,2004,0.0,,,,final,,,
electricity.ember.clean-share-by-country,BHS,2005,0.0,,,,final,,,
electricity.ember.clean-share-by-country,BHS,2006,0.0,,,,final,,,
electricity.ember.clean-share-by-country,BHS,2007,0.0,,,,final,,,
electricity.ember.clean-share-by-country,BHS,2008,0.0,,,,final,,,
electricity.ember.clean-share-by-country,BHS,2009,0.0,,,,final,,,
electricity.ember.clean-share-by-country,BHS,2010,0.0,,,,final,,,
electricity.ember.clean-share-by-country,BHS,2011,0.0,,,,final,,,
electricity.ember.clean-share-by-country,BHS,2012,0.0,,,,final,,,
electricity.ember.clean-share-by-country,BHS,2013,0.0,,,,final,,,
electricity.ember.clean-share-by-country,BHS,2014,0.0,,,,final,,,
electricity.ember.clean-share-by-country,BHS,2015,0.0,,,,final,,,
electricity.ember.clean-share-by-country,BHS,2016,0.0,,,,final,,,
electricity.ember.clean-share-by-country,BHS,2017,0.0,,,,final,,,
electricity.ember.clean-share-by-country,BHS,2018,0.0,,,,final,,,
electricity.ember.clean-share-by-country,BHS,2019,0.0,,,,final,,,
electricity.ember.clean-share-by-country,BHS,2020,0.493,,,,final,,,
electricity.ember.clean-share-by-country,BHS,2021,0.49,,,,final,,,
electricity.ember.clean-share-by-country,BHS,2022,0.976,,,,final,,,
electricity.ember.clean-share-by-country,BHS,2023,0.905,,,,final,,,
electricity.ember.clean-share-by-country,BHS,2024,0.889,,,,final,,,
electricity.ember.clean-share-by-country,BIH,2000,48.802,,,,final,,,
electricity.ember.clean-share-by-country,BIH,2001,48.73,,,,final,,,
electricity.ember.clean-share-by-country,BIH,2002,48.842,,,,final,,,
electricity.ember.clean-share-by-country,BIH,2003,39.929,,,,final,,,
electricity.ember.clean-share-by-country,BIH,2004,46.976,,,,final,,,
electricity.ember.clean-share-by-country,BIH,2005,47.619,,,,final,,,
electricity.ember.clean-share-by-country,BIH,2006,43.943,,,,final,,,
electricity.ember.clean-share-by-country,BIH,2007,33.871,,,,final,,,
electricity.ember.clean-share-by-country,BIH,2008,33.197,,,,final,,,
electricity.ember.clean-share-by-country,BIH,2009,40.31,,,,final,,,
electricity.ember.clean-share-by-country,BIH,2010,47.431,,,,final,,,
electricity.ember.clean-share-by-country,BIH,2011,29.131,,,,final,,,
electricity.ember.clean-share-by-country,BIH,2012,30.051,,,,final,,,
electricity.ember.clean-share-by-country,BIH,2013,41.971,,,,final,,,
electricity.ember.clean-share-by-country,BIH,2014,34.88,,,,final,,,
electricity.ember.clean-share-by-country,BIH,2015,33.78,,,,final,,,
electricity.ember.clean-share-by-country,BIH,2016,31.677,,,,final,,,
electricity.ember.clean-share-by-country,BIH,2017,23.522,,,,final,,,
electricity.ember.clean-share-by-country,BIH,2018,34.347,,,,final,,,
electricity.ember.clean-share-by-country,BIH,2019,36.682,,,,final,,,
electricity.ember.clean-share-by-country,BIH,2020,29.184,,,,final,,,
electricity.ember.clean-share-by-country,BIH,2021,39.001,,,,final,,,
electricity.ember.clean-share-by-country,BIH,2022,32.049,,,,final,,,
electricity.ember.clean-share-by-country,BIH,2023,43.073,,,,final,,,
electricity.ember.clean-share-by-country,BIH,2024,39.693,,,,final,,,
electricity.ember.clean-share-by-country,BIH,2025,43.258,,,,preliminary,"2025 is the latest year in Ember's file, which has no estimate flag; Ember's methodology says that for the most recent years it estimates annual generation from monthly data.",,
electricity.ember.clean-share-by-country,BLR,2000,0.115,,,,final,,,
electricity.ember.clean-share-by-country,BLR,2001,0.12,,,,final,,,
electricity.ember.clean-share-by-country,BLR,2002,0.113,,,,final,,,
electricity.ember.clean-share-by-country,BLR,2003,0.113,,,,final,,,
electricity.ember.clean-share-by-country,BLR,2004,0.096,,,,final,,,
electricity.ember.clean-share-by-country,BLR,2005,0.129,,,,final,,,
electricity.ember.clean-share-by-country,BLR,2006,0.126,,,,final,,,
electricity.ember.clean-share-by-country,BLR,2007,0.157,,,,final,,,
electricity.ember.clean-share-by-country,BLR,2008,0.2,,,,final,,,
electricity.ember.clean-share-by-country,BLR,2009,0.362,,,,final,,,
electricity.ember.clean-share-by-country,BLR,2010,0.401,,,,final,,,
electricity.ember.clean-share-by-country,BLR,2011,0.435,,,,final,,,
electricity.ember.clean-share-by-country,BLR,2012,0.682,,,,final,,,
electricity.ember.clean-share-by-country,BLR,2013,0.952,,,,final,,,
electricity.ember.clean-share-by-country,BLR,2014,0.835,,,,final,,,
electricity.ember.clean-share-by-country,BLR,2015,0.997,,,,final,,,
electricity.ember.clean-share-by-country,BLR,2016,1.281,,,,final,,,
electricity.ember.clean-share-by-country,BLR,2017,2.26,,,,final,,,
electricity.ember.clean-share-by-country,BLR,2018,2.077,,,,final,,,
electricity.ember.clean-share-by-country,BLR,2019,2.57,,,,final,,,
electricity.ember.clean-share-by-country,BLR,2020,4.385,,,,final,,,
electricity.ember.clean-share-by-country,BLR,2021,17.091,,,,final,,,
electricity.ember.clean-share-by-country,BLR,2022,15.976,,,,final,,,
electricity.ember.clean-share-by-country,BLR,2023,31.313,,,,final,,,
electricity.ember.clean-share-by-country,BLR,2024,37.32,,,,final,,,
electricity.ember.clean-share-by-country,BLR,2025,40.135,,,,preliminary,"2025 is the latest year in Ember's file, which has no estimate flag; Ember's methodology says that for the most recent years it estimates annual generation from monthly data.",,
electricity.ember.clean-share-by-country,BLZ,2000,69.231,,,,final,,,
electricity.ember.clean-share-by-country,BLZ,2001,69.231,,,,final,,,
electricity.ember.clean-share-by-country,BLZ,2002,64.286,,,,final,,,
electricity.ember.clean-share-by-country,BLZ,2003,37.5,,,,final,,,
electricity.ember.clean-share-by-country,BLZ,2004,42.857,,,,final,,,
electricity.ember.clean-share-by-country,BLZ,2005,43.75,,,,final,,,
electricity.ember.clean-share-by-country,BLZ,2006,85.714,,,,final,,,
electricity.ember.clean-share-by-country,BLZ,2007,81.818,,,,final,,,
electricity.ember.clean-share-by-country,BLZ,2008,95.238,,,,final,,,
electricity.ember.clean-share-by-country,BLZ,2009,79.167,,,,final,,,
electricity.ember.clean-share-by-country,BLZ,2010,88.095,,,,final,,,
electricity.ember.clean-share-by-country,BLZ,2011,93.939,,,,final,,,
electricity.ember.clean-share-by-country,BLZ,2012,92.105,,,,final,,,
electricity.ember.clean-share-by-country,BLZ,2013,94.595,,,,final,,,
electricity.ember.clean-share-by-country,BLZ,2014,91.667,,,,final,,,
electricity.ember.clean-share-by-country,BLZ,2015,91.667,,,,final,,,
electricity.ember.clean-share-by-country,BLZ,2016,94.737,,,,final,,,
electricity.ember.clean-share-by-country,BLZ,2017,95.0,,,,final,,,
electricity.ember.clean-share-by-country,BLZ,2018,92.683,,,,final,,,
electricity.ember.clean-share-by-country,BLZ,2019,86.538,,,,final,,,
electricity.ember.clean-share-by-country,BLZ,2020,88.636,,,,final,,,
electricity.ember.clean-share-by-country,BLZ,2021,86.111,,,,final,,,
electricity.ember.clean-share-by-country,BLZ,2022,87.234,,,,final,,,
electricity.ember.clean-share-by-country,BLZ,2023,88.889,,,,final,,,
electricity.ember.clean-share-by-country,BLZ,2024,87.234,,,,final,,,
electricity.ember.clean-share-by-country,BOL,2000,51.546,,,,final,,,
electricity.ember.clean-share-by-country,BOL,2001,54.545,,,,final,,,
electricity.ember.clean-share-by-country,BOL,2002,53.606,,,,final,,,
electricity.ember.clean-share-by-country,BOL,2003,46.651,,,,final,,,
electricity.ember.clean-share-by-country,BOL,2004,48.344,,,,final,,,
electricity.ember.clean-share-by-country,BOL,2005,40.9,,,,final,,,
electricity.ember.clean-share-by-country,BOL,2006,43.6,,,,final,,,
electricity.ember.clean-share-by-country,BOL,2007,43.199,,,,final,,,
electricity.ember.clean-share-by-country,BOL,2008,39.696,,,,final,,,
electricity.ember.clean-share-by-country,BOL,2009,37.842,,,,final,,,
electricity.ember.clean-share-by-country,BOL,2010,33.684,,,,final,,,
electricity.ember.clean-share-by-country,BOL,2011,33.992,,,,final,,,
electricity.ember.clean-share-by-country,BOL,2012,32.524,,,,final,,,
electricity.ember.clean-share-by-country,BOL,2013,33.803,,,,final,,,
electricity.ember.clean-share-by-country,BOL,2014,28.675,,,,final,,,
electricity.ember.clean-share-by-country,BOL,2015,29.444,,,,final,,,
electricity.ember.clean-share-by-country,BOL,2016,20.753,,,,final,,,
electricity.ember.clean-share-by-country,BOL,2017,25.13,,,,final,,,
electricity.ember.clean-share-by-country,BOL,2018,29.582,,,,final,,,
electricity.ember.clean-share-by-country,BOL,2019,36.162,,,,final,,,
electricity.ember.clean-share-by-country,BOL,2020,35.638,,,,final,,,
electricity.ember.clean-share-by-country,BOL,2021,38.454,,,,final,,,
electricity.ember.clean-share-by-country,BOL,2022,35.733,,,,final,,,
electricity.ember.clean-share-by-country,BOL,2023,33.307,,,,final,,,
electricity.ember.clean-share-by-country,BOL,2024,33.999,,,,final,,,
electricity.ember.clean-share-by-country,BOL,2025,36.108,,,,preliminary,"2025 is the latest year in Ember's file, which has no estimate flag; Ember's methodology says that for the most recent years it estimates annual generation from monthly data.",,
electricity.ember.clean-share-by-country,BRA,2000,91.225,,,,final,,,
electricity.ember.clean-share-by-country,BRA,2001,88.635,,,,final,,,
electricity.ember.clean-share-by-country,BRA,2002,89.743,,,,final,,,
electricity.ember.clean-share-by-country,BRA,2003,90.831,,,,final,,,
electricity.ember.clean-share-by-country,BRA,2004,89.032,,,,final,,,
electricity.ember.clean-share-by-country,BRA,2005,89.573,,,,final,,,
electricity.ember.clean-share-by-country,BRA,2006,90.032,,,,final,,,
electricity.ember.clean-share-by-country,BRA,2007,91.001,,,,final,,,
electricity.ember.clean-share-by-country,BRA,2008,87.331,,,,final,,,
electricity.ember.clean-share-by-country,BRA,2009,91.827,,,,final,,,
electricity.ember.clean-share-by-country,BRA,2010,87.617,,,,final,,,
electricity.ember.clean-share-by-country,BRA,2011,90.138,,,,final,,,
electricity.ember.clean-share-by-country,BRA,2012,85.466,,,,final,,,
electricity.ember.clean-share-by-country,BRA,2013,79.532,,,,final,,,
electricity.ember.clean-share-by-country,BRA,2014,75.883,,,,final,,,
electricity.ember.clean-share-by-country,BRA,2015,76.742,,,,final,,,
electricity.ember.clean-share-by-country,BRA,2016,83.208,,,,final,,,
electricity.ember.clean-share-by-country,BRA,2017,81.918,,,,final,,,
electricity.ember.clean-share-by-country,BRA,2018,84.963,,,,final,,,
electricity.ember.clean-share-by-country,BRA,2019,83.933,,,,final,,,
electricity.ember.clean-share-by-country,BRA,2020,85.401,,,,final,,,
electricity.ember.clean-share-by-country,BRA,2021,79.612,,,,final,,,
electricity.ember.clean-share-by-country,BRA,2022,89.853,,,,final,,,
electricity.ember.clean-share-by-country,BRA,2023,91.042,,,,final,,,
electricity.ember.clean-share-by-country,BRA,2024,89.449,,,,final,,,
electricity.ember.clean-share-by-country,BRA,2025,88.739,,,,preliminary,"2025 is the latest year in Ember's file, which has no estimate flag; Ember's methodology says that for the most recent years it estimates annual generation from monthly data.",,
electricity.ember.clean-share-by-country,BRB,2000,0.0,,,,final,,,
electricity.ember.clean-share-by-country,BRB,2001,0.0,,,,final,,,
electricity.ember.clean-share-by-country,BRB,2002,0.0,,,,final,,,
electricity.ember.clean-share-by-country,BRB,2003,0.0,,,,final,,,
electricity.ember.clean-share-by-country,BRB,2004,0.0,,,,final,,,
electricity.ember.clean-share-by-country,BRB,2005,0.0,,,,final,,,
electricity.ember.clean-share-by-country,BRB,2006,0.0,,,,final,,,
electricity.ember.clean-share-by-country,BRB,2007,0.0,,,,final,,,
electricity.ember.clean-share-by-country,BRB,2008,0.0,,,,final,,,
electricity.ember.clean-share-by-country,BRB,2009,0.0,,,,final,,,
electricity.ember.clean-share-by-country,BRB,2010,0.0,,,,final,,,
electricity.ember.clean-share-by-country,BRB,2011,0.0,,,,final,,,
electricity.ember.clean-share-by-country,BRB,2012,0.0,,,,final,,,
electricity.ember.clean-share-by-country,BRB,2013,0.0,,,,final,,,
electricity.ember.clean-share-by-country,BRB,2014,0.971,,,,final,,,
electricity.ember.clean-share-by-country,BRB,2015,0.962,,,,final,,,
electricity.ember.clean-share-by-country,BRB,2016,1.905,,,,final,,,
electricity.ember.clean-share-by-country,BRB,2017,2.885,,,,final,,,
electricity.ember.clean-share-by-country,BRB,2018,2.885,,,,final,,,
electricity.ember.clean-share-by-country,BRB,2019,3.774,,,,final,,,
electricity.ember.clean-share-by-country,BRB,2020,6.604,,,,final,,,
electricity.ember.clean-share-by-country,BRB,2021,7.547,,,,final,,,
electricity.ember.clean-share-by-country,BRB,2022,7.339,,,,final,,,
electricity.ember.clean-share-by-country,BRB,2023,8.182,,,,final,,,
electricity.ember.clean-share-by-country,BRB,2024,9.009,,,,final,,,
electricity.ember.clean-share-by-country,BRN,2000,0.0,,,,final,,,
electricity.ember.clean-share-by-country,BRN,2001,0.0,,,,final,,,
electricity.ember.clean-share-by-country,BRN,2002,0.0,,,,final,,,
electricity.ember.clean-share-by-country,BRN,2003,0.0,,,,final,,,
electricity.ember.clean-share-by-country,BRN,2004,0.0,,,,final,,,
electricity.ember.clean-share-by-country,BRN,2005,0.0,,,,final,,,
electricity.ember.clean-share-by-country,BRN,2006,0.0,,,,final,,,
electricity.ember.clean-share-by-country,BRN,2007,0.0,,,,final,,,
electricity.ember.clean-share-by-country,BRN,2008,0.0,,,,final,,,
electricity.ember.clean-share-by-country,BRN,2009,0.0,,,,final,,,
electricity.ember.clean-share-by-country,BRN,2010,0.0,,,,final,,,
electricity.ember.clean-share-by-country,BRN,2011,0.0,,,,final,,,
electricity.ember.clean-share-by-country,BRN,2012,0.0,,,,final,,,
electricity.ember.clean-share-by-country,BRN,2013,0.0,,,,final,,,
electricity.ember.clean-share-by-country,BRN,2014,0.0,,,,final,,,
electricity.ember.clean-share-by-country,BRN,2015,0.0,,,,final,,,
electricity.ember.clean-share-by-country,BRN,2016,0.0,,,,final,,,
electricity.ember.clean-share-by-country,BRN,2017,0.0,,,,final,,,
electricity.ember.clean-share-by-country,BRN,2018,0.0,,,,final,,,
electricity.ember.clean-share-by-country,BRN,2019,0.0,,,,final,,,
electricity.ember.clean-share-by-country,BRN,2020,0.0,,,,final,,,
electricity.ember.clean-share-by-country,BRN,2021,0.0,,,,final,,,
electricity.ember.clean-share-by-country,BRN,2022,0.0,,,,final,,,
electricity.ember.clean-share-by-country,BRN,2023,0.0,,,,final,,,
electricity.ember.clean-share-by-country,BRN,2024,0.18,,,,final,,,
electricity.ember.clean-share-by-country,BTN,2000,100.0,,,,final,,,
electricity.ember.clean-share-by-country,BTN,2001,100.0,,,,final,,,
electricity.ember.clean-share-by-country,BTN,2002,100.0,,,,final,,,
electricity.ember.clean-share-by-country,BTN,2003,100.0,,,,final,,,
electricity.ember.clean-share-by-country,BTN,2004,100.0,,,,final,,,
electricity.ember.clean-share-by-country,BTN,2005,100.0,,,,final,,,
electricity.ember.clean-share-by-country,BTN,2006,100.0,,,,final,,,
electricity.ember.clean-share-by-country,BTN,2007,100.0,,,,final,,,
electricity.ember.clean-share-by-country,BTN,2008,100.0,,,,final,,,
electricity.ember.clean-share-by-country,BTN,2009,100.0,,,,final,,,
electricity.ember.clean-share-by-country,BTN,2010,100.0,,,,final,,,
electricity.ember.clean-share-by-country,BTN,2011,100.0,,,,final,,,
electricity.ember.clean-share-by-country,BTN,2012,100.0,,,,final,,,
electricity.ember.clean-share-by-country,BTN,2013,100.0,,,,final,,,
electricity.ember.clean-share-by-country,BTN,2014,100.0,,,,final,,,
electricity.ember.clean-share-by-country,BTN,2015,100.0,,,,final,,,
electricity.ember.clean-share-by-country,BTN,2016,100.0,,,,final,,,
electricity.ember.clean-share-by-country,BTN,2017,100.0,,,,final,,,
electricity.ember.clean-share-by-country,BTN,2018,100.0,,,,final,,,
electricity.ember.clean-share-by-country,BTN,2019,100.0,,,,final,,,
electricity.ember.clean-share-by-country,BTN,2020,100.0,,,,final,,,
electricity.ember.clean-share-by-country,BTN,2021,100.0,,,,final,,,
electricity.ember.clean-share-by-country,BTN,2022,100.0,,,,final,,,
electricity.ember.clean-share-by-country,BTN,2023,100.0,,,,final,,,
electricity.ember.clean-share-by-country,BTN,2024,100.0,,,,final,,,
electricity.ember.clean-share-by-country,BWA,2000,0.0,,,,final,,,
electricity.ember.clean-share-by-country,BWA,2001,0.0,,,,final,,,
electricity.ember.clean-share-by-country,BWA,2002,0.0,,,,final,,,
electricity.ember.clean-share-by-country,BWA,2003,0.0,,,,final,,,
electricity.ember.clean-share-by-country,BWA,2004,0.0,,,,final,,,
electricity.ember.clean-share-by-country,BWA,2005,0.0,,,,final,,,
electricity.ember.clean-share-by-country,BWA,2006,0.0,,,,final,,,
electricity.ember.clean-share-by-country,BWA,2007,0.0,,,,final,,,
electricity.ember.clean-share-by-country,BWA,2008,0.0,,,,final,,,
electricity.ember.clean-share-by-country,BWA,2009,0.0,,,,final,,,
electricity.ember.clean-share-by-country,BWA,2010,0.0,,,,final,,,
electricity.ember.clean-share-by-country,BWA,2011,0.0,,,,final,,,
electricity.ember.clean-share-by-country,BWA,2012,0.0,,,,final,,,
electricity.ember.clean-share-by-country,BWA,2013,0.0,,,,final,,,
electricity.ember.clean-share-by-country,BWA,2014,0.0,,,,final,,,
electricity.ember.clean-share-by-country,BWA,2015,0.0,,,,final,,,
electricity.ember.clean-share-by-country,BWA,2016,0.0,,,,final,,,
electricity.ember.clean-share-by-country,BWA,2017,0.0,,,,final,,,
electricity.ember.clean-share-by-country,BWA,2018,0.322,,,,final,,,
electricity.ember.clean-share-by-country,BWA,2019,0.398,,,,final,,,
electricity.ember.clean-share-by-country,BWA,2020,0.459,,,,final,,,
electricity.ember.clean-share-by-country,BWA,2021,0.402,,,,final,,,
electricity.ember.clean-share-by-country,BWA,2022,0.391,,,,final,,,
electricity.ember.clean-share-by-country,BWA,2023,0.31,,,,final,,,
electricity.ember.clean-share-by-country,BWA,2024,0.292,,,,final,,,
electricity.ember.clean-share-by-country,CAF,2000,80.0,,,,final,,,
electricity.ember.clean-share-by-country,CAF,2001,72.727,,,,final,,,
electricity.ember.clean-share-by-country,CAF,2002,72.727,,,,final,,,
electricity.ember.clean-share-by-country,CAF,2003,72.727,,,,final,,,
electricity.ember.clean-share-by-country,CAF,2004,80.0,,,,final,,,
electricity.ember.clean-share-by-country,CAF,2005,81.25,,,,final,,,
electricity.ember.clean-share-by-country,CAF,2006,82.353,,,,final,,,
electricity.ember.clean-share-by-country,CAF,2007,87.5,,,,final,,,
electricity.ember.clean-share-by-country,CAF,2008,87.5,,,,final,,,
electricity.ember.clean-share-by-country,CAF,2009,87.5,,,,final,,,
electricity.ember.clean-share-by-country,CAF,2010,81.25,,,,final,,,
electricity.ember.clean-share-by-country,CAF,2011,83.333,,,,final,,,
electricity.ember.clean-share-by-country,CAF,2012,83.333,,,,final,,,
electricity.ember.clean-share-by-country,CAF,2013,100.0,,,,final,,,
electricity.ember.clean-share-by-country,CAF,2014,100.0,,,,final,,,
electricity.ember.clean-share-by-country,CAF,2015,100.0,,,,final,,,
electricity.ember.clean-share-by-country,CAF,2016,100.0,,,,final,,,
electricity.ember.clean-share-by-country,CAF,2017,100.0,,,,final,,,
electricity.ember.clean-share-by-country,CAF,2018,100.0,,,,final,,,
electricity.ember.clean-share-by-country,CAF,2019,100.0,,,,final,,,
electricity.ember.clean-share-by-country,CAF,2020,100.0,,,,final,,,
electricity.ember.clean-share-by-country,CAF,2021,100.0,,,,final,,,
electricity.ember.clean-share-by-country,CAF,2022,100.0,,,,final,,,
electricity.ember.clean-share-by-country,CAF,2023,100.0,,,,final,,,
electricity.ember.clean-share-by-country,CAN,2000,72.58,,,,final,,,
electricity.ember.clean-share-by-country,CAN,2001,71.066,,,,final,,,
electricity.ember.clean-share-by-country,CAN,2002,72.484,,,,final,,,
electricity.ember.clean-share-by-country,CAN,2003,71.505,,,,final,,,
electricity.ember.clean-share-by-country,CAN,2004,73.335,,,,final,,,
electricity.ember.clean-share-by-country,CAN,2005,74.796,,,,final,,,
electricity.ember.clean-share-by-country,CAN,2006,75.867,,,,final,,,
electricity.ember.clean-share-by-country,CAN,2007,74.501,,,,final,,,
electricity.ember.clean-share-by-country,CAN,2008,76.31,,,,final,,,
electricity.ember.clean-share-by-country,CAN,2009,77.189,,,,final,,,
electricity.ember.clean-share-by-country,CAN,2010,75.894,,,,final,,,
electricity.ember.clean-share-by-country,CAN,2011,76.712,,,,final,,,
electricity.ember.clean-share-by-country,CAN,2012,78.168,,,,final,,,
electricity.ember.clean-share-by-country,CAN,2013,79.031,,,,final,,,
electricity.ember.clean-share-by-country,CAN,2014,78.684,,,,final,,,
electricity.ember.clean-share-by-country,CAN,2015,79.134,,,,final,,,
electricity.ember.clean-share-by-country,CAN,2016,79.662,,,,final,,,
electricity.ember.clean-share-by-country,CAN,2017,80.849,,,,final,,,
electricity.ember.clean-share-by-country,CAN,2018,80.675,,,,final,,,
electricity.ember.clean-share-by-country,CAN,2019,80.708,,,,final,,,
electricity.ember.clean-share-by-country,CAN,2020,81.462,,,,final,,,
electricity.ember.clean-share-by-country,CAN,2021,80.835,,,,final,,,
electricity.ember.clean-share-by-country,CAN,2022,81.18,,,,final,,,
electricity.ember.clean-share-by-country,CAN,2023,79.184,,,,final,,,
electricity.ember.clean-share-by-country,CAN,2024,77.694,,,,final,,,
electricity.ember.clean-share-by-country,CAN,2025,76.968,,,,preliminary,"2025 is the latest year in Ember's file, which has no estimate flag; Ember's methodology says that for the most recent years it estimates annual generation from monthly data.",,
electricity.ember.clean-share-by-country,CHE,2000,96.99,,,,final,,,
electricity.ember.clean-share-by-country,CHE,2001,97.129,,,,final,,,
electricity.ember.clean-share-by-country,CHE,2002,96.82,,,,final,,,
electricity.ember.clean-share-by-country,CHE,2003,96.74,,,,final,,,
electricity.ember.clean-share-by-country,CHE,2004,96.634,,,,final,,,
electricity.ember.clean-share-by-country,CHE,2005,96.246,,,,final,,,
electricity.ember.clean-share-by-country,CHE,2006,96.491,,,,final,,,
electricity.ember.clean-share-by-country,CHE,2007,96.944,,,,final,,,
electricity.ember.clean-share-by-country,CHE,2008,97.002,,,,final,,,
electricity.ember.clean-share-by-country,CHE,2009,97.075,,,,final,,,
electricity.ember.clean-share-by-country,CHE,2010,96.609,,,,final,,,
electricity.ember.clean-share-by-country,CHE,2011,96.581,,,,final,,,
electricity.ember.clean-share-by-country,CHE,2012,96.83,,,,final,,,
electricity.ember.clean-share-by-country,CHE,2013,97.045,,,,final,,,
electricity.ember.clean-share-by-country,CHE,2014,97.36,,,,final,,,
electricity.ember.clean-share-by-country,CHE,2015,97.185,,,,final,,,
electricity.ember.clean-share-by-country,CHE,2016,96.498,,,,final,,,
electricity.ember.clean-share-by-country,CHE,2017,96.658,,,,final,,,
electricity.ember.clean-share-by-country,CHE,2018,97.134,,,,final,,,
electricity.ember.clean-share-by-country,CHE,2019,97.308,,,,final,,,
electricity.ember.clean-share-by-country,CHE,2020,97.27,,,,final,,,
electricity.ember.clean-share-by-country,CHE,2021,97.274,,,,final,,,
electricity.ember.clean-share-by-country,CHE,2022,97.44,,,,final,,,
electricity.ember.clean-share-by-country,CHE,2023,97.959,,,,final,,,
electricity.ember.clean-share-by-country,CHE,2024,98.099,,,,final,,,
electricity.ember.clean-share-by-country,CHE,2025,97.693,,,,preliminary,"2025 is the latest year in Ember's file, which has no estimate flag; Ember's methodology says that for the most recent years it estimates annual generation from monthly data.",,
electricity.ember.clean-share-by-country,CHL,2000,49.83,,,,final,,,
electricity.ember.clean-share-by-country,CHL,2001,54.041,,,,final,,,
electricity.ember.clean-share-by-country,CHL,2002,55.226,,,,final,,,
electricity.ember.clean-share-by-country,CHL,2003,49.925,,,,final,,,
electricity.ember.clean-share-by-country,CHL,2004,46.667,,,,final,,,
electricity.ember.clean-share-by-country,CHL,2005,53.658,,,,final,,,
electricity.ember.clean-share-by-country,CHL,2006,55.015,,,,final,,,
electricity.ember.clean-share-by-country,CHL,2007,43.943,,,,final,,,
electricity.ember.clean-share-by-country,CHL,2008,45.526,,,,final,,,
electricity.ember.clean-share-by-country,CHL,2009,48.683,,,,final,,,
electricity.ember.clean-share-by-country,CHL,2010,40.199,,,,final,,,
electricity.ember.clean-share-by-country,CHL,2011,39.528,,,,final,,,
electricity.ember.clean-share-by-country,CHL,2012,36.28,,,,final,,,
electricity.ember.clean-share-by-country,CHL,2013,35.695,,,,final,,,
electricity.ember.clean-share-by-country,CHL,2014,42.839,,,,final,,,
electricity.ember.clean-share-by-country,CHL,2015,43.199,,,,final,,,
electricity.ember.clean-share-by-country,CHL,2016,42.89,,,,final,,,
electricity.ember.clean-share-by-country,CHL,2017,43.545,,,,final,,,
electricity.ember.clean-share-by-country,CHL,2018,45.866,,,,final,,,
electricity.ember.clean-share-by-country,CHL,2019,46.213,,,,final,,,
electricity.ember.clean-share-by-country,CHL,2020,48.445,,,,final,,,
electricity.ember.clean-share-by-country,CHL,2021,48.888,,,,final,,,
electricity.ember.clean-share-by-country,CHL,2022,55.327,,,,final,,,
electricity.ember.clean-share-by-country,CHL,2023,63.14,,,,final,,,
electricity.ember.clean-share-by-country,CHL,2024,70.041,,,,final,,,
electricity.ember.clean-share-by-country,CHL,2025,66.373,,,,preliminary,"2025 is the latest year in Ember's file, which has no estimate flag; Ember's methodology says that for the most recent years it estimates annual generation from monthly data.",,
electricity.ember.clean-share-by-country,CHN,2000,17.874,,,,final,,,
electricity.ember.clean-share-by-country,CHN,2001,20.138,,,,final,,,
electricity.ember.clean-share-by-country,CHN,2002,19.137,,,,final,,,
electricity.ember.clean-share-by-country,CHN,2003,17.305,,,,final,,,
electricity.ember.clean-share-by-country,CHN,2004,18.513,,,,final,,,
electricity.ember.clean-share-by-country,CHN,2005,18.296,,,,final,,,
electricity.ember.clean-share-by-country,CHN,2006,17.502,,,,final,,,
electricity.ember.clean-share-by-country,CHN,2007,17.152,,,,final,,,
electricity.ember.clean-share-by-country,CHN,2008,20.982,,,,final,,,
electricity.ember.clean-share-by-country,CHN,2009,19.772,,,,final,,,
electricity.ember.clean-share-by-country,CHN,2010,20.353,,,,final,,,
electricity.ember.clean-share-by-country,CHN,2011,18.551,,,,final,,,
electricity.ember.clean-share-by-country,CHN,2012,21.915,,,,final,,,
electricity.ember.clean-share-by-country,CHN,2013,22.053,,,,final,,,
electricity.ember.clean-share-by-country,CHN,2014,24.377,,,,final,,,
electricity.ember.clean-share-by-country,CHN,2015,26.729,,,,final,,,
electricity.ember.clean-share-by-country,CHN,2016,28.201,,,,final,,,
electricity.ember.clean-share-by-country,CHN,2017,28.799,,,,final,,,
electricity.ember.clean-share-by-country,CHN,2018,29.468,,,,final,,,
electricity.ember.clean-share-by-country,CHN,2019,31.159,,,,final,,,
electricity.ember.clean-share-by-country,CHN,2020,32.354,,,,final,,,
electricity.ember.clean-share-by-country,CHN,2021,32.886,,,,final,,,
electricity.ember.clean-share-by-country,CHN,2022,34.324,,,,final,,,
electricity.ember.clean-share-by-country,CHN,2023,34.624,,,,final,,,
electricity.ember.clean-share-by-country,CHN,2024,37.655,,,,final,,,
electricity.ember.clean-share-by-country,CHN,2025,41.075,,,,preliminary,"2025 is the latest year in Ember's file, which has no estimate flag; Ember's methodology says that for the most recent years it estimates annual generation from monthly data.",,
electricity.ember.clean-share-by-country,CIV,2000,36.458,,,,final,,,
electricity.ember.clean-share-by-country,CIV,2001,36.475,,,,final,,,
electricity.ember.clean-share-by-country,CIV,2002,32.325,,,,final,,,
electricity.ember.clean-share-by-country,CIV,2003,35.63,,,,final,,,
electricity.ember.clean-share-by-country,CIV,2004,33.455,,,,final,,,
electricity.ember.clean-share-by-country,CIV,2005,26.984,,,,final,,,
electricity.ember.clean-share-by-country,CIV,2006,28.369,,,,final,,,
electricity.ember.clean-share-by-country,CIV,2007,33.808,,,,final,,,
electricity.ember.clean-share-by-country,CIV,2008,34.542,,,,final,,,
electricity.ember.clean-share-by-country,CIV,2009,37.265,,,,final,,,
electricity.ember.clean-share-by-country,CIV,2010,28.067,,,,final,,,
electricity.ember.clean-share-by-country,CIV,2011,29.934,,,,final,,,
electricity.ember.clean-share-by-country,CIV,2012,26.286,,,,final,,,
electricity.ember.clean-share-by-country,CIV,2013,21.756,,,,final,,,
electricity.ember.clean-share-by-country,CIV,2014,23.7,,,,final,,,
electricity.ember.clean-share-by-country,CIV,2015,16.552,,,,final,,,
electricity.ember.clean-share-by-country,CIV,2016,16.422,,,,final,,,
electricity.ember.clean-share-by-country,CIV,2017,21.245,,,,final,,,
electricity.ember.clean-share-by-country,CIV,2018,29.88,,,,final,,,
electricity.ember.clean-share-by-country,CIV,2019,33.114,,,,final,,,
electricity.ember.clean-share-by-country,CIV,2020,30.551,,,,final,,,
electricity.ember.clean-share-by-country,CIV,2021,23.877,,,,final,,,
electricity.ember.clean-share-by-country,CIV,2022,27.359,,,,final,,,
electricity.ember.clean-share-by-country,CIV,2023,30.146,,,,final,,,
electricity.ember.clean-share-by-country,CIV,2024,28.916,,,,final,,,
electricity.ember.clean-share-by-country,CMR,2000,98.841,,,,final,,,
electricity.ember.clean-share-by-country,CMR,2001,98.006,,,,final,,,
electricity.ember.clean-share-by-country,CMR,2002,96.33,,,,final,,,
electricity.ember.clean-share-by-country,CMR,2003,95.616,,,,final,,,
electricity.ember.clean-share-by-country,CMR,2004,95.332,,,,final,,,
electricity.ember.clean-share-by-country,CMR,2005,94.192,,,,final,,,
electricity.ember.clean-share-by-country,CMR,2006,88.735,,,,final,,,
electricity.ember.clean-share-by-country,CMR,2007,74.664,,,,final,,,
electricity.ember.clean-share-by-country,CMR,2008,75.709,,,,final,,,
electricity.ember.clean-share-by-country,CMR,2009,70.557,,,,final,,,
electricity.ember.clean-share-by-country,CMR,2010,73.038,,,,final,,,
electricity.ember.clean-share-by-country,CMR,2011,75.0,,,,final,,,
electricity.ember.clean-share-by-country,CMR,2012,78.637,,,,final,,,
electricity.ember.clean-share-by-country,CMR,2013,69.401,,,,final,,,
electricity.ember.clean-share-by-country,CMR,2014,64.006,,,,final,,,
electricity.ember.clean-share-by-country,CMR,2015,54.899,,,,final,,,
electricity.ember.clean-share-by-country,CMR,2016,61.603,,,,final,,,
electricity.ember.clean-share-by-country,CMR,2017,63.354,,,,final,,,
electricity.ember.clean-share-by-country,CMR,2018,58.899,,,,final,,,
electricity.ember.clean-share-by-country,CMR,2019,61.473,,,,final,,,
electricity.ember.clean-share-by-country,CMR,2020,60.114,,,,final,,,
electricity.ember.clean-share-by-country,CMR,2021,62.901,,,,final,,,
electricity.ember.clean-share-by-country,CMR,2022,64.908,,,,final,,,
electricity.ember.clean-share-by-country,CMR,2023,73.269,,,,final,,,
electricity.ember.clean-share-by-country,CMR,2024,73.14,,,,final,,,
electricity.ember.clean-share-by-country,COD,2000,100.0,,,,final,,,
electricity.ember.clean-share-by-country,COD,2001,99.831,,,,final,,,
electricity.ember.clean-share-by-country,COD,2002,99.835,,,,final,,,
electricity.ember.clean-share-by-country,COD,2003,99.836,,,,final,,,
electricity.ember.clean-share-by-country,COD,2004,99.858,,,,final,,,
electricity.ember.clean-share-by-country,COD,2005,99.864,,,,final,,,
electricity.ember.clean-share-by-country,COD,2006,99.333,,,,final,,,
electricity.ember.clean-share-by-country,COD,2007,98.851,,,,final,,,
electricity.ember.clean-share-by-country,COD,2008,98.668,,,,final,,,
electricity.ember.clean-share-by-country,COD,2009,98.848,,,,final,,,
electricity.ember.clean-share-by-country,COD,2010,98.851,,,,final,,,
electricity.ember.clean-share-by-country,COD,2011,98.849,,,,final,,,
electricity.ember.clean-share-by-country,COD,2012,99.867,,,,final,,,
electricity.ember.clean-share-by-country,COD,2013,99.877,,,,final,,,
electricity.ember.clean-share-by-country,COD,2014,99.886,,,,final,,,
electricity.ember.clean-share-by-country,COD,2015,99.887,,,,final,,,
electricity.ember.clean-share-by-country,COD,2016,99.889,,,,final,,,
electricity.ember.clean-share-by-country,COD,2017,99.894,,,,final,,,
electricity.ember.clean-share-by-country,COD,2018,99.904,,,,final,,,
electricity.ember.clean-share-by-country,COD,2019,99.915,,,,final,,,
electricity.ember.clean-share-by-country,COD,2020,99.92,,,,final,,,
electricity.ember.clean-share-by-country,COD,2021,100.0,,,,final,,,
electricity.ember.clean-share-by-country,COD,2022,100.0,,,,final,,,
electricity.ember.clean-share-by-country,COD,2023,100.0,,,,final,,,
electricity.ember.clean-share-by-country,COD,2024,100.0,,,,final,,,
electricity.ember.clean-share-by-country,COG,2000,100.0,,,,final,,,
electricity.ember.clean-share-by-country,COG,2001,100.0,,,,final,,,
electricity.ember.clean-share-by-country,COG,2002,100.0,,,,final,,,
electricity.ember.clean-share-by-country,COG,2003,85.0,,,,final,,,
electricity.ember.clean-share-by-country,COG,2004,82.5,,,,final,,,
electricity.ember.clean-share-by-country,COG,2005,81.395,,,,final,,,
electricity.ember.clean-share-by-country,COG,2006,82.222,,,,final,,,
electricity.ember.clean-share-by-country,COG,2007,82.5,,,,final,,,
electricity.ember.clean-share-by-country,COG,2008,80.435,,,,final,,,
electricity.ember.clean-share-by-country,COG,2009,61.111,,,,final,,,
electricity.ember.clean-share-by-country,COG,2010,56.79,,,,final,,,
electricity.ember.clean-share-by-country,COG,2011,61.832,,,,final,,,
electricity.ember.clean-share-by-country,COG,2012,58.721,,,,final,,,
electricity.ember.clean-share-by-country,COG,2013,57.225,,,,final,,,
electricity.ember.clean-share-by-country,COG,2014,55.114,,,,final,,,
electricity.ember.clean-share-by-country,COG,2015,40.143,,,,final,,,
electricity.ember.clean-share-by-country,COG,2016,38.721,,,,final,,,
electricity.ember.clean-share-by-country,COG,2017,40.94,,,,final,,,
electricity.ember.clean-share-by-country,COG,2018,35.065,,,,final,,,
electricity.ember.clean-share-by-country,COG,2019,27.763,,,,final,,,
electricity.ember.clean-share-by-country,COG,2020,26.933,,,,final,,,
electricity.ember.clean-share-by-country,COG,2021,26.277,,,,final,,,
electricity.ember.clean-share-by-country,COG,2022,21.818,,,,final,,,
electricity.ember.clean-share-by-country,COG,2023,23.507,,,,final,,,
electricity.ember.clean-share-by-country,COG,2024,20.879,,,,final,,,
electricity.ember.clean-share-by-country,COK,2000,0.0,,,,final,,,
electricity.ember.clean-share-by-country,COK,2001,0.0,,,,final,,,
electricity.ember.clean-share-by-country,COK,2002,0.0,,,,final,,,
electricity.ember.clean-share-by-country,COK,2003,0.0,,,,final,,,
electricity.ember.clean-share-by-country,COK,2004,0.0,,,,final,,,
electricity.ember.clean-share-by-country,COK,2005,0.0,,,,final,,,
electricity.ember.clean-share-by-country,COK,2006,0.0,,,,final,,,
electricity.ember.clean-share-by-country,COK,2007,0.0,,,,final,,,
electricity.ember.clean-share-by-country,COK,2008,0.0,,,,final,,,
electricity.ember.clean-share-by-country,COK,2009,0.0,,,,final,,,
electricity.ember.clean-share-by-country,COK,2010,0.0,,,,final,,,
electricity.ember.clean-share-by-country,COK,2011,0.0,,,,final,,,
electricity.ember.clean-share-by-country,COK,2012,0.0,,,,final,,,
electricity.ember.clean-share-by-country,COK,2013,0.0,,,,final,,,
electricity.ember.clean-share-by-country,COK,2014,0.0,,,,final,,,
electricity.ember.clean-share-by-country,COK,2015,0.0,,,,final,,,
electricity.ember.clean-share-by-country,COK,2016,0.0,,,,final,,,
electricity.ember.clean-share-by-country,COK,2017,25.0,,,,final,,,
electricity.ember.clean-share-by-country,COK,2018,40.0,,,,final,,,
electricity.ember.clean-share-by-country,COK,2019,25.0,,,,final,,,
electricity.ember.clean-share-by-country,COK,2020,25.0,,,,final,,,
electricity.ember.clean-share-by-country,COK,2021,50.0,,,,final,,,
electricity.ember.clean-share-by-country,COK,2022,50.0,,,,final,,,
electricity.ember.clean-share-by-country,COK,2023,50.0,,,,final,,,
electricity.ember.clean-share-by-country,COK,2024,50.0,,,,final,,,
electricity.ember.clean-share-by-country,COL,2000,75.356,,,,final,,,
electricity.ember.clean-share-by-country,COL,2001,74.154,,,,final,,,
electricity.ember.clean-share-by-country,COL,2002,76.336,,,,final,,,
electricity.ember.clean-share-by-country,COL,2003,78.615,,,,final,,,
electricity.ember.clean-share-by-country,COL,2004,81.512,,,,final,,,
electricity.ember.clean-share-by-country,COL,2005,80.016,,,,final,,,
electricity.ember.clean-share-by-country,COL,2006,80.446,,,,final,,,
electricity.ember.clean-share-by-country,COL,2007,81.383,,,,final,,,
electricity.ember.clean-share-by-country,COL,2008,83.886,,,,final,,,
electricity.ember.clean-share-by-country,COL,2009,72.687,,,,final,,,
electricity.ember.clean-share-by-country,COL,2010,70.513,,,,final,,,
electricity.ember.clean-share-by-country,COL,2011,81.75,,,,final,,,
electricity.ember.clean-share-by-country,COL,2012,77.894,,,,final,,,
electricity.ember.clean-share-by-country,COL,2013,69.215,,,,final,,,
electricity.ember.clean-share-by-country,COL,2014,69.089,,,,final,,,
electricity.ember.clean-share-by-country,COL,2015,63.345,,,,final,,,
electricity.ember.clean-share-by-country,COL,2016,65.616,,,,final,,,
electricity.ember.clean-share-by-country,COL,2017,79.1,,,,final,,,
electricity.ember.clean-share-by-country,COL,2018,76.333,,,,final,,,
electricity.ember.clean-share-by-country,COL,2019,69.485,,,,final,,,
electricity.ember.clean-share-by-country,COL,2020,65.325,,,,final,,,
electricity.ember.clean-share-by-country,COL,2021,75.071,,,,final,,,
electricity.ember.clean-share-by-country,COL,2022,74.354,,,,final,,,
electricity.ember.clean-share-by-country,COL,2023,66.121,,,,final,,,
electricity.ember.clean-share-by-country,COL,2024,61.342,,,,final,,,
electricity.ember.clean-share-by-country,COL,2025,76.456,,,,preliminary,"2025 is the latest year in Ember's file, which has no estimate flag; Ember's methodology says that for the most recent years it estimates annual generation from monthly data.",,
electricity.ember.clean-share-by-country,COM,2000,0.0,,,,final,,,
electricity.ember.clean-share-by-country,COM,2001,0.0,,,,final,,,
electricity.ember.clean-share-by-country,COM,2002,0.0,,,,final,,,
electricity.ember.clean-share-by-country,COM,2003,0.0,,,,final,,,
electricity.ember.clean-share-by-country,COM,2004,0.0,,,,final,,,
electricity.ember.clean-share-by-country,COM,2005,0.0,,,,final,,,
electricity.ember.clean-share-by-country,COM,2006,0.0,,,,final,,,
electricity.ember.clean-share-by-country,COM,2007,0.0,,,,final,,,
electricity.ember.clean-share-by-country,COM,2008,0.0,,,,final,,,
electricity.ember.clean-share-by-country,COM,2009,0.0,,,,final,,,
electricity.ember.clean-share-by-country,COM,2010,0.0,,,,final,,,
electricity.ember.clean-share-by-country,COM,2011,0.0,,,,final,,,
electricity.ember.clean-share-by-country,COM,2012,0.0,,,,final,,,
electricity.ember.clean-share-by-country,COM,2013,0.0,,,,final,,,
electricity.ember.clean-share-by-country,COM,2014,0.0,,,,final,,,
electricity.ember.clean-share-by-country,COM,2015,0.0,,,,final,,,
electricity.ember.clean-share-by-country,COM,2016,0.0,,,,final,,,
electricity.ember.clean-share-by-country,COM,2017,0.0,,,,final,,,
electricity.ember.clean-share-by-country,COM,2018,0.0,,,,final,,,
electricity.ember.clean-share-by-country,COM,2019,0.0,,,,final,,,
electricity.ember.clean-share-by-country,COM,2020,0.0,,,,final,,,
electricity.ember.clean-share-by-country,COM,2021,0.0,,,,final,,,
electricity.ember.clean-share-by-country,COM,2022,0.0,,,,final,,,
electricity.ember.clean-share-by-country,COM,2023,0.0,,,,final,,,
electricity.ember.clean-share-by-country,CPV,2000,6.667,,,,final,,,
electricity.ember.clean-share-by-country,CPV,2001,5.882,,,,final,,,
electricity.ember.clean-share-by-country,CPV,2002,5.263,,,,final,,,
electricity.ember.clean-share-by-country,CPV,2003,0.0,,,,final,,,
electricity.ember.clean-share-by-country,CPV,2004,4.545,,,,final,,,
electricity.ember.clean-share-by-country,CPV,2005,4.167,,,,final,,,
electricity.ember.clean-share-by-country,CPV,2006,4.0,,,,final,,,
electricity.ember.clean-share-by-country,CPV,2007,3.704,,,,final,,,
electricity.ember.clean-share-by-country,CPV,2008,3.448,,,,final,,,
electricity.ember.clean-share-by-country,CPV,2009,3.226,,,,final,,,
electricity.ember.clean-share-by-country,CPV,2010,0.0,,,,final,,,
electricity.ember.clean-share-by-country,CPV,2011,8.108,,,,final,,,
electricity.ember.clean-share-by-country,CPV,2012,18.421,,,,final,,,
electricity.ember.clean-share-by-country,CPV,2013,21.951,,,,final,,,
electricity.ember.clean-share-by-country,CPV,2014,20.93,,,,final,,,
electricity.ember.clean-share-by-country,CPV,2015,20.93,,,,final,,,
electricity.ember.clean-share-by-country,CPV,2016,20.0,,,,final,,,
electricity.ember.clean-share-by-country,CPV,2017,18.605,,,,final,,,
electricity.ember.clean-share-by-country,CPV,2018,20.93,,,,final,,,
electricity.ember.clean-share-by-country,CPV,2019,18.182,,,,final,,,
electricity.ember.clean-share-by-country,CPV,2020,16.667,,,,final,,,
electricity.ember.clean-share-by-country,CPV,2021,18.605,,,,final,,,
electricity.ember.clean-share-by-country,CPV,2022,28.0,,,,final,,,
electricity.ember.clean-share-by-country,CPV,2023,28.0,,,,final,,,
electricity.ember.clean-share-by-country,CPV,2024,30.769,,,,final,,,
electricity.ember.clean-share-by-country,CRI,2000,99.125,,,,final,,,
electricity.ember.clean-share-by-country,CRI,2001,98.551,,,,final,,,
electricity.ember.clean-share-by-country,CRI,2002,98.383,,,,final,,,
electricity.ember.clean-share-by-country,CRI,2003,97.808,,,,final,,,
electricity.ember.clean-share-by-country,CRI,2004,99.123,,,,final,,,
electricity.ember.clean-share-by-country,CRI,2005,96.703,,,,final,,,
electricity.ember.clean-share-by-country,CRI,2006,93.852,,,,final,,,
electricity.ember.clean-share-by-country,CRI,2007,91.982,,,,final,,,
electricity.ember.clean-share-by-country,CRI,2008,92.766,,,,final,,,
electricity.ember.clean-share-by-country,CRI,2009,95.13,,,,final,,,
electricity.ember.clean-share-by-country,CRI,2010,93.27,,,,final,,,
electricity.ember.clean-share-by-country,CRI,2011,91.179,,,,final,,,
electricity.ember.clean-share-by-country,CRI,2012,91.79,,,,final,,,
electricity.ember.clean-share-by-country,CRI,2013,88.224,,,,final,,,
electricity.ember.clean-share-by-country,CRI,2014,89.774,,,,final,,,
electricity.ember.clean-share-by-country,CRI,2015,98.979,,,,final,,,
electricity.ember.clean-share-by-country,CRI,2016,98.25,,,,final,,,
electricity.ember.clean-share-by-country,CRI,2017,99.645,,,,final,,,
electricity.ember.clean-share-by-country,CRI,2018,98.601,,,,final,,,
electricity.ember.clean-share-by-country,CRI,2019,99.124,,,,final,,,
electricity.ember.clean-share-by-country,CRI,2020,99.829,,,,final,,,
electricity.ember.clean-share-by-country,CRI,2021,100.0,,,,final,,,
electricity.ember.clean-share-by-country,CRI,2022,100.0,,,,final,,,
electricity.ember.clean-share-by-country,CRI,2023,99.915,,,,final,,,
electricity.ember.clean-share-by-country,CRI,2024,99.909,,,,final,,,
electricity.ember.clean-share-by-country,CRI,2025,,,,,preliminary,"2025 is the latest year in Ember's file, which has no estimate flag; Ember's methodology says that for the most recent years it estimates annual generation from monthly data.","Not published: Ember's file gives negative generation for Costa Rica in 2025 (Other fossil -1.15 TWh), so its Clean share does not describe a generation mix.",
electricity.ember.clean-share-by-country,CUB,2000,6.853,,,,final,,,
electricity.ember.clean-share-by-country,CUB,2001,6.536,,,,final,,,
electricity.ember.clean-share-by-country,CUB,2002,6.628,,,,final,,,
electricity.ember.clean-share-by-country,CUB,2003,5.376,,,,final,,,
electricity.ember.clean-share-by-country,CUB,2004,5.627,,,,final,,,
electricity.ember.clean-share-by-country,CUB,2005,3.192,,,,final,,,
electricity.ember.clean-share-by-country,CUB,2006,3.036,,,,final,,,
electricity.ember.clean-share-by-country,CUB,2007,3.01,,,,final,,,
electricity.ember.clean-share-by-country,CUB,2008,3.959,,,,final,,,
electricity.ember.clean-share-by-country,CUB,2009,3.892,,,,final,,,
electricity.ember.clean-share-by-country,CUB,2010,3.276,,,,final,,,
electricity.ember.clean-share-by-country,CUB,2011,3.211,,,,final,,,
electricity.ember.clean-share-by-country,CUB,2012,3.744,,,,final,,,
electricity.ember.clean-share-by-country,CUB,2013,4.883,,,,final,,,
electricity.ember.clean-share-by-country,CUB,2014,4.375,,,,final,,,
electricity.ember.clean-share-by-country,CUB,2015,4.414,,,,final,,,
electricity.ember.clean-share-by-country,CUB,2016,4.428,,,,final,,,
electricity.ember.clean-share-by-country,CUB,2017,3.889,,,,final,,,
electricity.ember.clean-share-by-country,CUB,2018,3.462,,,,final,,,
electricity.ember.clean-share-by-country,CUB,2019,4.3,,,,final,,,
electricity.ember.clean-share-by-country,CUB,2020,4.729,,,,final,,,
electricity.ember.clean-share-by-country,CUB,2021,4.431,,,,final,,,
electricity.ember.clean-share-by-country,CUB,2022,4.281,,,,final,,,
electricity.ember.clean-share-by-country,CUB,2023,3.647,,,,final,,,
electricity.ember.clean-share-by-country,CUB,2024,4.014,,,,final,,,
electricity.ember.clean-share-by-country,CYM,2000,0.0,,,,final,,,
electricity.ember.clean-share-by-country,CYM,2001,0.0,,,,final,,,
electricity.ember.clean-share-by-country,CYM,2002,0.0,,,,final,,,
electricity.ember.clean-share-by-country,CYM,2003,0.0,,,,final,,,
electricity.ember.clean-share-by-country,CYM,2004,0.0,,,,final,,,
electricity.ember.clean-share-by-country,CYM,2005,0.0,,,,final,,,
electricity.ember.clean-share-by-country,CYM,2006,0.0,,,,final,,,
electricity.ember.clean-share-by-country,CYM,2007,0.0,,,,final,,,
electricity.ember.clean-share-by-country,CYM,2008,0.0,,,,final,,,
electricity.ember.clean-share-by-country,CYM,2009,0.0,,,,final,,,
electricity.ember.clean-share-by-country,CYM,2010,0.0,,,,final,,,
electricity.ember.clean-share-by-country,CYM,2011,0.0,,,,final,,,
electricity.ember.clean-share-by-country,CYM,2012,0.0,,,,final,,,
electricity.ember.clean-share-by-country,CYM,2013,0.0,,,,final,,,
electricity.ember.clean-share-by-country,CYM,2014,0.0,,,,final,,,
electricity.ember.clean-share-by-country,CYM,2015,0.0,,,,final,,,
electricity.ember.clean-share-by-country,CYM,2016,0.0,,,,final,,,
electricity.ember.clean-share-by-country,CYM,2017,1.471,,,,final,,,
electricity.ember.clean-share-by-country,CYM,2018,1.493,,,,final,,,
electricity.ember.clean-share-by-country,CYM,2019,2.778,,,,final,,,
electricity.ember.clean-share-by-country,CYM,2020,2.899,,,,final,,,
electricity.ember.clean-share-by-country,CYM,2021,2.857,,,,final,,,
electricity.ember.clean-share-by-country,CYM,2022,2.857,,,,final,,,
electricity.ember.clean-share-by-country,CYM,2023,2.857,,,,final,,,
electricity.ember.clean-share-by-country,CYM,2024,4.225,,,,final,,,
electricity.ember.clean-share-by-country,CYP,2000,0.0,,,,final,,,
electricity.ember.clean-share-by-country,CYP,2001,0.0,,,,final,,,
electricity.ember.clean-share-by-country,CYP,2002,0.0,,,,final,,,
electricity.ember.clean-share-by-country,CYP,2003,0.0,,,,final,,,
electricity.ember.clean-share-by-country,CYP,2004,0.0,,,,final,,,
electricity.ember.clean-share-by-country,CYP,2005,0.0,,,,final,,,
electricity.ember.clean-share-by-country,CYP,2006,0.0,,,,final,,,
electricity.ember.clean-share-by-country,CYP,2007,0.0,,,,final,,,
electricity.ember.clean-share-by-country,CYP,2008,0.197,,,,final,,,
electricity.ember.clean-share-by-country,CYP,2009,0.576,,,,final,,,
electricity.ember.clean-share-by-country,CYP,2010,1.501,,,,final,,,
electricity.ember.clean-share-by-country,CYP,2011,3.455,,,,final,,,
electricity.ember.clean-share-by-country,CYP,2012,5.508,,,,final,,,
electricity.ember.clean-share-by-country,CYP,2013,7.692,,,,final,,,
electricity.ember.clean-share-by-country,CYP,2014,7.143,,,,final,,,
electricity.ember.clean-share-by-country,CYP,2015,8.811,,,,final,,,
electricity.ember.clean-share-by-country,CYP,2016,8.793,,,,final,,,
electricity.ember.clean-share-by-country,CYP,2017,8.6,,,,final,,,
electricity.ember.clean-share-by-country,CYP,2018,9.486,,,,final,,,
electricity.ember.clean-share-by-country,CYP,2019,10.097,,,,final,,,
electricity.ember.clean-share-by-country,CYP,2020,12.371,,,,final,,,
electricity.ember.clean-share-by-country,CYP,2021,15.234,,,,final,,,
electricity.ember.clean-share-by-country,CYP,2022,16.73,,,,final,,,
electricity.ember.clean-share-by-country,CYP,2023,20.45,,,,final,,,
electricity.ember.clean-share-by-country,CYP,2024,23.823,,,,final,,,
electricity.ember.clean-share-by-country,CYP,2025,25.059,,,,preliminary,"2025 is the latest year in Ember's file, which has no estimate flag; Ember's methodology says that for the most recent years it estimates annual generation from monthly data.",,
electricity.ember.clean-share-by-country,CZE,2000,21.77,,,,final,,,
electricity.ember.clean-share-by-country,CZE,2001,23.336,,,,final,,,
electricity.ember.clean-share-by-country,CZE,2002,28.592,,,,final,,,
electricity.ember.clean-share-by-country,CZE,2003,33.506,,,,final,,,
electricity.ember.clean-share-by-country,CZE,2004,34.694,,,,final,,,
electricity.ember.clean-share-by-country,CZE,2005,34.005,,,,final,,,
electricity.ember.clean-share-by-country,CZE,2006,35.345,,,,final,,,
electricity.ember.clean-share-by-country,CZE,2007,33.713,,,,final,,,
electricity.ember.clean-share-by-country,CZE,2008,36.347,,,,final,,,
electricity.ember.clean-share-by-country,CZE,2009,39.037,,,,final,,,
electricity.ember.clean-share-by-country,CZE,2010,39.791,,,,final,,,
electricity.ember.clean-share-by-country,CZE,2011,40.997,,,,final,,,
electricity.ember.clean-share-by-country,CZE,2012,44.34,,,,final,,,
electricity.ember.clean-share-by-country,CZE,2013,46.619,,,,final,,,
electricity.ember.clean-share-by-country,CZE,2014,46.482,,,,final,,,
electricity.ember.clean-share-by-country,CZE,2015,43.945,,,,final,,,
electricity.ember.clean-share-by-country,CZE,2016,40.841,,,,final,,,
electricity.ember.clean-share-by-country,CZE,2017,44.275,,,,final,,,
electricity.ember.clean-share-by-country,CZE,2018,45.313,,,,final,,,
electricity.ember.clean-share-by-country,CZE,2019,47.025,,,,final,,,
electricity.ember.clean-share-by-country,CZE,2020,50.412,,,,final,,,
electricity.ember.clean-share-by-country,CZE,2021,49.45,,,,final,,,
electricity.ember.clean-share-by-country,CZE,2022,49.91,,,,final,,,
electricity.ember.clean-share-by-country,CZE,2023,54.815,,,,final,,,
electricity.ember.clean-share-by-country,CZE,2024,57.695,,,,final,,,
electricity.ember.clean-share-by-country,CZE,2025,,,,,preliminary,"2025 is the latest year in Ember's file, which has no estimate flag; Ember's methodology says that for the most recent years it estimates annual generation from monthly data.","Not published: Ember's file gives negative generation for Czechia in 2025 (Other renewables -0.111 TWh), so its Clean share does not describe a generation mix.",
electricity.ember.clean-share-by-country,DEU,2000,36.035,,,,final,,,
electricity.ember.clean-share-by-country,DEU,2001,36.132,,,,final,,,
electricity.ember.clean-share-by-country,DEU,2002,35.859,,,,final,,,
electricity.ember.clean-share-by-country,DEU,2003,35.169,,,,final,,,
electricity.ember.clean-share-by-country,DEU,2004,36.916,,,,final,,,
electricity.ember.clean-share-by-country,DEU,2005,36.926,,,,final,,,
electricity.ember.clean-share-by-country,DEU,2006,38.056,,,,final,,,
electricity.ember.clean-share-by-country,DEU,2007,36.44,,,,final,,,
electricity.ember.clean-share-by-country,DEU,2008,38.41,,,,final,,,
electricity.ember.clean-share-by-country,DEU,2009,39.29,,,,final,,,
electricity.ember.clean-share-by-country,DEU,2010,39.405,,,,final,,,
electricity.ember.clean-share-by-country,DEU,2011,38.413,,,,final,,,
electricity.ember.clean-share-by-country,DEU,2012,39.183,,,,final,,,
electricity.ember.clean-share-by-country,DEU,2013,39.581,,,,final,,,
electricity.ember.clean-share-by-country,DEU,2014,41.868,,,,final,,,
electricity.ember.clean-share-by-country,DEU,2015,43.796,,,,final,,,
electricity.ember.clean-share-by-country,DEU,2016,42.674,,,,final,,,
electricity.ember.clean-share-by-country,DEU,2017,45.309,,,,final,,,
electricity.ember.clean-share-by-country,DEU,2018,47.278,,,,final,,,
electricity.ember.clean-share-by-country,DEU,2019,52.699,,,,final,,,
electricity.ember.clean-share-by-country,DEU,2020,55.734,,,,final,,,
electricity.ember.clean-share-by-country,DEU,2021,52.11,,,,final,,,
electricity.ember.clean-share-by-country,DEU,2022,50.496,,,,final,,,
electricity.ember.clean-share-by-country,DEU,2023,56.11,,,,final,,,
electricity.ember.clean-share-by-country,DEU,2024,58.292,,,,final,,,
electricity.ember.clean-share-by-country,DEU,2025,58.461,,,,preliminary,"2025 is the latest year in Ember's file, which has no estimate flag; Ember's methodology says that for the most recent years it estimates annual generation from monthly data.",,
electricity.ember.clean-share-by-country,DJI,2000,0.0,,,,final,,,
electricity.ember.clean-share-by-country,DJI,2001,0.0,,,,final,,,
electricity.ember.clean-share-by-country,DJI,2002,0.0,,,,final,,,
electricity.ember.clean-share-by-country,DJI,2003,0.0,,,,final,,,
electricity.ember.clean-share-by-country,DJI,2004,0.0,,,,final,,,
electricity.ember.clean-share-by-country,DJI,2005,0.0,,,,final,,,
electricity.ember.clean-share-by-country,DJI,2006,0.0,,,,final,,,
electricity.ember.clean-share-by-country,DJI,2007,0.0,,,,final,,,
electricity.ember.clean-share-by-country,DJI,2008,0.0,,,,final,,,
electricity.ember.clean-share-by-country,DJI,2009,0.0,,,,final,,,
electricity.ember.clean-share-by-country,DJI,2010,0.0,,,,final,,,
electricity.ember.clean-share-by-country,DJI,2011,0.0,,,,final,,,
electricity.ember.clean-share-by-country,DJI,2012,0.0,,,,final,,,
electricity.ember.clean-share-by-country,DJI,2013,0.0,,,,final,,,
electricity.ember.clean-share-by-country,DJI,2014,0.0,,,,final,,,
electricity.ember.clean-share-by-country,DJI,2015,0.0,,,,final,,,
electricity.ember.clean-share-by-country,DJI,2016,0.0,,,,final,,,
electricity.ember.clean-share-by-country,DJI,2017,0.0,,,,final,,,
electricity.ember.clean-share-by-country,DJI,2018,0.0,,,,final,,,
electricity.ember.clean-share-by-country,DJI,2019,0.0,,,,final,,,
electricity.ember.clean-share-by-country,DJI,2020,0.0,,,,final,,,
electricity.ember.clean-share-by-country,DJI,2021,35.0,,,,final,,,
electricity.ember.clean-share-by-country,DJI,2022,35.0,,,,final,,,
electricity.ember.clean-share-by-country,DJI,2023,35.0,,,,final,,,
electricity.ember.clean-share-by-country,DJI,2024,35.0,,,,final,,,
electricity.ember.clean-share-by-country,DMA,2000,37.5,,,,final,,,
electricity.ember.clean-share-by-country,DMA,2001,37.5,,,,final,,,
electricity.ember.clean-share-by-country,DMA,2002,42.857,,,,final,,,
electricity.ember.clean-share-by-country,DMA,2003,37.5,,,,final,,,
electricity.ember.clean-share-by-country,DMA,2004,27.273,,,,final,,,
electricity.ember.clean-share-by-country,DMA,2005,25.0,,,,final,,,
electricity.ember.clean-share-by-country,DMA,2006,25.0,,,,final,,,
electricity.ember.clean-share-by-country,DMA,2007,16.667,,,,final,,,
electricity.ember.clean-share-by-country,DMA,2008,15.385,,,,final,,,
electricity.ember.clean-share-by-country,DMA,2009,15.385,,,,final,,,
electricity.ember.clean-share-by-country,DMA,2010,14.286,,,,final,,,
electricity.ember.clean-share-by-country,DMA,2011,26.667,,,,final,,,
electricity.ember.clean-share-by-country,DMA,2012,20.0,,,,final,,,
electricity.ember.clean-share-by-country,DMA,2013,26.667,,,,final,,,
electricity.ember.clean-share-by-country,DMA,2014,20.0,,,,final,,,
electricity.ember.clean-share-by-country,DMA,2015,13.333,,,,final,,,
electricity.ember.clean-share-by-country,DMA,2016,25.0,,,,final,,,
electricity.ember.clean-share-by-country,DMA,2017,23.077,,,,final,,,
electricity.ember.clean-share-by-country,DMA,2018,18.182,,,,final,,,
electricity.ember.clean-share-by-country,DMA,2019,14.286,,,,final,,,
electricity.ember.clean-share-by-country,DMA,2020,14.286,,,,final,,,
electricity.ember.clean-share-by-country,DMA,2021,14.286,,,,final,,,
electricity.ember.clean-share-by-country,DMA,2022,13.333,,,,final,,,
electricity.ember.clean-share-by-country,DMA,2023,13.333,,,,final,,,
electricity.ember.clean-share-by-country,DNK,2000,15.537,,,,final,,,
electricity.ember.clean-share-by-country,DNK,2001,15.583,,,,final,,,
electricity.ember.clean-share-by-country,DNK,2002,17.366,,,,final,,,
electricity.ember.clean-share-by-country,DNK,2003,17.555,,,,final,,,
electricity.ember.clean-share-by-country,DNK,2004,23.683,,,,final,,,
electricity.ember.clean-share-by-country,DNK,2005,27.162,,,,final,,,
electricity.ember.clean-share-by-country,DNK,2006,20.224,,,,final,,,
electricity.ember.clean-share-by-country,DNK,2007,26.316,,,,final,,,
electricity.ember.clean-share-by-country,DNK,2008,27.686,,,,final,,,
electricity.ember.clean-share-by-country,DNK,2009,27.779,,,,final,,,
electricity.ember.clean-share-by-country,DNK,2010,32.077,,,,final,,,
electricity.ember.clean-share-by-country,DNK,2011,40.359,,,,final,,,
electricity.ember.clean-share-by-country,DNK,2012,48.544,,,,final,,,
electricity.ember.clean-share-by-country,DNK,2013,46.114,,,,final,,,
electricity.ember.clean-share-by-country,DNK,2014,56.149,,,,final,,,
electricity.ember.clean-share-by-country,DNK,2015,65.775,,,,final,,,
electricity.ember.clean-share-by-country,DNK,2016,60.493,,,,final,,,
electricity.ember.clean-share-by-country,DNK,2017,70.55,,,,final,,,
electricity.ember.clean-share-by-country,DNK,2018,68.686,,,,final,,,
electricity.ember.clean-share-by-country,DNK,2019,78.55,,,,final,,,
electricity.ember.clean-share-by-country,DNK,2020,82.05,,,,final,,,
electricity.ember.clean-share-by-country,DNK,2021,79.283,,,,final,,,
electricity.ember.clean-share-by-country,DNK,2022,80.859,,,,final,,,
electricity.ember.clean-share-by-country,DNK,2023,86.397,,,,final,,,
electricity.ember.clean-share-by-country,DNK,2024,89.233,,,,final,,,
electricity.ember.clean-share-by-country,DNK,2025,94.191,,,,preliminary,"2025 is the latest year in Ember's file, which has no estimate flag; Ember's methodology says that for the most recent years it estimates annual generation from monthly data.",,
electricity.ember.clean-share-by-country,DOM,2000,6.995,,,,final,,,
electricity.ember.clean-share-by-country,DOM,2001,6.698,,,,final,,,
electricity.ember.clean-share-by-country,DOM,2002,7.482,,,,final,,,
electricity.ember.clean-share-by-country,DOM,2003,9.591,,,,final,,,
electricity.ember.clean-share-by-country,DOM,2004,14.476,,,,final,,,
electricity.ember.clean-share-by-country,DOM,2005,15.442,,,,final,,,
electricity.ember.clean-share-by-country,DOM,2006,13.536,,,,final,,,
electricity.ember.clean-share-by-country,DOM,2007,12.766,,,,final,,,
electricity.ember.clean-share-by-country,DOM,2008,10.541,,,,final,,,
electricity.ember.clean-share-by-country,DOM,2009,11.782,,,,final,,,
electricity.ember.clean-share-by-country,DOM,2010,10.758,,,,final,,,
electricity.ember.clean-share-by-country,DOM,2011,10.787,,,,final,,,
electricity.ember.clean-share-by-country,DOM,2012,12.13,,,,final,,,
electricity.ember.clean-share-by-country,DOM,2013,13.036,,,,final,,,
electricity.ember.clean-share-by-country,DOM,2014,10.127,,,,final,,,
electricity.ember.clean-share-by-country,DOM,2015,7.889,,,,final,,,
electricity.ember.clean-share-by-country,DOM,2016,11.076,,,,final,,,
electricity.ember.clean-share-by-country,DOM,2017,15.833,,,,final,,,
electricity.ember.clean-share-by-country,DOM,2018,13.776,,,,final,,,
electricity.ember.clean-share-by-country,DOM,2019,12.547,,,,final,,,
electricity.ember.clean-share-by-country,DOM,2020,16.162,,,,final,,,
electricity.ember.clean-share-by-country,DOM,2021,17.779,,,,final,,,
electricity.ember.clean-share-by-country,DOM,2022,18.448,,,,final,,,
electricity.ember.clean-share-by-country,DOM,2023,17.264,,,,final,,,
electricity.ember.clean-share-by-country,DOM,2024,18.851,,,,final,,,
electricity.ember.clean-share-by-country,DOM,2025,23.753,,,,preliminary,"2025 is the latest year in Ember's file, which has no estimate flag; Ember's methodology says that for the most recent years it estimates annual generation from monthly data.",,
electricity.ember.clean-share-by-country,DZA,2000,0.197,,,,final,,,
electricity.ember.clean-share-by-country,DZA,2001,0.263,,,,final,,,
electricity.ember.clean-share-by-country,DZA,2002,0.217,,,,final,,,
electricity.ember.clean-share-by-country,DZA,2003,0.879,,,,final,,,
electricity.ember.clean-share-by-country,DZA,2004,0.8,,,,final,,,
electricity.ember.clean-share-by-country,DZA,2005,1.622,,,,final,,,
electricity.ember.clean-share-by-country,DZA,2006,0.624,,,,final,,,
electricity.ember.clean-share-by-country,DZA,2007,0.592,,,,final,,,
electricity.ember.clean-share-by-country,DZA,2008,0.696,,,,final,,,
electricity.ember.clean-share-by-country,DZA,2009,0.779,,,,final,,,
electricity.ember.clean-share-by-country,DZA,2010,0.372,,,,final,,,
electricity.ember.clean-share-by-country,DZA,2011,0.976,,,,final,,,
electricity.ember.clean-share-by-country,DZA,2012,1.08,,,,final,,,
electricity.ember.clean-share-by-country,DZA,2013,0.551,,,,final,,,
electricity.ember.clean-share-by-country,DZA,2014,0.389,,,,final,,,
electricity.ember.clean-share-by-country,DZA,2015,0.32,,,,final,,,
electricity.ember.clean-share-by-country,DZA,2016,0.479,,,,final,,,
electricity.ember.clean-share-by-country,DZA,2017,0.841,,,,final,,,
electricity.ember.clean-share-by-country,DZA,2018,1.068,,,,final,,,
electricity.ember.clean-share-by-country,DZA,2019,1.066,,,,final,,,
electricity.ember.clean-share-by-country,DZA,2020,1.109,,,,final,,,
electricity.ember.clean-share-by-country,DZA,2021,0.946,,,,final,,,
electricity.ember.clean-share-by-country,DZA,2022,0.94,,,,final,,,
electricity.ember.clean-share-by-country,DZA,2023,0.949,,,,final,,,
electricity.ember.clean-share-by-country,DZA,2024,1.069,,,,final,,,
electricity.ember.clean-share-by-country,ECU,2000,71.51,,,,final,,,
electricity.ember.clean-share-by-country,ECU,2001,63.752,,,,final,,,
electricity.ember.clean-share-by-country,ECU,2002,63.082,,,,final,,,
electricity.ember.clean-share-by-country,ECU,2003,61.934,,,,final,,,
electricity.ember.clean-share-by-country,ECU,2004,57.344,,,,final,,,
electricity.ember.clean-share-by-country,ECU,2005,54.035,,,,final,,,
electricity.ember.clean-share-by-country,ECU,2006,50.284,,,,final,,,
electricity.ember.clean-share-by-country,ECU,2007,52.0,,,,final,,,
electricity.ember.clean-share-by-country,ECU,2008,60.573,,,,final,,,
electricity.ember.clean-share-by-country,ECU,2009,50.385,,,,final,,,
electricity.ember.clean-share-by-country,ECU,2010,44.13,,,,final,,,
electricity.ember.clean-share-by-country,ECU,2011,53.989,,,,final,,,
electricity.ember.clean-share-by-country,ECU,2012,53.41,,,,final,,,
electricity.ember.clean-share-by-country,ECU,2013,47.625,,,,final,,,
electricity.ember.clean-share-by-country,ECU,2014,47.54,,,,final,,,
electricity.ember.clean-share-by-country,ECU,2015,51.103,,,,final,,,
electricity.ember.clean-share-by-country,ECU,2016,59.978,,,,final,,,
electricity.ember.clean-share-by-country,ECU,2017,73.518,,,,final,,,
electricity.ember.clean-share-by-country,ECU,2018,71.912,,,,final,,,
electricity.ember.clean-share-by-country,ECU,2019,77.781,,,,final,,,
electricity.ember.clean-share-by-country,ECU,2020,79.642,,,,final,,,
electricity.ember.clean-share-by-country,ECU,2021,81.196,,,,final,,,
electricity.ember.clean-share-by-country,ECU,2022,76.013,,,,final,,,
electricity.ember.clean-share-by-country,ECU,2023,73.618,,,,final,,,
electricity.ember.clean-share-by-country,ECU,2024,72.443,,,,final,,,
electricity.ember.clean-share-by-country,ECU,2025,79.399,,,,preliminary,"2025 is the latest year in Ember's file, which has no estimate flag; Ember's methodology says that for the most recent years it estimates annual generation from monthly data.",,
electricity.ember.clean-share-by-country,EGY,2000,19.449,,,,final,,,
electricity.ember.clean-share-by-country,EGY,2001,18.077,,,,final,,,
electricity.ember.clean-share-by-country,EGY,2002,16.468,,,,final,,,
electricity.ember.clean-share-by-country,EGY,2003,14.351,,,,final,,,
electricity.ember.clean-share-by-country,EGY,2004,13.567,,,,final,,,
electricity.ember.clean-share-by-country,EGY,2005,12.531,,,,final,,,
electricity.ember.clean-share-by-country,EGY,2006,11.992,,,,final,,,
electricity.ember.clean-share-by-country,EGY,2007,12.414,,,,final,,,
electricity.ember.clean-share-by-country,EGY,2008,12.446,,,,final,,,
electricity.ember.clean-share-by-country,EGY,2009,11.03,,,,final,,,
electricity.ember.clean-share-by-country,EGY,2010,9.963,,,,final,,,
electricity.ember.clean-share-by-country,EGY,2011,9.842,,,,final,,,
electricity.ember.clean-share-by-country,EGY,2012,9.132,,,,final,,,
electricity.ember.clean-share-by-country,EGY,2013,8.996,,,,final,,,
electricity.ember.clean-share-by-country,EGY,2014,8.619,,,,final,,,
electricity.ember.clean-share-by-country,EGY,2015,8.585,,,,final,,,
electricity.ember.clean-share-by-country,EGY,2016,8.412,,,,final,,,
electricity.ember.clean-share-by-country,EGY,2017,8.022,,,,final,,,
electricity.ember.clean-share-by-country,EGY,2018,8.255,,,,final,,,
electricity.ember.clean-share-by-country,EGY,2019,9.767,,,,final,,,
electricity.ember.clean-share-by-country,EGY,2020,11.964,,,,final,,,
electricity.ember.clean-share-by-country,EGY,2021,12.096,,,,final,,,
electricity.ember.clean-share-by-country,EGY,2022,11.817,,,,final,,,
electricity.ember.clean-share-by-country,EGY,2023,11.702,,,,final,,,
electricity.ember.clean-share-by-country,EGY,2024,11.197,,,,final,,,
electricity.ember.clean-share-by-country,EGY,2025,13.006,,,,preliminary,"2025 is the latest year in Ember's file, which has no estimate flag; Ember's methodology says that for the most recent years it estimates annual generation from monthly data.",,
electricity.ember.clean-share-by-country,ERI,2000,0.0,,,,final,,,
electricity.ember.clean-share-by-country,ERI,2001,0.0,,,,final,,,
electricity.ember.clean-share-by-country,ERI,2002,0.0,,,,final,,,
electricity.ember.clean-share-by-country,ERI,2003,0.0,,,,final,,,
electricity.ember.clean-share-by-country,ERI,2004,0.0,,,,final,,,
electricity.ember.clean-share-by-country,ERI,2005,0.0,,,,final,,,
electricity.ember.clean-share-by-country,ERI,2006,0.0,,,,final,,,
electricity.ember.clean-share-by-country,ERI,2007,0.0,,,,final,,,
electricity.ember.clean-share-by-country,ERI,2008,0.0,,,,final,,,
electricity.ember.clean-share-by-country,ERI,2009,0.0,,,,final,,,
electricity.ember.clean-share-by-country,ERI,2010,0.0,,,,final,,,
electricity.ember.clean-share-by-country,ERI,2011,0.0,,,,final,,,
electricity.ember.clean-share-by-country,ERI,2012,0.0,,,,final,,,
electricity.ember.clean-share-by-country,ERI,2013,0.0,,,,final,,,
electricity.ember.clean-share-by-country,ERI,2014,0.0,,,,final,,,
electricity.ember.clean-share-by-country,ERI,2015,0.0,,,,final,,,
electricity.ember.clean-share-by-country,ERI,2016,0.0,,,,final,,,
electricity.ember.clean-share-by-country,ERI,2017,2.941,,,,final,,,
electricity.ember.clean-share-by-country,ERI,2018,12.821,,,,final,,,
electricity.ember.clean-share-by-country,ERI,2019,12.5,,,,final,,,
electricity.ember.clean-share-by-country,ERI,2020,12.195,,,,final,,,
electricity.ember.clean-share-by-country,ERI,2021,11.905,,,,final,,,
electricity.ember.clean-share-by-country,ERI,2022,11.364,,,,final,,,
electricity.ember.clean-share-by-country,ERI,2023,10.204,,,,final,,,
electricity.ember.clean-share-by-country,ERI,2024,11.111,,,,final,,,
electricity.ember.clean-share-by-country,ESP,2000,43.772,,,,final,,,
electricity.ember.clean-share-by-country,ESP,2001,48.488,,,,final,,,
electricity.ember.clean-share-by-country,ESP,2002,40.094,,,,final,,,
electricity.ember.clean-share-by-country,ESP,2003,45.717,,,,final,,,
electricity.ember.clean-share-by-country,ESP,2004,41.119,,,,final,,,
electricity.ember.clean-share-by-country,ESP,2005,34.481,,,,final,,,
electricity.ember.clean-share-by-country,ESP,2006,37.985,,,,final,,,
electricity.ember.clean-share-by-country,ESP,2007,37.567,,,,final,,,
electricity.ember.clean-share-by-country,ESP,2008,39.097,,,,final,,,
electricity.ember.clean-share-by-country,ESP,2009,43.63,,,,final,,,
electricity.ember.clean-share-by-country,ESP,2010,53.647,,,,final,,,
electricity.ember.clean-share-by-country,ESP,2011,49.822,,,,final,,,
electricity.ember.clean-share-by-country,ESP,2012,50.498,,,,final,,,
electricity.ember.clean-share-by-country,ESP,2013,59.739,,,,final,,,
electricity.ember.clean-share-by-country,ESP,2014,61.059,,,,final,,,
electricity.ember.clean-share-by-country,ESP,2015,55.663,,,,final,,,
electricity.ember.clean-share-by-country,ESP,2016,60.31,,,,final,,,
electricity.ember.clean-share-by-country,ESP,2017,53.591,,,,final,,,
electricity.ember.clean-share-by-country,ESP,2018,58.821,,,,final,,,
electricity.ember.clean-share-by-country,ESP,2019,58.901,,,,final,,,
electricity.ember.clean-share-by-country,ESP,2020,66.324,,,,final,,,
electricity.ember.clean-share-by-country,ESP,2021,67.335,,,,final,,,
electricity.ember.clean-share-by-country,ESP,2022,63.207,,,,final,,,
electricity.ember.clean-share-by-country,ESP,2023,71.889,,,,final,,,
electricity.ember.clean-share-by-country,ESP,2024,76.745,,,,final,,,
electricity.ember.clean-share-by-country,ESP,2025,,,,,preliminary,"2025 is the latest year in Ember's file, which has no estimate flag; Ember's methodology says that for the most recent years it estimates annual generation from monthly data.","Not published: Ember's file gives negative generation for Spain in 2025 (Other renewables -0.045 TWh), so its Clean share does not describe a generation mix.",
electricity.ember.clean-share-by-country,EST,2000,0.118,,,,final,,,
electricity.ember.clean-share-by-country,EST,2001,0.236,,,,final,,,
electricity.ember.clean-share-by-country,EST,2002,0.352,,,,final,,,
electricity.ember.clean-share-by-country,EST,2003,0.492,,,,final,,,
electricity.ember.clean-share-by-country,EST,2004,0.582,,,,final,,,
electricity.ember.clean-share-by-country,EST,2005,1.078,,,,final,,,
electricity.ember.clean-share-by-country,EST,2006,1.336,,,,final,,,
electricity.ember.clean-share-by-country,EST,2007,1.149,,,,final,,,
electricity.ember.clean-share-by-country,EST,2008,1.89,,,,final,,,
electricity.ember.clean-share-by-country,EST,2009,6.15,,,,final,,,
electricity.ember.clean-share-by-country,EST,2010,8.096,,,,final,,,
electricity.ember.clean-share-by-country,EST,2011,9.154,,,,final,,,
electricity.ember.clean-share-by-country,EST,2012,12.291,,,,final,,,
electricity.ember.clean-share-by-country,EST,2013,9.262,,,,final,,,
electricity.ember.clean-share-by-country,EST,2014,11.165,,,,final,,,
electricity.ember.clean-share-by-country,EST,2015,15.369,,,,final,,,
electricity.ember.clean-share-by-country,EST,2016,13.065,,,,final,,,
electricity.ember.clean-share-by-country,EST,2017,14.134,,,,final,,,
electricity.ember.clean-share-by-country,EST,2018,16.087,,,,final,,,
electricity.ember.clean-share-by-country,EST,2019,28.121,,,,final,,,
electricity.ember.clean-share-by-country,EST,2020,48.849,,,,final,,,
electricity.ember.clean-share-by-country,EST,2021,39.917,,,,final,,,
electricity.ember.clean-share-by-country,EST,2022,31.991,,,,final,,,
electricity.ember.clean-share-by-country,EST,2023,48.78,,,,final,,,
electricity.ember.clean-share-by-country,EST,2024,55.659,,,,final,,,
electricity.ember.clean-share-by-country,EST,2025,,,,,preliminary,"2025 is the latest year in Ember's file, which has no estimate flag; Ember's methodology says that for the most recent years it estimates annual generation from monthly data.","Not published: Ember's file gives negative generation for Estonia in 2025 (Other renewables -0.001 TWh), so its Clean share does not describe a generation mix.",
electricity.ember.clean-share-by-country,ETH,2000,98.817,,,,final,,,
electricity.ember.clean-share-by-country,ETH,2001,99.02,,,,final,,,
electricity.ember.clean-share-by-country,ETH,2002,99.029,,,,final,,,
electricity.ember.clean-share-by-country,ETH,2003,99.142,,,,final,,,
electricity.ember.clean-share-by-country,ETH,2004,99.222,,,,final,,,
electricity.ember.clean-share-by-country,ETH,2005,99.653,,,,final,,,
electricity.ember.clean-share-by-country,ETH,2006,99.396,,,,final,,,
electricity.ember.clean-share-by-country,ETH,2007,98.834,,,,final,,,
electricity.ember.clean-share-by-country,ETH,2008,99.7,,,,final,,,
electricity.ember.clean-share-by-country,ETH,2009,98.343,,,,final,,,
electricity.ember.clean-share-by-country,ETH,2010,99.002,,,,final,,,
electricity.ember.clean-share-by-country,ETH,2011,99.211,,,,final,,,
electricity.ember.clean-share-by-country,ETH,2012,99.736,,,,final,,,
electricity.ember.clean-share-by-country,ETH,2013,99.885,,,,final,,,
electricity.ember.clean-share-by-country,ETH,2014,100.0,,,,final,,,
electricity.ember.clean-share-by-country,ETH,2015,100.0,,,,final,,,
electricity.ember.clean-share-by-country,ETH,2016,100.0,,,,final,,,
electricity.ember.clean-share-by-country,ETH,2017,100.0,,,,final,,,
electricity.ember.clean-share-by-country,ETH,2018,100.0,,,,final,,,
electricity.ember.clean-share-by-country,ETH,2019,99.935,,,,final,,,
electricity.ember.clean-share-by-country,ETH,2020,99.936,,,,final,,,
electricity.ember.clean-share-by-country,ETH,2021,100.0,,,,final,,,
electricity.ember.clean-share-by-country,ETH,2022,100.0,,,,final,,,
electricity.ember.clean-share-by-country,ETH,2023,100.0,,,,final,,,
electricity.ember.clean-share-by-country,ETH,2024,100.0,,,,final,,,
electricity.ember.clean-share-by-country,ETH,2025,100.0,,,,preliminary,"2025 is the latest year in Ember's file, which has no estimate flag; Ember's methodology says that for the most recent years it estimates annual generation from monthly data.",,
electricity.ember.clean-share-by-country,FIN,2000,65.542,,,,final,,,
electricity.ember.clean-share-by-country,FIN,2001,59.516,,,,final,,,
electricity.ember.clean-share-by-country,FIN,2002,56.233,,,,final,,,
electricity.ember.clean-share-by-country,FIN,2003,49.585,,,,final,,,
electricity.ember.clean-share-by-country,FIN,2004,56.326,,,,final,,,
electricity.ember.clean-share-by-country,FIN,2005,66.227,,,,final,,,
electricity.ember.clean-share-by-country,FIN,2006,55.134,,,,final,,,
electricity.ember.clean-share-by-country,FIN,2007,58.815,,,,final,,,
electricity.ember.clean-share-by-country,FIN,2008,65.585,,,,final,,,
electricity.ember.clean-share-by-country,FIN,2009,62.767,,,,final,,,
electricity.ember.clean-share-by-country,FIN,2010,58.259,,,,final,,,
electricity.ember.clean-share-by-country,FIN,2011,64.449,,,,final,,,
electricity.ember.clean-share-by-country,FIN,2012,73.214,,,,final,,,
electricity.ember.clean-share-by-country,FIN,2013,69.099,,,,final,,,
electricity.ember.clean-share-by-country,FIN,2014,73.216,,,,final,,,
electricity.ember.clean-share-by-country,FIN,2015,78.385,,,,final,,,
electricity.ember.clean-share-by-country,FIN,2016,77.978,,,,final,,,
electricity.ember.clean-share-by-country,FIN,2017,79.902,,,,final,,,
electricity.ember.clean-share-by-country,FIN,2018,78.214,,,,final,,,
electricity.ember.clean-share-by-country,FIN,2019,81.256,,,,final,,,
electricity.ember.clean-share-by-country,FIN,2020,85.529,,,,final,,,
electricity.ember.clean-share-by-country,FIN,2021,85.675,,,,final,,,
electricity.ember.clean-share-by-country,FIN,2022,88.68,,,,final,,,
electricity.ember.clean-share-by-country,FIN,2023,93.977,,,,final,,,
electricity.ember.clean-share-by-country,FIN,2024,95.339,,,,final,,,
electricity.ember.clean-share-by-country,FIN,2025,96.366,,,,preliminary,"2025 is the latest year in Ember's file, which has no estimate flag; Ember's methodology says that for the most recent years it estimates annual generation from monthly data.",,
electricity.ember.clean-share-by-country,FJI,2000,72.0,,,,final,,,
electricity.ember.clean-share-by-country,FJI,2001,74.684,,,,final,,,
electricity.ember.clean-share-by-country,FJI,2002,69.88,,,,final,,,
electricity.ember.clean-share-by-country,FJI,2003,54.023,,,,final,,,
electricity.ember.clean-share-by-country,FJI,2004,56.818,,,,final,,,
electricity.ember.clean-share-by-country,FJI,2005,52.809,,,,final,,,
electricity.ember.clean-share-by-country,FJI,2006,52.222,,,,final,,,
electricity.ember.clean-share-by-country,FJI,2007,68.539,,,,final,,,
electricity.ember.clean-share-by-country,FJI,2008,67.857,,,,final,,,
electricity.ember.clean-share-by-country,FJI,2009,62.651,,,,final,,,
electricity.ember.clean-share-by-country,FJI,2010,52.273,,,,final,,,
electricity.ember.clean-share-by-country,FJI,2011,57.647,,,,final,,,
electricity.ember.clean-share-by-country,FJI,2012,66.279,,,,final,,,
electricity.ember.clean-share-by-country,FJI,2013,63.636,,,,final,,,
electricity.ember.clean-share-by-country,FJI,2014,48.352,,,,final,,,
electricity.ember.clean-share-by-country,FJI,2015,48.387,,,,final,,,
electricity.ember.clean-share-by-country,FJI,2016,54.737,,,,final,,,
electricity.ember.clean-share-by-country,FJI,2017,50.0,,,,final,,,
electricity.ember.clean-share-by-country,FJI,2018,59.091,,,,final,,,
electricity.ember.clean-share-by-country,FJI,2019,57.895,,,,final,,,
electricity.ember.clean-share-by-country,FJI,2020,62.963,,,,final,,,
electricity.ember.clean-share-by-country,FJI,2021,62.264,,,,final,,,
electricity.ember.clean-share-by-country,FJI,2022,60.748,,,,final,,,
electricity.ember.clean-share-by-country,FJI,2023,63.478,,,,final,,,
electricity.ember.clean-share-by-country,FJI,2024,63.478,,,,final,,,
electricity.ember.clean-share-by-country,FLK,2000,0.0,,,,final,,,
electricity.ember.clean-share-by-country,FLK,2001,0.0,,,,final,,,
electricity.ember.clean-share-by-country,FLK,2002,0.0,,,,final,,,
electricity.ember.clean-share-by-country,FLK,2003,0.0,,,,final,,,
electricity.ember.clean-share-by-country,FLK,2004,0.0,,,,final,,,
electricity.ember.clean-share-by-country,FLK,2005,0.0,,,,final,,,
electricity.ember.clean-share-by-country,FLK,2006,0.0,,,,final,,,
electricity.ember.clean-share-by-country,FLK,2007,0.0,,,,final,,,
electricity.ember.clean-share-by-country,FLK,2008,0.0,,,,final,,,
electricity.ember.clean-share-by-country,FLK,2009,0.0,,,,final,,,
electricity.ember.clean-share-by-country,FLK,2010,0.0,,,,final,,,
electricity.ember.clean-share-by-country,FLK,2011,50.0,,,,final,,,
electricity.ember.clean-share-by-country,FLK,2012,50.0,,,,final,,,
electricity.ember.clean-share-by-country,FLK,2013,50.0,,,,final,,,
electricity.ember.clean-share-by-country,FLK,2014,50.0,,,,final,,,
electricity.ember.clean-share-by-country,FLK,2015,50.0,,,,final,,,
electricity.ember.clean-share-by-country,FLK,2016,50.0,,,,final,,,
electricity.ember.clean-share-by-country,FLK,2017,0.0,,,,final,,,
electricity.ember.clean-share-by-country,FLK,2018,0.0,,,,final,,,
electricity.ember.clean-share-by-country,FLK,2019,0.0,,,,final,,,
electricity.ember.clean-share-by-country,FLK,2020,0.0,,,,final,,,
electricity.ember.clean-share-by-country,FLK,2021,0.0,,,,final,,,
electricity.ember.clean-share-by-country,FLK,2022,0.0,,,,final,,,
electricity.ember.clean-share-by-country,FLK,2023,0.0,,,,final,,,
electricity.ember.clean-share-by-country,FRA,2000,90.692,,,,final,,,
electricity.ember.clean-share-by-country,FRA,2001,91.627,,,,final,,,
electricity.ember.clean-share-by-country,FRA,2002,90.605,,,,final,,,
electricity.ember.clean-share-by-country,FRA,2003,89.879,,,,final,,,
electricity.ember.clean-share-by-country,FRA,2004,90.175,,,,final,,,
electricity.ember.clean-share-by-country,FRA,2005,88.996,,,,final,,,
electricity.ember.clean-share-by-country,FRA,2006,90.093,,,,final,,,
electricity.ember.clean-share-by-country,FRA,2007,89.711,,,,final,,,
electricity.ember.clean-share-by-country,FRA,2008,90.264,,,,final,,,
electricity.ember.clean-share-by-country,FRA,2009,90.361,,,,final,,,
electricity.ember.clean-share-by-country,FRA,2010,89.836,,,,final,,,
electricity.ember.clean-share-by-country,FRA,2011,89.562,,,,final,,,
electricity.ember.clean-share-by-country,FRA,2012,89.97,,,,final,,,
electricity.ember.clean-share-by-country,FRA,2013,90.7,,,,final,,,
electricity.ember.clean-share-by-country,FRA,2014,93.678,,,,final,,,
electricity.ember.clean-share-by-country,FRA,2015,92.183,,,,final,,,
electricity.ember.clean-share-by-country,FRA,2016,89.865,,,,final,,,
electricity.ember.clean-share-by-country,FRA,2017,88.219,,,,final,,,
electricity.ember.clean-share-by-country,FRA,2018,91.419,,,,final,,,
electricity.ember.clean-share-by-country,FRA,2019,90.52,,,,final,,,
electricity.ember.clean-share-by-country,FRA,2020,90.822,,,,final,,,
electricity.ember.clean-share-by-country,FRA,2021,91.123,,,,final,,,
electricity.ember.clean-share-by-country,FRA,2022,87.115,,,,final,,,
electricity.ember.clean-share-by-country,FRA,2023,92.085,,,,final,,,
electricity.ember.clean-share-by-country,FRA,2024,94.923,,,,final,,,
electricity.ember.clean-share-by-country,FRA,2025,94.893,,,,preliminary,"2025 is the latest year in Ember's file, which has no estimate flag; Ember's methodology says that for the most recent years it estimates annual generation from monthly data.",,
electricity.ember.clean-share-by-country,FRO,2000,36.364,,,,final,,,
electricity.ember.clean-share-by-country,FRO,2001,33.333,,,,final,,,
electricity.ember.clean-share-by-country,FRO,2002,41.667,,,,final,,,
electricity.ember.clean-share-by-country,FRO,2003,33.333,,,,final,,,
electricity.ember.clean-share-by-country,FRO,2004,40.0,,,,final,,,
electricity.ember.clean-share-by-country,FRO,2005,44.0,,,,final,,,
electricity.ember.clean-share-by-country,FRO,2006,44.0,,,,final,,,
electricity.ember.clean-share-by-country,FRO,2007,44.444,,,,final,,,
electricity.ember.clean-share-by-country,FRO,2008,37.037,,,,final,,,
electricity.ember.clean-share-by-country,FRO,2009,37.037,,,,final,,,
electricity.ember.clean-share-by-country,FRO,2010,28.571,,,,final,,,
electricity.ember.clean-share-by-country,FRO,2011,37.037,,,,final,,,
electricity.ember.clean-share-by-country,FRO,2012,37.931,,,,final,,,
electricity.ember.clean-share-by-country,FRO,2013,37.931,,,,final,,,
electricity.ember.clean-share-by-country,FRO,2014,51.613,,,,final,,,
electricity.ember.clean-share-by-country,FRO,2015,59.375,,,,final,,,
electricity.ember.clean-share-by-country,FRO,2016,48.387,,,,final,,,
electricity.ember.clean-share-by-country,FRO,2017,51.515,,,,final,,,
electricity.ember.clean-share-by-country,FRO,2018,48.571,,,,final,,,
electricity.ember.clean-share-by-country,FRO,2019,39.474,,,,final,,,
electricity.ember.clean-share-by-country,FRO,2020,39.024,,,,final,,,
electricity.ember.clean-share-by-country,FRO,2021,39.535,,,,final,,,
electricity.ember.clean-share-by-country,FRO,2022,45.833,,,,final,,,
electricity.ember.clean-share-by-country,FRO,2023,46.939,,,,final,,,
electricity.ember.clean-share-by-country,GAB,2000,61.832,,,,final,,,
electricity.ember.clean-share-by-country,GAB,2001,62.857,,,,final,,,
electricity.ember.clean-share-by-country,GAB,2002,62.585,,,,final,,,
electricity.ember.clean-share-by-country,GAB,2003,58.824,,,,final,,,
electricity.ember.clean-share-by-country,GAB,2004,58.17,,,,final,,,
electricity.ember.clean-share-by-country,GAB,2005,51.592,,,,final,,,
electricity.ember.clean-share-by-country,GAB,2006,57.229,,,,final,,,
electricity.ember.clean-share-by-country,GAB,2007,46.243,,,,final,,,
electricity.ember.clean-share-by-country,GAB,2008,49.171,,,,final,,,
electricity.ember.clean-share-by-country,GAB,2009,51.913,,,,final,,,
electricity.ember.clean-share-by-country,GAB,2010,47.15,,,,final,,,
electricity.ember.clean-share-by-country,GAB,2011,41.379,,,,final,,,
electricity.ember.clean-share-by-country,GAB,2012,42.13,,,,final,,,
electricity.ember.clean-share-by-country,GAB,2013,44.976,,,,final,,,
electricity.ember.clean-share-by-country,GAB,2014,40.201,,,,final,,,
electricity.ember.clean-share-by-country,GAB,2015,43.396,,,,final,,,
electricity.ember.clean-share-by-country,GAB,2016,37.9,,,,final,,,
electricity.ember.clean-share-by-country,GAB,2017,41.964,,,,final,,,
electricity.ember.clean-share-by-country,GAB,2018,47.122,,,,final,,,
electricity.ember.clean-share-by-country,GAB,2019,46.479,,,,final,,,
electricity.ember.clean-share-by-country,GAB,2020,48.805,,,,final,,,
electricity.ember.clean-share-by-country,GAB,2021,46.622,,,,final,,,
electricity.ember.clean-share-by-country,GAB,2022,47.962,,,,final,,,
electricity.ember.clean-share-by-country,GAB,2023,35.521,,,,final,,,
electricity.ember.clean-share-by-country,GAB,2024,35.385,,,,final,,,
electricity.ember.clean-share-by-country,GBR,2000,25.187,,,,final,,,
electricity.ember.clean-share-by-country,GBR,2001,25.893,,,,final,,,
electricity.ember.clean-share-by-country,GBR,2002,25.558,,,,final,,,
electricity.ember.clean-share-by-country,GBR,2003,24.957,,,,final,,,
electricity.ember.clean-share-by-country,GBR,2004,23.898,,,,final,,,
electricity.ember.clean-share-by-country,GBR,2005,24.74,,,,final,,,
electricity.ember.clean-share-by-country,GBR,2006,23.548,,,,final,,,
electricity.ember.clean-share-by-country,GBR,2007,20.844,,,,final,,,
electricity.ember.clean-share-by-country,GBR,2008,19.136,,,,final,,,
electricity.ember.clean-share-by-country,GBR,2009,25.04,,,,final,,,
electricity.ember.clean-share-by-country,GBR,2010,23.117,,,,final,,,
electricity.ember.clean-share-by-country,GBR,2011,28.312,,,,final,,,
electricity.ember.clean-share-by-country,GBR,2012,30.684,,,,final,,,
electricity.ember.clean-share-by-country,GBR,2013,34.56,,,,final,,,
electricity.ember.clean-share-by-country,GBR,2014,37.938,,,,final,,,
electricity.ember.clean-share-by-country,GBR,2015,45.357,,,,final,,,
electricity.ember.clean-share-by-country,GBR,2016,45.622,,,,final,,,
electricity.ember.clean-share-by-country,GBR,2017,50.035,,,,final,,,
electricity.ember.clean-share-by-country,GBR,2018,52.493,,,,final,,,
electricity.ember.clean-share-by-country,GBR,2019,53.767,,,,final,,,
electricity.ember.clean-share-by-country,GBR,2020,59.256,,,,final,,,
electricity.ember.clean-share-by-country,GBR,2021,54.755,,,,final,,,
electricity.ember.clean-share-by-country,GBR,2022,56.214,,,,final,,,
electricity.ember.clean-share-by-country,GBR,2023,60.257,,,,final,,,
electricity.ember.clean-share-by-country,GBR,2024,64.932,,,,final,,,
electricity.ember.clean-share-by-country,GBR,2025,64.178,,,,preliminary,"2025 is the latest year in Ember's file, which has no estimate flag; Ember's methodology says that for the most recent years it estimates annual generation from monthly data.",,
electricity.ember.clean-share-by-country,GEO,2000,78.804,,,,final,,,
electricity.ember.clean-share-by-country,GEO,2001,79.797,,,,final,,,
electricity.ember.clean-share-by-country,GEO,2002,93.185,,,,final,,,
electricity.ember.clean-share-by-country,GEO,2003,90.986,,,,final,,,
electricity.ember.clean-share-by-country,GEO,2004,87.318,,,,final,,,
electricity.ember.clean-share-by-country,GEO,2005,85.694,,,,final,,,
electricity.ember.clean-share-by-country,GEO,2006,70.415,,,,final,,,
electricity.ember.clean-share-by-country,GEO,2007,79.412,,,,final,,,
electricity.ember.clean-share-by-country,GEO,2008,84.606,,,,final,,,
electricity.ember.clean-share-by-country,GEO,2009,88.115,,,,final,,,
electricity.ember.clean-share-by-country,GEO,2010,93.166,,,,final,,,
electricity.ember.clean-share-by-country,GEO,2011,77.944,,,,final,,,
electricity.ember.clean-share-by-country,GEO,2012,74.324,,,,final,,,
electricity.ember.clean-share-by-country,GEO,2013,82.064,,,,final,,,
electricity.ember.clean-share-by-country,GEO,2014,80.175,,,,final,,,
electricity.ember.clean-share-by-country,GEO,2015,77.86,,,,final,,,
electricity.ember.clean-share-by-country,GEO,2016,80.505,,,,final,,,
electricity.ember.clean-share-by-country,GEO,2017,80.507,,,,final,,,
electricity.ember.clean-share-by-country,GEO,2018,82.475,,,,final,,,
electricity.ember.clean-share-by-country,GEO,2019,76.054,,,,final,,,
electricity.ember.clean-share-by-country,GEO,2020,74.731,,,,final,,,
electricity.ember.clean-share-by-country,GEO,2021,81.171,,,,final,,,
electricity.ember.clean-share-by-country,GEO,2022,76.211,,,,final,,,
electricity.ember.clean-share-by-country,GEO,2023,76.091,,,,final,,,
electricity.ember.clean-share-by-country,GEO,2024,79.828,,,,final,,,
electricity.ember.clean-share-by-country,GEO,2025,79.526,,,,preliminary,"2025 is the latest year in Ember's file, which has no estimate flag; Ember's methodology says that for the most recent years it estimates annual generation from monthly data.",,
electricity.ember.clean-share-by-country,GHA,2000,91.353,,,,final,,,
electricity.ember.clean-share-by-country,GHA,2001,83.867,,,,final,,,
electricity.ember.clean-share-by-country,GHA,2002,68.776,,,,final,,,
electricity.ember.clean-share-by-country,GHA,2003,65.646,,,,final,,,
electricity.ember.clean-share-by-country,GHA,2004,87.333,,,,final,,,
electricity.ember.clean-share-by-country,GHA,2005,82.789,,,,final,,,
electricity.ember.clean-share-by-country,GHA,2006,66.389,,,,final,,,
electricity.ember.clean-share-by-country,GHA,2007,53.161,,,,final,,,
electricity.ember.clean-share-by-country,GHA,2008,73.918,,,,final,,,
electricity.ember.clean-share-by-country,GHA,2009,76.398,,,,final,,,
electricity.ember.clean-share-by-country,GHA,2010,68.676,,,,final,,,
electricity.ember.clean-share-by-country,GHA,2011,66.401,,,,final,,,
electricity.ember.clean-share-by-country,GHA,2012,65.926,,,,final,,,
electricity.ember.clean-share-by-country,GHA,2013,62.895,,,,final,,,
electricity.ember.clean-share-by-country,GHA,2014,63.609,,,,final,,,
electricity.ember.clean-share-by-country,GHA,2015,49.914,,,,final,,,
electricity.ember.clean-share-by-country,GHA,2016,42.217,,,,final,,,
electricity.ember.clean-share-by-country,GHA,2017,42.632,,,,final,,,
electricity.ember.clean-share-by-country,GHA,2018,40.711,,,,final,,,
electricity.ember.clean-share-by-country,GHA,2019,42.312,,,,final,,,
electricity.ember.clean-share-by-country,GHA,2020,37.354,,,,final,,,
electricity.ember.clean-share-by-country,GHA,2021,34.783,,,,final,,,
electricity.ember.clean-share-by-country,GHA,2022,36.047,,,,final,,,
electricity.ember.clean-share-by-country,GHA,2023,38.519,,,,final,,,
electricity.ember.clean-share-by-country,GHA,2024,36.218,,,,final,,,
electricity.ember.clean-share-by-country,GIN,2000,50.617,,,,final,,,
electricity.ember.clean-share-by-country,GIN,2001,57.292,,,,final,,,
electricity.ember.clean-share-by-country,GIN,2002,58.416,,,,final,,,
electricity.ember.clean-share-by-country,GIN,2003,46.512,,,,final,,,
electricity.ember.clean-share-by-country,GIN,2004,61.111,,,,final,,,
electricity.ember.clean-share-by-country,GIN,2005,62.025,,,,final,,,
electricity.ember.clean-share-by-country,GIN,2006,63.014,,,,final,,,
electricity.ember.clean-share-by-country,GIN,2007,67.949,,,,final,,,
electricity.ember.clean-share-by-country,GIN,2008,64.198,,,,final,,,
electricity.ember.clean-share-by-country,GIN,2009,65.0,,,,final,,,
electricity.ember.clean-share-by-country,GIN,2010,76.19,,,,final,,,
electricity.ember.clean-share-by-country,GIN,2011,74.545,,,,final,,,
electricity.ember.clean-share-by-country,GIN,2012,67.123,,,,final,,,
electricity.ember.clean-share-by-country,GIN,2013,73.846,,,,final,,,
electricity.ember.clean-share-by-country,GIN,2014,59.155,,,,final,,,
electricity.ember.clean-share-by-country,GIN,2015,78.947,,,,final,,,
electricity.ember.clean-share-by-country,GIN,2016,68.323,,,,final,,,
electricity.ember.clean-share-by-country,GIN,2017,69.492,,,,final,,,
electricity.ember.clean-share-by-country,GIN,2018,62.371,,,,final,,,
electricity.ember.clean-share-by-country,GIN,2019,63.902,,,,final,,,
electricity.ember.clean-share-by-country,GIN,2020,60.887,,,,final,,,
electricity.ember.clean-share-by-country,GIN,2021,73.077,,,,final,,,
electricity.ember.clean-share-by-country,GIN,2022,74.5,,,,final,,,
electricity.ember.clean-share-by-country,GIN,2023,74.5,,,,final,,,
electricity.ember.clean-share-by-country,GIN,2024,75.186,,,,final,,,
electricity.ember.clean-share-by-country,GLP,2000,9.836,,,,final,,,
electricity.ember.clean-share-by-country,GLP,2001,8.527,,,,final,,,
electricity.ember.clean-share-by-country,GLP,2002,10.526,,,,final,,,
electricity.ember.clean-share-by-country,GLP,2003,9.42,,,,final,,,
electricity.ember.clean-share-by-country,GLP,2004,11.888,,,,final,,,
electricity.ember.clean-share-by-country,GLP,2005,14.0,,,,final,,,
electricity.ember.clean-share-by-country,GLP,2006,13.072,,,,final,,,
electricity.ember.clean-share-by-country,GLP,2007,13.75,,,,final,,,
electricity.ember.clean-share-by-country,GLP,2008,13.665,,,,final,,,
electricity.ember.clean-share-by-country,GLP,2009,11.656,,,,final,,,
electricity.ember.clean-share-by-country,GLP,2010,8.671,,,,final,,,
electricity.ember.clean-share-by-country,GLP,2011,11.905,,,,final,,,
electricity.ember.clean-share-by-country,GLP,2012,15.116,,,,final,,,
electricity.ember.clean-share-by-country,GLP,2013,17.816,,,,final,,,
electricity.ember.clean-share-by-country,GLP,2014,18.391,,,,final,,,
electricity.ember.clean-share-by-country,GLP,2015,17.614,,,,final,,,
electricity.ember.clean-share-by-country,GLP,2016,16.949,,,,final,,,
electricity.ember.clean-share-by-country,GLP,2017,20.455,,,,final,,,
electricity.ember.clean-share-by-country,GLP,2018,21.637,,,,final,,,
electricity.ember.clean-share-by-country,GLP,2019,21.512,,,,final,,,
electricity.ember.clean-share-by-country,GLP,2020,24.118,,,,final,,,
electricity.ember.clean-share-by-country,GLP,2021,33.735,,,,final,,,
electricity.ember.clean-share-by-country,GLP,2022,34.756,,,,final,,,
electricity.ember.clean-share-by-country,GLP,2023,35.329,,,,final,,,
electricity.ember.clean-share-by-country,GMB,2000,0.0,,,,final,,,
electricity.ember.clean-share-by-country,GMB,2001,0.0,,,,final,,,
electricity.ember.clean-share-by-country,GMB,2002,0.0,,,,final,,,
electricity.ember.clean-share-by-country,GMB,2003,0.0,,,,final,,,
electricity.ember.clean-share-by-country,GMB,2004,0.0,,,,final,,,
electricity.ember.clean-share-by-country,GMB,2005,0.0,,,,final,,,
electricity.ember.clean-share-by-country,GMB,2006,0.0,,,,final,,,
electricity.ember.clean-share-by-country,GMB,2007,0.0,,,,final,,,
electricity.ember.clean-share-by-country,GMB,2008,0.0,,,,final,,,
electricity.ember.clean-share-by-country,GMB,2009,0.0,,,,final,,,
electricity.ember.clean-share-by-country,GMB,2010,0.0,,,,final,,,
electricity.ember.clean-share-by-country,GMB,2011,0.0,,,,final,,,
electricity.ember.clean-share-by-country,GMB,2012,0.0,,,,final,,,
electricity.ember.clean-share-by-country,GMB,2013,0.0,,,,final,,,
electricity.ember.clean-share-by-country,GMB,2014,0.0,,,,final,,,
electricity.ember.clean-share-by-country,GMB,2015,0.0,,,,final,,,
electricity.ember.clean-share-by-country,GMB,2016,0.0,,,,final,,,
electricity.ember.clean-share-by-country,GMB,2017,0.0,,,,final,,,
electricity.ember.clean-share-by-country,GMB,2018,0.0,,,,final,,,
electricity.ember.clean-share-by-country,GMB,2019,0.0,,,,final,,,
electricity.ember.clean-share-by-country,GMB,2020,0.0,,,,final,,,
electricity.ember.clean-share-by-country,GMB,2021,0.0,,,,final,,,
electricity.ember.clean-share-by-country,GMB,2022,0.0,,,,final,,,
electricity.ember.clean-share-by-country,GMB,2023,0.0,,,,final,,,
electricity.ember.clean-share-by-country,GMB,2024,0.0,,,,final,,,
electricity.ember.clean-share-by-country,GNB,2000,0.0,,,,final,,,
electricity.ember.clean-share-by-country,GNB,2001,0.0,,,,final,,,
electricity.ember.clean-share-by-country,GNB,2002,0.0,,,,final,,,
electricity.ember.clean-share-by-country,GNB,2003,0.0,,,,final,,,
electricity.ember.clean-share-by-country,GNB,2004,0.0,,,,final,,,
electricity.ember.clean-share-by-country,GNB,2005,0.0,,,,final,,,
electricity.ember.clean-share-by-country,GNB,2006,0.0,,,,final,,,
electricity.ember.clean-share-by-country,GNB,2007,0.0,,,,final,,,
electricity.ember.clean-share-by-country,GNB,2008,0.0,,,,final,,,
electricity.ember.clean-share-by-country,GNB,2009,0.0,,,,final,,,
electricity.ember.clean-share-by-country,GNB,2010,0.0,,,,final,,,
electricity.ember.clean-share-by-country,GNB,2011,0.0,,,,final,,,
electricity.ember.clean-share-by-country,GNB,2012,0.0,,,,final,,,
electricity.ember.clean-share-by-country,GNB,2013,0.0,,,,final,,,
electricity.ember.clean-share-by-country,GNB,2014,0.0,,,,final,,,
electricity.ember.clean-share-by-country,GNB,2015,0.0,,,,final,,,
electricity.ember.clean-share-by-country,GNB,2016,0.0,,,,final,,,
electricity.ember.clean-share-by-country,GNB,2017,0.0,,,,final,,,
electricity.ember.clean-share-by-country,GNB,2018,0.0,,,,final,,,
electricity.ember.clean-share-by-country,GNB,2019,0.0,,,,final,,,
electricity.ember.clean-share-by-country,GNB,2020,0.0,,,,final,,,
electricity.ember.clean-share-by-country,GNB,2021,0.0,,,,final,,,
electricity.ember.clean-share-by-country,GNB,2022,0.0,,,,final,,,
electricity.ember.clean-share-by-country,GNB,2023,0.0,,,,final,,,
electricity.ember.clean-share-by-country,GNB,2024,0.0,,,,final,,,
electricity.ember.clean-share-by-country,GNQ,2000,20.0,,,,final,,,
electricity.ember.clean-share-by-country,GNQ,2001,16.667,,,,final,,,
electricity.ember.clean-share-by-country,GNQ,2002,14.286,,,,final,,,
electricity.ember.clean-share-by-country,GNQ,2003,14.286,,,,final,,,
electricity.ember.clean-share-by-country,GNQ,2004,11.111,,,,final,,,
electricity.ember.clean-share-by-country,GNQ,2005,10.0,,,,final,,,
electricity.ember.clean-share-by-country,GNQ,2006,9.091,,,,final,,,
electricity.ember.clean-share-by-country,GNQ,2007,7.692,,,,final,,,
electricity.ember.clean-share-by-country,GNQ,2008,25.0,,,,final,,,
electricity.ember.clean-share-by-country,GNQ,2009,22.727,,,,final,,,
electricity.ember.clean-share-by-country,GNQ,2010,13.636,,,,final,,,
electricity.ember.clean-share-by-country,GNQ,2011,10.0,,,,final,,,
electricity.ember.clean-share-by-country,GNQ,2012,14.815,,,,final,,,
electricity.ember.clean-share-by-country,GNQ,2013,29.412,,,,final,,,
electricity.ember.clean-share-by-country,GNQ,2014,34.862,,,,final,,,
electricity.ember.clean-share-by-country,GNQ,2015,36.154,,,,final,,,
electricity.ember.clean-share-by-country,GNQ,2016,33.571,,,,final,,,
electricity.ember.clean-share-by-country,GNQ,2017,32.836,,,,final,,,
electricity.ember.clean-share-by-country,GNQ,2018,32.593,,,,final,,,
electricity.ember.clean-share-by-country,GNQ,2019,32.143,,,,final,,,
electricity.ember.clean-share-by-country,GNQ,2020,34.752,,,,final,,,
electricity.ember.clean-share-by-country,GNQ,2021,32.867,,,,final,,,
electricity.ember.clean-share-by-country,GNQ,2022,31.788,,,,final,,,
electricity.ember.clean-share-by-country,GNQ,2023,24.476,,,,final,,,
electricity.ember.clean-share-by-country,GNQ,2024,26.846,,,,final,,,
electricity.ember.clean-share-by-country,GRC,2000,7.82,,,,final,,,
electricity.ember.clean-share-by-country,GRC,2001,5.596,,,,final,,,
electricity.ember.clean-share-by-country,GRC,2002,6.709,,,,final,,,
electricity.ember.clean-share-by-country,GRC,2003,10.283,,,,final,,,
electricity.ember.clean-share-by-country,GRC,2004,10.151,,,,final,,,
electricity.ember.clean-share-by-country,GRC,2005,10.914,,,,final,,,
electricity.ember.clean-share-by-country,GRC,2006,12.91,,,,final,,,
electricity.ember.clean-share-by-country,GRC,2007,7.356,,,,final,,,
electricity.ember.clean-share-by-country,GRC,2008,9.247,,,,final,,,
electricity.ember.clean-share-by-country,GRC,2009,13.523,,,,final,,,
electricity.ember.clean-share-by-country,GRC,2010,18.601,,,,final,,,
electricity.ember.clean-share-by-country,GRC,2011,13.944,,,,final,,,
electricity.ember.clean-share-by-country,GRC,2012,16.909,,,,final,,,
electricity.ember.clean-share-by-country,GRC,2013,25.475,,,,final,,,
electricity.ember.clean-share-by-country,GRC,2014,24.547,,,,final,,,
electricity.ember.clean-share-by-country,GRC,2015,29.089,,,,final,,,
electricity.ember.clean-share-by-country,GRC,2016,27.656,,,,final,,,
electricity.ember.clean-share-by-country,GRC,2017,25.182,,,,final,,,
electricity.ember.clean-share-by-country,GRC,2018,30.679,,,,final,,,
electricity.ember.clean-share-by-country,GRC,2019,33.577,,,,final,,,
electricity.ember.clean-share-by-country,GRC,2020,36.94,,,,final,,,
electricity.ember.clean-share-by-country,GRC,2021,40.8,,,,final,,,
electricity.ember.clean-share-by-country,GRC,2022,43.449,,,,final,,,
electricity.ember.clean-share-by-country,GRC,2023,49.826,,,,final,,,
electricity.ember.clean-share-by-country,GRC,2024,49.23,,,,final,,,
electricity.ember.clean-share-by-country,GRC,2025,47.729,,,,preliminary,"2025 is the latest year in Ember's file, which has no estimate flag; Ember's methodology says that for the most recent years it estimates annual generation from monthly data.",,
electricity.ember.clean-share-by-country,GRD,2000,0.0,,,,final,,,
electricity.ember.clean-share-by-country,GRD,2001,0.0,,,,final,,,
electricity.ember.clean-share-by-country,GRD,2002,0.0,,,,final,,,
electricity.ember.clean-share-by-country,GRD,2003,0.0,,,,final,,,
electricity.ember.clean-share-by-country,GRD,2004,0.0,,,,final,,,
electricity.ember.clean-share-by-country,GRD,2005,0.0,,,,final,,,
electricity.ember.clean-share-by-country,GRD,2006,0.0,,,,final,,,
electricity.ember.clean-share-by-country,GRD,2007,0.0,,,,final,,,
electricity.ember.clean-share-by-country,GRD,2008,0.0,,,,final,,,
electricity.ember.clean-share-by-country,GRD,2009,0.0,,,,final,,,
electricity.ember.clean-share-by-country,GRD,2010,0.0,,,,final,,,
electricity.ember.clean-share-by-country,GRD,2011,0.0,,,,final,,,
electricity.ember.clean-share-by-country,GRD,2012,0.0,,,,final,,,
electricity.ember.clean-share-by-country,GRD,2013,0.0,,,,final,,,
electricity.ember.clean-share-by-country,GRD,2014,0.0,,,,final,,,
electricity.ember.clean-share-by-country,GRD,2015,0.0,,,,final,,,
electricity.ember.clean-share-by-country,GRD,2016,0.0,,,,final,,,
electricity.ember.clean-share-by-country,GRD,2017,0.0,,,,final,,,
electricity.ember.clean-share-by-country,GRD,2018,0.0,,,,final,,,
electricity.ember.clean-share-by-country,GRD,2019,0.0,,,,final,,,
electricity.ember.clean-share-by-country,GRD,2020,0.0,,,,final,,,
electricity.ember.clean-share-by-country,GRD,2021,0.0,,,,final,,,
electricity.ember.clean-share-by-country,GRD,2022,0.0,,,,final,,,
electricity.ember.clean-share-by-country,GRD,2023,0.0,,,,final,,,
electricity.ember.clean-share-by-country,GRD,2024,0.0,,,,final,,,
electricity.ember.clean-share-by-country,GRL,2000,58.621,,,,final,,,
electricity.ember.clean-share-by-country,GRL,2001,57.143,,,,final,,,
electricity.ember.clean-share-by-country,GRL,2002,58.065,,,,final,,,
electricity.ember.clean-share-by-country,GRL,2003,58.065,,,,final,,,
electricity.ember.clean-share-by-country,GRL,2004,57.576,,,,final,,,
electricity.ember.clean-share-by-country,GRL,2005,58.824,,,,final,,,
electricity.ember.clean-share-by-country,GRL,2006,57.143,,,,final,,,
electricity.ember.clean-share-by-country,GRL,2007,55.556,,,,final,,,
electricity.ember.clean-share-by-country,GRL,2008,54.054,,,,final,,,
electricity.ember.clean-share-by-country,GRL,2009,63.415,,,,final,,,
electricity.ember.clean-share-by-country,GRL,2010,70.732,,,,final,,,
electricity.ember.clean-share-by-country,GRL,2011,75.556,,,,final,,,
electricity.ember.clean-share-by-country,GRL,2012,75.556,,,,final,,,
electricity.ember.clean-share-by-country,GRL,2013,80.435,,,,final,,,
electricity.ember.clean-share-by-country,GRL,2014,81.25,,,,final,,,
electricity.ember.clean-share-by-country,GRL,2015,82.353,,,,final,,,
electricity.ember.clean-share-by-country,GRL,2016,83.333,,,,final,,,
electricity.ember.clean-share-by-country,GRL,2017,76.0,,,,final,,,
electricity.ember.clean-share-by-country,GRL,2018,80.769,,,,final,,,
electricity.ember.clean-share-by-country,GRL,2019,83.673,,,,final,,,
electricity.ember.clean-share-by-country,GRL,2020,82.692,,,,final,,,
electricity.ember.clean-share-by-country,GRL,2021,84.314,,,,final,,,
electricity.ember.clean-share-by-country,GRL,2022,87.037,,,,final,,,
electricity.ember.clean-share-by-country,GRL,2023,81.967,,,,final,,,
electricity.ember.clean-share-by-country,GRL,2024,83.333,,,,final,,,
electricity.ember.clean-share-by-country,GTM,2000,50.155,,,,final,,,
electricity.ember.clean-share-by-country,GTM,2001,43.685,,,,final,,,
electricity.ember.clean-share-by-country,GTM,2002,39.64,,,,final,,,
electricity.ember.clean-share-by-country,GTM,2003,48.77,,,,final,,,
electricity.ember.clean-share-by-country,GTM,2004,50.935,,,,final,,,
electricity.ember.clean-share-by-country,GTM,2005,56.115,,,,final,,,
electricity.ember.clean-share-by-country,GTM,2006,53.494,,,,final,,,
electricity.ember.clean-share-by-country,GTM,2007,50.917,,,,final,,,
electricity.ember.clean-share-by-country,GTM,2008,54.954,,,,final,,,
electricity.ember.clean-share-by-country,GTM,2009,45.791,,,,final,,,
electricity.ember.clean-share-by-country,GTM,2010,63.688,,,,final,,,
electricity.ember.clean-share-by-country,GTM,2011,62.671,,,,final,,,
electricity.ember.clean-share-by-country,GTM,2012,66.667,,,,final,,,
electricity.ember.clean-share-by-country,GTM,2013,67.589,,,,final,,,
electricity.ember.clean-share-by-country,GTM,2014,68.421,,,,final,,,
electricity.ember.clean-share-by-country,GTM,2015,61.146,,,,final,,,
electricity.ember.clean-share-by-country,GTM,2016,61.804,,,,final,,,
electricity.ember.clean-share-by-country,GTM,2017,68.639,,,,final,,,
electricity.ember.clean-share-by-country,GTM,2018,66.113,,,,final,,,
electricity.ember.clean-share-by-country,GTM,2019,63.858,,,,final,,,
electricity.ember.clean-share-by-country,GTM,2020,75.765,,,,final,,,
electricity.ember.clean-share-by-country,GTM,2021,73.497,,,,final,,,
electricity.ember.clean-share-by-country,GTM,2022,84.644,,,,final,,,
electricity.ember.clean-share-by-country,GTM,2023,67.27,,,,final,,,
electricity.ember.clean-share-by-country,GTM,2024,68.334,,,,final,,,
electricity.ember.clean-share-by-country,GUF,2000,89.13,,,,final,,,
electricity.ember.clean-share-by-country,GUF,2001,70.0,,,,final,,,
electricity.ember.clean-share-by-country,GUF,2002,66.667,,,,final,,,
electricity.ember.clean-share-by-country,GUF,2003,50.746,,,,final,,,
electricity.ember.clean-share-by-country,GUF,2004,61.194,,,,final,,,
electricity.ember.clean-share-by-country,GUF,2005,60.563,,,,final,,,
electricity.ember.clean-share-by-country,GUF,2006,73.973,,,,final,,,
electricity.ember.clean-share-by-country,GUF,2007,68.493,,,,final,,,
electricity.ember.clean-share-by-country,GUF,2008,66.667,,,,final,,,
electricity.ember.clean-share-by-country,GUF,2009,44.872,,,,final,,,
electricity.ember.clean-share-by-country,GUF,2010,56.627,,,,final,,,
electricity.ember.clean-share-by-country,GUF,2011,61.446,,,,final,,,
electricity.ember.clean-share-by-country,GUF,2012,69.663,,,,final,,,
electricity.ember.clean-share-by-country,GUF,2013,60.674,,,,final,,,
electricity.ember.clean-share-by-country,GUF,2014,60.87,,,,final,,,
electricity.ember.clean-share-by-country,GUF,2015,59.14,,,,final,,,
electricity.ember.clean-share-by-country,GUF,2016,54.945,,,,final,,,
electricity.ember.clean-share-by-country,GUF,2017,67.391,,,,final,,,
electricity.ember.clean-share-by-country,GUF,2018,64.516,,,,final,,,
electricity.ember.clean-share-by-country,GUF,2019,49.474,,,,final,,,
electricity.ember.clean-share-by-country,GUF,2020,52.632,,,,final,,,
electricity.ember.clean-share-by-country,GUF,2021,70.103,,,,final,,,
electricity.ember.clean-share-by-country,GUF,2022,71.579,,,,final,,,
electricity.ember.clean-share-by-country,GUF,2023,65.306,,,,final,,,
electricity.ember.clean-share-by-country,GUM,2000,0.0,,,,final,,,
electricity.ember.clean-share-by-country,GUM,2001,0.0,,,,final,,,
electricity.ember.clean-share-by-country,GUM,2002,0.0,,,,final,,,
electricity.ember.clean-share-by-country,GUM,2003,0.0,,,,final,,,
electricity.ember.clean-share-by-country,GUM,2004,0.0,,,,final,,,
electricity.ember.clean-share-by-country,GUM,2005,0.0,,,,final,,,
electricity.ember.clean-share-by-country,GUM,2006,0.0,,,,final,,,
electricity.ember.clean-share-by-country,GUM,2007,0.0,,,,final,,,
electricity.ember.clean-share-by-country,GUM,2008,0.0,,,,final,,,
electricity.ember.clean-share-by-country,GUM,2009,0.0,,,,final,,,
electricity.ember.clean-share-by-country,GUM,2010,0.0,,,,final,,,
electricity.ember.clean-share-by-country,GUM,2011,0.0,,,,final,,,
electricity.ember.clean-share-by-country,GUM,2012,0.0,,,,final,,,
electricity.ember.clean-share-by-country,GUM,2013,0.0,,,,final,,,
electricity.ember.clean-share-by-country,GUM,2014,0.0,,,,final,,,
electricity.ember.clean-share-by-country,GUM,2015,1.754,,,,final,,,
electricity.ember.clean-share-by-country,GUM,2016,4.023,,,,final,,,
electricity.ember.clean-share-by-country,GUM,2017,3.39,,,,final,,,
electricity.ember.clean-share-by-country,GUM,2018,4.046,,,,final,,,
electricity.ember.clean-share-by-country,GUM,2019,4.571,,,,final,,,
electricity.ember.clean-share-by-country,GUM,2020,4.678,,,,final,,,
electricity.ember.clean-share-by-country,GUM,2021,4.598,,,,final,,,
electricity.ember.clean-share-by-country,GUM,2022,7.778,,,,final,,,
electricity.ember.clean-share-by-country,GUM,2023,7.778,,,,final,,,
electricity.ember.clean-share-by-country,GUM,2024,8.602,,,,final,,,
electricity.ember.clean-share-by-country,GUY,2000,1.111,,,,final,,,
electricity.ember.clean-share-by-country,GUY,2001,1.087,,,,final,,,
electricity.ember.clean-share-by-country,GUY,2002,1.087,,,,final,,,
electricity.ember.clean-share-by-country,GUY,2003,1.22,,,,final,,,
electricity.ember.clean-share-by-country,GUY,2004,1.163,,,,final,,,
electricity.ember.clean-share-by-country,GUY,2005,1.538,,,,final,,,
electricity.ember.clean-share-by-country,GUY,2006,1.515,,,,final,,,
electricity.ember.clean-share-by-country,GUY,2007,1.429,,,,final,,,
electricity.ember.clean-share-by-country,GUY,2008,1.408,,,,final,,,
electricity.ember.clean-share-by-country,GUY,2009,1.205,,,,final,,,
electricity.ember.clean-share-by-country,GUY,2010,4.444,,,,final,,,
electricity.ember.clean-share-by-country,GUY,2011,5.263,,,,final,,,
electricity.ember.clean-share-by-country,GUY,2012,4.167,,,,final,,,
electricity.ember.clean-share-by-country,GUY,2013,4.082,,,,final,,,
electricity.ember.clean-share-by-country,GUY,2014,4.0,,,,final,,,
electricity.ember.clean-share-by-country,GUY,2015,3.96,,,,final,,,
electricity.ember.clean-share-by-country,GUY,2016,3.636,,,,final,,,
electricity.ember.clean-share-by-country,GUY,2017,3.571,,,,final,,,
electricity.ember.clean-share-by-country,GUY,2018,2.632,,,,final,,,
electricity.ember.clean-share-by-country,GUY,2019,3.478,,,,final,,,
electricity.ember.clean-share-by-country,GUY,2020,2.632,,,,final,,,
electricity.ember.clean-share-by-country,GUY,2021,3.509,,,,final,,,
electricity.ember.clean-share-by-country,GUY,2022,2.344,,,,final,,,
electricity.ember.clean-share-by-country,GUY,2023,2.899,,,,final,,,
electricity.ember.clean-share-by-country,GUY,2024,2.899,,,,final,,,
electricity.ember.clean-share-by-country,HKG,2000,0.0,,,,final,,,
electricity.ember.clean-share-by-country,HKG,2001,0.0,,,,final,,,
electricity.ember.clean-share-by-country,HKG,2002,0.0,,,,final,,,
electricity.ember.clean-share-by-country,HKG,2003,0.0,,,,final,,,
electricity.ember.clean-share-by-country,HKG,2004,0.0,,,,final,,,
electricity.ember.clean-share-by-country,HKG,2005,0.0,,,,final,,,
electricity.ember.clean-share-by-country,HKG,2006,0.0,,,,final,,,
electricity.ember.clean-share-by-country,HKG,2007,0.0,,,,final,,,
electricity.ember.clean-share-by-country,HKG,2008,0.0,,,,final,,,
electricity.ember.clean-share-by-country,HKG,2009,0.0,,,,final,,,
electricity.ember.clean-share-by-country,HKG,2010,0.105,,,,final,,,
electricity.ember.clean-share-by-country,HKG,2011,0.103,,,,final,,,
electricity.ember.clean-share-by-country,HKG,2012,0.104,,,,final,,,
electricity.ember.clean-share-by-country,HKG,2013,0.103,,,,final,,,
electricity.ember.clean-share-by-country,HKG,2014,0.101,,,,final,,,
electricity.ember.clean-share-by-country,HKG,2015,0.185,,,,final,,,
electricity.ember.clean-share-by-country,HKG,2016,0.367,,,,final,,,
electricity.ember.clean-share-by-country,HKG,2017,0.406,,,,final,,,
electricity.ember.clean-share-by-country,HKG,2018,0.41,,,,final,,,
electricity.ember.clean-share-by-country,HKG,2019,0.433,,,,final,,,
electricity.ember.clean-share-by-country,HKG,2020,0.553,,,,final,,,
electricity.ember.clean-share-by-country,HKG,2021,0.718,,,,final,,,
electricity.ember.clean-share-by-country,HKG,2022,0.914,,,,final,,,
electricity.ember.clean-share-by-country,HKG,2023,0.954,,,,final,,,
electricity.ember.clean-share-by-country,HKG,2024,1.042,,,,final,,,
electricity.ember.clean-share-by-country,HND,2000,61.813,,,,final,,,
electricity.ember.clean-share-by-country,HND,2001,49.616,,,,final,,,
electricity.ember.clean-share-by-country,HND,2002,40.723,,,,final,,,
electricity.ember.clean-share-by-country,HND,2003,41.026,,,,final,,,
electricity.ember.clean-share-by-country,HND,2004,34.109,,,,final,,,
electricity.ember.clean-share-by-country,HND,2005,33.092,,,,final,,,
electricity.ember.clean-share-by-country,HND,2006,36.745,,,,final,,,
electricity.ember.clean-share-by-country,HND,2007,37.52,,,,final,,,
electricity.ember.clean-share-by-country,HND,2008,38.117,,,,final,,,
electricity.ember.clean-share-by-country,HND,2009,47.376,,,,final,,,
electricity.ember.clean-share-by-country,HND,2010,48.611,,,,final,,,
electricity.ember.clean-share-by-country,HND,2011,46.051,,,,final,,,
electricity.ember.clean-share-by-country,HND,2012,46.429,,,,final,,,
electricity.ember.clean-share-by-country,HND,2013,44.093,,,,final,,,
electricity.ember.clean-share-by-country,HND,2014,40.602,,,,final,,,
electricity.ember.clean-share-by-country,HND,2015,44.062,,,,final,,,
electricity.ember.clean-share-by-country,HND,2016,48.065,,,,final,,,
electricity.ember.clean-share-by-country,HND,2017,57.356,,,,final,,,
electricity.ember.clean-share-by-country,HND,2018,62.822,,,,final,,,
electricity.ember.clean-share-by-country,HND,2019,52.908,,,,final,,,
electricity.ember.clean-share-by-country,HND,2020,54.635,,,,final,,,
electricity.ember.clean-share-by-country,HND,2021,61.421,,,,final,,,
electricity.ember.clean-share-by-country,HND,2022,59.665,,,,final,,,
electricity.ember.clean-share-by-country,HND,2023,54.363,,,,final,,,
electricity.ember.clean-share-by-country,HND,2024,55.449,,,,final,,,
electricity.ember.clean-share-by-country,HRV,2000,57.538,,,,final,,,
electricity.ember.clean-share-by-country,HRV,2001,56.314,,,,final,,,
electricity.ember.clean-share-by-country,HRV,2002,46.099,,,,final,,,
electricity.ember.clean-share-by-country,HRV,2003,41.489,,,,final,,,
electricity.ember.clean-share-by-country,HRV,2004,55.011,,,,final,,,
electricity.ember.clean-share-by-country,HRV,2005,54.1,,,,final,,,
electricity.ember.clean-share-by-country,HRV,2006,51.51,,,,final,,,
electricity.ember.clean-share-by-country,HRV,2007,37.799,,,,final,,,
electricity.ember.clean-share-by-country,HRV,2008,45.696,,,,final,,,
electricity.ember.clean-share-by-country,HRV,2009,56.03,,,,final,,,
electricity.ember.clean-share-by-country,HRV,2010,62.88,,,,final,,,
electricity.ember.clean-share-by-country,HRV,2011,47.017,,,,final,,,
electricity.ember.clean-share-by-country,HRV,2012,49.763,,,,final,,,
electricity.ember.clean-share-by-country,HRV,2013,66.571,,,,final,,,
electricity.ember.clean-share-by-country,HRV,2014,74.013,,,,final,,,
electricity.ember.clean-share-by-country,HRV,2015,66.904,,,,final,,,
electricity.ember.clean-share-by-country,HRV,2016,66.349,,,,final,,,
electricity.ember.clean-share-by-country,HRV,2017,60.493,,,,final,,,
electricity.ember.clean-share-by-country,HRV,2018,72.337,,,,final,,,
electricity.ember.clean-share-by-country,HRV,2019,66.008,,,,final,,,
electricity.ember.clean-share-by-country,HRV,2020,64.626,,,,final,,,
electricity.ember.clean-share-by-country,HRV,2021,69.689,,,,final,,,
electricity.ember.clean-share-by-country,HRV,2022,63.475,,,,final,,,
electricity.ember.clean-share-by-country,HRV,2023,70.126,,,,final,,,
electricity.ember.clean-share-by-country,HRV,2024,73.435,,,,final,,,
electricity.ember.clean-share-by-country,HRV,2025,,,,,preliminary,"2025 is the latest year in Ember's file, which has no estimate flag; Ember's methodology says that for the most recent years it estimates annual generation from monthly data.","Not published: Ember's file gives negative generation for Croatia in 2025 (Other fossil -0.003 TWh), so its Clean share does not describe a generation mix.",
electricity.ember.clean-share-by-country,HTI,2000,51.852,,,,final,,,
electricity.ember.clean-share-by-country,HTI,2001,47.458,,,,final,,,
electricity.ember.clean-share-by-country,HTI,2002,47.273,,,,final,,,
electricity.ember.clean-share-by-country,HTI,2003,47.17,,,,final,,,
electricity.ember.clean-share-by-country,HTI,2004,47.273,,,,final,,,
electricity.ember.clean-share-by-country,HTI,2005,47.273,,,,final,,,
electricity.ember.clean-share-by-country,HTI,2006,47.368,,,,final,,,
electricity.ember.clean-share-by-country,HTI,2007,32.609,,,,final,,,
electricity.ember.clean-share-by-country,HTI,2008,36.735,,,,final,,,
electricity.ember.clean-share-by-country,HTI,2009,28.169,,,,final,,,
electricity.ember.clean-share-by-country,HTI,2010,25.0,,,,final,,,
electricity.ember.clean-share-by-country,HTI,2011,12.121,,,,final,,,
electricity.ember.clean-share-by-country,HTI,2012,20.0,,,,final,,,
electricity.ember.clean-share-by-country,HTI,2013,13.333,,,,final,,,
electricity.ember.clean-share-by-country,HTI,2014,8.738,,,,final,,,
electricity.ember.clean-share-by-country,HTI,2015,7.767,,,,final,,,
electricity.ember.clean-share-by-country,HTI,2016,6.481,,,,final,,,
electricity.ember.clean-share-by-country,HTI,2017,12.264,,,,final,,,
electricity.ember.clean-share-by-country,HTI,2018,18.269,,,,final,,,
electricity.ember.clean-share-by-country,HTI,2019,16.038,,,,final,,,
electricity.ember.clean-share-by-country,HTI,2020,13.725,,,,final,,,
electricity.ember.clean-share-by-country,HTI,2021,12.621,,,,final,,,
electricity.ember.clean-share-by-country,HTI,2022,18.812,,,,final,,,
electricity.ember.clean-share-by-country,HTI,2023,22.353,,,,final,,,
electricity.ember.clean-share-by-country,HTI,2024,18.605,,,,final,,,
electricity.ember.clean-share-by-country,HUN,2000,40.978,,,,final,,,
electricity.ember.clean-share-by-country,HUN,2001,39.511,,,,final,,,
electricity.ember.clean-share-by-country,HUN,2002,39.225,,,,final,,,
electricity.ember.clean-share-by-country,HUN,2003,33.226,,,,final,,,
electricity.ember.clean-share-by-country,HUN,2004,38.119,,,,final,,,
electricity.ember.clean-share-by-country,HUN,2005,43.916,,,,final,,,
electricity.ember.clean-share-by-country,HUN,2006,41.702,,,,final,,,
electricity.ember.clean-share-by-country,HUN,2007,41.441,,,,final,,,
electricity.ember.clean-share-by-country,HUN,2008,42.904,,,,final,,,
electricity.ember.clean-share-by-country,HUN,2009,51.016,,,,final,,,
electricity.ember.clean-share-by-country,HUN,2010,50.268,,,,final,,,
electricity.ember.clean-share-by-country,HUN,2011,51.083,,,,final,,,
electricity.ember.clean-share-by-country,HUN,2012,53.235,,,,final,,,
electricity.ember.clean-share-by-country,HUN,2013,59.96,,,,final,,,
electricity.ember.clean-share-by-country,HUN,2014,64.001,,,,final,,,
electricity.ember.clean-share-by-country,HUN,2015,62.809,,,,final,,,
electricity.ember.clean-share-by-country,HUN,2016,60.54,,,,final,,,
electricity.ember.clean-share-by-country,HUN,2017,59.478,,,,final,,,
electricity.ember.clean-share-by-country,HUN,2018,60.842,,,,final,,,
electricity.ember.clean-share-by-country,HUN,2019,61.231,,,,final,,,
electricity.ember.clean-share-by-country,HUN,2020,61.798,,,,final,,,
electricity.ember.clean-share-by-country,HUN,2021,63.435,,,,final,,,
electricity.ember.clean-share-by-country,HUN,2022,65.595,,,,final,,,
electricity.ember.clean-share-by-country,HUN,2023,71.187,,,,final,,,
electricity.ember.clean-share-by-country,HUN,2024,73.612,,,,final,,,
electricity.ember.clean-share-by-country,HUN,2025,75.308,,,,preliminary,"2025 is the latest year in Ember's file, which has no estimate flag; Ember's methodology says that for the most recent years it estimates annual generation from monthly data.",,
electricity.ember.clean-share-by-country,IDN,2000,19.017,,,,final,,,
electricity.ember.clean-share-by-country,IDN,2001,19.741,,,,final,,,
electricity.ember.clean-share-by-country,IDN,2002,18.063,,,,final,,,
electricity.ember.clean-share-by-country,IDN,2003,16.925,,,,final,,,
electricity.ember.clean-share-by-country,IDN,2004,17.282,,,,final,,,
electricity.ember.clean-share-by-country,IDN,2005,17.543,,,,final,,,
electricity.ember.clean-share-by-country,IDN,2006,16.263,,,,final,,,
electricity.ember.clean-share-by-country,IDN,2007,16.702,,,,final,,,
electricity.ember.clean-share-by-country,IDN,2008,17.039,,,,final,,,
electricity.ember.clean-share-by-country,IDN,2009,16.852,,,,final,,,
electricity.ember.clean-share-by-country,IDN,2010,20.313,,,,final,,,
electricity.ember.clean-share-by-country,IDN,2011,16.914,,,,final,,,
electricity.ember.clean-share-by-country,IDN,2012,15.933,,,,final,,,
electricity.ember.clean-share-by-country,IDN,2013,16.262,,,,final,,,
electricity.ember.clean-share-by-country,IDN,2014,16.149,,,,final,,,
electricity.ember.clean-share-by-country,IDN,2015,15.852,,,,final,,,
electricity.ember.clean-share-by-country,IDN,2016,16.832,,,,final,,,
electricity.ember.clean-share-by-country,IDN,2017,17.258,,,,final,,,
electricity.ember.clean-share-by-country,IDN,2018,17.59,,,,final,,,
electricity.ember.clean-share-by-country,IDN,2019,16.564,,,,final,,,
electricity.ember.clean-share-by-country,IDN,2020,17.964,,,,final,,,
electricity.ember.clean-share-by-country,IDN,2021,17.169,,,,final,,,
electricity.ember.clean-share-by-country,IDN,2022,16.561,,,,final,,,
electricity.ember.clean-share-by-country,IDN,2023,15.095,,,,final,,,
electricity.ember.clean-share-by-country,IDN,2024,14.821,,,,final,,,
electricity.ember.clean-share-by-country,IDN,2025,15.807,,,,preliminary,"2025 is the latest year in Ember's file, which has no estimate flag; Ember's methodology says that for the most recent years it estimates annual generation from monthly data.",,
electricity.ember.clean-share-by-country,IND,2000,16.808,,,,final,,,
electricity.ember.clean-share-by-country,IND,2001,16.223,,,,final,,,
electricity.ember.clean-share-by-country,IND,2002,15.112,,,,final,,,
electricity.ember.clean-share-by-country,IND,2003,14.538,,,,final,,,
electricity.ember.clean-share-by-country,IND,2004,18.682,,,,final,,,
electricity.ember.clean-share-by-country,IND,2005,17.771,,,,final,,,
electricity.ember.clean-share-by-country,IND,2006,19.504,,,,final,,,
electricity.ember.clean-share-by-country,IND,2007,20.041,,,,final,,,
electricity.ember.clean-share-by-country,IND,2008,18.607,,,,final,,,
electricity.ember.clean-share-by-country,IND,2009,17.08,,,,final,,,
electricity.ember.clean-share-by-country,IND,2010,17.579,,,,final,,,
electricity.ember.clean-share-by-country,IND,2011,19.777,,,,final,,,
electricity.ember.clean-share-by-country,IND,2012,17.913,,,,final,,,
electricity.ember.clean-share-by-country,IND,2013,18.953,,,,final,,,
electricity.ember.clean-share-by-country,IND,2014,18.527,,,,final,,,
electricity.ember.clean-share-by-country,IND,2015,17.548,,,,final,,,
electricity.ember.clean-share-by-country,IND,2016,17.155,,,,final,,,
electricity.ember.clean-share-by-country,IND,2017,18.01,,,,final,,,
electricity.ember.clean-share-by-country,IND,2018,18.778,,,,final,,,
electricity.ember.clean-share-by-country,IND,2019,20.437,,,,final,,,
electricity.ember.clean-share-by-country,IND,2020,21.793,,,,final,,,
electricity.ember.clean-share-by-country,IND,2021,21.345,,,,final,,,
electricity.ember.clean-share-by-country,IND,2022,22.693,,,,final,,,
electricity.ember.clean-share-by-country,IND,2023,21.745,,,,final,,,
electricity.ember.clean-share-by-country,IND,2024,22.443,,,,final,,,
electricity.ember.clean-share-by-country,IND,2025,26.606,,,,preliminary,"2025 is the latest year in Ember's file, which has no estimate flag; Ember's methodology says that for the most recent years it estimates annual generation from monthly data.",,
electricity.ember.clean-share-by-country,IRL,2000,5.036,,,,final,,,
electricity.ember.clean-share-by-country,IRL,2001,4.229,,,,final,,,
electricity.ember.clean-share-by-country,IRL,2002,5.565,,,,final,,,
electricity.ember.clean-share-by-country,IRL,2003,4.631,,,,final,,,
electricity.ember.clean-share-by-country,IRL,2004,5.595,,,,final,,,
electricity.ember.clean-share-by-country,IRL,2005,7.383,,,,final,,,
electricity.ember.clean-share-by-country,IRL,2006,9.225,,,,final,,,
electricity.ember.clean-share-by-country,IRL,2007,10.014,,,,final,,,
electricity.ember.clean-share-by-country,IRL,2008,12.162,,,,final,,,
electricity.ember.clean-share-by-country,IRL,2009,14.868,,,,final,,,
electricity.ember.clean-share-by-country,IRL,2010,13.388,,,,final,,,
electricity.ember.clean-share-by-country,IRL,2011,20.221,,,,final,,,
electricity.ember.clean-share-by-country,IRL,2012,19.588,,,,final,,,
electricity.ember.clean-share-by-country,IRL,2013,22.287,,,,final,,,
electricity.ember.clean-share-by-country,IRL,2014,25.019,,,,final,,,
electricity.ember.clean-share-by-country,IRL,2015,28.313,,,,final,,,
electricity.ember.clean-share-by-country,IRL,2016,25.116,,,,final,,,
electricity.ember.clean-share-by-country,IRL,2017,29.263,,,,final,,,
electricity.ember.clean-share-by-country,IRL,2018,33.312,,,,final,,,
electricity.ember.clean-share-by-country,IRL,2019,38.711,,,,final,,,
electricity.ember.clean-share-by-country,IRL,2020,42.444,,,,final,,,
electricity.ember.clean-share-by-country,IRL,2021,37.051,,,,final,,,
electricity.ember.clean-share-by-country,IRL,2022,39.213,,,,final,,,
electricity.ember.clean-share-by-country,IRL,2023,45.276,,,,final,,,
electricity.ember.clean-share-by-country,IRL,2024,46.513,,,,final,,,
electricity.ember.clean-share-by-country,IRL,2025,47.71,,,,preliminary,"2025 is the latest year in Ember's file, which has no estimate flag; Ember's methodology says that for the most recent years it estimates annual generation from monthly data.",,
electricity.ember.clean-share-by-country,IRN,2000,3.201,,,,final,,,
electricity.ember.clean-share-by-country,IRN,2001,3.253,,,,final,,,
electricity.ember.clean-share-by-country,IRN,2002,5.816,,,,final,,,
electricity.ember.clean-share-by-country,IRN,2003,6.344,,,,final,,,
electricity.ember.clean-share-by-country,IRN,2004,7.361,,,,final,,,
electricity.ember.clean-share-by-country,IRN,2005,8.2,,,,final,,,
electricity.ember.clean-share-by-country,IRN,2006,9.637,,,,final,,,
electricity.ember.clean-share-by-country,IRN,2007,8.911,,,,final,,,
electricity.ember.clean-share-by-country,IRN,2008,3.63,,,,final,,,
electricity.ember.clean-share-by-country,IRN,2009,3.133,,,,final,,,
electricity.ember.clean-share-by-country,IRN,2010,4.425,,,,final,,,
electricity.ember.clean-share-by-country,IRN,2011,4.678,,,,final,,,
electricity.ember.clean-share-by-country,IRN,2012,5.729,,,,final,,,
electricity.ember.clean-share-by-country,IRN,2013,7.386,,,,final,,,
electricity.ember.clean-share-by-country,IRN,2014,6.828,,,,final,,,
electricity.ember.clean-share-by-country,IRN,2015,6.034,,,,final,,,
electricity.ember.clean-share-by-country,IRN,2016,7.713,,,,final,,,
electricity.ember.clean-share-by-country,IRN,2017,8.068,,,,final,,,
electricity.ember.clean-share-by-country,IRN,2018,5.673,,,,final,,,
electricity.ember.clean-share-by-country,IRN,2019,13.021,,,,final,,,
electricity.ember.clean-share-by-country,IRN,2020,9.27,,,,final,,,
electricity.ember.clean-share-by-country,IRN,2021,5.37,,,,final,,,
electricity.ember.clean-share-by-country,IRN,2022,6.086,,,,final,,,
electricity.ember.clean-share-by-country,IRN,2023,8.212,,,,final,,,
electricity.ember.clean-share-by-country,IRN,2024,7.176,,,,final,,,
electricity.ember.clean-share-by-country,IRN,2025,5.867,,,,preliminary,"2025 is the latest year in Ember's file, which has no estimate flag; Ember's methodology says that for the most recent years it estimates annual generation from monthly data.",,
electricity.ember.clean-share-by-country,IRQ,2000,1.912,,,,final,,,
electricity.ember.clean-share-by-country,IRQ,2001,1.922,,,,final,,,
electricity.ember.clean-share-by-country,IRQ,2002,1.536,,,,final,,,
electricity.ember.clean-share-by-country,IRQ,2003,1.518,,,,final,,,
electricity.ember.clean-share-by-country,IRQ,2004,1.517,,,,final,,,
electricity.ember.clean-share-by-country,IRQ,2005,19.737,,,,final,,,
electricity.ember.clean-share-by-country,IRQ,2006,18.031,,,,final,,,
electricity.ember.clean-share-by-country,IRQ,2007,17.268,,,,final,,,
electricity.ember.clean-share-by-country,IRQ,2008,9.436,,,,final,,,
electricity.ember.clean-share-by-country,IRQ,2009,8.534,,,,final,,,
electricity.ember.clean-share-by-country,IRQ,2010,9.753,,,,final,,,
electricity.ember.clean-share-by-country,IRQ,2011,6.308,,,,final,,,
electricity.ember.clean-share-by-country,IRQ,2012,9.539,,,,final,,,
electricity.ember.clean-share-by-country,IRQ,2013,8.166,,,,final,,,
electricity.ember.clean-share-by-country,IRQ,2014,4.331,,,,final,,,
electricity.ember.clean-share-by-country,IRQ,2015,3.695,,,,final,,,
electricity.ember.clean-share-by-country,IRQ,2016,4.187,,,,final,,,
electricity.ember.clean-share-by-country,IRQ,2017,2.394,,,,final,,,
electricity.ember.clean-share-by-country,IRQ,2018,1.91,,,,final,,,
electricity.ember.clean-share-by-country,IRQ,2019,4.357,,,,final,,,
electricity.ember.clean-share-by-country,IRQ,2020,3.876,,,,final,,,
electricity.ember.clean-share-by-country,IRQ,2021,3.096,,,,final,,,
electricity.ember.clean-share-by-country,IRQ,2022,2.264,,,,final,,,
electricity.ember.clean-share-by-country,IRQ,2023,1.214,,,,final,,,
electricity.ember.clean-share-by-country,IRQ,2024,1.623,,,,final,,,
electricity.ember.clean-share-by-country,ISL,2000,100.0,,,,final,,,
electricity.ember.clean-share-by-country,ISL,2001,100.0,,,,final,,,
electricity.ember.clean-share-by-country,ISL,2002,99.88,,,,final,,,
electricity.ember.clean-share-by-country,ISL,2003,99.882,,,,final,,,
electricity.ember.clean-share-by-country,ISL,2004,100.0,,,,final,,,
electricity.ember.clean-share-by-country,ISL,2005,100.0,,,,final,,,
electricity.ember.clean-share-by-country,ISL,2006,100.0,,,,final,,,
electricity.ember.clean-share-by-country,ISL,2007,100.0,,,,final,,,
electricity.ember.clean-share-by-country,ISL,2008,100.0,,,,final,,,
electricity.ember.clean-share-by-country,ISL,2009,100.0,,,,final,,,
electricity.ember.clean-share-by-country,ISL,2010,100.0,,,,final,,,
electricity.ember.clean-share-by-country,ISL,2011,100.0,,,,final,,,
electricity.ember.clean-share-by-country,ISL,2012,100.0,,,,final,,,
electricity.ember.clean-share-by-country,ISL,2013,100.0,,,,final,,,
electricity.ember.clean-share-by-country,ISL,2014,100.0,,,,final,,,
electricity.ember.clean-share-by-country,ISL,2015,100.0,,,,final,,,
electricity.ember.clean-share-by-country,ISL,2016,100.0,,,,final,,,
electricity.ember.clean-share-by-country,ISL,2017,100.0,,,,final,,,
electricity.ember.clean-share-by-country,ISL,2018,100.0,,,,final,,,
electricity.ember.clean-share-by-country,ISL,2019,100.0,,,,final,,,
electricity.ember.clean-share-by-country,ISL,2020,100.0,,,,final,,,
electricity.ember.clean-share-by-country,ISL,2021,100.0,,,,final,,,
electricity.ember.clean-share-by-country,ISL,2022,100.0,,,,final,,,
electricity.ember.clean-share-by-country,ISL,2023,100.0,,,,final,,,
electricity.ember.clean-share-by-country,ISL,2024,100.0,,,,final,,,
electricity.ember.clean-share-by-country,ISL,2025,99.999,,,,preliminary,"2025 is the latest year in Ember's file, which has no estimate flag; Ember's methodology says that for the most recent years it estimates annual generation from monthly data.",,
electricity.ember.clean-share-by-country,ISR,2000,0.07,,,,final,,,
electricity.ember.clean-share-by-country,ISR,2001,0.046,,,,final,,,
electricity.ember.clean-share-by-country,ISR,2002,0.066,,,,final,,,
electricity.ember.clean-share-by-country,ISR,2003,0.085,,,,final,,,
electricity.ember.clean-share-by-country,ISR,2004,0.085,,,,final,,,
electricity.ember.clean-share-by-country,ISR,2005,0.082,,,,final,,,
electricity.ember.clean-share-by-country,ISR,2006,0.04,,,,final,,,
electricity.ember.clean-share-by-country,ISR,2007,0.037,,,,final,,,
electricity.ember.clean-share-by-country,ISR,2008,0.07,,,,final,,,
electricity.ember.clean-share-by-country,ISR,2009,0.164,,,,final,,,
electricity.ember.clean-share-by-country,ISR,2010,0.29,,,,final,,,
electricity.ember.clean-share-by-country,ISR,2011,0.503,,,,final,,,
electricity.ember.clean-share-by-country,ISR,2012,0.778,,,,final,,,
electricity.ember.clean-share-by-country,ISR,2013,0.93,,,,final,,,
electricity.ember.clean-share-by-country,ISR,2014,1.577,,,,final,,,
electricity.ember.clean-share-by-country,ISR,2015,1.899,,,,final,,,
electricity.ember.clean-share-by-country,ISR,2016,2.537,,,,final,,,
electricity.ember.clean-share-by-country,ISR,2017,2.506,,,,final,,,
electricity.ember.clean-share-by-country,ISR,2018,2.724,,,,final,,,
electricity.ember.clean-share-by-country,ISR,2019,4.827,,,,final,,,
electricity.ember.clean-share-by-country,ISR,2020,6.104,,,,final,,,
electricity.ember.clean-share-by-country,ISR,2021,7.852,,,,final,,,
electricity.ember.clean-share-by-country,ISR,2022,9.718,,,,final,,,
electricity.ember.clean-share-by-country,ISR,2023,11.791,,,,final,,,
electricity.ember.clean-share-by-country,ISR,2024,13.806,,,,final,,,
electricity.ember.clean-share-by-country,ISR,2025,16.931,,,,preliminary,"2025 is the latest year in Ember's file, which has no estimate flag; Ember's methodology says that for the most recent years it estimates annual generation from monthly data.",,
electricity.ember.clean-share-by-country,ITA,2000,18.845,,,,final,,,
electricity.ember.clean-share-by-country,ITA,2001,19.989,,,,final,,,
electricity.ember.clean-share-by-country,ITA,2002,17.407,,,,final,,,
electricity.ember.clean-share-by-country,ITA,2003,16.369,,,,final,,,
electricity.ember.clean-share-by-country,ITA,2004,18.341,,,,final,,,
electricity.ember.clean-share-by-country,ITA,2005,16.438,,,,final,,,
electricity.ember.clean-share-by-country,ITA,2006,16.57,,,,final,,,
electricity.ember.clean-share-by-country,ITA,2007,15.586,,,,final,,,
electricity.ember.clean-share-by-country,ITA,2008,18.667,,,,final,,,
electricity.ember.clean-share-by-country,ITA,2009,24.186,,,,final,,,
electricity.ember.clean-share-by-country,ITA,2010,25.948,,,,final,,,
electricity.ember.clean-share-by-country,ITA,2011,27.801,,,,final,,,
electricity.ember.clean-share-by-country,ITA,2012,31.235,,,,final,,,
electricity.ember.clean-share-by-country,ITA,2013,39.158,,,,final,,,
electricity.ember.clean-share-by-country,ITA,2014,43.641,,,,final,,,
electricity.ember.clean-share-by-country,ITA,2015,38.931,,,,final,,,
electricity.ember.clean-share-by-country,ITA,2016,37.772,,,,final,,,
electricity.ember.clean-share-by-country,ITA,2017,35.568,,,,final,,,
electricity.ember.clean-share-by-country,ITA,2018,39.995,,,,final,,,
electricity.ember.clean-share-by-country,ITA,2019,39.943,,,,final,,,
electricity.ember.clean-share-by-country,ITA,2020,42.231,,,,final,,,
electricity.ember.clean-share-by-country,ITA,2021,40.747,,,,final,,,
electricity.ember.clean-share-by-country,ITA,2022,35.857,,,,final,,,
electricity.ember.clean-share-by-country,ITA,2023,44.55,,,,final,,,
electricity.ember.clean-share-by-country,ITA,2024,50.173,,,,final,,,
electricity.ember.clean-share-by-country,ITA,2025,48.825,,,,preliminary,"2025 is the latest year in Ember's file, which has no estimate flag; Ember's methodology says that for the most recent years it estimates annual generation from monthly data.",,
electricity.ember.clean-share-by-country,JAM,2000,4.579,,,,final,,,
electricity.ember.clean-share-by-country,JAM,2001,3.387,,,,final,,,
electricity.ember.clean-share-by-country,JAM,2002,2.155,,,,final,,,
electricity.ember.clean-share-by-country,JAM,2003,2.507,,,,final,,,
electricity.ember.clean-share-by-country,JAM,2004,3.172,,,,final,,,
electricity.ember.clean-share-by-country,JAM,2005,3.614,,,,final,,,
electricity.ember.clean-share-by-country,JAM,2006,3.733,,,,final,,,
electricity.ember.clean-share-by-country,JAM,2007,4.95,,,,final,,,
electricity.ember.clean-share-by-country,JAM,2008,6.147,,,,final,,,
electricity.ember.clean-share-by-country,JAM,2009,7.5,,,,final,,,
electricity.ember.clean-share-by-country,JAM,2010,7.639,,,,final,,,
electricity.ember.clean-share-by-country,JAM,2011,8.716,,,,final,,,
electricity.ember.clean-share-by-country,JAM,2012,10.209,,,,final,,,
electricity.ember.clean-share-by-country,JAM,2013,9.324,,,,final,,,
electricity.ember.clean-share-by-country,JAM,2014,9.859,,,,final,,,
electricity.ember.clean-share-by-country,JAM,2015,10.28,,,,final,,,
electricity.ember.clean-share-by-country,JAM,2016,12.249,,,,final,,,
electricity.ember.clean-share-by-country,JAM,2017,11.644,,,,final,,,
electricity.ember.clean-share-by-country,JAM,2018,14.646,,,,final,,,
electricity.ember.clean-share-by-country,JAM,2019,12.716,,,,final,,,
electricity.ember.clean-share-by-country,JAM,2020,13.785,,,,final,,,
electricity.ember.clean-share-by-country,JAM,2021,13.333,,,,final,,,
electricity.ember.clean-share-by-country,JAM,2022,12.918,,,,final,,,
electricity.ember.clean-share-by-country,JAM,2023,12.159,,,,final,,,
electricity.ember.clean-share-by-country,JAM,2024,12.602,,,,final,,,
electricity.ember.clean-share-by-country,JOR,2000,0.543,,,,final,,,
electricity.ember.clean-share-by-country,JOR,2001,0.531,,,,final,,,
electricity.ember.clean-share-by-country,JOR,2002,0.616,,,,final,,,
electricity.ember.clean-share-by-country,JOR,2003,0.623,,,,final,,,
electricity.ember.clean-share-by-country,JOR,2004,0.67,,,,final,,,
electricity.ember.clean-share-by-country,JOR,2005,0.622,,,,final,,,
electricity.ember.clean-share-by-country,JOR,2006,0.54,,,,final,,,
electricity.ember.clean-share-by-country,JOR,2007,0.546,,,,final,,,
electricity.ember.clean-share-by-country,JOR,2008,0.495,,,,final,,,
electricity.ember.clean-share-by-country,JOR,2009,0.49,,,,final,,,
electricity.ember.clean-share-by-country,JOR,2010,0.474,,,,final,,,
electricity.ember.clean-share-by-country,JOR,2011,0.41,,,,final,,,
electricity.ember.clean-share-by-country,JOR,2012,0.422,,,,final,,,
electricity.ember.clean-share-by-country,JOR,2013,0.348,,,,final,,,
electricity.ember.clean-share-by-country,JOR,2014,0.383,,,,final,,,
electricity.ember.clean-share-by-country,JOR,2015,1.207,,,,final,,,
electricity.ember.clean-share-by-country,JOR,2016,4.372,,,,final,,,
electricity.ember.clean-share-by-country,JOR,2017,6.737,,,,final,,,
electricity.ember.clean-share-by-country,JOR,2018,10.604,,,,final,,,
electricity.ember.clean-share-by-country,JOR,2019,14.418,,,,final,,,
electricity.ember.clean-share-by-country,JOR,2020,18.937,,,,final,,,
electricity.ember.clean-share-by-country,JOR,2021,22.987,,,,final,,,
electricity.ember.clean-share-by-country,JOR,2022,23.128,,,,final,,,
electricity.ember.clean-share-by-country,JOR,2023,21.96,,,,final,,,
electricity.ember.clean-share-by-country,JOR,2024,24.081,,,,final,,,
electricity.ember.clean-share-by-country,JPN,2000,38.207,,,,final,,,
electricity.ember.clean-share-by-country,JPN,2001,38.671,,,,final,,,
electricity.ember.clean-share-by-country,JPN,2002,37.432,,,,final,,,
electricity.ember.clean-share-by-country,JPN,2003,31.321,,,,final,,,
electricity.ember.clean-share-by-country,JPN,2004,35.525,,,,final,,,
electricity.ember.clean-share-by-country,JPN,2005,34.328,,,,final,,,
electricity.ember.clean-share-by-country,JPN,2006,35.965,,,,final,,,
electricity.ember.clean-share-by-country,JPN,2007,32.266,,,,final,,,
electricity.ember.clean-share-by-country,JPN,2008,29.883,,,,final,,,
electricity.ember.clean-share-by-country,JPN,2009,33.386,,,,final,,,
electricity.ember.clean-share-by-country,JPN,2010,35.518,,,,final,,,
electricity.ember.clean-share-by-country,JPN,2011,25.034,,,,final,,,
electricity.ember.clean-share-by-country,JPN,2012,11.683,,,,final,,,
electricity.ember.clean-share-by-country,JPN,2013,12.425,,,,final,,,
electricity.ember.clean-share-by-country,JPN,2014,12.6,,,,final,,,
electricity.ember.clean-share-by-country,JPN,2015,15.39,,,,final,,,
electricity.ember.clean-share-by-country,JPN,2016,15.93,,,,final,,,
electricity.ember.clean-share-by-country,JPN,2017,17.864,,,,final,,,
electricity.ember.clean-share-by-country,JPN,2018,20.726,,,,final,,,
electricity.ember.clean-share-by-country,JPN,2019,23.11,,,,final,,,
electricity.ember.clean-share-by-country,JPN,2020,23.345,,,,final,,,
electricity.ember.clean-share-by-country,JPN,2021,26.033,,,,final,,,
electricity.ember.clean-share-by-country,JPN,2022,25.463,,,,final,,,
electricity.ember.clean-share-by-country,JPN,2023,29.831,,,,final,,,
electricity.ember.clean-share-by-country,JPN,2024,31.289,,,,final,,,
electricity.ember.clean-share-by-country,JPN,2025,32.702,,,,preliminary,"2025 is the latest year in Ember's file, which has no estimate flag; Ember's methodology says that for the most recent years it estimates annual generation from monthly data.",,
electricity.ember.clean-share-by-country,KAZ,2000,14.582,,,,final,,,
electricity.ember.clean-share-by-country,KAZ,2001,14.59,,,,final,,,
electricity.ember.clean-share-by-country,KAZ,2002,15.241,,,,final,,,
electricity.ember.clean-share-by-country,KAZ,2003,13.498,,,,final,,,
electricity.ember.clean-share-by-country,KAZ,2004,12.039,,,,final,,,
electricity.ember.clean-share-by-country,KAZ,2005,11.572,,,,final,,,
electricity.ember.clean-share-by-country,KAZ,2006,10.843,,,,final,,,
electricity.ember.clean-share-by-country,KAZ,2007,10.663,,,,final,,,
electricity.ember.clean-share-by-country,KAZ,2008,9.284,,,,final,,,
electricity.ember.clean-share-by-country,KAZ,2009,8.739,,,,final,,,
electricity.ember.clean-share-by-country,KAZ,2010,9.704,,,,final,,,
electricity.ember.clean-share-by-country,KAZ,2011,9.101,,,,final,,,
electricity.ember.clean-share-by-country,KAZ,2012,8.431,,,,final,,,
electricity.ember.clean-share-by-country,KAZ,2013,8.347,,,,final,,,
electricity.ember.clean-share-by-country,KAZ,2014,8.738,,,,final,,,
electricity.ember.clean-share-by-country,KAZ,2015,10.311,,,,final,,,
electricity.ember.clean-share-by-country,KAZ,2016,12.66,,,,final,,,
electricity.ember.clean-share-by-country,KAZ,2017,11.288,,,,final,,,
electricity.ember.clean-share-by-country,KAZ,2018,10.17,,,,final,,,
electricity.ember.clean-share-by-country,KAZ,2019,10.415,,,,final,,,
electricity.ember.clean-share-by-country,KAZ,2020,10.99,,,,final,,,
electricity.ember.clean-share-by-country,KAZ,2021,10.94,,,,final,,,
electricity.ember.clean-share-by-country,KAZ,2022,11.707,,,,final,,,
electricity.ember.clean-share-by-country,KAZ,2023,12.73,,,,final,,,
electricity.ember.clean-share-by-country,KAZ,2024,15.214,,,,final,,,
electricity.ember.clean-share-by-country,KAZ,2025,14.861,,,,preliminary,"2025 is the latest year in Ember's file, which has no estimate flag; Ember's methodology says that for the most recent years it estimates annual generation from monthly data.",,
electricity.ember.clean-share-by-country,KEN,2000,40.371,,,,final,,,
electricity.ember.clean-share-by-country,KEN,2001,59.459,,,,final,,,
electricity.ember.clean-share-by-country,KEN,2002,76.699,,,,final,,,
electricity.ember.clean-share-by-country,KEN,2003,81.934,,,,final,,,
electricity.ember.clean-share-by-country,KEN,2004,70.455,,,,final,,,
electricity.ember.clean-share-by-country,KEN,2005,66.716,,,,final,,,
electricity.ember.clean-share-by-country,KEN,2006,62.85,,,,final,,,
electricity.ember.clean-share-by-country,KEN,2007,74.063,,,,final,,,
electricity.ember.clean-share-by-country,KEN,2008,72.683,,,,final,,,
electricity.ember.clean-share-by-country,KEN,2009,60.611,,,,final,,,
electricity.ember.clean-share-by-country,KEN,2010,74.441,,,,final,,,
electricity.ember.clean-share-by-country,KEN,2011,69.221,,,,final,,,
electricity.ember.clean-share-by-country,KEN,2012,77.479,,,,final,,,
electricity.ember.clean-share-by-country,KEN,2013,78.342,,,,final,,,
electricity.ember.clean-share-by-country,KEN,2014,76.413,,,,final,,,
electricity.ember.clean-share-by-country,KEN,2015,89.806,,,,final,,,
electricity.ember.clean-share-by-country,KEN,2016,89.256,,,,final,,,
electricity.ember.clean-share-by-country,KEN,2017,80.886,,,,final,,,
electricity.ember.clean-share-by-country,KEN,2018,86.283,,,,final,,,
electricity.ember.clean-share-by-country,KEN,2019,88.668,,,,final,,,
electricity.ember.clean-share-by-country,KEN,2020,93.579,,,,final,,,
electricity.ember.clean-share-by-country,KEN,2021,89.822,,,,final,,,
electricity.ember.clean-share-by-country,KEN,2022,87.809,,,,final,,,
electricity.ember.clean-share-by-country,KEN,2023,89.766,,,,final,,,
electricity.ember.clean-share-by-country,KEN,2024,91.478,,,,final,,,
electricity.ember.clean-share-by-country,KEN,2025,90.047,,,,preliminary,"2025 is the latest year in Ember's file, which has no estimate flag; Ember's methodology says that for the most recent years it estimates annual generation from monthly data.",,
electricity.ember.clean-share-by-country,KGZ,2000,85.489,,,,final,,,
electricity.ember.clean-share-by-country,KGZ,2001,83.12,,,,final,,,
electricity.ember.clean-share-by-country,KGZ,2002,82.28,,,,final,,,
electricity.ember.clean-share-by-country,KGZ,2003,86.658,,,,final,,,
electricity.ember.clean-share-by-country,KGZ,2004,86.324,,,,final,,,
electricity.ember.clean-share-by-country,KGZ,2005,85.483,,,,final,,,
electricity.ember.clean-share-by-country,KGZ,2006,84.88,,,,final,,,
electricity.ember.clean-share-by-country,KGZ,2007,85.782,,,,final,,,
electricity.ember.clean-share-by-country,KGZ,2008,85.714,,,,final,,,
electricity.ember.clean-share-by-country,KGZ,2009,92.077,,,,final,,,
electricity.ember.clean-share-by-country,KGZ,2010,91.743,,,,final,,,
electricity.ember.clean-share-by-country,KGZ,2011,93.271,,,,final,,,
electricity.ember.clean-share-by-country,KGZ,2012,93.413,,,,final,,,
electricity.ember.clean-share-by-country,KGZ,2013,93.391,,,,final,,,
electricity.ember.clean-share-by-country,KGZ,2014,91.199,,,,final,,,
electricity.ember.clean-share-by-country,KGZ,2015,85.062,,,,final,,,
electricity.ember.clean-share-by-country,KGZ,2016,86.54,,,,final,,,
electricity.ember.clean-share-by-country,KGZ,2017,91.477,,,,final,,,
electricity.ember.clean-share-by-country,KGZ,2018,91.834,,,,final,,,
electricity.ember.clean-share-by-country,KGZ,2019,91.583,,,,final,,,
electricity.ember.clean-share-by-country,KGZ,2020,90.779,,,,final,,,
electricity.ember.clean-share-by-country,KGZ,2021,85.601,,,,final,,,
electricity.ember.clean-share-by-country,KGZ,2022,86.107,,,,final,,,
electricity.ember.clean-share-by-country,KGZ,2023,86.471,,,,final,,,
electricity.ember.clean-share-by-country,KGZ,2024,88.776,,,,final,,,
electricity.ember.clean-share-by-country,KGZ,2025,,,,,preliminary,"2025 is the latest year in Ember's file, which has no estimate flag; Ember's methodology says that for the most recent years it estimates annual generation from monthly data.","Not published: Ember's file gives negative generation for Kyrgyzstan in 2025 (Other fossil -0.144 TWh), so its Clean share does not describe a generation mix.",
electricity.ember.clean-share-by-country,KHM,2000,6.25,,,,final,,,
electricity.ember.clean-share-by-country,KHM,2001,5.769,,,,final,,,
electricity.ember.clean-share-by-country,KHM,2002,7.018,,,,final,,,
electricity.ember.clean-share-by-country,KHM,2003,6.25,,,,final,,,
electricity.ember.clean-share-by-country,KHM,2004,4.054,,,,final,,,
electricity.ember.clean-share-by-country,KHM,2005,4.545,,,,final,,,
electricity.ember.clean-share-by-country,KHM,2006,4.63,,,,final,,,
electricity.ember.clean-share-by-country,KHM,2007,3.731,,,,final,,,
electricity.ember.clean-share-by-country,KHM,2008,3.378,,,,final,,,
electricity.ember.clean-share-by-country,KHM,2009,4.839,,,,final,,,
electricity.ember.clean-share-by-country,KHM,2010,4.124,,,,final,,,
electricity.ember.clean-share-by-country,KHM,2011,5.882,,,,final,,,
electricity.ember.clean-share-by-country,KHM,2012,37.063,,,,final,,,
electricity.ember.clean-share-by-country,KHM,2013,57.865,,,,final,,,
electricity.ember.clean-share-by-country,KHM,2014,61.111,,,,final,,,
electricity.ember.clean-share-by-country,KHM,2015,48.998,,,,final,,,
electricity.ember.clean-share-by-country,KHM,2016,47.628,,,,final,,,
electricity.ember.clean-share-by-country,KHM,2017,41.78,,,,final,,,
electricity.ember.clean-share-by-country,KHM,2018,58.924,,,,final,,,
electricity.ember.clean-share-by-country,KHM,2019,48.558,,,,final,,,
electricity.ember.clean-share-by-country,KHM,2020,55.186,,,,final,,,
electricity.ember.clean-share-by-country,KHM,2021,58.702,,,,final,,,
electricity.ember.clean-share-by-country,KHM,2022,65.446,,,,final,,,
electricity.ember.clean-share-by-country,KHM,2023,42.132,,,,final,,,
electricity.ember.clean-share-by-country,KHM,2024,35.659,,,,final,,,
electricity.ember.clean-share-by-country,KHM,2025,40.878,,,,preliminary,"2025 is the latest year in Ember's file, which has no estimate flag; Ember's methodology says that for the most recent years it estimates annual generation from monthly data.",,
electricity.ember.clean-share-by-country,KIR,2000,0.0,,,,final,,,
electricity.ember.clean-share-by-country,KIR,2001,0.0,,,,final,,,
electricity.ember.clean-share-by-country,KIR,2002,0.0,,,,final,,,
electricity.ember.clean-share-by-country,KIR,2003,0.0,,,,final,,,
electricity.ember.clean-share-by-country,KIR,2004,0.0,,,,final,,,
electricity.ember.clean-share-by-country,KIR,2005,0.0,,,,final,,,
electricity.ember.clean-share-by-country,KIR,2006,0.0,,,,final,,,
electricity.ember.clean-share-by-country,KIR,2007,0.0,,,,final,,,
electricity.ember.clean-share-by-country,KIR,2008,0.0,,,,final,,,
electricity.ember.clean-share-by-country,KIR,2009,0.0,,,,final,,,
electricity.ember.clean-share-by-country,KIR,2010,0.0,,,,final,,,
electricity.ember.clean-share-by-country,KIR,2011,0.0,,,,final,,,
electricity.ember.clean-share-by-country,KIR,2012,0.0,,,,final,,,
electricity.ember.clean-share-by-country,KIR,2013,0.0,,,,final,,,
electricity.ember.clean-share-by-country,KIR,2014,0.0,,,,final,,,
electricity.ember.clean-share-by-country,KIR,2015,0.0,,,,final,,,
electricity.ember.clean-share-by-country,KIR,2016,0.0,,,,final,,,
electricity.ember.clean-share-by-country,KIR,2017,0.0,,,,final,,,
electricity.ember.clean-share-by-country,KIR,2018,0.0,,,,final,,,
electricity.ember.clean-share-by-country,KIR,2019,25.0,,,,final,,,
electricity.ember.clean-share-by-country,KIR,2020,25.0,,,,final,,,
electricity.ember.clean-share-by-country,KIR,2021,25.0,,,,final,,,
electricity.ember.clean-share-by-country,KIR,2022,25.0,,,,final,,,
electricity.ember.clean-share-by-country,KIR,2023,25.0,,,,final,,,
electricity.ember.clean-share-by-country,KIR,2024,25.0,,,,final,,,
electricity.ember.clean-share-by-country,KNA,2000,0.0,,,,final,,,
electricity.ember.clean-share-by-country,KNA,2001,0.0,,,,final,,,
electricity.ember.clean-share-by-country,KNA,2002,0.0,,,,final,,,
electricity.ember.clean-share-by-country,KNA,2003,0.0,,,,final,,,
electricity.ember.clean-share-by-country,KNA,2004,0.0,,,,final,,,
electricity.ember.clean-share-by-country,KNA,2005,0.0,,,,final,,,
electricity.ember.clean-share-by-country,KNA,2006,0.0,,,,final,,,
electricity.ember.clean-share-by-country,KNA,2007,0.0,,,,final,,,
electricity.ember.clean-share-by-country,KNA,2008,0.0,,,,final,,,
electricity.ember.clean-share-by-country,KNA,2009,0.0,,,,final,,,
electricity.ember.clean-share-by-country,KNA,2010,0.0,,,,final,,,
electricity.ember.clean-share-by-country,KNA,2011,0.0,,,,final,,,
electricity.ember.clean-share-by-country,KNA,2012,4.545,,,,final,,,
electricity.ember.clean-share-by-country,KNA,2013,4.545,,,,final,,,
electricity.ember.clean-share-by-country,KNA,2014,4.545,,,,final,,,
electricity.ember.clean-share-by-country,KNA,2015,4.545,,,,final,,,
electricity.ember.clean-share-by-country,KNA,2016,4.348,,,,final,,,
electricity.ember.clean-share-by-country,KNA,2017,0.0,,,,final,,,
electricity.ember.clean-share-by-country,KNA,2018,4.348,,,,final,,,
electricity.ember.clean-share-by-country,KNA,2019,4.348,,,,final,,,
electricity.ember.clean-share-by-country,KNA,2020,4.545,,,,final,,,
electricity.ember.clean-share-by-country,KNA,2021,4.545,,,,final,,,
electricity.ember.clean-share-by-country,KNA,2022,4.545,,,,final,,,
electricity.ember.clean-share-by-country,KNA,2023,4.545,,,,final,,,
electricity.ember.clean-share-by-country,KNA,2024,8.696,,,,final,,,
electricity.ember.clean-share-by-country,KOR,2000,38.933,,,,final,,,
electricity.ember.clean-share-by-country,KOR,2001,36.972,,,,final,,,
electricity.ember.clean-share-by-country,KOR,2002,36.906,,,,final,,,
electricity.ember.clean-share-by-country,KOR,2003,38.755,,,,final,,,
electricity.ember.clean-share-by-country,KOR,2004,36.783,,,,final,,,
electricity.ember.clean-share-by-country,KOR,2005,38.732,,,,final,,,
electricity.ember.clean-share-by-country,KOR,2006,37.899,,,,final,,,
electricity.ember.clean-share-by-country,KOR,2007,34.649,,,,final,,,
electricity.ember.clean-share-by-country,KOR,2008,35.11,,,,final,,,
electricity.ember.clean-share-by-country,KOR,2009,33.679,,,,final,,,
electricity.ember.clean-share-by-country,KOR,2010,31.168,,,,final,,,
electricity.ember.clean-share-by-country,KOR,2011,31.288,,,,final,,,
electricity.ember.clean-share-by-country,KOR,2012,29.838,,,,final,,,
electricity.ember.clean-share-by-country,KOR,2013,27.74,,,,final,,,
electricity.ember.clean-share-by-country,KOR,2014,31.33,,,,final,,,
electricity.ember.clean-share-by-country,KOR,2015,32.851,,,,final,,,
electricity.ember.clean-share-by-country,KOR,2016,32.108,,,,final,,,
electricity.ember.clean-share-by-country,KOR,2017,29.625,,,,final,,,
electricity.ember.clean-share-by-country,KOR,2018,27.206,,,,final,,,
electricity.ember.clean-share-by-country,KOR,2019,30.491,,,,final,,,
electricity.ember.clean-share-by-country,KOR,2020,34.756,,,,final,,,
electricity.ember.clean-share-by-country,KOR,2021,33.913,,,,final,,,
electricity.ember.clean-share-by-country,KOR,2022,37.19,,,,final,,,
electricity.ember.clean-share-by-country,KOR,2023,38.796,,,,final,,,
electricity.ember.clean-share-by-country,KOR,2024,39.891,,,,final,,,
electricity.ember.clean-share-by-country,KOR,2025,39.958,,,,preliminary,"2025 is the latest year in Ember's file, which has no estimate flag; Ember's methodology says that for the most recent years it estimates annual generation from monthly data.",,
electricity.ember.clean-share-by-country,KOS,2000,1.689,,,,final,,,
electricity.ember.clean-share-by-country,KOS,2001,1.34,,,,final,,,
electricity.ember.clean-share-by-country,KOS,2002,1.348,,,,final,,,
electricity.ember.clean-share-by-country,KOS,2003,1.377,,,,final,,,
electricity.ember.clean-share-by-country,KOS,2004,2.696,,,,final,,,
electricity.ember.clean-share-by-country,KOS,2005,2.466,,,,final,,,
electricity.ember.clean-share-by-country,KOS,2006,2.257,,,,final,,,
electricity.ember.clean-share-by-country,KOS,2007,1.863,,,,final,,,
electricity.ember.clean-share-by-country,KOS,2008,1.55,,,,final,,,
electricity.ember.clean-share-by-country,KOS,2009,2.414,,,,final,,,
electricity.ember.clean-share-by-country,KOS,2010,3.095,,,,final,,,
electricity.ember.clean-share-by-country,KOS,2011,1.724,,,,final,,,
electricity.ember.clean-share-by-country,KOS,2012,1.684,,,,final,,,
electricity.ember.clean-share-by-country,KOS,2013,2.147,,,,final,,,
electricity.ember.clean-share-by-country,KOS,2014,2.762,,,,final,,,
electricity.ember.clean-share-by-country,KOS,2015,2.291,,,,final,,,
electricity.ember.clean-share-by-country,KOS,2016,4.181,,,,final,,,
electricity.ember.clean-share-by-country,KOS,2017,3.041,,,,final,,,
electricity.ember.clean-share-by-country,KOS,2018,5.076,,,,final,,,
electricity.ember.clean-share-by-country,KOS,2019,4.882,,,,final,,,
electricity.ember.clean-share-by-country,KOS,2020,5.373,,,,final,,,
electricity.ember.clean-share-by-country,KOS,2021,6.512,,,,final,,,
electricity.ember.clean-share-by-country,KOS,2022,6.512,,,,final,,,
electricity.ember.clean-share-by-country,KOS,2023,12.618,,,,final,,,
electricity.ember.clean-share-by-country,KOS,2024,8.593,,,,final,,,
electricity.ember.clean-share-by-country,KOS,2025,10.903,,,,preliminary,"2025 is the latest year in Ember's file, which has no estimate flag; Ember's methodology says that for the most recent years it estimates annual generation from monthly data.",,
electricity.ember.clean-share-by-country,KWT,2000,0.0,,,,final,,,
electricity.ember.clean-share-by-country,KWT,2001,0.0,,,,final,,,
electricity.ember.clean-share-by-country,KWT,2002,0.0,,,,final,,,
electricity.ember.clean-share-by-country,KWT,2003,0.0,,,,final,,,
electricity.ember.clean-share-by-country,KWT,2004,0.0,,,,final,,,
electricity.ember.clean-share-by-country,KWT,2005,0.0,,,,final,,,
electricity.ember.clean-share-by-country,KWT,2006,0.0,,,,final,,,
electricity.ember.clean-share-by-country,KWT,2007,0.0,,,,final,,,
electricity.ember.clean-share-by-country,KWT,2008,0.0,,,,final,,,
electricity.ember.clean-share-by-country,KWT,2009,0.0,,,,final,,,
electricity.ember.clean-share-by-country,KWT,2010,0.0,,,,final,,,
electricity.ember.clean-share-by-country,KWT,2011,0.0,,,,final,,,
electricity.ember.clean-share-by-country,KWT,2012,0.0,,,,final,,,
electricity.ember.clean-share-by-country,KWT,2013,0.016,,,,final,,,
electricity.ember.clean-share-by-country,KWT,2014,0.015,,,,final,,,
electricity.ember.clean-share-by-country,KWT,2015,0.015,,,,final,,,
electricity.ember.clean-share-by-country,KWT,2016,0.029,,,,final,,,
electricity.ember.clean-share-by-country,KWT,2017,0.058,,,,final,,,
electricity.ember.clean-share-by-country,KWT,2018,0.121,,,,final,,,
electricity.ember.clean-share-by-country,KWT,2019,0.133,,,,final,,,
electricity.ember.clean-share-by-country,KWT,2020,0.121,,,,final,,,
electricity.ember.clean-share-by-country,KWT,2021,0.26,,,,final,,,
electricity.ember.clean-share-by-country,KWT,2022,2.228,,,,final,,,
electricity.ember.clean-share-by-country,KWT,2023,2.128,,,,final,,,
electricity.ember.clean-share-by-country,KWT,2024,2.238,,,,final,,,
electricity.ember.clean-share-by-country,KWT,2025,2.32,,,,preliminary,"2025 is the latest year in Ember's file, which has no estimate flag; Ember's methodology says that for the most recent years it estimates annual generation from monthly data.",,
electricity.ember.clean-share-by-country,LAO,2000,89.863,,,,final,,,
electricity.ember.clean-share-by-country,LAO,2001,89.918,,,,final,,,
electricity.ember.clean-share-by-country,LAO,2002,89.916,,,,final,,,
electricity.ember.clean-share-by-country,LAO,2003,89.841,,,,final,,,
electricity.ember.clean-share-by-country,LAO,2004,100.0,,,,final,,,
electricity.ember.clean-share-by-country,LAO,2005,100.0,,,,final,,,
electricity.ember.clean-share-by-country,LAO,2006,100.0,,,,final,,,
electricity.ember.clean-share-by-country,LAO,2007,100.0,,,,final,,,
electricity.ember.clean-share-by-country,LAO,2008,100.0,,,,final,,,
electricity.ember.clean-share-by-country,LAO,2009,100.0,,,,final,,,
electricity.ember.clean-share-by-country,LAO,2010,100.0,,,,final,,,
electricity.ember.clean-share-by-country,LAO,2011,100.0,,,,final,,,
electricity.ember.clean-share-by-country,LAO,2012,100.0,,,,final,,,
electricity.ember.clean-share-by-country,LAO,2013,100.0,,,,final,,,
electricity.ember.clean-share-by-country,LAO,2014,100.0,,,,final,,,
electricity.ember.clean-share-by-country,LAO,2015,86.015,,,,final,,,
electricity.ember.clean-share-by-country,LAO,2016,68.772,,,,final,,,
electricity.ember.clean-share-by-country,LAO,2017,64.821,,,,final,,,
electricity.ember.clean-share-by-country,LAO,2018,65.078,,,,final,,,
electricity.ember.clean-share-by-country,LAO,2019,63.476,,,,final,,,
electricity.ember.clean-share-by-country,LAO,2020,71.597,,,,final,,,
electricity.ember.clean-share-by-country,LAO,2021,73.541,,,,final,,,
electricity.ember.clean-share-by-country,LAO,2022,76.136,,,,final,,,
electricity.ember.clean-share-by-country,LAO,2023,76.711,,,,final,,,
electricity.ember.clean-share-by-country,LAO,2024,76.716,,,,final,,,
electricity.ember.clean-share-by-country,LBN,2000,4.422,,,,final,,,
electricity.ember.clean-share-by-country,LBN,2001,3.317,,,,final,,,
electricity.ember.clean-share-by-country,LBN,2002,5.801,,,,final,,,
electricity.ember.clean-share-by-country,LBN,2003,10.441,,,,final,,,
electricity.ember.clean-share-by-country,LBN,2004,9.703,,,,final,,,
electricity.ember.clean-share-by-country,LBN,2005,8.866,,,,final,,,
electricity.ember.clean-share-by-country,LBN,2006,6.09,,,,final,,,
electricity.ember.clean-share-by-country,LBN,2007,5.487,,,,final,,,
electricity.ember.clean-share-by-country,LBN,2008,2.972,,,,final,,,
electricity.ember.clean-share-by-country,LBN,2009,4.777,,,,final,,,
electricity.ember.clean-share-by-country,LBN,2010,5.283,,,,final,,,
electricity.ember.clean-share-by-country,LBN,2011,4.908,,,,final,,,
electricity.ember.clean-share-by-country,LBN,2012,6.075,,,,final,,,
electricity.ember.clean-share-by-country,LBN,2013,6.702,,,,final,,,
electricity.ember.clean-share-by-country,LBN,2014,1.169,,,,final,,,
electricity.ember.clean-share-by-country,LBN,2015,2.682,,,,final,,,
electricity.ember.clean-share-by-country,LBN,2016,2.215,,,,final,,,
electricity.ember.clean-share-by-country,LBN,2017,2.259,,,,final,,,
electricity.ember.clean-share-by-country,LBN,2018,2.209,,,,final,,,
electricity.ember.clean-share-by-country,LBN,2019,5.188,,,,final,,,
electricity.ember.clean-share-by-country,LBN,2020,6.74,,,,final,,,
electricity.ember.clean-share-by-country,LBN,2021,9.284,,,,final,,,
electricity.ember.clean-share-by-country,LBN,2022,45.538,,,,final,,,
electricity.ember.clean-share-by-country,LBN,2023,34.076,,,,final,,,
electricity.ember.clean-share-by-country,LBN,2024,43.82,,,,final,,,
electricity.ember.clean-share-by-country,LBR,2000,0.0,,,,final,,,
electricity.ember.clean-share-by-country,LBR,2001,0.0,,,,final,,,
electricity.ember.clean-share-by-country,LBR,2002,0.0,,,,final,,,
electricity.ember.clean-share-by-country,LBR,2003,0.0,,,,final,,,
electricity.ember.clean-share-by-country,LBR,2004,0.0,,,,final,,,
electricity.ember.clean-share-by-country,LBR,2005,0.0,,,,final,,,
electricity.ember.clean-share-by-country,LBR,2006,0.0,,,,final,,,
electricity.ember.clean-share-by-country,LBR,2007,0.0,,,,final,,,
electricity.ember.clean-share-by-country,LBR,2008,0.0,,,,final,,,
electricity.ember.clean-share-by-country,LBR,2009,0.0,,,,final,,,
electricity.ember.clean-share-by-country,LBR,2010,0.0,,,,final,,,
electricity.ember.clean-share-by-country,LBR,2011,0.0,,,,final,,,
electricity.ember.clean-share-by-country,LBR,2012,0.0,,,,final,,,
electricity.ember.clean-share-by-country,LBR,2013,0.0,,,,final,,,
electricity.ember.clean-share-by-country,LBR,2014,0.0,,,,final,,,
electricity.ember.clean-share-by-country,LBR,2015,0.0,,,,final,,,
electricity.ember.clean-share-by-country,LBR,2016,0.0,,,,final,,,
electricity.ember.clean-share-by-country,LBR,2017,0.0,,,,final,,,
electricity.ember.clean-share-by-country,LBR,2018,31.707,,,,final,,,
electricity.ember.clean-share-by-country,LBR,2019,30.952,,,,final,,,
electricity.ember.clean-share-by-country,LBR,2020,28.889,,,,final,,,
electricity.ember.clean-share-by-country,LBR,2021,34.211,,,,final,,,
electricity.ember.clean-share-by-country,LBR,2022,33.333,,,,final,,,
electricity.ember.clean-share-by-country,LBR,2023,57.377,,,,final,,,
electricity.ember.clean-share-by-country,LBR,2024,54.386,,,,final,,,
electricity.ember.clean-share-by-country,LBY,2000,0.0,,,,final,,,
electricity.ember.clean-share-by-country,LBY,2001,0.0,,,,final,,,
electricity.ember.clean-share-by-country,LBY,2002,0.0,,,,final,,,
electricity.ember.clean-share-by-country,LBY,2003,0.0,,,,final,,,
electricity.ember.clean-share-by-country,LBY,2004,0.0,,,,final,,,
electricity.ember.clean-share-by-country,LBY,2005,0.0,,,,final,,,
electricity.ember.clean-share-by-country,LBY,2006,0.0,,,,final,,,
electricity.ember.clean-share-by-country,LBY,2007,0.0,,,,final,,,
electricity.ember.clean-share-by-country,LBY,2008,0.0,,,,final,,,
electricity.ember.clean-share-by-country,LBY,2009,0.0,,,,final,,,
electricity.ember.clean-share-by-country,LBY,2010,0.031,,,,final,,,
electricity.ember.clean-share-by-country,LBY,2011,0.038,,,,final,,,
electricity.ember.clean-share-by-country,LBY,2012,0.029,,,,final,,,
electricity.ember.clean-share-by-country,LBY,2013,0.026,,,,final,,,
electricity.ember.clean-share-by-country,LBY,2014,0.027,,,,final,,,
electricity.ember.clean-share-by-country,LBY,2015,0.027,,,,final,,,
electricity.ember.clean-share-by-country,LBY,2016,0.032,,,,final,,,
electricity.ember.clean-share-by-country,LBY,2017,0.03,,,,final,,,
electricity.ember.clean-share-by-country,LBY,2018,0.029,,,,final,,,
electricity.ember.clean-share-by-country,LBY,2019,0.029,,,,final,,,
electricity.ember.clean-share-by-country,LBY,2020,0.034,,,,final,,,
electricity.ember.clean-share-by-country,LBY,2021,0.029,,,,final,,,
electricity.ember.clean-share-by-country,LBY,2022,0.028,,,,final,,,
electricity.ember.clean-share-by-country,LBY,2023,0.03,,,,final,,,
electricity.ember.clean-share-by-country,LBY,2024,0.029,,,,final,,,
electricity.ember.clean-share-by-country,LCA,2000,0.0,,,,final,,,
electricity.ember.clean-share-by-country,LCA,2001,0.0,,,,final,,,
electricity.ember.clean-share-by-country,LCA,2002,0.0,,,,final,,,
electricity.ember.clean-share-by-country,LCA,2003,0.0,,,,final,,,
electricity.ember.clean-share-by-country,LCA,2004,0.0,,,,final,,,
electricity.ember.clean-share-by-country,LCA,2005,0.0,,,,final,,,
electricity.ember.clean-share-by-country,LCA,2006,0.0,,,,final,,,
electricity.ember.clean-share-by-country,LCA,2007,0.0,,,,final,,,
electricity.ember.clean-share-by-country,LCA,2008,0.0,,,,final,,,
electricity.ember.clean-share-by-country,LCA,2009,0.0,,,,final,,,
electricity.ember.clean-share-by-country,LCA,2010,0.0,,,,final,,,
electricity.ember.clean-share-by-country,LCA,2011,0.0,,,,final,,,
electricity.ember.clean-share-by-country,LCA,2012,0.0,,,,final,,,
electricity.ember.clean-share-by-country,LCA,2013,0.0,,,,final,,,
electricity.ember.clean-share-by-country,LCA,2014,0.0,,,,final,,,
electricity.ember.clean-share-by-country,LCA,2015,0.0,,,,final,,,
electricity.ember.clean-share-by-country,LCA,2016,0.0,,,,final,,,
electricity.ember.clean-share-by-country,LCA,2017,0.0,,,,final,,,
electricity.ember.clean-share-by-country,LCA,2018,2.439,,,,final,,,
electricity.ember.clean-share-by-country,LCA,2019,2.381,,,,final,,,
electricity.ember.clean-share-by-country,LCA,2020,2.632,,,,final,,,
electricity.ember.clean-share-by-country,LCA,2021,2.5,,,,final,,,
electricity.ember.clean-share-by-country,LCA,2022,2.5,,,,final,,,
electricity.ember.clean-share-by-country,LCA,2023,2.5,,,,final,,,
electricity.ember.clean-share-by-country,LCA,2024,2.5,,,,final,,,
electricity.ember.clean-share-by-country,LKA,2000,47.345,,,,final,,,
electricity.ember.clean-share-by-country,LKA,2001,46.777,,,,final,,,
electricity.ember.clean-share-by-country,LKA,2002,38.905,,,,final,,,
electricity.ember.clean-share-by-country,LKA,2003,43.512,,,,final,,,
electricity.ember.clean-share-by-country,LKA,2004,36.712,,,,final,,,
electricity.ember.clean-share-by-country,LKA,2005,39.342,,,,final,,,
electricity.ember.clean-share-by-country,LKA,2006,49.258,,,,final,,,
electricity.ember.clean-share-by-country,LKA,2007,40.182,,,,final,,,
electricity.ember.clean-share-by-country,LKA,2008,41.935,,,,final,,,
electricity.ember.clean-share-by-country,LKA,2009,39.636,,,,final,,,
electricity.ember.clean-share-by-country,LKA,2010,53.451,,,,final,,,
electricity.ember.clean-share-by-country,LKA,2011,41.212,,,,final,,,
electricity.ember.clean-share-by-country,LKA,2012,29.407,,,,final,,,
electricity.ember.clean-share-by-country,LKA,2013,60.184,,,,final,,,
electricity.ember.clean-share-by-country,LKA,2014,39.357,,,,final,,,
electricity.ember.clean-share-by-country,LKA,2015,48.751,,,,final,,,
electricity.ember.clean-share-by-country,LKA,2016,32.984,,,,final,,,
electricity.ember.clean-share-by-country,LKA,2017,31.028,,,,final,,,
electricity.ember.clean-share-by-country,LKA,2018,43.871,,,,final,,,
electricity.ember.clean-share-by-country,LKA,2019,33.773,,,,final,,,
electricity.ember.clean-share-by-country,LKA,2020,35.576,,,,final,,,
electricity.ember.clean-share-by-country,LKA,2021,49.4,,,,final,,,
electricity.ember.clean-share-by-country,LKA,2022,50.328,,,,final,,,
electricity.ember.clean-share-by-country,LKA,2023,48.566,,,,final,,,
electricity.ember.clean-share-by-country,LKA,2024,54.088,,,,final,,,
electricity.ember.clean-share-by-country,LKA,2025,56.276,,,,preliminary,"2025 is the latest year in Ember's file, which has no estimate flag; Ember's methodology says that for the most recent years it estimates annual generation from monthly data.",,
electricity.ember.clean-share-by-country,LSO,2000,100.0,,,,final,,,
electricity.ember.clean-share-by-country,LSO,2001,100.0,,,,final,,,
electricity.ember.clean-share-by-country,LSO,2002,100.0,,,,final,,,
electricity.ember.clean-share-by-country,LSO,2003,100.0,,,,final,,,
electricity.ember.clean-share-by-country,LSO,2004,100.0,,,,final,,,
electricity.ember.clean-share-by-country,LSO,2005,100.0,,,,final,,,
electricity.ember.clean-share-by-country,LSO,2006,100.0,,,,final,,,
electricity.ember.clean-share-by-country,LSO,2007,100.0,,,,final,,,
electricity.ember.clean-share-by-country,LSO,2008,100.0,,,,final,,,
electricity.ember.clean-share-by-country,LSO,2009,100.0,,,,final,,,
electricity.ember.clean-share-by-country,LSO,2010,100.0,,,,final,,,
electricity.ember.clean-share-by-country,LSO,2011,100.0,,,,final,,,
electricity.ember.clean-share-by-country,LSO,2012,100.0,,,,final,,,
electricity.ember.clean-share-by-country,LSO,2013,100.0,,,,final,,,
electricity.ember.clean-share-by-country,LSO,2014,100.0,,,,final,,,
electricity.ember.clean-share-by-country,LSO,2015,100.0,,,,final,,,
electricity.ember.clean-share-by-country,LSO,2016,100.0,,,,final,,,
electricity.ember.clean-share-by-country,LSO,2017,100.0,,,,final,,,
electricity.ember.clean-share-by-country,LSO,2018,100.0,,,,final,,,
electricity.ember.clean-share-by-country,LSO,2019,100.0,,,,final,,,
electricity.ember.clean-share-by-country,LSO,2020,100.0,,,,final,,,
electricity.ember.clean-share-by-country,LSO,2021,100.0,,,,final,,,
electricity.ember.clean-share-by-country,LSO,2022,100.0,,,,final,,,
electricity.ember.clean-share-by-country,LSO,2023,,,,,final,,"Ember's file gives Total generation of 0.0 TWh for Lesotho in 2023, and no Clean share.",
electricity.ember.clean-share-by-country,LSO,2024,,,,,final,,"Ember's file gives Total generation of 0.0 TWh for Lesotho in 2024, and no Clean share.",
electricity.ember.clean-share-by-country,LTU,2000,78.706,,,,final,,,
electricity.ember.clean-share-by-country,LTU,2001,81.407,,,,final,,,
electricity.ember.clean-share-by-country,LTU,2002,83.806,,,,final,,,
electricity.ember.clean-share-by-country,LTU,2003,84.006,,,,final,,,
electricity.ember.clean-share-by-country,LTU,2004,82.827,,,,final,,,
electricity.ember.clean-share-by-country,LTU,2005,74.896,,,,final,,,
electricity.ember.clean-share-by-country,LTU,2006,75.228,,,,final,,,
electricity.ember.clean-share-by-country,LTU,2007,77.34,,,,final,,,
electricity.ember.clean-share-by-country,LTU,2008,78.695,,,,final,,,
electricity.ember.clean-share-by-country,LTU,2009,78.757,,,,final,,,
electricity.ember.clean-share-by-country,LTU,2010,18.2,,,,final,,,
electricity.ember.clean-share-by-country,LTU,2011,26.118,,,,final,,,
electricity.ember.clean-share-by-country,LTU,2012,26.222,,,,final,,,
electricity.ember.clean-share-by-country,LTU,2013,36.516,,,,final,,,
electricity.ember.clean-share-by-country,LTU,2014,40.921,,,,final,,,
electricity.ember.clean-share-by-country,LTU,2015,39.716,,,,final,,,
electricity.ember.clean-share-by-country,LTU,2016,57.851,,,,final,,,
electricity.ember.clean-share-by-country,LTU,2017,71.067,,,,final,,,
electricity.ember.clean-share-by-country,LTU,2018,75.342,,,,final,,,
electricity.ember.clean-share-by-country,LTU,2019,73.952,,,,final,,,
electricity.ember.clean-share-by-country,LTU,2020,54.681,,,,final,,,
electricity.ember.clean-share-by-country,LTU,2021,60.93,,,,final,,,
electricity.ember.clean-share-by-country,LTU,2022,74.752,,,,final,,,
electricity.ember.clean-share-by-country,LTU,2023,83.774,,,,final,,,
electricity.ember.clean-share-by-country,LTU,2024,84.323,,,,final,,,
electricity.ember.clean-share-by-country,LTU,2025,77.724,,,,preliminary,"2025 is the latest year in Ember's file, which has no estimate flag; Ember's methodology says that for the most recent years it estimates annual generation from monthly data.",,
electricity.ember.clean-share-by-country,LUX,2000,40.0,,,,final,,,
electricity.ember.clean-share-by-country,LUX,2001,19.54,,,,final,,,
electricity.ember.clean-share-by-country,LUX,2002,5.357,,,,final,,,
electricity.ember.clean-share-by-country,LUX,2003,5.018,,,,final,,,
electricity.ember.clean-share-by-country,LUX,2004,5.638,,,,final,,,
electricity.ember.clean-share-by-country,LUX,2005,6.269,,,,final,,,
electricity.ember.clean-share-by-country,LUX,2006,7.062,,,,final,,,
electricity.ember.clean-share-by-country,LUX,2007,8.15,,,,final,,,
electricity.ember.clean-share-by-country,LUX,2008,10.294,,,,final,,,
electricity.ember.clean-share-by-country,LUX,2009,8.571,,,,final,,,
electricity.ember.clean-share-by-country,LUX,2010,8.333,,,,final,,,
electricity.ember.clean-share-by-country,LUX,2011,9.091,,,,final,,,
electricity.ember.clean-share-by-country,LUX,2012,11.232,,,,final,,,
electricity.ember.clean-share-by-country,LUX,2013,19.565,,,,final,,,
electricity.ember.clean-share-by-country,LUX,2014,20.942,,,,final,,,
electricity.ember.clean-share-by-country,LUX,2015,32.09,,,,final,,,
electricity.ember.clean-share-by-country,LUX,2016,58.228,,,,final,,,
electricity.ember.clean-share-by-country,LUX,2017,66.667,,,,final,,,
electricity.ember.clean-share-by-country,LUX,2018,70.833,,,,final,,,
electricity.ember.clean-share-by-country,LUX,2019,74.766,,,,final,,,
electricity.ember.clean-share-by-country,LUX,2020,79.508,,,,final,,,
electricity.ember.clean-share-by-country,LUX,2021,80.488,,,,final,,,
electricity.ember.clean-share-by-country,LUX,2022,85.95,,,,final,,,
electricity.ember.clean-share-by-country,LUX,2023,89.362,,,,final,,,
electricity.ember.clean-share-by-country,LUX,2024,90.728,,,,final,,,
electricity.ember.clean-share-by-country,LUX,2025,91.558,,,,preliminary,"2025 is the latest year in Ember's file, which has no estimate flag; Ember's methodology says that for the most recent years it estimates annual generation from monthly data.",,
electricity.ember.clean-share-by-country,LVA,2000,68.116,,,,final,,,
electricity.ember.clean-share-by-country,LVA,2001,66.276,,,,final,,,
electricity.ember.clean-share-by-country,LVA,2002,62.469,,,,final,,,
electricity.ember.clean-share-by-country,LVA,2003,58.942,,,,final,,,
electricity.ember.clean-share-by-country,LVA,2004,68.23,,,,final,,,
electricity.ember.clean-share-by-country,LVA,2005,69.512,,,,final,,,
electricity.ember.clean-share-by-country,LVA,2006,57.055,,,,final,,,
electricity.ember.clean-share-by-country,LVA,2007,59.244,,,,final,,,
electricity.ember.clean-share-by-country,LVA,2008,60.911,,,,final,,,
electricity.ember.clean-share-by-country,LVA,2009,63.914,,,,final,,,
electricity.ember.clean-share-by-country,LVA,2010,54.902,,,,final,,,
electricity.ember.clean-share-by-country,LVA,2011,50.575,,,,final,,,
electricity.ember.clean-share-by-country,LVA,2012,66.613,,,,final,,,
electricity.ember.clean-share-by-country,LVA,2013,56.935,,,,final,,,
electricity.ember.clean-share-by-country,LVA,2014,54.475,,,,final,,,
electricity.ember.clean-share-by-country,LVA,2015,50.181,,,,final,,,
electricity.ember.clean-share-by-country,LVA,2016,54.206,,,,final,,,
electricity.ember.clean-share-by-country,LVA,2017,72.51,,,,final,,,
electricity.ember.clean-share-by-country,LVA,2018,51.935,,,,final,,,
electricity.ember.clean-share-by-country,LVA,2019,49.534,,,,final,,,
electricity.ember.clean-share-by-country,LVA,2020,63.636,,,,final,,,
electricity.ember.clean-share-by-country,LVA,2021,63.59,,,,final,,,
electricity.ember.clean-share-by-country,LVA,2022,75.944,,,,final,,,
electricity.ember.clean-share-by-country,LVA,2023,77.743,,,,final,,,
electricity.ember.clean-share-by-country,LVA,2024,73.503,,,,final,,,
electricity.ember.clean-share-by-country,LVA,2025,73.513,,,,preliminary,"2025 is the latest year in Ember's file, which has no estimate flag; Ember's methodology says that for the most recent years it estimates annual generation from monthly data.",,
electricity.ember.clean-share-by-country,MAC,2000,0.0,,,,final,,,
electricity.ember.clean-share-by-country,MAC,2001,3.822,,,,final,,,
electricity.ember.clean-share-by-country,MAC,2002,4.118,,,,final,,,
electricity.ember.clean-share-by-country,MAC,2003,8.333,,,,final,,,
electricity.ember.clean-share-by-country,MAC,2004,7.614,,,,final,,,
electricity.ember.clean-share-by-country,MAC,2005,7.882,,,,final,,,
electricity.ember.clean-share-by-country,MAC,2006,10.18,,,,final,,,
electricity.ember.clean-share-by-country,MAC,2007,11.184,,,,final,,,
electricity.ember.clean-share-by-country,MAC,2008,14.876,,,,final,,,
electricity.ember.clean-share-by-country,MAC,2009,12.329,,,,final,,,
electricity.ember.clean-share-by-country,MAC,2010,18.519,,,,final,,,
electricity.ember.clean-share-by-country,MAC,2011,23.596,,,,final,,,
electricity.ember.clean-share-by-country,MAC,2012,41.071,,,,final,,,
electricity.ember.clean-share-by-country,MAC,2013,58.537,,,,final,,,
electricity.ember.clean-share-by-country,MAC,2014,40.625,,,,final,,,
electricity.ember.clean-share-by-country,MAC,2015,21.053,,,,final,,,
electricity.ember.clean-share-by-country,MAC,2016,20.202,,,,final,,,
electricity.ember.clean-share-by-country,MAC,2017,14.286,,,,final,,,
electricity.ember.clean-share-by-country,MAC,2018,27.692,,,,final,,,
electricity.ember.clean-share-by-country,MAC,2019,26.19,,,,final,,,
electricity.ember.clean-share-by-country,MAC,2020,33.929,,,,final,,,
electricity.ember.clean-share-by-country,MAC,2021,42.0,,,,final,,,
electricity.ember.clean-share-by-country,MAC,2022,40.816,,,,final,,,
electricity.ember.clean-share-by-country,MAC,2023,33.333,,,,final,,,
electricity.ember.clean-share-by-country,MAC,2024,30.769,,,,final,,,
electricity.ember.clean-share-by-country,MAR,2000,5.62,,,,final,,,
electricity.ember.clean-share-by-country,MAR,2001,6.859,,,,final,,,
electricity.ember.clean-share-by-country,MAR,2002,6.821,,,,final,,,
electricity.ember.clean-share-by-country,MAR,2003,10.037,,,,final,,,
electricity.ember.clean-share-by-country,MAR,2004,10.246,,,,final,,,
electricity.ember.clean-share-by-country,MAR,2005,8.515,,,,final,,,
electricity.ember.clean-share-by-country,MAR,2006,8.958,,,,final,,,
electricity.ember.clean-share-by-country,MAR,2007,8.177,,,,final,,,
electricity.ember.clean-share-by-country,MAR,2008,8.206,,,,final,,,
electricity.ember.clean-share-by-country,MAR,2009,15.958,,,,final,,,
electricity.ember.clean-share-by-country,MAR,2010,18.775,,,,final,,,
electricity.ember.clean-share-by-country,MAR,2011,11.617,,,,final,,,
electricity.ember.clean-share-by-country,MAR,2012,9.619,,,,final,,,
electricity.ember.clean-share-by-country,MAR,2013,16.147,,,,final,,,
electricity.ember.clean-share-by-country,MAR,2014,14.103,,,,final,,,
electricity.ember.clean-share-by-country,MAR,2015,16.082,,,,final,,,
electricity.ember.clean-share-by-country,MAR,2016,16.489,,,,final,,,
electricity.ember.clean-share-by-country,MAR,2017,15.842,,,,final,,,
electricity.ember.clean-share-by-country,MAR,2018,19.821,,,,final,,,
electricity.ember.clean-share-by-country,MAR,2019,19.787,,,,final,,,
electricity.ember.clean-share-by-country,MAR,2020,19.175,,,,final,,,
electricity.ember.clean-share-by-country,MAR,2021,19.806,,,,final,,,
electricity.ember.clean-share-by-country,MAR,2022,18.184,,,,final,,,
electricity.ember.clean-share-by-country,MAR,2023,21.715,,,,final,,,
electricity.ember.clean-share-by-country,MAR,2024,24.41,,,,final,,,
electricity.ember.clean-share-by-country,MAR,2025,23.21,,,,preliminary,"2025 is the latest year in Ember's file, which has no estimate flag; Ember's methodology says that for the most recent years it estimates annual generation from monthly data.",,
electricity.ember.clean-share-by-country,MDA,2000,7.156,,,,final,,,
electricity.ember.clean-share-by-country,MDA,2001,6.154,,,,final,,,
electricity.ember.clean-share-by-country,MDA,2002,6.206,,,,final,,,
electricity.ember.clean-share-by-country,MDA,2003,6.239,,,,final,,,
electricity.ember.clean-share-by-country,MDA,2004,6.034,,,,final,,,
electricity.ember.clean-share-by-country,MDA,2005,6.03,,,,final,,,
electricity.ember.clean-share-by-country,MDA,2006,6.086,,,,final,,,
electricity.ember.clean-share-by-country,MDA,2007,5.963,,,,final,,,
electricity.ember.clean-share-by-country,MDA,2008,6.323,,,,final,,,
electricity.ember.clean-share-by-country,MDA,2009,5.654,,,,final,,,
electricity.ember.clean-share-by-country,MDA,2010,6.547,,,,final,,,
electricity.ember.clean-share-by-country,MDA,2011,6.055,,,,final,,,
electricity.ember.clean-share-by-country,MDA,2012,4.647,,,,final,,,
electricity.ember.clean-share-by-country,MDA,2013,6.874,,,,final,,,
electricity.ember.clean-share-by-country,MDA,2014,6.145,,,,final,,,
electricity.ember.clean-share-by-country,MDA,2015,4.47,,,,final,,,
electricity.ember.clean-share-by-country,MDA,2016,4.103,,,,final,,,
electricity.ember.clean-share-by-country,MDA,2017,6.25,,,,final,,,
electricity.ember.clean-share-by-country,MDA,2018,5.948,,,,final,,,
electricity.ember.clean-share-by-country,MDA,2019,6.503,,,,final,,,
electricity.ember.clean-share-by-country,MDA,2020,5.825,,,,final,,,
electricity.ember.clean-share-by-country,MDA,2021,6.607,,,,final,,,
electricity.ember.clean-share-by-country,MDA,2022,9.568,,,,final,,,
electricity.ember.clean-share-by-country,MDA,2023,9.606,,,,final,,,
electricity.ember.clean-share-by-country,MDA,2024,10.708,,,,final,,,
electricity.ember.clean-share-by-country,MDA,2025,28.425,,,,preliminary,"2025 is the latest year in Ember's file, which has no estimate flag; Ember's methodology says that for the most recent years it estimates annual generation from monthly data.",,
electricity.ember.clean-share-by-country,MDG,2000,63.953,,,,final,,,
electricity.ember.clean-share-by-country,MDG,2001,61.364,,,,final,,,
electricity.ember.clean-share-by-country,MDG,2002,63.953,,,,final,,,
electricity.ember.clean-share-by-country,MDG,2003,63.542,,,,final,,,
electricity.ember.clean-share-by-country,MDG,2004,60.952,,,,final,,,
electricity.ember.clean-share-by-country,MDG,2005,61.321,,,,final,,,
electricity.ember.clean-share-by-country,MDG,2006,59.813,,,,final,,,
electricity.ember.clean-share-by-country,MDG,2007,64.286,,,,final,,,
electricity.ember.clean-share-by-country,MDG,2008,59.322,,,,final,,,
electricity.ember.clean-share-by-country,MDG,2009,62.185,,,,final,,,
electricity.ember.clean-share-by-country,MDG,2010,54.615,,,,final,,,
electricity.ember.clean-share-by-country,MDG,2011,47.619,,,,final,,,
electricity.ember.clean-share-by-country,MDG,2012,49.359,,,,final,,,
electricity.ember.clean-share-by-country,MDG,2013,50.303,,,,final,,,
electricity.ember.clean-share-by-country,MDG,2014,52.907,,,,final,,,
electricity.ember.clean-share-by-country,MDG,2015,54.19,,,,final,,,
electricity.ember.clean-share-by-country,MDG,2016,48.421,,,,final,,,
electricity.ember.clean-share-by-country,MDG,2017,41.919,,,,final,,,
electricity.ember.clean-share-by-country,MDG,2018,43.277,,,,final,,,
electricity.ember.clean-share-by-country,MDG,2019,38.462,,,,final,,,
electricity.ember.clean-share-by-country,MDG,2020,40.741,,,,final,,,
electricity.ember.clean-share-by-country,MDG,2021,33.202,,,,final,,,
electricity.ember.clean-share-by-country,MDG,2022,35.227,,,,final,,,
electricity.ember.clean-share-by-country,MDG,2023,43.952,,,,final,,,
electricity.ember.clean-share-by-country,MDG,2024,42.387,,,,final,,,
electricity.ember.clean-share-by-country,MDV,2000,0.0,,,,final,,,
electricity.ember.clean-share-by-country,MDV,2001,0.0,,,,final,,,
electricity.ember.clean-share-by-country,MDV,2002,0.0,,,,final,,,
electricity.ember.clean-share-by-country,MDV,2003,0.0,,,,final,,,
electricity.ember.clean-share-by-country,MDV,2004,0.0,,,,final,,,
electricity.ember.clean-share-by-country,MDV,2005,0.0,,,,final,,,
electricity.ember.clean-share-by-country,MDV,2006,0.0,,,,final,,,
electricity.ember.clean-share-by-country,MDV,2007,0.0,,,,final,,,
electricity.ember.clean-share-by-country,MDV,2008,0.0,,,,final,,,
electricity.ember.clean-share-by-country,MDV,2009,0.0,,,,final,,,
electricity.ember.clean-share-by-country,MDV,2010,0.0,,,,final,,,
electricity.ember.clean-share-by-country,MDV,2011,0.0,,,,final,,,
electricity.ember.clean-share-by-country,MDV,2012,0.0,,,,final,,,
electricity.ember.clean-share-by-country,MDV,2013,0.0,,,,final,,,
electricity.ember.clean-share-by-country,MDV,2014,1.852,,,,final,,,
electricity.ember.clean-share-by-country,MDV,2015,1.613,,,,final,,,
electricity.ember.clean-share-by-country,MDV,2016,1.493,,,,final,,,
electricity.ember.clean-share-by-country,MDV,2017,2.74,,,,final,,,
electricity.ember.clean-share-by-country,MDV,2018,3.797,,,,final,,,
electricity.ember.clean-share-by-country,MDV,2019,3.704,,,,final,,,
electricity.ember.clean-share-by-country,MDV,2020,4.878,,,,final,,,
electricity.ember.clean-share-by-country,MDV,2021,5.952,,,,final,,,
electricity.ember.clean-share-by-country,MDV,2022,7.059,,,,final,,,
electricity.ember.clean-share-by-country,MDV,2023,7.059,,,,final,,,
electricity.ember.clean-share-by-country,MDV,2024,7.059,,,,final,,,
electricity.ember.clean-share-by-country,MEX,2000,23.416,,,,final,,,
electricity.ember.clean-share-by-country,MEX,2001,20.669,,,,final,,,
electricity.ember.clean-share-by-country,MEX,2002,18.871,,,,final,,,
electricity.ember.clean-share-by-country,MEX,2003,16.598,,,,final,,,
electricity.ember.clean-share-by-country,MEX,2004,17.698,,,,final,,,
electricity.ember.clean-share-by-country,MEX,2005,18.825,,,,final,,,
electricity.ember.clean-share-by-country,MEX,2006,19.071,,,,final,,,
electricity.ember.clean-share-by-country,MEX,2007,17.576,,,,final,,,
electricity.ember.clean-share-by-country,MEX,2008,21.237,,,,final,,,
electricity.ember.clean-share-by-country,MEX,2009,16.955,,,,final,,,
electricity.ember.clean-share-by-country,MEX,2010,18.997,,,,final,,,
electricity.ember.clean-share-by-country,MEX,2011,19.175,,,,final,,,
electricity.ember.clean-share-by-country,MEX,2012,17.487,,,,final,,,
electricity.ember.clean-share-by-country,MEX,2013,17.474,,,,final,,,
electricity.ember.clean-share-by-country,MEX,2014,20.875,,,,final,,,
electricity.ember.clean-share-by-country,MEX,2015,19.274,,,,final,,,
electricity.ember.clean-share-by-country,MEX,2016,18.589,,,,final,,,
electricity.ember.clean-share-by-country,MEX,2017,18.737,,,,final,,,
electricity.ember.clean-share-by-country,MEX,2018,19.694,,,,final,,,
electricity.ember.clean-share-by-country,MEX,2019,19.935,,,,final,,,
electricity.ember.clean-share-by-country,MEX,2020,24.729,,,,final,,,
electricity.ember.clean-share-by-country,MEX,2021,28.61,,,,final,,,
electricity.ember.clean-share-by-country,MEX,2022,27.629,,,,final,,,
electricity.ember.clean-share-by-country,MEX,2023,23.79,,,,final,,,
electricity.ember.clean-share-by-country,MEX,2024,24.582,,,,final,,,
electricity.ember.clean-share-by-country,MEX,2025,25.938,,,,preliminary,"2025 is the latest year in Ember's file, which has no estimate flag; Ember's methodology says that for the most recent years it estimates annual generation from monthly data.",,
electricity.ember.clean-share-by-country,MKD,2000,17.181,,,,final,,,
electricity.ember.clean-share-by-country,MKD,2001,9.89,,,,final,,,
electricity.ember.clean-share-by-country,MKD,2002,12.479,,,,final,,,
electricity.ember.clean-share-by-country,MKD,2003,20.357,,,,final,,,
electricity.ember.clean-share-by-country,MKD,2004,22.222,,,,final,,,
electricity.ember.clean-share-by-country,MKD,2005,21.47,,,,final,,,
electricity.ember.clean-share-by-country,MKD,2006,23.538,,,,final,,,
electricity.ember.clean-share-by-country,MKD,2007,15.538,,,,final,,,
electricity.ember.clean-share-by-country,MKD,2008,13.312,,,,final,,,
electricity.ember.clean-share-by-country,MKD,2009,18.622,,,,final,,,
electricity.ember.clean-share-by-country,MKD,2010,33.471,,,,final,,,
electricity.ember.clean-share-by-country,MKD,2011,21.154,,,,final,,,
electricity.ember.clean-share-by-country,MKD,2012,16.613,,,,final,,,
electricity.ember.clean-share-by-country,MKD,2013,26.108,,,,final,,,
electricity.ember.clean-share-by-country,MKD,2014,23.978,,,,final,,,
electricity.ember.clean-share-by-country,MKD,2015,35.929,,,,final,,,
electricity.ember.clean-share-by-country,MKD,2016,36.767,,,,final,,,
electricity.ember.clean-share-by-country,MKD,2017,23.036,,,,final,,,
electricity.ember.clean-share-by-country,MKD,2018,34.938,,,,final,,,
electricity.ember.clean-share-by-country,MKD,2019,22.828,,,,final,,,
electricity.ember.clean-share-by-country,MKD,2020,27.715,,,,final,,,
electricity.ember.clean-share-by-country,MKD,2021,29.837,,,,final,,,
electricity.ember.clean-share-by-country,MKD,2022,27.104,,,,final,,,
electricity.ember.clean-share-by-country,MKD,2023,32.174,,,,final,,,
electricity.ember.clean-share-by-country,MKD,2024,39.461,,,,final,,,
electricity.ember.clean-share-by-country,MKD,2025,53.099,,,,preliminary,"2025 is the latest year in Ember's file, which has no estimate flag; Ember's methodology says that for the most recent years it estimates annual generation from monthly data.",,
electricity.ember.clean-share-by-country,MLI,2000,26.415,,,,final,,,
electricity.ember.clean-share-by-country,MLI,2001,26.168,,,,final,,,
electricity.ember.clean-share-by-country,MLI,2002,26.126,,,,final,,,
electricity.ember.clean-share-by-country,MLI,2003,25.225,,,,final,,,
electricity.ember.clean-share-by-country,MLI,2004,23.81,,,,final,,,
electricity.ember.clean-share-by-country,MLI,2005,33.557,,,,final,,,
electricity.ember.clean-share-by-country,MLI,2006,33.758,,,,final,,,
electricity.ember.clean-share-by-country,MLI,2007,32.911,,,,final,,,
electricity.ember.clean-share-by-country,MLI,2008,34.254,,,,final,,,
electricity.ember.clean-share-by-country,MLI,2009,46.154,,,,final,,,
electricity.ember.clean-share-by-country,MLI,2010,49.153,,,,final,,,
electricity.ember.clean-share-by-country,MLI,2011,56.481,,,,final,,,
electricity.ember.clean-share-by-country,MLI,2012,57.143,,,,final,,,
electricity.ember.clean-share-by-country,MLI,2013,54.091,,,,final,,,
electricity.ember.clean-share-by-country,MLI,2014,58.167,,,,final,,,
electricity.ember.clean-share-by-country,MLI,2015,48.207,,,,final,,,
electricity.ember.clean-share-by-country,MLI,2016,51.987,,,,final,,,
electricity.ember.clean-share-by-country,MLI,2017,45.64,,,,final,,,
electricity.ember.clean-share-by-country,MLI,2018,40.166,,,,final,,,
electricity.ember.clean-share-by-country,MLI,2019,38.32,,,,final,,,
electricity.ember.clean-share-by-country,MLI,2020,40.863,,,,final,,,
electricity.ember.clean-share-by-country,MLI,2021,39.086,,,,final,,,
electricity.ember.clean-share-by-country,MLI,2022,42.857,,,,final,,,
electricity.ember.clean-share-by-country,MLI,2023,19.8,,,,final,,,
electricity.ember.clean-share-by-country,MLI,2024,19.463,,,,final,,,
electricity.ember.clean-share-by-country,MLT,2000,0.0,,,,final,,,
electricity.ember.clean-share-by-country,MLT,2001,0.0,,,,final,,,
electricity.ember.clean-share-by-country,MLT,2002,0.0,,,,final,,,
electricity.ember.clean-share-by-country,MLT,2003,0.0,,,,final,,,
electricity.ember.clean-share-by-country,MLT,2004,0.0,,,,final,,,
electricity.ember.clean-share-by-country,MLT,2005,0.0,,,,final,,,
electricity.ember.clean-share-by-country,MLT,2006,0.0,,,,final,,,
electricity.ember.clean-share-by-country,MLT,2007,0.0,,,,final,,,
electricity.ember.clean-share-by-country,MLT,2008,0.0,,,,final,,,
electricity.ember.clean-share-by-country,MLT,2009,0.0,,,,final,,,
electricity.ember.clean-share-by-country,MLT,2010,0.0,,,,final,,,
electricity.ember.clean-share-by-country,MLT,2011,0.0,,,,final,,,
electricity.ember.clean-share-by-country,MLT,2012,1.304,,,,final,,,
electricity.ember.clean-share-by-country,MLT,2013,1.77,,,,final,,,
electricity.ember.clean-share-by-country,MLT,2014,3.556,,,,final,,,
electricity.ember.clean-share-by-country,MLT,2015,7.692,,,,final,,,
electricity.ember.clean-share-by-country,MLT,2016,16.279,,,,final,,,
electricity.ember.clean-share-by-country,MLT,2017,10.303,,,,final,,,
electricity.ember.clean-share-by-country,MLT,2018,10.152,,,,final,,,
electricity.ember.clean-share-by-country,MLT,2019,10.145,,,,final,,,
electricity.ember.clean-share-by-country,MLT,2020,11.628,,,,final,,,
electricity.ember.clean-share-by-country,MLT,2021,12.162,,,,final,,,
electricity.ember.clean-share-by-country,MLT,2022,13.043,,,,final,,,
electricity.ember.clean-share-by-country,MLT,2023,13.617,,,,final,,,
electricity.ember.clean-share-by-country,MLT,2024,15.525,,,,final,,,
electricity.ember.clean-share-by-country,MLT,2025,17.195,,,,preliminary,"2025 is the latest year in Ember's file, which has no estimate flag; Ember's methodology says that for the most recent years it estimates annual generation from monthly data.",,
electricity.ember.clean-share-by-country,MMR,2000,36.667,,,,final,,,
electricity.ember.clean-share-by-country,MMR,2001,38.544,,,,final,,,
electricity.ember.clean-share-by-country,MMR,2002,41.617,,,,final,,,
electricity.ember.clean-share-by-country,MMR,2003,38.376,,,,final,,,
electricity.ember.clean-share-by-country,MMR,2004,42.959,,,,final,,,
electricity.ember.clean-share-by-country,MMR,2005,49.834,,,,final,,,
electricity.ember.clean-share-by-country,MMR,2006,53.883,,,,final,,,
electricity.ember.clean-share-by-country,MMR,2007,56.563,,,,final,,,
electricity.ember.clean-share-by-country,MMR,2008,61.48,,,,final,,,
electricity.ember.clean-share-by-country,MMR,2009,75.466,,,,final,,,
electricity.ember.clean-share-by-country,MMR,2010,71.81,,,,final,,,
electricity.ember.clean-share-by-country,MMR,2011,72.1,,,,final,,,
electricity.ember.clean-share-by-country,MMR,2012,71.326,,,,final,,,
electricity.ember.clean-share-by-country,MMR,2013,72.552,,,,final,,,
electricity.ember.clean-share-by-country,MMR,2014,62.96,,,,final,,,
electricity.ember.clean-share-by-country,MMR,2015,59.506,,,,final,,,
electricity.ember.clean-share-by-country,MMR,2016,55.188,,,,final,,,
electricity.ember.clean-share-by-country,MMR,2017,53.327,,,,final,,,
electricity.ember.clean-share-by-country,MMR,2018,58.179,,,,final,,,
electricity.ember.clean-share-by-country,MMR,2019,56.263,,,,final,,,
electricity.ember.clean-share-by-country,MMR,2020,48.669,,,,final,,,
electricity.ember.clean-share-by-country,MMR,2021,49.349,,,,final,,,
electricity.ember.clean-share-by-country,MMR,2022,40.86,,,,final,,,
electricity.ember.clean-share-by-country,MMR,2023,46.493,,,,final,,,
electricity.ember.clean-share-by-country,MMR,2024,47.858,,,,final,,,
electricity.ember.clean-share-by-country,MNE,2005,65.157,,,,final,,,
electricity.ember.clean-share-by-country,MNE,2006,59.322,,,,final,,,
electricity.ember.clean-share-by-country,MNE,2007,59.813,,,,final,,,
electricity.ember.clean-share-by-country,MNE,2008,54.417,,,,final,,,
electricity.ember.clean-share-by-country,MNE,2009,75.0,,,,final,,,
electricity.ember.clean-share-by-country,MNE,2010,68.408,,,,final,,,
electricity.ember.clean-share-by-country,MNE,2011,45.283,,,,final,,,
electricity.ember.clean-share-by-country,MNE,2012,51.93,,,,final,,,
electricity.ember.clean-share-by-country,MNE,2013,63.452,,,,final,,,
electricity.ember.clean-share-by-country,MNE,2014,55.205,,,,final,,,
electricity.ember.clean-share-by-country,MNE,2015,49.667,,,,final,,,
electricity.ember.clean-share-by-country,MNE,2016,58.599,,,,final,,,
electricity.ember.clean-share-by-country,MNE,2017,45.161,,,,final,,,
electricity.ember.clean-share-by-country,MNE,2018,59.211,,,,final,,,
electricity.ember.clean-share-by-country,MNE,2019,56.268,,,,final,,,
electricity.ember.clean-share-by-country,MNE,2020,52.212,,,,final,,,
electricity.ember.clean-share-by-country,MNE,2021,61.804,,,,final,,,
electricity.ember.clean-share-by-country,MNE,2022,53.172,,,,final,,,
electricity.ember.clean-share-by-country,MNE,2023,60.859,,,,final,,,
electricity.ember.clean-share-by-country,MNE,2024,59.49,,,,final,,,
electricity.ember.clean-share-by-country,MNE,2025,75.61,,,,preliminary,"2025 is the latest year in Ember's file, which has no estimate flag; Ember's methodology says that for the most recent years it estimates annual generation from monthly data.",,
electricity.ember.clean-share-by-country,MNG,2000,0.0,,,,final,,,
electricity.ember.clean-share-by-country,MNG,2001,0.0,,,,final,,,
electricity.ember.clean-share-by-country,MNG,2002,0.0,,,,final,,,
electricity.ember.clean-share-by-country,MNG,2003,0.0,,,,final,,,
electricity.ember.clean-share-by-country,MNG,2004,0.0,,,,final,,,
electricity.ember.clean-share-by-country,MNG,2005,0.0,,,,final,,,
electricity.ember.clean-share-by-country,MNG,2006,0.0,,,,final,,,
electricity.ember.clean-share-by-country,MNG,2007,0.0,,,,final,,,
electricity.ember.clean-share-by-country,MNG,2008,0.25,,,,final,,,
electricity.ember.clean-share-by-country,MNG,2009,0.743,,,,final,,,
electricity.ember.clean-share-by-country,MNG,2010,1.157,,,,final,,,
electricity.ember.clean-share-by-country,MNG,2011,1.322,,,,final,,,
electricity.ember.clean-share-by-country,MNG,2012,1.247,,,,final,,,
electricity.ember.clean-share-by-country,MNG,2013,2.39,,,,final,,,
electricity.ember.clean-share-by-country,MNG,2014,3.903,,,,final,,,
electricity.ember.clean-share-by-country,MNG,2015,3.993,,,,final,,,
electricity.ember.clean-share-by-country,MNG,2016,4.409,,,,final,,,
electricity.ember.clean-share-by-country,MNG,2017,4.146,,,,final,,,
electricity.ember.clean-share-by-country,MNG,2018,6.697,,,,final,,,
electricity.ember.clean-share-by-country,MNG,2019,9.942,,,,final,,,
electricity.ember.clean-share-by-country,MNG,2020,10.241,,,,final,,,
electricity.ember.clean-share-by-country,MNG,2021,11.156,,,,final,,,
electricity.ember.clean-share-by-country,MNG,2022,9.806,,,,final,,,
electricity.ember.clean-share-by-country,MNG,2023,9.168,,,,final,,,
electricity.ember.clean-share-by-country,MNG,2024,8.844,,,,final,,,
electricity.ember.clean-share-by-country,MNG,2025,8.456,,,,preliminary,"2025 is the latest year in Ember's file, which has no estimate flag; Ember's methodology says that for the most recent years it estimates annual generation from monthly data.",,
electricity.ember.clean-share-by-country,MOZ,2000,99.896,,,,final,,,
electricity.ember.clean-share-by-country,MOZ,2001,99.66,,,,final,,,
electricity.ember.clean-share-by-country,MOZ,2002,99.762,,,,final,,,
electricity.ember.clean-share-by-country,MOZ,2003,99.722,,,,final,,,
electricity.ember.clean-share-by-country,MOZ,2004,99.569,,,,final,,,
electricity.ember.clean-share-by-country,MOZ,2005,99.848,,,,final,,,
electricity.ember.clean-share-by-country,MOZ,2006,99.863,,,,final,,,
electricity.ember.clean-share-by-country,MOZ,2007,99.937,,,,final,,,
electricity.ember.clean-share-by-country,MOZ,2008,99.933,,,,final,,,
electricity.ember.clean-share-by-country,MOZ,2009,99.94,,,,final,,,
electricity.ember.clean-share-by-country,MOZ,2010,99.88,,,,final,,,
electricity.ember.clean-share-by-country,MOZ,2011,99.337,,,,final,,,
electricity.ember.clean-share-by-country,MOZ,2012,99.265,,,,final,,,
electricity.ember.clean-share-by-country,MOZ,2013,98.588,,,,final,,,
electricity.ember.clean-share-by-country,MOZ,2014,98.659,,,,final,,,
electricity.ember.clean-share-by-country,MOZ,2015,92.982,,,,final,,,
electricity.ember.clean-share-by-country,MOZ,2016,82.715,,,,final,,,
electricity.ember.clean-share-by-country,MOZ,2017,80.499,,,,final,,,
electricity.ember.clean-share-by-country,MOZ,2018,81.797,,,,final,,,
electricity.ember.clean-share-by-country,MOZ,2019,79.358,,,,final,,,
electricity.ember.clean-share-by-country,MOZ,2020,83.491,,,,final,,,
electricity.ember.clean-share-by-country,MOZ,2021,82.98,,,,final,,,
electricity.ember.clean-share-by-country,MOZ,2022,83.691,,,,final,,,
electricity.ember.clean-share-by-country,MOZ,2023,83.567,,,,final,,,
electricity.ember.clean-share-by-country,MOZ,2024,83.426,,,,final,,,
electricity.ember.clean-share-by-country,MRT,2000,7.143,,,,final,,,
electricity.ember.clean-share-by-country,MRT,2001,6.383,,,,final,,,
electricity.ember.clean-share-by-country,MRT,2002,5.66,,,,final,,,
electricity.ember.clean-share-by-country,MRT,2003,8.0,,,,final,,,
electricity.ember.clean-share-by-country,MRT,2004,7.407,,,,final,,,
electricity.ember.clean-share-by-country,MRT,2005,9.434,,,,final,,,
electricity.ember.clean-share-by-country,MRT,2006,8.065,,,,final,,,
electricity.ember.clean-share-by-country,MRT,2007,7.812,,,,final,,,
electricity.ember.clean-share-by-country,MRT,2008,8.333,,,,final,,,
electricity.ember.clean-share-by-country,MRT,2009,14.286,,,,final,,,
electricity.ember.clean-share-by-country,MRT,2010,14.118,,,,final,,,
electricity.ember.clean-share-by-country,MRT,2011,14.943,,,,final,,,
electricity.ember.clean-share-by-country,MRT,2012,14.583,,,,final,,,
electricity.ember.clean-share-by-country,MRT,2013,21.429,,,,final,,,
electricity.ember.clean-share-by-country,MRT,2014,21.359,,,,final,,,
electricity.ember.clean-share-by-country,MRT,2015,27.586,,,,final,,,
electricity.ember.clean-share-by-country,MRT,2016,25.0,,,,final,,,
electricity.ember.clean-share-by-country,MRT,2017,24.444,,,,final,,,
electricity.ember.clean-share-by-country,MRT,2018,30.137,,,,final,,,
electricity.ember.clean-share-by-country,MRT,2019,29.936,,,,final,,,
electricity.ember.clean-share-by-country,MRT,2020,28.834,,,,final,,,
electricity.ember.clean-share-by-country,MRT,2021,28.481,,,,final,,,
electricity.ember.clean-share-by-country,MRT,2022,27.439,,,,final,,,
electricity.ember.clean-share-by-country,MRT,2023,21.531,,,,final,,,
electricity.ember.clean-share-by-country,MRT,2024,22.705,,,,final,,,
electricity.ember.clean-share-by-country,MSR,2000,0.0,,,,final,,,
electricity.ember.clean-share-by-country,MSR,2001,0.0,,,,final,,,
electricity.ember.clean-share-by-country,MSR,2002,0.0,,,,final,,,
electricity.ember.clean-share-by-country,MSR,2003,0.0,,,,final,,,
electricity.ember.clean-share-by-country,MSR,2004,0.0,,,,final,,,
electricity.ember.clean-share-by-country,MSR,2005,0.0,,,,final,,,
electricity.ember.clean-share-by-country,MSR,2006,0.0,,,,final,,,
electricity.ember.clean-share-by-country,MSR,2007,0.0,,,,final,,,
electricity.ember.clean-share-by-country,MSR,2008,0.0,,,,final,,,
electricity.ember.clean-share-by-country,MSR,2009,0.0,,,,final,,,
electricity.ember.clean-share-by-country,MSR,2010,0.0,,,,final,,,
electricity.ember.clean-share-by-country,MSR,2011,0.0,,,,final,,,
electricity.ember.clean-share-by-country,MSR,2012,0.0,,,,final,,,
electricity.ember.clean-share-by-country,MSR,2013,0.0,,,,final,,,
electricity.ember.clean-share-by-country,MSR,2014,0.0,,,,final,,,
electricity.ember.clean-share-by-country,MSR,2015,0.0,,,,final,,,
electricity.ember.clean-share-by-country,MSR,2016,0.0,,,,final,,,
electricity.ember.clean-share-by-country,MSR,2017,0.0,,,,final,,,
electricity.ember.clean-share-by-country,MSR,2018,0.0,,,,final,,,
electricity.ember.clean-share-by-country,MSR,2019,0.0,,,,final,,,
electricity.ember.clean-share-by-country,MSR,2020,0.0,,,,final,,,
electricity.ember.clean-share-by-country,MSR,2021,0.0,,,,final,,,
electricity.ember.clean-share-by-country,MSR,2022,0.0,,,,final,,,
electricity.ember.clean-share-by-country,MSR,2023,0.0,,,,final,,,
electricity.ember.clean-share-by-country,MSR,2024,0.0,,,,final,,,
electricity.ember.clean-share-by-country,MTQ,2002,0.741,,,,final,,,
electricity.ember.clean-share-by-country,MTQ,2003,0.714,,,,final,,,
electricity.ember.clean-share-by-country,MTQ,2004,0.694,,,,final,,,
electricity.ember.clean-share-by-country,MTQ,2005,0.694,,,,final,,,
electricity.ember.clean-share-by-country,MTQ,2006,0.68,,,,final,,,
electricity.ember.clean-share-by-country,MTQ,2007,1.351,,,,final,,,
electricity.ember.clean-share-by-country,MTQ,2008,1.961,,,,final,,,
electricity.ember.clean-share-by-country,MTQ,2009,1.948,,,,final,,,
electricity.ember.clean-share-by-country,MTQ,2010,1.863,,,,final,,,
electricity.ember.clean-share-by-country,MTQ,2011,3.185,,,,final,,,
electricity.ember.clean-share-by-country,MTQ,2012,5.66,,,,final,,,
electricity.ember.clean-share-by-country,MTQ,2013,5.696,,,,final,,,
electricity.ember.clean-share-by-country,MTQ,2014,5.806,,,,final,,,
electricity.ember.clean-share-by-country,MTQ,2015,5.769,,,,final,,,
electricity.ember.clean-share-by-country,MTQ,2016,5.696,,,,final,,,
electricity.ember.clean-share-by-country,MTQ,2017,5.769,,,,final,,,
electricity.ember.clean-share-by-country,MTQ,2018,11.688,,,,final,,,
electricity.ember.clean-share-by-country,MTQ,2019,25.161,,,,final,,,
electricity.ember.clean-share-by-country,MTQ,2020,22.667,,,,final,,,
electricity.ember.clean-share-by-country,MTQ,2021,25.166,,,,final,,,
electricity.ember.clean-share-by-country,MTQ,2022,26.174,,,,final,,,
electricity.ember.clean-share-by-country,MTQ,2023,25.828,,,,final,,,
electricity.ember.clean-share-by-country,MUS,2000,29.379,,,,final,,,
electricity.ember.clean-share-by-country,MUS,2001,28.646,,,,final,,,
electricity.ember.clean-share-by-country,MUS,2002,27.551,,,,final,,,
electricity.ember.clean-share-by-country,MUS,2003,27.273,,,,final,,,
electricity.ember.clean-share-by-country,MUS,2004,27.315,,,,final,,,
electricity.ember.clean-share-by-country,MUS,2005,24.779,,,,final,,,
electricity.ember.clean-share-by-country,MUS,2006,22.458,,,,final,,,
electricity.ember.clean-share-by-country,MUS,2007,22.358,,,,final,,,
electricity.ember.clean-share-by-country,MUS,2008,23.438,,,,final,,,
electricity.ember.clean-share-by-country,MUS,2009,23.735,,,,final,,,
electricity.ember.clean-share-by-country,MUS,2010,24.164,,,,final,,,
electricity.ember.clean-share-by-country,MUS,2011,19.78,,,,final,,,
electricity.ember.clean-share-by-country,MUS,2012,20.43,,,,final,,,
electricity.ember.clean-share-by-country,MUS,2013,20.28,,,,final,,,
electricity.ember.clean-share-by-country,MUS,2014,20.408,,,,final,,,
electricity.ember.clean-share-by-country,MUS,2015,22.742,,,,final,,,
electricity.ember.clean-share-by-country,MUS,2016,21.967,,,,final,,,
electricity.ember.clean-share-by-country,MUS,2017,19.936,,,,final,,,
electricity.ember.clean-share-by-country,MUS,2018,20.513,,,,final,,,
electricity.ember.clean-share-by-country,MUS,2019,21.672,,,,final,,,
electricity.ember.clean-share-by-country,MUS,2020,24.138,,,,final,,,
electricity.ember.clean-share-by-country,MUS,2021,21.405,,,,final,,,
electricity.ember.clean-share-by-country,MUS,2022,19.551,,,,final,,,
electricity.ember.clean-share-by-country,MUS,2023,17.431,,,,final,,,
electricity.ember.clean-share-by-country,MUS,2024,17.889,,,,final,,,
electricity.ember.clean-share-by-country,MWI,2000,90.083,,,,final,,,
electricity.ember.clean-share-by-country,MWI,2001,90.984,,,,final,,,
electricity.ember.clean-share-by-country,MWI,2002,90.625,,,,final,,,
electricity.ember.clean-share-by-country,MWI,2003,92.366,,,,final,,,
electricity.ember.clean-share-by-country,MWI,2004,90.476,,,,final,,,
electricity.ember.clean-share-by-country,MWI,2005,89.542,,,,final,,,
electricity.ember.clean-share-by-country,MWI,2006,89.172,,,,final,,,
electricity.ember.clean-share-by-country,MWI,2007,90.506,,,,final,,,
electricity.ember.clean-share-by-country,MWI,2008,92.941,,,,final,,,
electricity.ember.clean-share-by-country,MWI,2009,92.814,,,,final,,,
electricity.ember.clean-share-by-country,MWI,2010,93.75,,,,final,,,
electricity.ember.clean-share-by-country,MWI,2011,93.909,,,,final,,,
electricity.ember.clean-share-by-country,MWI,2012,93.659,,,,final,,,
electricity.ember.clean-share-by-country,MWI,2013,93.659,,,,final,,,
electricity.ember.clean-share-by-country,MWI,2014,94.47,,,,final,,,
electricity.ember.clean-share-by-country,MWI,2015,94.009,,,,final,,,
electricity.ember.clean-share-by-country,MWI,2016,93.953,,,,final,,,
electricity.ember.clean-share-by-country,MWI,2017,100.0,,,,final,,,
electricity.ember.clean-share-by-country,MWI,2018,81.768,,,,final,,,
electricity.ember.clean-share-by-country,MWI,2019,96.111,,,,final,,,
electricity.ember.clean-share-by-country,MWI,2020,99.429,,,,final,,,
electricity.ember.clean-share-by-country,MWI,2021,95.628,,,,final,,,
electricity.ember.clean-share-by-country,MWI,2022,95.628,,,,final,,,
electricity.ember.clean-share-by-country,MWI,2023,95.628,,,,final,,,
electricity.ember.clean-share-by-country,MWI,2024,95.628,,,,final,,,
electricity.ember.clean-share-by-country,MYS,2000,10.822,,,,final,,,
electricity.ember.clean-share-by-country,MYS,2001,8.763,,,,final,,,
electricity.ember.clean-share-by-country,MYS,2002,7.195,,,,final,,,
electricity.ember.clean-share-by-country,MYS,2003,6.61,,,,final,,,
electricity.ember.clean-share-by-country,MYS,2004,6.401,,,,final,,,
electricity.ember.clean-share-by-country,MYS,2005,6.684,,,,final,,,
electricity.ember.clean-share-by-country,MYS,2006,6.68,,,,final,,,
electricity.ember.clean-share-by-country,MYS,2007,6.189,,,,final,,,
electricity.ember.clean-share-by-country,MYS,2008,7.559,,,,final,,,
electricity.ember.clean-share-by-country,MYS,2009,7.134,,,,final,,,
electricity.ember.clean-share-by-country,MYS,2010,6.097,,,,final,,,
electricity.ember.clean-share-by-country,MYS,2011,7.55,,,,final,,,
electricity.ember.clean-share-by-country,MYS,2012,8.025,,,,final,,,
electricity.ember.clean-share-by-country,MYS,2013,9.251,,,,final,,,
electricity.ember.clean-share-by-country,MYS,2014,9.703,,,,final,,,
electricity.ember.clean-share-by-country,MYS,2015,9.957,,,,final,,,
electricity.ember.clean-share-by-country,MYS,2016,13.464,,,,final,,,
electricity.ember.clean-share-by-country,MYS,2017,17.394,,,,final,,,
electricity.ember.clean-share-by-country,MYS,2018,16.595,,,,final,,,
electricity.ember.clean-share-by-country,MYS,2019,16.13,,,,final,,,
electricity.ember.clean-share-by-country,MYS,2020,17.581,,,,final,,,
electricity.ember.clean-share-by-country,MYS,2021,19.293,,,,final,,,
electricity.ember.clean-share-by-country,MYS,2022,19.127,,,,final,,,
electricity.ember.clean-share-by-country,MYS,2023,18.775,,,,final,,,
electricity.ember.clean-share-by-country,MYS,2024,19.781,,,,final,,,
electricity.ember.clean-share-by-country,MYS,2025,20.412,,,,preliminary,"2025 is the latest year in Ember's file, which has no estimate flag; Ember's methodology says that for the most recent years it estimates annual generation from monthly data.",,
electricity.ember.clean-share-by-country,NAM,2000,97.222,,,,final,,,
electricity.ember.clean-share-by-country,NAM,2001,100.0,,,,final,,,
electricity.ember.clean-share-by-country,NAM,2002,99.301,,,,final,,,
electricity.ember.clean-share-by-country,NAM,2003,99.301,,,,final,,,
electricity.ember.clean-share-by-country,NAM,2004,99.275,,,,final,,,
electricity.ember.clean-share-by-country,NAM,2005,98.225,,,,final,,,
electricity.ember.clean-share-by-country,NAM,2006,93.789,,,,final,,,
electricity.ember.clean-share-by-country,NAM,2007,98.089,,,,final,,,
electricity.ember.clean-share-by-country,NAM,2008,88.535,,,,final,,,
electricity.ember.clean-share-by-country,NAM,2009,94.667,,,,final,,,
electricity.ember.clean-share-by-country,NAM,2010,96.183,,,,final,,,
electricity.ember.clean-share-by-country,NAM,2011,97.241,,,,final,,,
electricity.ember.clean-share-by-country,NAM,2012,97.006,,,,final,,,
electricity.ember.clean-share-by-country,NAM,2013,95.556,,,,final,,,
electricity.ember.clean-share-by-country,NAM,2014,99.346,,,,final,,,
electricity.ember.clean-share-by-country,NAM,2015,97.468,,,,final,,,
electricity.ember.clean-share-by-country,NAM,2016,95.946,,,,final,,,
electricity.ember.clean-share-by-country,NAM,2017,96.045,,,,final,,,
electricity.ember.clean-share-by-country,NAM,2018,98.582,,,,final,,,
electricity.ember.clean-share-by-country,NAM,2019,96.377,,,,final,,,
electricity.ember.clean-share-by-country,NAM,2020,96.5,,,,final,,,
electricity.ember.clean-share-by-country,NAM,2021,97.351,,,,final,,,
electricity.ember.clean-share-by-country,NAM,2022,98.485,,,,final,,,
electricity.ember.clean-share-by-country,NAM,2023,97.884,,,,final,,,
electricity.ember.clean-share-by-country,NAM,2024,97.561,,,,final,,,
electricity.ember.clean-share-by-country,NCL,2000,27.439,,,,final,,,
electricity.ember.clean-share-by-country,NCL,2001,21.512,,,,final,,,
electricity.ember.clean-share-by-country,NCL,2002,18.857,,,,final,,,
electricity.ember.clean-share-by-country,NCL,2003,18.286,,,,final,,,
electricity.ember.clean-share-by-country,NCL,2004,19.76,,,,final,,,
electricity.ember.clean-share-by-country,NCL,2005,19.149,,,,final,,,
electricity.ember.clean-share-by-country,NCL,2006,16.578,,,,final,,,
electricity.ember.clean-share-by-country,NCL,2007,22.28,,,,final,,,
electricity.ember.clean-share-by-country,NCL,2008,25.806,,,,final,,,
electricity.ember.clean-share-by-country,NCL,2009,22.165,,,,final,,,
electricity.ember.clean-share-by-country,NCL,2010,14.623,,,,final,,,
electricity.ember.clean-share-by-country,NCL,2011,18.584,,,,final,,,
electricity.ember.clean-share-by-country,NCL,2012,20.087,,,,final,,,
electricity.ember.clean-share-by-country,NCL,2013,20.319,,,,final,,,
electricity.ember.clean-share-by-country,NCL,2014,11.628,,,,final,,,
electricity.ember.clean-share-by-country,NCL,2015,14.138,,,,final,,,
electricity.ember.clean-share-by-country,NCL,2016,9.236,,,,final,,,
electricity.ember.clean-share-by-country,NCL,2017,13.622,,,,final,,,
electricity.ember.clean-share-by-country,NCL,2018,12.0,,,,final,,,
electricity.ember.clean-share-by-country,NCL,2019,13.814,,,,final,,,
electricity.ember.clean-share-by-country,NCL,2020,15.741,,,,final,,,
electricity.ember.clean-share-by-country,NCL,2021,22.337,,,,final,,,
electricity.ember.clean-share-by-country,NCL,2022,26.214,,,,final,,,
electricity.ember.clean-share-by-country,NCL,2023,26.214,,,,final,,,
electricity.ember.clean-share-by-country,NCL,2024,26.923,,,,final,,,
electricity.ember.clean-share-by-country,NER,2000,0.0,,,,final,,,
electricity.ember.clean-share-by-country,NER,2001,0.0,,,,final,,,
electricity.ember.clean-share-by-country,NER,2002,0.0,,,,final,,,
electricity.ember.clean-share-by-country,NER,2003,0.0,,,,final,,,
electricity.ember.clean-share-by-country,NER,2004,0.0,,,,final,,,
electricity.ember.clean-share-by-country,NER,2005,0.0,,,,final,,,
electricity.ember.clean-share-by-country,NER,2006,0.0,,,,final,,,
electricity.ember.clean-share-by-country,NER,2007,0.0,,,,final,,,
electricity.ember.clean-share-by-country,NER,2008,0.0,,,,final,,,
electricity.ember.clean-share-by-country,NER,2009,0.0,,,,final,,,
electricity.ember.clean-share-by-country,NER,2010,0.0,,,,final,,,
electricity.ember.clean-share-by-country,NER,2011,0.0,,,,final,,,
electricity.ember.clean-share-by-country,NER,2012,0.0,,,,final,,,
electricity.ember.clean-share-by-country,NER,2013,0.0,,,,final,,,
electricity.ember.clean-share-by-country,NER,2014,2.222,,,,final,,,
electricity.ember.clean-share-by-country,NER,2015,1.852,,,,final,,,
electricity.ember.clean-share-by-country,NER,2016,1.429,,,,final,,,
electricity.ember.clean-share-by-country,NER,2017,1.786,,,,final,,,
electricity.ember.clean-share-by-country,NER,2018,1.887,,,,final,,,
electricity.ember.clean-share-by-country,NER,2019,2.985,,,,final,,,
electricity.ember.clean-share-by-country,NER,2020,2.985,,,,final,,,
electricity.ember.clean-share-by-country,NER,2021,2.817,,,,final,,,
electricity.ember.clean-share-by-country,NER,2022,2.532,,,,final,,,
electricity.ember.clean-share-by-country,NER,2023,2.062,,,,final,,,
electricity.ember.clean-share-by-country,NER,2024,3.158,,,,final,,,
electricity.ember.clean-share-by-country,NGA,2000,38.263,,,,final,,,
electricity.ember.clean-share-by-country,NGA,2001,38.268,,,,final,,,
electricity.ember.clean-share-by-country,NGA,2002,38.237,,,,final,,,
electricity.ember.clean-share-by-country,NGA,2003,36.931,,,,final,,,
electricity.ember.clean-share-by-country,NGA,2004,33.429,,,,final,,,
electricity.ember.clean-share-by-country,NGA,2005,33.036,,,,final,,,
electricity.ember.clean-share-by-country,NGA,2006,27.119,,,,final,,,
electricity.ember.clean-share-by-country,NGA,2007,27.142,,,,final,,,
electricity.ember.clean-share-by-country,NGA,2008,27.131,,,,final,,,
electricity.ember.clean-share-by-country,NGA,2009,22.941,,,,final,,,
electricity.ember.clean-share-by-country,NGA,2010,24.416,,,,final,,,
electricity.ember.clean-share-by-country,NGA,2011,21.783,,,,final,,,
electricity.ember.clean-share-by-country,NGA,2012,19.798,,,,final,,,
electricity.ember.clean-share-by-country,NGA,2013,18.562,,,,final,,,
electricity.ember.clean-share-by-country,NGA,2014,16.698,,,,final,,,
electricity.ember.clean-share-by-country,NGA,2015,19.506,,,,final,,,
electricity.ember.clean-share-by-country,NGA,2016,22.469,,,,final,,,
electricity.ember.clean-share-by-country,NGA,2017,24.194,,,,final,,,
electricity.ember.clean-share-by-country,NGA,2018,21.166,,,,final,,,
electricity.ember.clean-share-by-country,NGA,2019,23.341,,,,final,,,
electricity.ember.clean-share-by-country,NGA,2020,20.553,,,,final,,,
electricity.ember.clean-share-by-country,NGA,2021,20.663,,,,final,,,
electricity.ember.clean-share-by-country,NGA,2022,24.711,,,,final,,,
electricity.ember.clean-share-by-country,NGA,2023,22.678,,,,final,,,
electricity.ember.clean-share-by-country,NGA,2024,25.0,,,,final,,,
electricity.ember.clean-share-by-country,NGA,2025,31.96,,,,preliminary,"2025 is the latest year in Ember's file, which has no estimate flag; Ember's methodology says that for the most recent years it estimates annual generation from monthly data.",,
electricity.ember.clean-share-by-country,NIC,2000,21.491,,,,final,,,
electricity.ember.clean-share-by-country,NIC,2001,19.838,,,,final,,,
electricity.ember.clean-share-by-country,NIC,2002,25.098,,,,final,,,
electricity.ember.clean-share-by-country,NIC,2003,27.407,,,,final,,,
electricity.ember.clean-share-by-country,NIC,2004,28.114,,,,final,,,
electricity.ember.clean-share-by-country,NIC,2005,35.664,,,,final,,,
electricity.ember.clean-share-by-country,NIC,2006,30.032,,,,final,,,
electricity.ember.clean-share-by-country,NIC,2007,28.75,,,,final,,,
electricity.ember.clean-share-by-country,NIC,2008,35.417,,,,final,,,
electricity.ember.clean-share-by-country,NIC,2009,30.725,,,,final,,,
electricity.ember.clean-share-by-country,NIC,2010,36.712,,,,final,,,
electricity.ember.clean-share-by-country,NIC,2011,33.858,,,,final,,,
electricity.ember.clean-share-by-country,NIC,2012,42.68,,,,final,,,
electricity.ember.clean-share-by-country,NIC,2013,52.278,,,,final,,,
electricity.ember.clean-share-by-country,NIC,2014,53.812,,,,final,,,
electricity.ember.clean-share-by-country,NIC,2015,50.109,,,,final,,,
electricity.ember.clean-share-by-country,NIC,2016,52.288,,,,final,,,
electricity.ember.clean-share-by-country,NIC,2017,55.973,,,,final,,,
electricity.ember.clean-share-by-country,NIC,2018,58.71,,,,final,,,
electricity.ember.clean-share-by-country,NIC,2019,56.987,,,,final,,,
electricity.ember.clean-share-by-country,NIC,2020,69.921,,,,final,,,
electricity.ember.clean-share-by-country,NIC,2021,69.121,,,,final,,,
electricity.ember.clean-share-by-country,NIC,2022,64.12,,,,final,,,
electricity.ember.clean-share-by-country,NIC,2023,62.389,,,,final,,,
electricity.ember.clean-share-by-country,NIC,2024,62.389,,,,final,,,
electricity.ember.clean-share-by-country,NLD,2000,7.836,,,,final,,,
electricity.ember.clean-share-by-country,NLD,2001,7.912,,,,final,,,
electricity.ember.clean-share-by-country,NLD,2002,8.337,,,,final,,,
electricity.ember.clean-share-by-country,NLD,2003,8.359,,,,final,,,
electricity.ember.clean-share-by-country,NLD,2004,9.136,,,,final,,,
electricity.ember.clean-share-by-country,NLD,2005,11.631,,,,final,,,
electricity.ember.clean-share-by-country,NLD,2006,11.823,,,,final,,,
electricity.ember.clean-share-by-country,NLD,2007,11.372,,,,final,,,
electricity.ember.clean-share-by-country,NLD,2008,12.899,,,,final,,,
electricity.ember.clean-share-by-country,NLD,2009,13.422,,,,final,,,
electricity.ember.clean-share-by-country,NLD,2010,12.837,,,,final,,,
electricity.ember.clean-share-by-country,NLD,2011,14.613,,,,final,,,
electricity.ember.clean-share-by-country,NLD,2012,16.016,,,,final,,,
electricity.ember.clean-share-by-country,NLD,2013,14.907,,,,final,,,
electricity.ember.clean-share-by-country,NLD,2014,15.416,,,,final,,,
electricity.ember.clean-share-by-country,NLD,2015,16.304,,,,final,,,
electricity.ember.clean-share-by-country,NLD,2016,16.444,,,,final,,,
electricity.ember.clean-share-by-country,NLD,2017,17.951,,,,final,,,
electricity.ember.clean-share-by-country,NLD,2018,19.797,,,,final,,,
electricity.ember.clean-share-by-country,NLD,2019,22.249,,,,final,,,
electricity.ember.clean-share-by-country,NLD,2020,30.19,,,,final,,,
electricity.ember.clean-share-by-country,NLD,2021,36.62,,,,final,,,
electricity.ember.clean-share-by-country,NLD,2022,43.565,,,,final,,,
electricity.ember.clean-share-by-country,NLD,2023,50.709,,,,final,,,
electricity.ember.clean-share-by-country,NLD,2024,53.663,,,,final,,,
electricity.ember.clean-share-by-country,NLD,2025,,,,,preliminary,"2025 is the latest year in Ember's file, which has no estimate flag; Ember's methodology says that for the most recent years it estimates annual generation from monthly data.","Not published: Ember's file gives negative generation for Netherlands in 2025 (Other renewables -0.005 TWh), so its Clean share does not describe a generation mix.",
electricity.ember.clean-share-by-country,NOR,2000,99.712,,,,final,,,
electricity.ember.clean-share-by-country,NOR,2001,99.522,,,,final,,,
electricity.ember.clean-share-by-country,NOR,2002,99.585,,,,final,,,
electricity.ember.clean-share-by-country,NOR,2003,99.4,,,,final,,,
electricity.ember.clean-share-by-country,NOR,2004,99.355,,,,final,,,
electricity.ember.clean-share-by-country,NOR,2005,99.468,,,,final,,,
electricity.ember.clean-share-by-country,NOR,2006,99.324,,,,final,,,
electricity.ember.clean-share-by-country,NOR,2007,99.14,,,,final,,,
electricity.ember.clean-share-by-country,NOR,2008,99.405,,,,final,,,
electricity.ember.clean-share-by-country,NOR,2009,96.572,,,,final,,,
electricity.ember.clean-share-by-country,NOR,2010,95.793,,,,final,,,
electricity.ember.clean-share-by-country,NOR,2011,96.808,,,,final,,,
electricity.ember.clean-share-by-country,NOR,2012,98.228,,,,final,,,
electricity.ember.clean-share-by-country,NOR,2013,97.957,,,,final,,,
electricity.ember.clean-share-by-country,NOR,2014,97.913,,,,final,,,
electricity.ember.clean-share-by-country,NOR,2015,97.951,,,,final,,,
electricity.ember.clean-share-by-country,NOR,2016,98.054,,,,final,,,
electricity.ember.clean-share-by-country,NOR,2017,98.118,,,,final,,,
electricity.ember.clean-share-by-country,NOR,2018,98.02,,,,final,,,
electricity.ember.clean-share-by-country,NOR,2019,97.938,,,,final,,,
electricity.ember.clean-share-by-country,NOR,2020,98.516,,,,final,,,
electricity.ember.clean-share-by-country,NOR,2021,99.319,,,,final,,,
electricity.ember.clean-share-by-country,NOR,2022,98.645,,,,final,,,
electricity.ember.clean-share-by-country,NOR,2023,98.47,,,,final,,,
electricity.ember.clean-share-by-country,NOR,2024,98.606,,,,final,,,
electricity.ember.clean-share-by-country,NOR,2025,98.996,,,,preliminary,"2025 is the latest year in Ember's file, which has no estimate flag; Ember's methodology says that for the most recent years it estimates annual generation from monthly data.",,
electricity.ember.clean-share-by-country,NPL,2000,98.182,,,,final,,,
electricity.ember.clean-share-by-country,NPL,2001,98.919,,,,final,,,
electricity.ember.clean-share-by-country,NPL,2002,100.0,,,,final,,,
electricity.ember.clean-share-by-country,NPL,2003,100.0,,,,final,,,
electricity.ember.clean-share-by-country,NPL,2004,99.582,,,,final,,,
electricity.ember.clean-share-by-country,NPL,2005,99.203,,,,final,,,
electricity.ember.clean-share-by-country,NPL,2006,99.632,,,,final,,,
electricity.ember.clean-share-by-country,NPL,2007,99.639,,,,final,,,
electricity.ember.clean-share-by-country,NPL,2008,99.642,,,,final,,,
electricity.ember.clean-share-by-country,NPL,2009,99.675,,,,final,,,
electricity.ember.clean-share-by-country,NPL,2010,100.0,,,,final,,,
electricity.ember.clean-share-by-country,NPL,2011,100.0,,,,final,,,
electricity.ember.clean-share-by-country,NPL,2012,99.433,,,,final,,,
electricity.ember.clean-share-by-country,NPL,2013,99.714,,,,final,,,
electricity.ember.clean-share-by-country,NPL,2014,100.0,,,,final,,,
electricity.ember.clean-share-by-country,NPL,2015,100.0,,,,final,,,
electricity.ember.clean-share-by-country,NPL,2016,100.0,,,,final,,,
electricity.ember.clean-share-by-country,NPL,2017,100.0,,,,final,,,
electricity.ember.clean-share-by-country,NPL,2018,100.0,,,,final,,,
electricity.ember.clean-share-by-country,NPL,2019,100.0,,,,final,,,
electricity.ember.clean-share-by-country,NPL,2020,100.0,,,,final,,,
electricity.ember.clean-share-by-country,NPL,2021,100.0,,,,final,,,
electricity.ember.clean-share-by-country,NPL,2022,100.0,,,,final,,,
electricity.ember.clean-share-by-country,NPL,2023,100.0,,,,final,,,
electricity.ember.clean-share-by-country,NPL,2024,100.0,,,,final,,,
electricity.ember.clean-share-by-country,NRU,2000,0.0,,,,final,,,
electricity.ember.clean-share-by-country,NRU,2001,0.0,,,,final,,,
electricity.ember.clean-share-by-country,NRU,2002,0.0,,,,final,,,
electricity.ember.clean-share-by-country,NRU,2003,0.0,,,,final,,,
electricity.ember.clean-share-by-country,NRU,2004,0.0,,,,final,,,
electricity.ember.clean-share-by-country,NRU,2005,0.0,,,,final,,,
electricity.ember.clean-share-by-country,NRU,2006,0.0,,,,final,,,
electricity.ember.clean-share-by-country,NRU,2007,0.0,,,,final,,,
electricity.ember.clean-share-by-country,NRU,2008,0.0,,,,final,,,
electricity.ember.clean-share-by-country,NRU,2009,0.0,,,,final,,,
electricity.ember.clean-share-by-country,NRU,2010,0.0,,,,final,,,
electricity.ember.clean-share-by-country,NRU,2011,0.0,,,,final,,,
electricity.ember.clean-share-by-country,NRU,2012,0.0,,,,final,,,
electricity.ember.clean-share-by-country,NRU,2013,0.0,,,,final,,,
electricity.ember.clean-share-by-country,NRU,2014,0.0,,,,final,,,
electricity.ember.clean-share-by-country,NRU,2015,0.0,,,,final,,,
electricity.ember.clean-share-by-country,NRU,2016,0.0,,,,final,,,
electricity.ember.clean-share-by-country,NRU,2017,0.0,,,,final,,,
electricity.ember.clean-share-by-country,NRU,2018,0.0,,,,final,,,
electricity.ember.clean-share-by-country,NRU,2019,0.0,,,,final,,,
electricity.ember.clean-share-by-country,NRU,2020,0.0,,,,final,,,
electricity.ember.clean-share-by-country,NRU,2021,0.0,,,,final,,,
electricity.ember.clean-share-by-country,NRU,2022,0.0,,,,final,,,
electricity.ember.clean-share-by-country,NRU,2023,0.0,,,,final,,,
electricity.ember.clean-share-by-country,NRU,2024,20.0,,,,final,,,
electricity.ember.clean-share-by-country,NZL,2000,71.755,,,,final,,,
electricity.ember.clean-share-by-country,NZL,2001,63.646,,,,final,,,
electricity.ember.clean-share-by-country,NZL,2002,69.634,,,,final,,,
electricity.ember.clean-share-by-country,NZL,2003,66.089,,,,final,,,
electricity.ember.clean-share-by-country,NZL,2004,72.392,,,,final,,,
electricity.ember.clean-share-by-country,NZL,2005,64.407,,,,final,,,
electricity.ember.clean-share-by-country,NZL,2006,64.777,,,,final,,,
electricity.ember.clean-share-by-country,NZL,2007,65.491,,,,final,,,
electricity.ember.clean-share-by-country,NZL,2008,64.231,,,,final,,,
electricity.ember.clean-share-by-country,NZL,2009,71.688,,,,final,,,
electricity.ember.clean-share-by-country,NZL,2010,73.121,,,,final,,,
electricity.ember.clean-share-by-country,NZL,2011,75.992,,,,final,,,
electricity.ember.clean-share-by-country,NZL,2012,71.726,,,,final,,,
electricity.ember.clean-share-by-country,NZL,2013,74.192,,,,final,,,
electricity.ember.clean-share-by-country,NZL,2014,79.101,,,,final,,,
electricity.ember.clean-share-by-country,NZL,2015,80.078,,,,final,,,
electricity.ember.clean-share-by-country,NZL,2016,84.334,,,,final,,,
electricity.ember.clean-share-by-country,NZL,2017,81.219,,,,final,,,
electricity.ember.clean-share-by-country,NZL,2018,83.398,,,,final,,,
electricity.ember.clean-share-by-country,NZL,2019,82.423,,,,final,,,
electricity.ember.clean-share-by-country,NZL,2020,80.923,,,,final,,,
electricity.ember.clean-share-by-country,NZL,2021,81.722,,,,final,,,
electricity.ember.clean-share-by-country,NZL,2022,86.936,,,,final,,,
electricity.ember.clean-share-by-country,NZL,2023,89.625,,,,final,,,
electricity.ember.clean-share-by-country,NZL,2024,85.98,,,,final,,,
electricity.ember.clean-share-by-country,NZL,2025,88.533,,,,preliminary,"2025 is the latest year in Ember's file, which has no estimate flag; Ember's methodology says that for the most recent years it estimates annual generation from monthly data.",,
electricity.ember.clean-share-by-country,OMN,2000,0.0,,,,final,,,
electricity.ember.clean-share-by-country,OMN,2001,0.0,,,,final,,,
electricity.ember.clean-share-by-country,OMN,2002,0.0,,,,final,,,
electricity.ember.clean-share-by-country,OMN,2003,0.0,,,,final,,,
electricity.ember.clean-share-by-country,OMN,2004,0.0,,,,final,,,
electricity.ember.clean-share-by-country,OMN,2005,0.0,,,,final,,,
electricity.ember.clean-share-by-country,OMN,2006,0.0,,,,final,,,
electricity.ember.clean-share-by-country,OMN,2007,0.0,,,,final,,,
electricity.ember.clean-share-by-country,OMN,2008,0.0,,,,final,,,
electricity.ember.clean-share-by-country,OMN,2009,0.0,,,,final,,,
electricity.ember.clean-share-by-country,OMN,2010,0.0,,,,final,,,
electricity.ember.clean-share-by-country,OMN,2011,0.0,,,,final,,,
electricity.ember.clean-share-by-country,OMN,2012,0.0,,,,final,,,
electricity.ember.clean-share-by-country,OMN,2013,0.0,,,,final,,,
electricity.ember.clean-share-by-country,OMN,2014,0.0,,,,final,,,
electricity.ember.clean-share-by-country,OMN,2015,0.0,,,,final,,,
electricity.ember.clean-share-by-country,OMN,2016,0.0,,,,final,,,
electricity.ember.clean-share-by-country,OMN,2017,0.055,,,,final,,,
electricity.ember.clean-share-by-country,OMN,2018,0.132,,,,final,,,
electricity.ember.clean-share-by-country,OMN,2019,0.154,,,,final,,,
electricity.ember.clean-share-by-country,OMN,2020,0.262,,,,final,,,
electricity.ember.clean-share-by-country,OMN,2021,1.707,,,,final,,,
electricity.ember.clean-share-by-country,OMN,2022,4.481,,,,final,,,
electricity.ember.clean-share-by-country,OMN,2023,4.889,,,,final,,,
electricity.ember.clean-share-by-country,OMN,2024,4.888,,,,final,,,
electricity.ember.clean-share-by-country,OMN,2025,4.542,,,,preliminary,"2025 is the latest year in Ember's file, which has no estimate flag; Ember's methodology says that for the most recent years it estimates annual generation from monthly data.",,
electricity.ember.clean-share-by-country,PAK,2000,26.425,,,,final,,,
electricity.ember.clean-share-by-country,PAK,2001,29.011,,,,final,,,
electricity.ember.clean-share-by-country,PAK,2002,31.873,,,,final,,,
electricity.ember.clean-share-by-country,PAK,2003,36.489,,,,final,,,
electricity.ember.clean-share-by-country,PAK,2004,33.504,,,,final,,,
electricity.ember.clean-share-by-country,PAK,2005,36.242,,,,final,,,
electricity.ember.clean-share-by-country,PAK,2006,35.728,,,,final,,,
electricity.ember.clean-share-by-country,PAK,2007,33.562,,,,final,,,
electricity.ember.clean-share-by-country,PAK,2008,33.115,,,,final,,,
electricity.ember.clean-share-by-country,PAK,2009,33.025,,,,final,,,
electricity.ember.clean-share-by-country,PAK,2010,37.423,,,,final,,,
electricity.ember.clean-share-by-country,PAK,2011,35.347,,,,final,,,
electricity.ember.clean-share-by-country,PAK,2012,37.085,,,,final,,,
electricity.ember.clean-share-by-country,PAK,2013,36.384,,,,final,,,
electricity.ember.clean-share-by-country,PAK,2014,37.077,,,,final,,,
electricity.ember.clean-share-by-country,PAK,2015,37.486,,,,final,,,
electricity.ember.clean-share-by-country,PAK,2016,33.596,,,,final,,,
electricity.ember.clean-share-by-country,PAK,2017,31.26,,,,final,,,
electricity.ember.clean-share-by-country,PAK,2018,32.879,,,,final,,,
electricity.ember.clean-share-by-country,PAK,2019,36.934,,,,final,,,
electricity.ember.clean-share-by-country,PAK,2020,37.825,,,,final,,,
electricity.ember.clean-share-by-country,PAK,2021,38.896,,,,final,,,
electricity.ember.clean-share-by-country,PAK,2022,46.142,,,,final,,,
electricity.ember.clean-share-by-country,PAK,2023,51.902,,,,final,,,
electricity.ember.clean-share-by-country,PAK,2024,56.473,,,,final,,,
electricity.ember.clean-share-by-country,PAK,2025,61.02,,,,preliminary,"2025 is the latest year in Ember's file, which has no estimate flag; Ember's methodology says that for the most recent years it estimates annual generation from monthly data.",,
electricity.ember.clean-share-by-country,PAN,2000,70.348,,,,final,,,
electricity.ember.clean-share-by-country,PAN,2001,49.219,,,,final,,,
electricity.ember.clean-share-by-country,PAN,2002,64.65,,,,final,,,
electricity.ember.clean-share-by-country,PAN,2003,50.987,,,,final,,,
electricity.ember.clean-share-by-country,PAN,2004,65.972,,,,final,,,
electricity.ember.clean-share-by-country,PAN,2005,64.261,,,,final,,,
electricity.ember.clean-share-by-country,PAN,2006,60.201,,,,final,,,
electricity.ember.clean-share-by-country,PAN,2007,57.74,,,,final,,,
electricity.ember.clean-share-by-country,PAN,2008,62.053,,,,final,,,
electricity.ember.clean-share-by-country,PAN,2009,56.729,,,,final,,,
electricity.ember.clean-share-by-country,PAN,2010,57.046,,,,final,,,
electricity.ember.clean-share-by-country,PAN,2011,52.685,,,,final,,,
electricity.ember.clean-share-by-country,PAN,2012,62.95,,,,final,,,
electricity.ember.clean-share-by-country,PAN,2013,57.877,,,,final,,,
electricity.ember.clean-share-by-country,PAN,2014,55.806,,,,final,,,
electricity.ember.clean-share-by-country,PAN,2015,65.34,,,,final,,,
electricity.ember.clean-share-by-country,PAN,2016,66.636,,,,final,,,
electricity.ember.clean-share-by-country,PAN,2017,71.83,,,,final,,,
electricity.ember.clean-share-by-country,PAN,2018,77.768,,,,final,,,
electricity.ember.clean-share-by-country,PAN,2019,52.749,,,,final,,,
electricity.ember.clean-share-by-country,PAN,2020,75.686,,,,final,,,
electricity.ember.clean-share-by-country,PAN,2021,78.365,,,,final,,,
electricity.ember.clean-share-by-country,PAN,2022,77.224,,,,final,,,
electricity.ember.clean-share-by-country,PAN,2023,60.641,,,,final,,,
electricity.ember.clean-share-by-country,PAN,2024,67.982,,,,final,,,
electricity.ember.clean-share-by-country,PER,2000,81.978,,,,final,,,
electricity.ember.clean-share-by-country,PER,2001,85.556,,,,final,,,
electricity.ember.clean-share-by-country,PER,2002,82.901,,,,final,,,
electricity.ember.clean-share-by-country,PER,2003,81.683,,,,final,,,
electricity.ember.clean-share-by-country,PER,2004,72.866,,,,final,,,
electricity.ember.clean-share-by-country,PER,2005,72.275,,,,final,,,
electricity.ember.clean-share-by-country,PER,2006,73.282,,,,final,,,
electricity.ember.clean-share-by-country,PER,2007,66.722,,,,final,,,
electricity.ember.clean-share-by-country,PER,2008,60.13,,,,final,,,
electricity.ember.clean-share-by-country,PER,2009,60.601,,,,final,,,
electricity.ember.clean-share-by-country,PER,2010,57.704,,,,final,,,
electricity.ember.clean-share-by-country,PER,2011,56.768,,,,final,,,
electricity.ember.clean-share-by-country,PER,2012,55.255,,,,final,,,
electricity.ember.clean-share-by-country,PER,2013,53.942,,,,final,,,
electricity.ember.clean-share-by-country,PER,2014,52.373,,,,final,,,
electricity.ember.clean-share-by-country,PER,2015,52.724,,,,final,,,
electricity.ember.clean-share-by-country,PER,2016,50.397,,,,final,,,
electricity.ember.clean-share-by-country,PER,2017,58.604,,,,final,,,
electricity.ember.clean-share-by-country,PER,2018,61.131,,,,final,,,
electricity.ember.clean-share-by-country,PER,2019,60.542,,,,final,,,
electricity.ember.clean-share-by-country,PER,2020,63.484,,,,final,,,
electricity.ember.clean-share-by-country,PER,2021,61.572,,,,final,,,
electricity.ember.clean-share-by-country,PER,2022,55.242,,,,final,,,
electricity.ember.clean-share-by-country,PER,2023,54.378,,,,final,,,
electricity.ember.clean-share-by-country,PER,2024,60.111,,,,final,,,
electricity.ember.clean-share-by-country,PER,2025,63.647,,,,preliminary,"2025 is the latest year in Ember's file, which has no estimate flag; Ember's methodology says that for the most recent years it estimates annual generation from monthly data.",,
electricity.ember.clean-share-by-country,PHL,2000,42.892,,,,final,,,
electricity.ember.clean-share-by-country,PHL,2001,37.279,,,,final,,,
electricity.ember.clean-share-by-country,PHL,2002,35.638,,,,final,,,
electricity.ember.clean-share-by-country,PHL,2003,33.415,,,,final,,,
electricity.ember.clean-share-by-country,PHL,2004,33.733,,,,final,,,
electricity.ember.clean-share-by-country,PHL,2005,32.367,,,,final,,,
electricity.ember.clean-share-by-country,PHL,2006,36.034,,,,final,,,
electricity.ember.clean-share-by-country,PHL,2007,31.6,,,,final,,,
electricity.ember.clean-share-by-country,PHL,2008,33.903,,,,final,,,
electricity.ember.clean-share-by-country,PHL,2009,32.574,,,,final,,,
electricity.ember.clean-share-by-country,PHL,2010,26.296,,,,final,,,
electricity.ember.clean-share-by-country,PHL,2011,28.662,,,,final,,,
electricity.ember.clean-share-by-country,PHL,2012,28.454,,,,final,,,
electricity.ember.clean-share-by-country,PHL,2013,26.412,,,,final,,,
electricity.ember.clean-share-by-country,PHL,2014,25.612,,,,final,,,
electricity.ember.clean-share-by-country,PHL,2015,25.413,,,,final,,,
electricity.ember.clean-share-by-country,PHL,2016,24.21,,,,final,,,
electricity.ember.clean-share-by-country,PHL,2017,24.555,,,,final,,,
electricity.ember.clean-share-by-country,PHL,2018,23.371,,,,final,,,
electricity.ember.clean-share-by-country,PHL,2019,20.787,,,,final,,,
electricity.ember.clean-share-by-country,PHL,2020,21.229,,,,final,,,
electricity.ember.clean-share-by-country,PHL,2021,22.135,,,,final,,,
electricity.ember.clean-share-by-country,PHL,2022,22.16,,,,final,,,
electricity.ember.clean-share-by-country,PHL,2023,21.426,,,,final,,,
electricity.ember.clean-share-by-country,PHL,2024,20.472,,,,final,,,
electricity.ember.clean-share-by-country,PHL,2025,23.317,,,,preliminary,"2025 is the latest year in Ember's file, which has no estimate flag; Ember's methodology says that for the most recent years it estimates annual generation from monthly data.",,
electricity.ember.clean-share-by-country,PNG,2000,42.396,,,,final,,,
electricity.ember.clean-share-by-country,PNG,2001,34.328,,,,final,,,
electricity.ember.clean-share-by-country,PNG,2002,32.056,,,,final,,,
electricity.ember.clean-share-by-country,PNG,2003,30.124,,,,final,,,
electricity.ember.clean-share-by-country,PNG,2004,26.781,,,,final,,,
electricity.ember.clean-share-by-country,PNG,2005,32.597,,,,final,,,
electricity.ember.clean-share-by-country,PNG,2006,33.824,,,,final,,,
electricity.ember.clean-share-by-country,PNG,2007,37.313,,,,final,,,
electricity.ember.clean-share-by-country,PNG,2008,36.657,,,,final,,,
electricity.ember.clean-share-by-country,PNG,2009,37.092,,,,final,,,
electricity.ember.clean-share-by-country,PNG,2010,35.613,,,,final,,,
electricity.ember.clean-share-by-country,PNG,2011,37.466,,,,final,,,
electricity.ember.clean-share-by-country,PNG,2012,36.729,,,,final,,,
electricity.ember.clean-share-by-country,PNG,2013,35.162,,,,final,,,
electricity.ember.clean-share-by-country,PNG,2014,33.411,,,,final,,,
electricity.ember.clean-share-by-country,PNG,2015,31.347,,,,final,,,
electricity.ember.clean-share-by-country,PNG,2016,29.769,,,,final,,,
electricity.ember.clean-share-by-country,PNG,2017,27.816,,,,final,,,
electricity.ember.clean-share-by-country,PNG,2018,22.936,,,,final,,,
electricity.ember.clean-share-by-country,PNG,2019,26.402,,,,final,,,
electricity.ember.clean-share-by-country,PNG,2020,27.317,,,,final,,,
electricity.ember.clean-share-by-country,PNG,2021,24.724,,,,final,,,
electricity.ember.clean-share-by-country,PNG,2022,21.133,,,,final,,,
electricity.ember.clean-share-by-country,PNG,2023,23.679,,,,final,,,
electricity.ember.clean-share-by-country,PNG,2024,23.679,,,,final,,,
electricity.ember.clean-share-by-country,POL,2000,1.627,,,,final,,,
electricity.ember.clean-share-by-country,POL,2001,1.934,,,,final,,,
electricity.ember.clean-share-by-country,POL,2002,1.944,,,,final,,,
electricity.ember.clean-share-by-country,POL,2003,1.5,,,,final,,,
electricity.ember.clean-share-by-country,POL,2004,2.098,,,,final,,,
electricity.ember.clean-share-by-country,POL,2005,2.479,,,,final,,,
electricity.ember.clean-share-by-country,POL,2006,2.67,,,,final,,,
electricity.ember.clean-share-by-country,POL,2007,3.425,,,,final,,,
electricity.ember.clean-share-by-country,POL,2008,4.278,,,,final,,,
electricity.ember.clean-share-by-country,POL,2009,5.76,,,,final,,,
electricity.ember.clean-share-by-country,POL,2010,6.94,,,,final,,,
electricity.ember.clean-share-by-country,POL,2011,8.062,,,,final,,,
electricity.ember.clean-share-by-country,POL,2012,10.453,,,,final,,,
electricity.ember.clean-share-by-country,POL,2013,10.416,,,,final,,,
electricity.ember.clean-share-by-country,POL,2014,12.536,,,,final,,,
electricity.ember.clean-share-by-country,POL,2015,13.81,,,,final,,,
electricity.ember.clean-share-by-country,POL,2016,13.741,,,,final,,,
electricity.ember.clean-share-by-country,POL,2017,14.202,,,,final,,,
electricity.ember.clean-share-by-country,POL,2018,12.76,,,,final,,,
electricity.ember.clean-share-by-country,POL,2019,15.599,,,,final,,,
electricity.ember.clean-share-by-country,POL,2020,17.964,,,,final,,,
electricity.ember.clean-share-by-country,POL,2021,17.093,,,,final,,,
electricity.ember.clean-share-by-country,POL,2022,21.103,,,,final,,,
electricity.ember.clean-share-by-country,POL,2023,27.707,,,,final,,,
electricity.ember.clean-share-by-country,POL,2024,31.136,,,,final,,,
electricity.ember.clean-share-by-country,POL,2025,31.246,,,,preliminary,"2025 is the latest year in Ember's file, which has no estimate flag; Ember's methodology says that for the most recent years it estimates annual generation from monthly data.",,
electricity.ember.clean-share-by-country,PRI,2000,0.686,,,,final,,,
electricity.ember.clean-share-by-country,PRI,2001,0.583,,,,final,,,
electricity.ember.clean-share-by-country,PRI,2002,0.475,,,,final,,,
electricity.ember.clean-share-by-country,PRI,2003,0.418,,,,final,,,
electricity.ember.clean-share-by-country,PRI,2004,0.58,,,,final,,,
electricity.ember.clean-share-by-country,PRI,2005,0.561,,,,final,,,
electricity.ember.clean-share-by-country,PRI,2006,0.561,,,,final,,,
electricity.ember.clean-share-by-country,PRI,2007,0.648,,,,final,,,
electricity.ember.clean-share-by-country,PRI,2008,0.688,,,,final,,,
electricity.ember.clean-share-by-country,PRI,2009,0.738,,,,final,,,
electricity.ember.clean-share-by-country,PRI,2010,0.688,,,,final,,,
electricity.ember.clean-share-by-country,PRI,2011,0.674,,,,final,,,
electricity.ember.clean-share-by-country,PRI,2012,0.538,,,,final,,,
electricity.ember.clean-share-by-country,PRI,2013,1.35,,,,final,,,
electricity.ember.clean-share-by-country,PRI,2014,1.662,,,,final,,,
electricity.ember.clean-share-by-country,PRI,2015,1.818,,,,final,,,
electricity.ember.clean-share-by-country,PRI,2016,1.89,,,,final,,,
electricity.ember.clean-share-by-country,PRI,2017,2.259,,,,final,,,
electricity.ember.clean-share-by-country,PRI,2018,2.657,,,,final,,,
electricity.ember.clean-share-by-country,PRI,2019,3.812,,,,final,,,
electricity.ember.clean-share-by-country,PRI,2020,3.985,,,,final,,,
electricity.ember.clean-share-by-country,PRI,2021,4.649,,,,final,,,
electricity.ember.clean-share-by-country,PRI,2022,5.377,,,,final,,,
electricity.ember.clean-share-by-country,PRI,2023,5.377,,,,final,,,
electricity.ember.clean-share-by-country,PRI,2024,6.0,,,,final,,,
electricity.ember.clean-share-by-country,PRI,2025,5.859,,,,preliminary,"2025 is the latest year in Ember's file, which has no estimate flag; Ember's methodology says that for the most recent years it estimates annual generation from monthly data.",,
electricity.ember.clean-share-by-country,PRK,2000,52.332,,,,final,,,
electricity.ember.clean-share-by-country,PRK,2001,52.215,,,,final,,,
electricity.ember.clean-share-by-country,PRK,2002,53.459,,,,final,,,
electricity.ember.clean-share-by-country,PRK,2003,55.556,,,,final,,,
electricity.ember.clean-share-by-country,PRK,2004,56.633,,,,final,,,
electricity.ember.clean-share-by-country,PRK,2005,57.093,,,,final,,,
electricity.ember.clean-share-by-country,PRK,2006,55.984,,,,final,,,
electricity.ember.clean-share-by-country,PRK,2007,61.477,,,,final,,,
electricity.ember.clean-share-by-country,PRK,2008,60.408,,,,final,,,
electricity.ember.clean-share-by-country,PRK,2009,52.951,,,,final,,,
electricity.ember.clean-share-by-country,PRK,2010,56.3,,,,final,,,
electricity.ember.clean-share-by-country,PRK,2011,62.626,,,,final,,,
electricity.ember.clean-share-by-country,PRK,2012,62.547,,,,final,,,
electricity.ember.clean-share-by-country,PRK,2013,62.676,,,,final,,,
electricity.ember.clean-share-by-country,PRK,2014,59.963,,,,final,,,
electricity.ember.clean-share-by-country,PRK,2015,52.456,,,,final,,,
electricity.ember.clean-share-by-country,PRK,2016,53.381,,,,final,,,
electricity.ember.clean-share-by-country,PRK,2017,50.491,,,,final,,,
electricity.ember.clean-share-by-country,PRK,2018,51.269,,,,final,,,
electricity.ember.clean-share-by-country,PRK,2019,46.399,,,,final,,,
electricity.ember.clean-share-by-country,PRK,2020,53.527,,,,final,,,
electricity.ember.clean-share-by-country,PRK,2021,63.324,,,,final,,,
electricity.ember.clean-share-by-country,PRK,2022,63.089,,,,final,,,
electricity.ember.clean-share-by-country,PRK,2023,62.687,,,,final,,,
electricity.ember.clean-share-by-country,PRK,2024,63.358,,,,final,,,
electricity.ember.clean-share-by-country,PRT,2000,29.785,,,,final,,,
electricity.ember.clean-share-by-country,PRT,2001,34.173,,,,final,,,
electricity.ember.clean-share-by-country,PRT,2002,21.361,,,,final,,,
electricity.ember.clean-share-by-country,PRT,2003,38.155,,,,final,,,
electricity.ember.clean-share-by-country,PRT,2004,27.551,,,,final,,,
electricity.ember.clean-share-by-country,PRT,2005,17.931,,,,final,,,
electricity.ember.clean-share-by-country,PRT,2006,32.479,,,,final,,,
electricity.ember.clean-share-by-country,PRT,2007,34.703,,,,final,,,
electricity.ember.clean-share-by-country,PRT,2008,32.289,,,,final,,,
electricity.ember.clean-share-by-country,PRT,2009,37.039,,,,final,,,
electricity.ember.clean-share-by-country,PRT,2010,53.01,,,,final,,,
electricity.ember.clean-share-by-country,PRT,2011,46.562,,,,final,,,
electricity.ember.clean-share-by-country,PRT,2012,42.628,,,,final,,,
electricity.ember.clean-share-by-country,PRT,2013,58.53,,,,final,,,
electricity.ember.clean-share-by-country,PRT,2014,60.946,,,,final,,,
electricity.ember.clean-share-by-country,PRT,2015,47.634,,,,final,,,
electricity.ember.clean-share-by-country,PRT,2016,54.699,,,,final,,,
electricity.ember.clean-share-by-country,PRT,2017,39.208,,,,final,,,
electricity.ember.clean-share-by-country,PRT,2018,50.403,,,,final,,,
electricity.ember.clean-share-by-country,PRT,2019,53.12,,,,final,,,
electricity.ember.clean-share-by-country,PRT,2020,58.591,,,,final,,,
electricity.ember.clean-share-by-country,PRT,2021,64.08,,,,final,,,
electricity.ember.clean-share-by-country,PRT,2022,59.594,,,,final,,,
electricity.ember.clean-share-by-country,PRT,2023,74.469,,,,final,,,
electricity.ember.clean-share-by-country,PRT,2024,85.197,,,,final,,,
electricity.ember.clean-share-by-country,PRT,2025,80.883,,,,preliminary,"2025 is the latest year in Ember's file, which has no estimate flag; Ember's methodology says that for the most recent years it estimates annual generation from monthly data.",,
electricity.ember.clean-share-by-country,PRY,2000,100.0,,,,final,,,
electricity.ember.clean-share-by-country,PRY,2001,100.0,,,,final,,,
electricity.ember.clean-share-by-country,PRY,2002,100.0,,,,final,,,
electricity.ember.clean-share-by-country,PRY,2003,100.0,,,,final,,,
electricity.ember.clean-share-by-country,PRY,2004,100.0,,,,final,,,
electricity.ember.clean-share-by-country,PRY,2005,100.0,,,,final,,,
electricity.ember.clean-share-by-country,PRY,2006,100.0,,,,final,,,
electricity.ember.clean-share-by-country,PRY,2007,100.0,,,,final,,,
electricity.ember.clean-share-by-country,PRY,2008,100.0,,,,final,,,
electricity.ember.clean-share-by-country,PRY,2009,100.0,,,,final,,,
electricity.ember.clean-share-by-country,PRY,2010,100.0,,,,final,,,
electricity.ember.clean-share-by-country,PRY,2011,100.0,,,,final,,,
electricity.ember.clean-share-by-country,PRY,2012,100.0,,,,final,,,
electricity.ember.clean-share-by-country,PRY,2013,100.0,,,,final,,,
electricity.ember.clean-share-by-country,PRY,2014,99.982,,,,final,,,
electricity.ember.clean-share-by-country,PRY,2015,100.0,,,,final,,,
electricity.ember.clean-share-by-country,PRY,2016,100.0,,,,final,,,
electricity.ember.clean-share-by-country,PRY,2017,100.0,,,,final,,,
electricity.ember.clean-share-by-country,PRY,2018,100.0,,,,final,,,
electricity.ember.clean-share-by-country,PRY,2019,100.0,,,,final,,,
electricity.ember.clean-share-by-country,PRY,2020,100.0,,,,final,,,
electricity.ember.clean-share-by-country,PRY,2021,100.0,,,,final,,,
electricity.ember.clean-share-by-country,PRY,2022,100.0,,,,final,,,
electricity.ember.clean-share-by-country,PRY,2023,100.0,,,,final,,,
electricity.ember.clean-share-by-country,PRY,2024,100.0,,,,final,,,
electricity.ember.clean-share-by-country,PRY,2025,100.0,,,,preliminary,"2025 is the latest year in Ember's file, which has no estimate flag; Ember's methodology says that for the most recent years it estimates annual generation from monthly data.",,
electricity.ember.clean-share-by-country,PSE,2000,0.0,,,,final,,,
electricity.ember.clean-share-by-country,PSE,2001,0.0,,,,final,,,
electricity.ember.clean-share-by-country,PSE,2002,0.0,,,,final,,,
electricity.ember.clean-share-by-country,PSE,2003,0.0,,,,final,,,
electricity.ember.clean-share-by-country,PSE,2004,0.0,,,,final,,,
electricity.ember.clean-share-by-country,PSE,2005,0.0,,,,final,,,
electricity.ember.clean-share-by-country,PSE,2006,0.0,,,,final,,,
electricity.ember.clean-share-by-country,PSE,2007,0.0,,,,final,,,
electricity.ember.clean-share-by-country,PSE,2008,0.0,,,,final,,,
electricity.ember.clean-share-by-country,PSE,2009,0.0,,,,final,,,
electricity.ember.clean-share-by-country,PSE,2010,0.0,,,,final,,,
electricity.ember.clean-share-by-country,PSE,2011,0.0,,,,final,,,
electricity.ember.clean-share-by-country,PSE,2012,0.0,,,,final,,,
electricity.ember.clean-share-by-country,PSE,2013,0.0,,,,final,,,
electricity.ember.clean-share-by-country,PSE,2014,0.0,,,,final,,,
electricity.ember.clean-share-by-country,PSE,2015,1.923,,,,final,,,
electricity.ember.clean-share-by-country,PSE,2016,7.547,,,,final,,,
electricity.ember.clean-share-by-country,PSE,2017,9.091,,,,final,,,
electricity.ember.clean-share-by-country,PSE,2018,14.286,,,,final,,,
electricity.ember.clean-share-by-country,PSE,2019,14.815,,,,final,,,
electricity.ember.clean-share-by-country,PSE,2020,21.429,,,,final,,,
electricity.ember.clean-share-by-country,PSE,2021,24.176,,,,final,,,
electricity.ember.clean-share-by-country,PSE,2022,33.333,,,,final,,,
electricity.ember.clean-share-by-country,PSE,2023,40.0,,,,final,,,
electricity.ember.clean-share-by-country,PSE,2024,39.394,,,,final,,,
electricity.ember.clean-share-by-country,PYF,2000,29.268,,,,final,,,
electricity.ember.clean-share-by-country,PYF,2001,23.81,,,,final,,,
electricity.ember.clean-share-by-country,PYF,2002,28.261,,,,final,,,
electricity.ember.clean-share-by-country,PYF,2003,31.915,,,,final,,,
electricity.ember.clean-share-by-country,PYF,2004,33.333,,,,final,,,
electricity.ember.clean-share-by-country,PYF,2005,35.294,,,,final,,,
electricity.ember.clean-share-by-country,PYF,2006,37.736,,,,final,,,
electricity.ember.clean-share-by-country,PYF,2007,40.0,,,,final,,,
electricity.ember.clean-share-by-country,PYF,2008,36.842,,,,final,,,
electricity.ember.clean-share-by-country,PYF,2009,36.207,,,,final,,,
electricity.ember.clean-share-by-country,PYF,2010,34.177,,,,final,,,
electricity.ember.clean-share-by-country,PYF,2011,31.081,,,,final,,,
electricity.ember.clean-share-by-country,PYF,2012,29.167,,,,final,,,
electricity.ember.clean-share-by-country,PYF,2013,25.0,,,,final,,,
electricity.ember.clean-share-by-country,PYF,2014,29.412,,,,final,,,
electricity.ember.clean-share-by-country,PYF,2015,29.412,,,,final,,,
electricity.ember.clean-share-by-country,PYF,2016,30.882,,,,final,,,
electricity.ember.clean-share-by-country,PYF,2017,31.884,,,,final,,,
electricity.ember.clean-share-by-country,PYF,2018,29.412,,,,final,,,
electricity.ember.clean-share-by-country,PYF,2019,28.986,,,,final,,,
electricity.ember.clean-share-by-country,PYF,2020,30.303,,,,final,,,
electricity.ember.clean-share-by-country,PYF,2021,28.788,,,,final,,,
electricity.ember.clean-share-by-country,PYF,2022,33.803,,,,final,,,
electricity.ember.clean-share-by-country,PYF,2023,33.803,,,,final,,,
electricity.ember.clean-share-by-country,PYF,2024,34.722,,,,final,,,
electricity.ember.clean-share-by-country,QAT,2000,0.0,,,,final,,,
electricity.ember.clean-share-by-country,QAT,2001,0.0,,,,final,,,
electricity.ember.clean-share-by-country,QAT,2002,0.0,,,,final,,,
electricity.ember.clean-share-by-country,QAT,2003,0.0,,,,final,,,
electricity.ember.clean-share-by-country,QAT,2004,0.0,,,,final,,,
electricity.ember.clean-share-by-country,QAT,2005,0.0,,,,final,,,
electricity.ember.clean-share-by-country,QAT,2006,0.0,,,,final,,,
electricity.ember.clean-share-by-country,QAT,2007,0.0,,,,final,,,
electricity.ember.clean-share-by-country,QAT,2008,0.0,,,,final,,,
electricity.ember.clean-share-by-country,QAT,2009,0.0,,,,final,,,
electricity.ember.clean-share-by-country,QAT,2010,0.0,,,,final,,,
electricity.ember.clean-share-by-country,QAT,2011,0.0,,,,final,,,
electricity.ember.clean-share-by-country,QAT,2012,0.029,,,,final,,,
electricity.ember.clean-share-by-country,QAT,2013,0.23,,,,final,,,
electricity.ember.clean-share-by-country,QAT,2014,0.284,,,,final,,,
electricity.ember.clean-share-by-country,QAT,2015,0.312,,,,final,,,
electricity.ember.clean-share-by-country,QAT,2016,0.306,,,,final,,,
electricity.ember.clean-share-by-country,QAT,2017,0.306,,,,final,,,
electricity.ember.clean-share-by-country,QAT,2018,0.312,,,,final,,,
electricity.ember.clean-share-by-country,QAT,2019,0.26,,,,final,,,
electricity.ember.clean-share-by-country,QAT,2020,0.283,,,,final,,,
electricity.ember.clean-share-by-country,QAT,2021,0.29,,,,final,,,
electricity.ember.clean-share-by-country,QAT,2022,1.315,,,,final,,,
electricity.ember.clean-share-by-country,QAT,2023,3.565,,,,final,,,
electricity.ember.clean-share-by-country,QAT,2024,4.023,,,,final,,,
electricity.ember.clean-share-by-country,QAT,2025,3.988,,,,preliminary,"2025 is the latest year in Ember's file, which has no estimate flag; Ember's methodology says that for the most recent years it estimates annual generation from monthly data.",,
electricity.ember.clean-share-by-country,REU,2000,46.591,,,,final,,,
electricity.ember.clean-share-by-country,REU,2001,40.541,,,,final,,,
electricity.ember.clean-share-by-country,REU,2002,43.005,,,,final,,,
electricity.ember.clean-share-by-country,REU,2003,41.346,,,,final,,,
electricity.ember.clean-share-by-country,REU,2004,39.726,,,,final,,,
electricity.ember.clean-share-by-country,REU,2005,33.921,,,,final,,,
electricity.ember.clean-share-by-country,REU,2006,36.017,,,,final,,,
electricity.ember.clean-share-by-country,REU,2007,36.992,,,,final,,,
electricity.ember.clean-share-by-country,REU,2008,35.827,,,,final,,,
electricity.ember.clean-share-by-country,REU,2009,32.443,,,,final,,,
electricity.ember.clean-share-by-country,REU,2010,34.074,,,,final,,,
electricity.ember.clean-share-by-country,REU,2011,30.182,,,,final,,,
electricity.ember.clean-share-by-country,REU,2012,34.752,,,,final,,,
electricity.ember.clean-share-by-country,REU,2013,37.943,,,,final,,,
electricity.ember.clean-share-by-country,REU,2014,33.217,,,,final,,,
electricity.ember.clean-share-by-country,REU,2015,36.207,,,,final,,,
electricity.ember.clean-share-by-country,REU,2016,34.014,,,,final,,,
electricity.ember.clean-share-by-country,REU,2017,32.215,,,,final,,,
electricity.ember.clean-share-by-country,REU,2018,36.271,,,,final,,,
electricity.ember.clean-share-by-country,REU,2019,31.148,,,,final,,,
electricity.ember.clean-share-by-country,REU,2020,24.538,,,,final,,,
electricity.ember.clean-share-by-country,REU,2021,28.155,,,,final,,,
electricity.ember.clean-share-by-country,REU,2022,37.582,,,,final,,,
electricity.ember.clean-share-by-country,REU,2023,56.678,,,,final,,,
electricity.ember.clean-share-by-country,ROU,2000,39.255,,,,final,,,
electricity.ember.clean-share-by-country,ROU,2001,38.039,,,,final,,,
electricity.ember.clean-share-by-country,ROU,2002,39.618,,,,final,,,
electricity.ember.clean-share-by-country,ROU,2003,33.133,,,,final,,,
electricity.ember.clean-share-by-country,ROU,2004,39.065,,,,final,,,
electricity.ember.clean-share-by-country,ROU,2005,43.435,,,,final,,,
electricity.ember.clean-share-by-country,ROU,2006,38.347,,,,final,,,
electricity.ember.clean-share-by-country,ROU,2007,38.532,,,,final,,,
electricity.ember.clean-share-by-country,ROU,2008,43.864,,,,final,,,
electricity.ember.clean-share-by-country,ROU,2009,47.404,,,,final,,,
electricity.ember.clean-share-by-country,ROU,2010,52.83,,,,final,,,
electricity.ember.clean-share-by-country,ROU,2011,45.421,,,,final,,,
electricity.ember.clean-share-by-country,ROU,2012,45.097,,,,final,,,
electricity.ember.clean-share-by-country,ROU,2013,54.597,,,,final,,,
electricity.ember.clean-share-by-country,ROU,2014,59.766,,,,final,,,
electricity.ember.clean-share-by-country,ROU,2015,57.615,,,,final,,,
electricity.ember.clean-share-by-country,ROU,2016,59.576,,,,final,,,
electricity.ember.clean-share-by-country,ROU,2017,56.342,,,,final,,,
electricity.ember.clean-share-by-country,ROU,2018,58.639,,,,final,,,
electricity.ember.clean-share-by-country,ROU,2019,61.113,,,,final,,,
electricity.ember.clean-share-by-country,ROU,2020,65.35,,,,final,,,
electricity.ember.clean-share-by-country,ROU,2021,64.242,,,,final,,,
electricity.ember.clean-share-by-country,ROU,2022,63.409,,,,final,,,
electricity.ember.clean-share-by-country,ROU,2023,69.447,,,,final,,,
electricity.ember.clean-share-by-country,ROU,2024,67.205,,,,final,,,
electricity.ember.clean-share-by-country,ROU,2025,67.562,,,,preliminary,"2025 is the latest year in Ember's file, which has no estimate flag; Ember's methodology says that for the most recent years it estimates annual generation from monthly data.",,
electricity.ember.clean-share-by-country,RUS,2000,33.593,,,,final,,,
electricity.ember.clean-share-by-country,RUS,2001,34.887,,,,final,,,
electricity.ember.clean-share-by-country,RUS,2002,34.106,,,,final,,,
electricity.ember.clean-share-by-country,RUS,2003,33.438,,,,final,,,
electricity.ember.clean-share-by-country,RUS,2004,34.429,,,,final,,,
electricity.ember.clean-share-by-country,RUS,2005,33.803,,,,final,,,
electricity.ember.clean-share-by-country,RUS,2006,33.287,,,,final,,,
electricity.ember.clean-share-by-country,RUS,2007,33.139,,,,final,,,
electricity.ember.clean-share-by-country,RUS,2008,31.573,,,,final,,,
electricity.ember.clean-share-by-country,RUS,2009,34.063,,,,final,,,
electricity.ember.clean-share-by-country,RUS,2010,32.507,,,,final,,,
electricity.ember.clean-share-by-country,RUS,2011,31.906,,,,final,,,
electricity.ember.clean-share-by-country,RUS,2012,31.937,,,,final,,,
electricity.ember.clean-share-by-country,RUS,2013,33.439,,,,final,,,
electricity.ember.clean-share-by-country,RUS,2014,33.356,,,,final,,,
electricity.ember.clean-share-by-country,RUS,2015,34.137,,,,final,,,
electricity.ember.clean-share-by-country,RUS,2016,35.041,,,,final,,,
electricity.ember.clean-share-by-country,RUS,2017,35.696,,,,final,,,
electricity.ember.clean-share-by-country,RUS,2018,35.754,,,,final,,,
electricity.ember.clean-share-by-country,RUS,2019,36.239,,,,final,,,
electricity.ember.clean-share-by-country,RUS,2020,39.815,,,,final,,,
electricity.ember.clean-share-by-country,RUS,2021,38.254,,,,final,,,
electricity.ember.clean-share-by-country,RUS,2022,36.747,,,,final,,,
electricity.ember.clean-share-by-country,RUS,2023,36.196,,,,final,,,
electricity.ember.clean-share-by-country,RUS,2024,35.935,,,,final,,,
electricity.ember.clean-share-by-country,RUS,2025,35.673,,,,preliminary,"2025 is the latest year in Ember's file, which has no estimate flag; Ember's methodology says that for the most recent years it estimates annual generation from monthly data.",,
electricity.ember.clean-share-by-country,RWA,2000,62.5,,,,final,,,
electricity.ember.clean-share-by-country,RWA,2001,60.0,,,,final,,,
electricity.ember.clean-share-by-country,RWA,2002,58.824,,,,final,,,
electricity.ember.clean-share-by-country,RWA,2003,66.667,,,,final,,,
electricity.ember.clean-share-by-country,RWA,2004,57.143,,,,final,,,
electricity.ember.clean-share-by-country,RWA,2005,52.632,,,,final,,,
electricity.ember.clean-share-by-country,RWA,2006,48.148,,,,final,,,
electricity.ember.clean-share-by-country,RWA,2007,48.0,,,,final,,,
electricity.ember.clean-share-by-country,RWA,2008,55.172,,,,final,,,
electricity.ember.clean-share-by-country,RWA,2009,51.613,,,,final,,,
electricity.ember.clean-share-by-country,RWA,2010,39.286,,,,final,,,
electricity.ember.clean-share-by-country,RWA,2011,42.857,,,,final,,,
electricity.ember.clean-share-by-country,RWA,2012,46.154,,,,final,,,
electricity.ember.clean-share-by-country,RWA,2013,40.541,,,,final,,,
electricity.ember.clean-share-by-country,RWA,2014,48.78,,,,final,,,
electricity.ember.clean-share-by-country,RWA,2015,56.863,,,,final,,,
electricity.ember.clean-share-by-country,RWA,2016,50.0,,,,final,,,
electricity.ember.clean-share-by-country,RWA,2017,46.154,,,,final,,,
electricity.ember.clean-share-by-country,RWA,2018,41.463,,,,final,,,
electricity.ember.clean-share-by-country,RWA,2019,50.588,,,,final,,,
electricity.ember.clean-share-by-country,RWA,2020,62.921,,,,final,,,
electricity.ember.clean-share-by-country,RWA,2021,59.0,,,,final,,,
electricity.ember.clean-share-by-country,RWA,2022,57.692,,,,final,,,
electricity.ember.clean-share-by-country,RWA,2023,49.091,,,,final,,,
electricity.ember.clean-share-by-country,RWA,2024,49.558,,,,final,,,
electricity.ember.clean-share-by-country,SAU,2000,0.0,,,,final,,,
electricity.ember.clean-share-by-country,SAU,2001,0.0,,,,final,,,
electricity.ember.clean-share-by-country,SAU,2002,0.0,,,,final,,,
electricity.ember.clean-share-by-country,SAU,2003,0.0,,,,final,,,
electricity.ember.clean-share-by-country,SAU,2004,0.0,,,,final,,,
electricity.ember.clean-share-by-country,SAU,2005,0.0,,,,final,,,
electricity.ember.clean-share-by-country,SAU,2006,0.0,,,,final,,,
electricity.ember.clean-share-by-country,SAU,2007,0.0,,,,final,,,
electricity.ember.clean-share-by-country,SAU,2008,0.0,,,,final,,,
electricity.ember.clean-share-by-country,SAU,2009,0.0,,,,final,,,
electricity.ember.clean-share-by-country,SAU,2010,0.0,,,,final,,,
electricity.ember.clean-share-by-country,SAU,2011,0.004,,,,final,,,
electricity.ember.clean-share-by-country,SAU,2012,0.011,,,,final,,,
electricity.ember.clean-share-by-country,SAU,2013,0.014,,,,final,,,
electricity.ember.clean-share-by-country,SAU,2014,0.015,,,,final,,,
electricity.ember.clean-share-by-country,SAU,2015,0.014,,,,final,,,
electricity.ember.clean-share-by-country,SAU,2016,0.014,,,,final,,,
electricity.ember.clean-share-by-country,SAU,2017,0.018,,,,final,,,
electricity.ember.clean-share-by-country,SAU,2018,0.043,,,,final,,,
electricity.ember.clean-share-by-country,SAU,2019,0.058,,,,final,,,
electricity.ember.clean-share-by-country,SAU,2020,0.242,,,,final,,,
electricity.ember.clean-share-by-country,SAU,2021,0.254,,,,final,,,
electricity.ember.clean-share-by-country,SAU,2022,0.49,,,,final,,,
electricity.ember.clean-share-by-country,SAU,2023,1.1,,,,final,,,
electricity.ember.clean-share-by-country,SAU,2024,2.16,,,,final,,,
electricity.ember.clean-share-by-country,SDN,2000,50.0,,,,final,,,
electricity.ember.clean-share-by-country,SDN,2001,50.746,,,,final,,,
electricity.ember.clean-share-by-country,SDN,2002,46.333,,,,final,,,
electricity.ember.clean-share-by-country,SDN,2003,36.888,,,,final,,,
electricity.ember.clean-share-by-country,SDN,2004,34.444,,,,final,,,
electricity.ember.clean-share-by-country,SDN,2005,35.101,,,,final,,,
electricity.ember.clean-share-by-country,SDN,2006,32.258,,,,final,,,
electricity.ember.clean-share-by-country,SDN,2007,30.814,,,,final,,,
electricity.ember.clean-share-by-country,SDN,2008,28.369,,,,final,,,
electricity.ember.clean-share-by-country,SDN,2009,50.681,,,,final,,,
electricity.ember.clean-share-by-country,SDN,2010,82.85,,,,final,,,
electricity.ember.clean-share-by-country,SDN,2011,76.616,,,,final,,,
electricity.ember.clean-share-by-country,SDN,2012,70.316,,,,final,,,
electricity.ember.clean-share-by-country,SDN,2013,80.966,,,,final,,,
electricity.ember.clean-share-by-country,SDN,2014,78.44,,,,final,,,
electricity.ember.clean-share-by-country,SDN,2015,64.629,,,,final,,,
electricity.ember.clean-share-by-country,SDN,2016,56.211,,,,final,,,
electricity.ember.clean-share-by-country,SDN,2017,60.51,,,,final,,,
electricity.ember.clean-share-by-country,SDN,2018,59.756,,,,final,,,
electricity.ember.clean-share-by-country,SDN,2019,63.748,,,,final,,,
electricity.ember.clean-share-by-country,SDN,2020,64.826,,,,final,,,
electricity.ember.clean-share-by-country,SDN,2021,62.655,,,,final,,,
electricity.ember.clean-share-by-country,SDN,2022,71.752,,,,final,,,
electricity.ember.clean-share-by-country,SDN,2023,80.979,,,,final,,,
electricity.ember.clean-share-by-country,SDN,2024,79.689,,,,final,,,
electricity.ember.clean-share-by-country,SEN,2000,3.356,,,,final,,,
electricity.ember.clean-share-by-country,SEN,2001,3.352,,,,final,,,
electricity.ember.clean-share-by-country,SEN,2002,12.5,,,,final,,,
electricity.ember.clean-share-by-country,SEN,2003,16.309,,,,final,,,
electricity.ember.clean-share-by-country,SEN,2004,13.808,,,,final,,,
electricity.ember.clean-share-by-country,SEN,2005,11.698,,,,final,,,
electricity.ember.clean-share-by-country,SEN,2006,10.606,,,,final,,,
electricity.ember.clean-share-by-country,SEN,2007,7.857,,,,final,,,
electricity.ember.clean-share-by-country,SEN,2008,9.122,,,,final,,,
electricity.ember.clean-share-by-country,SEN,2009,9.508,,,,final,,,
electricity.ember.clean-share-by-country,SEN,2010,9.907,,,,final,,,
electricity.ember.clean-share-by-country,SEN,2011,10.03,,,,final,,,
electricity.ember.clean-share-by-country,SEN,2012,9.392,,,,final,,,
electricity.ember.clean-share-by-country,SEN,2013,9.711,,,,final,,,
electricity.ember.clean-share-by-country,SEN,2014,9.091,,,,final,,,
electricity.ember.clean-share-by-country,SEN,2015,9.009,,,,final,,,
electricity.ember.clean-share-by-country,SEN,2016,8.996,,,,final,,,
electricity.ember.clean-share-by-country,SEN,2017,11.229,,,,final,,,
electricity.ember.clean-share-by-country,SEN,2018,14.17,,,,final,,,
electricity.ember.clean-share-by-country,SEN,2019,13.402,,,,final,,,
electricity.ember.clean-share-by-country,SEN,2020,16.832,,,,final,,,
electricity.ember.clean-share-by-country,SEN,2021,20.27,,,,final,,,
electricity.ember.clean-share-by-country,SEN,2022,19.693,,,,final,,,
electricity.ember.clean-share-by-country,SEN,2023,16.951,,,,final,,,
electricity.ember.clean-share-by-country,SEN,2024,19.79,,,,final,,,
electricity.ember.clean-share-by-country,SGP,2000,1.547,,,,final,,,
electricity.ember.clean-share-by-country,SGP,2001,2.087,,,,final,,,
electricity.ember.clean-share-by-country,SGP,2002,2.222,,,,final,,,
electricity.ember.clean-share-by-country,SGP,2003,2.803,,,,final,,,
electricity.ember.clean-share-by-country,SGP,2004,2.607,,,,final,,,
electricity.ember.clean-share-by-country,SGP,2005,2.512,,,,final,,,
electricity.ember.clean-share-by-country,SGP,2006,2.406,,,,final,,,
electricity.ember.clean-share-by-country,SGP,2007,2.407,,,,final,,,
electricity.ember.clean-share-by-country,SGP,2008,2.496,,,,final,,,
electricity.ember.clean-share-by-country,SGP,2009,2.512,,,,final,,,
electricity.ember.clean-share-by-country,SGP,2010,2.601,,,,final,,,
electricity.ember.clean-share-by-country,SGP,2011,2.609,,,,final,,,
electricity.ember.clean-share-by-country,SGP,2012,2.706,,,,final,,,
electricity.ember.clean-share-by-country,SGP,2013,3.523,,,,final,,,
electricity.ember.clean-share-by-country,SGP,2014,2.799,,,,final,,,
electricity.ember.clean-share-by-country,SGP,2015,2.904,,,,final,,,
electricity.ember.clean-share-by-country,SGP,2016,2.908,,,,final,,,
electricity.ember.clean-share-by-country,SGP,2017,2.888,,,,final,,,
electricity.ember.clean-share-by-country,SGP,2018,2.813,,,,final,,,
electricity.ember.clean-share-by-country,SGP,2019,2.789,,,,final,,,
electricity.ember.clean-share-by-country,SGP,2020,2.808,,,,final,,,
electricity.ember.clean-share-by-country,SGP,2021,2.904,,,,final,,,
electricity.ember.clean-share-by-country,SGP,2022,4.093,,,,final,,,
electricity.ember.clean-share-by-country,SGP,2023,4.529,,,,final,,,
electricity.ember.clean-share-by-country,SGP,2024,4.931,,,,final,,,
electricity.ember.clean-share-by-country,SGP,2025,5.485,,,,preliminary,"2025 is the latest year in Ember's file, which has no estimate flag; Ember's methodology says that for the most recent years it estimates annual generation from monthly data.",,
electricity.ember.clean-share-by-country,SLB,2000,0.0,,,,final,,,
electricity.ember.clean-share-by-country,SLB,2001,0.0,,,,final,,,
electricity.ember.clean-share-by-country,SLB,2002,0.0,,,,final,,,
electricity.ember.clean-share-by-country,SLB,2003,0.0,,,,final,,,
electricity.ember.clean-share-by-country,SLB,2004,0.0,,,,final,,,
electricity.ember.clean-share-by-country,SLB,2005,0.0,,,,final,,,
electricity.ember.clean-share-by-country,SLB,2006,0.0,,,,final,,,
electricity.ember.clean-share-by-country,SLB,2007,0.0,,,,final,,,
electricity.ember.clean-share-by-country,SLB,2008,0.0,,,,final,,,
electricity.ember.clean-share-by-country,SLB,2009,0.0,,,,final,,,
electricity.ember.clean-share-by-country,SLB,2010,0.0,,,,final,,,
electricity.ember.clean-share-by-country,SLB,2011,0.0,,,,final,,,
electricity.ember.clean-share-by-country,SLB,2012,0.0,,,,final,,,
electricity.ember.clean-share-by-country,SLB,2013,0.0,,,,final,,,
electricity.ember.clean-share-by-country,SLB,2014,0.0,,,,final,,,
electricity.ember.clean-share-by-country,SLB,2015,0.0,,,,final,,,
electricity.ember.clean-share-by-country,SLB,2016,0.0,,,,final,,,
electricity.ember.clean-share-by-country,SLB,2017,0.0,,,,final,,,
electricity.ember.clean-share-by-country,SLB,2018,0.0,,,,final,,,
electricity.ember.clean-share-by-country,SLB,2019,0.0,,,,final,,,
electricity.ember.clean-share-by-country,SLB,2020,0.0,,,,final,,,
electricity.ember.clean-share-by-country,SLB,2021,0.0,,,,final,,,
electricity.ember.clean-share-by-country,SLB,2022,9.091,,,,final,,,
electricity.ember.clean-share-by-country,SLB,2023,9.091,,,,final,,,
electricity.ember.clean-share-by-country,SLB,2024,9.091,,,,final,,,
electricity.ember.clean-share-by-country,SLE,2000,11.111,,,,final,,,
electricity.ember.clean-share-by-country,SLE,2001,7.692,,,,final,,,
electricity.ember.clean-share-by-country,SLE,2002,12.5,,,,final,,,
electricity.ember.clean-share-by-country,SLE,2003,13.333,,,,final,,,
electricity.ember.clean-share-by-country,SLE,2004,16.667,,,,final,,,
electricity.ember.clean-share-by-country,SLE,2005,25.0,,,,final,,,
electricity.ember.clean-share-by-country,SLE,2006,0.0,,,,final,,,
electricity.ember.clean-share-by-country,SLE,2007,33.333,,,,final,,,
electricity.ember.clean-share-by-country,SLE,2008,33.333,,,,final,,,
electricity.ember.clean-share-by-country,SLE,2009,33.333,,,,final,,,
electricity.ember.clean-share-by-country,SLE,2010,85.714,,,,final,,,
electricity.ember.clean-share-by-country,SLE,2011,88.235,,,,final,,,
electricity.ember.clean-share-by-country,SLE,2012,66.667,,,,final,,,
electricity.ember.clean-share-by-country,SLE,2013,62.5,,,,final,,,
electricity.ember.clean-share-by-country,SLE,2014,80.0,,,,final,,,
electricity.ember.clean-share-by-country,SLE,2015,75.0,,,,final,,,
electricity.ember.clean-share-by-country,SLE,2016,61.905,,,,final,,,
electricity.ember.clean-share-by-country,SLE,2017,60.87,,,,final,,,
electricity.ember.clean-share-by-country,SLE,2018,66.667,,,,final,,,
electricity.ember.clean-share-by-country,SLE,2019,95.0,,,,final,,,
electricity.ember.clean-share-by-country,SLE,2020,95.0,,,,final,,,
electricity.ember.clean-share-by-country,SLE,2021,95.0,,,,final,,,
electricity.ember.clean-share-by-country,SLE,2022,95.0,,,,final,,,
electricity.ember.clean-share-by-country,SLE,2023,95.238,,,,final,,,
electricity.ember.clean-share-by-country,SLE,2024,95.238,,,,final,,,
electricity.ember.clean-share-by-country,SLV,2000,55.89,,,,final,,,
electricity.ember.clean-share-by-country,SLV,2001,53.902,,,,final,,,
electricity.ember.clean-share-by-country,SLV,2002,50.682,,,,final,,,
electricity.ember.clean-share-by-country,SLV,2003,56.317,,,,final,,,
electricity.ember.clean-share-by-country,SLV,2004,52.795,,,,final,,,
electricity.ember.clean-share-by-country,SLV,2005,56.863,,,,final,,,
electricity.ember.clean-share-by-country,SLV,2006,58.596,,,,final,,,
electricity.ember.clean-share-by-country,SLV,2007,57.167,,,,final,,,
electricity.ember.clean-share-by-country,SLV,2008,63.279,,,,final,,,
electricity.ember.clean-share-by-country,SLV,2009,56.752,,,,final,,,
electricity.ember.clean-share-by-country,SLV,2010,65.455,,,,final,,,
electricity.ember.clean-share-by-country,SLV,2011,63.533,,,,final,,,
electricity.ember.clean-share-by-country,SLV,2012,60.635,,,,final,,,
electricity.ember.clean-share-by-country,SLV,2013,60.759,,,,final,,,
electricity.ember.clean-share-by-country,SLV,2014,60.159,,,,final,,,
electricity.ember.clean-share-by-country,SLV,2015,58.32,,,,final,,,
electricity.ember.clean-share-by-country,SLV,2016,59.416,,,,final,,,
electricity.ember.clean-share-by-country,SLV,2017,74.775,,,,final,,,
electricity.ember.clean-share-by-country,SLV,2018,77.941,,,,final,,,
electricity.ember.clean-share-by-country,SLV,2019,71.475,,,,final,,,
electricity.ember.clean-share-by-country,SLV,2020,84.759,,,,final,,,
electricity.ember.clean-share-by-country,SLV,2021,86.037,,,,final,,,
electricity.ember.clean-share-by-country,SLV,2022,90.799,,,,final,,,
electricity.ember.clean-share-by-country,SLV,2023,87.793,,,,final,,,
electricity.ember.clean-share-by-country,SLV,2024,90.835,,,,final,,,
electricity.ember.clean-share-by-country,SLV,2025,91.034,,,,preliminary,"2025 is the latest year in Ember's file, which has no estimate flag; Ember's methodology says that for the most recent years it estimates annual generation from monthly data.",,
electricity.ember.clean-share-by-country,SOM,2000,0.0,,,,final,,,
electricity.ember.clean-share-by-country,SOM,2001,0.0,,,,final,,,
electricity.ember.clean-share-by-country,SOM,2002,0.0,,,,final,,,
electricity.ember.clean-share-by-country,SOM,2003,0.0,,,,final,,,
electricity.ember.clean-share-by-country,SOM,2004,0.0,,,,final,,,
electricity.ember.clean-share-by-country,SOM,2005,0.0,,,,final,,,
electricity.ember.clean-share-by-country,SOM,2006,0.0,,,,final,,,
electricity.ember.clean-share-by-country,SOM,2007,0.0,,,,final,,,
electricity.ember.clean-share-by-country,SOM,2008,0.0,,,,final,,,
electricity.ember.clean-share-by-country,SOM,2009,0.0,,,,final,,,
electricity.ember.clean-share-by-country,SOM,2010,0.0,,,,final,,,
electricity.ember.clean-share-by-country,SOM,2011,0.0,,,,final,,,
electricity.ember.clean-share-by-country,SOM,2012,0.0,,,,final,,,
electricity.ember.clean-share-by-country,SOM,2013,0.0,,,,final,,,
electricity.ember.clean-share-by-country,SOM,2014,0.0,,,,final,,,
electricity.ember.clean-share-by-country,SOM,2015,0.0,,,,final,,,
electricity.ember.clean-share-by-country,SOM,2016,2.778,,,,final,,,
electricity.ember.clean-share-by-country,SOM,2017,5.405,,,,final,,,
electricity.ember.clean-share-by-country,SOM,2018,5.405,,,,final,,,
electricity.ember.clean-share-by-country,SOM,2019,5.405,,,,final,,,
electricity.ember.clean-share-by-country,SOM,2020,8.108,,,,final,,,
electricity.ember.clean-share-by-country,SOM,2021,10.526,,,,final,,,
electricity.ember.clean-share-by-country,SOM,2022,19.048,,,,final,,,
electricity.ember.clean-share-by-country,SOM,2023,19.048,,,,final,,,
electricity.ember.clean-share-by-country,SOM,2024,20.93,,,,final,,,
electricity.ember.clean-share-by-country,SPM,2000,0.0,,,,final,,,
electricity.ember.clean-share-by-country,SPM,2001,0.0,,,,final,,,
electricity.ember.clean-share-by-country,SPM,2002,0.0,,,,final,,,
electricity.ember.clean-share-by-country,SPM,2003,0.0,,,,final,,,
electricity.ember.clean-share-by-country,SPM,2004,0.0,,,,final,,,
electricity.ember.clean-share-by-country,SPM,2005,0.0,,,,final,,,
electricity.ember.clean-share-by-country,SPM,2006,0.0,,,,final,,,
electricity.ember.clean-share-by-country,SPM,2007,0.0,,,,final,,,
electricity.ember.clean-share-by-country,SPM,2008,0.0,,,,final,,,
electricity.ember.clean-share-by-country,SPM,2009,0.0,,,,final,,,
electricity.ember.clean-share-by-country,SPM,2010,0.0,,,,final,,,
electricity.ember.clean-share-by-country,SPM,2011,0.0,,,,final,,,
electricity.ember.clean-share-by-country,SPM,2012,0.0,,,,final,,,
electricity.ember.clean-share-by-country,SPM,2013,0.0,,,,final,,,
electricity.ember.clean-share-by-country,SPM,2014,0.0,,,,final,,,
electricity.ember.clean-share-by-country,SPM,2015,0.0,,,,final,,,
electricity.ember.clean-share-by-country,SPM,2016,0.0,,,,final,,,
electricity.ember.clean-share-by-country,SPM,2017,0.0,,,,final,,,
electricity.ember.clean-share-by-country,SPM,2018,0.0,,,,final,,,
electricity.ember.clean-share-by-country,SPM,2019,0.0,,,,final,,,
electricity.ember.clean-share-by-country,SPM,2020,0.0,,,,final,,,
electricity.ember.clean-share-by-country,SPM,2021,0.0,,,,final,,,
electricity.ember.clean-share-by-country,SPM,2022,0.0,,,,final,,,
electricity.ember.clean-share-by-country,SPM,2023,0.0,,,,final,,,
electricity.ember.clean-share-by-country,SRB,2000,30.736,,,,final,,,
electricity.ember.clean-share-by-country,SRB,2001,30.365,,,,final,,,
electricity.ember.clean-share-by-country,SRB,2002,29.874,,,,final,,,
electricity.ember.clean-share-by-country,SRB,2003,25.511,,,,final,,,
electricity.ember.clean-share-by-country,SRB,2004,28.556,,,,final,,,
electricity.ember.clean-share-by-country,SRB,2005,31.818,,,,final,,,
electricity.ember.clean-share-by-country,SRB,2006,28.854,,,,final,,,
electricity.ember.clean-share-by-country,SRB,2007,26.3,,,,final,,,
electricity.ember.clean-share-by-country,SRB,2008,25.964,,,,final,,,
electricity.ember.clean-share-by-country,SRB,2009,27.95,,,,final,,,
electricity.ember.clean-share-by-country,SRB,2010,31.774,,,,final,,,
electricity.ember.clean-share-by-country,SRB,2011,22.804,,,,final,,,
electricity.ember.clean-share-by-country,SRB,2012,25.698,,,,final,,,
electricity.ember.clean-share-by-country,SRB,2013,26.051,,,,final,,,
electricity.ember.clean-share-by-country,SRB,2014,32.984,,,,final,,,
electricity.ember.clean-share-by-country,SRB,2015,26.895,,,,final,,,
electricity.ember.clean-share-by-country,SRB,2016,28.127,,,,final,,,
electricity.ember.clean-share-by-country,SRB,2017,25.494,,,,final,,,
electricity.ember.clean-share-by-country,SRB,2018,29.725,,,,final,,,
electricity.ember.clean-share-by-country,SRB,2019,28.513,,,,final,,,
electricity.ember.clean-share-by-country,SRB,2020,27.327,,,,final,,,
electricity.ember.clean-share-by-country,SRB,2021,33.502,,,,final,,,
electricity.ember.clean-share-by-country,SRB,2022,28.186,,,,final,,,
electricity.ember.clean-share-by-country,SRB,2023,34.961,,,,final,,,
electricity.ember.clean-share-by-country,SRB,2024,32.062,,,,final,,,
electricity.ember.clean-share-by-country,SRB,2025,27.816,,,,preliminary,"2025 is the latest year in Ember's file, which has no estimate flag; Ember's methodology says that for the most recent years it estimates annual generation from monthly data.",,
electricity.ember.clean-share-by-country,SSD,2012,0.0,,,,final,,,
electricity.ember.clean-share-by-country,SSD,2013,0.0,,,,final,,,
electricity.ember.clean-share-by-country,SSD,2014,0.0,,,,final,,,
electricity.ember.clean-share-by-country,SSD,2015,0.0,,,,final,,,
electricity.ember.clean-share-by-country,SSD,2016,0.0,,,,final,,,
electricity.ember.clean-share-by-country,SSD,2017,0.0,,,,final,,,
electricity.ember.clean-share-by-country,SSD,2018,0.0,,,,final,,,
electricity.ember.clean-share-by-country,SSD,2019,0.0,,,,final,,,
electricity.ember.clean-share-by-country,SSD,2020,1.786,,,,final,,,
electricity.ember.clean-share-by-country,SSD,2021,1.754,,,,final,,,
electricity.ember.clean-share-by-country,SSD,2022,1.961,,,,final,,,
electricity.ember.clean-share-by-country,SSD,2023,1.786,,,,final,,,
electricity.ember.clean-share-by-country,SSD,2024,1.786,,,,final,,,
electricity.ember.clean-share-by-country,STP,2000,33.333,,,,final,,,
electricity.ember.clean-share-by-country,STP,2001,0.0,,,,final,,,
electricity.ember.clean-share-by-country,STP,2002,25.0,,,,final,,,
electricity.ember.clean-share-by-country,STP,2003,25.0,,,,final,,,
electricity.ember.clean-share-by-country,STP,2004,25.0,,,,final,,,
electricity.ember.clean-share-by-country,STP,2005,0.0,,,,final,,,
electricity.ember.clean-share-by-country,STP,2006,20.0,,,,final,,,
electricity.ember.clean-share-by-country,STP,2007,20.0,,,,final,,,
electricity.ember.clean-share-by-country,STP,2008,20.0,,,,final,,,
electricity.ember.clean-share-by-country,STP,2009,16.667,,,,final,,,
electricity.ember.clean-share-by-country,STP,2010,0.0,,,,final,,,
electricity.ember.clean-share-by-country,STP,2011,14.286,,,,final,,,
electricity.ember.clean-share-by-country,STP,2012,12.5,,,,final,,,
electricity.ember.clean-share-by-country,STP,2013,14.286,,,,final,,,
electricity.ember.clean-share-by-country,STP,2014,12.5,,,,final,,,
electricity.ember.clean-share-by-country,STP,2015,10.0,,,,final,,,
electricity.ember.clean-share-by-country,STP,2016,9.091,,,,final,,,
electricity.ember.clean-share-by-country,STP,2017,0.0,,,,final,,,
electricity.ember.clean-share-by-country,STP,2018,0.0,,,,final,,,
electricity.ember.clean-share-by-country,STP,2019,9.091,,,,final,,,
electricity.ember.clean-share-by-country,STP,2020,9.091,,,,final,,,
electricity.ember.clean-share-by-country,STP,2021,9.091,,,,final,,,
electricity.ember.clean-share-by-country,STP,2022,11.111,,,,final,,,
electricity.ember.clean-share-by-country,STP,2023,11.111,,,,final,,,
electricity.ember.clean-share-by-country,SUR,2000,73.958,,,,final,,,
electricity.ember.clean-share-by-country,SUR,2001,70.192,,,,final,,,
electricity.ember.clean-share-by-country,SUR,2002,60.163,,,,final,,,
electricity.ember.clean-share-by-country,SUR,2003,57.692,,,,final,,,
electricity.ember.clean-share-by-country,SUR,2004,53.147,,,,final,,,
electricity.ember.clean-share-by-country,SUR,2005,48.521,,,,final,,,
electricity.ember.clean-share-by-country,SUR,2006,54.777,,,,final,,,
electricity.ember.clean-share-by-country,SUR,2007,57.333,,,,final,,,
electricity.ember.clean-share-by-country,SUR,2008,56.954,,,,final,,,
electricity.ember.clean-share-by-country,SUR,2009,56.209,,,,final,,,
electricity.ember.clean-share-by-country,SUR,2010,61.224,,,,final,,,
electricity.ember.clean-share-by-country,SUR,2011,67.32,,,,final,,,
electricity.ember.clean-share-by-country,SUR,2012,49.102,,,,final,,,
electricity.ember.clean-share-by-country,SUR,2013,47.159,,,,final,,,
electricity.ember.clean-share-by-country,SUR,2014,30.22,,,,final,,,
electricity.ember.clean-share-by-country,SUR,2015,26.344,,,,final,,,
electricity.ember.clean-share-by-country,SUR,2016,43.956,,,,final,,,
electricity.ember.clean-share-by-country,SUR,2017,51.934,,,,final,,,
electricity.ember.clean-share-by-country,SUR,2018,53.158,,,,final,,,
electricity.ember.clean-share-by-country,SUR,2019,47.549,,,,final,,,
electricity.ember.clean-share-by-country,SUR,2020,48.293,,,,final,,,
electricity.ember.clean-share-by-country,SUR,2021,48.325,,,,final,,,
electricity.ember.clean-share-by-country,SUR,2022,44.55,,,,final,,,
electricity.ember.clean-share-by-country,SUR,2023,53.179,,,,final,,,
electricity.ember.clean-share-by-country,SUR,2024,52.874,,,,final,,,
electricity.ember.clean-share-by-country,SVK,2000,68.551,,,,final,,,
electricity.ember.clean-share-by-country,SVK,2001,69.705,,,,final,,,
electricity.ember.clean-share-by-country,SVK,2002,72.623,,,,final,,,
electricity.ember.clean-share-by-country,SVK,2003,69.206,,,,final,,,
electricity.ember.clean-share-by-country,SVK,2004,69.468,,,,final,,,
electricity.ember.clean-share-by-country,SVK,2005,71.506,,,,final,,,
electricity.ember.clean-share-by-country,SVK,2006,73.024,,,,final,,,
electricity.ember.clean-share-by-country,SVK,2007,72.747,,,,final,,,
electricity.ember.clean-share-by-country,SVK,2008,74.111,,,,final,,,
electricity.ember.clean-share-by-country,SVK,2009,73.274,,,,final,,,
electricity.ember.clean-share-by-country,SVK,2010,74.727,,,,final,,,
electricity.ember.clean-share-by-country,SVK,2011,72.171,,,,final,,,
electricity.ember.clean-share-by-country,SVK,2012,74.064,,,,final,,,
electricity.ember.clean-share-by-country,SVK,2013,77.474,,,,final,,,
electricity.ember.clean-share-by-country,SVK,2014,80.133,,,,final,,,
electricity.ember.clean-share-by-country,SVK,2015,79.639,,,,final,,,
electricity.ember.clean-share-by-country,SVK,2016,79.851,,,,final,,,
electricity.ember.clean-share-by-country,SVK,2017,78.848,,,,final,,,
electricity.ember.clean-share-by-country,SVK,2018,77.457,,,,final,,,
electricity.ember.clean-share-by-country,SVK,2019,77.738,,,,final,,,
electricity.ember.clean-share-by-country,SVK,2020,78.183,,,,final,,,
electricity.ember.clean-share-by-country,SVK,2021,75.758,,,,final,,,
electricity.ember.clean-share-by-country,SVK,2022,81.914,,,,final,,,
electricity.ember.clean-share-by-country,SVK,2023,84.795,,,,final,,,
electricity.ember.clean-share-by-country,SVK,2024,85.806,,,,final,,,
electricity.ember.clean-share-by-country,SVK,2025,85.15,,,,preliminary,"2025 is the latest year in Ember's file, which has no estimate flag; Ember's methodology says that for the most recent years it estimates annual generation from monthly data.",,
electricity.ember.clean-share-by-country,SVN,2000,63.63,,,,final,,,
electricity.ember.clean-share-by-country,SVN,2001,63.052,,,,final,,,
electricity.ember.clean-share-by-country,SVN,2002,61.233,,,,final,,,
electricity.ember.clean-share-by-country,SVN,2003,59.942,,,,final,,,
electricity.ember.clean-share-by-country,SVN,2004,63.327,,,,final,,,
electricity.ember.clean-share-by-country,SVN,2005,62.541,,,,final,,,
electricity.ember.clean-share-by-country,SVN,2006,61.218,,,,final,,,
electricity.ember.clean-share-by-country,SVN,2007,60.372,,,,final,,,
electricity.ember.clean-share-by-country,SVN,2008,64.473,,,,final,,,
electricity.ember.clean-share-by-country,SVN,2009,64.918,,,,final,,,
electricity.ember.clean-share-by-country,SVN,2010,64.022,,,,final,,,
electricity.ember.clean-share-by-country,SVN,2011,63.442,,,,final,,,
electricity.ember.clean-share-by-country,SVN,2012,63.408,,,,final,,,
electricity.ember.clean-share-by-country,SVN,2013,65.886,,,,final,,,
electricity.ember.clean-share-by-country,SVN,2014,75.627,,,,final,,,
electricity.ember.clean-share-by-country,SVN,2015,67.568,,,,final,,,
electricity.ember.clean-share-by-country,SVN,2016,66.42,,,,final,,,
electricity.ember.clean-share-by-country,SVN,2017,66.854,,,,final,,,
electricity.ember.clean-share-by-country,SVN,2018,68.238,,,,final,,,
electricity.ember.clean-share-by-country,SVN,2019,68.345,,,,final,,,
electricity.ember.clean-share-by-country,SVN,2020,70.634,,,,final,,,
electricity.ember.clean-share-by-country,SVN,2021,71.52,,,,final,,,
electricity.ember.clean-share-by-country,SVN,2022,72.455,,,,final,,,
electricity.ember.clean-share-by-country,SVN,2023,76.527,,,,final,,,
electricity.ember.clean-share-by-country,SVN,2024,76.067,,,,final,,,
electricity.ember.clean-share-by-country,SVN,2025,,,,,preliminary,"2025 is the latest year in Ember's file, which has no estimate flag; Ember's methodology says that for the most recent years it estimates annual generation from monthly data.","Not published: Ember's file gives negative generation for Slovenia in 2025 (Other fossil -0.019 TWh), so its Clean share does not describe a generation mix.",
electricity.ember.clean-share-by-country,SWE,2000,96.716,,,,final,,,
electricity.ember.clean-share-by-country,SWE,2001,96.182,,,,final,,,
electricity.ember.clean-share-by-country,SWE,2002,94.928,,,,final,,,
electricity.ember.clean-share-by-country,SWE,2003,93.175,,,,final,,,
electricity.ember.clean-share-by-country,SWE,2004,96.114,,,,final,,,
electricity.ember.clean-share-by-country,SWE,2005,96.994,,,,final,,,
electricity.ember.clean-share-by-country,SWE,2006,96.343,,,,final,,,
electricity.ember.clean-share-by-country,SWE,2007,97.03,,,,final,,,
electricity.ember.clean-share-by-country,SWE,2008,96.931,,,,final,,,
electricity.ember.clean-share-by-country,SWE,2009,96.618,,,,final,,,
electricity.ember.clean-share-by-country,SWE,2010,94.254,,,,final,,,
electricity.ember.clean-share-by-country,SWE,2011,96.194,,,,final,,,
electricity.ember.clean-share-by-country,SWE,2012,97.543,,,,final,,,
electricity.ember.clean-share-by-country,SWE,2013,97.465,,,,final,,,
electricity.ember.clean-share-by-country,SWE,2014,98.092,,,,final,,,
electricity.ember.clean-share-by-country,SWE,2015,98.056,,,,final,,,
electricity.ember.clean-share-by-country,SWE,2016,97.652,,,,final,,,
electricity.ember.clean-share-by-country,SWE,2017,97.887,,,,final,,,
electricity.ember.clean-share-by-country,SWE,2018,97.76,,,,final,,,
electricity.ember.clean-share-by-country,SWE,2019,98.011,,,,final,,,
electricity.ember.clean-share-by-country,SWE,2020,98.51,,,,final,,,
electricity.ember.clean-share-by-country,SWE,2021,98.219,,,,final,,,
electricity.ember.clean-share-by-country,SWE,2022,98.336,,,,final,,,
electricity.ember.clean-share-by-country,SWE,2023,98.597,,,,final,,,
electricity.ember.clean-share-by-country,SWE,2024,98.791,,,,final,,,
electricity.ember.clean-share-by-country,SWE,2025,98.773,,,,preliminary,"2025 is the latest year in Ember's file, which has no estimate flag; Ember's methodology says that for the most recent years it estimates annual generation from monthly data.",,
electricity.ember.clean-share-by-country,SWZ,2000,98.485,,,,final,,,
electricity.ember.clean-share-by-country,SWZ,2001,98.571,,,,final,,,
electricity.ember.clean-share-by-country,SWZ,2002,95.833,,,,final,,,
electricity.ember.clean-share-by-country,SWZ,2003,95.312,,,,final,,,
electricity.ember.clean-share-by-country,SWZ,2004,94.828,,,,final,,,
electricity.ember.clean-share-by-country,SWZ,2005,96.774,,,,final,,,
electricity.ember.clean-share-by-country,SWZ,2006,97.101,,,,final,,,
electricity.ember.clean-share-by-country,SWZ,2007,97.183,,,,final,,,
electricity.ember.clean-share-by-country,SWZ,2008,97.101,,,,final,,,
electricity.ember.clean-share-by-country,SWZ,2009,96.97,,,,final,,,
electricity.ember.clean-share-by-country,SWZ,2010,97.297,,,,final,,,
electricity.ember.clean-share-by-country,SWZ,2011,96.552,,,,final,,,
electricity.ember.clean-share-by-country,SWZ,2012,92.308,,,,final,,,
electricity.ember.clean-share-by-country,SWZ,2013,93.333,,,,final,,,
electricity.ember.clean-share-by-country,SWZ,2014,95.833,,,,final,,,
electricity.ember.clean-share-by-country,SWZ,2015,94.737,,,,final,,,
electricity.ember.clean-share-by-country,SWZ,2016,91.667,,,,final,,,
electricity.ember.clean-share-by-country,SWZ,2017,95.349,,,,final,,,
electricity.ember.clean-share-by-country,SWZ,2018,95.918,,,,final,,,
electricity.ember.clean-share-by-country,SWZ,2019,91.837,,,,final,,,
electricity.ember.clean-share-by-country,SWZ,2020,95.918,,,,final,,,
electricity.ember.clean-share-by-country,SWZ,2021,96.078,,,,final,,,
electricity.ember.clean-share-by-country,SWZ,2022,96.364,,,,final,,,
electricity.ember.clean-share-by-country,SWZ,2023,96.97,,,,final,,,
electricity.ember.clean-share-by-country,SWZ,2024,96.721,,,,final,,,
electricity.ember.clean-share-by-country,SYC,2000,0.0,,,,final,,,
electricity.ember.clean-share-by-country,SYC,2001,0.0,,,,final,,,
electricity.ember.clean-share-by-country,SYC,2002,0.0,,,,final,,,
electricity.ember.clean-share-by-country,SYC,2003,0.0,,,,final,,,
electricity.ember.clean-share-by-country,SYC,2004,0.0,,,,final,,,
electricity.ember.clean-share-by-country,SYC,2005,0.0,,,,final,,,
electricity.ember.clean-share-by-country,SYC,2006,0.0,,,,final,,,
electricity.ember.clean-share-by-country,SYC,2007,0.0,,,,final,,,
electricity.ember.clean-share-by-country,SYC,2008,0.0,,,,final,,,
electricity.ember.clean-share-by-country,SYC,2009,0.0,,,,final,,,
electricity.ember.clean-share-by-country,SYC,2010,0.0,,,,final,,,
electricity.ember.clean-share-by-country,SYC,2011,0.0,,,,final,,,
electricity.ember.clean-share-by-country,SYC,2012,0.0,,,,final,,,
electricity.ember.clean-share-by-country,SYC,2013,2.273,,,,final,,,
electricity.ember.clean-share-by-country,SYC,2014,2.222,,,,final,,,
electricity.ember.clean-share-by-country,SYC,2015,2.174,,,,final,,,
electricity.ember.clean-share-by-country,SYC,2016,2.0,,,,final,,,
electricity.ember.clean-share-by-country,SYC,2017,1.961,,,,final,,,
electricity.ember.clean-share-by-country,SYC,2018,1.923,,,,final,,,
electricity.ember.clean-share-by-country,SYC,2019,7.018,,,,final,,,
electricity.ember.clean-share-by-country,SYC,2020,11.864,,,,final,,,
electricity.ember.clean-share-by-country,SYC,2021,13.333,,,,final,,,
electricity.ember.clean-share-by-country,SYC,2022,14.516,,,,final,,,
electricity.ember.clean-share-by-country,SYC,2023,14.516,,,,final,,,
electricity.ember.clean-share-by-country,SYC,2024,15.873,,,,final,,,
electricity.ember.clean-share-by-country,SYR,2000,12.911,,,,final,,,
electricity.ember.clean-share-by-country,SYR,2001,12.865,,,,final,,,
electricity.ember.clean-share-by-country,SYR,2002,8.835,,,,final,,,
electricity.ember.clean-share-by-country,SYR,2003,9.178,,,,final,,,
electricity.ember.clean-share-by-country,SYR,2004,13.087,,,,final,,,
electricity.ember.clean-share-by-country,SYR,2005,12.057,,,,final,,,
electricity.ember.clean-share-by-country,SYR,2006,10.592,,,,final,,,
electricity.ember.clean-share-by-country,SYR,2007,9.077,,,,final,,,
electricity.ember.clean-share-by-country,SYR,2008,7.063,,,,final,,,
electricity.ember.clean-share-by-country,SYR,2009,4.384,,,,final,,,
electricity.ember.clean-share-by-country,SYR,2010,5.642,,,,final,,,
electricity.ember.clean-share-by-country,SYR,2011,7.242,,,,final,,,
electricity.ember.clean-share-by-country,SYR,2012,9.266,,,,final,,,
electricity.ember.clean-share-by-country,SYR,2013,12.038,,,,final,,,
electricity.ember.clean-share-by-country,SYR,2014,11.153,,,,final,,,
electricity.ember.clean-share-by-country,SYR,2015,2.443,,,,final,,,
electricity.ember.clean-share-by-country,SYR,2016,5.283,,,,final,,,
electricity.ember.clean-share-by-country,SYR,2017,4.23,,,,final,,,
electricity.ember.clean-share-by-country,SYR,2018,3.495,,,,final,,,
electricity.ember.clean-share-by-country,SYR,2019,3.495,,,,final,,,
electricity.ember.clean-share-by-country,SYR,2020,3.804,,,,final,,,
electricity.ember.clean-share-by-country,SYR,2021,3.869,,,,final,,,
electricity.ember.clean-share-by-country,SYR,2022,4.382,,,,final,,,
electricity.ember.clean-share-by-country,SYR,2023,3.517,,,,final,,,
electricity.ember.clean-share-by-country,SYR,2024,3.537,,,,final,,,
electricity.ember.clean-share-by-country,TCA,2000,0.0,,,,final,,,
electricity.ember.clean-share-by-country,TCA,2001,0.0,,,,final,,,
electricity.ember.clean-share-by-country,TCA,2002,0.0,,,,final,,,
electricity.ember.clean-share-by-country,TCA,2003,0.0,,,,final,,,
electricity.ember.clean-share-by-country,TCA,2004,0.0,,,,final,,,
electricity.ember.clean-share-by-country,TCA,2005,0.0,,,,final,,,
electricity.ember.clean-share-by-country,TCA,2006,0.0,,,,final,,,
electricity.ember.clean-share-by-country,TCA,2007,0.0,,,,final,,,
electricity.ember.clean-share-by-country,TCA,2008,0.0,,,,final,,,
electricity.ember.clean-share-by-country,TCA,2009,0.0,,,,final,,,
electricity.ember.clean-share-by-country,TCA,2010,0.0,,,,final,,,
electricity.ember.clean-share-by-country,TCA,2011,0.0,,,,final,,,
electricity.ember.clean-share-by-country,TCA,2012,0.0,,,,final,,,
electricity.ember.clean-share-by-country,TCA,2013,0.0,,,,final,,,
electricity.ember.clean-share-by-country,TCA,2014,0.0,,,,final,,,
electricity.ember.clean-share-by-country,TCA,2015,0.0,,,,final,,,
electricity.ember.clean-share-by-country,TCA,2016,0.0,,,,final,,,
electricity.ember.clean-share-by-country,TCA,2017,0.0,,,,final,,,
electricity.ember.clean-share-by-country,TCA,2018,0.0,,,,final,,,
electricity.ember.clean-share-by-country,TCA,2019,0.0,,,,final,,,
electricity.ember.clean-share-by-country,TCA,2020,0.0,,,,final,,,
electricity.ember.clean-share-by-country,TCA,2021,0.0,,,,final,,,
electricity.ember.clean-share-by-country,TCA,2022,0.0,,,,final,,,
electricity.ember.clean-share-by-country,TCA,2023,0.0,,,,final,,,
electricity.ember.clean-share-by-country,TCA,2024,3.704,,,,final,,,
electricity.ember.clean-share-by-country,TCD,2000,0.0,,,,final,,,
electricity.ember.clean-share-by-country,TCD,2001,0.0,,,,final,,,
electricity.ember.clean-share-by-country,TCD,2002,0.0,,,,final,,,
electricity.ember.clean-share-by-country,TCD,2003,0.0,,,,final,,,
electricity.ember.clean-share-by-country,TCD,2004,0.0,,,,final,,,
electricity.ember.clean-share-by-country,TCD,2005,0.0,,,,final,,,
electricity.ember.clean-share-by-country,TCD,2006,0.0,,,,final,,,
electricity.ember.clean-share-by-country,TCD,2007,0.0,,,,final,,,
electricity.ember.clean-share-by-country,TCD,2008,0.0,,,,final,,,
electricity.ember.clean-share-by-country,TCD,2009,0.0,,,,final,,,
electricity.ember.clean-share-by-country,TCD,2010,0.0,,,,final,,,
electricity.ember.clean-share-by-country,TCD,2011,0.0,,,,final,,,
electricity.ember.clean-share-by-country,TCD,2012,4.167,,,,final,,,
electricity.ember.clean-share-by-country,TCD,2013,3.571,,,,final,,,
electricity.ember.clean-share-by-country,TCD,2014,3.333,,,,final,,,
electricity.ember.clean-share-by-country,TCD,2015,3.333,,,,final,,,
electricity.ember.clean-share-by-country,TCD,2016,6.452,,,,final,,,
electricity.ember.clean-share-by-country,TCD,2017,6.25,,,,final,,,
electricity.ember.clean-share-by-country,TCD,2018,5.882,,,,final,,,
electricity.ember.clean-share-by-country,TCD,2019,5.714,,,,final,,,
electricity.ember.clean-share-by-country,TCD,2020,5.714,,,,final,,,
electricity.ember.clean-share-by-country,TCD,2021,4.651,,,,final,,,
electricity.ember.clean-share-by-country,TCD,2022,5.128,,,,final,,,
electricity.ember.clean-share-by-country,TCD,2023,5.556,,,,final,,,
electricity.ember.clean-share-by-country,TCD,2024,5.405,,,,final,,,
electricity.ember.clean-share-by-country,TGO,2000,55.556,,,,final,,,
electricity.ember.clean-share-by-country,TGO,2001,38.462,,,,final,,,
electricity.ember.clean-share-by-country,TGO,2002,56.25,,,,final,,,
electricity.ember.clean-share-by-country,TGO,2003,66.667,,,,final,,,
electricity.ember.clean-share-by-country,TGO,2004,42.105,,,,final,,,
electricity.ember.clean-share-by-country,TGO,2005,36.842,,,,final,,,
electricity.ember.clean-share-by-country,TGO,2006,40.909,,,,final,,,
electricity.ember.clean-share-by-country,TGO,2007,52.632,,,,final,,,
electricity.ember.clean-share-by-country,TGO,2008,69.231,,,,final,,,
electricity.ember.clean-share-by-country,TGO,2009,73.333,,,,final,,,
electricity.ember.clean-share-by-country,TGO,2010,40.909,,,,final,,,
electricity.ember.clean-share-by-country,TGO,2011,47.619,,,,final,,,
electricity.ember.clean-share-by-country,TGO,2012,28.125,,,,final,,,
electricity.ember.clean-share-by-country,TGO,2013,12.5,,,,final,,,
electricity.ember.clean-share-by-country,TGO,2014,34.286,,,,final,,,
electricity.ember.clean-share-by-country,TGO,2015,13.636,,,,final,,,
electricity.ember.clean-share-by-country,TGO,2016,21.277,,,,final,,,
electricity.ember.clean-share-by-country,TGO,2017,25.926,,,,final,,,
electricity.ember.clean-share-by-country,TGO,2018,35.0,,,,final,,,
electricity.ember.clean-share-by-country,TGO,2019,21.311,,,,final,,,
electricity.ember.clean-share-by-country,TGO,2020,14.754,,,,final,,,
electricity.ember.clean-share-by-country,TGO,2021,22.535,,,,final,,,
electricity.ember.clean-share-by-country,TGO,2022,20.0,,,,final,,,
electricity.ember.clean-share-by-country,TGO,2023,26.761,,,,final,,,
electricity.ember.clean-share-by-country,TGO,2024,29.577,,,,final,,,
electricity.ember.clean-share-by-country,THA,2000,6.721,,,,final,,,
electricity.ember.clean-share-by-country,THA,2001,6.723,,,,final,,,
electricity.ember.clean-share-by-country,THA,2002,7.488,,,,final,,,
electricity.ember.clean-share-by-country,THA,2003,7.28,,,,final,,,
electricity.ember.clean-share-by-country,THA,2004,6.235,,,,final,,,
electricity.ember.clean-share-by-country,THA,2005,5.773,,,,final,,,
electricity.ember.clean-share-by-country,THA,2006,7.296,,,,final,,,
electricity.ember.clean-share-by-country,THA,2007,7.311,,,,final,,,
electricity.ember.clean-share-by-country,THA,2008,6.278,,,,final,,,
electricity.ember.clean-share-by-country,THA,2009,6.347,,,,final,,,
electricity.ember.clean-share-by-country,THA,2010,5.566,,,,final,,,
electricity.ember.clean-share-by-country,THA,2011,7.828,,,,final,,,
electricity.ember.clean-share-by-country,THA,2012,8.079,,,,final,,,
electricity.ember.clean-share-by-country,THA,2013,7.501,,,,final,,,
electricity.ember.clean-share-by-country,THA,2014,8.178,,,,final,,,
electricity.ember.clean-share-by-country,THA,2015,7.766,,,,final,,,
electricity.ember.clean-share-by-country,THA,2016,8.937,,,,final,,,
electricity.ember.clean-share-by-country,THA,2017,11.107,,,,final,,,
electricity.ember.clean-share-by-country,THA,2018,14.356,,,,final,,,
electricity.ember.clean-share-by-country,THA,2019,14.862,,,,final,,,
electricity.ember.clean-share-by-country,THA,2020,14.211,,,,final,,,
electricity.ember.clean-share-by-country,THA,2021,15.009,,,,final,,,
electricity.ember.clean-share-by-country,THA,2022,15.79,,,,final,,,
electricity.ember.clean-share-by-country,THA,2023,15.624,,,,final,,,
electricity.ember.clean-share-by-country,THA,2024,14.841,,,,final,,,
electricity.ember.clean-share-by-country,THA,2025,16.589,,,,preliminary,"2025 is the latest year in Ember's file, which has no estimate flag; Ember's methodology says that for the most recent years it estimates annual generation from monthly data.",,
electricity.ember.clean-share-by-country,TJK,2000,98.455,,,,final,,,
electricity.ember.clean-share-by-country,TJK,2001,98.749,,,,final,,,
electricity.ember.clean-share-by-country,TJK,2002,99.085,,,,final,,,
electricity.ember.clean-share-by-country,TJK,2003,98.97,,,,final,,,
electricity.ember.clean-share-by-country,TJK,2004,99.09,,,,final,,,
electricity.ember.clean-share-by-country,TJK,2005,99.298,,,,final,,,
electricity.ember.clean-share-by-country,TJK,2006,98.641,,,,final,,,
electricity.ember.clean-share-by-country,TJK,2007,97.827,,,,final,,,
electricity.ember.clean-share-by-country,TJK,2008,97.833,,,,final,,,
electricity.ember.clean-share-by-country,TJK,2009,98.635,,,,final,,,
electricity.ember.clean-share-by-country,TJK,2010,99.757,,,,final,,,
electricity.ember.clean-share-by-country,TJK,2011,99.754,,,,final,,,
electricity.ember.clean-share-by-country,TJK,2012,99.588,,,,final,,,
electricity.ember.clean-share-by-country,TJK,2013,99.766,,,,final,,,
electricity.ember.clean-share-by-country,TJK,2014,99.01,,,,final,,,
electricity.ember.clean-share-by-country,TJK,2015,99.068,,,,final,,,
electricity.ember.clean-share-by-country,TJK,2016,96.462,,,,final,,,
electricity.ember.clean-share-by-country,TJK,2017,94.589,,,,final,,,
electricity.ember.clean-share-by-country,TJK,2018,93.161,,,,final,,,
electricity.ember.clean-share-by-country,TJK,2019,91.46,,,,final,,,
electricity.ember.clean-share-by-country,TJK,2020,90.1,,,,final,,,
electricity.ember.clean-share-by-country,TJK,2021,90.058,,,,final,,,
electricity.ember.clean-share-by-country,TJK,2022,92.694,,,,final,,,
electricity.ember.clean-share-by-country,TJK,2023,94.206,,,,final,,,
electricity.ember.clean-share-by-country,TJK,2024,94.595,,,,final,,,
electricity.ember.clean-share-by-country,TJK,2025,94.388,,,,preliminary,"2025 is the latest year in Ember's file, which has no estimate flag; Ember's methodology says that for the most recent years it estimates annual generation from monthly data.",,
electricity.ember.clean-share-by-country,TKM,2000,0.0,,,,final,,,
electricity.ember.clean-share-by-country,TKM,2001,0.0,,,,final,,,
electricity.ember.clean-share-by-country,TKM,2002,0.0,,,,final,,,
electricity.ember.clean-share-by-country,TKM,2003,0.0,,,,final,,,
electricity.ember.clean-share-by-country,TKM,2004,0.0,,,,final,,,
electricity.ember.clean-share-by-country,TKM,2005,0.0,,,,final,,,
electricity.ember.clean-share-by-country,TKM,2006,0.0,,,,final,,,
electricity.ember.clean-share-by-country,TKM,2007,0.0,,,,final,,,
electricity.ember.clean-share-by-country,TKM,2008,0.0,,,,final,,,
electricity.ember.clean-share-by-country,TKM,2009,0.0,,,,final,,,
electricity.ember.clean-share-by-country,TKM,2010,0.0,,,,final,,,
electricity.ember.clean-share-by-country,TKM,2011,0.0,,,,final,,,
electricity.ember.clean-share-by-country,TKM,2012,0.0,,,,final,,,
electricity.ember.clean-share-by-country,TKM,2013,0.0,,,,final,,,
electricity.ember.clean-share-by-country,TKM,2014,0.0,,,,final,,,
electricity.ember.clean-share-by-country,TKM,2015,0.0,,,,final,,,
electricity.ember.clean-share-by-country,TKM,2016,0.0,,,,final,,,
electricity.ember.clean-share-by-country,TKM,2017,0.0,,,,final,,,
electricity.ember.clean-share-by-country,TKM,2018,0.0,,,,final,,,
electricity.ember.clean-share-by-country,TKM,2019,0.0,,,,final,,,
electricity.ember.clean-share-by-country,TKM,2020,0.0,,,,final,,,
electricity.ember.clean-share-by-country,TKM,2021,0.035,,,,final,,,
electricity.ember.clean-share-by-country,TKM,2022,0.031,,,,final,,,
electricity.ember.clean-share-by-country,TKM,2023,0.031,,,,final,,,
electricity.ember.clean-share-by-country,TKM,2024,0.03,,,,final,,,
electricity.ember.clean-share-by-country,TON,2000,0.0,,,,final,,,
electricity.ember.clean-share-by-country,TON,2001,0.0,,,,final,,,
electricity.ember.clean-share-by-country,TON,2002,0.0,,,,final,,,
electricity.ember.clean-share-by-country,TON,2003,0.0,,,,final,,,
electricity.ember.clean-share-by-country,TON,2004,0.0,,,,final,,,
electricity.ember.clean-share-by-country,TON,2005,0.0,,,,final,,,
electricity.ember.clean-share-by-country,TON,2006,0.0,,,,final,,,
electricity.ember.clean-share-by-country,TON,2007,0.0,,,,final,,,
electricity.ember.clean-share-by-country,TON,2008,0.0,,,,final,,,
electricity.ember.clean-share-by-country,TON,2009,0.0,,,,final,,,
electricity.ember.clean-share-by-country,TON,2010,0.0,,,,final,,,
electricity.ember.clean-share-by-country,TON,2011,0.0,,,,final,,,
electricity.ember.clean-share-by-country,TON,2012,0.0,,,,final,,,
electricity.ember.clean-share-by-country,TON,2013,0.0,,,,final,,,
electricity.ember.clean-share-by-country,TON,2014,0.0,,,,final,,,
electricity.ember.clean-share-by-country,TON,2015,0.0,,,,final,,,
electricity.ember.clean-share-by-country,TON,2016,0.0,,,,final,,,
electricity.ember.clean-share-by-country,TON,2017,14.286,,,,final,,,
electricity.ember.clean-share-by-country,TON,2018,14.286,,,,final,,,
electricity.ember.clean-share-by-country,TON,2019,14.286,,,,final,,,
electricity.ember.clean-share-by-country,TON,2020,14.286,,,,final,,,
electricity.ember.clean-share-by-country,TON,2021,14.286,,,,final,,,
electricity.ember.clean-share-by-country,TON,2022,12.5,,,,final,,,
electricity.ember.clean-share-by-country,TON,2023,14.286,,,,final,,,
electricity.ember.clean-share-by-country,TON,2024,14.286,,,,final,,,
electricity.ember.clean-share-by-country,TTO,2000,0.366,,,,final,,,
electricity.ember.clean-share-by-country,TTO,2001,0.532,,,,final,,,
electricity.ember.clean-share-by-country,TTO,2002,0.532,,,,final,,,
electricity.ember.clean-share-by-country,TTO,2003,0.155,,,,final,,,
electricity.ember.clean-share-by-country,TTO,2004,0.311,,,,final,,,
electricity.ember.clean-share-by-country,TTO,2005,0.284,,,,final,,,
electricity.ember.clean-share-by-country,TTO,2006,0.418,,,,final,,,
electricity.ember.clean-share-by-country,TTO,2007,0.26,,,,final,,,
electricity.ember.clean-share-by-country,TTO,2008,0.259,,,,final,,,
electricity.ember.clean-share-by-country,TTO,2009,0.255,,,,final,,,
electricity.ember.clean-share-by-country,TTO,2010,0.0,,,,final,,,
electricity.ember.clean-share-by-country,TTO,2011,0.0,,,,final,,,
electricity.ember.clean-share-by-country,TTO,2012,0.0,,,,final,,,
electricity.ember.clean-share-by-country,TTO,2013,0.0,,,,final,,,
electricity.ember.clean-share-by-country,TTO,2014,0.0,,,,final,,,
electricity.ember.clean-share-by-country,TTO,2015,0.104,,,,final,,,
electricity.ember.clean-share-by-country,TTO,2016,0.106,,,,final,,,
electricity.ember.clean-share-by-country,TTO,2017,0.107,,,,final,,,
electricity.ember.clean-share-by-country,TTO,2018,0.108,,,,final,,,
electricity.ember.clean-share-by-country,TTO,2019,0.109,,,,final,,,
electricity.ember.clean-share-by-country,TTO,2020,0.108,,,,final,,,
electricity.ember.clean-share-by-country,TTO,2021,0.108,,,,final,,,
electricity.ember.clean-share-by-country,TTO,2022,0.105,,,,final,,,
electricity.ember.clean-share-by-country,TTO,2023,0.105,,,,final,,,
electricity.ember.clean-share-by-country,TTO,2024,0.105,,,,final,,,
electricity.ember.clean-share-by-country,TUN,2000,0.755,,,,final,,,
electricity.ember.clean-share-by-country,TUN,2001,0.615,,,,final,,,
electricity.ember.clean-share-by-country,TUN,2002,0.76,,,,final,,,
electricity.ember.clean-share-by-country,TUN,2003,1.684,,,,final,,,
electricity.ember.clean-share-by-country,TUN,2004,1.593,,,,final,,,
electricity.ember.clean-share-by-country,TUN,2005,1.422,,,,final,,,
electricity.ember.clean-share-by-country,TUN,2006,0.995,,,,final,,,
electricity.ember.clean-share-by-country,TUN,2007,0.655,,,,final,,,
electricity.ember.clean-share-by-country,TUN,2008,0.487,,,,final,,,
electricity.ember.clean-share-by-country,TUN,2009,1.18,,,,final,,,
electricity.ember.clean-share-by-country,TUN,2010,1.196,,,,final,,,
electricity.ember.clean-share-by-country,TUN,2011,0.982,,,,final,,,
electricity.ember.clean-share-by-country,TUN,2012,1.738,,,,final,,,
electricity.ember.clean-share-by-country,TUN,2013,2.37,,,,final,,,
electricity.ember.clean-share-by-country,TUN,2014,3.11,,,,final,,,
electricity.ember.clean-share-by-country,TUN,2015,2.977,,,,final,,,
electricity.ember.clean-share-by-country,TUN,2016,3.209,,,,final,,,
electricity.ember.clean-share-by-country,TUN,2017,2.915,,,,final,,,
electricity.ember.clean-share-by-country,TUN,2018,2.629,,,,final,,,
electricity.ember.clean-share-by-country,TUN,2019,3.134,,,,final,,,
electricity.ember.clean-share-by-country,TUN,2020,3.134,,,,final,,,
electricity.ember.clean-share-by-country,TUN,2021,3.105,,,,final,,,
electricity.ember.clean-share-by-country,TUN,2022,3.036,,,,final,,,
electricity.ember.clean-share-by-country,TUN,2023,3.947,,,,final,,,
electricity.ember.clean-share-by-country,TUN,2024,4.399,,,,final,,,
electricity.ember.clean-share-by-country,TUN,2025,3.859,,,,preliminary,"2025 is the latest year in Ember's file, which has no estimate flag; Ember's methodology says that for the most recent years it estimates annual generation from monthly data.",,
electricity.ember.clean-share-by-country,TUR,2000,25.052,,,,final,,,
electricity.ember.clean-share-by-country,TUR,2001,19.912,,,,final,,,
electricity.ember.clean-share-by-country,TUR,2002,26.436,,,,final,,,
electricity.ember.clean-share-by-country,TUR,2003,25.484,,,,final,,,
electricity.ember.clean-share-by-country,TUR,2004,30.925,,,,final,,,
electricity.ember.clean-share-by-country,TUR,2005,24.587,,,,final,,,
electricity.ember.clean-share-by-country,TUR,2006,25.26,,,,final,,,
electricity.ember.clean-share-by-country,TUR,2007,19.037,,,,final,,,
electricity.ember.clean-share-by-country,TUR,2008,17.351,,,,final,,,
electricity.ember.clean-share-by-country,TUR,2009,19.583,,,,final,,,
electricity.ember.clean-share-by-country,TUR,2010,26.385,,,,final,,,
electricity.ember.clean-share-by-country,TUR,2011,25.324,,,,final,,,
electricity.ember.clean-share-by-country,TUR,2012,27.229,,,,final,,,
electricity.ember.clean-share-by-country,TUR,2013,28.824,,,,final,,,
electricity.ember.clean-share-by-country,TUR,2014,20.885,,,,final,,,
electricity.ember.clean-share-by-country,TUR,2015,31.956,,,,final,,,
electricity.ember.clean-share-by-country,TUR,2016,32.886,,,,final,,,
electricity.ember.clean-share-by-country,TUR,2017,29.345,,,,final,,,
electricity.ember.clean-share-by-country,TUR,2018,32.257,,,,final,,,
electricity.ember.clean-share-by-country,TUR,2019,43.797,,,,final,,,
electricity.ember.clean-share-by-country,TUR,2020,42.162,,,,final,,,
electricity.ember.clean-share-by-country,TUR,2021,35.4,,,,final,,,
electricity.ember.clean-share-by-country,TUR,2022,41.911,,,,final,,,
electricity.ember.clean-share-by-country,TUR,2023,42.009,,,,final,,,
electricity.ember.clean-share-by-country,TUR,2024,45.614,,,,final,,,
electricity.ember.clean-share-by-country,TUR,2025,43.257,,,,preliminary,"2025 is the latest year in Ember's file, which has no estimate flag; Ember's methodology says that for the most recent years it estimates annual generation from monthly data.",,
electricity.ember.clean-share-by-country,TWN,2000,23.864,,,,final,,,
electricity.ember.clean-share-by-country,TWN,2001,22.23,,,,final,,,
electricity.ember.clean-share-by-country,TWN,2002,22.103,,,,final,,,
electricity.ember.clean-share-by-country,TWN,2003,20.908,,,,final,,,
electricity.ember.clean-share-by-country,TWN,2004,20.411,,,,final,,,
electricity.ember.clean-share-by-country,TWN,2005,20.211,,,,final,,,
electricity.ember.clean-share-by-country,TWN,2006,19.568,,,,final,,,
electricity.ember.clean-share-by-country,TWN,2007,19.448,,,,final,,,
electricity.ember.clean-share-by-country,TWN,2008,19.953,,,,final,,,
electricity.ember.clean-share-by-country,TWN,2009,20.809,,,,final,,,
electricity.ember.clean-share-by-country,TWN,2010,19.713,,,,final,,,
electricity.ember.clean-share-by-country,TWN,2011,19.631,,,,final,,,
electricity.ember.clean-share-by-country,TWN,2012,19.767,,,,final,,,
electricity.ember.clean-share-by-country,TWN,2013,20.16,,,,final,,,
electricity.ember.clean-share-by-country,TWN,2014,19.487,,,,final,,,
electricity.ember.clean-share-by-country,TWN,2015,17.533,,,,final,,,
electricity.ember.clean-share-by-country,TWN,2016,16.167,,,,final,,,
electricity.ember.clean-share-by-country,TWN,2017,12.266,,,,final,,,
electricity.ember.clean-share-by-country,TWN,2018,13.988,,,,final,,,
electricity.ember.clean-share-by-country,TWN,2019,16.69,,,,final,,,
electricity.ember.clean-share-by-country,TWN,2020,16.015,,,,final,,,
electricity.ember.clean-share-by-country,TWN,2021,14.95,,,,final,,,
electricity.ember.clean-share-by-country,TWN,2022,15.906,,,,final,,,
electricity.ember.clean-share-by-country,TWN,2023,15.205,,,,final,,,
electricity.ember.clean-share-by-country,TWN,2024,15.141,,,,final,,,
electricity.ember.clean-share-by-country,TWN,2025,13.506,,,,preliminary,"2025 is the latest year in Ember's file, which has no estimate flag; Ember's methodology says that for the most recent years it estimates annual generation from monthly data.",,
electricity.ember.clean-share-by-country,TZA,2000,86.4,,,,final,,,
electricity.ember.clean-share-by-country,TZA,2001,94.7,,,,final,,,
electricity.ember.clean-share-by-country,TZA,2002,95.502,,,,final,,,
electricity.ember.clean-share-by-country,TZA,2003,95.941,,,,final,,,
electricity.ember.clean-share-by-country,TZA,2004,78.927,,,,final,,,
electricity.ember.clean-share-by-country,TZA,2005,50.0,,,,final,,,
electricity.ember.clean-share-by-country,TZA,2006,42.735,,,,final,,,
electricity.ember.clean-share-by-country,TZA,2007,60.849,,,,final,,,
electricity.ember.clean-share-by-country,TZA,2008,60.899,,,,final,,,
electricity.ember.clean-share-by-country,TZA,2009,56.25,,,,final,,,
electricity.ember.clean-share-by-country,TZA,2010,52.158,,,,final,,,
electricity.ember.clean-share-by-country,TZA,2011,40.039,,,,final,,,
electricity.ember.clean-share-by-country,TZA,2012,32.451,,,,final,,,
electricity.ember.clean-share-by-country,TZA,2013,30.05,,,,final,,,
electricity.ember.clean-share-by-country,TZA,2014,42.652,,,,final,,,
electricity.ember.clean-share-by-country,TZA,2015,33.538,,,,final,,,
electricity.ember.clean-share-by-country,TZA,2016,36.217,,,,final,,,
electricity.ember.clean-share-by-country,TZA,2017,34.795,,,,final,,,
electricity.ember.clean-share-by-country,TZA,2018,31.737,,,,final,,,
electricity.ember.clean-share-by-country,TZA,2019,33.205,,,,final,,,
electricity.ember.clean-share-by-country,TZA,2020,41.379,,,,final,,,
electricity.ember.clean-share-by-country,TZA,2021,36.879,,,,final,,,
electricity.ember.clean-share-by-country,TZA,2022,30.353,,,,final,,,
electricity.ember.clean-share-by-country,TZA,2023,26.49,,,,final,,,
electricity.ember.clean-share-by-country,TZA,2024,32.919,,,,final,,,
electricity.ember.clean-share-by-country,UGA,2000,99.371,,,,final,,,
electricity.ember.clean-share-by-country,UGA,2001,99.371,,,,final,,,
electricity.ember.clean-share-by-country,UGA,2002,99.419,,,,final,,,
electricity.ember.clean-share-by-country,UGA,2003,99.444,,,,final,,,
electricity.ember.clean-share-by-country,UGA,2004,100.0,,,,final,,,
electricity.ember.clean-share-by-country,UGA,2005,96.429,,,,final,,,
electricity.ember.clean-share-by-country,UGA,2006,76.25,,,,final,,,
electricity.ember.clean-share-by-country,UGA,2007,73.0,,,,final,,,
electricity.ember.clean-share-by-country,UGA,2008,74.249,,,,final,,,
electricity.ember.clean-share-by-country,UGA,2009,63.636,,,,final,,,
electricity.ember.clean-share-by-country,UGA,2010,59.489,,,,final,,,
electricity.ember.clean-share-by-country,UGA,2011,61.278,,,,final,,,
electricity.ember.clean-share-by-country,UGA,2012,90.0,,,,final,,,
electricity.ember.clean-share-by-country,UGA,2013,100.0,,,,final,,,
electricity.ember.clean-share-by-country,UGA,2014,97.214,,,,final,,,
electricity.ember.clean-share-by-country,UGA,2015,97.746,,,,final,,,
electricity.ember.clean-share-by-country,UGA,2016,98.143,,,,final,,,
electricity.ember.clean-share-by-country,UGA,2017,98.148,,,,final,,,
electricity.ember.clean-share-by-country,UGA,2018,92.791,,,,final,,,
electricity.ember.clean-share-by-country,UGA,2019,96.943,,,,final,,,
electricity.ember.clean-share-by-country,UGA,2020,97.391,,,,final,,,
electricity.ember.clean-share-by-country,UGA,2021,97.533,,,,final,,,
electricity.ember.clean-share-by-country,UGA,2022,97.391,,,,final,,,
electricity.ember.clean-share-by-country,UGA,2023,97.054,,,,final,,,
electricity.ember.clean-share-by-country,UGA,2024,97.074,,,,final,,,
electricity.ember.clean-share-by-country,UKR,2000,51.571,,,,final,,,
electricity.ember.clean-share-by-country,UKR,2001,50.906,,,,final,,,
electricity.ember.clean-share-by-country,UKR,2002,50.359,,,,final,,,
electricity.ember.clean-share-by-country,UKR,2003,50.216,,,,final,,,
electricity.ember.clean-share-by-country,UKR,2004,54.155,,,,final,,,
electricity.ember.clean-share-by-country,UKR,2005,54.273,,,,final,,,
electricity.ember.clean-share-by-country,UKR,2006,53.277,,,,final,,,
electricity.ember.clean-share-by-country,UKR,2007,52.489,,,,final,,,
electricity.ember.clean-share-by-country,UKR,2008,52.788,,,,final,,,
electricity.ember.clean-share-by-country,UKR,2009,54.743,,,,final,,,
electricity.ember.clean-share-by-country,UKR,2010,54.306,,,,final,,,
electricity.ember.clean-share-by-country,UKR,2011,52.034,,,,final,,,
electricity.ember.clean-share-by-country,UKR,2012,50.97,,,,final,,,
electricity.ember.clean-share-by-country,UKR,2013,50.584,,,,final,,,
electricity.ember.clean-share-by-country,UKR,2014,53.911,,,,final,,,
electricity.ember.clean-share-by-country,UKR,2015,57.875,,,,final,,,
electricity.ember.clean-share-by-country,UKR,2016,54.812,,,,final,,,
electricity.ember.clean-share-by-country,UKR,2017,61.805,,,,final,,,
electricity.ember.clean-share-by-country,UKR,2018,60.947,,,,final,,,
electricity.ember.clean-share-by-country,UKR,2019,61.548,,,,final,,,
electricity.ember.clean-share-by-country,UKR,2020,63.029,,,,final,,,
electricity.ember.clean-share-by-country,UKR,2021,68.959,,,,final,,,
electricity.ember.clean-share-by-country,UKR,2022,72.173,,,,final,,,
electricity.ember.clean-share-by-country,URY,2000,93.412,,,,final,,,
electricity.ember.clean-share-by-country,URY,2001,99.784,,,,final,,,
electricity.ember.clean-share-by-country,URY,2002,99.688,,,,final,,,
electricity.ember.clean-share-by-country,URY,2003,99.883,,,,final,,,
electricity.ember.clean-share-by-country,URY,2004,81.695,,,,final,,,
electricity.ember.clean-share-by-country,URY,2005,87.5,,,,final,,,
electricity.ember.clean-share-by-country,URY,2006,64.632,,,,final,,,
electricity.ember.clean-share-by-country,URY,2007,86.994,,,,final,,,
electricity.ember.clean-share-by-country,URY,2008,61.231,,,,final,,,
electricity.ember.clean-share-by-country,URY,2009,68.166,,,,final,,,
electricity.ember.clean-share-by-country,URY,2010,89.199,,,,final,,,
electricity.ember.clean-share-by-country,URY,2011,74.662,,,,final,,,
electricity.ember.clean-share-by-country,URY,2012,64.623,,,,final,,,
electricity.ember.clean-share-by-country,URY,2013,84.134,,,,final,,,
electricity.ember.clean-share-by-country,URY,2014,94.761,,,,final,,,
electricity.ember.clean-share-by-country,URY,2015,93.159,,,,final,,,
electricity.ember.clean-share-by-country,URY,2016,96.828,,,,final,,,
electricity.ember.clean-share-by-country,URY,2017,98.467,,,,final,,,
electricity.ember.clean-share-by-country,URY,2018,97.536,,,,final,,,
electricity.ember.clean-share-by-country,URY,2019,98.258,,,,final,,,
electricity.ember.clean-share-by-country,URY,2020,94.031,,,,final,,,
electricity.ember.clean-share-by-country,URY,2021,84.615,,,,final,,,
electricity.ember.clean-share-by-country,URY,2022,90.781,,,,final,,,
electricity.ember.clean-share-by-country,URY,2023,92.434,,,,final,,,
electricity.ember.clean-share-by-country,URY,2024,98.878,,,,final,,,
electricity.ember.clean-share-by-country,URY,2025,97.849,,,,preliminary,"2025 is the latest year in Ember's file, which has no estimate flag; Ember's methodology says that for the most recent years it estimates annual generation from monthly data.",,
electricity.ember.clean-share-by-country,USA,2000,29.058,,,,final,,,
electricity.ember.clean-share-by-country,USA,2001,28.139,,,,final,,,
electricity.ember.clean-share-by-country,USA,2002,29.041,,,,final,,,
electricity.ember.clean-share-by-country,USA,2003,28.765,,,,final,,,
electricity.ember.clean-share-by-country,USA,2004,28.686,,,,final,,,
electricity.ember.clean-share-by-country,USA,2005,28.13,,,,final,,,
electricity.ember.clean-share-by-country,USA,2006,28.871,,,,final,,,
electricity.ember.clean-share-by-country,USA,2007,27.865,,,,final,,,
electricity.ember.clean-share-by-country,USA,2008,28.809,,,,final,,,
electricity.ember.clean-share-by-country,USA,2009,30.824,,,,final,,,
electricity.ember.clean-share-by-country,USA,2010,29.934,,,,final,,,
electricity.ember.clean-share-by-country,USA,2011,31.792,,,,final,,,
electricity.ember.clean-share-by-country,USA,2012,31.224,,,,final,,,
electricity.ember.clean-share-by-country,USA,2013,32.286,,,,final,,,
electricity.ember.clean-share-by-country,USA,2014,32.812,,,,final,,,
electricity.ember.clean-share-by-country,USA,2015,33.146,,,,final,,,
electricity.ember.clean-share-by-country,USA,2016,34.999,,,,final,,,
electricity.ember.clean-share-by-country,USA,2017,37.316,,,,final,,,
electricity.ember.clean-share-by-country,USA,2018,36.659,,,,final,,,
electricity.ember.clean-share-by-country,USA,2019,37.759,,,,final,,,
electricity.ember.clean-share-by-country,USA,2020,39.852,,,,final,,,
electricity.ember.clean-share-by-country,USA,2021,39.513,,,,final,,,
electricity.ember.clean-share-by-country,USA,2022,40.348,,,,final,,,
electricity.ember.clean-share-by-country,USA,2023,40.894,,,,final,,,
electricity.ember.clean-share-by-country,USA,2024,41.869,,,,final,,,
electricity.ember.clean-share-by-country,USA,2025,43.002,,,,preliminary,"2025 is the latest year in Ember's file, which has no estimate flag; Ember's methodology says that for the most recent years it estimates annual generation from monthly data.",,
electricity.ember.clean-share-by-country,UZB,2000,7.533,,,,final,,,
electricity.ember.clean-share-by-country,UZB,2001,9.091,,,,final,,,
electricity.ember.clean-share-by-country,UZB,2002,12.186,,,,final,,,
electricity.ember.clean-share-by-country,UZB,2003,16.762,,,,final,,,
electricity.ember.clean-share-by-country,UZB,2004,12.274,,,,final,,,
electricity.ember.clean-share-by-country,UZB,2005,18.733,,,,final,,,
electricity.ember.clean-share-by-country,UZB,2006,9.428,,,,final,,,
electricity.ember.clean-share-by-country,UZB,2007,9.527,,,,final,,,
electricity.ember.clean-share-by-country,UZB,2008,8.941,,,,final,,,
electricity.ember.clean-share-by-country,UZB,2009,12.934,,,,final,,,
electricity.ember.clean-share-by-country,UZB,2010,15.759,,,,final,,,
electricity.ember.clean-share-by-country,UZB,2011,10.795,,,,final,,,
electricity.ember.clean-share-by-country,UZB,2012,12.547,,,,final,,,
electricity.ember.clean-share-by-country,UZB,2013,10.438,,,,final,,,
electricity.ember.clean-share-by-country,UZB,2014,10.888,,,,final,,,
electricity.ember.clean-share-by-country,UZB,2015,11.879,,,,final,,,
electricity.ember.clean-share-by-country,UZB,2016,11.685,,,,final,,,
electricity.ember.clean-share-by-country,UZB,2017,13.051,,,,final,,,
electricity.ember.clean-share-by-country,UZB,2018,9.359,,,,final,,,
electricity.ember.clean-share-by-country,UZB,2019,10.179,,,,final,,,
electricity.ember.clean-share-by-country,UZB,2020,7.53,,,,final,,,
electricity.ember.clean-share-by-country,UZB,2021,7.027,,,,final,,,
electricity.ember.clean-share-by-country,UZB,2022,9.218,,,,final,,,
electricity.ember.clean-share-by-country,UZB,2023,9.896,,,,final,,,
electricity.ember.clean-share-by-country,UZB,2024,15.951,,,,final,,,
electricity.ember.clean-share-by-country,UZB,2025,19.377,,,,preliminary,"2025 is the latest year in Ember's file, which has no estimate flag; Ember's methodology says that for the most recent years it estimates annual generation from monthly data.",,
electricity.ember.clean-share-by-country,VCT,2000,30.0,,,,final,,,
electricity.ember.clean-share-by-country,VCT,2001,20.0,,,,final,,,
electricity.ember.clean-share-by-country,VCT,2002,20.0,,,,final,,,
electricity.ember.clean-share-by-country,VCT,2003,18.182,,,,final,,,
electricity.ember.clean-share-by-country,VCT,2004,25.0,,,,final,,,
electricity.ember.clean-share-by-country,VCT,2005,21.429,,,,final,,,
electricity.ember.clean-share-by-country,VCT,2006,15.385,,,,final,,,
electricity.ember.clean-share-by-country,VCT,2007,14.286,,,,final,,,
electricity.ember.clean-share-by-country,VCT,2008,14.286,,,,final,,,
electricity.ember.clean-share-by-country,VCT,2009,14.286,,,,final,,,
electricity.ember.clean-share-by-country,VCT,2010,20.0,,,,final,,,
electricity.ember.clean-share-by-country,VCT,2011,21.429,,,,final,,,
electricity.ember.clean-share-by-country,VCT,2012,20.0,,,,final,,,
electricity.ember.clean-share-by-country,VCT,2013,14.286,,,,final,,,
electricity.ember.clean-share-by-country,VCT,2014,7.143,,,,final,,,
electricity.ember.clean-share-by-country,VCT,2015,13.333,,,,final,,,
electricity.ember.clean-share-by-country,VCT,2016,12.5,,,,final,,,
electricity.ember.clean-share-by-country,VCT,2017,13.333,,,,final,,,
electricity.ember.clean-share-by-country,VCT,2018,13.333,,,,final,,,
electricity.ember.clean-share-by-country,VCT,2019,13.333,,,,final,,,
electricity.ember.clean-share-by-country,VCT,2020,13.333,,,,final,,,
electricity.ember.clean-share-by-country,VCT,2021,14.286,,,,final,,,
electricity.ember.clean-share-by-country,VCT,2022,13.333,,,,final,,,
electricity.ember.clean-share-by-country,VCT,2023,13.333,,,,final,,,
electricity.ember.clean-share-by-country,VCT,2024,13.333,,,,final,,,
electricity.ember.clean-share-by-country,VEN,2000,73.754,,,,final,,,
electricity.ember.clean-share-by-country,VEN,2001,67.074,,,,final,,,
electricity.ember.clean-share-by-country,VEN,2002,64.812,,,,final,,,
electricity.ember.clean-share-by-country,VEN,2003,65.829,,,,final,,,
electricity.ember.clean-share-by-country,VEN,2004,71.101,,,,final,,,
electricity.ember.clean-share-by-country,VEN,2005,73.28,,,,final,,,
electricity.ember.clean-share-by-country,VEN,2006,73.9,,,,final,,,
electricity.ember.clean-share-by-country,VEN,2007,72.726,,,,final,,,
electricity.ember.clean-share-by-country,VEN,2008,72.791,,,,final,,,
electricity.ember.clean-share-by-country,VEN,2009,71.891,,,,final,,,
electricity.ember.clean-share-by-country,VEN,2010,67.493,,,,final,,,
electricity.ember.clean-share-by-country,VEN,2011,70.931,,,,final,,,
electricity.ember.clean-share-by-country,VEN,2012,63.954,,,,final,,,
electricity.ember.clean-share-by-country,VEN,2013,61.889,,,,final,,,
electricity.ember.clean-share-by-country,VEN,2014,55.871,,,,final,,,
electricity.ember.clean-share-by-country,VEN,2015,58.814,,,,final,,,
electricity.ember.clean-share-by-country,VEN,2016,53.925,,,,final,,,
electricity.ember.clean-share-by-country,VEN,2017,58.391,,,,final,,,
electricity.ember.clean-share-by-country,VEN,2018,58.369,,,,final,,,
electricity.ember.clean-share-by-country,VEN,2019,58.379,,,,final,,,
electricity.ember.clean-share-by-country,VEN,2020,77.68,,,,final,,,
electricity.ember.clean-share-by-country,VEN,2021,79.235,,,,final,,,
electricity.ember.clean-share-by-country,VEN,2022,78.363,,,,final,,,
electricity.ember.clean-share-by-country,VEN,2023,90.342,,,,final,,,
electricity.ember.clean-share-by-country,VEN,2024,91.139,,,,final,,,
electricity.ember.clean-share-by-country,VGB,2000,0.0,,,,final,,,
electricity.ember.clean-share-by-country,VGB,2001,0.0,,,,final,,,
electricity.ember.clean-share-by-country,VGB,2002,0.0,,,,final,,,
electricity.ember.clean-share-by-country,VGB,2003,0.0,,,,final,,,
electricity.ember.clean-share-by-country,VGB,2004,0.0,,,,final,,,
electricity.ember.clean-share-by-country,VGB,2005,0.0,,,,final,,,
electricity.ember.clean-share-by-country,VGB,2006,0.0,,,,final,,,
electricity.ember.clean-share-by-country,VGB,2007,0.0,,,,final,,,
electricity.ember.clean-share-by-country,VGB,2008,0.0,,,,final,,,
electricity.ember.clean-share-by-country,VGB,2009,0.0,,,,final,,,
electricity.ember.clean-share-by-country,VGB,2010,0.0,,,,final,,,
electricity.ember.clean-share-by-country,VGB,2011,0.0,,,,final,,,
electricity.ember.clean-share-by-country,VGB,2012,0.0,,,,final,,,
electricity.ember.clean-share-by-country,VGB,2013,0.0,,,,final,,,
electricity.ember.clean-share-by-country,VGB,2014,0.0,,,,final,,,
electricity.ember.clean-share-by-country,VGB,2015,0.0,,,,final,,,
electricity.ember.clean-share-by-country,VGB,2016,0.0,,,,final,,,
electricity.ember.clean-share-by-country,VGB,2017,0.0,,,,final,,,
electricity.ember.clean-share-by-country,VGB,2018,0.0,,,,final,,,
electricity.ember.clean-share-by-country,VGB,2019,0.0,,,,final,,,
electricity.ember.clean-share-by-country,VGB,2020,0.0,,,,final,,,
electricity.ember.clean-share-by-country,VGB,2021,0.0,,,,final,,,
electricity.ember.clean-share-by-country,VGB,2022,0.0,,,,final,,,
electricity.ember.clean-share-by-country,VGB,2023,0.0,,,,final,,,
electricity.ember.clean-share-by-country,VIR,2000,0.0,,,,final,,,
electricity.ember.clean-share-by-country,VIR,2001,0.0,,,,final,,,
electricity.ember.clean-share-by-country,VIR,2002,0.0,,,,final,,,
electricity.ember.clean-share-by-country,VIR,2003,0.0,,,,final,,,
electricity.ember.clean-share-by-country,VIR,2004,0.0,,,,final,,,
electricity.ember.clean-share-by-country,VIR,2005,0.0,,,,final,,,
electricity.ember.clean-share-by-country,VIR,2006,0.0,,,,final,,,
electricity.ember.clean-share-by-country,VIR,2007,0.0,,,,final,,,
electricity.ember.clean-share-by-country,VIR,2008,0.0,,,,final,,,
electricity.ember.clean-share-by-country,VIR,2009,0.0,,,,final,,,
electricity.ember.clean-share-by-country,VIR,2010,0.0,,,,final,,,
electricity.ember.clean-share-by-country,VIR,2011,0.0,,,,final,,,
electricity.ember.clean-share-by-country,VIR,2012,0.0,,,,final,,,
electricity.ember.clean-share-by-country,VIR,2013,0.0,,,,final,,,
electricity.ember.clean-share-by-country,VIR,2014,1.282,,,,final,,,
electricity.ember.clean-share-by-country,VIR,2015,1.282,,,,final,,,
electricity.ember.clean-share-by-country,VIR,2016,1.299,,,,final,,,
electricity.ember.clean-share-by-country,VIR,2017,1.667,,,,final,,,
electricity.ember.clean-share-by-country,VIR,2018,1.613,,,,final,,,
electricity.ember.clean-share-by-country,VIR,2019,1.515,,,,final,,,
electricity.ember.clean-share-by-country,VIR,2020,1.562,,,,final,,,
electricity.ember.clean-share-by-country,VIR,2021,3.03,,,,final,,,
electricity.ember.clean-share-by-country,VIR,2022,2.941,,,,final,,,
electricity.ember.clean-share-by-country,VIR,2023,2.941,,,,final,,,
electricity.ember.clean-share-by-country,VNM,2000,54.782,,,,final,,,
electricity.ember.clean-share-by-country,VNM,2001,59.49,,,,final,,,
electricity.ember.clean-share-by-country,VNM,2002,50.838,,,,final,,,
electricity.ember.clean-share-by-country,VNM,2003,46.396,,,,final,,,
electricity.ember.clean-share-by-country,VNM,2004,38.571,,,,final,,,
electricity.ember.clean-share-by-country,VNM,2005,31.836,,,,final,,,
electricity.ember.clean-share-by-country,VNM,2006,34.145,,,,final,,,
electricity.ember.clean-share-by-country,VNM,2007,35.1,,,,final,,,
electricity.ember.clean-share-by-country,VNM,2008,36.688,,,,final,,,
electricity.ember.clean-share-by-country,VNM,2009,37.264,,,,final,,,
electricity.ember.clean-share-by-country,VNM,2010,31.204,,,,final,,,
electricity.ember.clean-share-by-country,VNM,2011,40.577,,,,final,,,
electricity.ember.clean-share-by-country,VNM,2012,46.388,,,,final,,,
electricity.ember.clean-share-by-country,VNM,2013,46.569,,,,final,,,
electricity.ember.clean-share-by-country,VNM,2014,44.106,,,,final,,,
electricity.ember.clean-share-by-country,VNM,2015,34.78,,,,final,,,
electricity.ember.clean-share-by-country,VNM,2016,35.871,,,,final,,,
electricity.ember.clean-share-by-country,VNM,2017,44.428,,,,final,,,
electricity.ember.clean-share-by-country,VNM,2018,38.714,,,,final,,,
electricity.ember.clean-share-by-country,VNM,2019,30.398,,,,final,,,
electricity.ember.clean-share-by-country,VNM,2020,34.816,,,,final,,,
electricity.ember.clean-share-by-country,VNM,2021,42.774,,,,final,,,
electricity.ember.clean-share-by-country,VNM,2022,49.462,,,,final,,,
electricity.ember.clean-share-by-country,VNM,2023,42.941,,,,final,,,
electricity.ember.clean-share-by-country,VNM,2024,42.282,,,,final,,,
electricity.ember.clean-share-by-country,VNM,2025,45.277,,,,preliminary,"2025 is the latest year in Ember's file, which has no estimate flag; Ember's methodology says that for the most recent years it estimates annual generation from monthly data.",,
electricity.ember.clean-share-by-country,VUT,2000,0.0,,,,final,,,
electricity.ember.clean-share-by-country,VUT,2001,0.0,,,,final,,,
electricity.ember.clean-share-by-country,VUT,2002,0.0,,,,final,,,
electricity.ember.clean-share-by-country,VUT,2003,0.0,,,,final,,,
electricity.ember.clean-share-by-country,VUT,2004,0.0,,,,final,,,
electricity.ember.clean-share-by-country,VUT,2005,0.0,,,,final,,,
electricity.ember.clean-share-by-country,VUT,2006,0.0,,,,final,,,
electricity.ember.clean-share-by-country,VUT,2007,0.0,,,,final,,,
electricity.ember.clean-share-by-country,VUT,2008,0.0,,,,final,,,
electricity.ember.clean-share-by-country,VUT,2009,0.0,,,,final,,,
electricity.ember.clean-share-by-country,VUT,2010,0.0,,,,final,,,
electricity.ember.clean-share-by-country,VUT,2011,0.0,,,,final,,,
electricity.ember.clean-share-by-country,VUT,2012,0.0,,,,final,,,
electricity.ember.clean-share-by-country,VUT,2013,14.286,,,,final,,,
electricity.ember.clean-share-by-country,VUT,2014,14.286,,,,final,,,
electricity.ember.clean-share-by-country,VUT,2015,16.667,,,,final,,,
electricity.ember.clean-share-by-country,VUT,2016,14.286,,,,final,,,
electricity.ember.clean-share-by-country,VUT,2017,0.0,,,,final,,,
electricity.ember.clean-share-by-country,VUT,2018,25.0,,,,final,,,
electricity.ember.clean-share-by-country,VUT,2019,33.333,,,,final,,,
electricity.ember.clean-share-by-country,VUT,2020,33.333,,,,final,,,
electricity.ember.clean-share-by-country,VUT,2021,25.0,,,,final,,,
electricity.ember.clean-share-by-country,VUT,2022,25.0,,,,final,,,
electricity.ember.clean-share-by-country,VUT,2023,25.0,,,,final,,,
electricity.ember.clean-share-by-country,WLD,2000,35.288,,,,final,,,
electricity.ember.clean-share-by-country,WLD,2001,34.849,,,,final,,,
electricity.ember.clean-share-by-country,WLD,2002,34.396,,,,final,,,
electricity.ember.clean-share-by-country,WLD,2003,33.038,,,,final,,,
electricity.ember.clean-share-by-country,WLD,2004,33.555,,,,final,,,
electricity.ember.clean-share-by-country,WLD,2005,33.095,,,,final,,,
electricity.ember.clean-share-by-country,WLD,2006,32.85,,,,final,,,
electricity.ember.clean-share-by-country,WLD,2007,31.65,,,,final,,,
electricity.ember.clean-share-by-country,WLD,2008,32.273,,,,final,,,
electricity.ember.clean-share-by-country,WLD,2009,32.749,,,,final,,,
electricity.ember.clean-share-by-country,WLD,2010,32.497,,,,final,,,
electricity.ember.clean-share-by-country,WLD,2011,31.843,,,,final,,,
electricity.ember.clean-share-by-country,WLD,2012,31.722,,,,final,,,
electricity.ember.clean-share-by-country,WLD,2013,32.212,,,,final,,,
electricity.ember.clean-share-by-country,WLD,2014,32.724,,,,final,,,
electricity.ember.clean-share-by-country,WLD,2015,33.458,,,,final,,,
electricity.ember.clean-share-by-country,WLD,2016,34.097,,,,final,,,
electricity.ember.clean-share-by-country,WLD,2017,34.583,,,,final,,,
electricity.ember.clean-share-by-country,WLD,2018,35.027,,,,final,,,
electricity.ember.clean-share-by-country,WLD,2019,36.187,,,,final,,,
electricity.ember.clean-share-by-country,WLD,2020,37.718,,,,final,,,
electricity.ember.clean-share-by-country,WLD,2021,37.628,,,,final,,,
electricity.ember.clean-share-by-country,WLD,2022,38.323,,,,final,,,
electricity.ember.clean-share-by-country,WLD,2023,39.102,,,,preliminary,"Partly Ember's estimate: the file has no 2023 generation for 1 of the 209 countries and economies with generation for an earlier year, and Ember's methodology says it estimates a country's missing years from its historical trends of demand and generation by source.",,
electricity.ember.clean-share-by-country,WLD,2024,40.603,,,,preliminary,"Partly Ember's estimate: the file has no 2024 generation for 15 of the 209 countries and economies with generation for an earlier year, and Ember's methodology says it estimates a country's missing years from its historical trends of demand and generation by source.",,
electricity.ember.clean-share-by-country,WLD,2025,42.309,,,,preliminary,"Partly Ember's estimate: the file has no 2025 generation for 116 of the 209 countries and economies with generation for an earlier year, and Ember's methodology says it estimates a country's missing years from its historical trends of demand and generation by source.",,
electricity.ember.clean-share-by-country,WSM,2000,50.0,,,,final,,,
electricity.ember.clean-share-by-country,WSM,2001,50.0,,,,final,,,
electricity.ember.clean-share-by-country,WSM,2002,54.545,,,,final,,,
electricity.ember.clean-share-by-country,WSM,2003,50.0,,,,final,,,
electricity.ember.clean-share-by-country,WSM,2004,45.455,,,,final,,,
electricity.ember.clean-share-by-country,WSM,2005,45.455,,,,final,,,
electricity.ember.clean-share-by-country,WSM,2006,41.667,,,,final,,,
electricity.ember.clean-share-by-country,WSM,2007,41.667,,,,final,,,
electricity.ember.clean-share-by-country,WSM,2008,45.455,,,,final,,,
electricity.ember.clean-share-by-country,WSM,2009,38.462,,,,final,,,
electricity.ember.clean-share-by-country,WSM,2010,41.667,,,,final,,,
electricity.ember.clean-share-by-country,WSM,2011,38.462,,,,final,,,
electricity.ember.clean-share-by-country,WSM,2012,36.364,,,,final,,,
electricity.ember.clean-share-by-country,WSM,2013,25.0,,,,final,,,
electricity.ember.clean-share-by-country,WSM,2014,23.077,,,,final,,,
electricity.ember.clean-share-by-country,WSM,2015,30.769,,,,final,,,
electricity.ember.clean-share-by-country,WSM,2016,33.333,,,,final,,,
electricity.ember.clean-share-by-country,WSM,2017,31.25,,,,final,,,
electricity.ember.clean-share-by-country,WSM,2018,40.0,,,,final,,,
electricity.ember.clean-share-by-country,WSM,2019,41.176,,,,final,,,
electricity.ember.clean-share-by-country,WSM,2020,38.889,,,,final,,,
electricity.ember.clean-share-by-country,WSM,2021,47.059,,,,final,,,
electricity.ember.clean-share-by-country,WSM,2022,43.75,,,,final,,,
electricity.ember.clean-share-by-country,WSM,2023,40.0,,,,final,,,
electricity.ember.clean-share-by-country,WSM,2024,43.75,,,,final,,,
electricity.ember.clean-share-by-country,YEM,2000,0.0,,,,final,,,
electricity.ember.clean-share-by-country,YEM,2001,0.0,,,,final,,,
electricity.ember.clean-share-by-country,YEM,2002,0.0,,,,final,,,
electricity.ember.clean-share-by-country,YEM,2003,0.0,,,,final,,,
electricity.ember.clean-share-by-country,YEM,2004,0.0,,,,final,,,
electricity.ember.clean-share-by-country,YEM,2005,0.0,,,,final,,,
electricity.ember.clean-share-by-country,YEM,2006,0.0,,,,final,,,
electricity.ember.clean-share-by-country,YEM,2007,0.0,,,,final,,,
electricity.ember.clean-share-by-country,YEM,2008,0.0,,,,final,,,
electricity.ember.clean-share-by-country,YEM,2009,0.0,,,,final,,,
electricity.ember.clean-share-by-country,YEM,2010,0.0,,,,final,,,
electricity.ember.clean-share-by-country,YEM,2011,0.0,,,,final,,,
electricity.ember.clean-share-by-country,YEM,2012,0.0,,,,final,,,
electricity.ember.clean-share-by-country,YEM,2013,0.0,,,,final,,,
electricity.ember.clean-share-by-country,YEM,2014,0.131,,,,final,,,
electricity.ember.clean-share-by-country,YEM,2015,2.083,,,,final,,,
electricity.ember.clean-share-by-country,YEM,2016,3.326,,,,final,,,
electricity.ember.clean-share-by-country,YEM,2017,4.691,,,,final,,,
electricity.ember.clean-share-by-country,YEM,2018,13.754,,,,final,,,
electricity.ember.clean-share-by-country,YEM,2019,14.634,,,,final,,,
electricity.ember.clean-share-by-country,YEM,2020,16.667,,,,final,,,
electricity.ember.clean-share-by-country,YEM,2021,17.123,,,,final,,,
electricity.ember.clean-share-by-country,YEM,2022,16.832,,,,final,,,
electricity.ember.clean-share-by-country,YEM,2023,10.156,,,,final,,,
electricity.ember.clean-share-by-country,YEM,2024,11.238,,,,final,,,
electricity.ember.clean-share-by-country,ZAF,2000,6.926,,,,final,,,
electricity.ember.clean-share-by-country,ZAF,2001,6.121,,,,final,,,
electricity.ember.clean-share-by-country,ZAF,2002,6.596,,,,final,,,
electricity.ember.clean-share-by-country,ZAF,2003,5.947,,,,final,,,
electricity.ember.clean-share-by-country,ZAF,2004,6.022,,,,final,,,
electricity.ember.clean-share-by-country,ZAF,2005,5.34,,,,final,,,
electricity.ember.clean-share-by-country,ZAF,2006,5.268,,,,final,,,
electricity.ember.clean-share-by-country,ZAF,2007,5.56,,,,final,,,
electricity.ember.clean-share-by-country,ZAF,2008,5.715,,,,final,,,
electricity.ember.clean-share-by-country,ZAF,2009,5.914,,,,final,,,
electricity.ember.clean-share-by-country,ZAF,2010,5.825,,,,final,,,
electricity.ember.clean-share-by-country,ZAF,2011,6.26,,,,final,,,
electricity.ember.clean-share-by-country,ZAF,2012,5.615,,,,final,,,
electricity.ember.clean-share-by-country,ZAF,2013,6.165,,,,final,,,
electricity.ember.clean-share-by-country,ZAF,2014,7.104,,,,final,,,
electricity.ember.clean-share-by-country,ZAF,2015,7.502,,,,final,,,
electricity.ember.clean-share-by-country,ZAF,2016,9.177,,,,final,,,
electricity.ember.clean-share-by-country,ZAF,2017,10.316,,,,final,,,
electricity.ember.clean-share-by-country,ZAF,2018,9.387,,,,final,,,
electricity.ember.clean-share-by-country,ZAF,2019,10.452,,,,final,,,
electricity.ember.clean-share-by-country,ZAF,2020,10.455,,,,final,,,
electricity.ember.clean-share-by-country,ZAF,2021,12.739,,,,final,,,
electricity.ember.clean-share-by-country,ZAF,2022,14.099,,,,final,,,
electricity.ember.clean-share-by-country,ZAF,2023,15.875,,,,final,,,
electricity.ember.clean-share-by-country,ZAF,2024,15.663,,,,final,,,
electricity.ember.clean-share-by-country,ZAF,2025,17.841,,,,preliminary,"2025 is the latest year in Ember's file, which has no estimate flag; Ember's methodology says that for the most recent years it estimates annual generation from monthly data.",,
electricity.ember.clean-share-by-country,ZMB,2000,99.481,,,,final,,,
electricity.ember.clean-share-by-country,ZMB,2001,99.37,,,,final,,,
electricity.ember.clean-share-by-country,ZMB,2002,99.265,,,,final,,,
electricity.ember.clean-share-by-country,ZMB,2003,99.279,,,,final,,,
electricity.ember.clean-share-by-country,ZMB,2004,99.412,,,,final,,,
electricity.ember.clean-share-by-country,ZMB,2005,99.329,,,,final,,,
electricity.ember.clean-share-by-country,ZMB,2006,99.897,,,,final,,,
electricity.ember.clean-share-by-country,ZMB,2007,99.896,,,,final,,,
electricity.ember.clean-share-by-country,ZMB,2008,99.895,,,,final,,,
electricity.ember.clean-share-by-country,ZMB,2009,99.899,,,,final,,,
electricity.ember.clean-share-by-country,ZMB,2010,99.904,,,,final,,,
electricity.ember.clean-share-by-country,ZMB,2011,99.913,,,,final,,,
electricity.ember.clean-share-by-country,ZMB,2012,99.838,,,,final,,,
electricity.ember.clean-share-by-country,ZMB,2013,99.85,,,,final,,,
electricity.ember.clean-share-by-country,ZMB,2014,97.176,,,,final,,,
electricity.ember.clean-share-by-country,ZMB,2015,97.039,,,,final,,,
electricity.ember.clean-share-by-country,ZMB,2016,94.308,,,,final,,,
electricity.ember.clean-share-by-country,ZMB,2017,86.332,,,,final,,,
electricity.ember.clean-share-by-country,ZMB,2018,84.644,,,,final,,,
electricity.ember.clean-share-by-country,ZMB,2019,84.652,,,,final,,,
electricity.ember.clean-share-by-country,ZMB,2020,85.489,,,,final,,,
electricity.ember.clean-share-by-country,ZMB,2021,91.986,,,,final,,,
electricity.ember.clean-share-by-country,ZMB,2022,88.906,,,,final,,,
electricity.ember.clean-share-by-country,ZMB,2023,89.003,,,,final,,,
electricity.ember.clean-share-by-country,ZMB,2024,87.475,,,,final,,,
electricity.ember.clean-share-by-country,ZWE,2000,45.637,,,,final,,,
electricity.ember.clean-share-by-country,ZWE,2001,37.468,,,,final,,,
electricity.ember.clean-share-by-country,ZWE,2002,44.406,,,,final,,,
electricity.ember.clean-share-by-country,ZWE,2003,60.751,,,,final,,,
electricity.ember.clean-share-by-country,ZWE,2004,56.584,,,,final,,,
electricity.ember.clean-share-by-country,ZWE,2005,52.457,,,,final,,,
electricity.ember.clean-share-by-country,ZWE,2006,67.794,,,,final,,,
electricity.ember.clean-share-by-country,ZWE,2007,71.579,,,,final,,,
electricity.ember.clean-share-by-country,ZWE,2008,75.885,,,,final,,,
electricity.ember.clean-share-by-country,ZWE,2009,75.72,,,,final,,,
electricity.ember.clean-share-by-country,ZWE,2010,67.94,,,,final,,,
electricity.ember.clean-share-by-country,ZWE,2011,57.688,,,,final,,,
electricity.ember.clean-share-by-country,ZWE,2012,60.219,,,,final,,,
electricity.ember.clean-share-by-country,ZWE,2013,53.774,,,,final,,,
electricity.ember.clean-share-by-country,ZWE,2014,55.172,,,,final,,,
electricity.ember.clean-share-by-country,ZWE,2015,52.555,,,,final,,,
electricity.ember.clean-share-by-country,ZWE,2016,44.909,,,,final,,,
electricity.ember.clean-share-by-country,ZWE,2017,54.702,,,,final,,,
electricity.ember.clean-share-by-country,ZWE,2018,55.673,,,,final,,,
electricity.ember.clean-share-by-country,ZWE,2019,51.651,,,,final,,,
electricity.ember.clean-share-by-country,ZWE,2020,58.569,,,,final,,,
electricity.ember.clean-share-by-country,ZWE,2021,70.712,,,,final,,,
electricity.ember.clean-share-by-country,ZWE,2022,67.338,,,,final,,,
electricity.ember.clean-share-by-country,ZWE,2023,56.156,,,,final,,,
electricity.ember.clean-share-by-country,ZWE,2024,57.115,,,,final,,,
