# World electricity generation by source, monthly
# Indicator: electricity.ember.monthly-mix-world (vintage 2026-09-18); unit: percent of electricity generation (percent)
# Source: Ember <https://ember-energy.org/data/monthly-electricity-data/>
# Credit: Ember, Monthly Electricity Data (file of 2026-09-18), CC BY 4.0.
# Licence: CC BY 4.0 <https://creativecommons.org/licenses/by/4.0/>
# Provenance and processing: https://environmentdashboard.org/data/electricity/ember/monthly-mix-world
indicator_id,entity,period,value,lower,upper,interval,status,note,missing_reason,age_bp,source
electricity.ember.monthly-mix-world,WLD,2019-01,1.584,,,,final,Ember's World estimate for this month; the file has Total generation for 84 countries and economies.,,,solar
electricity.ember.monthly-mix-world,WLD,2019-02,2.109,,,,final,Ember's World estimate for this month; the file has Total generation for 84 countries and economies.,,,solar
electricity.ember.monthly-mix-world,WLD,2019-03,2.684,,,,final,Ember's World estimate for this month; the file has Total generation for 84 countries and economies.,,,solar
electricity.ember.monthly-mix-world,WLD,2019-04,3.154,,,,final,Ember's World estimate for this month; the file has Total generation for 84 countries and economies.,,,solar
electricity.ember.monthly-mix-world,WLD,2019-05,3.262,,,,final,Ember's World estimate for this month; the file has Total generation for 84 countries and economies.,,,solar
electricity.ember.monthly-mix-world,WLD,2019-06,3.232,,,,final,Ember's World estimate for this month; the file has Total generation for 84 countries and economies.,,,solar
electricity.ember.monthly-mix-world,WLD,2019-07,2.937,,,,final,Ember's World estimate for this month; the file has Total generation for 84 countries and economies.,,,solar
electricity.ember.monthly-mix-world,WLD,2019-08,2.965,,,,final,Ember's World estimate for this month; the file has Total generation for 84 countries and economies.,,,solar
electricity.ember.monthly-mix-world,WLD,2019-09,2.904,,,,final,Ember's World estimate for this month; the file has Total generation for 84 countries and economies.,,,solar
electricity.ember.monthly-mix-world,WLD,2019-10,2.646,,,,final,Ember's World estimate for this month; the file has Total generation for 84 countries and economies.,,,solar
electricity.ember.monthly-mix-world,WLD,2019-11,2.149,,,,final,Ember's World estimate for this month; the file has Total generation for 84 countries and economies.,,,solar
electricity.ember.monthly-mix-world,WLD,2019-12,1.902,,,,final,Ember's World estimate for this month; the file has Total generation for 84 countries and economies.,,,solar
electricity.ember.monthly-mix-world,WLD,2020-01,2.035,,,,final,Ember's World estimate for this month; the file has Total generation for 86 countries and economies.,,,solar
electricity.ember.monthly-mix-world,WLD,2020-02,2.716,,,,final,Ember's World estimate for this month; the file has Total generation for 86 countries and economies.,,,solar
electricity.ember.monthly-mix-world,WLD,2020-03,3.332,,,,final,Ember's World estimate for this month; the file has Total generation for 86 countries and economies.,,,solar
electricity.ember.monthly-mix-world,WLD,2020-04,4.181,,,,final,Ember's World estimate for this month; the file has Total generation for 86 countries and economies.,,,solar
electricity.ember.monthly-mix-world,WLD,2020-05,4.148,,,,final,Ember's World estimate for this month; the file has Total generation for 86 countries and economies.,,,solar
electricity.ember.monthly-mix-world,WLD,2020-06,3.728,,,,final,Ember's World estimate for this month; the file has Total generation for 86 countries and economies.,,,solar
electricity.ember.monthly-mix-world,WLD,2020-07,3.539,,,,final,Ember's World estimate for this month; the file has Total generation for 86 countries and economies.,,,solar
electricity.ember.monthly-mix-world,WLD,2020-08,3.53,,,,final,Ember's World estimate for this month; the file has Total generation for 86 countries and economies.,,,solar
electricity.ember.monthly-mix-world,WLD,2020-09,3.462,,,,final,Ember's World estimate for this month; the file has Total generation for 86 countries and economies.,,,solar
electricity.ember.monthly-mix-world,WLD,2020-10,3.114,,,,final,Ember's World estimate for this month; the file has Total generation for 86 countries and economies.,,,solar
electricity.ember.monthly-mix-world,WLD,2020-11,2.619,,,,final,Ember's World estimate for this month; the file has Total generation for 86 countries and economies.,,,solar
electricity.ember.monthly-mix-world,WLD,2020-12,2.215,,,,final,Ember's World estimate for this month; the file has Total generation for 86 countries and economies.,,,solar
electricity.ember.monthly-mix-world,WLD,2021-01,2.413,,,,final,Ember's World estimate for this month; the file has Total generation for 86 countries and economies.,,,solar
electricity.ember.monthly-mix-world,WLD,2021-02,3.245,,,,final,Ember's World estimate for this month; the file has Total generation for 86 countries and economies.,,,solar
electricity.ember.monthly-mix-world,WLD,2021-03,3.831,,,,final,Ember's World estimate for this month; the file has Total generation for 86 countries and economies.,,,solar
electricity.ember.monthly-mix-world,WLD,2021-04,4.309,,,,final,Ember's World estimate for this month; the file has Total generation for 86 countries and economies.,,,solar
electricity.ember.monthly-mix-world,WLD,2021-05,4.608,,,,final,Ember's World estimate for this month; the file has Total generation for 86 countries and economies.,,,solar
electricity.ember.monthly-mix-world,WLD,2021-06,4.443,,,,final,Ember's World estimate for this month; the file has Total generation for 86 countries and economies.,,,solar
electricity.ember.monthly-mix-world,WLD,2021-07,4.098,,,,final,Ember's World estimate for this month; the file has Total generation for 86 countries and economies.,,,solar
electricity.ember.monthly-mix-world,WLD,2021-08,4.034,,,,final,Ember's World estimate for this month; the file has Total generation for 86 countries and economies.,,,solar
electricity.ember.monthly-mix-world,WLD,2021-09,4.007,,,,final,Ember's World estimate for this month; the file has Total generation for 86 countries and economies.,,,solar
electricity.ember.monthly-mix-world,WLD,2021-10,3.781,,,,final,Ember's World estimate for this month; the file has Total generation for 86 countries and economies.,,,solar
electricity.ember.monthly-mix-world,WLD,2021-11,3.237,,,,final,Ember's World estimate for this month; the file has Total generation for 86 countries and economies.,,,solar
electricity.ember.monthly-mix-world,WLD,2021-12,2.871,,,,final,Ember's World estimate for this month; the file has Total generation for 86 countries and economies.,,,solar
electricity.ember.monthly-mix-world,WLD,2022-01,2.986,,,,final,Ember's World estimate for this month; the file has Total generation for 87 countries and economies.,,,solar
electricity.ember.monthly-mix-world,WLD,2022-02,3.895,,,,final,Ember's World estimate for this month; the file has Total generation for 87 countries and economies.,,,solar
electricity.ember.monthly-mix-world,WLD,2022-03,4.528,,,,final,Ember's World estimate for this month; the file has Total generation for 87 countries and economies.,,,solar
electricity.ember.monthly-mix-world,WLD,2022-04,5.391,,,,final,Ember's World estimate for this month; the file has Total generation for 87 countries and economies.,,,solar
electricity.ember.monthly-mix-world,WLD,2022-05,5.673,,,,final,Ember's World estimate for this month; the file has Total generation for 87 countries and economies.,,,solar
electricity.ember.monthly-mix-world,WLD,2022-06,5.387,,,,final,Ember's World estimate for this month; the file has Total generation for 87 countries and economies.,,,solar
electricity.ember.monthly-mix-world,WLD,2022-07,5.124,,,,final,Ember's World estimate for this month; the file has Total generation for 87 countries and economies.,,,solar
electricity.ember.monthly-mix-world,WLD,2022-08,4.972,,,,final,Ember's World estimate for this month; the file has Total generation for 87 countries and economies.,,,solar
electricity.ember.monthly-mix-world,WLD,2022-09,5.157,,,,final,Ember's World estimate for this month; the file has Total generation for 87 countries and economies.,,,solar
electricity.ember.monthly-mix-world,WLD,2022-10,4.908,,,,preliminary,"Ember's World estimate for this month; the file has Total generation for 87 countries and economies. 1 of the 87 with generation for an earlier month have none for this month, so their part of the World total is estimated.",,,solar
electricity.ember.monthly-mix-world,WLD,2022-11,3.918,,,,preliminary,"Ember's World estimate for this month; the file has Total generation for 87 countries and economies. 1 of the 88 with generation for an earlier month have none for this month, so their part of the World total is estimated.",,,solar
electricity.ember.monthly-mix-world,WLD,2022-12,3.318,,,,preliminary,"Ember's World estimate for this month; the file has Total generation for 87 countries and economies. 1 of the 88 with generation for an earlier month have none for this month, so their part of the World total is estimated.",,,solar
electricity.ember.monthly-mix-world,WLD,2023-01,3.679,,,,preliminary,"Ember's World estimate for this month; the file has Total generation for 87 countries and economies. 1 of the 88 with generation for an earlier month have none for this month, so their part of the World total is estimated.",,,solar
electricity.ember.monthly-mix-world,WLD,2023-02,4.665,,,,preliminary,"Ember's World estimate for this month; the file has Total generation for 87 countries and economies. 1 of the 88 with generation for an earlier month have none for this month, so their part of the World total is estimated.",,,solar
electricity.ember.monthly-mix-world,WLD,2023-03,5.408,,,,preliminary,"Ember's World estimate for this month; the file has Total generation for 87 countries and economies. 1 of the 88 with generation for an earlier month have none for this month, so their part of the World total is estimated.",,,solar
electricity.ember.monthly-mix-world,WLD,2023-04,6.318,,,,preliminary,"Ember's World estimate for this month; the file has Total generation for 87 countries and economies. 1 of the 88 with generation for an earlier month have none for this month, so their part of the World total is estimated.",,,solar
electricity.ember.monthly-mix-world,WLD,2023-05,6.766,,,,preliminary,"Ember's World estimate for this month; the file has Total generation for 87 countries and economies. 1 of the 88 with generation for an earlier month have none for this month, so their part of the World total is estimated.",,,solar
electricity.ember.monthly-mix-world,WLD,2023-06,6.721,,,,preliminary,"Ember's World estimate for this month; the file has Total generation for 87 countries and economies. 1 of the 88 with generation for an earlier month have none for this month, so their part of the World total is estimated.",,,solar
electricity.ember.monthly-mix-world,WLD,2023-07,6.145,,,,preliminary,"Ember's World estimate for this month; the file has Total generation for 87 countries and economies. 1 of the 88 with generation for an earlier month have none for this month, so their part of the World total is estimated.",,,solar
electricity.ember.monthly-mix-world,WLD,2023-08,6.113,,,,preliminary,"Ember's World estimate for this month; the file has Total generation for 87 countries and economies. 1 of the 88 with generation for an earlier month have none for this month, so their part of the World total is estimated.",,,solar
electricity.ember.monthly-mix-world,WLD,2023-09,6.133,,,,preliminary,"Ember's World estimate for this month; the file has Total generation for 87 countries and economies. 1 of the 88 with generation for an earlier month have none for this month, so their part of the World total is estimated.",,,solar
electricity.ember.monthly-mix-world,WLD,2023-10,5.934,,,,preliminary,"Ember's World estimate for this month; the file has Total generation for 87 countries and economies. 1 of the 88 with generation for an earlier month have none for this month, so their part of the World total is estimated.",,,solar
electricity.ember.monthly-mix-world,WLD,2023-11,4.974,,,,preliminary,"Ember's World estimate for this month; the file has Total generation for 87 countries and economies. 1 of the 88 with generation for an earlier month have none for this month, so their part of the World total is estimated.",,,solar
electricity.ember.monthly-mix-world,WLD,2023-12,4.227,,,,preliminary,"Ember's World estimate for this month; the file has Total generation for 87 countries and economies. 1 of the 88 with generation for an earlier month have none for this month, so their part of the World total is estimated.",,,solar
electricity.ember.monthly-mix-world,WLD,2024-01,4.433,,,,preliminary,"Ember's World estimate for this month; the file has Total generation for 87 countries and economies. 1 of the 88 with generation for an earlier month have none for this month, so their part of the World total is estimated.",,,solar
electricity.ember.monthly-mix-world,WLD,2024-02,5.476,,,,preliminary,"Ember's World estimate for this month; the file has Total generation for 87 countries and economies. 1 of the 88 with generation for an earlier month have none for this month, so their part of the World total is estimated.",,,solar
electricity.ember.monthly-mix-world,WLD,2024-03,6.828,,,,preliminary,"Ember's World estimate for this month; the file has Total generation for 87 countries and economies. 1 of the 88 with generation for an earlier month have none for this month, so their part of the World total is estimated.",,,solar
electricity.ember.monthly-mix-world,WLD,2024-04,7.886,,,,preliminary,"Ember's World estimate for this month; the file has Total generation for 87 countries and economies. 1 of the 88 with generation for an earlier month have none for this month, so their part of the World total is estimated.",,,solar
electricity.ember.monthly-mix-world,WLD,2024-05,8.564,,,,preliminary,"Ember's World estimate for this month; the file has Total generation for 87 countries and economies. 1 of the 88 with generation for an earlier month have none for this month, so their part of the World total is estimated.",,,solar
electricity.ember.monthly-mix-world,WLD,2024-06,8.163,,,,preliminary,"Ember's World estimate for this month; the file has Total generation for 87 countries and economies. 1 of the 88 with generation for an earlier month have none for this month, so their part of the World total is estimated.",,,solar
electricity.ember.monthly-mix-world,WLD,2024-07,7.653,,,,preliminary,"Ember's World estimate for this month; the file has Total generation for 86 countries and economies. 2 of the 88 with generation for an earlier month have none for this month, so their part of the World total is estimated.",,,solar
electricity.ember.monthly-mix-world,WLD,2024-08,7.863,,,,preliminary,"Ember's World estimate for this month; the file has Total generation for 86 countries and economies. 2 of the 88 with generation for an earlier month have none for this month, so their part of the World total is estimated.",,,solar
electricity.ember.monthly-mix-world,WLD,2024-09,7.385,,,,preliminary,"Ember's World estimate for this month; the file has Total generation for 86 countries and economies. 2 of the 88 with generation for an earlier month have none for this month, so their part of the World total is estimated.",,,solar
electricity.ember.monthly-mix-world,WLD,2024-10,7.165,,,,preliminary,"Ember's World estimate for this month; the file has Total generation for 86 countries and economies. 2 of the 88 with generation for an earlier month have none for this month, so their part of the World total is estimated.",,,solar
electricity.ember.monthly-mix-world,WLD,2024-11,6.104,,,,preliminary,"Ember's World estimate for this month; the file has Total generation for 86 countries and economies. 2 of the 88 with generation for an earlier month have none for this month, so their part of the World total is estimated.",,,solar
electricity.ember.monthly-mix-world,WLD,2024-12,5.558,,,,preliminary,"Ember's World estimate for this month; the file has Total generation for 86 countries and economies. 2 of the 88 with generation for an earlier month have none for this month, so their part of the World total is estimated.",,,solar
electricity.ember.monthly-mix-world,WLD,2025-01,6.001,,,,preliminary,"Ember's World estimate for this month; the file has Total generation for 85 countries and economies. 3 of the 88 with generation for an earlier month have none for this month, so their part of the World total is estimated.",,,solar
electricity.ember.monthly-mix-world,WLD,2025-02,7.261,,,,preliminary,"Ember's World estimate for this month; the file has Total generation for 85 countries and economies. 3 of the 88 with generation for an earlier month have none for this month, so their part of the World total is estimated.",,,solar
electricity.ember.monthly-mix-world,WLD,2025-03,8.66,,,,preliminary,"Ember's World estimate for this month; the file has Total generation for 85 countries and economies. 3 of the 88 with generation for an earlier month have none for this month, so their part of the World total is estimated.",,,solar
electricity.ember.monthly-mix-world,WLD,2025-04,10.313,,,,preliminary,"Ember's World estimate for this month; the file has Total generation for 85 countries and economies. 3 of the 88 with generation for an earlier month have none for this month, so their part of the World total is estimated.",,,solar
electricity.ember.monthly-mix-world,WLD,2025-05,10.57,,,,preliminary,"Ember's World estimate for this month; the file has Total generation for 84 countries and economies. 4 of the 88 with generation for an earlier month have none for this month, so their part of the World total is estimated.",,,solar
electricity.ember.monthly-mix-world,WLD,2025-06,10.508,,,,preliminary,"Ember's World estimate for this month; the file has Total generation for 84 countries and economies. 4 of the 88 with generation for an earlier month have none for this month, so their part of the World total is estimated.",,,solar
electricity.ember.monthly-mix-world,WLD,2025-07,10.0,,,,preliminary,"Ember's World estimate for this month; the file has Total generation for 84 countries and economies. 4 of the 88 with generation for an earlier month have none for this month, so their part of the World total is estimated.",,,solar
electricity.ember.monthly-mix-world,WLD,2025-08,9.797,,,,preliminary,"Ember's World estimate for this month; the file has Total generation for 84 countries and economies. 4 of the 88 with generation for an earlier month have none for this month, so their part of the World total is estimated.",,,solar
electricity.ember.monthly-mix-world,WLD,2025-09,9.339,,,,preliminary,"Ember's World estimate for this month; the file has Total generation for 84 countries and economies. 4 of the 88 with generation for an earlier month have none for this month, so their part of the World total is estimated.",,,solar
electricity.ember.monthly-mix-world,WLD,2025-10,8.192,,,,preliminary,"Ember's World estimate for this month; the file has Total generation for 84 countries and economies. 4 of the 88 with generation for an earlier month have none for this month, so their part of the World total is estimated.",,,solar
electricity.ember.monthly-mix-world,WLD,2025-11,7.714,,,,preliminary,"Ember's World estimate for this month; the file has Total generation for 83 countries and economies. 5 of the 88 with generation for an earlier month have none for this month, so their part of the World total is estimated.",,,solar
electricity.ember.monthly-mix-world,WLD,2025-12,6.782,,,,preliminary,"Ember's World estimate for this month; the file has Total generation for 82 countries and economies. 6 of the 88 with generation for an earlier month have none for this month, so their part of the World total is estimated.",,,solar
electricity.ember.monthly-mix-world,WLD,2026-01,6.945,,,,preliminary,"Ember's World estimate for this month; the file has Total generation for 80 countries and economies. 8 of the 88 with generation for an earlier month have none for this month, so their part of the World total is estimated.",,,solar
electricity.ember.monthly-mix-world,WLD,2026-02,8.148,,,,preliminary,"Ember's World estimate for this month; the file has Total generation for 80 countries and economies. 8 of the 88 with generation for an earlier month have none for this month, so their part of the World total is estimated.",,,solar
electricity.ember.monthly-mix-world,WLD,2026-03,10.013,,,,preliminary,"Ember's World estimate for this month; the file has Total generation for 80 countries and economies. 8 of the 88 with generation for an earlier month have none for this month, so their part of the World total is estimated.",,,solar
electricity.ember.monthly-mix-world,WLD,2026-04,11.372,,,,preliminary,"Ember's World estimate for this month; the file has Total generation for 72 countries and economies. 16 of the 88 with generation for an earlier month have none for this month, so their part of the World total is estimated.",,,solar
electricity.ember.monthly-mix-world,WLD,2026-05,11.976,,,,preliminary,"Ember's World estimate for this month; the file has Total generation for 71 countries and economies. 17 of the 88 with generation for an earlier month have none for this month, so their part of the World total is estimated.",,,solar
electricity.ember.monthly-mix-world,WLD,2026-06,11.993,,,,preliminary,"Ember's World estimate for this month; the file has Total generation for 64 countries and economies. 24 of the 88 with generation for an earlier month have none for this month, so their part of the World total is estimated.",,,solar
electricity.ember.monthly-mix-world,WLD,2026-07,11.277,,,,preliminary,"Ember's World estimate for this month; the file has Total generation for 56 countries and economies. 32 of the 88 with generation for an earlier month have none for this month, so their part of the World total is estimated.",,,solar
electricity.ember.monthly-mix-world,WLD,2019-01,5.483,,,,final,Ember's World estimate for this month; the file has Total generation for 84 countries and economies.,,,wind
electricity.ember.monthly-mix-world,WLD,2019-02,5.607,,,,final,Ember's World estimate for this month; the file has Total generation for 84 countries and economies.,,,wind
electricity.ember.monthly-mix-world,WLD,2019-03,6.328,,,,final,Ember's World estimate for this month; the file has Total generation for 84 countries and economies.,,,wind
electricity.ember.monthly-mix-world,WLD,2019-04,5.981,,,,final,Ember's World estimate for this month; the file has Total generation for 84 countries and economies.,,,wind
electricity.ember.monthly-mix-world,WLD,2019-05,5.629,,,,final,Ember's World estimate for this month; the file has Total generation for 84 countries and economies.,,,wind
electricity.ember.monthly-mix-world,WLD,2019-06,4.809,,,,final,Ember's World estimate for this month; the file has Total generation for 84 countries and economies.,,,wind
electricity.ember.monthly-mix-world,WLD,2019-07,4.28,,,,final,Ember's World estimate for this month; the file has Total generation for 84 countries and economies.,,,wind
electricity.ember.monthly-mix-world,WLD,2019-08,4.264,,,,final,Ember's World estimate for this month; the file has Total generation for 84 countries and economies.,,,wind
electricity.ember.monthly-mix-world,WLD,2019-09,4.959,,,,final,Ember's World estimate for this month; the file has Total generation for 84 countries and economies.,,,wind
electricity.ember.monthly-mix-world,WLD,2019-10,5.655,,,,final,Ember's World estimate for this month; the file has Total generation for 84 countries and economies.,,,wind
electricity.ember.monthly-mix-world,WLD,2019-11,6.07,,,,final,Ember's World estimate for this month; the file has Total generation for 84 countries and economies.,,,wind
electricity.ember.monthly-mix-world,WLD,2019-12,6.385,,,,final,Ember's World estimate for this month; the file has Total generation for 84 countries and economies.,,,wind
electricity.ember.monthly-mix-world,WLD,2020-01,5.998,,,,final,Ember's World estimate for this month; the file has Total generation for 86 countries and economies.,,,wind
electricity.ember.monthly-mix-world,WLD,2020-02,7.474,,,,final,Ember's World estimate for this month; the file has Total generation for 86 countries and economies.,,,wind
electricity.ember.monthly-mix-world,WLD,2020-03,7.21,,,,final,Ember's World estimate for this month; the file has Total generation for 86 countries and economies.,,,wind
electricity.ember.monthly-mix-world,WLD,2020-04,6.598,,,,final,Ember's World estimate for this month; the file has Total generation for 86 countries and economies.,,,wind
electricity.ember.monthly-mix-world,WLD,2020-05,6.367,,,,final,Ember's World estimate for this month; the file has Total generation for 86 countries and economies.,,,wind
electricity.ember.monthly-mix-world,WLD,2020-06,5.528,,,,final,Ember's World estimate for this month; the file has Total generation for 86 countries and economies.,,,wind
electricity.ember.monthly-mix-world,WLD,2020-07,4.687,,,,final,Ember's World estimate for this month; the file has Total generation for 86 countries and economies.,,,wind
electricity.ember.monthly-mix-world,WLD,2020-08,4.729,,,,final,Ember's World estimate for this month; the file has Total generation for 86 countries and economies.,,,wind
electricity.ember.monthly-mix-world,WLD,2020-09,5.089,,,,final,Ember's World estimate for this month; the file has Total generation for 86 countries and economies.,,,wind
electricity.ember.monthly-mix-world,WLD,2020-10,6.629,,,,final,Ember's World estimate for this month; the file has Total generation for 86 countries and economies.,,,wind
electricity.ember.monthly-mix-world,WLD,2020-11,6.799,,,,final,Ember's World estimate for this month; the file has Total generation for 86 countries and economies.,,,wind
electricity.ember.monthly-mix-world,WLD,2020-12,6.706,,,,final,Ember's World estimate for this month; the file has Total generation for 86 countries and economies.,,,wind
electricity.ember.monthly-mix-world,WLD,2021-01,6.66,,,,final,Ember's World estimate for this month; the file has Total generation for 86 countries and economies.,,,wind
electricity.ember.monthly-mix-world,WLD,2021-02,7.653,,,,final,Ember's World estimate for this month; the file has Total generation for 86 countries and economies.,,,wind
electricity.ember.monthly-mix-world,WLD,2021-03,7.564,,,,final,Ember's World estimate for this month; the file has Total generation for 86 countries and economies.,,,wind
electricity.ember.monthly-mix-world,WLD,2021-04,7.315,,,,final,Ember's World estimate for this month; the file has Total generation for 86 countries and economies.,,,wind
electricity.ember.monthly-mix-world,WLD,2021-05,7.463,,,,final,Ember's World estimate for this month; the file has Total generation for 86 countries and economies.,,,wind
electricity.ember.monthly-mix-world,WLD,2021-06,5.538,,,,final,Ember's World estimate for this month; the file has Total generation for 86 countries and economies.,,,wind
electricity.ember.monthly-mix-world,WLD,2021-07,5.268,,,,final,Ember's World estimate for this month; the file has Total generation for 86 countries and economies.,,,wind
electricity.ember.monthly-mix-world,WLD,2021-08,5.303,,,,final,Ember's World estimate for this month; the file has Total generation for 86 countries and economies.,,,wind
electricity.ember.monthly-mix-world,WLD,2021-09,5.713,,,,final,Ember's World estimate for this month; the file has Total generation for 86 countries and economies.,,,wind
electricity.ember.monthly-mix-world,WLD,2021-10,7.442,,,,final,Ember's World estimate for this month; the file has Total generation for 86 countries and economies.,,,wind
electricity.ember.monthly-mix-world,WLD,2021-11,7.723,,,,final,Ember's World estimate for this month; the file has Total generation for 86 countries and economies.,,,wind
electricity.ember.monthly-mix-world,WLD,2021-12,7.925,,,,final,Ember's World estimate for this month; the file has Total generation for 86 countries and economies.,,,wind
electricity.ember.monthly-mix-world,WLD,2022-01,7.098,,,,final,Ember's World estimate for this month; the file has Total generation for 87 countries and economies.,,,wind
electricity.ember.monthly-mix-world,WLD,2022-02,8.717,,,,final,Ember's World estimate for this month; the file has Total generation for 87 countries and economies.,,,wind
electricity.ember.monthly-mix-world,WLD,2022-03,8.313,,,,final,Ember's World estimate for this month; the file has Total generation for 87 countries and economies.,,,wind
electricity.ember.monthly-mix-world,WLD,2022-04,8.95,,,,final,Ember's World estimate for this month; the file has Total generation for 87 countries and economies.,,,wind
electricity.ember.monthly-mix-world,WLD,2022-05,8.123,,,,final,Ember's World estimate for this month; the file has Total generation for 87 countries and economies.,,,wind
electricity.ember.monthly-mix-world,WLD,2022-06,6.618,,,,final,Ember's World estimate for this month; the file has Total generation for 87 countries and economies.,,,wind
electricity.ember.monthly-mix-world,WLD,2022-07,5.828,,,,final,Ember's World estimate for this month; the file has Total generation for 87 countries and economies.,,,wind
electricity.ember.monthly-mix-world,WLD,2022-08,5.292,,,,final,Ember's World estimate for this month; the file has Total generation for 87 countries and economies.,,,wind
electricity.ember.monthly-mix-world,WLD,2022-09,6.34,,,,final,Ember's World estimate for this month; the file has Total generation for 87 countries and economies.,,,wind
electricity.ember.monthly-mix-world,WLD,2022-10,8.21,,,,preliminary,"Ember's World estimate for this month; the file has Total generation for 87 countries and economies. 1 of the 87 with generation for an earlier month have none for this month, so their part of the World total is estimated.",,,wind
electricity.ember.monthly-mix-world,WLD,2022-11,8.617,,,,preliminary,"Ember's World estimate for this month; the file has Total generation for 87 countries and economies. 1 of the 88 with generation for an earlier month have none for this month, so their part of the World total is estimated.",,,wind
electricity.ember.monthly-mix-world,WLD,2022-12,8.295,,,,preliminary,"Ember's World estimate for this month; the file has Total generation for 87 countries and economies. 1 of the 88 with generation for an earlier month have none for this month, so their part of the World total is estimated.",,,wind
electricity.ember.monthly-mix-world,WLD,2023-01,8.829,,,,preliminary,"Ember's World estimate for this month; the file has Total generation for 87 countries and economies. 1 of the 88 with generation for an earlier month have none for this month, so their part of the World total is estimated.",,,wind
electricity.ember.monthly-mix-world,WLD,2023-02,8.943,,,,preliminary,"Ember's World estimate for this month; the file has Total generation for 87 countries and economies. 1 of the 88 with generation for an earlier month have none for this month, so their part of the World total is estimated.",,,wind
electricity.ember.monthly-mix-world,WLD,2023-03,8.981,,,,preliminary,"Ember's World estimate for this month; the file has Total generation for 87 countries and economies. 1 of the 88 with generation for an earlier month have none for this month, so their part of the World total is estimated.",,,wind
electricity.ember.monthly-mix-world,WLD,2023-04,9.338,,,,preliminary,"Ember's World estimate for this month; the file has Total generation for 87 countries and economies. 1 of the 88 with generation for an earlier month have none for this month, so their part of the World total is estimated.",,,wind
electricity.ember.monthly-mix-world,WLD,2023-05,8.115,,,,preliminary,"Ember's World estimate for this month; the file has Total generation for 87 countries and economies. 1 of the 88 with generation for an earlier month have none for this month, so their part of the World total is estimated.",,,wind
electricity.ember.monthly-mix-world,WLD,2023-06,6.434,,,,preliminary,"Ember's World estimate for this month; the file has Total generation for 87 countries and economies. 1 of the 88 with generation for an earlier month have none for this month, so their part of the World total is estimated.",,,wind
electricity.ember.monthly-mix-world,WLD,2023-07,6.587,,,,preliminary,"Ember's World estimate for this month; the file has Total generation for 87 countries and economies. 1 of the 88 with generation for an earlier month have none for this month, so their part of the World total is estimated.",,,wind
electricity.ember.monthly-mix-world,WLD,2023-08,5.694,,,,preliminary,"Ember's World estimate for this month; the file has Total generation for 87 countries and economies. 1 of the 88 with generation for an earlier month have none for this month, so their part of the World total is estimated.",,,wind
electricity.ember.monthly-mix-world,WLD,2023-09,6.383,,,,preliminary,"Ember's World estimate for this month; the file has Total generation for 87 countries and economies. 1 of the 88 with generation for an earlier month have none for this month, so their part of the World total is estimated.",,,wind
electricity.ember.monthly-mix-world,WLD,2023-10,8.11,,,,preliminary,"Ember's World estimate for this month; the file has Total generation for 87 countries and economies. 1 of the 88 with generation for an earlier month have none for this month, so their part of the World total is estimated.",,,wind
electricity.ember.monthly-mix-world,WLD,2023-11,9.777,,,,preliminary,"Ember's World estimate for this month; the file has Total generation for 87 countries and economies. 1 of the 88 with generation for an earlier month have none for this month, so their part of the World total is estimated.",,,wind
electricity.ember.monthly-mix-world,WLD,2023-12,9.407,,,,preliminary,"Ember's World estimate for this month; the file has Total generation for 87 countries and economies. 1 of the 88 with generation for an earlier month have none for this month, so their part of the World total is estimated.",,,wind
electricity.ember.monthly-mix-world,WLD,2024-01,8.686,,,,preliminary,"Ember's World estimate for this month; the file has Total generation for 87 countries and economies. 1 of the 88 with generation for an earlier month have none for this month, so their part of the World total is estimated.",,,wind
electricity.ember.monthly-mix-world,WLD,2024-02,9.451,,,,preliminary,"Ember's World estimate for this month; the file has Total generation for 87 countries and economies. 1 of the 88 with generation for an earlier month have none for this month, so their part of the World total is estimated.",,,wind
electricity.ember.monthly-mix-world,WLD,2024-03,9.445,,,,preliminary,"Ember's World estimate for this month; the file has Total generation for 87 countries and economies. 1 of the 88 with generation for an earlier month have none for this month, so their part of the World total is estimated.",,,wind
electricity.ember.monthly-mix-world,WLD,2024-04,9.59,,,,preliminary,"Ember's World estimate for this month; the file has Total generation for 87 countries and economies. 1 of the 88 with generation for an earlier month have none for this month, so their part of the World total is estimated.",,,wind
electricity.ember.monthly-mix-world,WLD,2024-05,8.072,,,,preliminary,"Ember's World estimate for this month; the file has Total generation for 87 countries and economies. 1 of the 88 with generation for an earlier month have none for this month, so their part of the World total is estimated.",,,wind
electricity.ember.monthly-mix-world,WLD,2024-06,7.365,,,,preliminary,"Ember's World estimate for this month; the file has Total generation for 87 countries and economies. 1 of the 88 with generation for an earlier month have none for this month, so their part of the World total is estimated.",,,wind
electricity.ember.monthly-mix-world,WLD,2024-07,6.523,,,,preliminary,"Ember's World estimate for this month; the file has Total generation for 86 countries and economies. 2 of the 88 with generation for an earlier month have none for this month, so their part of the World total is estimated.",,,wind
electricity.ember.monthly-mix-world,WLD,2024-08,5.913,,,,preliminary,"Ember's World estimate for this month; the file has Total generation for 86 countries and economies. 2 of the 88 with generation for an earlier month have none for this month, so their part of the World total is estimated.",,,wind
electricity.ember.monthly-mix-world,WLD,2024-09,7.547,,,,preliminary,"Ember's World estimate for this month; the file has Total generation for 86 countries and economies. 2 of the 88 with generation for an earlier month have none for this month, so their part of the World total is estimated.",,,wind
electricity.ember.monthly-mix-world,WLD,2024-10,8.902,,,,preliminary,"Ember's World estimate for this month; the file has Total generation for 86 countries and economies. 2 of the 88 with generation for an earlier month have none for this month, so their part of the World total is estimated.",,,wind
electricity.ember.monthly-mix-world,WLD,2024-11,9.25,,,,preliminary,"Ember's World estimate for this month; the file has Total generation for 86 countries and economies. 2 of the 88 with generation for an earlier month have none for this month, so their part of the World total is estimated.",,,wind
electricity.ember.monthly-mix-world,WLD,2024-12,9.6,,,,preliminary,"Ember's World estimate for this month; the file has Total generation for 86 countries and economies. 2 of the 88 with generation for an earlier month have none for this month, so their part of the World total is estimated.",,,wind
electricity.ember.monthly-mix-world,WLD,2025-01,9.137,,,,preliminary,"Ember's World estimate for this month; the file has Total generation for 85 countries and economies. 3 of the 88 with generation for an earlier month have none for this month, so their part of the World total is estimated.",,,wind
electricity.ember.monthly-mix-world,WLD,2025-02,9.241,,,,preliminary,"Ember's World estimate for this month; the file has Total generation for 85 countries and economies. 3 of the 88 with generation for an earlier month have none for this month, so their part of the World total is estimated.",,,wind
electricity.ember.monthly-mix-world,WLD,2025-03,10.107,,,,preliminary,"Ember's World estimate for this month; the file has Total generation for 85 countries and economies. 3 of the 88 with generation for an earlier month have none for this month, so their part of the World total is estimated.",,,wind
electricity.ember.monthly-mix-world,WLD,2025-04,9.604,,,,preliminary,"Ember's World estimate for this month; the file has Total generation for 85 countries and economies. 3 of the 88 with generation for an earlier month have none for this month, so their part of the World total is estimated.",,,wind
electricity.ember.monthly-mix-world,WLD,2025-05,9.011,,,,preliminary,"Ember's World estimate for this month; the file has Total generation for 84 countries and economies. 4 of the 88 with generation for an earlier month have none for this month, so their part of the World total is estimated.",,,wind
electricity.ember.monthly-mix-world,WLD,2025-06,7.968,,,,preliminary,"Ember's World estimate for this month; the file has Total generation for 84 countries and economies. 4 of the 88 with generation for an earlier month have none for this month, so their part of the World total is estimated.",,,wind
electricity.ember.monthly-mix-world,WLD,2025-07,6.983,,,,preliminary,"Ember's World estimate for this month; the file has Total generation for 84 countries and economies. 4 of the 88 with generation for an earlier month have none for this month, so their part of the World total is estimated.",,,wind
electricity.ember.monthly-mix-world,WLD,2025-08,6.439,,,,preliminary,"Ember's World estimate for this month; the file has Total generation for 84 countries and economies. 4 of the 88 with generation for an earlier month have none for this month, so their part of the World total is estimated.",,,wind
electricity.ember.monthly-mix-world,WLD,2025-09,7.467,,,,preliminary,"Ember's World estimate for this month; the file has Total generation for 84 countries and economies. 4 of the 88 with generation for an earlier month have none for this month, so their part of the World total is estimated.",,,wind
electricity.ember.monthly-mix-world,WLD,2025-10,8.942,,,,preliminary,"Ember's World estimate for this month; the file has Total generation for 84 countries and economies. 4 of the 88 with generation for an earlier month have none for this month, so their part of the World total is estimated.",,,wind
electricity.ember.monthly-mix-world,WLD,2025-11,10.505,,,,preliminary,"Ember's World estimate for this month; the file has Total generation for 83 countries and economies. 5 of the 88 with generation for an earlier month have none for this month, so their part of the World total is estimated.",,,wind
electricity.ember.monthly-mix-world,WLD,2025-12,10.004,,,,preliminary,"Ember's World estimate for this month; the file has Total generation for 82 countries and economies. 6 of the 88 with generation for an earlier month have none for this month, so their part of the World total is estimated.",,,wind
electricity.ember.monthly-mix-world,WLD,2026-01,9.958,,,,preliminary,"Ember's World estimate for this month; the file has Total generation for 80 countries and economies. 8 of the 88 with generation for an earlier month have none for this month, so their part of the World total is estimated.",,,wind
electricity.ember.monthly-mix-world,WLD,2026-02,9.766,,,,preliminary,"Ember's World estimate for this month; the file has Total generation for 80 countries and economies. 8 of the 88 with generation for an earlier month have none for this month, so their part of the World total is estimated.",,,wind
electricity.ember.monthly-mix-world,WLD,2026-03,9.625,,,,preliminary,"Ember's World estimate for this month; the file has Total generation for 80 countries and economies. 8 of the 88 with generation for an earlier month have none for this month, so their part of the World total is estimated.",,,wind
electricity.ember.monthly-mix-world,WLD,2026-04,9.899,,,,preliminary,"Ember's World estimate for this month; the file has Total generation for 72 countries and economies. 16 of the 88 with generation for an earlier month have none for this month, so their part of the World total is estimated.",,,wind
electricity.ember.monthly-mix-world,WLD,2026-05,9.007,,,,preliminary,"Ember's World estimate for this month; the file has Total generation for 71 countries and economies. 17 of the 88 with generation for an earlier month have none for this month, so their part of the World total is estimated.",,,wind
electricity.ember.monthly-mix-world,WLD,2026-06,7.81,,,,preliminary,"Ember's World estimate for this month; the file has Total generation for 64 countries and economies. 24 of the 88 with generation for an earlier month have none for this month, so their part of the World total is estimated.",,,wind
electricity.ember.monthly-mix-world,WLD,2026-07,7.37,,,,preliminary,"Ember's World estimate for this month; the file has Total generation for 56 countries and economies. 32 of the 88 with generation for an earlier month have none for this month, so their part of the World total is estimated.",,,wind
electricity.ember.monthly-mix-world,WLD,2019-01,14.015,,,,final,Ember's World estimate for this month; the file has Total generation for 84 countries and economies.,,,hydro
electricity.ember.monthly-mix-world,WLD,2019-02,15.41,,,,final,Ember's World estimate for this month; the file has Total generation for 84 countries and economies.,,,hydro
electricity.ember.monthly-mix-world,WLD,2019-03,15.436,,,,final,Ember's World estimate for this month; the file has Total generation for 84 countries and economies.,,,hydro
electricity.ember.monthly-mix-world,WLD,2019-04,16.613,,,,final,Ember's World estimate for this month; the file has Total generation for 84 countries and economies.,,,hydro
electricity.ember.monthly-mix-world,WLD,2019-05,17.836,,,,final,Ember's World estimate for this month; the file has Total generation for 84 countries and economies.,,,hydro
electricity.ember.monthly-mix-world,WLD,2019-06,17.347,,,,final,Ember's World estimate for this month; the file has Total generation for 84 countries and economies.,,,hydro
electricity.ember.monthly-mix-world,WLD,2019-07,16.821,,,,final,Ember's World estimate for this month; the file has Total generation for 84 countries and economies.,,,hydro
electricity.ember.monthly-mix-world,WLD,2019-08,16.33,,,,final,Ember's World estimate for this month; the file has Total generation for 84 countries and economies.,,,hydro
electricity.ember.monthly-mix-world,WLD,2019-09,16.004,,,,final,Ember's World estimate for this month; the file has Total generation for 84 countries and economies.,,,hydro
electricity.ember.monthly-mix-world,WLD,2019-10,16.022,,,,final,Ember's World estimate for this month; the file has Total generation for 84 countries and economies.,,,hydro
electricity.ember.monthly-mix-world,WLD,2019-11,15.263,,,,final,Ember's World estimate for this month; the file has Total generation for 84 countries and economies.,,,hydro
electricity.ember.monthly-mix-world,WLD,2019-12,14.09,,,,final,Ember's World estimate for this month; the file has Total generation for 84 countries and economies.,,,hydro
electricity.ember.monthly-mix-world,WLD,2020-01,13.817,,,,final,Ember's World estimate for this month; the file has Total generation for 86 countries and economies.,,,hydro
electricity.ember.monthly-mix-world,WLD,2020-02,15.961,,,,final,Ember's World estimate for this month; the file has Total generation for 86 countries and economies.,,,hydro
electricity.ember.monthly-mix-world,WLD,2020-03,16.182,,,,final,Ember's World estimate for this month; the file has Total generation for 86 countries and economies.,,,hydro
electricity.ember.monthly-mix-world,WLD,2020-04,16.476,,,,final,Ember's World estimate for this month; the file has Total generation for 86 countries and economies.,,,hydro
electricity.ember.monthly-mix-world,WLD,2020-05,17.154,,,,final,Ember's World estimate for this month; the file has Total generation for 86 countries and economies.,,,hydro
electricity.ember.monthly-mix-world,WLD,2020-06,17.771,,,,final,Ember's World estimate for this month; the file has Total generation for 86 countries and economies.,,,hydro
electricity.ember.monthly-mix-world,WLD,2020-07,18.026,,,,final,Ember's World estimate for this month; the file has Total generation for 86 countries and economies.,,,hydro
electricity.ember.monthly-mix-world,WLD,2020-08,17.157,,,,final,Ember's World estimate for this month; the file has Total generation for 86 countries and economies.,,,hydro
electricity.ember.monthly-mix-world,WLD,2020-09,17.937,,,,final,Ember's World estimate for this month; the file has Total generation for 86 countries and economies.,,,hydro
electricity.ember.monthly-mix-world,WLD,2020-10,18.034,,,,final,Ember's World estimate for this month; the file has Total generation for 86 countries and economies.,,,hydro
electricity.ember.monthly-mix-world,WLD,2020-11,15.046,,,,final,Ember's World estimate for this month; the file has Total generation for 86 countries and economies.,,,hydro
electricity.ember.monthly-mix-world,WLD,2020-12,13.771,,,,final,Ember's World estimate for this month; the file has Total generation for 86 countries and economies.,,,hydro
electricity.ember.monthly-mix-world,WLD,2021-01,13.562,,,,final,Ember's World estimate for this month; the file has Total generation for 86 countries and economies.,,,hydro
electricity.ember.monthly-mix-world,WLD,2021-02,15.168,,,,final,Ember's World estimate for this month; the file has Total generation for 86 countries and economies.,,,hydro
electricity.ember.monthly-mix-world,WLD,2021-03,14.298,,,,final,Ember's World estimate for this month; the file has Total generation for 86 countries and economies.,,,hydro
electricity.ember.monthly-mix-world,WLD,2021-04,14.971,,,,final,Ember's World estimate for this month; the file has Total generation for 86 countries and economies.,,,hydro
electricity.ember.monthly-mix-world,WLD,2021-05,16.337,,,,final,Ember's World estimate for this month; the file has Total generation for 86 countries and economies.,,,hydro
electricity.ember.monthly-mix-world,WLD,2021-06,16.163,,,,final,Ember's World estimate for this month; the file has Total generation for 86 countries and economies.,,,hydro
electricity.ember.monthly-mix-world,WLD,2021-07,16.163,,,,final,Ember's World estimate for this month; the file has Total generation for 86 countries and economies.,,,hydro
electricity.ember.monthly-mix-world,WLD,2021-08,15.731,,,,final,Ember's World estimate for this month; the file has Total generation for 86 countries and economies.,,,hydro
electricity.ember.monthly-mix-world,WLD,2021-09,16.639,,,,final,Ember's World estimate for this month; the file has Total generation for 86 countries and economies.,,,hydro
electricity.ember.monthly-mix-world,WLD,2021-10,15.765,,,,final,Ember's World estimate for this month; the file has Total generation for 86 countries and economies.,,,hydro
electricity.ember.monthly-mix-world,WLD,2021-11,14.422,,,,final,Ember's World estimate for this month; the file has Total generation for 86 countries and economies.,,,hydro
electricity.ember.monthly-mix-world,WLD,2021-12,13.454,,,,final,Ember's World estimate for this month; the file has Total generation for 86 countries and economies.,,,hydro
electricity.ember.monthly-mix-world,WLD,2022-01,12.89,,,,final,Ember's World estimate for this month; the file has Total generation for 87 countries and economies.,,,hydro
electricity.ember.monthly-mix-world,WLD,2022-02,14.255,,,,final,Ember's World estimate for this month; the file has Total generation for 87 countries and economies.,,,hydro
electricity.ember.monthly-mix-world,WLD,2022-03,14.761,,,,final,Ember's World estimate for this month; the file has Total generation for 87 countries and economies.,,,hydro
electricity.ember.monthly-mix-world,WLD,2022-04,15.945,,,,final,Ember's World estimate for this month; the file has Total generation for 87 countries and economies.,,,hydro
electricity.ember.monthly-mix-world,WLD,2022-05,17.413,,,,final,Ember's World estimate for this month; the file has Total generation for 87 countries and economies.,,,hydro
electricity.ember.monthly-mix-world,WLD,2022-06,17.539,,,,final,Ember's World estimate for this month; the file has Total generation for 87 countries and economies.,,,hydro
electricity.ember.monthly-mix-world,WLD,2022-07,16.197,,,,final,Ember's World estimate for this month; the file has Total generation for 87 countries and economies.,,,hydro
electricity.ember.monthly-mix-world,WLD,2022-08,15.203,,,,final,Ember's World estimate for this month; the file has Total generation for 87 countries and economies.,,,hydro
electricity.ember.monthly-mix-world,WLD,2022-09,14.924,,,,final,Ember's World estimate for this month; the file has Total generation for 87 countries and economies.,,,hydro
electricity.ember.monthly-mix-world,WLD,2022-10,15.246,,,,preliminary,"Ember's World estimate for this month; the file has Total generation for 87 countries and economies. 1 of the 87 with generation for an earlier month have none for this month, so their part of the World total is estimated.",,,hydro
electricity.ember.monthly-mix-world,WLD,2022-11,14.253,,,,preliminary,"Ember's World estimate for this month; the file has Total generation for 87 countries and economies. 1 of the 88 with generation for an earlier month have none for this month, so their part of the World total is estimated.",,,hydro
electricity.ember.monthly-mix-world,WLD,2022-12,13.351,,,,preliminary,"Ember's World estimate for this month; the file has Total generation for 87 countries and economies. 1 of the 88 with generation for an earlier month have none for this month, so their part of the World total is estimated.",,,hydro
electricity.ember.monthly-mix-world,WLD,2023-01,13.486,,,,preliminary,"Ember's World estimate for this month; the file has Total generation for 87 countries and economies. 1 of the 88 with generation for an earlier month have none for this month, so their part of the World total is estimated.",,,hydro
electricity.ember.monthly-mix-world,WLD,2023-02,13.792,,,,preliminary,"Ember's World estimate for this month; the file has Total generation for 87 countries and economies. 1 of the 88 with generation for an earlier month have none for this month, so their part of the World total is estimated.",,,hydro
electricity.ember.monthly-mix-world,WLD,2023-03,13.889,,,,preliminary,"Ember's World estimate for this month; the file has Total generation for 87 countries and economies. 1 of the 88 with generation for an earlier month have none for this month, so their part of the World total is estimated.",,,hydro
electricity.ember.monthly-mix-world,WLD,2023-04,14.371,,,,preliminary,"Ember's World estimate for this month; the file has Total generation for 87 countries and economies. 1 of the 88 with generation for an earlier month have none for this month, so their part of the World total is estimated.",,,hydro
electricity.ember.monthly-mix-world,WLD,2023-05,15.122,,,,preliminary,"Ember's World estimate for this month; the file has Total generation for 87 countries and economies. 1 of the 88 with generation for an earlier month have none for this month, so their part of the World total is estimated.",,,hydro
electricity.ember.monthly-mix-world,WLD,2023-06,14.689,,,,preliminary,"Ember's World estimate for this month; the file has Total generation for 87 countries and economies. 1 of the 88 with generation for an earlier month have none for this month, so their part of the World total is estimated.",,,hydro
electricity.ember.monthly-mix-world,WLD,2023-07,14.463,,,,preliminary,"Ember's World estimate for this month; the file has Total generation for 87 countries and economies. 1 of the 88 with generation for an earlier month have none for this month, so their part of the World total is estimated.",,,hydro
electricity.ember.monthly-mix-world,WLD,2023-08,15.747,,,,preliminary,"Ember's World estimate for this month; the file has Total generation for 87 countries and economies. 1 of the 88 with generation for an earlier month have none for this month, so their part of the World total is estimated.",,,hydro
electricity.ember.monthly-mix-world,WLD,2023-09,15.758,,,,preliminary,"Ember's World estimate for this month; the file has Total generation for 87 countries and economies. 1 of the 88 with generation for an earlier month have none for this month, so their part of the World total is estimated.",,,hydro
electricity.ember.monthly-mix-world,WLD,2023-10,15.314,,,,preliminary,"Ember's World estimate for this month; the file has Total generation for 87 countries and economies. 1 of the 88 with generation for an earlier month have none for this month, so their part of the World total is estimated.",,,hydro
electricity.ember.monthly-mix-world,WLD,2023-11,13.979,,,,preliminary,"Ember's World estimate for this month; the file has Total generation for 87 countries and economies. 1 of the 88 with generation for an earlier month have none for this month, so their part of the World total is estimated.",,,hydro
electricity.ember.monthly-mix-world,WLD,2023-12,13.114,,,,preliminary,"Ember's World estimate for this month; the file has Total generation for 87 countries and economies. 1 of the 88 with generation for an earlier month have none for this month, so their part of the World total is estimated.",,,hydro
electricity.ember.monthly-mix-world,WLD,2024-01,13.211,,,,preliminary,"Ember's World estimate for this month; the file has Total generation for 87 countries and economies. 1 of the 88 with generation for an earlier month have none for this month, so their part of the World total is estimated.",,,hydro
electricity.ember.monthly-mix-world,WLD,2024-02,13.269,,,,preliminary,"Ember's World estimate for this month; the file has Total generation for 87 countries and economies. 1 of the 88 with generation for an earlier month have none for this month, so their part of the World total is estimated.",,,hydro
electricity.ember.monthly-mix-world,WLD,2024-03,13.768,,,,preliminary,"Ember's World estimate for this month; the file has Total generation for 87 countries and economies. 1 of the 88 with generation for an earlier month have none for this month, so their part of the World total is estimated.",,,hydro
electricity.ember.monthly-mix-world,WLD,2024-04,14.749,,,,preliminary,"Ember's World estimate for this month; the file has Total generation for 87 countries and economies. 1 of the 88 with generation for an earlier month have none for this month, so their part of the World total is estimated.",,,hydro
electricity.ember.monthly-mix-world,WLD,2024-05,16.122,,,,preliminary,"Ember's World estimate for this month; the file has Total generation for 87 countries and economies. 1 of the 88 with generation for an earlier month have none for this month, so their part of the World total is estimated.",,,hydro
electricity.ember.monthly-mix-world,WLD,2024-06,16.436,,,,preliminary,"Ember's World estimate for this month; the file has Total generation for 87 countries and economies. 1 of the 88 with generation for an earlier month have none for this month, so their part of the World total is estimated.",,,hydro
electricity.ember.monthly-mix-world,WLD,2024-07,16.285,,,,preliminary,"Ember's World estimate for this month; the file has Total generation for 86 countries and economies. 2 of the 88 with generation for an earlier month have none for this month, so their part of the World total is estimated.",,,hydro
electricity.ember.monthly-mix-world,WLD,2024-08,15.466,,,,preliminary,"Ember's World estimate for this month; the file has Total generation for 86 countries and economies. 2 of the 88 with generation for an earlier month have none for this month, so their part of the World total is estimated.",,,hydro
electricity.ember.monthly-mix-world,WLD,2024-09,14.452,,,,preliminary,"Ember's World estimate for this month; the file has Total generation for 86 countries and economies. 2 of the 88 with generation for an earlier month have none for this month, so their part of the World total is estimated.",,,hydro
electricity.ember.monthly-mix-world,WLD,2024-10,14.393,,,,preliminary,"Ember's World estimate for this month; the file has Total generation for 86 countries and economies. 2 of the 88 with generation for an earlier month have none for this month, so their part of the World total is estimated.",,,hydro
electricity.ember.monthly-mix-world,WLD,2024-11,13.245,,,,preliminary,"Ember's World estimate for this month; the file has Total generation for 86 countries and economies. 2 of the 88 with generation for an earlier month have none for this month, so their part of the World total is estimated.",,,hydro
electricity.ember.monthly-mix-world,WLD,2024-12,12.717,,,,preliminary,"Ember's World estimate for this month; the file has Total generation for 86 countries and economies. 2 of the 88 with generation for an earlier month have none for this month, so their part of the World total is estimated.",,,hydro
electricity.ember.monthly-mix-world,WLD,2025-01,12.642,,,,preliminary,"Ember's World estimate for this month; the file has Total generation for 85 countries and economies. 3 of the 88 with generation for an earlier month have none for this month, so their part of the World total is estimated.",,,hydro
electricity.ember.monthly-mix-world,WLD,2025-02,13.278,,,,preliminary,"Ember's World estimate for this month; the file has Total generation for 85 countries and economies. 3 of the 88 with generation for an earlier month have none for this month, so their part of the World total is estimated.",,,hydro
electricity.ember.monthly-mix-world,WLD,2025-03,13.193,,,,preliminary,"Ember's World estimate for this month; the file has Total generation for 85 countries and economies. 3 of the 88 with generation for an earlier month have none for this month, so their part of the World total is estimated.",,,hydro
electricity.ember.monthly-mix-world,WLD,2025-04,13.819,,,,preliminary,"Ember's World estimate for this month; the file has Total generation for 85 countries and economies. 3 of the 88 with generation for an earlier month have none for this month, so their part of the World total is estimated.",,,hydro
electricity.ember.monthly-mix-world,WLD,2025-05,14.834,,,,preliminary,"Ember's World estimate for this month; the file has Total generation for 84 countries and economies. 4 of the 88 with generation for an earlier month have none for this month, so their part of the World total is estimated.",,,hydro
electricity.ember.monthly-mix-world,WLD,2025-06,15.493,,,,preliminary,"Ember's World estimate for this month; the file has Total generation for 84 countries and economies. 4 of the 88 with generation for an earlier month have none for this month, so their part of the World total is estimated.",,,hydro
electricity.ember.monthly-mix-world,WLD,2025-07,14.695,,,,preliminary,"Ember's World estimate for this month; the file has Total generation for 84 countries and economies. 4 of the 88 with generation for an earlier month have none for this month, so their part of the World total is estimated.",,,hydro
electricity.ember.monthly-mix-world,WLD,2025-08,14.325,,,,preliminary,"Ember's World estimate for this month; the file has Total generation for 84 countries and economies. 4 of the 88 with generation for an earlier month have none for this month, so their part of the World total is estimated.",,,hydro
electricity.ember.monthly-mix-world,WLD,2025-09,15.609,,,,preliminary,"Ember's World estimate for this month; the file has Total generation for 84 countries and economies. 4 of the 88 with generation for an earlier month have none for this month, so their part of the World total is estimated.",,,hydro
electricity.ember.monthly-mix-world,WLD,2025-10,15.015,,,,preliminary,"Ember's World estimate for this month; the file has Total generation for 84 countries and economies. 4 of the 88 with generation for an earlier month have none for this month, so their part of the World total is estimated.",,,hydro
electricity.ember.monthly-mix-world,WLD,2025-11,13.662,,,,preliminary,"Ember's World estimate for this month; the file has Total generation for 83 countries and economies. 5 of the 88 with generation for an earlier month have none for this month, so their part of the World total is estimated.",,,hydro
electricity.ember.monthly-mix-world,WLD,2025-12,12.863,,,,preliminary,"Ember's World estimate for this month; the file has Total generation for 82 countries and economies. 6 of the 88 with generation for an earlier month have none for this month, so their part of the World total is estimated.",,,hydro
electricity.ember.monthly-mix-world,WLD,2026-01,12.472,,,,preliminary,"Ember's World estimate for this month; the file has Total generation for 80 countries and economies. 8 of the 88 with generation for an earlier month have none for this month, so their part of the World total is estimated.",,,hydro
electricity.ember.monthly-mix-world,WLD,2026-02,13.266,,,,preliminary,"Ember's World estimate for this month; the file has Total generation for 80 countries and economies. 8 of the 88 with generation for an earlier month have none for this month, so their part of the World total is estimated.",,,hydro
electricity.ember.monthly-mix-world,WLD,2026-03,13.632,,,,preliminary,"Ember's World estimate for this month; the file has Total generation for 80 countries and economies. 8 of the 88 with generation for an earlier month have none for this month, so their part of the World total is estimated.",,,hydro
electricity.ember.monthly-mix-world,WLD,2026-04,13.956,,,,preliminary,"Ember's World estimate for this month; the file has Total generation for 72 countries and economies. 16 of the 88 with generation for an earlier month have none for this month, so their part of the World total is estimated.",,,hydro
electricity.ember.monthly-mix-world,WLD,2026-05,14.759,,,,preliminary,"Ember's World estimate for this month; the file has Total generation for 71 countries and economies. 17 of the 88 with generation for an earlier month have none for this month, so their part of the World total is estimated.",,,hydro
electricity.ember.monthly-mix-world,WLD,2026-06,15.496,,,,preliminary,"Ember's World estimate for this month; the file has Total generation for 64 countries and economies. 24 of the 88 with generation for an earlier month have none for this month, so their part of the World total is estimated.",,,hydro
electricity.ember.monthly-mix-world,WLD,2026-07,14.887,,,,preliminary,"Ember's World estimate for this month; the file has Total generation for 56 countries and economies. 32 of the 88 with generation for an earlier month have none for this month, so their part of the World total is estimated.",,,hydro
electricity.ember.monthly-mix-world,WLD,2019-01,1.782,,,,final,Ember's World estimate for this month; the file has Total generation for 84 countries and economies.,,,bioenergy
electricity.ember.monthly-mix-world,WLD,2019-02,1.803,,,,final,Ember's World estimate for this month; the file has Total generation for 84 countries and economies.,,,bioenergy
electricity.ember.monthly-mix-world,WLD,2019-03,1.775,,,,final,Ember's World estimate for this month; the file has Total generation for 84 countries and economies.,,,bioenergy
electricity.ember.monthly-mix-world,WLD,2019-04,1.763,,,,final,Ember's World estimate for this month; the file has Total generation for 84 countries and economies.,,,bioenergy
electricity.ember.monthly-mix-world,WLD,2019-05,1.702,,,,final,Ember's World estimate for this month; the file has Total generation for 84 countries and economies.,,,bioenergy
electricity.ember.monthly-mix-world,WLD,2019-06,1.601,,,,final,Ember's World estimate for this month; the file has Total generation for 84 countries and economies.,,,bioenergy
electricity.ember.monthly-mix-world,WLD,2019-07,1.535,,,,final,Ember's World estimate for this month; the file has Total generation for 84 countries and economies.,,,bioenergy
electricity.ember.monthly-mix-world,WLD,2019-08,1.577,,,,final,Ember's World estimate for this month; the file has Total generation for 84 countries and economies.,,,bioenergy
electricity.ember.monthly-mix-world,WLD,2019-09,1.643,,,,final,Ember's World estimate for this month; the file has Total generation for 84 countries and economies.,,,bioenergy
electricity.ember.monthly-mix-world,WLD,2019-10,1.76,,,,final,Ember's World estimate for this month; the file has Total generation for 84 countries and economies.,,,bioenergy
electricity.ember.monthly-mix-world,WLD,2019-11,1.847,,,,final,Ember's World estimate for this month; the file has Total generation for 84 countries and economies.,,,bioenergy
electricity.ember.monthly-mix-world,WLD,2019-12,1.824,,,,final,Ember's World estimate for this month; the file has Total generation for 84 countries and economies.,,,bioenergy
electricity.ember.monthly-mix-world,WLD,2020-01,1.817,,,,final,Ember's World estimate for this month; the file has Total generation for 86 countries and economies.,,,bioenergy
electricity.ember.monthly-mix-world,WLD,2020-02,1.94,,,,final,Ember's World estimate for this month; the file has Total generation for 86 countries and economies.,,,bioenergy
electricity.ember.monthly-mix-world,WLD,2020-03,1.9,,,,final,Ember's World estimate for this month; the file has Total generation for 86 countries and economies.,,,bioenergy
electricity.ember.monthly-mix-world,WLD,2020-04,1.965,,,,final,Ember's World estimate for this month; the file has Total generation for 86 countries and economies.,,,bioenergy
electricity.ember.monthly-mix-world,WLD,2020-05,1.892,,,,final,Ember's World estimate for this month; the file has Total generation for 86 countries and economies.,,,bioenergy
electricity.ember.monthly-mix-world,WLD,2020-06,1.697,,,,final,Ember's World estimate for this month; the file has Total generation for 86 countries and economies.,,,bioenergy
electricity.ember.monthly-mix-world,WLD,2020-07,1.6,,,,final,Ember's World estimate for this month; the file has Total generation for 86 countries and economies.,,,bioenergy
electricity.ember.monthly-mix-world,WLD,2020-08,1.56,,,,final,Ember's World estimate for this month; the file has Total generation for 86 countries and economies.,,,bioenergy
electricity.ember.monthly-mix-world,WLD,2020-09,1.681,,,,final,Ember's World estimate for this month; the file has Total generation for 86 countries and economies.,,,bioenergy
electricity.ember.monthly-mix-world,WLD,2020-10,1.839,,,,final,Ember's World estimate for this month; the file has Total generation for 86 countries and economies.,,,bioenergy
electricity.ember.monthly-mix-world,WLD,2020-11,1.937,,,,final,Ember's World estimate for this month; the file has Total generation for 86 countries and economies.,,,bioenergy
electricity.ember.monthly-mix-world,WLD,2020-12,1.847,,,,final,Ember's World estimate for this month; the file has Total generation for 86 countries and economies.,,,bioenergy
electricity.ember.monthly-mix-world,WLD,2021-01,1.821,,,,final,Ember's World estimate for this month; the file has Total generation for 86 countries and economies.,,,bioenergy
electricity.ember.monthly-mix-world,WLD,2021-02,1.983,,,,final,Ember's World estimate for this month; the file has Total generation for 86 countries and economies.,,,bioenergy
electricity.ember.monthly-mix-world,WLD,2021-03,1.86,,,,final,Ember's World estimate for this month; the file has Total generation for 86 countries and economies.,,,bioenergy
electricity.ember.monthly-mix-world,WLD,2021-04,1.878,,,,final,Ember's World estimate for this month; the file has Total generation for 86 countries and economies.,,,bioenergy
electricity.ember.monthly-mix-world,WLD,2021-05,1.888,,,,final,Ember's World estimate for this month; the file has Total generation for 86 countries and economies.,,,bioenergy
electricity.ember.monthly-mix-world,WLD,2021-06,1.744,,,,final,Ember's World estimate for this month; the file has Total generation for 86 countries and economies.,,,bioenergy
electricity.ember.monthly-mix-world,WLD,2021-07,1.742,,,,final,Ember's World estimate for this month; the file has Total generation for 86 countries and economies.,,,bioenergy
electricity.ember.monthly-mix-world,WLD,2021-08,1.736,,,,final,Ember's World estimate for this month; the file has Total generation for 86 countries and economies.,,,bioenergy
electricity.ember.monthly-mix-world,WLD,2021-09,1.832,,,,final,Ember's World estimate for this month; the file has Total generation for 86 countries and economies.,,,bioenergy
electricity.ember.monthly-mix-world,WLD,2021-10,1.901,,,,final,Ember's World estimate for this month; the file has Total generation for 86 countries and economies.,,,bioenergy
electricity.ember.monthly-mix-world,WLD,2021-11,1.938,,,,final,Ember's World estimate for this month; the file has Total generation for 86 countries and economies.,,,bioenergy
electricity.ember.monthly-mix-world,WLD,2021-12,1.942,,,,final,Ember's World estimate for this month; the file has Total generation for 86 countries and economies.,,,bioenergy
electricity.ember.monthly-mix-world,WLD,2022-01,1.859,,,,final,Ember's World estimate for this month; the file has Total generation for 87 countries and economies.,,,bioenergy
electricity.ember.monthly-mix-world,WLD,2022-02,2.03,,,,final,Ember's World estimate for this month; the file has Total generation for 87 countries and economies.,,,bioenergy
electricity.ember.monthly-mix-world,WLD,2022-03,1.935,,,,final,Ember's World estimate for this month; the file has Total generation for 87 countries and economies.,,,bioenergy
electricity.ember.monthly-mix-world,WLD,2022-04,1.92,,,,final,Ember's World estimate for this month; the file has Total generation for 87 countries and economies.,,,bioenergy
electricity.ember.monthly-mix-world,WLD,2022-05,1.804,,,,final,Ember's World estimate for this month; the file has Total generation for 87 countries and economies.,,,bioenergy
electricity.ember.monthly-mix-world,WLD,2022-06,1.704,,,,final,Ember's World estimate for this month; the file has Total generation for 87 countries and economies.,,,bioenergy
electricity.ember.monthly-mix-world,WLD,2022-07,1.654,,,,final,Ember's World estimate for this month; the file has Total generation for 87 countries and economies.,,,bioenergy
electricity.ember.monthly-mix-world,WLD,2022-08,1.679,,,,final,Ember's World estimate for this month; the file has Total generation for 87 countries and economies.,,,bioenergy
electricity.ember.monthly-mix-world,WLD,2022-09,1.877,,,,final,Ember's World estimate for this month; the file has Total generation for 87 countries and economies.,,,bioenergy
electricity.ember.monthly-mix-world,WLD,2022-10,1.914,,,,preliminary,"Ember's World estimate for this month; the file has Total generation for 87 countries and economies. 1 of the 87 with generation for an earlier month have none for this month, so their part of the World total is estimated.",,,bioenergy
electricity.ember.monthly-mix-world,WLD,2022-11,2.049,,,,preliminary,"Ember's World estimate for this month; the file has Total generation for 87 countries and economies. 1 of the 88 with generation for an earlier month have none for this month, so their part of the World total is estimated.",,,bioenergy
electricity.ember.monthly-mix-world,WLD,2022-12,1.958,,,,preliminary,"Ember's World estimate for this month; the file has Total generation for 87 countries and economies. 1 of the 88 with generation for an earlier month have none for this month, so their part of the World total is estimated.",,,bioenergy
electricity.ember.monthly-mix-world,WLD,2023-01,1.926,,,,preliminary,"Ember's World estimate for this month; the file has Total generation for 87 countries and economies. 1 of the 88 with generation for an earlier month have none for this month, so their part of the World total is estimated.",,,bioenergy
electricity.ember.monthly-mix-world,WLD,2023-02,1.979,,,,preliminary,"Ember's World estimate for this month; the file has Total generation for 87 countries and economies. 1 of the 88 with generation for an earlier month have none for this month, so their part of the World total is estimated.",,,bioenergy
electricity.ember.monthly-mix-world,WLD,2023-03,1.927,,,,preliminary,"Ember's World estimate for this month; the file has Total generation for 87 countries and economies. 1 of the 88 with generation for an earlier month have none for this month, so their part of the World total is estimated.",,,bioenergy
electricity.ember.monthly-mix-world,WLD,2023-04,1.977,,,,preliminary,"Ember's World estimate for this month; the file has Total generation for 87 countries and economies. 1 of the 88 with generation for an earlier month have none for this month, so their part of the World total is estimated.",,,bioenergy
electricity.ember.monthly-mix-world,WLD,2023-05,1.829,,,,preliminary,"Ember's World estimate for this month; the file has Total generation for 87 countries and economies. 1 of the 88 with generation for an earlier month have none for this month, so their part of the World total is estimated.",,,bioenergy
electricity.ember.monthly-mix-world,WLD,2023-06,1.682,,,,preliminary,"Ember's World estimate for this month; the file has Total generation for 87 countries and economies. 1 of the 88 with generation for an earlier month have none for this month, so their part of the World total is estimated.",,,bioenergy
electricity.ember.monthly-mix-world,WLD,2023-07,1.633,,,,preliminary,"Ember's World estimate for this month; the file has Total generation for 87 countries and economies. 1 of the 88 with generation for an earlier month have none for this month, so their part of the World total is estimated.",,,bioenergy
electricity.ember.monthly-mix-world,WLD,2023-08,1.63,,,,preliminary,"Ember's World estimate for this month; the file has Total generation for 87 countries and economies. 1 of the 88 with generation for an earlier month have none for this month, so their part of the World total is estimated.",,,bioenergy
electricity.ember.monthly-mix-world,WLD,2023-09,1.755,,,,preliminary,"Ember's World estimate for this month; the file has Total generation for 87 countries and economies. 1 of the 88 with generation for an earlier month have none for this month, so their part of the World total is estimated.",,,bioenergy
electricity.ember.monthly-mix-world,WLD,2023-10,1.858,,,,preliminary,"Ember's World estimate for this month; the file has Total generation for 87 countries and economies. 1 of the 88 with generation for an earlier month have none for this month, so their part of the World total is estimated.",,,bioenergy
electricity.ember.monthly-mix-world,WLD,2023-11,1.944,,,,preliminary,"Ember's World estimate for this month; the file has Total generation for 87 countries and economies. 1 of the 88 with generation for an earlier month have none for this month, so their part of the World total is estimated.",,,bioenergy
electricity.ember.monthly-mix-world,WLD,2023-12,1.877,,,,preliminary,"Ember's World estimate for this month; the file has Total generation for 87 countries and economies. 1 of the 88 with generation for an earlier month have none for this month, so their part of the World total is estimated.",,,bioenergy
electricity.ember.monthly-mix-world,WLD,2024-01,1.88,,,,preliminary,"Ember's World estimate for this month; the file has Total generation for 87 countries and economies. 1 of the 88 with generation for an earlier month have none for this month, so their part of the World total is estimated.",,,bioenergy
electricity.ember.monthly-mix-world,WLD,2024-02,1.926,,,,preliminary,"Ember's World estimate for this month; the file has Total generation for 87 countries and economies. 1 of the 88 with generation for an earlier month have none for this month, so their part of the World total is estimated.",,,bioenergy
electricity.ember.monthly-mix-world,WLD,2024-03,1.89,,,,preliminary,"Ember's World estimate for this month; the file has Total generation for 87 countries and economies. 1 of the 88 with generation for an earlier month have none for this month, so their part of the World total is estimated.",,,bioenergy
electricity.ember.monthly-mix-world,WLD,2024-04,1.897,,,,preliminary,"Ember's World estimate for this month; the file has Total generation for 87 countries and economies. 1 of the 88 with generation for an earlier month have none for this month, so their part of the World total is estimated.",,,bioenergy
electricity.ember.monthly-mix-world,WLD,2024-05,1.808,,,,preliminary,"Ember's World estimate for this month; the file has Total generation for 87 countries and economies. 1 of the 88 with generation for an earlier month have none for this month, so their part of the World total is estimated.",,,bioenergy
electricity.ember.monthly-mix-world,WLD,2024-06,1.675,,,,preliminary,"Ember's World estimate for this month; the file has Total generation for 87 countries and economies. 1 of the 88 with generation for an earlier month have none for this month, so their part of the World total is estimated.",,,bioenergy
electricity.ember.monthly-mix-world,WLD,2024-07,1.587,,,,preliminary,"Ember's World estimate for this month; the file has Total generation for 86 countries and economies. 2 of the 88 with generation for an earlier month have none for this month, so their part of the World total is estimated.",,,bioenergy
electricity.ember.monthly-mix-world,WLD,2024-08,1.583,,,,preliminary,"Ember's World estimate for this month; the file has Total generation for 86 countries and economies. 2 of the 88 with generation for an earlier month have none for this month, so their part of the World total is estimated.",,,bioenergy
electricity.ember.monthly-mix-world,WLD,2024-09,1.734,,,,preliminary,"Ember's World estimate for this month; the file has Total generation for 86 countries and economies. 2 of the 88 with generation for an earlier month have none for this month, so their part of the World total is estimated.",,,bioenergy
electricity.ember.monthly-mix-world,WLD,2024-10,1.885,,,,preliminary,"Ember's World estimate for this month; the file has Total generation for 86 countries and economies. 2 of the 88 with generation for an earlier month have none for this month, so their part of the World total is estimated.",,,bioenergy
electricity.ember.monthly-mix-world,WLD,2024-11,1.934,,,,preliminary,"Ember's World estimate for this month; the file has Total generation for 86 countries and economies. 2 of the 88 with generation for an earlier month have none for this month, so their part of the World total is estimated.",,,bioenergy
electricity.ember.monthly-mix-world,WLD,2024-12,1.863,,,,preliminary,"Ember's World estimate for this month; the file has Total generation for 86 countries and economies. 2 of the 88 with generation for an earlier month have none for this month, so their part of the World total is estimated.",,,bioenergy
electricity.ember.monthly-mix-world,WLD,2025-01,1.865,,,,preliminary,"Ember's World estimate for this month; the file has Total generation for 85 countries and economies. 3 of the 88 with generation for an earlier month have none for this month, so their part of the World total is estimated.",,,bioenergy
electricity.ember.monthly-mix-world,WLD,2025-02,1.957,,,,preliminary,"Ember's World estimate for this month; the file has Total generation for 85 countries and economies. 3 of the 88 with generation for an earlier month have none for this month, so their part of the World total is estimated.",,,bioenergy
electricity.ember.monthly-mix-world,WLD,2025-03,1.84,,,,preliminary,"Ember's World estimate for this month; the file has Total generation for 85 countries and economies. 3 of the 88 with generation for an earlier month have none for this month, so their part of the World total is estimated.",,,bioenergy
electricity.ember.monthly-mix-world,WLD,2025-04,1.882,,,,preliminary,"Ember's World estimate for this month; the file has Total generation for 85 countries and economies. 3 of the 88 with generation for an earlier month have none for this month, so their part of the World total is estimated.",,,bioenergy
electricity.ember.monthly-mix-world,WLD,2025-05,1.813,,,,preliminary,"Ember's World estimate for this month; the file has Total generation for 84 countries and economies. 4 of the 88 with generation for an earlier month have none for this month, so their part of the World total is estimated.",,,bioenergy
electricity.ember.monthly-mix-world,WLD,2025-06,1.675,,,,preliminary,"Ember's World estimate for this month; the file has Total generation for 84 countries and economies. 4 of the 88 with generation for an earlier month have none for this month, so their part of the World total is estimated.",,,bioenergy
electricity.ember.monthly-mix-world,WLD,2025-07,1.623,,,,preliminary,"Ember's World estimate for this month; the file has Total generation for 84 countries and economies. 4 of the 88 with generation for an earlier month have none for this month, so their part of the World total is estimated.",,,bioenergy
electricity.ember.monthly-mix-world,WLD,2025-08,1.622,,,,preliminary,"Ember's World estimate for this month; the file has Total generation for 84 countries and economies. 4 of the 88 with generation for an earlier month have none for this month, so their part of the World total is estimated.",,,bioenergy
electricity.ember.monthly-mix-world,WLD,2025-09,1.735,,,,preliminary,"Ember's World estimate for this month; the file has Total generation for 84 countries and economies. 4 of the 88 with generation for an earlier month have none for this month, so their part of the World total is estimated.",,,bioenergy
electricity.ember.monthly-mix-world,WLD,2025-10,1.812,,,,preliminary,"Ember's World estimate for this month; the file has Total generation for 84 countries and economies. 4 of the 88 with generation for an earlier month have none for this month, so their part of the World total is estimated.",,,bioenergy
electricity.ember.monthly-mix-world,WLD,2025-11,1.987,,,,preliminary,"Ember's World estimate for this month; the file has Total generation for 83 countries and economies. 5 of the 88 with generation for an earlier month have none for this month, so their part of the World total is estimated.",,,bioenergy
electricity.ember.monthly-mix-world,WLD,2025-12,1.898,,,,preliminary,"Ember's World estimate for this month; the file has Total generation for 82 countries and economies. 6 of the 88 with generation for an earlier month have none for this month, so their part of the World total is estimated.",,,bioenergy
electricity.ember.monthly-mix-world,WLD,2026-01,1.943,,,,preliminary,"Ember's World estimate for this month; the file has Total generation for 80 countries and economies. 8 of the 88 with generation for an earlier month have none for this month, so their part of the World total is estimated.",,,bioenergy
electricity.ember.monthly-mix-world,WLD,2026-02,1.989,,,,preliminary,"Ember's World estimate for this month; the file has Total generation for 80 countries and economies. 8 of the 88 with generation for an earlier month have none for this month, so their part of the World total is estimated.",,,bioenergy
electricity.ember.monthly-mix-world,WLD,2026-03,1.852,,,,preliminary,"Ember's World estimate for this month; the file has Total generation for 80 countries and economies. 8 of the 88 with generation for an earlier month have none for this month, so their part of the World total is estimated.",,,bioenergy
electricity.ember.monthly-mix-world,WLD,2026-04,1.812,,,,preliminary,"Ember's World estimate for this month; the file has Total generation for 72 countries and economies. 16 of the 88 with generation for an earlier month have none for this month, so their part of the World total is estimated.",,,bioenergy
electricity.ember.monthly-mix-world,WLD,2026-05,1.744,,,,preliminary,"Ember's World estimate for this month; the file has Total generation for 71 countries and economies. 17 of the 88 with generation for an earlier month have none for this month, so their part of the World total is estimated.",,,bioenergy
electricity.ember.monthly-mix-world,WLD,2026-06,1.599,,,,preliminary,"Ember's World estimate for this month; the file has Total generation for 64 countries and economies. 24 of the 88 with generation for an earlier month have none for this month, so their part of the World total is estimated.",,,bioenergy
electricity.ember.monthly-mix-world,WLD,2026-07,1.523,,,,preliminary,"Ember's World estimate for this month; the file has Total generation for 56 countries and economies. 32 of the 88 with generation for an earlier month have none for this month, so their part of the World total is estimated.",,,bioenergy
electricity.ember.monthly-mix-world,WLD,2019-01,0.456,,,,final,Ember's World estimate for this month; the file has Total generation for 84 countries and economies.,,,other-renewables
electricity.ember.monthly-mix-world,WLD,2019-02,0.483,,,,final,Ember's World estimate for this month; the file has Total generation for 84 countries and economies.,,,other-renewables
electricity.ember.monthly-mix-world,WLD,2019-03,0.477,,,,final,Ember's World estimate for this month; the file has Total generation for 84 countries and economies.,,,other-renewables
electricity.ember.monthly-mix-world,WLD,2019-04,0.496,,,,final,Ember's World estimate for this month; the file has Total generation for 84 countries and economies.,,,other-renewables
electricity.ember.monthly-mix-world,WLD,2019-05,0.481,,,,final,Ember's World estimate for this month; the file has Total generation for 84 countries and economies.,,,other-renewables
electricity.ember.monthly-mix-world,WLD,2019-06,0.442,,,,final,Ember's World estimate for this month; the file has Total generation for 84 countries and economies.,,,other-renewables
electricity.ember.monthly-mix-world,WLD,2019-07,0.418,,,,final,Ember's World estimate for this month; the file has Total generation for 84 countries and economies.,,,other-renewables
electricity.ember.monthly-mix-world,WLD,2019-08,0.427,,,,final,Ember's World estimate for this month; the file has Total generation for 84 countries and economies.,,,other-renewables
electricity.ember.monthly-mix-world,WLD,2019-09,0.464,,,,final,Ember's World estimate for this month; the file has Total generation for 84 countries and economies.,,,other-renewables
electricity.ember.monthly-mix-world,WLD,2019-10,0.474,,,,final,Ember's World estimate for this month; the file has Total generation for 84 countries and economies.,,,other-renewables
electricity.ember.monthly-mix-world,WLD,2019-11,0.457,,,,final,Ember's World estimate for this month; the file has Total generation for 84 countries and economies.,,,other-renewables
electricity.ember.monthly-mix-world,WLD,2019-12,0.441,,,,final,Ember's World estimate for this month; the file has Total generation for 84 countries and economies.,,,other-renewables
electricity.ember.monthly-mix-world,WLD,2020-01,0.473,,,,final,Ember's World estimate for this month; the file has Total generation for 86 countries and economies.,,,other-renewables
electricity.ember.monthly-mix-world,WLD,2020-02,0.517,,,,final,Ember's World estimate for this month; the file has Total generation for 86 countries and economies.,,,other-renewables
electricity.ember.monthly-mix-world,WLD,2020-03,0.526,,,,final,Ember's World estimate for this month; the file has Total generation for 86 countries and economies.,,,other-renewables
electricity.ember.monthly-mix-world,WLD,2020-04,0.556,,,,final,Ember's World estimate for this month; the file has Total generation for 86 countries and economies.,,,other-renewables
electricity.ember.monthly-mix-world,WLD,2020-05,0.512,,,,final,Ember's World estimate for this month; the file has Total generation for 86 countries and economies.,,,other-renewables
electricity.ember.monthly-mix-world,WLD,2020-06,0.469,,,,final,Ember's World estimate for this month; the file has Total generation for 86 countries and economies.,,,other-renewables
electricity.ember.monthly-mix-world,WLD,2020-07,0.436,,,,final,Ember's World estimate for this month; the file has Total generation for 86 countries and economies.,,,other-renewables
electricity.ember.monthly-mix-world,WLD,2020-08,0.433,,,,final,Ember's World estimate for this month; the file has Total generation for 86 countries and economies.,,,other-renewables
electricity.ember.monthly-mix-world,WLD,2020-09,0.461,,,,final,Ember's World estimate for this month; the file has Total generation for 86 countries and economies.,,,other-renewables
electricity.ember.monthly-mix-world,WLD,2020-10,0.474,,,,final,Ember's World estimate for this month; the file has Total generation for 86 countries and economies.,,,other-renewables
electricity.ember.monthly-mix-world,WLD,2020-11,0.472,,,,final,Ember's World estimate for this month; the file has Total generation for 86 countries and economies.,,,other-renewables
electricity.ember.monthly-mix-world,WLD,2020-12,0.449,,,,final,Ember's World estimate for this month; the file has Total generation for 86 countries and economies.,,,other-renewables
electricity.ember.monthly-mix-world,WLD,2021-01,0.466,,,,final,Ember's World estimate for this month; the file has Total generation for 86 countries and economies.,,,other-renewables
electricity.ember.monthly-mix-world,WLD,2021-02,0.449,,,,final,Ember's World estimate for this month; the file has Total generation for 86 countries and economies.,,,other-renewables
electricity.ember.monthly-mix-world,WLD,2021-03,0.489,,,,final,Ember's World estimate for this month; the file has Total generation for 86 countries and economies.,,,other-renewables
electricity.ember.monthly-mix-world,WLD,2021-04,0.52,,,,final,Ember's World estimate for this month; the file has Total generation for 86 countries and economies.,,,other-renewables
electricity.ember.monthly-mix-world,WLD,2021-05,0.49,,,,final,Ember's World estimate for this month; the file has Total generation for 86 countries and economies.,,,other-renewables
electricity.ember.monthly-mix-world,WLD,2021-06,0.447,,,,final,Ember's World estimate for this month; the file has Total generation for 86 countries and economies.,,,other-renewables
electricity.ember.monthly-mix-world,WLD,2021-07,0.421,,,,final,Ember's World estimate for this month; the file has Total generation for 86 countries and economies.,,,other-renewables
electricity.ember.monthly-mix-world,WLD,2021-08,0.432,,,,final,Ember's World estimate for this month; the file has Total generation for 86 countries and economies.,,,other-renewables
electricity.ember.monthly-mix-world,WLD,2021-09,0.466,,,,final,Ember's World estimate for this month; the file has Total generation for 86 countries and economies.,,,other-renewables
electricity.ember.monthly-mix-world,WLD,2021-10,0.482,,,,final,Ember's World estimate for this month; the file has Total generation for 86 countries and economies.,,,other-renewables
electricity.ember.monthly-mix-world,WLD,2021-11,0.483,,,,final,Ember's World estimate for this month; the file has Total generation for 86 countries and economies.,,,other-renewables
electricity.ember.monthly-mix-world,WLD,2021-12,0.469,,,,final,Ember's World estimate for this month; the file has Total generation for 86 countries and economies.,,,other-renewables
electricity.ember.monthly-mix-world,WLD,2022-01,0.451,,,,final,Ember's World estimate for this month; the file has Total generation for 87 countries and economies.,,,other-renewables
electricity.ember.monthly-mix-world,WLD,2022-02,0.485,,,,final,Ember's World estimate for this month; the file has Total generation for 87 countries and economies.,,,other-renewables
electricity.ember.monthly-mix-world,WLD,2022-03,0.482,,,,final,Ember's World estimate for this month; the file has Total generation for 87 countries and economies.,,,other-renewables
electricity.ember.monthly-mix-world,WLD,2022-04,0.522,,,,final,Ember's World estimate for this month; the file has Total generation for 87 countries and economies.,,,other-renewables
electricity.ember.monthly-mix-world,WLD,2022-05,0.504,,,,final,Ember's World estimate for this month; the file has Total generation for 87 countries and economies.,,,other-renewables
electricity.ember.monthly-mix-world,WLD,2022-06,0.456,,,,final,Ember's World estimate for this month; the file has Total generation for 87 countries and economies.,,,other-renewables
electricity.ember.monthly-mix-world,WLD,2022-07,0.424,,,,final,Ember's World estimate for this month; the file has Total generation for 87 countries and economies.,,,other-renewables
electricity.ember.monthly-mix-world,WLD,2022-08,0.428,,,,final,Ember's World estimate for this month; the file has Total generation for 87 countries and economies.,,,other-renewables
electricity.ember.monthly-mix-world,WLD,2022-09,0.461,,,,final,Ember's World estimate for this month; the file has Total generation for 87 countries and economies.,,,other-renewables
electricity.ember.monthly-mix-world,WLD,2022-10,0.493,,,,preliminary,"Ember's World estimate for this month; the file has Total generation for 87 countries and economies. 1 of the 87 with generation for an earlier month have none for this month, so their part of the World total is estimated.",,,other-renewables
electricity.ember.monthly-mix-world,WLD,2022-11,0.489,,,,preliminary,"Ember's World estimate for this month; the file has Total generation for 87 countries and economies. 1 of the 88 with generation for an earlier month have none for this month, so their part of the World total is estimated.",,,other-renewables
electricity.ember.monthly-mix-world,WLD,2022-12,0.47,,,,preliminary,"Ember's World estimate for this month; the file has Total generation for 87 countries and economies. 1 of the 88 with generation for an earlier month have none for this month, so their part of the World total is estimated.",,,other-renewables
electricity.ember.monthly-mix-world,WLD,2023-01,0.484,,,,preliminary,"Ember's World estimate for this month; the file has Total generation for 87 countries and economies. 1 of the 88 with generation for an earlier month have none for this month, so their part of the World total is estimated.",,,other-renewables
electricity.ember.monthly-mix-world,WLD,2023-02,0.481,,,,preliminary,"Ember's World estimate for this month; the file has Total generation for 87 countries and economies. 1 of the 88 with generation for an earlier month have none for this month, so their part of the World total is estimated.",,,other-renewables
electricity.ember.monthly-mix-world,WLD,2023-03,0.485,,,,preliminary,"Ember's World estimate for this month; the file has Total generation for 87 countries and economies. 1 of the 88 with generation for an earlier month have none for this month, so their part of the World total is estimated.",,,other-renewables
electricity.ember.monthly-mix-world,WLD,2023-04,0.514,,,,preliminary,"Ember's World estimate for this month; the file has Total generation for 87 countries and economies. 1 of the 88 with generation for an earlier month have none for this month, so their part of the World total is estimated.",,,other-renewables
electricity.ember.monthly-mix-world,WLD,2023-05,0.492,,,,preliminary,"Ember's World estimate for this month; the file has Total generation for 87 countries and economies. 1 of the 88 with generation for an earlier month have none for this month, so their part of the World total is estimated.",,,other-renewables
electricity.ember.monthly-mix-world,WLD,2023-06,0.455,,,,preliminary,"Ember's World estimate for this month; the file has Total generation for 87 countries and economies. 1 of the 88 with generation for an earlier month have none for this month, so their part of the World total is estimated.",,,other-renewables
electricity.ember.monthly-mix-world,WLD,2023-07,0.413,,,,preliminary,"Ember's World estimate for this month; the file has Total generation for 87 countries and economies. 1 of the 88 with generation for an earlier month have none for this month, so their part of the World total is estimated.",,,other-renewables
electricity.ember.monthly-mix-world,WLD,2023-08,0.414,,,,preliminary,"Ember's World estimate for this month; the file has Total generation for 87 countries and economies. 1 of the 88 with generation for an earlier month have none for this month, so their part of the World total is estimated.",,,other-renewables
electricity.ember.monthly-mix-world,WLD,2023-09,0.443,,,,preliminary,"Ember's World estimate for this month; the file has Total generation for 87 countries and economies. 1 of the 88 with generation for an earlier month have none for this month, so their part of the World total is estimated.",,,other-renewables
electricity.ember.monthly-mix-world,WLD,2023-10,0.477,,,,preliminary,"Ember's World estimate for this month; the file has Total generation for 87 countries and economies. 1 of the 88 with generation for an earlier month have none for this month, so their part of the World total is estimated.",,,other-renewables
electricity.ember.monthly-mix-world,WLD,2023-11,0.459,,,,preliminary,"Ember's World estimate for this month; the file has Total generation for 87 countries and economies. 1 of the 88 with generation for an earlier month have none for this month, so their part of the World total is estimated.",,,other-renewables
electricity.ember.monthly-mix-world,WLD,2023-12,0.446,,,,preliminary,"Ember's World estimate for this month; the file has Total generation for 87 countries and economies. 1 of the 88 with generation for an earlier month have none for this month, so their part of the World total is estimated.",,,other-renewables
electricity.ember.monthly-mix-world,WLD,2024-01,0.449,,,,preliminary,"Ember's World estimate for this month; the file has Total generation for 87 countries and economies. 1 of the 88 with generation for an earlier month have none for this month, so their part of the World total is estimated.",,,other-renewables
electricity.ember.monthly-mix-world,WLD,2024-02,0.456,,,,preliminary,"Ember's World estimate for this month; the file has Total generation for 87 countries and economies. 1 of the 88 with generation for an earlier month have none for this month, so their part of the World total is estimated.",,,other-renewables
electricity.ember.monthly-mix-world,WLD,2024-03,0.459,,,,preliminary,"Ember's World estimate for this month; the file has Total generation for 87 countries and economies. 1 of the 88 with generation for an earlier month have none for this month, so their part of the World total is estimated.",,,other-renewables
electricity.ember.monthly-mix-world,WLD,2024-04,0.492,,,,preliminary,"Ember's World estimate for this month; the file has Total generation for 87 countries and economies. 1 of the 88 with generation for an earlier month have none for this month, so their part of the World total is estimated.",,,other-renewables
electricity.ember.monthly-mix-world,WLD,2024-05,0.462,,,,preliminary,"Ember's World estimate for this month; the file has Total generation for 87 countries and economies. 1 of the 88 with generation for an earlier month have none for this month, so their part of the World total is estimated.",,,other-renewables
electricity.ember.monthly-mix-world,WLD,2024-06,0.436,,,,preliminary,"Ember's World estimate for this month; the file has Total generation for 87 countries and economies. 1 of the 88 with generation for an earlier month have none for this month, so their part of the World total is estimated.",,,other-renewables
electricity.ember.monthly-mix-world,WLD,2024-07,0.398,,,,preliminary,"Ember's World estimate for this month; the file has Total generation for 86 countries and economies. 2 of the 88 with generation for an earlier month have none for this month, so their part of the World total is estimated.",,,other-renewables
electricity.ember.monthly-mix-world,WLD,2024-08,0.395,,,,preliminary,"Ember's World estimate for this month; the file has Total generation for 86 countries and economies. 2 of the 88 with generation for an earlier month have none for this month, so their part of the World total is estimated.",,,other-renewables
electricity.ember.monthly-mix-world,WLD,2024-09,0.429,,,,preliminary,"Ember's World estimate for this month; the file has Total generation for 86 countries and economies. 2 of the 88 with generation for an earlier month have none for this month, so their part of the World total is estimated.",,,other-renewables
electricity.ember.monthly-mix-world,WLD,2024-10,0.448,,,,preliminary,"Ember's World estimate for this month; the file has Total generation for 86 countries and economies. 2 of the 88 with generation for an earlier month have none for this month, so their part of the World total is estimated.",,,other-renewables
electricity.ember.monthly-mix-world,WLD,2024-11,0.455,,,,preliminary,"Ember's World estimate for this month; the file has Total generation for 86 countries and economies. 2 of the 88 with generation for an earlier month have none for this month, so their part of the World total is estimated.",,,other-renewables
electricity.ember.monthly-mix-world,WLD,2024-12,0.452,,,,preliminary,"Ember's World estimate for this month; the file has Total generation for 86 countries and economies. 2 of the 88 with generation for an earlier month have none for this month, so their part of the World total is estimated.",,,other-renewables
electricity.ember.monthly-mix-world,WLD,2025-01,0.462,,,,preliminary,"Ember's World estimate for this month; the file has Total generation for 85 countries and economies. 3 of the 88 with generation for an earlier month have none for this month, so their part of the World total is estimated.",,,other-renewables
electricity.ember.monthly-mix-world,WLD,2025-02,0.47,,,,preliminary,"Ember's World estimate for this month; the file has Total generation for 85 countries and economies. 3 of the 88 with generation for an earlier month have none for this month, so their part of the World total is estimated.",,,other-renewables
electricity.ember.monthly-mix-world,WLD,2025-03,0.483,,,,preliminary,"Ember's World estimate for this month; the file has Total generation for 85 countries and economies. 3 of the 88 with generation for an earlier month have none for this month, so their part of the World total is estimated.",,,other-renewables
electricity.ember.monthly-mix-world,WLD,2025-04,0.508,,,,preliminary,"Ember's World estimate for this month; the file has Total generation for 85 countries and economies. 3 of the 88 with generation for an earlier month have none for this month, so their part of the World total is estimated.",,,other-renewables
electricity.ember.monthly-mix-world,WLD,2025-05,0.48,,,,preliminary,"Ember's World estimate for this month; the file has Total generation for 84 countries and economies. 4 of the 88 with generation for an earlier month have none for this month, so their part of the World total is estimated.",,,other-renewables
electricity.ember.monthly-mix-world,WLD,2025-06,0.436,,,,preliminary,"Ember's World estimate for this month; the file has Total generation for 84 countries and economies. 4 of the 88 with generation for an earlier month have none for this month, so their part of the World total is estimated.",,,other-renewables
electricity.ember.monthly-mix-world,WLD,2025-07,0.39,,,,preliminary,"Ember's World estimate for this month; the file has Total generation for 84 countries and economies. 4 of the 88 with generation for an earlier month have none for this month, so their part of the World total is estimated.",,,other-renewables
electricity.ember.monthly-mix-world,WLD,2025-08,0.4,,,,preliminary,"Ember's World estimate for this month; the file has Total generation for 84 countries and economies. 4 of the 88 with generation for an earlier month have none for this month, so their part of the World total is estimated.",,,other-renewables
electricity.ember.monthly-mix-world,WLD,2025-09,0.416,,,,preliminary,"Ember's World estimate for this month; the file has Total generation for 84 countries and economies. 4 of the 88 with generation for an earlier month have none for this month, so their part of the World total is estimated.",,,other-renewables
electricity.ember.monthly-mix-world,WLD,2025-10,0.443,,,,preliminary,"Ember's World estimate for this month; the file has Total generation for 84 countries and economies. 4 of the 88 with generation for an earlier month have none for this month, so their part of the World total is estimated.",,,other-renewables
electricity.ember.monthly-mix-world,WLD,2025-11,0.446,,,,preliminary,"Ember's World estimate for this month; the file has Total generation for 83 countries and economies. 5 of the 88 with generation for an earlier month have none for this month, so their part of the World total is estimated.",,,other-renewables
electricity.ember.monthly-mix-world,WLD,2025-12,0.448,,,,preliminary,"Ember's World estimate for this month; the file has Total generation for 82 countries and economies. 6 of the 88 with generation for an earlier month have none for this month, so their part of the World total is estimated.",,,other-renewables
electricity.ember.monthly-mix-world,WLD,2026-01,0.47,,,,preliminary,"Ember's World estimate for this month; the file has Total generation for 80 countries and economies. 8 of the 88 with generation for an earlier month have none for this month, so their part of the World total is estimated.",,,other-renewables
electricity.ember.monthly-mix-world,WLD,2026-02,0.467,,,,preliminary,"Ember's World estimate for this month; the file has Total generation for 80 countries and economies. 8 of the 88 with generation for an earlier month have none for this month, so their part of the World total is estimated.",,,other-renewables
electricity.ember.monthly-mix-world,WLD,2026-03,0.458,,,,preliminary,"Ember's World estimate for this month; the file has Total generation for 80 countries and economies. 8 of the 88 with generation for an earlier month have none for this month, so their part of the World total is estimated.",,,other-renewables
electricity.ember.monthly-mix-world,WLD,2026-04,0.506,,,,preliminary,"Ember's World estimate for this month; the file has Total generation for 72 countries and economies. 16 of the 88 with generation for an earlier month have none for this month, so their part of the World total is estimated.",,,other-renewables
electricity.ember.monthly-mix-world,WLD,2026-05,0.485,,,,preliminary,"Ember's World estimate for this month; the file has Total generation for 71 countries and economies. 17 of the 88 with generation for an earlier month have none for this month, so their part of the World total is estimated.",,,other-renewables
electricity.ember.monthly-mix-world,WLD,2026-06,0.435,,,,preliminary,"Ember's World estimate for this month; the file has Total generation for 64 countries and economies. 24 of the 88 with generation for an earlier month have none for this month, so their part of the World total is estimated.",,,other-renewables
electricity.ember.monthly-mix-world,WLD,2026-07,0.402,,,,preliminary,"Ember's World estimate for this month; the file has Total generation for 56 countries and economies. 32 of the 88 with generation for an earlier month have none for this month, so their part of the World total is estimated.",,,other-renewables
electricity.ember.monthly-mix-world,WLD,2019-01,10.786,,,,final,Ember's World estimate for this month; the file has Total generation for 84 countries and economies.,,,nuclear
electricity.ember.monthly-mix-world,WLD,2019-02,11.223,,,,final,Ember's World estimate for this month; the file has Total generation for 84 countries and economies.,,,nuclear
electricity.ember.monthly-mix-world,WLD,2019-03,10.989,,,,final,Ember's World estimate for this month; the file has Total generation for 84 countries and economies.,,,nuclear
electricity.ember.monthly-mix-world,WLD,2019-04,10.818,,,,final,Ember's World estimate for this month; the file has Total generation for 84 countries and economies.,,,nuclear
electricity.ember.monthly-mix-world,WLD,2019-05,10.403,,,,final,Ember's World estimate for this month; the file has Total generation for 84 countries and economies.,,,nuclear
electricity.ember.monthly-mix-world,WLD,2019-06,10.109,,,,final,Ember's World estimate for this month; the file has Total generation for 84 countries and economies.,,,nuclear
electricity.ember.monthly-mix-world,WLD,2019-07,9.733,,,,final,Ember's World estimate for this month; the file has Total generation for 84 countries and economies.,,,nuclear
electricity.ember.monthly-mix-world,WLD,2019-08,9.817,,,,final,Ember's World estimate for this month; the file has Total generation for 84 countries and economies.,,,nuclear
electricity.ember.monthly-mix-world,WLD,2019-09,10.079,,,,final,Ember's World estimate for this month; the file has Total generation for 84 countries and economies.,,,nuclear
electricity.ember.monthly-mix-world,WLD,2019-10,10.4,,,,final,Ember's World estimate for this month; the file has Total generation for 84 countries and economies.,,,nuclear
electricity.ember.monthly-mix-world,WLD,2019-11,10.591,,,,final,Ember's World estimate for this month; the file has Total generation for 84 countries and economies.,,,nuclear
electricity.ember.monthly-mix-world,WLD,2019-12,10.72,,,,final,Ember's World estimate for this month; the file has Total generation for 84 countries and economies.,,,nuclear
electricity.ember.monthly-mix-world,WLD,2020-01,10.731,,,,final,Ember's World estimate for this month; the file has Total generation for 86 countries and economies.,,,nuclear
electricity.ember.monthly-mix-world,WLD,2020-02,11.196,,,,final,Ember's World estimate for this month; the file has Total generation for 86 countries and economies.,,,nuclear
electricity.ember.monthly-mix-world,WLD,2020-03,10.948,,,,final,Ember's World estimate for this month; the file has Total generation for 86 countries and economies.,,,nuclear
electricity.ember.monthly-mix-world,WLD,2020-04,11.008,,,,final,Ember's World estimate for this month; the file has Total generation for 86 countries and economies.,,,nuclear
electricity.ember.monthly-mix-world,WLD,2020-05,10.472,,,,final,Ember's World estimate for this month; the file has Total generation for 86 countries and economies.,,,nuclear
electricity.ember.monthly-mix-world,WLD,2020-06,9.64,,,,final,Ember's World estimate for this month; the file has Total generation for 86 countries and economies.,,,nuclear
electricity.ember.monthly-mix-world,WLD,2020-07,9.101,,,,final,Ember's World estimate for this month; the file has Total generation for 86 countries and economies.,,,nuclear
electricity.ember.monthly-mix-world,WLD,2020-08,8.887,,,,final,Ember's World estimate for this month; the file has Total generation for 86 countries and economies.,,,nuclear
electricity.ember.monthly-mix-world,WLD,2020-09,9.378,,,,final,Ember's World estimate for this month; the file has Total generation for 86 countries and economies.,,,nuclear
electricity.ember.monthly-mix-world,WLD,2020-10,9.893,,,,final,Ember's World estimate for this month; the file has Total generation for 86 countries and economies.,,,nuclear
electricity.ember.monthly-mix-world,WLD,2020-11,10.262,,,,final,Ember's World estimate for this month; the file has Total generation for 86 countries and economies.,,,nuclear
electricity.ember.monthly-mix-world,WLD,2020-12,10.158,,,,final,Ember's World estimate for this month; the file has Total generation for 86 countries and economies.,,,nuclear
electricity.ember.monthly-mix-world,WLD,2021-01,9.981,,,,final,Ember's World estimate for this month; the file has Total generation for 86 countries and economies.,,,nuclear
electricity.ember.monthly-mix-world,WLD,2021-02,10.467,,,,final,Ember's World estimate for this month; the file has Total generation for 86 countries and economies.,,,nuclear
electricity.ember.monthly-mix-world,WLD,2021-03,10.201,,,,final,Ember's World estimate for this month; the file has Total generation for 86 countries and economies.,,,nuclear
electricity.ember.monthly-mix-world,WLD,2021-04,9.887,,,,final,Ember's World estimate for this month; the file has Total generation for 86 countries and economies.,,,nuclear
electricity.ember.monthly-mix-world,WLD,2021-05,9.891,,,,final,Ember's World estimate for this month; the file has Total generation for 86 countries and economies.,,,nuclear
electricity.ember.monthly-mix-world,WLD,2021-06,9.532,,,,final,Ember's World estimate for this month; the file has Total generation for 86 countries and economies.,,,nuclear
electricity.ember.monthly-mix-world,WLD,2021-07,9.285,,,,final,Ember's World estimate for this month; the file has Total generation for 86 countries and economies.,,,nuclear
electricity.ember.monthly-mix-world,WLD,2021-08,9.296,,,,final,Ember's World estimate for this month; the file has Total generation for 86 countries and economies.,,,nuclear
electricity.ember.monthly-mix-world,WLD,2021-09,9.854,,,,final,Ember's World estimate for this month; the file has Total generation for 86 countries and economies.,,,nuclear
electricity.ember.monthly-mix-world,WLD,2021-10,10.117,,,,final,Ember's World estimate for this month; the file has Total generation for 86 countries and economies.,,,nuclear
electricity.ember.monthly-mix-world,WLD,2021-11,10.275,,,,final,Ember's World estimate for this month; the file has Total generation for 86 countries and economies.,,,nuclear
electricity.ember.monthly-mix-world,WLD,2021-12,10.491,,,,final,Ember's World estimate for this month; the file has Total generation for 86 countries and economies.,,,nuclear
electricity.ember.monthly-mix-world,WLD,2022-01,9.966,,,,final,Ember's World estimate for this month; the file has Total generation for 87 countries and economies.,,,nuclear
electricity.ember.monthly-mix-world,WLD,2022-02,10.287,,,,final,Ember's World estimate for this month; the file has Total generation for 87 countries and economies.,,,nuclear
electricity.ember.monthly-mix-world,WLD,2022-03,9.624,,,,final,Ember's World estimate for this month; the file has Total generation for 87 countries and economies.,,,nuclear
electricity.ember.monthly-mix-world,WLD,2022-04,9.27,,,,final,Ember's World estimate for this month; the file has Total generation for 87 countries and economies.,,,nuclear
electricity.ember.monthly-mix-world,WLD,2022-05,9.066,,,,final,Ember's World estimate for this month; the file has Total generation for 87 countries and economies.,,,nuclear
electricity.ember.monthly-mix-world,WLD,2022-06,8.452,,,,final,Ember's World estimate for this month; the file has Total generation for 87 countries and economies.,,,nuclear
electricity.ember.monthly-mix-world,WLD,2022-07,8.349,,,,final,Ember's World estimate for this month; the file has Total generation for 87 countries and economies.,,,nuclear
electricity.ember.monthly-mix-world,WLD,2022-08,8.403,,,,final,Ember's World estimate for this month; the file has Total generation for 87 countries and economies.,,,nuclear
electricity.ember.monthly-mix-world,WLD,2022-09,8.881,,,,final,Ember's World estimate for this month; the file has Total generation for 87 countries and economies.,,,nuclear
electricity.ember.monthly-mix-world,WLD,2022-10,9.306,,,,preliminary,"Ember's World estimate for this month; the file has Total generation for 87 countries and economies. 1 of the 87 with generation for an earlier month have none for this month, so their part of the World total is estimated.",,,nuclear
electricity.ember.monthly-mix-world,WLD,2022-11,9.614,,,,preliminary,"Ember's World estimate for this month; the file has Total generation for 87 countries and economies. 1 of the 88 with generation for an earlier month have none for this month, so their part of the World total is estimated.",,,nuclear
electricity.ember.monthly-mix-world,WLD,2022-12,9.552,,,,preliminary,"Ember's World estimate for this month; the file has Total generation for 87 countries and economies. 1 of the 88 with generation for an earlier month have none for this month, so their part of the World total is estimated.",,,nuclear
electricity.ember.monthly-mix-world,WLD,2023-01,9.808,,,,preliminary,"Ember's World estimate for this month; the file has Total generation for 87 countries and economies. 1 of the 88 with generation for an earlier month have none for this month, so their part of the World total is estimated.",,,nuclear
electricity.ember.monthly-mix-world,WLD,2023-02,9.633,,,,preliminary,"Ember's World estimate for this month; the file has Total generation for 87 countries and economies. 1 of the 88 with generation for an earlier month have none for this month, so their part of the World total is estimated.",,,nuclear
electricity.ember.monthly-mix-world,WLD,2023-03,9.344,,,,preliminary,"Ember's World estimate for this month; the file has Total generation for 87 countries and economies. 1 of the 88 with generation for an earlier month have none for this month, so their part of the World total is estimated.",,,nuclear
electricity.ember.monthly-mix-world,WLD,2023-04,9.331,,,,preliminary,"Ember's World estimate for this month; the file has Total generation for 87 countries and economies. 1 of the 88 with generation for an earlier month have none for this month, so their part of the World total is estimated.",,,nuclear
electricity.ember.monthly-mix-world,WLD,2023-05,8.963,,,,preliminary,"Ember's World estimate for this month; the file has Total generation for 87 countries and economies. 1 of the 88 with generation for an earlier month have none for this month, so their part of the World total is estimated.",,,nuclear
electricity.ember.monthly-mix-world,WLD,2023-06,8.808,,,,preliminary,"Ember's World estimate for this month; the file has Total generation for 87 countries and economies. 1 of the 88 with generation for an earlier month have none for this month, so their part of the World total is estimated.",,,nuclear
electricity.ember.monthly-mix-world,WLD,2023-07,8.483,,,,preliminary,"Ember's World estimate for this month; the file has Total generation for 87 countries and economies. 1 of the 88 with generation for an earlier month have none for this month, so their part of the World total is estimated.",,,nuclear
electricity.ember.monthly-mix-world,WLD,2023-08,8.448,,,,preliminary,"Ember's World estimate for this month; the file has Total generation for 87 countries and economies. 1 of the 88 with generation for an earlier month have none for this month, so their part of the World total is estimated.",,,nuclear
electricity.ember.monthly-mix-world,WLD,2023-09,8.913,,,,preliminary,"Ember's World estimate for this month; the file has Total generation for 87 countries and economies. 1 of the 88 with generation for an earlier month have none for this month, so their part of the World total is estimated.",,,nuclear
electricity.ember.monthly-mix-world,WLD,2023-10,9.261,,,,preliminary,"Ember's World estimate for this month; the file has Total generation for 87 countries and economies. 1 of the 88 with generation for an earlier month have none for this month, so their part of the World total is estimated.",,,nuclear
electricity.ember.monthly-mix-world,WLD,2023-11,9.342,,,,preliminary,"Ember's World estimate for this month; the file has Total generation for 87 countries and economies. 1 of the 88 with generation for an earlier month have none for this month, so their part of the World total is estimated.",,,nuclear
electricity.ember.monthly-mix-world,WLD,2023-12,9.374,,,,preliminary,"Ember's World estimate for this month; the file has Total generation for 87 countries and economies. 1 of the 88 with generation for an earlier month have none for this month, so their part of the World total is estimated.",,,nuclear
electricity.ember.monthly-mix-world,WLD,2024-01,9.361,,,,preliminary,"Ember's World estimate for this month; the file has Total generation for 87 countries and economies. 1 of the 88 with generation for an earlier month have none for this month, so their part of the World total is estimated.",,,nuclear
electricity.ember.monthly-mix-world,WLD,2024-02,9.363,,,,preliminary,"Ember's World estimate for this month; the file has Total generation for 87 countries and economies. 1 of the 88 with generation for an earlier month have none for this month, so their part of the World total is estimated.",,,nuclear
electricity.ember.monthly-mix-world,WLD,2024-03,9.078,,,,preliminary,"Ember's World estimate for this month; the file has Total generation for 87 countries and economies. 1 of the 88 with generation for an earlier month have none for this month, so their part of the World total is estimated.",,,nuclear
electricity.ember.monthly-mix-world,WLD,2024-04,9.053,,,,preliminary,"Ember's World estimate for this month; the file has Total generation for 87 countries and economies. 1 of the 88 with generation for an earlier month have none for this month, so their part of the World total is estimated.",,,nuclear
electricity.ember.monthly-mix-world,WLD,2024-05,8.883,,,,preliminary,"Ember's World estimate for this month; the file has Total generation for 87 countries and economies. 1 of the 88 with generation for an earlier month have none for this month, so their part of the World total is estimated.",,,nuclear
electricity.ember.monthly-mix-world,WLD,2024-06,8.552,,,,preliminary,"Ember's World estimate for this month; the file has Total generation for 87 countries and economies. 1 of the 88 with generation for an earlier month have none for this month, so their part of the World total is estimated.",,,nuclear
electricity.ember.monthly-mix-world,WLD,2024-07,8.371,,,,preliminary,"Ember's World estimate for this month; the file has Total generation for 86 countries and economies. 2 of the 88 with generation for an earlier month have none for this month, so their part of the World total is estimated.",,,nuclear
electricity.ember.monthly-mix-world,WLD,2024-08,8.37,,,,preliminary,"Ember's World estimate for this month; the file has Total generation for 86 countries and economies. 2 of the 88 with generation for an earlier month have none for this month, so their part of the World total is estimated.",,,nuclear
electricity.ember.monthly-mix-world,WLD,2024-09,8.544,,,,preliminary,"Ember's World estimate for this month; the file has Total generation for 86 countries and economies. 2 of the 88 with generation for an earlier month have none for this month, so their part of the World total is estimated.",,,nuclear
electricity.ember.monthly-mix-world,WLD,2024-10,9.06,,,,preliminary,"Ember's World estimate for this month; the file has Total generation for 86 countries and economies. 2 of the 88 with generation for an earlier month have none for this month, so their part of the World total is estimated.",,,nuclear
electricity.ember.monthly-mix-world,WLD,2024-11,9.34,,,,preliminary,"Ember's World estimate for this month; the file has Total generation for 86 countries and economies. 2 of the 88 with generation for an earlier month have none for this month, so their part of the World total is estimated.",,,nuclear
electricity.ember.monthly-mix-world,WLD,2024-12,9.669,,,,preliminary,"Ember's World estimate for this month; the file has Total generation for 86 countries and economies. 2 of the 88 with generation for an earlier month have none for this month, so their part of the World total is estimated.",,,nuclear
electricity.ember.monthly-mix-world,WLD,2025-01,9.518,,,,preliminary,"Ember's World estimate for this month; the file has Total generation for 85 countries and economies. 3 of the 88 with generation for an earlier month have none for this month, so their part of the World total is estimated.",,,nuclear
electricity.ember.monthly-mix-world,WLD,2025-02,9.388,,,,preliminary,"Ember's World estimate for this month; the file has Total generation for 85 countries and economies. 3 of the 88 with generation for an earlier month have none for this month, so their part of the World total is estimated.",,,nuclear
electricity.ember.monthly-mix-world,WLD,2025-03,9.371,,,,preliminary,"Ember's World estimate for this month; the file has Total generation for 85 countries and economies. 3 of the 88 with generation for an earlier month have none for this month, so their part of the World total is estimated.",,,nuclear
electricity.ember.monthly-mix-world,WLD,2025-04,9.047,,,,preliminary,"Ember's World estimate for this month; the file has Total generation for 85 countries and economies. 3 of the 88 with generation for an earlier month have none for this month, so their part of the World total is estimated.",,,nuclear
electricity.ember.monthly-mix-world,WLD,2025-05,8.691,,,,preliminary,"Ember's World estimate for this month; the file has Total generation for 84 countries and economies. 4 of the 88 with generation for an earlier month have none for this month, so their part of the World total is estimated.",,,nuclear
electricity.ember.monthly-mix-world,WLD,2025-06,8.362,,,,preliminary,"Ember's World estimate for this month; the file has Total generation for 84 countries and economies. 4 of the 88 with generation for an earlier month have none for this month, so their part of the World total is estimated.",,,nuclear
electricity.ember.monthly-mix-world,WLD,2025-07,8.101,,,,preliminary,"Ember's World estimate for this month; the file has Total generation for 84 countries and economies. 4 of the 88 with generation for an earlier month have none for this month, so their part of the World total is estimated.",,,nuclear
electricity.ember.monthly-mix-world,WLD,2025-08,8.094,,,,preliminary,"Ember's World estimate for this month; the file has Total generation for 84 countries and economies. 4 of the 88 with generation for an earlier month have none for this month, so their part of the World total is estimated.",,,nuclear
electricity.ember.monthly-mix-world,WLD,2025-09,8.367,,,,preliminary,"Ember's World estimate for this month; the file has Total generation for 84 countries and economies. 4 of the 88 with generation for an earlier month have none for this month, so their part of the World total is estimated.",,,nuclear
electricity.ember.monthly-mix-world,WLD,2025-10,8.628,,,,preliminary,"Ember's World estimate for this month; the file has Total generation for 84 countries and economies. 4 of the 88 with generation for an earlier month have none for this month, so their part of the World total is estimated.",,,nuclear
electricity.ember.monthly-mix-world,WLD,2025-11,9.149,,,,preliminary,"Ember's World estimate for this month; the file has Total generation for 83 countries and economies. 5 of the 88 with generation for an earlier month have none for this month, so their part of the World total is estimated.",,,nuclear
electricity.ember.monthly-mix-world,WLD,2025-12,9.402,,,,preliminary,"Ember's World estimate for this month; the file has Total generation for 82 countries and economies. 6 of the 88 with generation for an earlier month have none for this month, so their part of the World total is estimated.",,,nuclear
electricity.ember.monthly-mix-world,WLD,2026-01,9.233,,,,preliminary,"Ember's World estimate for this month; the file has Total generation for 80 countries and economies. 8 of the 88 with generation for an earlier month have none for this month, so their part of the World total is estimated.",,,nuclear
electricity.ember.monthly-mix-world,WLD,2026-02,8.771,,,,preliminary,"Ember's World estimate for this month; the file has Total generation for 80 countries and economies. 8 of the 88 with generation for an earlier month have none for this month, so their part of the World total is estimated.",,,nuclear
electricity.ember.monthly-mix-world,WLD,2026-03,8.549,,,,preliminary,"Ember's World estimate for this month; the file has Total generation for 80 countries and economies. 8 of the 88 with generation for an earlier month have none for this month, so their part of the World total is estimated.",,,nuclear
electricity.ember.monthly-mix-world,WLD,2026-04,8.514,,,,preliminary,"Ember's World estimate for this month; the file has Total generation for 72 countries and economies. 16 of the 88 with generation for an earlier month have none for this month, so their part of the World total is estimated.",,,nuclear
electricity.ember.monthly-mix-world,WLD,2026-05,8.444,,,,preliminary,"Ember's World estimate for this month; the file has Total generation for 71 countries and economies. 17 of the 88 with generation for an earlier month have none for this month, so their part of the World total is estimated.",,,nuclear
electricity.ember.monthly-mix-world,WLD,2026-06,8.325,,,,preliminary,"Ember's World estimate for this month; the file has Total generation for 64 countries and economies. 24 of the 88 with generation for an earlier month have none for this month, so their part of the World total is estimated.",,,nuclear
electricity.ember.monthly-mix-world,WLD,2026-07,8.043,,,,preliminary,"Ember's World estimate for this month; the file has Total generation for 56 countries and economies. 32 of the 88 with generation for an earlier month have none for this month, so their part of the World total is estimated.",,,nuclear
electricity.ember.monthly-mix-world,WLD,2019-01,39.555,,,,final,Ember's World estimate for this month; the file has Total generation for 84 countries and economies.,,,coal
electricity.ember.monthly-mix-world,WLD,2019-02,37.195,,,,final,Ember's World estimate for this month; the file has Total generation for 84 countries and economies.,,,coal
electricity.ember.monthly-mix-world,WLD,2019-03,36.983,,,,final,Ember's World estimate for this month; the file has Total generation for 84 countries and economies.,,,coal
electricity.ember.monthly-mix-world,WLD,2019-04,36.106,,,,final,Ember's World estimate for this month; the file has Total generation for 84 countries and economies.,,,coal
electricity.ember.monthly-mix-world,WLD,2019-05,34.756,,,,final,Ember's World estimate for this month; the file has Total generation for 84 countries and economies.,,,coal
electricity.ember.monthly-mix-world,WLD,2019-06,34.876,,,,final,Ember's World estimate for this month; the file has Total generation for 84 countries and economies.,,,coal
electricity.ember.monthly-mix-world,WLD,2019-07,35.588,,,,final,Ember's World estimate for this month; the file has Total generation for 84 countries and economies.,,,coal
electricity.ember.monthly-mix-world,WLD,2019-08,35.769,,,,final,Ember's World estimate for this month; the file has Total generation for 84 countries and economies.,,,coal
electricity.ember.monthly-mix-world,WLD,2019-09,35.312,,,,final,Ember's World estimate for this month; the file has Total generation for 84 countries and economies.,,,coal
electricity.ember.monthly-mix-world,WLD,2019-10,35.183,,,,final,Ember's World estimate for this month; the file has Total generation for 84 countries and economies.,,,coal
electricity.ember.monthly-mix-world,WLD,2019-11,37.311,,,,final,Ember's World estimate for this month; the file has Total generation for 84 countries and economies.,,,coal
electricity.ember.monthly-mix-world,WLD,2019-12,38.394,,,,final,Ember's World estimate for this month; the file has Total generation for 84 countries and economies.,,,coal
electricity.ember.monthly-mix-world,WLD,2020-01,37.845,,,,final,Ember's World estimate for this month; the file has Total generation for 86 countries and economies.,,,coal
electricity.ember.monthly-mix-world,WLD,2020-02,32.463,,,,final,Ember's World estimate for this month; the file has Total generation for 86 countries and economies.,,,coal
electricity.ember.monthly-mix-world,WLD,2020-03,33.969,,,,final,Ember's World estimate for this month; the file has Total generation for 86 countries and economies.,,,coal
electricity.ember.monthly-mix-world,WLD,2020-04,34.477,,,,final,Ember's World estimate for this month; the file has Total generation for 86 countries and economies.,,,coal
electricity.ember.monthly-mix-world,WLD,2020-05,34.554,,,,final,Ember's World estimate for this month; the file has Total generation for 86 countries and economies.,,,coal
electricity.ember.monthly-mix-world,WLD,2020-06,34.292,,,,final,Ember's World estimate for this month; the file has Total generation for 86 countries and economies.,,,coal
electricity.ember.monthly-mix-world,WLD,2020-07,34.273,,,,final,Ember's World estimate for this month; the file has Total generation for 86 countries and economies.,,,coal
electricity.ember.monthly-mix-world,WLD,2020-08,35.619,,,,final,Ember's World estimate for this month; the file has Total generation for 86 countries and economies.,,,coal
electricity.ember.monthly-mix-world,WLD,2020-09,34.251,,,,final,Ember's World estimate for this month; the file has Total generation for 86 countries and economies.,,,coal
electricity.ember.monthly-mix-world,WLD,2020-10,33.662,,,,final,Ember's World estimate for this month; the file has Total generation for 86 countries and economies.,,,coal
electricity.ember.monthly-mix-world,WLD,2020-11,37.131,,,,final,Ember's World estimate for this month; the file has Total generation for 86 countries and economies.,,,coal
electricity.ember.monthly-mix-world,WLD,2020-12,39.408,,,,final,Ember's World estimate for this month; the file has Total generation for 86 countries and economies.,,,coal
electricity.ember.monthly-mix-world,WLD,2021-01,39.685,,,,final,Ember's World estimate for this month; the file has Total generation for 86 countries and economies.,,,coal
electricity.ember.monthly-mix-world,WLD,2021-02,35.653,,,,final,Ember's World estimate for this month; the file has Total generation for 86 countries and economies.,,,coal
electricity.ember.monthly-mix-world,WLD,2021-03,37.14,,,,final,Ember's World estimate for this month; the file has Total generation for 86 countries and economies.,,,coal
electricity.ember.monthly-mix-world,WLD,2021-04,36.039,,,,final,Ember's World estimate for this month; the file has Total generation for 86 countries and economies.,,,coal
electricity.ember.monthly-mix-world,WLD,2021-05,34.245,,,,final,Ember's World estimate for this month; the file has Total generation for 86 countries and economies.,,,coal
electricity.ember.monthly-mix-world,WLD,2021-06,35.345,,,,final,Ember's World estimate for this month; the file has Total generation for 86 countries and economies.,,,coal
electricity.ember.monthly-mix-world,WLD,2021-07,36.085,,,,final,Ember's World estimate for this month; the file has Total generation for 86 countries and economies.,,,coal
electricity.ember.monthly-mix-world,WLD,2021-08,36.018,,,,final,Ember's World estimate for this month; the file has Total generation for 86 countries and economies.,,,coal
electricity.ember.monthly-mix-world,WLD,2021-09,34.92,,,,final,Ember's World estimate for this month; the file has Total generation for 86 countries and economies.,,,coal
electricity.ember.monthly-mix-world,WLD,2021-10,34.116,,,,final,Ember's World estimate for this month; the file has Total generation for 86 countries and economies.,,,coal
electricity.ember.monthly-mix-world,WLD,2021-11,35.592,,,,final,Ember's World estimate for this month; the file has Total generation for 86 countries and economies.,,,coal
electricity.ember.monthly-mix-world,WLD,2021-12,37.206,,,,final,Ember's World estimate for this month; the file has Total generation for 86 countries and economies.,,,coal
electricity.ember.monthly-mix-world,WLD,2022-01,39.391,,,,final,Ember's World estimate for this month; the file has Total generation for 87 countries and economies.,,,coal
electricity.ember.monthly-mix-world,WLD,2022-02,34.935,,,,final,Ember's World estimate for this month; the file has Total generation for 87 countries and economies.,,,coal
electricity.ember.monthly-mix-world,WLD,2022-03,35.906,,,,final,Ember's World estimate for this month; the file has Total generation for 87 countries and economies.,,,coal
electricity.ember.monthly-mix-world,WLD,2022-04,33.726,,,,final,Ember's World estimate for this month; the file has Total generation for 87 countries and economies.,,,coal
electricity.ember.monthly-mix-world,WLD,2022-05,32.395,,,,final,Ember's World estimate for this month; the file has Total generation for 87 countries and economies.,,,coal
electricity.ember.monthly-mix-world,WLD,2022-06,33.26,,,,final,Ember's World estimate for this month; the file has Total generation for 87 countries and economies.,,,coal
electricity.ember.monthly-mix-world,WLD,2022-07,35.217,,,,final,Ember's World estimate for this month; the file has Total generation for 87 countries and economies.,,,coal
electricity.ember.monthly-mix-world,WLD,2022-08,36.712,,,,final,Ember's World estimate for this month; the file has Total generation for 87 countries and economies.,,,coal
electricity.ember.monthly-mix-world,WLD,2022-09,35.042,,,,final,Ember's World estimate for this month; the file has Total generation for 87 countries and economies.,,,coal
electricity.ember.monthly-mix-world,WLD,2022-10,33.854,,,,preliminary,"Ember's World estimate for this month; the file has Total generation for 87 countries and economies. 1 of the 87 with generation for an earlier month have none for this month, so their part of the World total is estimated.",,,coal
electricity.ember.monthly-mix-world,WLD,2022-11,35.847,,,,preliminary,"Ember's World estimate for this month; the file has Total generation for 87 countries and economies. 1 of the 88 with generation for an earlier month have none for this month, so their part of the World total is estimated.",,,coal
electricity.ember.monthly-mix-world,WLD,2022-12,37.567,,,,preliminary,"Ember's World estimate for this month; the file has Total generation for 87 countries and economies. 1 of the 88 with generation for an earlier month have none for this month, so their part of the World total is estimated.",,,coal
electricity.ember.monthly-mix-world,WLD,2023-01,36.698,,,,preliminary,"Ember's World estimate for this month; the file has Total generation for 87 countries and economies. 1 of the 88 with generation for an earlier month have none for this month, so their part of the World total is estimated.",,,coal
electricity.ember.monthly-mix-world,WLD,2023-02,35.337,,,,preliminary,"Ember's World estimate for this month; the file has Total generation for 87 countries and economies. 1 of the 88 with generation for an earlier month have none for this month, so their part of the World total is estimated.",,,coal
electricity.ember.monthly-mix-world,WLD,2023-03,35.776,,,,preliminary,"Ember's World estimate for this month; the file has Total generation for 87 countries and economies. 1 of the 88 with generation for an earlier month have none for this month, so their part of the World total is estimated.",,,coal
electricity.ember.monthly-mix-world,WLD,2023-04,34.305,,,,preliminary,"Ember's World estimate for this month; the file has Total generation for 87 countries and economies. 1 of the 88 with generation for an earlier month have none for this month, so their part of the World total is estimated.",,,coal
electricity.ember.monthly-mix-world,WLD,2023-05,33.651,,,,preliminary,"Ember's World estimate for this month; the file has Total generation for 87 countries and economies. 1 of the 88 with generation for an earlier month have none for this month, so their part of the World total is estimated.",,,coal
electricity.ember.monthly-mix-world,WLD,2023-06,34.969,,,,preliminary,"Ember's World estimate for this month; the file has Total generation for 87 countries and economies. 1 of the 88 with generation for an earlier month have none for this month, so their part of the World total is estimated.",,,coal
electricity.ember.monthly-mix-world,WLD,2023-07,35.554,,,,preliminary,"Ember's World estimate for this month; the file has Total generation for 87 countries and economies. 1 of the 88 with generation for an earlier month have none for this month, so their part of the World total is estimated.",,,coal
electricity.ember.monthly-mix-world,WLD,2023-08,34.841,,,,preliminary,"Ember's World estimate for this month; the file has Total generation for 87 countries and economies. 1 of the 88 with generation for an earlier month have none for this month, so their part of the World total is estimated.",,,coal
electricity.ember.monthly-mix-world,WLD,2023-09,33.931,,,,preliminary,"Ember's World estimate for this month; the file has Total generation for 87 countries and economies. 1 of the 88 with generation for an earlier month have none for this month, so their part of the World total is estimated.",,,coal
electricity.ember.monthly-mix-world,WLD,2023-10,33.872,,,,preliminary,"Ember's World estimate for this month; the file has Total generation for 87 countries and economies. 1 of the 88 with generation for an earlier month have none for this month, so their part of the World total is estimated.",,,coal
electricity.ember.monthly-mix-world,WLD,2023-11,35.237,,,,preliminary,"Ember's World estimate for this month; the file has Total generation for 87 countries and economies. 1 of the 88 with generation for an earlier month have none for this month, so their part of the World total is estimated.",,,coal
electricity.ember.monthly-mix-world,WLD,2023-12,37.293,,,,preliminary,"Ember's World estimate for this month; the file has Total generation for 87 countries and economies. 1 of the 88 with generation for an earlier month have none for this month, so their part of the World total is estimated.",,,coal
electricity.ember.monthly-mix-world,WLD,2024-01,36.404,,,,preliminary,"Ember's World estimate for this month; the file has Total generation for 87 countries and economies. 1 of the 88 with generation for an earlier month have none for this month, so their part of the World total is estimated.",,,coal
electricity.ember.monthly-mix-world,WLD,2024-02,35.737,,,,preliminary,"Ember's World estimate for this month; the file has Total generation for 87 countries and economies. 1 of the 88 with generation for an earlier month have none for this month, so their part of the World total is estimated.",,,coal
electricity.ember.monthly-mix-world,WLD,2024-03,34.443,,,,preliminary,"Ember's World estimate for this month; the file has Total generation for 87 countries and economies. 1 of the 88 with generation for an earlier month have none for this month, so their part of the World total is estimated.",,,coal
electricity.ember.monthly-mix-world,WLD,2024-04,33.106,,,,preliminary,"Ember's World estimate for this month; the file has Total generation for 87 countries and economies. 1 of the 88 with generation for an earlier month have none for this month, so their part of the World total is estimated.",,,coal
electricity.ember.monthly-mix-world,WLD,2024-05,31.796,,,,preliminary,"Ember's World estimate for this month; the file has Total generation for 87 countries and economies. 1 of the 88 with generation for an earlier month have none for this month, so their part of the World total is estimated.",,,coal
electricity.ember.monthly-mix-world,WLD,2024-06,32.102,,,,preliminary,"Ember's World estimate for this month; the file has Total generation for 87 countries and economies. 1 of the 88 with generation for an earlier month have none for this month, so their part of the World total is estimated.",,,coal
electricity.ember.monthly-mix-world,WLD,2024-07,32.873,,,,preliminary,"Ember's World estimate for this month; the file has Total generation for 86 countries and economies. 2 of the 88 with generation for an earlier month have none for this month, so their part of the World total is estimated.",,,coal
electricity.ember.monthly-mix-world,WLD,2024-08,33.91,,,,preliminary,"Ember's World estimate for this month; the file has Total generation for 86 countries and economies. 2 of the 88 with generation for an earlier month have none for this month, so their part of the World total is estimated.",,,coal
electricity.ember.monthly-mix-world,WLD,2024-09,33.757,,,,preliminary,"Ember's World estimate for this month; the file has Total generation for 86 countries and economies. 2 of the 88 with generation for an earlier month have none for this month, so their part of the World total is estimated.",,,coal
electricity.ember.monthly-mix-world,WLD,2024-10,32.888,,,,preliminary,"Ember's World estimate for this month; the file has Total generation for 86 countries and economies. 2 of the 88 with generation for an earlier month have none for this month, so their part of the World total is estimated.",,,coal
electricity.ember.monthly-mix-world,WLD,2024-11,34.484,,,,preliminary,"Ember's World estimate for this month; the file has Total generation for 86 countries and economies. 2 of the 88 with generation for an earlier month have none for this month, so their part of the World total is estimated.",,,coal
electricity.ember.monthly-mix-world,WLD,2024-12,35.903,,,,preliminary,"Ember's World estimate for this month; the file has Total generation for 86 countries and economies. 2 of the 88 with generation for an earlier month have none for this month, so their part of the World total is estimated.",,,coal
electricity.ember.monthly-mix-world,WLD,2025-01,35.371,,,,preliminary,"Ember's World estimate for this month; the file has Total generation for 85 countries and economies. 3 of the 88 with generation for an earlier month have none for this month, so their part of the World total is estimated.",,,coal
electricity.ember.monthly-mix-world,WLD,2025-02,33.606,,,,preliminary,"Ember's World estimate for this month; the file has Total generation for 85 countries and economies. 3 of the 88 with generation for an earlier month have none for this month, so their part of the World total is estimated.",,,coal
electricity.ember.monthly-mix-world,WLD,2025-03,33.642,,,,preliminary,"Ember's World estimate for this month; the file has Total generation for 85 countries and economies. 3 of the 88 with generation for an earlier month have none for this month, so their part of the World total is estimated.",,,coal
electricity.ember.monthly-mix-world,WLD,2025-04,31.674,,,,preliminary,"Ember's World estimate for this month; the file has Total generation for 85 countries and economies. 3 of the 88 with generation for an earlier month have none for this month, so their part of the World total is estimated.",,,coal
electricity.ember.monthly-mix-world,WLD,2025-05,30.837,,,,preliminary,"Ember's World estimate for this month; the file has Total generation for 84 countries and economies. 4 of the 88 with generation for an earlier month have none for this month, so their part of the World total is estimated.",,,coal
electricity.ember.monthly-mix-world,WLD,2025-06,31.072,,,,preliminary,"Ember's World estimate for this month; the file has Total generation for 84 countries and economies. 4 of the 88 with generation for an earlier month have none for this month, so their part of the World total is estimated.",,,coal
electricity.ember.monthly-mix-world,WLD,2025-07,32.835,,,,preliminary,"Ember's World estimate for this month; the file has Total generation for 84 countries and economies. 4 of the 88 with generation for an earlier month have none for this month, so their part of the World total is estimated.",,,coal
electricity.ember.monthly-mix-world,WLD,2025-08,33.661,,,,preliminary,"Ember's World estimate for this month; the file has Total generation for 84 countries and economies. 4 of the 88 with generation for an earlier month have none for this month, so their part of the World total is estimated.",,,coal
electricity.ember.monthly-mix-world,WLD,2025-09,31.856,,,,preliminary,"Ember's World estimate for this month; the file has Total generation for 84 countries and economies. 4 of the 88 with generation for an earlier month have none for this month, so their part of the World total is estimated.",,,coal
electricity.ember.monthly-mix-world,WLD,2025-10,32.158,,,,preliminary,"Ember's World estimate for this month; the file has Total generation for 84 countries and economies. 4 of the 88 with generation for an earlier month have none for this month, so their part of the World total is estimated.",,,coal
electricity.ember.monthly-mix-world,WLD,2025-11,32.405,,,,preliminary,"Ember's World estimate for this month; the file has Total generation for 83 countries and economies. 5 of the 88 with generation for an earlier month have none for this month, so their part of the World total is estimated.",,,coal
electricity.ember.monthly-mix-world,WLD,2025-12,34.363,,,,preliminary,"Ember's World estimate for this month; the file has Total generation for 82 countries and economies. 6 of the 88 with generation for an earlier month have none for this month, so their part of the World total is estimated.",,,coal
electricity.ember.monthly-mix-world,WLD,2026-01,33.779,,,,preliminary,"Ember's World estimate for this month; the file has Total generation for 80 countries and economies. 8 of the 88 with generation for an earlier month have none for this month, so their part of the World total is estimated.",,,coal
electricity.ember.monthly-mix-world,WLD,2026-02,33.675,,,,preliminary,"Ember's World estimate for this month; the file has Total generation for 80 countries and economies. 8 of the 88 with generation for an earlier month have none for this month, so their part of the World total is estimated.",,,coal
electricity.ember.monthly-mix-world,WLD,2026-03,33.261,,,,preliminary,"Ember's World estimate for this month; the file has Total generation for 80 countries and economies. 8 of the 88 with generation for an earlier month have none for this month, so their part of the World total is estimated.",,,coal
electricity.ember.monthly-mix-world,WLD,2026-04,31.233,,,,preliminary,"Ember's World estimate for this month; the file has Total generation for 72 countries and economies. 16 of the 88 with generation for an earlier month have none for this month, so their part of the World total is estimated.",,,coal
electricity.ember.monthly-mix-world,WLD,2026-05,30.479,,,,preliminary,"Ember's World estimate for this month; the file has Total generation for 71 countries and economies. 17 of the 88 with generation for an earlier month have none for this month, so their part of the World total is estimated.",,,coal
electricity.ember.monthly-mix-world,WLD,2026-06,30.521,,,,preliminary,"Ember's World estimate for this month; the file has Total generation for 64 countries and economies. 24 of the 88 with generation for an earlier month have none for this month, so their part of the World total is estimated.",,,coal
electricity.ember.monthly-mix-world,WLD,2026-07,31.674,,,,preliminary,"Ember's World estimate for this month; the file has Total generation for 56 countries and economies. 32 of the 88 with generation for an earlier month have none for this month, so their part of the World total is estimated.",,,coal
electricity.ember.monthly-mix-world,WLD,2019-01,22.663,,,,final,Ember's World estimate for this month; the file has Total generation for 84 countries and economies.,,,gas
electricity.ember.monthly-mix-world,WLD,2019-02,22.668,,,,final,Ember's World estimate for this month; the file has Total generation for 84 countries and economies.,,,gas
electricity.ember.monthly-mix-world,WLD,2019-03,22.396,,,,final,Ember's World estimate for this month; the file has Total generation for 84 countries and economies.,,,gas
electricity.ember.monthly-mix-world,WLD,2019-04,22.19,,,,final,Ember's World estimate for this month; the file has Total generation for 84 countries and economies.,,,gas
electricity.ember.monthly-mix-world,WLD,2019-05,23.052,,,,final,Ember's World estimate for this month; the file has Total generation for 84 countries and economies.,,,gas
electricity.ember.monthly-mix-world,WLD,2019-06,24.539,,,,final,Ember's World estimate for this month; the file has Total generation for 84 countries and economies.,,,gas
electricity.ember.monthly-mix-world,WLD,2019-07,25.332,,,,final,Ember's World estimate for this month; the file has Total generation for 84 countries and economies.,,,gas
electricity.ember.monthly-mix-world,WLD,2019-08,25.696,,,,final,Ember's World estimate for this month; the file has Total generation for 84 countries and economies.,,,gas
electricity.ember.monthly-mix-world,WLD,2019-09,25.459,,,,final,Ember's World estimate for this month; the file has Total generation for 84 countries and economies.,,,gas
electricity.ember.monthly-mix-world,WLD,2019-10,25.044,,,,final,Ember's World estimate for this month; the file has Total generation for 84 countries and economies.,,,gas
electricity.ember.monthly-mix-world,WLD,2019-11,22.708,,,,final,Ember's World estimate for this month; the file has Total generation for 84 countries and economies.,,,gas
electricity.ember.monthly-mix-world,WLD,2019-12,22.395,,,,final,Ember's World estimate for this month; the file has Total generation for 84 countries and economies.,,,gas
electricity.ember.monthly-mix-world,WLD,2020-01,23.229,,,,final,Ember's World estimate for this month; the file has Total generation for 86 countries and economies.,,,gas
electricity.ember.monthly-mix-world,WLD,2020-02,24.162,,,,final,Ember's World estimate for this month; the file has Total generation for 86 countries and economies.,,,gas
electricity.ember.monthly-mix-world,WLD,2020-03,23.152,,,,final,Ember's World estimate for this month; the file has Total generation for 86 countries and economies.,,,gas
electricity.ember.monthly-mix-world,WLD,2020-04,22.272,,,,final,Ember's World estimate for this month; the file has Total generation for 86 countries and economies.,,,gas
electricity.ember.monthly-mix-world,WLD,2020-05,22.333,,,,final,Ember's World estimate for this month; the file has Total generation for 86 countries and economies.,,,gas
electricity.ember.monthly-mix-world,WLD,2020-06,23.968,,,,final,Ember's World estimate for this month; the file has Total generation for 86 countries and economies.,,,gas
electricity.ember.monthly-mix-world,WLD,2020-07,25.403,,,,final,Ember's World estimate for this month; the file has Total generation for 86 countries and economies.,,,gas
electricity.ember.monthly-mix-world,WLD,2020-08,25.147,,,,final,Ember's World estimate for this month; the file has Total generation for 86 countries and economies.,,,gas
electricity.ember.monthly-mix-world,WLD,2020-09,24.725,,,,final,Ember's World estimate for this month; the file has Total generation for 86 countries and economies.,,,gas
electricity.ember.monthly-mix-world,WLD,2020-10,23.635,,,,final,Ember's World estimate for this month; the file has Total generation for 86 countries and economies.,,,gas
electricity.ember.monthly-mix-world,WLD,2020-11,22.584,,,,final,Ember's World estimate for this month; the file has Total generation for 86 countries and economies.,,,gas
electricity.ember.monthly-mix-world,WLD,2020-12,21.851,,,,final,Ember's World estimate for this month; the file has Total generation for 86 countries and economies.,,,gas
electricity.ember.monthly-mix-world,WLD,2021-01,21.718,,,,final,Ember's World estimate for this month; the file has Total generation for 86 countries and economies.,,,gas
electricity.ember.monthly-mix-world,WLD,2021-02,22.367,,,,final,Ember's World estimate for this month; the file has Total generation for 86 countries and economies.,,,gas
electricity.ember.monthly-mix-world,WLD,2021-03,21.904,,,,final,Ember's World estimate for this month; the file has Total generation for 86 countries and economies.,,,gas
electricity.ember.monthly-mix-world,WLD,2021-04,22.715,,,,final,Ember's World estimate for this month; the file has Total generation for 86 countries and economies.,,,gas
electricity.ember.monthly-mix-world,WLD,2021-05,22.427,,,,final,Ember's World estimate for this month; the file has Total generation for 86 countries and economies.,,,gas
electricity.ember.monthly-mix-world,WLD,2021-06,23.795,,,,final,Ember's World estimate for this month; the file has Total generation for 86 countries and economies.,,,gas
electricity.ember.monthly-mix-world,WLD,2021-07,24.058,,,,final,Ember's World estimate for this month; the file has Total generation for 86 countries and economies.,,,gas
electricity.ember.monthly-mix-world,WLD,2021-08,24.373,,,,final,Ember's World estimate for this month; the file has Total generation for 86 countries and economies.,,,gas
electricity.ember.monthly-mix-world,WLD,2021-09,23.633,,,,final,Ember's World estimate for this month; the file has Total generation for 86 countries and economies.,,,gas
electricity.ember.monthly-mix-world,WLD,2021-10,23.349,,,,final,Ember's World estimate for this month; the file has Total generation for 86 countries and economies.,,,gas
electricity.ember.monthly-mix-world,WLD,2021-11,22.547,,,,final,Ember's World estimate for this month; the file has Total generation for 86 countries and economies.,,,gas
electricity.ember.monthly-mix-world,WLD,2021-12,21.679,,,,final,Ember's World estimate for this month; the file has Total generation for 86 countries and economies.,,,gas
electricity.ember.monthly-mix-world,WLD,2022-01,21.337,,,,final,Ember's World estimate for this month; the file has Total generation for 87 countries and economies.,,,gas
electricity.ember.monthly-mix-world,WLD,2022-02,21.874,,,,final,Ember's World estimate for this month; the file has Total generation for 87 countries and economies.,,,gas
electricity.ember.monthly-mix-world,WLD,2022-03,21.647,,,,final,Ember's World estimate for this month; the file has Total generation for 87 countries and economies.,,,gas
electricity.ember.monthly-mix-world,WLD,2022-04,21.086,,,,final,Ember's World estimate for this month; the file has Total generation for 87 countries and economies.,,,gas
electricity.ember.monthly-mix-world,WLD,2022-05,21.562,,,,final,Ember's World estimate for this month; the file has Total generation for 87 countries and economies.,,,gas
electricity.ember.monthly-mix-world,WLD,2022-06,23.403,,,,final,Ember's World estimate for this month; the file has Total generation for 87 countries and economies.,,,gas
electricity.ember.monthly-mix-world,WLD,2022-07,24.154,,,,final,Ember's World estimate for this month; the file has Total generation for 87 countries and economies.,,,gas
electricity.ember.monthly-mix-world,WLD,2022-08,24.159,,,,final,Ember's World estimate for this month; the file has Total generation for 87 countries and economies.,,,gas
electricity.ember.monthly-mix-world,WLD,2022-09,23.888,,,,final,Ember's World estimate for this month; the file has Total generation for 87 countries and economies.,,,gas
electricity.ember.monthly-mix-world,WLD,2022-10,22.86,,,,preliminary,"Ember's World estimate for this month; the file has Total generation for 87 countries and economies. 1 of the 87 with generation for an earlier month have none for this month, so their part of the World total is estimated.",,,gas
electricity.ember.monthly-mix-world,WLD,2022-11,22.198,,,,preliminary,"Ember's World estimate for this month; the file has Total generation for 87 countries and economies. 1 of the 88 with generation for an earlier month have none for this month, so their part of the World total is estimated.",,,gas
electricity.ember.monthly-mix-world,WLD,2022-12,21.465,,,,preliminary,"Ember's World estimate for this month; the file has Total generation for 87 countries and economies. 1 of the 88 with generation for an earlier month have none for this month, so their part of the World total is estimated.",,,gas
electricity.ember.monthly-mix-world,WLD,2023-01,20.862,,,,preliminary,"Ember's World estimate for this month; the file has Total generation for 87 countries and economies. 1 of the 88 with generation for an earlier month have none for this month, so their part of the World total is estimated.",,,gas
electricity.ember.monthly-mix-world,WLD,2023-02,21.446,,,,preliminary,"Ember's World estimate for this month; the file has Total generation for 87 countries and economies. 1 of the 88 with generation for an earlier month have none for this month, so their part of the World total is estimated.",,,gas
electricity.ember.monthly-mix-world,WLD,2023-03,21.618,,,,preliminary,"Ember's World estimate for this month; the file has Total generation for 87 countries and economies. 1 of the 88 with generation for an earlier month have none for this month, so their part of the World total is estimated.",,,gas
electricity.ember.monthly-mix-world,WLD,2023-04,21.279,,,,preliminary,"Ember's World estimate for this month; the file has Total generation for 87 countries and economies. 1 of the 88 with generation for an earlier month have none for this month, so their part of the World total is estimated.",,,gas
electricity.ember.monthly-mix-world,WLD,2023-05,22.288,,,,preliminary,"Ember's World estimate for this month; the file has Total generation for 87 countries and economies. 1 of the 88 with generation for an earlier month have none for this month, so their part of the World total is estimated.",,,gas
electricity.ember.monthly-mix-world,WLD,2023-06,23.508,,,,preliminary,"Ember's World estimate for this month; the file has Total generation for 87 countries and economies. 1 of the 88 with generation for an earlier month have none for this month, so their part of the World total is estimated.",,,gas
electricity.ember.monthly-mix-world,WLD,2023-07,24.134,,,,preliminary,"Ember's World estimate for this month; the file has Total generation for 87 countries and economies. 1 of the 88 with generation for an earlier month have none for this month, so their part of the World total is estimated.",,,gas
electricity.ember.monthly-mix-world,WLD,2023-08,24.061,,,,preliminary,"Ember's World estimate for this month; the file has Total generation for 87 countries and economies. 1 of the 88 with generation for an earlier month have none for this month, so their part of the World total is estimated.",,,gas
electricity.ember.monthly-mix-world,WLD,2023-09,23.469,,,,preliminary,"Ember's World estimate for this month; the file has Total generation for 87 countries and economies. 1 of the 88 with generation for an earlier month have none for this month, so their part of the World total is estimated.",,,gas
electricity.ember.monthly-mix-world,WLD,2023-10,22.109,,,,preliminary,"Ember's World estimate for this month; the file has Total generation for 87 countries and economies. 1 of the 88 with generation for an earlier month have none for this month, so their part of the World total is estimated.",,,gas
electricity.ember.monthly-mix-world,WLD,2023-11,21.372,,,,preliminary,"Ember's World estimate for this month; the file has Total generation for 87 countries and economies. 1 of the 88 with generation for an earlier month have none for this month, so their part of the World total is estimated.",,,gas
electricity.ember.monthly-mix-world,WLD,2023-12,20.481,,,,preliminary,"Ember's World estimate for this month; the file has Total generation for 87 countries and economies. 1 of the 88 with generation for an earlier month have none for this month, so their part of the World total is estimated.",,,gas
electricity.ember.monthly-mix-world,WLD,2024-01,21.698,,,,preliminary,"Ember's World estimate for this month; the file has Total generation for 87 countries and economies. 1 of the 88 with generation for an earlier month have none for this month, so their part of the World total is estimated.",,,gas
electricity.ember.monthly-mix-world,WLD,2024-02,20.571,,,,preliminary,"Ember's World estimate for this month; the file has Total generation for 87 countries and economies. 1 of the 88 with generation for an earlier month have none for this month, so their part of the World total is estimated.",,,gas
electricity.ember.monthly-mix-world,WLD,2024-03,20.803,,,,preliminary,"Ember's World estimate for this month; the file has Total generation for 87 countries and economies. 1 of the 88 with generation for an earlier month have none for this month, so their part of the World total is estimated.",,,gas
electricity.ember.monthly-mix-world,WLD,2024-04,20.501,,,,preliminary,"Ember's World estimate for this month; the file has Total generation for 87 countries and economies. 1 of the 88 with generation for an earlier month have none for this month, so their part of the World total is estimated.",,,gas
electricity.ember.monthly-mix-world,WLD,2024-05,21.103,,,,preliminary,"Ember's World estimate for this month; the file has Total generation for 87 countries and economies. 1 of the 88 with generation for an earlier month have none for this month, so their part of the World total is estimated.",,,gas
electricity.ember.monthly-mix-world,WLD,2024-06,22.252,,,,preliminary,"Ember's World estimate for this month; the file has Total generation for 87 countries and economies. 1 of the 88 with generation for an earlier month have none for this month, so their part of the World total is estimated.",,,gas
electricity.ember.monthly-mix-world,WLD,2024-07,23.33,,,,preliminary,"Ember's World estimate for this month; the file has Total generation for 86 countries and economies. 2 of the 88 with generation for an earlier month have none for this month, so their part of the World total is estimated.",,,gas
electricity.ember.monthly-mix-world,WLD,2024-08,23.534,,,,preliminary,"Ember's World estimate for this month; the file has Total generation for 86 countries and economies. 2 of the 88 with generation for an earlier month have none for this month, so their part of the World total is estimated.",,,gas
electricity.ember.monthly-mix-world,WLD,2024-09,22.748,,,,preliminary,"Ember's World estimate for this month; the file has Total generation for 86 countries and economies. 2 of the 88 with generation for an earlier month have none for this month, so their part of the World total is estimated.",,,gas
electricity.ember.monthly-mix-world,WLD,2024-10,21.841,,,,preliminary,"Ember's World estimate for this month; the file has Total generation for 86 countries and economies. 2 of the 88 with generation for an earlier month have none for this month, so their part of the World total is estimated.",,,gas
electricity.ember.monthly-mix-world,WLD,2024-11,21.844,,,,preliminary,"Ember's World estimate for this month; the file has Total generation for 86 countries and economies. 2 of the 88 with generation for an earlier month have none for this month, so their part of the World total is estimated.",,,gas
electricity.ember.monthly-mix-world,WLD,2024-12,20.463,,,,preliminary,"Ember's World estimate for this month; the file has Total generation for 86 countries and economies. 2 of the 88 with generation for an earlier month have none for this month, so their part of the World total is estimated.",,,gas
electricity.ember.monthly-mix-world,WLD,2025-01,21.205,,,,preliminary,"Ember's World estimate for this month; the file has Total generation for 85 countries and economies. 3 of the 88 with generation for an earlier month have none for this month, so their part of the World total is estimated.",,,gas
electricity.ember.monthly-mix-world,WLD,2025-02,21.058,,,,preliminary,"Ember's World estimate for this month; the file has Total generation for 85 countries and economies. 3 of the 88 with generation for an earlier month have none for this month, so their part of the World total is estimated.",,,gas
electricity.ember.monthly-mix-world,WLD,2025-03,20.06,,,,preliminary,"Ember's World estimate for this month; the file has Total generation for 85 countries and economies. 3 of the 88 with generation for an earlier month have none for this month, so their part of the World total is estimated.",,,gas
electricity.ember.monthly-mix-world,WLD,2025-04,20.174,,,,preliminary,"Ember's World estimate for this month; the file has Total generation for 85 countries and economies. 3 of the 88 with generation for an earlier month have none for this month, so their part of the World total is estimated.",,,gas
electricity.ember.monthly-mix-world,WLD,2025-05,20.617,,,,preliminary,"Ember's World estimate for this month; the file has Total generation for 84 countries and economies. 4 of the 88 with generation for an earlier month have none for this month, so their part of the World total is estimated.",,,gas
electricity.ember.monthly-mix-world,WLD,2025-06,21.596,,,,preliminary,"Ember's World estimate for this month; the file has Total generation for 84 countries and economies. 4 of the 88 with generation for an earlier month have none for this month, so their part of the World total is estimated.",,,gas
electricity.ember.monthly-mix-world,WLD,2025-07,22.672,,,,preliminary,"Ember's World estimate for this month; the file has Total generation for 84 countries and economies. 4 of the 88 with generation for an earlier month have none for this month, so their part of the World total is estimated.",,,gas
electricity.ember.monthly-mix-world,WLD,2025-08,22.781,,,,preliminary,"Ember's World estimate for this month; the file has Total generation for 84 countries and economies. 4 of the 88 with generation for an earlier month have none for this month, so their part of the World total is estimated.",,,gas
electricity.ember.monthly-mix-world,WLD,2025-09,22.131,,,,preliminary,"Ember's World estimate for this month; the file has Total generation for 84 countries and economies. 4 of the 88 with generation for an earlier month have none for this month, so their part of the World total is estimated.",,,gas
electricity.ember.monthly-mix-world,WLD,2025-10,21.86,,,,preliminary,"Ember's World estimate for this month; the file has Total generation for 84 countries and economies. 4 of the 88 with generation for an earlier month have none for this month, so their part of the World total is estimated.",,,gas
electricity.ember.monthly-mix-world,WLD,2025-11,21.154,,,,preliminary,"Ember's World estimate for this month; the file has Total generation for 83 countries and economies. 5 of the 88 with generation for an earlier month have none for this month, so their part of the World total is estimated.",,,gas
electricity.ember.monthly-mix-world,WLD,2025-12,20.525,,,,preliminary,"Ember's World estimate for this month; the file has Total generation for 82 countries and economies. 6 of the 88 with generation for an earlier month have none for this month, so their part of the World total is estimated.",,,gas
electricity.ember.monthly-mix-world,WLD,2026-01,21.523,,,,preliminary,"Ember's World estimate for this month; the file has Total generation for 80 countries and economies. 8 of the 88 with generation for an earlier month have none for this month, so their part of the World total is estimated.",,,gas
electricity.ember.monthly-mix-world,WLD,2026-02,20.526,,,,preliminary,"Ember's World estimate for this month; the file has Total generation for 80 countries and economies. 8 of the 88 with generation for an earlier month have none for this month, so their part of the World total is estimated.",,,gas
electricity.ember.monthly-mix-world,WLD,2026-03,19.827,,,,preliminary,"Ember's World estimate for this month; the file has Total generation for 80 countries and economies. 8 of the 88 with generation for an earlier month have none for this month, so their part of the World total is estimated.",,,gas
electricity.ember.monthly-mix-world,WLD,2026-04,20.09,,,,preliminary,"Ember's World estimate for this month; the file has Total generation for 72 countries and economies. 16 of the 88 with generation for an earlier month have none for this month, so their part of the World total is estimated.",,,gas
electricity.ember.monthly-mix-world,WLD,2026-05,20.316,,,,preliminary,"Ember's World estimate for this month; the file has Total generation for 71 countries and economies. 17 of the 88 with generation for an earlier month have none for this month, so their part of the World total is estimated.",,,gas
electricity.ember.monthly-mix-world,WLD,2026-06,21.208,,,,preliminary,"Ember's World estimate for this month; the file has Total generation for 64 countries and economies. 24 of the 88 with generation for an earlier month have none for this month, so their part of the World total is estimated.",,,gas
electricity.ember.monthly-mix-world,WLD,2026-07,22.195,,,,preliminary,"Ember's World estimate for this month; the file has Total generation for 56 countries and economies. 32 of the 88 with generation for an earlier month have none for this month, so their part of the World total is estimated.",,,gas
electricity.ember.monthly-mix-world,WLD,2019-01,3.676,,,,final,Ember's World estimate for this month; the file has Total generation for 84 countries and economies.,,,other-fossil
electricity.ember.monthly-mix-world,WLD,2019-02,3.501,,,,final,Ember's World estimate for this month; the file has Total generation for 84 countries and economies.,,,other-fossil
electricity.ember.monthly-mix-world,WLD,2019-03,2.931,,,,final,Ember's World estimate for this month; the file has Total generation for 84 countries and economies.,,,other-fossil
electricity.ember.monthly-mix-world,WLD,2019-04,2.88,,,,final,Ember's World estimate for this month; the file has Total generation for 84 countries and economies.,,,other-fossil
electricity.ember.monthly-mix-world,WLD,2019-05,2.88,,,,final,Ember's World estimate for this month; the file has Total generation for 84 countries and economies.,,,other-fossil
electricity.ember.monthly-mix-world,WLD,2019-06,3.046,,,,final,Ember's World estimate for this month; the file has Total generation for 84 countries and economies.,,,other-fossil
electricity.ember.monthly-mix-world,WLD,2019-07,3.357,,,,final,Ember's World estimate for this month; the file has Total generation for 84 countries and economies.,,,other-fossil
electricity.ember.monthly-mix-world,WLD,2019-08,3.156,,,,final,Ember's World estimate for this month; the file has Total generation for 84 countries and economies.,,,other-fossil
electricity.ember.monthly-mix-world,WLD,2019-09,3.176,,,,final,Ember's World estimate for this month; the file has Total generation for 84 countries and economies.,,,other-fossil
electricity.ember.monthly-mix-world,WLD,2019-10,2.818,,,,final,Ember's World estimate for this month; the file has Total generation for 84 countries and economies.,,,other-fossil
electricity.ember.monthly-mix-world,WLD,2019-11,3.604,,,,final,Ember's World estimate for this month; the file has Total generation for 84 countries and economies.,,,other-fossil
electricity.ember.monthly-mix-world,WLD,2019-12,3.849,,,,final,Ember's World estimate for this month; the file has Total generation for 84 countries and economies.,,,other-fossil
electricity.ember.monthly-mix-world,WLD,2020-01,4.055,,,,final,Ember's World estimate for this month; the file has Total generation for 86 countries and economies.,,,other-fossil
electricity.ember.monthly-mix-world,WLD,2020-02,3.571,,,,final,Ember's World estimate for this month; the file has Total generation for 86 countries and economies.,,,other-fossil
electricity.ember.monthly-mix-world,WLD,2020-03,2.782,,,,final,Ember's World estimate for this month; the file has Total generation for 86 countries and economies.,,,other-fossil
electricity.ember.monthly-mix-world,WLD,2020-04,2.468,,,,final,Ember's World estimate for this month; the file has Total generation for 86 countries and economies.,,,other-fossil
electricity.ember.monthly-mix-world,WLD,2020-05,2.567,,,,final,Ember's World estimate for this month; the file has Total generation for 86 countries and economies.,,,other-fossil
electricity.ember.monthly-mix-world,WLD,2020-06,2.908,,,,final,Ember's World estimate for this month; the file has Total generation for 86 countries and economies.,,,other-fossil
electricity.ember.monthly-mix-world,WLD,2020-07,2.936,,,,final,Ember's World estimate for this month; the file has Total generation for 86 countries and economies.,,,other-fossil
electricity.ember.monthly-mix-world,WLD,2020-08,2.938,,,,final,Ember's World estimate for this month; the file has Total generation for 86 countries and economies.,,,other-fossil
electricity.ember.monthly-mix-world,WLD,2020-09,3.016,,,,final,Ember's World estimate for this month; the file has Total generation for 86 countries and economies.,,,other-fossil
electricity.ember.monthly-mix-world,WLD,2020-10,2.718,,,,final,Ember's World estimate for this month; the file has Total generation for 86 countries and economies.,,,other-fossil
electricity.ember.monthly-mix-world,WLD,2020-11,3.149,,,,final,Ember's World estimate for this month; the file has Total generation for 86 countries and economies.,,,other-fossil
electricity.ember.monthly-mix-world,WLD,2020-12,3.597,,,,final,Ember's World estimate for this month; the file has Total generation for 86 countries and economies.,,,other-fossil
electricity.ember.monthly-mix-world,WLD,2021-01,3.694,,,,final,Ember's World estimate for this month; the file has Total generation for 86 countries and economies.,,,other-fossil
electricity.ember.monthly-mix-world,WLD,2021-02,3.014,,,,final,Ember's World estimate for this month; the file has Total generation for 86 countries and economies.,,,other-fossil
electricity.ember.monthly-mix-world,WLD,2021-03,2.713,,,,final,Ember's World estimate for this month; the file has Total generation for 86 countries and economies.,,,other-fossil
electricity.ember.monthly-mix-world,WLD,2021-04,2.366,,,,final,Ember's World estimate for this month; the file has Total generation for 86 countries and economies.,,,other-fossil
electricity.ember.monthly-mix-world,WLD,2021-05,2.652,,,,final,Ember's World estimate for this month; the file has Total generation for 86 countries and economies.,,,other-fossil
electricity.ember.monthly-mix-world,WLD,2021-06,2.993,,,,final,Ember's World estimate for this month; the file has Total generation for 86 countries and economies.,,,other-fossil
electricity.ember.monthly-mix-world,WLD,2021-07,2.88,,,,final,Ember's World estimate for this month; the file has Total generation for 86 countries and economies.,,,other-fossil
electricity.ember.monthly-mix-world,WLD,2021-08,3.078,,,,final,Ember's World estimate for this month; the file has Total generation for 86 countries and economies.,,,other-fossil
electricity.ember.monthly-mix-world,WLD,2021-09,2.936,,,,final,Ember's World estimate for this month; the file has Total generation for 86 countries and economies.,,,other-fossil
electricity.ember.monthly-mix-world,WLD,2021-10,3.048,,,,final,Ember's World estimate for this month; the file has Total generation for 86 countries and economies.,,,other-fossil
electricity.ember.monthly-mix-world,WLD,2021-11,3.783,,,,final,Ember's World estimate for this month; the file has Total generation for 86 countries and economies.,,,other-fossil
electricity.ember.monthly-mix-world,WLD,2021-12,3.964,,,,final,Ember's World estimate for this month; the file has Total generation for 86 countries and economies.,,,other-fossil
electricity.ember.monthly-mix-world,WLD,2022-01,4.021,,,,final,Ember's World estimate for this month; the file has Total generation for 87 countries and economies.,,,other-fossil
electricity.ember.monthly-mix-world,WLD,2022-02,3.521,,,,final,Ember's World estimate for this month; the file has Total generation for 87 countries and economies.,,,other-fossil
electricity.ember.monthly-mix-world,WLD,2022-03,2.803,,,,final,Ember's World estimate for this month; the file has Total generation for 87 countries and economies.,,,other-fossil
electricity.ember.monthly-mix-world,WLD,2022-04,3.19,,,,final,Ember's World estimate for this month; the file has Total generation for 87 countries and economies.,,,other-fossil
electricity.ember.monthly-mix-world,WLD,2022-05,3.461,,,,final,Ember's World estimate for this month; the file has Total generation for 87 countries and economies.,,,other-fossil
electricity.ember.monthly-mix-world,WLD,2022-06,3.181,,,,final,Ember's World estimate for this month; the file has Total generation for 87 countries and economies.,,,other-fossil
electricity.ember.monthly-mix-world,WLD,2022-07,3.054,,,,final,Ember's World estimate for this month; the file has Total generation for 87 countries and economies.,,,other-fossil
electricity.ember.monthly-mix-world,WLD,2022-08,3.153,,,,final,Ember's World estimate for this month; the file has Total generation for 87 countries and economies.,,,other-fossil
electricity.ember.monthly-mix-world,WLD,2022-09,3.431,,,,final,Ember's World estimate for this month; the file has Total generation for 87 countries and economies.,,,other-fossil
electricity.ember.monthly-mix-world,WLD,2022-10,3.209,,,,preliminary,"Ember's World estimate for this month; the file has Total generation for 87 countries and economies. 1 of the 87 with generation for an earlier month have none for this month, so their part of the World total is estimated.",,,other-fossil
electricity.ember.monthly-mix-world,WLD,2022-11,3.014,,,,preliminary,"Ember's World estimate for this month; the file has Total generation for 87 countries and economies. 1 of the 88 with generation for an earlier month have none for this month, so their part of the World total is estimated.",,,other-fossil
electricity.ember.monthly-mix-world,WLD,2022-12,4.024,,,,preliminary,"Ember's World estimate for this month; the file has Total generation for 87 countries and economies. 1 of the 88 with generation for an earlier month have none for this month, so their part of the World total is estimated.",,,other-fossil
electricity.ember.monthly-mix-world,WLD,2023-01,4.228,,,,preliminary,"Ember's World estimate for this month; the file has Total generation for 87 countries and economies. 1 of the 88 with generation for an earlier month have none for this month, so their part of the World total is estimated.",,,other-fossil
electricity.ember.monthly-mix-world,WLD,2023-02,3.724,,,,preliminary,"Ember's World estimate for this month; the file has Total generation for 87 countries and economies. 1 of the 88 with generation for an earlier month have none for this month, so their part of the World total is estimated.",,,other-fossil
electricity.ember.monthly-mix-world,WLD,2023-03,2.572,,,,preliminary,"Ember's World estimate for this month; the file has Total generation for 87 countries and economies. 1 of the 88 with generation for an earlier month have none for this month, so their part of the World total is estimated.",,,other-fossil
electricity.ember.monthly-mix-world,WLD,2023-04,2.566,,,,preliminary,"Ember's World estimate for this month; the file has Total generation for 87 countries and economies. 1 of the 88 with generation for an earlier month have none for this month, so their part of the World total is estimated.",,,other-fossil
electricity.ember.monthly-mix-world,WLD,2023-05,2.775,,,,preliminary,"Ember's World estimate for this month; the file has Total generation for 87 countries and economies. 1 of the 88 with generation for an earlier month have none for this month, so their part of the World total is estimated.",,,other-fossil
electricity.ember.monthly-mix-world,WLD,2023-06,2.734,,,,preliminary,"Ember's World estimate for this month; the file has Total generation for 87 countries and economies. 1 of the 88 with generation for an earlier month have none for this month, so their part of the World total is estimated.",,,other-fossil
electricity.ember.monthly-mix-world,WLD,2023-07,2.588,,,,preliminary,"Ember's World estimate for this month; the file has Total generation for 87 countries and economies. 1 of the 88 with generation for an earlier month have none for this month, so their part of the World total is estimated.",,,other-fossil
electricity.ember.monthly-mix-world,WLD,2023-08,3.052,,,,preliminary,"Ember's World estimate for this month; the file has Total generation for 87 countries and economies. 1 of the 88 with generation for an earlier month have none for this month, so their part of the World total is estimated.",,,other-fossil
electricity.ember.monthly-mix-world,WLD,2023-09,3.215,,,,preliminary,"Ember's World estimate for this month; the file has Total generation for 87 countries and economies. 1 of the 88 with generation for an earlier month have none for this month, so their part of the World total is estimated.",,,other-fossil
electricity.ember.monthly-mix-world,WLD,2023-10,3.067,,,,preliminary,"Ember's World estimate for this month; the file has Total generation for 87 countries and economies. 1 of the 88 with generation for an earlier month have none for this month, so their part of the World total is estimated.",,,other-fossil
electricity.ember.monthly-mix-world,WLD,2023-11,2.916,,,,preliminary,"Ember's World estimate for this month; the file has Total generation for 87 countries and economies. 1 of the 88 with generation for an earlier month have none for this month, so their part of the World total is estimated.",,,other-fossil
electricity.ember.monthly-mix-world,WLD,2023-12,3.782,,,,preliminary,"Ember's World estimate for this month; the file has Total generation for 87 countries and economies. 1 of the 88 with generation for an earlier month have none for this month, so their part of the World total is estimated.",,,other-fossil
electricity.ember.monthly-mix-world,WLD,2024-01,3.877,,,,preliminary,"Ember's World estimate for this month; the file has Total generation for 87 countries and economies. 1 of the 88 with generation for an earlier month have none for this month, so their part of the World total is estimated.",,,other-fossil
electricity.ember.monthly-mix-world,WLD,2024-02,3.751,,,,preliminary,"Ember's World estimate for this month; the file has Total generation for 87 countries and economies. 1 of the 88 with generation for an earlier month have none for this month, so their part of the World total is estimated.",,,other-fossil
electricity.ember.monthly-mix-world,WLD,2024-03,3.286,,,,preliminary,"Ember's World estimate for this month; the file has Total generation for 87 countries and economies. 1 of the 88 with generation for an earlier month have none for this month, so their part of the World total is estimated.",,,other-fossil
electricity.ember.monthly-mix-world,WLD,2024-04,2.726,,,,preliminary,"Ember's World estimate for this month; the file has Total generation for 87 countries and economies. 1 of the 88 with generation for an earlier month have none for this month, so their part of the World total is estimated.",,,other-fossil
electricity.ember.monthly-mix-world,WLD,2024-05,3.19,,,,preliminary,"Ember's World estimate for this month; the file has Total generation for 87 countries and economies. 1 of the 88 with generation for an earlier month have none for this month, so their part of the World total is estimated.",,,other-fossil
electricity.ember.monthly-mix-world,WLD,2024-06,3.019,,,,preliminary,"Ember's World estimate for this month; the file has Total generation for 87 countries and economies. 1 of the 88 with generation for an earlier month have none for this month, so their part of the World total is estimated.",,,other-fossil
electricity.ember.monthly-mix-world,WLD,2024-07,2.98,,,,preliminary,"Ember's World estimate for this month; the file has Total generation for 86 countries and economies. 2 of the 88 with generation for an earlier month have none for this month, so their part of the World total is estimated.",,,other-fossil
electricity.ember.monthly-mix-world,WLD,2024-08,2.966,,,,preliminary,"Ember's World estimate for this month; the file has Total generation for 86 countries and economies. 2 of the 88 with generation for an earlier month have none for this month, so their part of the World total is estimated.",,,other-fossil
electricity.ember.monthly-mix-world,WLD,2024-09,3.403,,,,preliminary,"Ember's World estimate for this month; the file has Total generation for 86 countries and economies. 2 of the 88 with generation for an earlier month have none for this month, so their part of the World total is estimated.",,,other-fossil
electricity.ember.monthly-mix-world,WLD,2024-10,3.418,,,,preliminary,"Ember's World estimate for this month; the file has Total generation for 86 countries and economies. 2 of the 88 with generation for an earlier month have none for this month, so their part of the World total is estimated.",,,other-fossil
electricity.ember.monthly-mix-world,WLD,2024-11,3.345,,,,preliminary,"Ember's World estimate for this month; the file has Total generation for 86 countries and economies. 2 of the 88 with generation for an earlier month have none for this month, so their part of the World total is estimated.",,,other-fossil
electricity.ember.monthly-mix-world,WLD,2024-12,3.775,,,,preliminary,"Ember's World estimate for this month; the file has Total generation for 86 countries and economies. 2 of the 88 with generation for an earlier month have none for this month, so their part of the World total is estimated.",,,other-fossil
electricity.ember.monthly-mix-world,WLD,2025-01,3.799,,,,preliminary,"Ember's World estimate for this month; the file has Total generation for 85 countries and economies. 3 of the 88 with generation for an earlier month have none for this month, so their part of the World total is estimated.",,,other-fossil
electricity.ember.monthly-mix-world,WLD,2025-02,3.741,,,,preliminary,"Ember's World estimate for this month; the file has Total generation for 85 countries and economies. 3 of the 88 with generation for an earlier month have none for this month, so their part of the World total is estimated.",,,other-fossil
electricity.ember.monthly-mix-world,WLD,2025-03,2.644,,,,preliminary,"Ember's World estimate for this month; the file has Total generation for 85 countries and economies. 3 of the 88 with generation for an earlier month have none for this month, so their part of the World total is estimated.",,,other-fossil
electricity.ember.monthly-mix-world,WLD,2025-04,2.981,,,,preliminary,"Ember's World estimate for this month; the file has Total generation for 85 countries and economies. 3 of the 88 with generation for an earlier month have none for this month, so their part of the World total is estimated.",,,other-fossil
electricity.ember.monthly-mix-world,WLD,2025-05,3.148,,,,preliminary,"Ember's World estimate for this month; the file has Total generation for 84 countries and economies. 4 of the 88 with generation for an earlier month have none for this month, so their part of the World total is estimated.",,,other-fossil
electricity.ember.monthly-mix-world,WLD,2025-06,2.89,,,,preliminary,"Ember's World estimate for this month; the file has Total generation for 84 countries and economies. 4 of the 88 with generation for an earlier month have none for this month, so their part of the World total is estimated.",,,other-fossil
electricity.ember.monthly-mix-world,WLD,2025-07,2.701,,,,preliminary,"Ember's World estimate for this month; the file has Total generation for 84 countries and economies. 4 of the 88 with generation for an earlier month have none for this month, so their part of the World total is estimated.",,,other-fossil
electricity.ember.monthly-mix-world,WLD,2025-08,2.88,,,,preliminary,"Ember's World estimate for this month; the file has Total generation for 84 countries and economies. 4 of the 88 with generation for an earlier month have none for this month, so their part of the World total is estimated.",,,other-fossil
electricity.ember.monthly-mix-world,WLD,2025-09,3.08,,,,preliminary,"Ember's World estimate for this month; the file has Total generation for 84 countries and economies. 4 of the 88 with generation for an earlier month have none for this month, so their part of the World total is estimated.",,,other-fossil
electricity.ember.monthly-mix-world,WLD,2025-10,2.95,,,,preliminary,"Ember's World estimate for this month; the file has Total generation for 84 countries and economies. 4 of the 88 with generation for an earlier month have none for this month, so their part of the World total is estimated.",,,other-fossil
electricity.ember.monthly-mix-world,WLD,2025-11,2.978,,,,preliminary,"Ember's World estimate for this month; the file has Total generation for 83 countries and economies. 5 of the 88 with generation for an earlier month have none for this month, so their part of the World total is estimated.",,,other-fossil
electricity.ember.monthly-mix-world,WLD,2025-12,3.715,,,,preliminary,"Ember's World estimate for this month; the file has Total generation for 82 countries and economies. 6 of the 88 with generation for an earlier month have none for this month, so their part of the World total is estimated.",,,other-fossil
electricity.ember.monthly-mix-world,WLD,2026-01,3.676,,,,preliminary,"Ember's World estimate for this month; the file has Total generation for 80 countries and economies. 8 of the 88 with generation for an earlier month have none for this month, so their part of the World total is estimated.",,,other-fossil
electricity.ember.monthly-mix-world,WLD,2026-02,3.391,,,,preliminary,"Ember's World estimate for this month; the file has Total generation for 80 countries and economies. 8 of the 88 with generation for an earlier month have none for this month, so their part of the World total is estimated.",,,other-fossil
electricity.ember.monthly-mix-world,WLD,2026-03,2.782,,,,preliminary,"Ember's World estimate for this month; the file has Total generation for 80 countries and economies. 8 of the 88 with generation for an earlier month have none for this month, so their part of the World total is estimated.",,,other-fossil
electricity.ember.monthly-mix-world,WLD,2026-04,2.616,,,,preliminary,"Ember's World estimate for this month; the file has Total generation for 72 countries and economies. 16 of the 88 with generation for an earlier month have none for this month, so their part of the World total is estimated.",,,other-fossil
electricity.ember.monthly-mix-world,WLD,2026-05,2.79,,,,preliminary,"Ember's World estimate for this month; the file has Total generation for 71 countries and economies. 17 of the 88 with generation for an earlier month have none for this month, so their part of the World total is estimated.",,,other-fossil
electricity.ember.monthly-mix-world,WLD,2026-06,2.613,,,,preliminary,"Ember's World estimate for this month; the file has Total generation for 64 countries and economies. 24 of the 88 with generation for an earlier month have none for this month, so their part of the World total is estimated.",,,other-fossil
electricity.ember.monthly-mix-world,WLD,2026-07,2.628,,,,preliminary,"Ember's World estimate for this month; the file has Total generation for 56 countries and economies. 32 of the 88 with generation for an earlier month have none for this month, so their part of the World total is estimated.",,,other-fossil
