# Carbon intensity of electricity (lifecycle), by country
# Indicator: electricity.ember.lifecycle-intensity-by-country (vintage 2026-09-22); unit: grams of carbon dioxide equivalent per kilowatt-hour (lifecycle) (gCO2e/kWh)
# Source: Ember <https://ember-energy.org/data/yearly-electricity-data/>
# Credit: Ember, Yearly Electricity Data (file of 2026-09-22), CC BY 4.0.
# Licence: CC BY 4.0 <https://creativecommons.org/licenses/by/4.0/>
# Provenance and processing: https://environmentdashboard.org/data/electricity/ember/lifecycle-intensity-by-country
indicator_id,entity,period,value,lower,upper,interval,status,note,missing_reason,age_bp
electricity.ember.lifecycle-intensity-by-country,ABW,2000,657.692,,,,final,,,
electricity.ember.lifecycle-intensity-by-country,ABW,2001,658.025,,,,final,,,
electricity.ember.lifecycle-intensity-by-country,ABW,2002,658.537,,,,final,,,
electricity.ember.lifecycle-intensity-by-country,ABW,2003,658.333,,,,final,,,
electricity.ember.lifecycle-intensity-by-country,ABW,2004,657.471,,,,final,,,
electricity.ember.lifecycle-intensity-by-country,ABW,2005,658.242,,,,final,,,
electricity.ember.lifecycle-intensity-by-country,ABW,2006,658.242,,,,final,,,
electricity.ember.lifecycle-intensity-by-country,ABW,2007,658.511,,,,final,,,
electricity.ember.lifecycle-intensity-by-country,ABW,2008,658.242,,,,final,,,
electricity.ember.lifecycle-intensity-by-country,ABW,2009,637.895,,,,final,,,
electricity.ember.lifecycle-intensity-by-country,ABW,2010,581.915,,,,final,,,
electricity.ember.lifecycle-intensity-by-country,ABW,2011,580.645,,,,final,,,
electricity.ember.lifecycle-intensity-by-country,ABW,2012,558.696,,,,final,,,
electricity.ember.lifecycle-intensity-by-country,ABW,2013,554.255,,,,final,,,
electricity.ember.lifecycle-intensity-by-country,ABW,2014,547.872,,,,final,,,
electricity.ember.lifecycle-intensity-by-country,ABW,2015,538.144,,,,final,,,
electricity.ember.lifecycle-intensity-by-country,ABW,2016,561.702,,,,final,,,
electricity.ember.lifecycle-intensity-by-country,ABW,2017,564.948,,,,final,,,
electricity.ember.lifecycle-intensity-by-country,ABW,2018,551.546,,,,final,,,
electricity.ember.lifecycle-intensity-by-country,ABW,2019,547.475,,,,final,,,
electricity.ember.lifecycle-intensity-by-country,ABW,2020,547.475,,,,final,,,
electricity.ember.lifecycle-intensity-by-country,ABW,2021,549.0,,,,final,,,
electricity.ember.lifecycle-intensity-by-country,ABW,2022,549.0,,,,final,,,
electricity.ember.lifecycle-intensity-by-country,ABW,2023,549.0,,,,final,,,
electricity.ember.lifecycle-intensity-by-country,ABW,2024,549.0,,,,final,,,
electricity.ember.lifecycle-intensity-by-country,AFG,2000,247.917,,,,final,,,
electricity.ember.lifecycle-intensity-by-country,AFG,2001,213.043,,,,final,,,
electricity.ember.lifecycle-intensity-by-country,AFG,2002,171.831,,,,final,,,
electricity.ember.lifecycle-intensity-by-country,AFG,2003,245.055,,,,final,,,
electricity.ember.lifecycle-intensity-by-country,AFG,2004,227.848,,,,final,,,
electricity.ember.lifecycle-intensity-by-country,AFG,2005,220.732,,,,final,,,
electricity.ember.lifecycle-intensity-by-country,AFG,2006,250.0,,,,final,,,
electricity.ember.lifecycle-intensity-by-country,AFG,2007,225.743,,,,final,,,
electricity.ember.lifecycle-intensity-by-country,AFG,2008,261.538,,,,final,,,
electricity.ember.lifecycle-intensity-by-country,AFG,2009,119.101,,,,final,,,
electricity.ember.lifecycle-intensity-by-country,AFG,2010,135.227,,,,final,,,
electricity.ember.lifecycle-intensity-by-country,AFG,2011,197.403,,,,final,,,
electricity.ember.lifecycle-intensity-by-country,AFG,2012,145.455,,,,final,,,
electricity.ember.lifecycle-intensity-by-country,AFG,2013,177.477,,,,final,,,
electricity.ember.lifecycle-intensity-by-country,AFG,2014,136.207,,,,final,,,
electricity.ember.lifecycle-intensity-by-country,AFG,2015,127.119,,,,final,,,
electricity.ember.lifecycle-intensity-by-country,AFG,2016,122.314,,,,final,,,
electricity.ember.lifecycle-intensity-by-country,AFG,2017,132.54,,,,final,,,
electricity.ember.lifecycle-intensity-by-country,AFG,2018,158.974,,,,final,,,
electricity.ember.lifecycle-intensity-by-country,AFG,2019,117.123,,,,final,,,
electricity.ember.lifecycle-intensity-by-country,AFG,2020,94.068,,,,final,,,
electricity.ember.lifecycle-intensity-by-country,AFG,2021,110.377,,,,final,,,
electricity.ember.lifecycle-intensity-by-country,AFG,2022,119.792,,,,final,,,
electricity.ember.lifecycle-intensity-by-country,AFG,2023,118.557,,,,final,,,
electricity.ember.lifecycle-intensity-by-country,AFG,2024,117.172,,,,final,,,
electricity.ember.lifecycle-intensity-by-country,AGO,2000,256.944,,,,final,,,
electricity.ember.lifecycle-intensity-by-country,AGO,2001,263.415,,,,final,,,
electricity.ember.lifecycle-intensity-by-country,AGO,2002,247.159,,,,final,,,
electricity.ember.lifecycle-intensity-by-country,AGO,2003,262.814,,,,final,,,
electricity.ember.lifecycle-intensity-by-country,AGO,2004,162.5,,,,final,,,
electricity.ember.lifecycle-intensity-by-country,AGO,2005,122.814,,,,final,,,
electricity.ember.lifecycle-intensity-by-country,AGO,2006,117.45,,,,final,,,
electricity.ember.lifecycle-intensity-by-country,AGO,2007,170.679,,,,final,,,
electricity.ember.lifecycle-intensity-by-country,AGO,2008,164.691,,,,final,,,
electricity.ember.lifecycle-intensity-by-country,AGO,2009,235.642,,,,final,,,
electricity.ember.lifecycle-intensity-by-country,AGO,2010,227.106,,,,final,,,
electricity.ember.lifecycle-intensity-by-country,AGO,2011,207.597,,,,final,,,
electricity.ember.lifecycle-intensity-by-country,AGO,2012,207.772,,,,final,,,
electricity.ember.lifecycle-intensity-by-country,AGO,2013,289.939,,,,final,,,
electricity.ember.lifecycle-intensity-by-country,AGO,2014,323.849,,,,final,,,
electricity.ember.lifecycle-intensity-by-country,AGO,2015,312.577,,,,final,,,
electricity.ember.lifecycle-intensity-by-country,AGO,2016,287.523,,,,final,,,
electricity.ember.lifecycle-intensity-by-country,AGO,2017,205.735,,,,final,,,
electricity.ember.lifecycle-intensity-by-country,AGO,2018,154.414,,,,final,,,
electricity.ember.lifecycle-intensity-by-country,AGO,2019,186.536,,,,final,,,
electricity.ember.lifecycle-intensity-by-country,AGO,2020,171.624,,,,final,,,
electricity.ember.lifecycle-intensity-by-country,AGO,2021,172.76,,,,final,,,
electricity.ember.lifecycle-intensity-by-country,AGO,2022,172.559,,,,final,,,
electricity.ember.lifecycle-intensity-by-country,AGO,2023,182.984,,,,final,,,
electricity.ember.lifecycle-intensity-by-country,AGO,2024,185.055,,,,final,,,
electricity.ember.lifecycle-intensity-by-country,ALB,2000,47.992,,,,final,,,
electricity.ember.lifecycle-intensity-by-country,ALB,2001,52.846,,,,final,,,
electricity.ember.lifecycle-intensity-by-country,ALB,2002,63.073,,,,final,,,
electricity.ember.lifecycle-intensity-by-country,ALB,2003,37.094,,,,final,,,
electricity.ember.lifecycle-intensity-by-country,ALB,2004,39.82,,,,final,,,
electricity.ember.lifecycle-intensity-by-country,ALB,2005,31.911,,,,final,,,
electricity.ember.lifecycle-intensity-by-country,ALB,2006,35.119,,,,final,,,
electricity.ember.lifecycle-intensity-by-country,ALB,2007,39.576,,,,final,,,
electricity.ember.lifecycle-intensity-by-country,ALB,2008,23.67,,,,final,,,
electricity.ember.lifecycle-intensity-by-country,ALB,2009,23.846,,,,final,,,
electricity.ember.lifecycle-intensity-by-country,ALB,2010,23.778,,,,final,,,
electricity.ember.lifecycle-intensity-by-country,ALB,2011,32.936,,,,final,,,
electricity.ember.lifecycle-intensity-by-country,ALB,2012,23.729,,,,final,,,
electricity.ember.lifecycle-intensity-by-country,ALB,2013,23.707,,,,final,,,
electricity.ember.lifecycle-intensity-by-country,ALB,2014,23.729,,,,final,,,
electricity.ember.lifecycle-intensity-by-country,ALB,2015,23.769,,,,final,,,
electricity.ember.lifecycle-intensity-by-country,ALB,2016,23.779,,,,final,,,
electricity.ember.lifecycle-intensity-by-country,ALB,2017,23.841,,,,final,,,
electricity.ember.lifecycle-intensity-by-country,ALB,2018,23.743,,,,final,,,
electricity.ember.lifecycle-intensity-by-country,ALB,2019,23.846,,,,final,,,
electricity.ember.lifecycle-intensity-by-country,ALB,2020,23.917,,,,final,,,
electricity.ember.lifecycle-intensity-by-country,ALB,2021,23.826,,,,final,,,
electricity.ember.lifecycle-intensity-by-country,ALB,2022,24.247,,,,final,,,
electricity.ember.lifecycle-intensity-by-country,ALB,2023,24.528,,,,final,,,
electricity.ember.lifecycle-intensity-by-country,ALB,2024,24.7,,,,final,,,
electricity.ember.lifecycle-intensity-by-country,ARE,2000,676.74,,,,final,,,
electricity.ember.lifecycle-intensity-by-country,ARE,2001,676.743,,,,final,,,
electricity.ember.lifecycle-intensity-by-country,ARE,2002,676.734,,,,final,,,
electricity.ember.lifecycle-intensity-by-country,ARE,2003,676.744,,,,final,,,
electricity.ember.lifecycle-intensity-by-country,ARE,2004,676.741,,,,final,,,
electricity.ember.lifecycle-intensity-by-country,ARE,2005,676.738,,,,final,,,
electricity.ember.lifecycle-intensity-by-country,ARE,2006,676.746,,,,final,,,
electricity.ember.lifecycle-intensity-by-country,ARE,2007,676.739,,,,final,,,
electricity.ember.lifecycle-intensity-by-country,ARE,2008,676.734,,,,final,,,
electricity.ember.lifecycle-intensity-by-country,ARE,2009,676.663,,,,final,,,
electricity.ember.lifecycle-intensity-by-country,ARE,2010,676.605,,,,final,,,
electricity.ember.lifecycle-intensity-by-country,ARE,2011,676.606,,,,final,,,
electricity.ember.lifecycle-intensity-by-country,ARE,2012,676.622,,,,final,,,
electricity.ember.lifecycle-intensity-by-country,ARE,2013,676.225,,,,final,,,
electricity.ember.lifecycle-intensity-by-country,ARE,2014,675.064,,,,final,,,
electricity.ember.lifecycle-intensity-by-country,ARE,2015,675.255,,,,final,,,
electricity.ember.lifecycle-intensity-by-country,ARE,2016,675.187,,,,final,,,
electricity.ember.lifecycle-intensity-by-country,ARE,2017,673.233,,,,final,,,
electricity.ember.lifecycle-intensity-by-country,ARE,2018,671.186,,,,final,,,
electricity.ember.lifecycle-intensity-by-country,ARE,2019,660.101,,,,final,,,
electricity.ember.lifecycle-intensity-by-country,ARE,2020,645.678,,,,final,,,
electricity.ember.lifecycle-intensity-by-country,ARE,2021,605.294,,,,final,,,
electricity.ember.lifecycle-intensity-by-country,ARE,2022,558.525,,,,final,,,
electricity.ember.lifecycle-intensity-by-country,ARE,2023,483.788,,,,final,,,
electricity.ember.lifecycle-intensity-by-country,ARE,2024,467.528,,,,final,,,
electricity.ember.lifecycle-intensity-by-country,ARG,2000,355.484,,,,final,,,
electricity.ember.lifecycle-intensity-by-country,ARG,2001,302.019,,,,final,,,
electricity.ember.lifecycle-intensity-by-country,ARG,2002,294.858,,,,final,,,
electricity.ember.lifecycle-intensity-by-country,ARG,2003,316.401,,,,final,,,
electricity.ember.lifecycle-intensity-by-country,ARG,2004,357.64,,,,final,,,
electricity.ember.lifecycle-intensity-by-country,ARG,2005,357.201,,,,final,,,
electricity.ember.lifecycle-intensity-by-country,ARG,2006,349.934,,,,final,,,
electricity.ember.lifecycle-intensity-by-country,ARG,2007,388.143,,,,final,,,
electricity.ember.lifecycle-intensity-by-country,ARG,2008,400.632,,,,final,,,
electricity.ember.lifecycle-intensity-by-country,ARG,2009,382.35,,,,final,,,
electricity.ember.lifecycle-intensity-by-country,ARG,2010,401.603,,,,final,,,
electricity.ember.lifecycle-intensity-by-country,ARG,2011,419.863,,,,final,,,
electricity.ember.lifecycle-intensity-by-country,ARG,2012,432.253,,,,final,,,
electricity.ember.lifecycle-intensity-by-country,ARG,2013,422.316,,,,final,,,
electricity.ember.lifecycle-intensity-by-country,ARG,2014,424.217,,,,final,,,
electricity.ember.lifecycle-intensity-by-country,ARG,2015,426.626,,,,final,,,
electricity.ember.lifecycle-intensity-by-country,ARG,2016,431.934,,,,final,,,
electricity.ember.lifecycle-intensity-by-country,ARG,2017,425.458,,,,final,,,
electricity.ember.lifecycle-intensity-by-country,ARG,2018,414.232,,,,final,,,
electricity.ember.lifecycle-intensity-by-country,ARG,2019,397.613,,,,final,,,
electricity.ember.lifecycle-intensity-by-country,ARG,2020,394.711,,,,final,,,
electricity.ember.lifecycle-intensity-by-country,ARG,2021,406.98,,,,final,,,
electricity.ember.lifecycle-intensity-by-country,ARG,2022,392.7,,,,final,,,
electricity.ember.lifecycle-intensity-by-country,ARG,2023,350.848,,,,final,,,
electricity.ember.lifecycle-intensity-by-country,ARG,2024,344.889,,,,final,,,
electricity.ember.lifecycle-intensity-by-country,ARG,2025,342.275,,,,preliminary,"2025 is the latest year in Ember's file, which has no estimate flag; Ember's methodology says that for the most recent years it estimates annual generation from monthly data.",,
electricity.ember.lifecycle-intensity-by-country,ARM,2000,280.104,,,,final,,,
electricity.ember.lifecycle-intensity-by-country,ARM,2001,291.115,,,,final,,,
electricity.ember.lifecycle-intensity-by-country,ARM,2002,184.181,,,,final,,,
electricity.ember.lifecycle-intensity-by-country,ARM,2003,179.057,,,,final,,,
electricity.ember.lifecycle-intensity-by-country,ARM,2004,173.402,,,,final,,,
electricity.ember.lifecycle-intensity-by-country,ARM,2005,185.855,,,,final,,,
electricity.ember.lifecycle-intensity-by-country,ARM,2006,161.996,,,,final,,,
electricity.ember.lifecycle-intensity-by-country,ARM,2007,164.198,,,,final,,,
electricity.ember.lifecycle-intensity-by-country,ARM,2008,193.39,,,,final,,,
electricity.ember.lifecycle-intensity-by-country,ARM,2009,135.11,,,,final,,,
electricity.ember.lifecycle-intensity-by-country,ARM,2010,146.411,,,,final,,,
electricity.ember.lifecycle-intensity-by-country,ARM,2011,204.438,,,,final,,,
electricity.ember.lifecycle-intensity-by-country,ARM,2012,263.683,,,,final,,,
electricity.ember.lifecycle-intensity-by-country,ARM,2013,256.876,,,,final,,,
electricity.ember.lifecycle-intensity-by-country,ARM,2014,264.276,,,,final,,,
electricity.ember.lifecycle-intensity-by-country,ARM,2015,226.358,,,,final,,,
electricity.ember.lifecycle-intensity-by-country,ARM,2016,222.817,,,,final,,,
electricity.ember.lifecycle-intensity-by-country,ARM,2017,232.537,,,,final,,,
electricity.ember.lifecycle-intensity-by-country,ARM,2018,270.092,,,,final,,,
electricity.ember.lifecycle-intensity-by-country,ARM,2019,248.331,,,,final,,,
electricity.ember.lifecycle-intensity-by-country,ARM,2020,251.832,,,,final,,,
electricity.ember.lifecycle-intensity-by-country,ARM,2021,266.839,,,,final,,,
electricity.ember.lifecycle-intensity-by-country,ARM,2022,241.296,,,,final,,,
electricity.ember.lifecycle-intensity-by-country,ARM,2023,262.775,,,,final,,,
electricity.ember.lifecycle-intensity-by-country,ARM,2024,240.31,,,,final,,,
electricity.ember.lifecycle-intensity-by-country,ARM,2025,244.003,,,,preliminary,"2025 is the latest year in Ember's file, which has no estimate flag; Ember's methodology says that for the most recent years it estimates annual generation from monthly data.",,
electricity.ember.lifecycle-intensity-by-country,ASM,2000,658.824,,,,final,,,
electricity.ember.lifecycle-intensity-by-country,ASM,2001,658.824,,,,final,,,
electricity.ember.lifecycle-intensity-by-country,ASM,2002,655.556,,,,final,,,
electricity.ember.lifecycle-intensity-by-country,ASM,2003,657.895,,,,final,,,
electricity.ember.lifecycle-intensity-by-country,ASM,2004,657.895,,,,final,,,
electricity.ember.lifecycle-intensity-by-country,ASM,2005,657.895,,,,final,,,
electricity.ember.lifecycle-intensity-by-country,ASM,2006,657.895,,,,final,,,
electricity.ember.lifecycle-intensity-by-country,ASM,2007,657.895,,,,final,,,
electricity.ember.lifecycle-intensity-by-country,ASM,2008,657.895,,,,final,,,
electricity.ember.lifecycle-intensity-by-country,ASM,2009,655.556,,,,final,,,
electricity.ember.lifecycle-intensity-by-country,ASM,2010,656.25,,,,final,,,
electricity.ember.lifecycle-intensity-by-country,ASM,2011,656.25,,,,final,,,
electricity.ember.lifecycle-intensity-by-country,ASM,2012,656.25,,,,final,,,
electricity.ember.lifecycle-intensity-by-country,ASM,2013,660.0,,,,final,,,
electricity.ember.lifecycle-intensity-by-country,ASM,2014,660.0,,,,final,,,
electricity.ember.lifecycle-intensity-by-country,ASM,2015,656.25,,,,final,,,
electricity.ember.lifecycle-intensity-by-country,ASM,2016,658.824,,,,final,,,
electricity.ember.lifecycle-intensity-by-country,ASM,2017,656.25,,,,final,,,
electricity.ember.lifecycle-intensity-by-country,ASM,2018,656.25,,,,final,,,
electricity.ember.lifecycle-intensity-by-country,ASM,2019,656.25,,,,final,,,
electricity.ember.lifecycle-intensity-by-country,ASM,2020,658.824,,,,final,,,
electricity.ember.lifecycle-intensity-by-country,ASM,2021,658.824,,,,final,,,
electricity.ember.lifecycle-intensity-by-country,ASM,2022,622.222,,,,final,,,
electricity.ember.lifecycle-intensity-by-country,ASM,2023,658.824,,,,final,,,
electricity.ember.lifecycle-intensity-by-country,ASM,2024,622.222,,,,final,,,
electricity.ember.lifecycle-intensity-by-country,ATG,2000,660.0,,,,final,,,
electricity.ember.lifecycle-intensity-by-country,ATG,2001,658.824,,,,final,,,
electricity.ember.lifecycle-intensity-by-country,ATG,2002,657.895,,,,final,,,
electricity.ember.lifecycle-intensity-by-country,ATG,2003,657.143,,,,final,,,
electricity.ember.lifecycle-intensity-by-country,ATG,2004,659.091,,,,final,,,
electricity.ember.lifecycle-intensity-by-country,ATG,2005,658.333,,,,final,,,
electricity.ember.lifecycle-intensity-by-country,ATG,2006,657.692,,,,final,,,
electricity.ember.lifecycle-intensity-by-country,ATG,2007,658.621,,,,final,,,
electricity.ember.lifecycle-intensity-by-country,ATG,2008,656.667,,,,final,,,
electricity.ember.lifecycle-intensity-by-country,ATG,2009,657.576,,,,final,,,
electricity.ember.lifecycle-intensity-by-country,ATG,2010,657.576,,,,final,,,
electricity.ember.lifecycle-intensity-by-country,ATG,2011,657.576,,,,final,,,
electricity.ember.lifecycle-intensity-by-country,ATG,2012,657.576,,,,final,,,
electricity.ember.lifecycle-intensity-by-country,ATG,2013,657.576,,,,final,,,
electricity.ember.lifecycle-intensity-by-country,ATG,2014,658.824,,,,final,,,
electricity.ember.lifecycle-intensity-by-country,ATG,2015,640.0,,,,final,,,
electricity.ember.lifecycle-intensity-by-country,ATG,2016,658.824,,,,final,,,
electricity.ember.lifecycle-intensity-by-country,ATG,2017,640.0,,,,final,,,
electricity.ember.lifecycle-intensity-by-country,ATG,2018,641.667,,,,final,,,
electricity.ember.lifecycle-intensity-by-country,ATG,2019,641.667,,,,final,,,
electricity.ember.lifecycle-intensity-by-country,ATG,2020,622.857,,,,final,,,
electricity.ember.lifecycle-intensity-by-country,ATG,2021,622.857,,,,final,,,
electricity.ember.lifecycle-intensity-by-country,ATG,2022,625.0,,,,final,,,
electricity.ember.lifecycle-intensity-by-country,ATG,2023,625.0,,,,final,,,
electricity.ember.lifecycle-intensity-by-country,ATG,2024,608.108,,,,final,,,
electricity.ember.lifecycle-intensity-by-country,AUS,2000,806.046,,,,final,,,
electricity.ember.lifecycle-intensity-by-country,AUS,2001,803.166,,,,final,,,
electricity.ember.lifecycle-intensity-by-country,AUS,2002,794.684,,,,final,,,
electricity.ember.lifecycle-intensity-by-country,AUS,2003,792.127,,,,final,,,
electricity.ember.lifecycle-intensity-by-country,AUS,2004,792.867,,,,final,,,
electricity.ember.lifecycle-intensity-by-country,AUS,2005,791.77,,,,final,,,
electricity.ember.lifecycle-intensity-by-country,AUS,2006,790.495,,,,final,,,
electricity.ember.lifecycle-intensity-by-country,AUS,2007,791.073,,,,final,,,
electricity.ember.lifecycle-intensity-by-country,AUS,2008,791.507,,,,final,,,
electricity.ember.lifecycle-intensity-by-country,AUS,2009,785.17,,,,final,,,
electricity.ember.lifecycle-intensity-by-country,AUS,2010,775.643,,,,final,,,
electricity.ember.lifecycle-intensity-by-country,AUS,2011,749.419,,,,final,,,
electricity.ember.lifecycle-intensity-by-country,AUS,2012,747.112,,,,final,,,
electricity.ember.lifecycle-intensity-by-country,AUS,2013,726.306,,,,final,,,
electricity.ember.lifecycle-intensity-by-country,AUS,2014,734.311,,,,final,,,
electricity.ember.lifecycle-intensity-by-country,AUS,2015,729.899,,,,final,,,
electricity.ember.lifecycle-intensity-by-country,AUS,2016,713.701,,,,final,,,
electricity.ember.lifecycle-intensity-by-country,AUS,2017,718.23,,,,final,,,
electricity.ember.lifecycle-intensity-by-country,AUS,2018,688.539,,,,final,,,
electricity.ember.lifecycle-intensity-by-country,AUS,2019,670.256,,,,final,,,
electricity.ember.lifecycle-intensity-by-country,AUS,2020,642.455,,,,final,,,
electricity.ember.lifecycle-intensity-by-country,AUS,2021,606.05,,,,final,,,
electricity.ember.lifecycle-intensity-by-country,AUS,2022,577.957,,,,final,,,
electricity.ember.lifecycle-intensity-by-country,AUS,2023,556.86,,,,final,,,
electricity.ember.lifecycle-intensity-by-country,AUS,2024,553.963,,,,final,,,
electricity.ember.lifecycle-intensity-by-country,AUS,2025,524.623,,,,preliminary,"2025 is the latest year in Ember's file, which has no estimate flag; Ember's methodology says that for the most recent years it estimates annual generation from monthly data.",,
electricity.ember.lifecycle-intensity-by-country,AUT,2000,203.454,,,,final,,,
electricity.ember.lifecycle-intensity-by-country,AUT,2001,229.206,,,,final,,,
electricity.ember.lifecycle-intensity-by-country,AUT,2002,226.208,,,,final,,,
electricity.ember.lifecycle-intensity-by-country,AUT,2003,282.422,,,,final,,,
electricity.ember.lifecycle-intensity-by-country,AUT,2004,259.45,,,,final,,,
electricity.ember.lifecycle-intensity-by-country,AUT,2005,253.954,,,,final,,,
electricity.ember.lifecycle-intensity-by-country,AUT,2006,253.11,,,,final,,,
electricity.ember.lifecycle-intensity-by-country,AUT,2007,232.564,,,,final,,,
electricity.ember.lifecycle-intensity-by-country,AUT,2008,220.534,,,,final,,,
electricity.ember.lifecycle-intensity-by-country,AUT,2009,195.907,,,,final,,,
electricity.ember.lifecycle-intensity-by-country,AUT,2010,226.792,,,,final,,,
electricity.ember.lifecycle-intensity-by-country,AUT,2011,238.65,,,,final,,,
electricity.ember.lifecycle-intensity-by-country,AUT,2012,185.929,,,,final,,,
electricity.ember.lifecycle-intensity-by-country,AUT,2013,173.308,,,,final,,,
electricity.ember.lifecycle-intensity-by-country,AUT,2014,150.609,,,,final,,,
electricity.ember.lifecycle-intensity-by-country,AUT,2015,171.9,,,,final,,,
electricity.ember.lifecycle-intensity-by-country,AUT,2016,154.725,,,,final,,,
electricity.ember.lifecycle-intensity-by-country,AUT,2017,163.02,,,,final,,,
electricity.ember.lifecycle-intensity-by-country,AUT,2018,157.878,,,,final,,,
electricity.ember.lifecycle-intensity-by-country,AUT,2019,152.794,,,,final,,,
electricity.ember.lifecycle-intensity-by-country,AUT,2020,133.275,,,,final,,,
electricity.ember.lifecycle-intensity-by-country,AUT,2021,135.383,,,,final,,,
electricity.ember.lifecycle-intensity-by-country,AUT,2022,140.918,,,,final,,,
electricity.ember.lifecycle-intensity-by-country,AUT,2023,111.553,,,,final,,,
electricity.ember.lifecycle-intensity-by-country,AUT,2024,103.457,,,,final,,,
electricity.ember.lifecycle-intensity-by-country,AUT,2025,116.698,,,,preliminary,"2025 is the latest year in Ember's file, which has no estimate flag; Ember's methodology says that for the most recent years it estimates annual generation from monthly data.",,
electricity.ember.lifecycle-intensity-by-country,AZE,2000,617.719,,,,final,,,
electricity.ember.lifecycle-intensity-by-country,AZE,2001,648.734,,,,final,,,
electricity.ember.lifecycle-intensity-by-country,AZE,2002,623.34,,,,final,,,
electricity.ember.lifecycle-intensity-by-country,AZE,2003,615.287,,,,final,,,
electricity.ember.lifecycle-intensity-by-country,AZE,2004,612.017,,,,final,,,
electricity.ember.lifecycle-intensity-by-country,AZE,2005,610.201,,,,final,,,
electricity.ember.lifecycle-intensity-by-country,AZE,2006,630.6,,,,final,,,
electricity.ember.lifecycle-intensity-by-country,AZE,2007,630.477,,,,final,,,
electricity.ember.lifecycle-intensity-by-country,AZE,2008,639.824,,,,final,,,
electricity.ember.lifecycle-intensity-by-country,AZE,2009,629.549,,,,final,,,
electricity.ember.lifecycle-intensity-by-country,AZE,2010,588.645,,,,final,,,
electricity.ember.lifecycle-intensity-by-country,AZE,2011,623.68,,,,final,,,
electricity.ember.lifecycle-intensity-by-country,AZE,2012,659.556,,,,final,,,
electricity.ember.lifecycle-intensity-by-country,AZE,2013,669.29,,,,final,,,
electricity.ember.lifecycle-intensity-by-country,AZE,2014,677.101,,,,final,,,
electricity.ember.lifecycle-intensity-by-country,AZE,2015,663.899,,,,final,,,
electricity.ember.lifecycle-intensity-by-country,AZE,2016,651.67,,,,final,,,
electricity.ember.lifecycle-intensity-by-country,AZE,2017,659.001,,,,final,,,
electricity.ember.lifecycle-intensity-by-country,AZE,2018,661.878,,,,final,,,
electricity.ember.lifecycle-intensity-by-country,AZE,2019,667.977,,,,final,,,
electricity.ember.lifecycle-intensity-by-country,AZE,2020,680.233,,,,final,,,
electricity.ember.lifecycle-intensity-by-country,AZE,2021,676.61,,,,final,,,
electricity.ember.lifecycle-intensity-by-country,AZE,2022,671.596,,,,final,,,
electricity.ember.lifecycle-intensity-by-country,AZE,2023,670.402,,,,final,,,
electricity.ember.lifecycle-intensity-by-country,AZE,2024,634.411,,,,final,,,
electricity.ember.lifecycle-intensity-by-country,AZE,2025,,,,,preliminary,"2025 is the latest year in Ember's file, which has no estimate flag; Ember's methodology says that for the most recent years it estimates annual generation from monthly data.","Not published: Ember's file gives negative generation for Azerbaijan in 2025 (Solar -0.094 TWh), so its emissions intensity does not describe a generation mix.",
electricity.ember.lifecycle-intensity-by-country,BDI,2000,20.0,,,,final,,,
electricity.ember.lifecycle-intensity-by-country,BDI,2001,27.273,,,,final,,,
electricity.ember.lifecycle-intensity-by-country,BDI,2002,23.077,,,,final,,,
electricity.ember.lifecycle-intensity-by-country,BDI,2003,20.0,,,,final,,,
electricity.ember.lifecycle-intensity-by-country,BDI,2004,22.222,,,,final,,,
electricity.ember.lifecycle-intensity-by-country,BDI,2005,22.222,,,,final,,,
electricity.ember.lifecycle-intensity-by-country,BDI,2006,22.222,,,,final,,,
electricity.ember.lifecycle-intensity-by-country,BDI,2007,25.0,,,,final,,,
electricity.ember.lifecycle-intensity-by-country,BDI,2008,27.273,,,,final,,,
electricity.ember.lifecycle-intensity-by-country,BDI,2009,25.0,,,,final,,,
electricity.ember.lifecycle-intensity-by-country,BDI,2010,100.0,,,,final,,,
electricity.ember.lifecycle-intensity-by-country,BDI,2011,80.0,,,,final,,,
electricity.ember.lifecycle-intensity-by-country,BDI,2012,33.333,,,,final,,,
electricity.ember.lifecycle-intensity-by-country,BDI,2013,111.765,,,,final,,,
electricity.ember.lifecycle-intensity-by-country,BDI,2014,138.889,,,,final,,,
electricity.ember.lifecycle-intensity-by-country,BDI,2015,138.889,,,,final,,,
electricity.ember.lifecycle-intensity-by-country,BDI,2016,105.556,,,,final,,,
electricity.ember.lifecycle-intensity-by-country,BDI,2017,189.286,,,,final,,,
electricity.ember.lifecycle-intensity-by-country,BDI,2018,211.429,,,,final,,,
electricity.ember.lifecycle-intensity-by-country,BDI,2019,223.077,,,,final,,,
electricity.ember.lifecycle-intensity-by-country,BDI,2020,183.784,,,,final,,,
electricity.ember.lifecycle-intensity-by-country,BDI,2021,223.077,,,,final,,,
electricity.ember.lifecycle-intensity-by-country,BDI,2022,223.077,,,,final,,,
electricity.ember.lifecycle-intensity-by-country,BDI,2023,180.0,,,,final,,,
electricity.ember.lifecycle-intensity-by-country,BDI,2024,183.673,,,,final,,,
electricity.ember.lifecycle-intensity-by-country,BEL,2000,269.706,,,,final,,,
electricity.ember.lifecycle-intensity-by-country,BEL,2001,252.893,,,,final,,,
electricity.ember.lifecycle-intensity-by-country,BEL,2002,249.741,,,,final,,,
electricity.ember.lifecycle-intensity-by-country,BEL,2003,249.085,,,,final,,,
electricity.ember.lifecycle-intensity-by-country,BEL,2004,247.594,,,,final,,,
electricity.ember.lifecycle-intensity-by-country,BEL,2005,241.076,,,,final,,,
electricity.ember.lifecycle-intensity-by-country,BEL,2006,231.605,,,,final,,,
electricity.ember.lifecycle-intensity-by-country,BEL,2007,224.202,,,,final,,,
electricity.ember.lifecycle-intensity-by-country,BEL,2008,218.372,,,,final,,,
electricity.ember.lifecycle-intensity-by-country,BEL,2009,216.901,,,,final,,,
electricity.ember.lifecycle-intensity-by-country,BEL,2010,212.661,,,,final,,,
electricity.ember.lifecycle-intensity-by-country,BEL,2011,192.854,,,,final,,,
electricity.ember.lifecycle-intensity-by-country,BEL,2012,202.748,,,,final,,,
electricity.ember.lifecycle-intensity-by-country,BEL,2013,184.088,,,,final,,,
electricity.ember.lifecycle-intensity-by-country,BEL,2014,189.902,,,,final,,,
electricity.ember.lifecycle-intensity-by-country,BEL,2015,215.417,,,,final,,,
electricity.ember.lifecycle-intensity-by-country,BEL,2016,158.771,,,,final,,,
electricity.ember.lifecycle-intensity-by-country,BEL,2017,159.527,,,,final,,,
electricity.ember.lifecycle-intensity-by-country,BEL,2018,186.774,,,,final,,,
electricity.ember.lifecycle-intensity-by-country,BEL,2019,156.576,,,,final,,,
electricity.ember.lifecycle-intensity-by-country,BEL,2020,166.508,,,,final,,,
electricity.ember.lifecycle-intensity-by-country,BEL,2021,131.821,,,,final,,,
electricity.ember.lifecycle-intensity-by-country,BEL,2022,139.213,,,,final,,,
electricity.ember.lifecycle-intensity-by-country,BEL,2023,134.677,,,,final,,,
electricity.ember.lifecycle-intensity-by-country,BEL,2024,126.931,,,,final,,,
electricity.ember.lifecycle-intensity-by-country,BEL,2025,,,,,preliminary,"2025 is the latest year in Ember's file, which has no estimate flag; Ember's methodology says that for the most recent years it estimates annual generation from monthly data.","Not published: Ember's file gives negative generation for Belgium in 2025 (Other fossil -0.349 TWh), so its emissions intensity does not describe a generation mix.",
electricity.ember.lifecycle-intensity-by-country,BEN,2000,662.5,,,,final,,,
electricity.ember.lifecycle-intensity-by-country,BEN,2001,650.0,,,,final,,,
electricity.ember.lifecycle-intensity-by-country,BEN,2002,650.0,,,,final,,,
electricity.ember.lifecycle-intensity-by-country,BEN,2003,662.5,,,,final,,,
electricity.ember.lifecycle-intensity-by-country,BEN,2004,662.5,,,,final,,,
electricity.ember.lifecycle-intensity-by-country,BEN,2005,654.545,,,,final,,,
electricity.ember.lifecycle-intensity-by-country,BEN,2006,660.0,,,,final,,,
electricity.ember.lifecycle-intensity-by-country,BEN,2007,659.091,,,,final,,,
electricity.ember.lifecycle-intensity-by-country,BEN,2008,656.522,,,,final,,,
electricity.ember.lifecycle-intensity-by-country,BEN,2009,661.538,,,,final,,,
electricity.ember.lifecycle-intensity-by-country,BEN,2010,654.545,,,,final,,,
electricity.ember.lifecycle-intensity-by-country,BEN,2011,660.0,,,,final,,,
electricity.ember.lifecycle-intensity-by-country,BEN,2012,660.0,,,,final,,,
electricity.ember.lifecycle-intensity-by-country,BEN,2013,638.462,,,,final,,,
electricity.ember.lifecycle-intensity-by-country,BEN,2014,635.294,,,,final,,,
electricity.ember.lifecycle-intensity-by-country,BEN,2015,631.25,,,,final,,,
electricity.ember.lifecycle-intensity-by-country,BEN,2016,655.556,,,,final,,,
electricity.ember.lifecycle-intensity-by-country,BEN,2017,625.0,,,,final,,,
electricity.ember.lifecycle-intensity-by-country,BEN,2018,631.579,,,,final,,,
electricity.ember.lifecycle-intensity-by-country,BEN,2019,601.852,,,,final,,,
electricity.ember.lifecycle-intensity-by-country,BEN,2020,594.949,,,,final,,,
electricity.ember.lifecycle-intensity-by-country,BEN,2021,587.611,,,,final,,,
electricity.ember.lifecycle-intensity-by-country,BEN,2022,589.899,,,,final,,,
electricity.ember.lifecycle-intensity-by-country,BEN,2023,584.0,,,,final,,,
electricity.ember.lifecycle-intensity-by-country,BEN,2024,579.208,,,,final,,,
electricity.ember.lifecycle-intensity-by-country,BFA,2000,494.872,,,,final,,,
electricity.ember.lifecycle-intensity-by-country,BFA,2001,569.444,,,,final,,,
electricity.ember.lifecycle-intensity-by-country,BFA,2002,552.778,,,,final,,,
electricity.ember.lifecycle-intensity-by-country,BFA,2003,517.778,,,,final,,,
electricity.ember.lifecycle-intensity-by-country,BFA,2004,523.404,,,,final,,,
electricity.ember.lifecycle-intensity-by-country,BFA,2005,536.538,,,,final,,,
electricity.ember.lifecycle-intensity-by-country,BFA,2006,565.455,,,,final,,,
electricity.ember.lifecycle-intensity-by-country,BFA,2007,544.262,,,,final,,,
electricity.ember.lifecycle-intensity-by-country,BFA,2008,522.951,,,,final,,,
electricity.ember.lifecycle-intensity-by-country,BFA,2009,540.0,,,,final,,,
electricity.ember.lifecycle-intensity-by-country,BFA,2010,515.517,,,,final,,,
electricity.ember.lifecycle-intensity-by-country,BFA,2011,551.852,,,,final,,,
electricity.ember.lifecycle-intensity-by-country,BFA,2012,550.0,,,,final,,,
electricity.ember.lifecycle-intensity-by-country,BFA,2013,557.333,,,,final,,,
electricity.ember.lifecycle-intensity-by-country,BFA,2014,586.364,,,,final,,,
electricity.ember.lifecycle-intensity-by-country,BFA,2015,595.05,,,,final,,,
electricity.ember.lifecycle-intensity-by-country,BFA,2016,555.556,,,,final,,,
electricity.ember.lifecycle-intensity-by-country,BFA,2017,567.857,,,,final,,,
electricity.ember.lifecycle-intensity-by-country,BFA,2018,572.727,,,,final,,,
electricity.ember.lifecycle-intensity-by-country,BFA,2019,563.75,,,,final,,,
electricity.ember.lifecycle-intensity-by-country,BFA,2020,551.572,,,,final,,,
electricity.ember.lifecycle-intensity-by-country,BFA,2021,554.386,,,,final,,,
electricity.ember.lifecycle-intensity-by-country,BFA,2022,572.189,,,,final,,,
electricity.ember.lifecycle-intensity-by-country,BFA,2023,568.047,,,,final,,,
electricity.ember.lifecycle-intensity-by-country,BFA,2024,560.947,,,,final,,,
electricity.ember.lifecycle-intensity-by-country,BGD,2000,645.546,,,,final,,,
electricity.ember.lifecycle-intensity-by-country,BGD,2001,647.181,,,,final,,,
electricity.ember.lifecycle-intensity-by-country,BGD,2002,647.863,,,,final,,,
electricity.ember.lifecycle-intensity-by-country,BGD,2003,647.583,,,,final,,,
electricity.ember.lifecycle-intensity-by-country,BGD,2004,652.925,,,,final,,,
electricity.ember.lifecycle-intensity-by-country,BGD,2005,654.451,,,,final,,,
electricity.ember.lifecycle-intensity-by-country,BGD,2006,656.034,,,,final,,,
electricity.ember.lifecycle-intensity-by-country,BGD,2007,672.959,,,,final,,,
electricity.ember.lifecycle-intensity-by-country,BGD,2008,672.393,,,,final,,,
electricity.ember.lifecycle-intensity-by-country,BGD,2009,682.084,,,,final,,,
electricity.ember.lifecycle-intensity-by-country,BGD,2010,675.355,,,,final,,,
electricity.ember.lifecycle-intensity-by-country,BGD,2011,672.456,,,,final,,,
electricity.ember.lifecycle-intensity-by-country,BGD,2012,674.044,,,,final,,,
electricity.ember.lifecycle-intensity-by-country,BGD,2013,673.753,,,,final,,,
electricity.ember.lifecycle-intensity-by-country,BGD,2014,676.628,,,,final,,,
electricity.ember.lifecycle-intensity-by-country,BGD,2015,675.966,,,,final,,,
electricity.ember.lifecycle-intensity-by-country,BGD,2016,672.601,,,,final,,,
electricity.ember.lifecycle-intensity-by-country,BGD,2017,672.24,,,,final,,,
electricity.ember.lifecycle-intensity-by-country,BGD,2018,672.988,,,,final,,,
electricity.ember.lifecycle-intensity-by-country,BGD,2019,675.244,,,,final,,,
electricity.ember.lifecycle-intensity-by-country,BGD,2020,678.832,,,,final,,,
electricity.ember.lifecycle-intensity-by-country,BGD,2021,679.038,,,,final,,,
electricity.ember.lifecycle-intensity-by-country,BGD,2022,676.45,,,,final,,,
electricity.ember.lifecycle-intensity-by-country,BGD,2023,682.716,,,,final,,,
electricity.ember.lifecycle-intensity-by-country,BGD,2024,695.842,,,,final,,,
electricity.ember.lifecycle-intensity-by-country,BGD,2025,,,,,preliminary,"2025 is the latest year in Ember's file, which has no estimate flag; Ember's methodology says that for the most recent years it estimates annual generation from monthly data.","Not published: Ember's file gives negative generation for Bangladesh in 2025 (Wind -0.038 TWh), so its emissions intensity does not describe a generation mix.",
electricity.ember.lifecycle-intensity-by-country,BGR,2000,458.192,,,,final,,,
electricity.ember.lifecycle-intensity-by-country,BGR,2001,484.392,,,,final,,,
electricity.ember.lifecycle-intensity-by-country,BGR,2002,444.487,,,,final,,,
electricity.ember.lifecycle-intensity-by-country,BGR,2003,493.188,,,,final,,,
electricity.ember.lifecycle-intensity-by-country,BGR,2004,493.883,,,,final,,,
electricity.ember.lifecycle-intensity-by-country,BGR,2005,453.976,,,,final,,,
electricity.ember.lifecycle-intensity-by-country,BGR,2006,451.937,,,,final,,,
electricity.ember.lifecycle-intensity-by-country,BGR,2007,558.314,,,,final,,,
electricity.ember.lifecycle-intensity-by-country,BGR,2008,551.113,,,,final,,,
electricity.ember.lifecycle-intensity-by-country,BGR,2009,528.717,,,,final,,,
electricity.ember.lifecycle-intensity-by-country,BGR,2010,521.272,,,,final,,,
electricity.ember.lifecycle-intensity-by-country,BGR,2011,577.682,,,,final,,,
electricity.ember.lifecycle-intensity-by-country,BGR,2012,525.204,,,,final,,,
electricity.ember.lifecycle-intensity-by-country,BGR,2013,487.192,,,,final,,,
electricity.ember.lifecycle-intensity-by-country,BGR,2014,486.893,,,,final,,,
electricity.ember.lifecycle-intensity-by-country,BGR,2015,494.416,,,,final,,,
electricity.ember.lifecycle-intensity-by-country,BGR,2016,471.704,,,,final,,,
electricity.ember.lifecycle-intensity-by-country,BGR,2017,502.498,,,,final,,,
electricity.ember.lifecycle-intensity-by-country,BGR,2018,442.765,,,,final,,,
electricity.ember.lifecycle-intensity-by-country,BGR,2019,438.541,,,,final,,,
electricity.ember.lifecycle-intensity-by-country,BGR,2020,383.807,,,,final,,,
electricity.ember.lifecycle-intensity-by-country,BGR,2021,415.332,,,,final,,,
electricity.ember.lifecycle-intensity-by-country,BGR,2022,476.372,,,,final,,,
electricity.ember.lifecycle-intensity-by-country,BGR,2023,338.448,,,,final,,,
electricity.ember.lifecycle-intensity-by-country,BGR,2024,279.059,,,,final,,,
electricity.ember.lifecycle-intensity-by-country,BGR,2025,275.347,,,,preliminary,"2025 is the latest year in Ember's file, which has no estimate flag; Ember's methodology says that for the most recent years it estimates annual generation from monthly data.",,
electricity.ember.lifecycle-intensity-by-country,BHR,2000,904.762,,,,final,,,
electricity.ember.lifecycle-intensity-by-country,BHR,2001,904.72,,,,final,,,
electricity.ember.lifecycle-intensity-by-country,BHR,2002,904.718,,,,final,,,
electricity.ember.lifecycle-intensity-by-country,BHR,2003,904.713,,,,final,,,
electricity.ember.lifecycle-intensity-by-country,BHR,2004,904.768,,,,final,,,
electricity.ember.lifecycle-intensity-by-country,BHR,2005,904.75,,,,final,,,
electricity.ember.lifecycle-intensity-by-country,BHR,2006,898.764,,,,final,,,
electricity.ember.lifecycle-intensity-by-country,BHR,2007,901.888,,,,final,,,
electricity.ember.lifecycle-intensity-by-country,BHR,2008,904.733,,,,final,,,
electricity.ember.lifecycle-intensity-by-country,BHR,2009,904.743,,,,final,,,
electricity.ember.lifecycle-intensity-by-country,BHR,2010,904.744,,,,final,,,
electricity.ember.lifecycle-intensity-by-country,BHR,2011,904.725,,,,final,,,
electricity.ember.lifecycle-intensity-by-country,BHR,2012,904.723,,,,final,,,
electricity.ember.lifecycle-intensity-by-country,BHR,2013,904.747,,,,final,,,
electricity.ember.lifecycle-intensity-by-country,BHR,2014,904.439,,,,final,,,
electricity.ember.lifecycle-intensity-by-country,BHR,2015,904.423,,,,final,,,
electricity.ember.lifecycle-intensity-by-country,BHR,2016,904.453,,,,final,,,
electricity.ember.lifecycle-intensity-by-country,BHR,2017,904.447,,,,final,,,
electricity.ember.lifecycle-intensity-by-country,BHR,2018,904.433,,,,final,,,
electricity.ember.lifecycle-intensity-by-country,BHR,2019,904.228,,,,final,,,
electricity.ember.lifecycle-intensity-by-country,BHR,2020,904.224,,,,final,,,
electricity.ember.lifecycle-intensity-by-country,BHR,2021,903.716,,,,final,,,
electricity.ember.lifecycle-intensity-by-country,BHR,2022,902.831,,,,final,,,
electricity.ember.lifecycle-intensity-by-country,BHR,2023,902.669,,,,final,,,
electricity.ember.lifecycle-intensity-by-country,BHR,2024,902.477,,,,final,,,
electricity.ember.lifecycle-intensity-by-country,BHS,2000,658.235,,,,final,,,
electricity.ember.lifecycle-intensity-by-country,BHS,2001,658.192,,,,final,,,
electricity.ember.lifecycle-intensity-by-country,BHS,2002,658.201,,,,final,,,
electricity.ember.lifecycle-intensity-by-country,BHS,2003,658.0,,,,final,,,
electricity.ember.lifecycle-intensity-by-country,BHS,2004,658.081,,,,final,,,
electricity.ember.lifecycle-intensity-by-country,BHS,2005,657.895,,,,final,,,
electricity.ember.lifecycle-intensity-by-country,BHS,2006,658.019,,,,final,,,
electricity.ember.lifecycle-intensity-by-country,BHS,2007,657.778,,,,final,,,
electricity.ember.lifecycle-intensity-by-country,BHS,2008,657.778,,,,final,,,
electricity.ember.lifecycle-intensity-by-country,BHS,2009,657.944,,,,final,,,
electricity.ember.lifecycle-intensity-by-country,BHS,2010,658.209,,,,final,,,
electricity.ember.lifecycle-intensity-by-country,BHS,2011,658.049,,,,final,,,
electricity.ember.lifecycle-intensity-by-country,BHS,2012,657.895,,,,final,,,
electricity.ember.lifecycle-intensity-by-country,BHS,2013,657.979,,,,final,,,
electricity.ember.lifecycle-intensity-by-country,BHS,2014,657.812,,,,final,,,
electricity.ember.lifecycle-intensity-by-country,BHS,2015,658.0,,,,final,,,
electricity.ember.lifecycle-intensity-by-country,BHS,2016,657.868,,,,final,,,
electricity.ember.lifecycle-intensity-by-country,BHS,2017,657.789,,,,final,,,
electricity.ember.lifecycle-intensity-by-country,BHS,2018,658.0,,,,final,,,
electricity.ember.lifecycle-intensity-by-country,BHS,2019,658.209,,,,final,,,
electricity.ember.lifecycle-intensity-by-country,BHS,2020,655.172,,,,final,,,
electricity.ember.lifecycle-intensity-by-country,BHS,2021,654.902,,,,final,,,
electricity.ember.lifecycle-intensity-by-country,BHS,2022,652.195,,,,final,,,
electricity.ember.lifecycle-intensity-by-country,BHS,2023,652.489,,,,final,,,
electricity.ember.lifecycle-intensity-by-country,BHS,2024,652.444,,,,final,,,
electricity.ember.lifecycle-intensity-by-country,BIH,2000,518.121,,,,final,,,
electricity.ember.lifecycle-intensity-by-country,BIH,2001,517.592,,,,final,,,
electricity.ember.lifecycle-intensity-by-country,BIH,2002,515.014,,,,final,,,
electricity.ember.lifecycle-intensity-by-country,BIH,2003,601.508,,,,final,,,
electricity.ember.lifecycle-intensity-by-country,BIH,2004,533.936,,,,final,,,
electricity.ember.lifecycle-intensity-by-country,BIH,2005,527.46,,,,final,,,
electricity.ember.lifecycle-intensity-by-country,BIH,2006,562.754,,,,final,,,
electricity.ember.lifecycle-intensity-by-country,BIH,2007,659.762,,,,final,,,
electricity.ember.lifecycle-intensity-by-country,BIH,2008,670.825,,,,final,,,
electricity.ember.lifecycle-intensity-by-country,BIH,2009,600.904,,,,final,,,
electricity.ember.lifecycle-intensity-by-country,BIH,2010,531.719,,,,final,,,
electricity.ember.lifecycle-intensity-by-country,BIH,2011,709.025,,,,final,,,
electricity.ember.lifecycle-intensity-by-country,BIH,2012,700.29,,,,final,,,
electricity.ember.lifecycle-intensity-by-country,BIH,2013,584.87,,,,final,,,
electricity.ember.lifecycle-intensity-by-country,BIH,2014,653.435,,,,final,,,
electricity.ember.lifecycle-intensity-by-country,BIH,2015,664.029,,,,final,,,
electricity.ember.lifecycle-intensity-by-country,BIH,2016,685.601,,,,final,,,
electricity.ember.lifecycle-intensity-by-country,BIH,2017,765.887,,,,final,,,
electricity.ember.lifecycle-intensity-by-country,BIH,2018,660.881,,,,final,,,
electricity.ember.lifecycle-intensity-by-country,BIH,2019,638.06,,,,final,,,
electricity.ember.lifecycle-intensity-by-country,BIH,2020,711.197,,,,final,,,
electricity.ember.lifecycle-intensity-by-country,BIH,2021,616.295,,,,final,,,
electricity.ember.lifecycle-intensity-by-country,BIH,2022,683.303,,,,final,,,
electricity.ember.lifecycle-intensity-by-country,BIH,2023,576.135,,,,final,,,
electricity.ember.lifecycle-intensity-by-country,BIH,2024,607.384,,,,final,,,
electricity.ember.lifecycle-intensity-by-country,BIH,2025,572.901,,,,preliminary,"2025 is the latest year in Ember's file, which has no estimate flag; Ember's methodology says that for the most recent years it estimates annual generation from monthly data.",,
electricity.ember.lifecycle-intensity-by-country,BLR,2000,517.739,,,,final,,,
electricity.ember.lifecycle-intensity-by-country,BLR,2001,516.633,,,,final,,,
electricity.ember.lifecycle-intensity-by-country,BLR,2002,515.646,,,,final,,,
electricity.ember.lifecycle-intensity-by-country,BLR,2003,514.082,,,,final,,,
electricity.ember.lifecycle-intensity-by-country,BLR,2004,515.288,,,,final,,,
electricity.ember.lifecycle-intensity-by-country,BLR,2005,512.435,,,,final,,,
electricity.ember.lifecycle-intensity-by-country,BLR,2006,515.247,,,,final,,,
electricity.ember.lifecycle-intensity-by-country,BLR,2007,509.111,,,,final,,,
electricity.ember.lifecycle-intensity-by-country,BLR,2008,512.154,,,,final,,,
electricity.ember.lifecycle-intensity-by-country,BLR,2009,534.08,,,,final,,,
electricity.ember.lifecycle-intensity-by-country,BLR,2010,510.974,,,,final,,,
electricity.ember.lifecycle-intensity-by-country,BLR,2011,509.071,,,,final,,,
electricity.ember.lifecycle-intensity-by-country,BLR,2012,510.127,,,,final,,,
electricity.ember.lifecycle-intensity-by-country,BLR,2013,505.935,,,,final,,,
electricity.ember.lifecycle-intensity-by-country,BLR,2014,507.34,,,,final,,,
electricity.ember.lifecycle-intensity-by-country,BLR,2015,506.806,,,,final,,,
electricity.ember.lifecycle-intensity-by-country,BLR,2016,506.285,,,,final,,,
electricity.ember.lifecycle-intensity-by-country,BLR,2017,499.826,,,,final,,,
electricity.ember.lifecycle-intensity-by-country,BLR,2018,500.872,,,,final,,,
electricity.ember.lifecycle-intensity-by-country,BLR,2019,498.764,,,,final,,,
electricity.ember.lifecycle-intensity-by-country,BLR,2020,498.677,,,,final,,,
electricity.ember.lifecycle-intensity-by-country,BLR,2021,433.188,,,,final,,,
electricity.ember.lifecycle-intensity-by-country,BLR,2022,439.026,,,,final,,,
electricity.ember.lifecycle-intensity-by-country,BLR,2023,360.254,,,,final,,,
electricity.ember.lifecycle-intensity-by-country,BLR,2024,329.463,,,,final,,,
electricity.ember.lifecycle-intensity-by-country,BLR,2025,315.173,,,,preliminary,"2025 is the latest year in Ember's file, which has no estimate flag; Ember's methodology says that for the most recent years it estimates annual generation from monthly data.",,
electricity.ember.lifecycle-intensity-by-country,BLZ,2000,215.385,,,,final,,,
electricity.ember.lifecycle-intensity-by-country,BLZ,2001,215.385,,,,final,,,
electricity.ember.lifecycle-intensity-by-country,BLZ,2002,250.0,,,,final,,,
electricity.ember.lifecycle-intensity-by-country,BLZ,2003,418.75,,,,final,,,
electricity.ember.lifecycle-intensity-by-country,BLZ,2004,385.714,,,,final,,,
electricity.ember.lifecycle-intensity-by-country,BLZ,2005,381.25,,,,final,,,
electricity.ember.lifecycle-intensity-by-country,BLZ,2006,114.286,,,,final,,,
electricity.ember.lifecycle-intensity-by-country,BLZ,2007,140.909,,,,final,,,
electricity.ember.lifecycle-intensity-by-country,BLZ,2008,52.381,,,,final,,,
electricity.ember.lifecycle-intensity-by-country,BLZ,2009,154.167,,,,final,,,
electricity.ember.lifecycle-intensity-by-country,BLZ,2010,145.238,,,,final,,,
electricity.ember.lifecycle-intensity-by-country,BLZ,2011,96.97,,,,final,,,
electricity.ember.lifecycle-intensity-by-country,BLZ,2012,142.105,,,,final,,,
electricity.ember.lifecycle-intensity-by-country,BLZ,2013,105.405,,,,final,,,
electricity.ember.lifecycle-intensity-by-country,BLZ,2014,111.111,,,,final,,,
electricity.ember.lifecycle-intensity-by-country,BLZ,2015,122.222,,,,final,,,
electricity.ember.lifecycle-intensity-by-country,BLZ,2016,107.895,,,,final,,,
electricity.ember.lifecycle-intensity-by-country,BLZ,2017,107.5,,,,final,,,
electricity.ember.lifecycle-intensity-by-country,BLZ,2018,131.707,,,,final,,,
electricity.ember.lifecycle-intensity-by-country,BLZ,2019,165.385,,,,final,,,
electricity.ember.lifecycle-intensity-by-country,BLZ,2020,156.818,,,,final,,,
electricity.ember.lifecycle-intensity-by-country,BLZ,2021,186.111,,,,final,,,
electricity.ember.lifecycle-intensity-by-country,BLZ,2022,170.213,,,,final,,,
electricity.ember.lifecycle-intensity-by-country,BLZ,2023,160.0,,,,final,,,
electricity.ember.lifecycle-intensity-by-country,BLZ,2024,170.213,,,,final,,,
electricity.ember.lifecycle-intensity-by-country,BOL,2000,368.557,,,,final,,,
electricity.ember.lifecycle-intensity-by-country,BOL,2001,346.97,,,,final,,,
electricity.ember.lifecycle-intensity-by-country,BOL,2002,353.365,,,,final,,,
electricity.ember.lifecycle-intensity-by-country,BOL,2003,402.309,,,,final,,,
electricity.ember.lifecycle-intensity-by-country,BOL,2004,390.728,,,,final,,,
electricity.ember.lifecycle-intensity-by-country,BOL,2005,443.354,,,,final,,,
electricity.ember.lifecycle-intensity-by-country,BOL,2006,423.8,,,,final,,,
electricity.ember.lifecycle-intensity-by-country,BOL,2007,426.654,,,,final,,,
electricity.ember.lifecycle-intensity-by-country,BOL,2008,451.858,,,,final,,,
electricity.ember.lifecycle-intensity-by-country,BOL,2009,465.378,,,,final,,,
electricity.ember.lifecycle-intensity-by-country,BOL,2010,494.586,,,,final,,,
electricity.ember.lifecycle-intensity-by-country,BOL,2011,492.666,,,,final,,,
electricity.ember.lifecycle-intensity-by-country,BOL,2012,502.564,,,,final,,,
electricity.ember.lifecycle-intensity-by-country,BOL,2013,494.75,,,,final,,,
electricity.ember.lifecycle-intensity-by-country,BOL,2014,530.723,,,,final,,,
electricity.ember.lifecycle-intensity-by-country,BOL,2015,526.444,,,,final,,,
electricity.ember.lifecycle-intensity-by-country,BOL,2016,587.312,,,,final,,,
electricity.ember.lifecycle-intensity-by-country,BOL,2017,555.266,,,,final,,,
electricity.ember.lifecycle-intensity-by-country,BOL,2018,523.406,,,,final,,,
electricity.ember.lifecycle-intensity-by-country,BOL,2019,478.11,,,,final,,,
electricity.ember.lifecycle-intensity-by-country,BOL,2020,483.934,,,,final,,,
electricity.ember.lifecycle-intensity-by-country,BOL,2021,466.237,,,,final,,,
electricity.ember.lifecycle-intensity-by-country,BOL,2022,485.861,,,,final,,,
electricity.ember.lifecycle-intensity-by-country,BOL,2023,501.036,,,,final,,,
electricity.ember.lifecycle-intensity-by-country,BOL,2024,495.713,,,,final,,,
electricity.ember.lifecycle-intensity-by-country,BOL,2025,481.278,,,,preliminary,"2025 is the latest year in Ember's file, which has no estimate flag; Ember's methodology says that for the most recent years it estimates annual generation from monthly data.",,
electricity.ember.lifecycle-intensity-by-country,BRA,2000,89.433,,,,final,,,
electricity.ember.lifecycle-intensity-by-country,BRA,2001,105.737,,,,final,,,
electricity.ember.lifecycle-intensity-by-country,BRA,2002,97.304,,,,final,,,
electricity.ember.lifecycle-intensity-by-country,BRA,2003,90.697,,,,final,,,
electricity.ember.lifecycle-intensity-by-country,BRA,2004,101.783,,,,final,,,
electricity.ember.lifecycle-intensity-by-country,BRA,2005,98.874,,,,final,,,
electricity.ember.lifecycle-intensity-by-country,BRA,2006,95.949,,,,final,,,
electricity.ember.lifecycle-intensity-by-country,BRA,2007,90.895,,,,final,,,
electricity.ember.lifecycle-intensity-by-country,BRA,2008,113.606,,,,final,,,
electricity.ember.lifecycle-intensity-by-country,BRA,2009,87.367,,,,final,,,
electricity.ember.lifecycle-intensity-by-country,BRA,2010,114.153,,,,final,,,
electricity.ember.lifecycle-intensity-by-country,BRA,2011,99.776,,,,final,,,
electricity.ember.lifecycle-intensity-by-country,BRA,2012,128.351,,,,final,,,
electricity.ember.lifecycle-intensity-by-country,BRA,2013,167.852,,,,final,,,
electricity.ember.lifecycle-intensity-by-country,BRA,2014,192.944,,,,final,,,
electricity.ember.lifecycle-intensity-by-country,BRA,2015,188.638,,,,final,,,
electricity.ember.lifecycle-intensity-by-country,BRA,2016,149.655,,,,final,,,
electricity.ember.lifecycle-intensity-by-country,BRA,2017,155.871,,,,final,,,
electricity.ember.lifecycle-intensity-by-country,BRA,2018,136.959,,,,final,,,
electricity.ember.lifecycle-intensity-by-country,BRA,2019,141.928,,,,final,,,
electricity.ember.lifecycle-intensity-by-country,BRA,2020,133.355,,,,final,,,
electricity.ember.lifecycle-intensity-by-country,BRA,2021,168.053,,,,final,,,
electricity.ember.lifecycle-intensity-by-country,BRA,2022,103.37,,,,final,,,
electricity.ember.lifecycle-intensity-by-country,BRA,2023,96.235,,,,final,,,
electricity.ember.lifecycle-intensity-by-country,BRA,2024,106.061,,,,final,,,
electricity.ember.lifecycle-intensity-by-country,BRA,2025,109.852,,,,preliminary,"2025 is the latest year in Ember's file, which has no estimate flag; Ember's methodology says that for the most recent years it estimates annual generation from monthly data.",,
electricity.ember.lifecycle-intensity-by-country,BRB,2000,655.696,,,,final,,,
electricity.ember.lifecycle-intensity-by-country,BRB,2001,656.627,,,,final,,,
electricity.ember.lifecycle-intensity-by-country,BRB,2002,656.977,,,,final,,,
electricity.ember.lifecycle-intensity-by-country,BRB,2003,657.471,,,,final,,,
electricity.ember.lifecycle-intensity-by-country,BRB,2004,657.303,,,,final,,,
electricity.ember.lifecycle-intensity-by-country,BRB,2005,657.576,,,,final,,,
electricity.ember.lifecycle-intensity-by-country,BRB,2006,656.863,,,,final,,,
electricity.ember.lifecycle-intensity-by-country,BRB,2007,656.19,,,,final,,,
electricity.ember.lifecycle-intensity-by-country,BRB,2008,657.143,,,,final,,,
electricity.ember.lifecycle-intensity-by-country,BRB,2009,657.009,,,,final,,,
electricity.ember.lifecycle-intensity-by-country,BRB,2010,657.282,,,,final,,,
electricity.ember.lifecycle-intensity-by-country,BRB,2011,657.692,,,,final,,,
electricity.ember.lifecycle-intensity-by-country,BRB,2012,656.637,,,,final,,,
electricity.ember.lifecycle-intensity-by-country,BRB,2013,656.436,,,,final,,,
electricity.ember.lifecycle-intensity-by-country,BRB,2014,650.485,,,,final,,,
electricity.ember.lifecycle-intensity-by-country,BRB,2015,650.962,,,,final,,,
electricity.ember.lifecycle-intensity-by-country,BRB,2016,644.762,,,,final,,,
electricity.ember.lifecycle-intensity-by-country,BRB,2017,638.462,,,,final,,,
electricity.ember.lifecycle-intensity-by-country,BRB,2018,638.462,,,,final,,,
electricity.ember.lifecycle-intensity-by-country,BRB,2019,633.019,,,,final,,,
electricity.ember.lifecycle-intensity-by-country,BRB,2020,616.038,,,,final,,,
electricity.ember.lifecycle-intensity-by-country,BRB,2021,610.377,,,,final,,,
electricity.ember.lifecycle-intensity-by-country,BRB,2022,611.009,,,,final,,,
electricity.ember.lifecycle-intensity-by-country,BRB,2023,606.364,,,,final,,,
electricity.ember.lifecycle-intensity-by-country,BRB,2024,600.901,,,,final,,,
electricity.ember.lifecycle-intensity-by-country,BRN,2000,903.15,,,,final,,,
electricity.ember.lifecycle-intensity-by-country,BRN,2001,903.101,,,,final,,,
electricity.ember.lifecycle-intensity-by-country,BRN,2002,902.214,,,,final,,,
electricity.ember.lifecycle-intensity-by-country,BRN,2003,902.5,,,,final,,,
electricity.ember.lifecycle-intensity-by-country,BRN,2004,902.761,,,,final,,,
electricity.ember.lifecycle-intensity-by-country,BRN,2005,902.761,,,,final,,,
electricity.ember.lifecycle-intensity-by-country,BRN,2006,902.727,,,,final,,,
electricity.ember.lifecycle-intensity-by-country,BRN,2007,902.655,,,,final,,,
electricity.ember.lifecycle-intensity-by-country,BRN,2008,902.924,,,,final,,,
electricity.ember.lifecycle-intensity-by-country,BRN,2009,902.21,,,,final,,,
electricity.ember.lifecycle-intensity-by-country,BRN,2010,902.375,,,,final,,,
electricity.ember.lifecycle-intensity-by-country,BRN,2011,902.413,,,,final,,,
electricity.ember.lifecycle-intensity-by-country,BRN,2012,902.545,,,,final,,,
electricity.ember.lifecycle-intensity-by-country,BRN,2013,902.727,,,,final,,,
electricity.ember.lifecycle-intensity-by-country,BRN,2014,902.667,,,,final,,,
electricity.ember.lifecycle-intensity-by-country,BRN,2015,902.619,,,,final,,,
electricity.ember.lifecycle-intensity-by-country,BRN,2016,902.108,,,,final,,,
electricity.ember.lifecycle-intensity-by-country,BRN,2017,901.923,,,,final,,,
electricity.ember.lifecycle-intensity-by-country,BRN,2018,902.093,,,,final,,,
electricity.ember.lifecycle-intensity-by-country,BRN,2019,898.377,,,,final,,,
electricity.ember.lifecycle-intensity-by-country,BRN,2020,894.425,,,,final,,,
electricity.ember.lifecycle-intensity-by-country,BRN,2021,894.211,,,,final,,,
electricity.ember.lifecycle-intensity-by-country,BRN,2022,893.75,,,,final,,,
electricity.ember.lifecycle-intensity-by-country,BRN,2023,894.821,,,,final,,,
electricity.ember.lifecycle-intensity-by-country,BRN,2024,892.986,,,,final,,,
electricity.ember.lifecycle-intensity-by-country,BTN,2000,24.022,,,,final,,,
electricity.ember.lifecycle-intensity-by-country,BTN,2001,23.958,,,,final,,,
electricity.ember.lifecycle-intensity-by-country,BTN,2002,23.853,,,,final,,,
electricity.ember.lifecycle-intensity-by-country,BTN,2003,23.6,,,,final,,,
electricity.ember.lifecycle-intensity-by-country,BTN,2004,23.605,,,,final,,,
electricity.ember.lifecycle-intensity-by-country,BTN,2005,23.664,,,,final,,,
electricity.ember.lifecycle-intensity-by-country,BTN,2006,23.714,,,,final,,,
electricity.ember.lifecycle-intensity-by-country,BTN,2007,23.729,,,,final,,,
electricity.ember.lifecycle-intensity-by-country,BTN,2008,23.803,,,,final,,,
electricity.ember.lifecycle-intensity-by-country,BTN,2009,23.81,,,,final,,,
electricity.ember.lifecycle-intensity-by-country,BTN,2010,23.691,,,,final,,,
electricity.ember.lifecycle-intensity-by-country,BTN,2011,23.816,,,,final,,,
electricity.ember.lifecycle-intensity-by-country,BTN,2012,23.739,,,,final,,,
electricity.ember.lifecycle-intensity-by-country,BTN,2013,23.772,,,,final,,,
electricity.ember.lifecycle-intensity-by-country,BTN,2014,23.776,,,,final,,,
electricity.ember.lifecycle-intensity-by-country,BTN,2015,23.803,,,,final,,,
electricity.ember.lifecycle-intensity-by-country,BTN,2016,23.731,,,,final,,,
electricity.ember.lifecycle-intensity-by-country,BTN,2017,23.791,,,,final,,,
electricity.ember.lifecycle-intensity-by-country,BTN,2018,23.803,,,,final,,,
electricity.ember.lifecycle-intensity-by-country,BTN,2019,23.815,,,,final,,,
electricity.ember.lifecycle-intensity-by-country,BTN,2020,23.747,,,,final,,,
electricity.ember.lifecycle-intensity-by-country,BTN,2021,23.752,,,,final,,,
electricity.ember.lifecycle-intensity-by-country,BTN,2022,23.77,,,,final,,,
electricity.ember.lifecycle-intensity-by-country,BTN,2023,23.746,,,,final,,,
electricity.ember.lifecycle-intensity-by-country,BTN,2024,23.727,,,,final,,,
electricity.ember.lifecycle-intensity-by-country,BWA,2000,852.632,,,,final,,,
electricity.ember.lifecycle-intensity-by-country,BWA,2001,853.982,,,,final,,,
electricity.ember.lifecycle-intensity-by-country,BWA,2002,852.174,,,,final,,,
electricity.ember.lifecycle-intensity-by-country,BWA,2003,851.923,,,,final,,,
electricity.ember.lifecycle-intensity-by-country,BWA,2004,847.423,,,,final,,,
electricity.ember.lifecycle-intensity-by-country,BWA,2005,855.66,,,,final,,,
electricity.ember.lifecycle-intensity-by-country,BWA,2006,855.556,,,,final,,,
electricity.ember.lifecycle-intensity-by-country,BWA,2007,855.422,,,,final,,,
electricity.ember.lifecycle-intensity-by-country,BWA,2008,857.143,,,,final,,,
electricity.ember.lifecycle-intensity-by-country,BWA,2009,858.065,,,,final,,,
electricity.ember.lifecycle-intensity-by-country,BWA,2010,858.491,,,,final,,,
electricity.ember.lifecycle-intensity-by-country,BWA,2011,841.667,,,,final,,,
electricity.ember.lifecycle-intensity-by-country,BWA,2012,800.0,,,,final,,,
electricity.ember.lifecycle-intensity-by-country,BWA,2013,822.826,,,,final,,,
electricity.ember.lifecycle-intensity-by-country,BWA,2014,848.918,,,,final,,,
electricity.ember.lifecycle-intensity-by-country,BWA,2015,850.505,,,,final,,,
electricity.ember.lifecycle-intensity-by-country,BWA,2016,856.877,,,,final,,,
electricity.ember.lifecycle-intensity-by-country,BWA,2017,856.954,,,,final,,,
electricity.ember.lifecycle-intensity-by-country,BWA,2018,854.341,,,,final,,,
electricity.ember.lifecycle-intensity-by-country,BWA,2019,854.582,,,,final,,,
electricity.ember.lifecycle-intensity-by-country,BWA,2020,849.541,,,,final,,,
electricity.ember.lifecycle-intensity-by-country,BWA,2021,847.39,,,,final,,,
electricity.ember.lifecycle-intensity-by-country,BWA,2022,846.875,,,,final,,,
electricity.ember.lifecycle-intensity-by-country,BWA,2023,853.251,,,,final,,,
electricity.ember.lifecycle-intensity-by-country,BWA,2024,852.478,,,,final,,,
electricity.ember.lifecycle-intensity-by-country,CAF,2000,150.0,,,,final,,,
electricity.ember.lifecycle-intensity-by-country,CAF,2001,200.0,,,,final,,,
electricity.ember.lifecycle-intensity-by-country,CAF,2002,200.0,,,,final,,,
electricity.ember.lifecycle-intensity-by-country,CAF,2003,200.0,,,,final,,,
electricity.ember.lifecycle-intensity-by-country,CAF,2004,153.333,,,,final,,,
electricity.ember.lifecycle-intensity-by-country,CAF,2005,143.75,,,,final,,,
electricity.ember.lifecycle-intensity-by-country,CAF,2006,135.294,,,,final,,,
electricity.ember.lifecycle-intensity-by-country,CAF,2007,100.0,,,,final,,,
electricity.ember.lifecycle-intensity-by-country,CAF,2008,100.0,,,,final,,,
electricity.ember.lifecycle-intensity-by-country,CAF,2009,100.0,,,,final,,,
electricity.ember.lifecycle-intensity-by-country,CAF,2010,143.75,,,,final,,,
electricity.ember.lifecycle-intensity-by-country,CAF,2011,127.778,,,,final,,,
electricity.ember.lifecycle-intensity-by-country,CAF,2012,127.778,,,,final,,,
electricity.ember.lifecycle-intensity-by-country,CAF,2013,21.429,,,,final,,,
electricity.ember.lifecycle-intensity-by-country,CAF,2014,23.529,,,,final,,,
electricity.ember.lifecycle-intensity-by-country,CAF,2015,23.529,,,,final,,,
electricity.ember.lifecycle-intensity-by-country,CAF,2016,23.529,,,,final,,,
electricity.ember.lifecycle-intensity-by-country,CAF,2017,26.667,,,,final,,,
electricity.ember.lifecycle-intensity-by-country,CAF,2018,26.667,,,,final,,,
electricity.ember.lifecycle-intensity-by-country,CAF,2019,26.667,,,,final,,,
electricity.ember.lifecycle-intensity-by-country,CAF,2020,26.667,,,,final,,,
electricity.ember.lifecycle-intensity-by-country,CAF,2021,26.667,,,,final,,,
electricity.ember.lifecycle-intensity-by-country,CAF,2022,21.429,,,,final,,,
electricity.ember.lifecycle-intensity-by-country,CAF,2023,21.429,,,,final,,,
electricity.ember.lifecycle-intensity-by-country,CAN,2000,245.785,,,,final,,,
electricity.ember.lifecycle-intensity-by-country,CAN,2001,255.759,,,,final,,,
electricity.ember.lifecycle-intensity-by-country,CAN,2002,245.211,,,,final,,,
electricity.ember.lifecycle-intensity-by-country,CAN,2003,251.696,,,,final,,,
electricity.ember.lifecycle-intensity-by-country,CAN,2004,235.417,,,,final,,,
electricity.ember.lifecycle-intensity-by-country,CAN,2005,225.099,,,,final,,,
electricity.ember.lifecycle-intensity-by-country,CAN,2006,216.633,,,,final,,,
electricity.ember.lifecycle-intensity-by-country,CAN,2007,227.861,,,,final,,,
electricity.ember.lifecycle-intensity-by-country,CAN,2008,213.561,,,,final,,,
electricity.ember.lifecycle-intensity-by-country,CAN,2009,204.402,,,,final,,,
electricity.ember.lifecycle-intensity-by-country,CAN,2010,214.881,,,,final,,,
electricity.ember.lifecycle-intensity-by-country,CAN,2011,206.243,,,,final,,,
electricity.ember.lifecycle-intensity-by-country,CAN,2012,193.458,,,,final,,,
electricity.ember.lifecycle-intensity-by-country,CAN,2013,187.038,,,,final,,,
electricity.ember.lifecycle-intensity-by-country,CAN,2014,188.972,,,,final,,,
electricity.ember.lifecycle-intensity-by-country,CAN,2015,184.456,,,,final,,,
electricity.ember.lifecycle-intensity-by-country,CAN,2016,180.989,,,,final,,,
electricity.ember.lifecycle-intensity-by-country,CAN,2017,172.148,,,,final,,,
electricity.ember.lifecycle-intensity-by-country,CAN,2018,170.921,,,,final,,,
electricity.ember.lifecycle-intensity-by-country,CAN,2019,170.072,,,,final,,,
electricity.ember.lifecycle-intensity-by-country,CAN,2020,161.766,,,,final,,,
electricity.ember.lifecycle-intensity-by-country,CAN,2021,165.466,,,,final,,,
electricity.ember.lifecycle-intensity-by-country,CAN,2022,160.666,,,,final,,,
electricity.ember.lifecycle-intensity-by-country,CAN,2023,174.431,,,,final,,,
electricity.ember.lifecycle-intensity-by-country,CAN,2024,185.405,,,,final,,,
electricity.ember.lifecycle-intensity-by-country,CAN,2025,190.725,,,,preliminary,"2025 is the latest year in Ember's file, which has no estimate flag; Ember's methodology says that for the most recent years it estimates annual generation from monthly data.",,
electricity.ember.lifecycle-intensity-by-country,CHE,2000,33.621,,,,final,,,
electricity.ember.lifecycle-intensity-by-country,CHE,2001,33.357,,,,final,,,
electricity.ember.lifecycle-intensity-by-country,CHE,2002,34.307,,,,final,,,
electricity.ember.lifecycle-intensity-by-country,CHE,2003,34.619,,,,final,,,
electricity.ember.lifecycle-intensity-by-country,CHE,2004,35.181,,,,final,,,
electricity.ember.lifecycle-intensity-by-country,CHE,2005,38.166,,,,final,,,
electricity.ember.lifecycle-intensity-by-country,CHE,2006,36.343,,,,final,,,
electricity.ember.lifecycle-intensity-by-country,CHE,2007,34.397,,,,final,,,
electricity.ember.lifecycle-intensity-by-country,CHE,2008,34.308,,,,final,,,
electricity.ember.lifecycle-intensity-by-country,CHE,2009,33.973,,,,final,,,
electricity.ember.lifecycle-intensity-by-country,CHE,2010,36.003,,,,final,,,
electricity.ember.lifecycle-intensity-by-country,CHE,2011,36.148,,,,final,,,
electricity.ember.lifecycle-intensity-by-country,CHE,2012,36.21,,,,final,,,
electricity.ember.lifecycle-intensity-by-country,CHE,2013,35.609,,,,final,,,
electricity.ember.lifecycle-intensity-by-country,CHE,2014,34.432,,,,final,,,
electricity.ember.lifecycle-intensity-by-country,CHE,2015,35.75,,,,final,,,
electricity.ember.lifecycle-intensity-by-country,CHE,2016,39.591,,,,final,,,
electricity.ember.lifecycle-intensity-by-country,CHE,2017,39.817,,,,final,,,
electricity.ember.lifecycle-intensity-by-country,CHE,2018,36.25,,,,final,,,
electricity.ember.lifecycle-intensity-by-country,CHE,2019,35.482,,,,final,,,
electricity.ember.lifecycle-intensity-by-country,CHE,2020,36.613,,,,final,,,
electricity.ember.lifecycle-intensity-by-country,CHE,2021,38.627,,,,final,,,
electricity.ember.lifecycle-intensity-by-country,CHE,2022,37.054,,,,final,,,
electricity.ember.lifecycle-intensity-by-country,CHE,2023,34.808,,,,final,,,
electricity.ember.lifecycle-intensity-by-country,CHE,2024,34.592,,,,final,,,
electricity.ember.lifecycle-intensity-by-country,CHE,2025,39.05,,,,preliminary,"2025 is the latest year in Ember's file, which has no estimate flag; Ember's methodology says that for the most recent years it estimates annual generation from monthly data.",,
electricity.ember.lifecycle-intensity-by-country,CHL,2000,387.743,,,,final,,,
electricity.ember.lifecycle-intensity-by-country,CHL,2001,336.319,,,,final,,,
electricity.ember.lifecycle-intensity-by-country,CHL,2002,329.857,,,,final,,,
electricity.ember.lifecycle-intensity-by-country,CHL,2003,355.265,,,,final,,,
electricity.ember.lifecycle-intensity-by-country,CHL,2004,391.725,,,,final,,,
electricity.ember.lifecycle-intensity-by-country,CHL,2005,347.568,,,,final,,,
electricity.ember.lifecycle-intensity-by-country,CHL,2006,355.36,,,,final,,,
electricity.ember.lifecycle-intensity-by-country,CHL,2007,456.966,,,,final,,,
electricity.ember.lifecycle-intensity-by-country,CHL,2008,454.44,,,,final,,,
electricity.ember.lifecycle-intensity-by-country,CHL,2009,435.995,,,,final,,,
electricity.ember.lifecycle-intensity-by-country,CHL,2010,481.593,,,,final,,,
electricity.ember.lifecycle-intensity-by-country,CHL,2011,493.694,,,,final,,,
electricity.ember.lifecycle-intensity-by-country,CHL,2012,532.859,,,,final,,,
electricity.ember.lifecycle-intensity-by-country,CHL,2013,554.036,,,,final,,,
electricity.ember.lifecycle-intensity-by-country,CHL,2014,495.682,,,,final,,,
electricity.ember.lifecycle-intensity-by-country,CHL,2015,493.232,,,,final,,,
electricity.ember.lifecycle-intensity-by-country,CHL,2016,498.072,,,,final,,,
electricity.ember.lifecycle-intensity-by-country,CHL,2017,488.94,,,,final,,,
electricity.ember.lifecycle-intensity-by-country,CHL,2018,471.857,,,,final,,,
electricity.ember.lifecycle-intensity-by-country,CHL,2019,458.038,,,,final,,,
electricity.ember.lifecycle-intensity-by-country,CHL,2020,438.131,,,,final,,,
electricity.ember.lifecycle-intensity-by-country,CHL,2021,432.293,,,,final,,,
electricity.ember.lifecycle-intensity-by-country,CHL,2022,373.891,,,,final,,,
electricity.ember.lifecycle-intensity-by-country,CHL,2023,304.763,,,,final,,,
electricity.ember.lifecycle-intensity-by-country,CHL,2024,260.923,,,,final,,,
electricity.ember.lifecycle-intensity-by-country,CHL,2025,290.599,,,,preliminary,"2025 is the latest year in Ember's file, which has no estimate flag; Ember's methodology says that for the most recent years it estimates annual generation from monthly data.",,
electricity.ember.lifecycle-intensity-by-country,CHN,2000,783.511,,,,final,,,
electricity.ember.lifecycle-intensity-by-country,CHN,2001,762.877,,,,final,,,
electricity.ember.lifecycle-intensity-by-country,CHN,2002,773.301,,,,final,,,
electricity.ember.lifecycle-intensity-by-country,CHN,2003,790.918,,,,final,,,
electricity.ember.lifecycle-intensity-by-country,CHN,2004,778.518,,,,final,,,
electricity.ember.lifecycle-intensity-by-country,CHN,2005,782.122,,,,final,,,
electricity.ember.lifecycle-intensity-by-country,CHN,2006,786.685,,,,final,,,
electricity.ember.lifecycle-intensity-by-country,CHN,2007,785.282,,,,final,,,
electricity.ember.lifecycle-intensity-by-country,CHN,2008,747.115,,,,final,,,
electricity.ember.lifecycle-intensity-by-country,CHN,2009,753.204,,,,final,,,
electricity.ember.lifecycle-intensity-by-country,CHN,2010,742.45,,,,final,,,
electricity.ember.lifecycle-intensity-by-country,CHN,2011,754.005,,,,final,,,
electricity.ember.lifecycle-intensity-by-country,CHN,2012,721.7,,,,final,,,
electricity.ember.lifecycle-intensity-by-country,CHN,2013,719.127,,,,final,,,
electricity.ember.lifecycle-intensity-by-country,CHN,2014,695.753,,,,final,,,
electricity.ember.lifecycle-intensity-by-country,CHN,2015,669.705,,,,final,,,
electricity.ember.lifecycle-intensity-by-country,CHN,2016,653.311,,,,final,,,
electricity.ember.lifecycle-intensity-by-country,CHN,2017,646.279,,,,final,,,
electricity.ember.lifecycle-intensity-by-country,CHN,2018,639.097,,,,final,,,
electricity.ember.lifecycle-intensity-by-country,CHN,2019,621.993,,,,final,,,
electricity.ember.lifecycle-intensity-by-country,CHN,2020,609.048,,,,final,,,
electricity.ember.lifecycle-intensity-by-country,CHN,2021,602.329,,,,final,,,
electricity.ember.lifecycle-intensity-by-country,CHN,2022,589.968,,,,final,,,
electricity.ember.lifecycle-intensity-by-country,CHN,2023,586.366,,,,final,,,
electricity.ember.lifecycle-intensity-by-country,CHN,2024,558.965,,,,final,,,
electricity.ember.lifecycle-intensity-by-country,CHN,2025,528.278,,,,preliminary,"2025 is the latest year in Ember's file, which has no estimate flag; Ember's methodology says that for the most recent years it estimates annual generation from monthly data.",,
electricity.ember.lifecycle-intensity-by-country,CIV,2000,363.542,,,,final,,,
electricity.ember.lifecycle-intensity-by-country,CIV,2001,363.32,,,,final,,,
electricity.ember.lifecycle-intensity-by-country,CIV,2002,385.444,,,,final,,,
electricity.ember.lifecycle-intensity-by-country,CIV,2003,367.913,,,,final,,,
electricity.ember.lifecycle-intensity-by-country,CIV,2004,383.273,,,,final,,,
electricity.ember.lifecycle-intensity-by-country,CIV,2005,417.813,,,,final,,,
electricity.ember.lifecycle-intensity-by-country,CIV,2006,410.284,,,,final,,,
electricity.ember.lifecycle-intensity-by-country,CIV,2007,381.851,,,,final,,,
electricity.ember.lifecycle-intensity-by-country,CIV,2008,377.72,,,,final,,,
electricity.ember.lifecycle-intensity-by-country,CIV,2009,361.368,,,,final,,,
electricity.ember.lifecycle-intensity-by-country,CIV,2010,411.933,,,,final,,,
electricity.ember.lifecycle-intensity-by-country,CIV,2011,400.493,,,,final,,,
electricity.ember.lifecycle-intensity-by-country,CIV,2012,425.714,,,,final,,,
electricity.ember.lifecycle-intensity-by-country,CIV,2013,446.134,,,,final,,,
electricity.ember.lifecycle-intensity-by-country,CIV,2014,439.178,,,,final,,,
electricity.ember.lifecycle-intensity-by-country,CIV,2015,477.126,,,,final,,,
electricity.ember.lifecycle-intensity-by-country,CIV,2016,474.194,,,,final,,,
electricity.ember.lifecycle-intensity-by-country,CIV,2017,447.431,,,,final,,,
electricity.ember.lifecycle-intensity-by-country,CIV,2018,399.701,,,,final,,,
electricity.ember.lifecycle-intensity-by-country,CIV,2019,382.458,,,,final,,,
electricity.ember.lifecycle-intensity-by-country,CIV,2020,396.27,,,,final,,,
electricity.ember.lifecycle-intensity-by-country,CIV,2021,432.07,,,,final,,,
electricity.ember.lifecycle-intensity-by-country,CIV,2022,413.323,,,,final,,,
electricity.ember.lifecycle-intensity-by-country,CIV,2023,398.816,,,,final,,,
electricity.ember.lifecycle-intensity-by-country,CIV,2024,405.561,,,,final,,,
electricity.ember.lifecycle-intensity-by-country,CMR,2000,31.014,,,,final,,,
electricity.ember.lifecycle-intensity-by-country,CMR,2001,36.467,,,,final,,,
electricity.ember.lifecycle-intensity-by-country,CMR,2002,47.095,,,,final,,,
electricity.ember.lifecycle-intensity-by-country,CMR,2003,51.507,,,,final,,,
electricity.ember.lifecycle-intensity-by-country,CMR,2004,53.317,,,,final,,,
electricity.ember.lifecycle-intensity-by-country,CMR,2005,60.606,,,,final,,,
electricity.ember.lifecycle-intensity-by-country,CMR,2006,119.565,,,,final,,,
electricity.ember.lifecycle-intensity-by-country,CMR,2007,200.384,,,,final,,,
electricity.ember.lifecycle-intensity-by-country,CMR,2008,192.908,,,,final,,,
electricity.ember.lifecycle-intensity-by-country,CMR,2009,222.822,,,,final,,,
electricity.ember.lifecycle-intensity-by-country,CMR,2010,206.826,,,,final,,,
electricity.ember.lifecycle-intensity-by-country,CMR,2011,193.027,,,,final,,,
electricity.ember.lifecycle-intensity-by-country,CMR,2012,168.877,,,,final,,,
electricity.ember.lifecycle-intensity-by-country,CMR,2013,240.221,,,,final,,,
electricity.ember.lifecycle-intensity-by-country,CMR,2014,281.277,,,,final,,,
electricity.ember.lifecycle-intensity-by-country,CMR,2015,337.06,,,,final,,,
electricity.ember.lifecycle-intensity-by-country,CMR,2016,299.719,,,,final,,,
electricity.ember.lifecycle-intensity-by-country,CMR,2017,287.95,,,,final,,,
electricity.ember.lifecycle-intensity-by-country,CMR,2018,323.068,,,,final,,,
electricity.ember.lifecycle-intensity-by-country,CMR,2019,305.797,,,,final,,,
electricity.ember.lifecycle-intensity-by-country,CMR,2020,320.341,,,,final,,,
electricity.ember.lifecycle-intensity-by-country,CMR,2021,298.098,,,,final,,,
electricity.ember.lifecycle-intensity-by-country,CMR,2022,281.472,,,,final,,,
electricity.ember.lifecycle-intensity-by-country,CMR,2023,225.208,,,,final,,,
electricity.ember.lifecycle-intensity-by-country,CMR,2024,226.171,,,,final,,,
electricity.ember.lifecycle-intensity-by-country,COD,2000,23.737,,,,final,,,
electricity.ember.lifecycle-intensity-by-country,COD,2001,24.831,,,,final,,,
electricity.ember.lifecycle-intensity-by-country,COD,2002,24.752,,,,final,,,
electricity.ember.lifecycle-intensity-by-country,COD,2003,24.877,,,,final,,,
electricity.ember.lifecycle-intensity-by-country,COD,2004,24.644,,,,final,,,
electricity.ember.lifecycle-intensity-by-country,COD,2005,24.693,,,,final,,,
electricity.ember.lifecycle-intensity-by-country,COD,2006,27.6,,,,final,,,
electricity.ember.lifecycle-intensity-by-country,COD,2007,30.268,,,,final,,,
electricity.ember.lifecycle-intensity-by-country,COD,2008,31.425,,,,final,,,
electricity.ember.lifecycle-intensity-by-country,COD,2009,30.346,,,,final,,,
electricity.ember.lifecycle-intensity-by-country,COD,2010,30.268,,,,final,,,
electricity.ember.lifecycle-intensity-by-country,COD,2011,30.307,,,,final,,,
electricity.ember.lifecycle-intensity-by-country,COD,2012,24.601,,,,final,,,
electricity.ember.lifecycle-intensity-by-country,COD,2013,24.51,,,,final,,,
electricity.ember.lifecycle-intensity-by-country,COD,2014,24.371,,,,final,,,
electricity.ember.lifecycle-intensity-by-country,COD,2015,24.434,,,,final,,,
electricity.ember.lifecycle-intensity-by-country,COD,2016,24.501,,,,final,,,
electricity.ember.lifecycle-intensity-by-country,COD,2017,24.628,,,,final,,,
electricity.ember.lifecycle-intensity-by-country,COD,2018,24.57,,,,final,,,
electricity.ember.lifecycle-intensity-by-country,COD,2019,24.512,,,,final,,,
electricity.ember.lifecycle-intensity-by-country,COD,2020,24.5,,,,final,,,
electricity.ember.lifecycle-intensity-by-country,COD,2021,25.652,,,,final,,,
electricity.ember.lifecycle-intensity-by-country,COD,2022,27.172,,,,final,,,
electricity.ember.lifecycle-intensity-by-country,COD,2023,27.255,,,,final,,,
electricity.ember.lifecycle-intensity-by-country,COD,2024,27.638,,,,final,,,
electricity.ember.lifecycle-intensity-by-country,COG,2000,24.138,,,,final,,,
electricity.ember.lifecycle-intensity-by-country,COG,2001,24.242,,,,final,,,
electricity.ember.lifecycle-intensity-by-country,COG,2002,23.077,,,,final,,,
electricity.ember.lifecycle-intensity-by-country,COG,2003,157.5,,,,final,,,
electricity.ember.lifecycle-intensity-by-country,COG,2004,180.0,,,,final,,,
electricity.ember.lifecycle-intensity-by-country,COG,2005,188.372,,,,final,,,
electricity.ember.lifecycle-intensity-by-country,COG,2006,182.222,,,,final,,,
electricity.ember.lifecycle-intensity-by-country,COG,2007,180.0,,,,final,,,
electricity.ember.lifecycle-intensity-by-country,COG,2008,197.826,,,,final,,,
electricity.ember.lifecycle-intensity-by-country,COG,2009,361.111,,,,final,,,
electricity.ember.lifecycle-intensity-by-country,COG,2010,412.346,,,,final,,,
electricity.ember.lifecycle-intensity-by-country,COG,2011,365.649,,,,final,,,
electricity.ember.lifecycle-intensity-by-country,COG,2012,394.767,,,,final,,,
electricity.ember.lifecycle-intensity-by-country,COG,2013,408.092,,,,final,,,
electricity.ember.lifecycle-intensity-by-country,COG,2014,426.705,,,,final,,,
electricity.ember.lifecycle-intensity-by-country,COG,2015,536.559,,,,final,,,
electricity.ember.lifecycle-intensity-by-country,COG,2016,555.556,,,,final,,,
electricity.ember.lifecycle-intensity-by-country,COG,2017,541.946,,,,final,,,
electricity.ember.lifecycle-intensity-by-country,COG,2018,592.857,,,,final,,,
electricity.ember.lifecycle-intensity-by-country,COG,2019,656.555,,,,final,,,
electricity.ember.lifecycle-intensity-by-country,COG,2020,663.591,,,,final,,,
electricity.ember.lifecycle-intensity-by-country,COG,2021,669.1,,,,final,,,
electricity.ember.lifecycle-intensity-by-country,COG,2022,706.869,,,,final,,,
electricity.ember.lifecycle-intensity-by-country,COG,2023,691.978,,,,final,,,
electricity.ember.lifecycle-intensity-by-country,COG,2024,715.568,,,,final,,,
electricity.ember.lifecycle-intensity-by-country,COK,2000,666.667,,,,final,,,
electricity.ember.lifecycle-intensity-by-country,COK,2001,666.667,,,,final,,,
electricity.ember.lifecycle-intensity-by-country,COK,2002,666.667,,,,final,,,
electricity.ember.lifecycle-intensity-by-country,COK,2003,666.667,,,,final,,,
electricity.ember.lifecycle-intensity-by-country,COK,2004,666.667,,,,final,,,
electricity.ember.lifecycle-intensity-by-country,COK,2005,666.667,,,,final,,,
electricity.ember.lifecycle-intensity-by-country,COK,2006,666.667,,,,final,,,
electricity.ember.lifecycle-intensity-by-country,COK,2007,666.667,,,,final,,,
electricity.ember.lifecycle-intensity-by-country,COK,2008,666.667,,,,final,,,
electricity.ember.lifecycle-intensity-by-country,COK,2009,666.667,,,,final,,,
electricity.ember.lifecycle-intensity-by-country,COK,2010,666.667,,,,final,,,
electricity.ember.lifecycle-intensity-by-country,COK,2011,666.667,,,,final,,,
electricity.ember.lifecycle-intensity-by-country,COK,2012,666.667,,,,final,,,
electricity.ember.lifecycle-intensity-by-country,COK,2013,666.667,,,,final,,,
electricity.ember.lifecycle-intensity-by-country,COK,2014,666.667,,,,final,,,
electricity.ember.lifecycle-intensity-by-country,COK,2015,666.667,,,,final,,,
electricity.ember.lifecycle-intensity-by-country,COK,2016,666.667,,,,final,,,
electricity.ember.lifecycle-intensity-by-country,COK,2017,500.0,,,,final,,,
electricity.ember.lifecycle-intensity-by-country,COK,2018,420.0,,,,final,,,
electricity.ember.lifecycle-intensity-by-country,COK,2019,500.0,,,,final,,,
electricity.ember.lifecycle-intensity-by-country,COK,2020,500.0,,,,final,,,
electricity.ember.lifecycle-intensity-by-country,COK,2021,350.0,,,,final,,,
electricity.ember.lifecycle-intensity-by-country,COK,2022,350.0,,,,final,,,
electricity.ember.lifecycle-intensity-by-country,COK,2023,350.0,,,,final,,,
electricity.ember.lifecycle-intensity-by-country,COK,2024,350.0,,,,final,,,
electricity.ember.lifecycle-intensity-by-country,COL,2000,189.559,,,,final,,,
electricity.ember.lifecycle-intensity-by-country,COL,2001,197.705,,,,final,,,
electricity.ember.lifecycle-intensity-by-country,COL,2002,183.359,,,,final,,,
electricity.ember.lifecycle-intensity-by-country,COL,2003,172.078,,,,final,,,
electricity.ember.lifecycle-intensity-by-country,COL,2004,148.591,,,,final,,,
electricity.ember.lifecycle-intensity-by-country,COL,2005,159.992,,,,final,,,
electricity.ember.lifecycle-intensity-by-country,COL,2006,158.811,,,,final,,,
electricity.ember.lifecycle-intensity-by-country,COL,2007,154.955,,,,final,,,
electricity.ember.lifecycle-intensity-by-country,COL,2008,137.383,,,,final,,,
electricity.ember.lifecycle-intensity-by-country,COL,2009,211.383,,,,final,,,
electricity.ember.lifecycle-intensity-by-country,COL,2010,229.62,,,,final,,,
electricity.ember.lifecycle-intensity-by-country,COL,2011,151.524,,,,final,,,
electricity.ember.lifecycle-intensity-by-country,COL,2012,178.972,,,,final,,,
electricity.ember.lifecycle-intensity-by-country,COL,2013,235.913,,,,final,,,
electricity.ember.lifecycle-intensity-by-country,COL,2014,236.773,,,,final,,,
electricity.ember.lifecycle-intensity-by-country,COL,2015,275.311,,,,final,,,
electricity.ember.lifecycle-intensity-by-country,COL,2016,259.59,,,,final,,,
electricity.ember.lifecycle-intensity-by-country,COL,2017,166.165,,,,final,,,
electricity.ember.lifecycle-intensity-by-country,COL,2018,187.521,,,,final,,,
electricity.ember.lifecycle-intensity-by-country,COL,2019,240.861,,,,final,,,
electricity.ember.lifecycle-intensity-by-country,COL,2020,271.357,,,,final,,,
electricity.ember.lifecycle-intensity-by-country,COL,2021,195.839,,,,final,,,
electricity.ember.lifecycle-intensity-by-country,COL,2022,202.136,,,,final,,,
electricity.ember.lifecycle-intensity-by-country,COL,2023,259.531,,,,final,,,
electricity.ember.lifecycle-intensity-by-country,COL,2024,298.328,,,,final,,,
electricity.ember.lifecycle-intensity-by-country,COL,2025,190.119,,,,preliminary,"2025 is the latest year in Ember's file, which has no estimate flag; Ember's methodology says that for the most recent years it estimates annual generation from monthly data.",,
electricity.ember.lifecycle-intensity-by-country,COM,2000,666.667,,,,final,,,
electricity.ember.lifecycle-intensity-by-country,COM,2001,666.667,,,,final,,,
electricity.ember.lifecycle-intensity-by-country,COM,2002,666.667,,,,final,,,
electricity.ember.lifecycle-intensity-by-country,COM,2003,650.0,,,,final,,,
electricity.ember.lifecycle-intensity-by-country,COM,2004,650.0,,,,final,,,
electricity.ember.lifecycle-intensity-by-country,COM,2005,660.0,,,,final,,,
electricity.ember.lifecycle-intensity-by-country,COM,2006,660.0,,,,final,,,
electricity.ember.lifecycle-intensity-by-country,COM,2007,660.0,,,,final,,,
electricity.ember.lifecycle-intensity-by-country,COM,2008,650.0,,,,final,,,
electricity.ember.lifecycle-intensity-by-country,COM,2009,660.0,,,,final,,,
electricity.ember.lifecycle-intensity-by-country,COM,2010,650.0,,,,final,,,
electricity.ember.lifecycle-intensity-by-country,COM,2011,650.0,,,,final,,,
electricity.ember.lifecycle-intensity-by-country,COM,2012,650.0,,,,final,,,
electricity.ember.lifecycle-intensity-by-country,COM,2013,650.0,,,,final,,,
electricity.ember.lifecycle-intensity-by-country,COM,2014,660.0,,,,final,,,
electricity.ember.lifecycle-intensity-by-country,COM,2015,660.0,,,,final,,,
electricity.ember.lifecycle-intensity-by-country,COM,2016,650.0,,,,final,,,
electricity.ember.lifecycle-intensity-by-country,COM,2017,655.556,,,,final,,,
electricity.ember.lifecycle-intensity-by-country,COM,2018,660.0,,,,final,,,
electricity.ember.lifecycle-intensity-by-country,COM,2019,654.545,,,,final,,,
electricity.ember.lifecycle-intensity-by-country,COM,2020,661.538,,,,final,,,
electricity.ember.lifecycle-intensity-by-country,COM,2021,661.538,,,,final,,,
electricity.ember.lifecycle-intensity-by-country,COM,2022,657.143,,,,final,,,
electricity.ember.lifecycle-intensity-by-country,COM,2023,657.143,,,,final,,,
electricity.ember.lifecycle-intensity-by-country,CPV,2000,613.333,,,,final,,,
electricity.ember.lifecycle-intensity-by-country,CPV,2001,617.647,,,,final,,,
electricity.ember.lifecycle-intensity-by-country,CPV,2002,626.316,,,,final,,,
electricity.ember.lifecycle-intensity-by-country,CPV,2003,657.895,,,,final,,,
electricity.ember.lifecycle-intensity-by-country,CPV,2004,627.273,,,,final,,,
electricity.ember.lifecycle-intensity-by-country,CPV,2005,629.167,,,,final,,,
electricity.ember.lifecycle-intensity-by-country,CPV,2006,632.0,,,,final,,,
electricity.ember.lifecycle-intensity-by-country,CPV,2007,633.333,,,,final,,,
electricity.ember.lifecycle-intensity-by-country,CPV,2008,634.483,,,,final,,,
electricity.ember.lifecycle-intensity-by-country,CPV,2009,635.484,,,,final,,,
electricity.ember.lifecycle-intensity-by-country,CPV,2010,658.824,,,,final,,,
electricity.ember.lifecycle-intensity-by-country,CPV,2011,605.405,,,,final,,,
electricity.ember.lifecycle-intensity-by-country,CPV,2012,539.474,,,,final,,,
electricity.ember.lifecycle-intensity-by-country,CPV,2013,517.073,,,,final,,,
electricity.ember.lifecycle-intensity-by-country,CPV,2014,523.256,,,,final,,,
electricity.ember.lifecycle-intensity-by-country,CPV,2015,523.256,,,,final,,,
electricity.ember.lifecycle-intensity-by-country,CPV,2016,528.889,,,,final,,,
electricity.ember.lifecycle-intensity-by-country,CPV,2017,537.209,,,,final,,,
electricity.ember.lifecycle-intensity-by-country,CPV,2018,523.256,,,,final,,,
electricity.ember.lifecycle-intensity-by-country,CPV,2019,540.909,,,,final,,,
electricity.ember.lifecycle-intensity-by-country,CPV,2020,550.0,,,,final,,,
electricity.ember.lifecycle-intensity-by-country,CPV,2021,537.209,,,,final,,,
electricity.ember.lifecycle-intensity-by-country,CPV,2022,482.0,,,,final,,,
electricity.ember.lifecycle-intensity-by-country,CPV,2023,482.0,,,,final,,,
electricity.ember.lifecycle-intensity-by-country,CPV,2024,463.462,,,,final,,,
electricity.ember.lifecycle-intensity-by-country,CRI,2000,31.487,,,,final,,,
electricity.ember.lifecycle-intensity-by-country,CRI,2001,35.072,,,,final,,,
electricity.ember.lifecycle-intensity-by-country,CRI,2002,36.792,,,,final,,,
electricity.ember.lifecycle-intensity-by-country,CRI,2003,40.0,,,,final,,,
electricity.ember.lifecycle-intensity-by-country,CRI,2004,31.328,,,,final,,,
electricity.ember.lifecycle-intensity-by-country,CRI,2005,47.863,,,,final,,,
electricity.ember.lifecycle-intensity-by-country,CRI,2006,65.777,,,,final,,,
electricity.ember.lifecycle-intensity-by-country,CRI,2007,77.84,,,,final,,,
electricity.ember.lifecycle-intensity-by-country,CRI,2008,72.553,,,,final,,,
electricity.ember.lifecycle-intensity-by-country,CRI,2009,58.333,,,,final,,,
electricity.ember.lifecycle-intensity-by-country,CRI,2010,70.347,,,,final,,,
electricity.ember.lifecycle-intensity-by-country,CRI,2011,83.59,,,,final,,,
electricity.ember.lifecycle-intensity-by-country,CRI,2012,80.317,,,,final,,,
electricity.ember.lifecycle-intensity-by-country,CRI,2013,103.238,,,,final,,,
electricity.ember.lifecycle-intensity-by-country,CRI,2014,93.019,,,,final,,,
electricity.ember.lifecycle-intensity-by-country,CRI,2015,33.705,,,,final,,,
electricity.ember.lifecycle-intensity-by-country,CRI,2016,38.49,,,,final,,,
electricity.ember.lifecycle-intensity-by-country,CRI,2017,29.078,,,,final,,,
electricity.ember.lifecycle-intensity-by-country,CRI,2018,34.615,,,,final,,,
electricity.ember.lifecycle-intensity-by-country,CRI,2019,31.961,,,,final,,,
electricity.ember.lifecycle-intensity-by-country,CRI,2020,28.072,,,,final,,,
electricity.ember.lifecycle-intensity-by-country,CRI,2021,26.551,,,,final,,,
electricity.ember.lifecycle-intensity-by-country,CRI,2022,24.759,,,,final,,,
electricity.ember.lifecycle-intensity-by-country,CRI,2023,25.256,,,,final,,,
electricity.ember.lifecycle-intensity-by-country,CRI,2024,25.818,,,,final,,,
electricity.ember.lifecycle-intensity-by-country,CRI,2025,,,,,preliminary,"2025 is the latest year in Ember's file, which has no estimate flag; Ember's methodology says that for the most recent years it estimates annual generation from monthly data.","Not published: Ember's file gives negative generation for Costa Rica in 2025 (Other fossil -1.15 TWh), so its emissions intensity does not describe a generation mix.",
electricity.ember.lifecycle-intensity-by-country,CUB,2000,630.872,,,,final,,,
electricity.ember.lifecycle-intensity-by-country,CUB,2001,632.288,,,,final,,,
electricity.ember.lifecycle-intensity-by-country,CUB,2002,631.294,,,,final,,,
electricity.ember.lifecycle-intensity-by-country,CUB,2003,637.698,,,,final,,,
electricity.ember.lifecycle-intensity-by-country,CUB,2004,637.916,,,,final,,,
electricity.ember.lifecycle-intensity-by-country,CUB,2005,649.251,,,,final,,,
electricity.ember.lifecycle-intensity-by-country,CUB,2006,650.213,,,,final,,,
electricity.ember.lifecycle-intensity-by-country,CUB,2007,650.369,,,,final,,,
electricity.ember.lifecycle-intensity-by-country,CUB,2008,645.928,,,,final,,,
electricity.ember.lifecycle-intensity-by-country,CUB,2009,645.798,,,,final,,,
electricity.ember.lifecycle-intensity-by-country,CUB,2010,648.736,,,,final,,,
electricity.ember.lifecycle-intensity-by-country,CUB,2011,648.169,,,,final,,,
electricity.ember.lifecycle-intensity-by-country,CUB,2012,645.578,,,,final,,,
electricity.ember.lifecycle-intensity-by-country,CUB,2013,639.013,,,,final,,,
electricity.ember.lifecycle-intensity-by-country,CUB,2014,643.747,,,,final,,,
electricity.ember.lifecycle-intensity-by-country,CUB,2015,643.845,,,,final,,,
electricity.ember.lifecycle-intensity-by-country,CUB,2016,643.504,,,,final,,,
electricity.ember.lifecycle-intensity-by-country,CUB,2017,645.892,,,,final,,,
electricity.ember.lifecycle-intensity-by-country,CUB,2018,646.49,,,,final,,,
electricity.ember.lifecycle-intensity-by-country,CUB,2019,641.594,,,,final,,,
electricity.ember.lifecycle-intensity-by-country,CUB,2020,639.044,,,,final,,,
electricity.ember.lifecycle-intensity-by-country,CUB,2021,639.148,,,,final,,,
electricity.ember.lifecycle-intensity-by-country,CUB,2022,640.703,,,,final,,,
electricity.ember.lifecycle-intensity-by-country,CUB,2023,644.529,,,,final,,,
electricity.ember.lifecycle-intensity-by-country,CUB,2024,642.923,,,,final,,,
electricity.ember.lifecycle-intensity-by-country,CYM,2000,659.091,,,,final,,,
electricity.ember.lifecycle-intensity-by-country,CYM,2001,657.447,,,,final,,,
electricity.ember.lifecycle-intensity-by-country,CYM,2002,658.333,,,,final,,,
electricity.ember.lifecycle-intensity-by-country,CYM,2003,658.824,,,,final,,,
electricity.ember.lifecycle-intensity-by-country,CYM,2004,657.778,,,,final,,,
electricity.ember.lifecycle-intensity-by-country,CYM,2005,658.333,,,,final,,,
electricity.ember.lifecycle-intensity-by-country,CYM,2006,657.143,,,,final,,,
electricity.ember.lifecycle-intensity-by-country,CYM,2007,658.333,,,,final,,,
electricity.ember.lifecycle-intensity-by-country,CYM,2008,658.065,,,,final,,,
electricity.ember.lifecycle-intensity-by-country,CYM,2009,658.73,,,,final,,,
electricity.ember.lifecycle-intensity-by-country,CYM,2010,658.065,,,,final,,,
electricity.ember.lifecycle-intensity-by-country,CYM,2011,658.73,,,,final,,,
electricity.ember.lifecycle-intensity-by-country,CYM,2012,657.377,,,,final,,,
electricity.ember.lifecycle-intensity-by-country,CYM,2013,658.065,,,,final,,,
electricity.ember.lifecycle-intensity-by-country,CYM,2014,658.065,,,,final,,,
electricity.ember.lifecycle-intensity-by-country,CYM,2015,657.812,,,,final,,,
electricity.ember.lifecycle-intensity-by-country,CYM,2016,658.209,,,,final,,,
electricity.ember.lifecycle-intensity-by-country,CYM,2017,648.529,,,,final,,,
electricity.ember.lifecycle-intensity-by-country,CYM,2018,649.254,,,,final,,,
electricity.ember.lifecycle-intensity-by-country,CYM,2019,641.667,,,,final,,,
electricity.ember.lifecycle-intensity-by-country,CYM,2020,640.58,,,,final,,,
electricity.ember.lifecycle-intensity-by-country,CYM,2021,640.0,,,,final,,,
electricity.ember.lifecycle-intensity-by-country,CYM,2022,640.0,,,,final,,,
electricity.ember.lifecycle-intensity-by-country,CYM,2023,640.0,,,,final,,,
electricity.ember.lifecycle-intensity-by-country,CYM,2024,632.394,,,,final,,,
electricity.ember.lifecycle-intensity-by-country,CYP,2000,657.864,,,,final,,,
electricity.ember.lifecycle-intensity-by-country,CYP,2001,658.028,,,,final,,,
electricity.ember.lifecycle-intensity-by-country,CYP,2002,658.047,,,,final,,,
electricity.ember.lifecycle-intensity-by-country,CYP,2003,658.025,,,,final,,,
electricity.ember.lifecycle-intensity-by-country,CYP,2004,658.095,,,,final,,,
electricity.ember.lifecycle-intensity-by-country,CYP,2005,657.991,,,,final,,,
electricity.ember.lifecycle-intensity-by-country,CYP,2006,658.065,,,,final,,,
electricity.ember.lifecycle-intensity-by-country,CYP,2007,657.906,,,,final,,,
electricity.ember.lifecycle-intensity-by-country,CYP,2008,657.199,,,,final,,,
electricity.ember.lifecycle-intensity-by-country,CYP,2009,655.47,,,,final,,,
electricity.ember.lifecycle-intensity-by-country,CYP,2010,649.906,,,,final,,,
electricity.ember.lifecycle-intensity-by-country,CYP,2011,637.805,,,,final,,,
electricity.ember.lifecycle-intensity-by-country,CYP,2012,624.788,,,,final,,,
electricity.ember.lifecycle-intensity-by-country,CYP,2013,611.189,,,,final,,,
electricity.ember.lifecycle-intensity-by-country,CYP,2014,614.977,,,,final,,,
electricity.ember.lifecycle-intensity-by-country,CYP,2015,604.405,,,,final,,,
electricity.ember.lifecycle-intensity-by-country,CYP,2016,604.294,,,,final,,,
electricity.ember.lifecycle-intensity-by-country,CYP,2017,605.8,,,,final,,,
electricity.ember.lifecycle-intensity-by-country,CYP,2018,600.593,,,,final,,,
electricity.ember.lifecycle-intensity-by-country,CYP,2019,596.699,,,,final,,,
electricity.ember.lifecycle-intensity-by-country,CYP,2020,582.887,,,,final,,,
electricity.ember.lifecycle-intensity-by-country,CYP,2021,565.234,,,,final,,,
electricity.ember.lifecycle-intensity-by-country,CYP,2022,556.274,,,,final,,,
electricity.ember.lifecycle-intensity-by-country,CYP,2023,533.396,,,,final,,,
electricity.ember.lifecycle-intensity-by-country,CYP,2024,512.985,,,,final,,,
electricity.ember.lifecycle-intensity-by-country,CYP,2025,505.196,,,,preliminary,"2025 is the latest year in Ember's file, which has no estimate flag; Ember's methodology says that for the most recent years it estimates annual generation from monthly data.",,
electricity.ember.lifecycle-intensity-by-country,CZE,2000,767.051,,,,final,,,
electricity.ember.lifecycle-intensity-by-country,CZE,2001,751.886,,,,final,,,
electricity.ember.lifecycle-intensity-by-country,CZE,2002,699.303,,,,final,,,
electricity.ember.lifecycle-intensity-by-country,CZE,2003,651.89,,,,final,,,
electricity.ember.lifecycle-intensity-by-country,CZE,2004,640.243,,,,final,,,
electricity.ember.lifecycle-intensity-by-country,CZE,2005,646.625,,,,final,,,
electricity.ember.lifecycle-intensity-by-country,CZE,2006,634.007,,,,final,,,
electricity.ember.lifecycle-intensity-by-country,CZE,2007,652.227,,,,final,,,
electricity.ember.lifecycle-intensity-by-country,CZE,2008,627.546,,,,final,,,
electricity.ember.lifecycle-intensity-by-country,CZE,2009,603.148,,,,final,,,
electricity.ember.lifecycle-intensity-by-country,CZE,2010,593.558,,,,final,,,
electricity.ember.lifecycle-intensity-by-country,CZE,2011,583.633,,,,final,,,
electricity.ember.lifecycle-intensity-by-country,CZE,2012,552.714,,,,final,,,
electricity.ember.lifecycle-intensity-by-country,CZE,2013,527.424,,,,final,,,
electricity.ember.lifecycle-intensity-by-country,CZE,2014,530.631,,,,final,,,
electricity.ember.lifecycle-intensity-by-country,CZE,2015,553.025,,,,final,,,
electricity.ember.lifecycle-intensity-by-country,CZE,2016,573.756,,,,final,,,
electricity.ember.lifecycle-intensity-by-country,CZE,2017,542.514,,,,final,,,
electricity.ember.lifecycle-intensity-by-country,CZE,2018,532.704,,,,final,,,
electricity.ember.lifecycle-intensity-by-country,CZE,2019,503.465,,,,final,,,
electricity.ember.lifecycle-intensity-by-country,CZE,2020,460.2,,,,final,,,
electricity.ember.lifecycle-intensity-by-country,CZE,2021,471.683,,,,final,,,
electricity.ember.lifecycle-intensity-by-country,CZE,2022,488.427,,,,final,,,
electricity.ember.lifecycle-intensity-by-country,CZE,2023,442.586,,,,final,,,
electricity.ember.lifecycle-intensity-by-country,CZE,2024,414.181,,,,final,,,
electricity.ember.lifecycle-intensity-by-country,CZE,2025,,,,,preliminary,"2025 is the latest year in Ember's file, which has no estimate flag; Ember's methodology says that for the most recent years it estimates annual generation from monthly data.","Not published: Ember's file gives negative generation for Czechia in 2025 (Other renewables -0.111 TWh), so its emissions intensity does not describe a generation mix.",
electricity.ember.lifecycle-intensity-by-country,DEU,2000,573.152,,,,final,,,
electricity.ember.lifecycle-intensity-by-country,DEU,2001,565.489,,,,final,,,
electricity.ember.lifecycle-intensity-by-country,DEU,2002,569.606,,,,final,,,
electricity.ember.lifecycle-intensity-by-country,DEU,2003,570.006,,,,final,,,
electricity.ember.lifecycle-intensity-by-country,DEU,2004,554.706,,,,final,,,
electricity.ember.lifecycle-intensity-by-country,DEU,2005,546.297,,,,final,,,
electricity.ember.lifecycle-intensity-by-country,DEU,2006,536.209,,,,final,,,
electricity.ember.lifecycle-intensity-by-country,DEU,2007,551.803,,,,final,,,
electricity.ember.lifecycle-intensity-by-country,DEU,2008,525.4,,,,final,,,
electricity.ember.lifecycle-intensity-by-country,DEU,2009,521.552,,,,final,,,
electricity.ember.lifecycle-intensity-by-country,DEU,2010,516.651,,,,final,,,
electricity.ember.lifecycle-intensity-by-country,DEU,2011,529.671,,,,final,,,
electricity.ember.lifecycle-intensity-by-country,DEU,2012,534.148,,,,final,,,
electricity.ember.lifecycle-intensity-by-country,DEU,2013,538.03,,,,final,,,
electricity.ember.lifecycle-intensity-by-country,DEU,2014,521.697,,,,final,,,
electricity.ember.lifecycle-intensity-by-country,DEU,2015,503.592,,,,final,,,
electricity.ember.lifecycle-intensity-by-country,DEU,2016,498.307,,,,final,,,
electricity.ember.lifecycle-intensity-by-country,DEU,2017,469.705,,,,final,,,
electricity.ember.lifecycle-intensity-by-country,DEU,2018,454.522,,,,final,,,
electricity.ember.lifecycle-intensity-by-country,DEU,2019,392.484,,,,final,,,
electricity.ember.lifecycle-intensity-by-country,DEU,2020,355.628,,,,final,,,
electricity.ember.lifecycle-intensity-by-country,DEU,2021,394.651,,,,final,,,
electricity.ember.lifecycle-intensity-by-country,DEU,2022,419.708,,,,final,,,
electricity.ember.lifecycle-intensity-by-country,DEU,2023,363.587,,,,final,,,
electricity.ember.lifecycle-intensity-by-country,DEU,2024,339.873,,,,final,,,
electricity.ember.lifecycle-intensity-by-country,DEU,2025,334.117,,,,preliminary,"2025 is the latest year in Ember's file, which has no estimate flag; Ember's methodology says that for the most recent years it estimates annual generation from monthly data.",,
electricity.ember.lifecycle-intensity-by-country,DJI,2000,655.556,,,,final,,,
electricity.ember.lifecycle-intensity-by-country,DJI,2001,657.895,,,,final,,,
electricity.ember.lifecycle-intensity-by-country,DJI,2002,660.0,,,,final,,,
electricity.ember.lifecycle-intensity-by-country,DJI,2003,660.0,,,,final,,,
electricity.ember.lifecycle-intensity-by-country,DJI,2004,659.091,,,,final,,,
electricity.ember.lifecycle-intensity-by-country,DJI,2005,656.667,,,,final,,,
electricity.ember.lifecycle-intensity-by-country,DJI,2006,658.065,,,,final,,,
electricity.ember.lifecycle-intensity-by-country,DJI,2007,659.375,,,,final,,,
electricity.ember.lifecycle-intensity-by-country,DJI,2008,658.824,,,,final,,,
electricity.ember.lifecycle-intensity-by-country,DJI,2009,657.143,,,,final,,,
electricity.ember.lifecycle-intensity-by-country,DJI,2010,657.895,,,,final,,,
electricity.ember.lifecycle-intensity-by-country,DJI,2011,658.974,,,,final,,,
electricity.ember.lifecycle-intensity-by-country,DJI,2012,658.974,,,,final,,,
electricity.ember.lifecycle-intensity-by-country,DJI,2013,658.14,,,,final,,,
electricity.ember.lifecycle-intensity-by-country,DJI,2014,660.0,,,,final,,,
electricity.ember.lifecycle-intensity-by-country,DJI,2015,655.556,,,,final,,,
electricity.ember.lifecycle-intensity-by-country,DJI,2016,655.556,,,,final,,,
electricity.ember.lifecycle-intensity-by-country,DJI,2017,650.0,,,,final,,,
electricity.ember.lifecycle-intensity-by-country,DJI,2018,660.0,,,,final,,,
electricity.ember.lifecycle-intensity-by-country,DJI,2019,655.556,,,,final,,,
electricity.ember.lifecycle-intensity-by-country,DJI,2020,661.538,,,,final,,,
electricity.ember.lifecycle-intensity-by-country,DJI,2021,430.0,,,,final,,,
electricity.ember.lifecycle-intensity-by-country,DJI,2022,430.0,,,,final,,,
electricity.ember.lifecycle-intensity-by-country,DJI,2023,430.0,,,,final,,,
electricity.ember.lifecycle-intensity-by-country,DJI,2024,430.0,,,,final,,,
electricity.ember.lifecycle-intensity-by-country,DMA,2000,425.0,,,,final,,,
electricity.ember.lifecycle-intensity-by-country,DMA,2001,425.0,,,,final,,,
electricity.ember.lifecycle-intensity-by-country,DMA,2002,385.714,,,,final,,,
electricity.ember.lifecycle-intensity-by-country,DMA,2003,425.0,,,,final,,,
electricity.ember.lifecycle-intensity-by-country,DMA,2004,481.818,,,,final,,,
electricity.ember.lifecycle-intensity-by-country,DMA,2005,500.0,,,,final,,,
electricity.ember.lifecycle-intensity-by-country,DMA,2006,500.0,,,,final,,,
electricity.ember.lifecycle-intensity-by-country,DMA,2007,550.0,,,,final,,,
electricity.ember.lifecycle-intensity-by-country,DMA,2008,561.538,,,,final,,,
electricity.ember.lifecycle-intensity-by-country,DMA,2009,561.538,,,,final,,,
electricity.ember.lifecycle-intensity-by-country,DMA,2010,564.286,,,,final,,,
electricity.ember.lifecycle-intensity-by-country,DMA,2011,486.667,,,,final,,,
electricity.ember.lifecycle-intensity-by-country,DMA,2012,533.333,,,,final,,,
electricity.ember.lifecycle-intensity-by-country,DMA,2013,486.667,,,,final,,,
electricity.ember.lifecycle-intensity-by-country,DMA,2014,533.333,,,,final,,,
electricity.ember.lifecycle-intensity-by-country,DMA,2015,573.333,,,,final,,,
electricity.ember.lifecycle-intensity-by-country,DMA,2016,500.0,,,,final,,,
electricity.ember.lifecycle-intensity-by-country,DMA,2017,515.385,,,,final,,,
electricity.ember.lifecycle-intensity-by-country,DMA,2018,545.455,,,,final,,,
electricity.ember.lifecycle-intensity-by-country,DMA,2019,564.286,,,,final,,,
electricity.ember.lifecycle-intensity-by-country,DMA,2020,564.286,,,,final,,,
electricity.ember.lifecycle-intensity-by-country,DMA,2021,564.286,,,,final,,,
electricity.ember.lifecycle-intensity-by-country,DMA,2022,573.333,,,,final,,,
electricity.ember.lifecycle-intensity-by-country,DMA,2023,573.333,,,,final,,,
electricity.ember.lifecycle-intensity-by-country,DNK,2000,627.95,,,,final,,,
electricity.ember.lifecycle-intensity-by-country,DNK,2001,630.581,,,,final,,,
electricity.ember.lifecycle-intensity-by-country,DNK,2002,618.721,,,,final,,,
electricity.ember.lifecycle-intensity-by-country,DNK,2003,651.468,,,,final,,,
electricity.ember.lifecycle-intensity-by-country,DNK,2004,581.188,,,,final,,,
electricity.ember.lifecycle-intensity-by-country,DNK,2005,552.827,,,,final,,,
electricity.ember.lifecycle-intensity-by-country,DNK,2006,635.541,,,,final,,,
electricity.ember.lifecycle-intensity-by-country,DNK,2007,597.036,,,,final,,,
electricity.ember.lifecycle-intensity-by-country,DNK,2008,577.22,,,,final,,,
electricity.ember.lifecycle-intensity-by-country,DNK,2009,583.034,,,,final,,,
electricity.ember.lifecycle-intensity-by-country,DNK,2010,540.335,,,,final,,,
electricity.ember.lifecycle-intensity-by-country,DNK,2011,486.67,,,,final,,,
electricity.ember.lifecycle-intensity-by-country,DNK,2012,431.371,,,,final,,,
electricity.ember.lifecycle-intensity-by-country,DNK,2013,472.551,,,,final,,,
electricity.ember.lifecycle-intensity-by-country,DNK,2014,400.156,,,,final,,,
electricity.ember.lifecycle-intensity-by-country,DNK,2015,313.69,,,,final,,,
electricity.ember.lifecycle-intensity-by-country,DNK,2016,360.724,,,,final,,,
electricity.ember.lifecycle-intensity-by-country,DNK,2017,282.524,,,,final,,,
electricity.ember.lifecycle-intensity-by-country,DNK,2018,297.054,,,,final,,,
electricity.ember.lifecycle-intensity-by-country,DNK,2019,204.154,,,,final,,,
electricity.ember.lifecycle-intensity-by-country,DNK,2020,188.663,,,,final,,,
electricity.ember.lifecycle-intensity-by-country,DNK,2021,223.056,,,,final,,,
electricity.ember.lifecycle-intensity-by-country,DNK,2022,203.84,,,,final,,,
electricity.ember.lifecycle-intensity-by-country,DNK,2023,152.611,,,,final,,,
electricity.ember.lifecycle-intensity-by-country,DNK,2024,132.167,,,,final,,,
electricity.ember.lifecycle-intensity-by-country,DNK,2025,99.887,,,,preliminary,"2025 is the latest year in Ember's file, which has no estimate flag; Ember's methodology says that for the most recent years it estimates annual generation from monthly data.",,
electricity.ember.lifecycle-intensity-by-country,DOM,2000,615.988,,,,final,,,
electricity.ember.lifecycle-intensity-by-country,DOM,2001,620.249,,,,final,,,
electricity.ember.lifecycle-intensity-by-country,DOM,2002,621.942,,,,final,,,
electricity.ember.lifecycle-intensity-by-country,DOM,2003,611.566,,,,final,,,
electricity.ember.lifecycle-intensity-by-country,DOM,2004,583.943,,,,final,,,
electricity.ember.lifecycle-intensity-by-country,DOM,2005,574.438,,,,final,,,
electricity.ember.lifecycle-intensity-by-country,DOM,2006,588.235,,,,final,,,
electricity.ember.lifecycle-intensity-by-country,DOM,2007,588.95,,,,final,,,
electricity.ember.lifecycle-intensity-by-country,DOM,2008,601.506,,,,final,,,
electricity.ember.lifecycle-intensity-by-country,DOM,2009,594.4,,,,final,,,
electricity.ember.lifecycle-intensity-by-country,DOM,2010,589.31,,,,final,,,
electricity.ember.lifecycle-intensity-by-country,DOM,2011,590.419,,,,final,,,
electricity.ember.lifecycle-intensity-by-country,DOM,2012,582.604,,,,final,,,
electricity.ember.lifecycle-intensity-by-country,DOM,2013,571.445,,,,final,,,
electricity.ember.lifecycle-intensity-by-country,DOM,2014,593.519,,,,final,,,
electricity.ember.lifecycle-intensity-by-country,DOM,2015,606.389,,,,final,,,
electricity.ember.lifecycle-intensity-by-country,DOM,2016,590.096,,,,final,,,
electricity.ember.lifecycle-intensity-by-country,DOM,2017,550.833,,,,final,,,
electricity.ember.lifecycle-intensity-by-country,DOM,2018,566.327,,,,final,,,
electricity.ember.lifecycle-intensity-by-country,DOM,2019,582.331,,,,final,,,
electricity.ember.lifecycle-intensity-by-country,DOM,2020,581.426,,,,final,,,
electricity.ember.lifecycle-intensity-by-country,DOM,2021,558.609,,,,final,,,
electricity.ember.lifecycle-intensity-by-country,DOM,2022,580.108,,,,final,,,
electricity.ember.lifecycle-intensity-by-country,DOM,2023,579.642,,,,final,,,
electricity.ember.lifecycle-intensity-by-country,DOM,2024,567.333,,,,final,,,
electricity.ember.lifecycle-intensity-by-country,DOM,2025,538.026,,,,preliminary,"2025 is the latest year in Ember's file, which has no estimate flag; Ember's methodology says that for the most recent years it estimates annual generation from monthly data.",,
electricity.ember.lifecycle-intensity-by-country,DZA,2000,638.465,,,,final,,,
electricity.ember.lifecycle-intensity-by-country,DZA,2001,638.054,,,,final,,,
electricity.ember.lifecycle-intensity-by-country,DZA,2002,638.192,,,,final,,,
electricity.ember.lifecycle-intensity-by-country,DZA,2003,634.156,,,,final,,,
electricity.ember.lifecycle-intensity-by-country,DZA,2004,634.624,,,,final,,,
electricity.ember.lifecycle-intensity-by-country,DZA,2005,629.549,,,,final,,,
electricity.ember.lifecycle-intensity-by-country,DZA,2006,635.68,,,,final,,,
electricity.ember.lifecycle-intensity-by-country,DZA,2007,635.87,,,,final,,,
electricity.ember.lifecycle-intensity-by-country,DZA,2008,635.198,,,,final,,,
electricity.ember.lifecycle-intensity-by-country,DZA,2009,634.623,,,,final,,,
electricity.ember.lifecycle-intensity-by-country,DZA,2010,637.218,,,,final,,,
electricity.ember.lifecycle-intensity-by-country,DZA,2011,633.503,,,,final,,,
electricity.ember.lifecycle-intensity-by-country,DZA,2012,632.822,,,,final,,,
electricity.ember.lifecycle-intensity-by-country,DZA,2013,636.016,,,,final,,,
electricity.ember.lifecycle-intensity-by-country,DZA,2014,636.922,,,,final,,,
electricity.ember.lifecycle-intensity-by-country,DZA,2015,637.435,,,,final,,,
electricity.ember.lifecycle-intensity-by-country,DZA,2016,636.472,,,,final,,,
electricity.ember.lifecycle-intensity-by-country,DZA,2017,634.205,,,,final,,,
electricity.ember.lifecycle-intensity-by-country,DZA,2018,632.86,,,,final,,,
electricity.ember.lifecycle-intensity-by-country,DZA,2019,632.851,,,,final,,,
electricity.ember.lifecycle-intensity-by-country,DZA,2020,632.632,,,,final,,,
electricity.ember.lifecycle-intensity-by-country,DZA,2021,633.598,,,,final,,,
electricity.ember.lifecycle-intensity-by-country,DZA,2022,633.629,,,,final,,,
electricity.ember.lifecycle-intensity-by-country,DZA,2023,633.552,,,,final,,,
electricity.ember.lifecycle-intensity-by-country,DZA,2024,632.846,,,,final,,,
electricity.ember.lifecycle-intensity-by-country,ECU,2000,204.463,,,,final,,,
electricity.ember.lifecycle-intensity-by-country,ECU,2001,253.643,,,,final,,,
electricity.ember.lifecycle-intensity-by-country,ECU,2002,262.066,,,,final,,,
electricity.ember.lifecycle-intensity-by-country,ECU,2003,273.606,,,,final,,,
electricity.ember.lifecycle-intensity-by-country,ECU,2004,304.297,,,,final,,,
electricity.ember.lifecycle-intensity-by-country,ECU,2005,327.69,,,,final,,,
electricity.ember.lifecycle-intensity-by-country,ECU,2006,352.486,,,,final,,,
electricity.ember.lifecycle-intensity-by-country,ECU,2007,340.464,,,,final,,,
electricity.ember.lifecycle-intensity-by-country,ECU,2008,283.613,,,,final,,,
electricity.ember.lifecycle-intensity-by-country,ECU,2009,349.449,,,,final,,,
electricity.ember.lifecycle-intensity-by-country,ECU,2010,389.959,,,,final,,,
electricity.ember.lifecycle-intensity-by-country,ECU,2011,325.453,,,,final,,,
electricity.ember.lifecycle-intensity-by-country,ECU,2012,330.048,,,,final,,,
electricity.ember.lifecycle-intensity-by-country,ECU,2013,368.826,,,,final,,,
electricity.ember.lifecycle-intensity-by-country,ECU,2014,369.326,,,,final,,,
electricity.ember.lifecycle-intensity-by-country,ECU,2015,345.761,,,,final,,,
electricity.ember.lifecycle-intensity-by-country,ECU,2016,288.733,,,,final,,,
electricity.ember.lifecycle-intensity-by-country,ECU,2017,201.294,,,,final,,,
electricity.ember.lifecycle-intensity-by-country,ECU,2018,210.127,,,,final,,,
electricity.ember.lifecycle-intensity-by-country,ECU,2019,171.741,,,,final,,,
electricity.ember.lifecycle-intensity-by-country,ECU,2020,159.54,,,,final,,,
electricity.ember.lifecycle-intensity-by-country,ECU,2021,149.097,,,,final,,,
electricity.ember.lifecycle-intensity-by-country,ECU,2022,181.397,,,,final,,,
electricity.ember.lifecycle-intensity-by-country,ECU,2023,195.84,,,,final,,,
electricity.ember.lifecycle-intensity-by-country,ECU,2024,203.735,,,,final,,,
electricity.ember.lifecycle-intensity-by-country,ECU,2025,158.798,,,,preliminary,"2025 is the latest year in Ember's file, which has no estimate flag; Ember's methodology says that for the most recent years it estimates annual generation from monthly data.",,
electricity.ember.lifecycle-intensity-by-country,EGY,2000,525.627,,,,final,,,
electricity.ember.lifecycle-intensity-by-country,EGY,2001,533.924,,,,final,,,
electricity.ember.lifecycle-intensity-by-country,EGY,2002,543.094,,,,final,,,
electricity.ember.lifecycle-intensity-by-country,EGY,2003,556.069,,,,final,,,
electricity.ember.lifecycle-intensity-by-country,EGY,2004,560.02,,,,final,,,
electricity.ember.lifecycle-intensity-by-country,EGY,2005,567.01,,,,final,,,
electricity.ember.lifecycle-intensity-by-country,EGY,2006,570.231,,,,final,,,
electricity.ember.lifecycle-intensity-by-country,EGY,2007,567.537,,,,final,,,
electricity.ember.lifecycle-intensity-by-country,EGY,2008,567.438,,,,final,,,
electricity.ember.lifecycle-intensity-by-country,EGY,2009,576.428,,,,final,,,
electricity.ember.lifecycle-intensity-by-country,EGY,2010,582.746,,,,final,,,
electricity.ember.lifecycle-intensity-by-country,EGY,2011,583.184,,,,final,,,
electricity.ember.lifecycle-intensity-by-country,EGY,2012,587.878,,,,final,,,
electricity.ember.lifecycle-intensity-by-country,EGY,2013,589.139,,,,final,,,
electricity.ember.lifecycle-intensity-by-country,EGY,2014,591.877,,,,final,,,
electricity.ember.lifecycle-intensity-by-country,EGY,2015,592.24,,,,final,,,
electricity.ember.lifecycle-intensity-by-country,EGY,2016,592.986,,,,final,,,
electricity.ember.lifecycle-intensity-by-country,EGY,2017,594.736,,,,final,,,
electricity.ember.lifecycle-intensity-by-country,EGY,2018,592.377,,,,final,,,
electricity.ember.lifecycle-intensity-by-country,EGY,2019,582.475,,,,final,,,
electricity.ember.lifecycle-intensity-by-country,EGY,2020,569.134,,,,final,,,
electricity.ember.lifecycle-intensity-by-country,EGY,2021,568.082,,,,final,,,
electricity.ember.lifecycle-intensity-by-country,EGY,2022,569.998,,,,final,,,
electricity.ember.lifecycle-intensity-by-country,EGY,2023,571.278,,,,final,,,
electricity.ember.lifecycle-intensity-by-country,EGY,2024,574.506,,,,final,,,
electricity.ember.lifecycle-intensity-by-country,EGY,2025,563.255,,,,preliminary,"2025 is the latest year in Ember's file, which has no estimate flag; Ember's methodology says that for the most recent years it estimates annual generation from monthly data.",,
electricity.ember.lifecycle-intensity-by-country,ERI,2000,657.143,,,,final,,,
electricity.ember.lifecycle-intensity-by-country,ERI,2001,656.522,,,,final,,,
electricity.ember.lifecycle-intensity-by-country,ERI,2002,657.692,,,,final,,,
electricity.ember.lifecycle-intensity-by-country,ERI,2003,657.143,,,,final,,,
electricity.ember.lifecycle-intensity-by-country,ERI,2004,657.143,,,,final,,,
electricity.ember.lifecycle-intensity-by-country,ERI,2005,658.621,,,,final,,,
electricity.ember.lifecycle-intensity-by-country,ERI,2006,659.259,,,,final,,,
electricity.ember.lifecycle-intensity-by-country,ERI,2007,658.621,,,,final,,,
electricity.ember.lifecycle-intensity-by-country,ERI,2008,657.143,,,,final,,,
electricity.ember.lifecycle-intensity-by-country,ERI,2009,658.621,,,,final,,,
electricity.ember.lifecycle-intensity-by-country,ERI,2010,658.065,,,,final,,,
electricity.ember.lifecycle-intensity-by-country,ERI,2011,659.375,,,,final,,,
electricity.ember.lifecycle-intensity-by-country,ERI,2012,659.375,,,,final,,,
electricity.ember.lifecycle-intensity-by-country,ERI,2013,659.259,,,,final,,,
electricity.ember.lifecycle-intensity-by-country,ERI,2014,659.259,,,,final,,,
electricity.ember.lifecycle-intensity-by-country,ERI,2015,657.692,,,,final,,,
electricity.ember.lifecycle-intensity-by-country,ERI,2016,659.259,,,,final,,,
electricity.ember.lifecycle-intensity-by-country,ERI,2017,641.176,,,,final,,,
electricity.ember.lifecycle-intensity-by-country,ERI,2018,579.487,,,,final,,,
electricity.ember.lifecycle-intensity-by-country,ERI,2019,582.5,,,,final,,,
electricity.ember.lifecycle-intensity-by-country,ERI,2020,582.927,,,,final,,,
electricity.ember.lifecycle-intensity-by-country,ERI,2021,585.714,,,,final,,,
electricity.ember.lifecycle-intensity-by-country,ERI,2022,588.636,,,,final,,,
electricity.ember.lifecycle-intensity-by-country,ERI,2023,595.918,,,,final,,,
electricity.ember.lifecycle-intensity-by-country,ERI,2024,591.111,,,,final,,,
electricity.ember.lifecycle-intensity-by-country,ESP,2000,470.872,,,,final,,,
electricity.ember.lifecycle-intensity-by-country,ESP,2001,422.487,,,,final,,,
electricity.ember.lifecycle-intensity-by-country,ESP,2002,481.943,,,,final,,,
electricity.ember.lifecycle-intensity-by-country,ESP,2003,429.203,,,,final,,,
electricity.ember.lifecycle-intensity-by-country,ESP,2004,449.127,,,,final,,,
electricity.ember.lifecycle-intensity-by-country,ESP,2005,475.074,,,,final,,,
electricity.ember.lifecycle-intensity-by-country,ESP,2006,432.714,,,,final,,,
electricity.ember.lifecycle-intensity-by-country,ESP,2007,438.79,,,,final,,,
electricity.ember.lifecycle-intensity-by-country,ESP,2008,390.264,,,,final,,,
electricity.ember.lifecycle-intensity-by-country,ESP,2009,355.05,,,,final,,,
electricity.ember.lifecycle-intensity-by-country,ESP,2010,288.23,,,,final,,,
electricity.ember.lifecycle-intensity-by-country,ESP,2011,337.244,,,,final,,,
electricity.ember.lifecycle-intensity-by-country,ESP,2012,351.094,,,,final,,,
electricity.ember.lifecycle-intensity-by-country,ESP,2013,286.897,,,,final,,,
electricity.ember.lifecycle-intensity-by-country,ESP,2014,288.992,,,,final,,,
electricity.ember.lifecycle-intensity-by-country,ESP,2015,328.43,,,,final,,,
electricity.ember.lifecycle-intensity-by-country,ESP,2016,282.966,,,,final,,,
electricity.ember.lifecycle-intensity-by-country,ESP,2017,329.231,,,,final,,,
electricity.ember.lifecycle-intensity-by-country,ESP,2018,290.847,,,,final,,,
electricity.ember.lifecycle-intensity-by-country,ESP,2019,246.692,,,,final,,,
electricity.ember.lifecycle-intensity-by-country,ESP,2020,199.175,,,,final,,,
electricity.ember.lifecycle-intensity-by-country,ESP,2021,193.551,,,,final,,,
electricity.ember.lifecycle-intensity-by-country,ESP,2022,217.123,,,,final,,,
electricity.ember.lifecycle-intensity-by-country,ESP,2023,169.661,,,,final,,,
electricity.ember.lifecycle-intensity-by-country,ESP,2024,146.258,,,,final,,,
electricity.ember.lifecycle-intensity-by-country,ESP,2025,,,,,preliminary,"2025 is the latest year in Ember's file, which has no estimate flag; Ember's methodology says that for the most recent years it estimates annual generation from monthly data.","Not published: Ember's file gives negative generation for Spain in 2025 (Other renewables -0.045 TWh), so its emissions intensity does not describe a generation mix.",
electricity.ember.lifecycle-intensity-by-country,EST,2000,634.313,,,,final,,,
electricity.ember.lifecycle-intensity-by-country,EST,2001,633.451,,,,final,,,
electricity.ember.lifecycle-intensity-by-country,EST,2002,635.756,,,,final,,,
electricity.ember.lifecycle-intensity-by-country,EST,2003,639.272,,,,final,,,
electricity.ember.lifecycle-intensity-by-country,EST,2004,639.185,,,,final,,,
electricity.ember.lifecycle-intensity-by-country,EST,2005,634.412,,,,final,,,
electricity.ember.lifecycle-intensity-by-country,EST,2006,631.963,,,,final,,,
electricity.ember.lifecycle-intensity-by-country,EST,2007,641.954,,,,final,,,
electricity.ember.lifecycle-intensity-by-country,EST,2008,633.554,,,,final,,,
electricity.ember.lifecycle-intensity-by-country,EST,2009,621.412,,,,final,,,
electricity.ember.lifecycle-intensity-by-country,EST,2010,609.792,,,,final,,,
electricity.ember.lifecycle-intensity-by-country,EST,2011,604.888,,,,final,,,
electricity.ember.lifecycle-intensity-by-country,EST,2012,592.14,,,,final,,,
electricity.ember.lifecycle-intensity-by-country,EST,2013,606.476,,,,final,,,
electricity.ember.lifecycle-intensity-by-country,EST,2014,596.707,,,,final,,,
electricity.ember.lifecycle-intensity-by-country,EST,2015,573.3,,,,final,,,
electricity.ember.lifecycle-intensity-by-country,EST,2016,587.757,,,,final,,,
electricity.ember.lifecycle-intensity-by-country,EST,2017,582.675,,,,final,,,
electricity.ember.lifecycle-intensity-by-country,EST,2018,574.212,,,,final,,,
electricity.ember.lifecycle-intensity-by-country,EST,2019,511.432,,,,final,,,
electricity.ember.lifecycle-intensity-by-country,EST,2020,404.441,,,,final,,,
electricity.ember.lifecycle-intensity-by-country,EST,2021,450.348,,,,final,,,
electricity.ember.lifecycle-intensity-by-country,EST,2022,487.472,,,,final,,,
electricity.ember.lifecycle-intensity-by-country,EST,2023,395.296,,,,final,,,
electricity.ember.lifecycle-intensity-by-country,EST,2024,344.165,,,,final,,,
electricity.ember.lifecycle-intensity-by-country,EST,2025,,,,,preliminary,"2025 is the latest year in Ember's file, which has no estimate flag; Ember's methodology says that for the most recent years it estimates annual generation from monthly data.","Not published: Ember's file gives negative generation for Estonia in 2025 (Other renewables -0.001 TWh), so its emissions intensity does not describe a generation mix.",
electricity.ember.lifecycle-intensity-by-country,ETH,2000,36.095,,,,final,,,
electricity.ember.lifecycle-intensity-by-country,ETH,2001,34.804,,,,final,,,
electricity.ember.lifecycle-intensity-by-country,ETH,2002,33.495,,,,final,,,
electricity.ember.lifecycle-intensity-by-country,ETH,2003,33.476,,,,final,,,
electricity.ember.lifecycle-intensity-by-country,ETH,2004,32.296,,,,final,,,
electricity.ember.lifecycle-intensity-by-country,ETH,2005,29.861,,,,final,,,
electricity.ember.lifecycle-intensity-by-country,ETH,2006,31.118,,,,final,,,
electricity.ember.lifecycle-intensity-by-country,ETH,2007,33.528,,,,final,,,
electricity.ember.lifecycle-intensity-by-country,ETH,2008,28.529,,,,final,,,
electricity.ember.lifecycle-intensity-by-country,ETH,2009,37.017,,,,final,,,
electricity.ember.lifecycle-intensity-by-country,ETH,2010,32.535,,,,final,,,
electricity.ember.lifecycle-intensity-by-country,ETH,2011,30.284,,,,final,,,
electricity.ember.lifecycle-intensity-by-country,ETH,2012,26.156,,,,final,,,
electricity.ember.lifecycle-intensity-by-country,ETH,2013,24.567,,,,final,,,
electricity.ember.lifecycle-intensity-by-country,ETH,2014,23.654,,,,final,,,
electricity.ember.lifecycle-intensity-by-country,ETH,2015,23.292,,,,final,,,
electricity.ember.lifecycle-intensity-by-country,ETH,2016,23.416,,,,final,,,
electricity.ember.lifecycle-intensity-by-country,ETH,2017,23.552,,,,final,,,
electricity.ember.lifecycle-intensity-by-country,ETH,2018,23.682,,,,final,,,
electricity.ember.lifecycle-intensity-by-country,ETH,2019,23.775,,,,final,,,
electricity.ember.lifecycle-intensity-by-country,ETH,2020,24.008,,,,final,,,
electricity.ember.lifecycle-intensity-by-country,ETH,2021,23.321,,,,final,,,
electricity.ember.lifecycle-intensity-by-country,ETH,2022,23.492,,,,final,,,
electricity.ember.lifecycle-intensity-by-country,ETH,2023,23.523,,,,final,,,
electricity.ember.lifecycle-intensity-by-country,ETH,2024,23.492,,,,final,,,
electricity.ember.lifecycle-intensity-by-country,ETH,2025,23.404,,,,preliminary,"2025 is the latest year in Ember's file, which has no estimate flag; Ember's methodology says that for the most recent years it estimates annual generation from monthly data.",,
electricity.ember.lifecycle-intensity-by-country,FIN,2000,246.663,,,,final,,,
electricity.ember.lifecycle-intensity-by-country,FIN,2001,284.876,,,,final,,,
electricity.ember.lifecycle-intensity-by-country,FIN,2002,316.177,,,,final,,,
electricity.ember.lifecycle-intensity-by-country,FIN,2003,371.369,,,,final,,,
electricity.ember.lifecycle-intensity-by-country,FIN,2004,325.361,,,,final,,,
electricity.ember.lifecycle-intensity-by-country,FIN,2005,230.811,,,,final,,,
electricity.ember.lifecycle-intensity-by-country,FIN,2006,335.873,,,,final,,,
electricity.ember.lifecycle-intensity-by-country,FIN,2007,309.191,,,,final,,,
electricity.ember.lifecycle-intensity-by-country,FIN,2008,246.18,,,,final,,,
electricity.ember.lifecycle-intensity-by-country,FIN,2009,276.131,,,,final,,,
electricity.ember.lifecycle-intensity-by-country,FIN,2010,314.856,,,,final,,,
electricity.ember.lifecycle-intensity-by-country,FIN,2011,268.095,,,,final,,,
electricity.ember.lifecycle-intensity-by-country,FIN,2012,215.197,,,,final,,,
electricity.ember.lifecycle-intensity-by-country,FIN,2013,257.48,,,,final,,,
electricity.ember.lifecycle-intensity-by-country,FIN,2014,226.549,,,,final,,,
electricity.ember.lifecycle-intensity-by-country,FIN,2015,181.971,,,,final,,,
electricity.ember.lifecycle-intensity-by-country,FIN,2016,199.651,,,,final,,,
electricity.ember.lifecycle-intensity-by-country,FIN,2017,186.33,,,,final,,,
electricity.ember.lifecycle-intensity-by-country,FIN,2018,193.536,,,,final,,,
electricity.ember.lifecycle-intensity-by-country,FIN,2019,171.491,,,,final,,,
electricity.ember.lifecycle-intensity-by-country,FIN,2020,130.459,,,,final,,,
electricity.ember.lifecycle-intensity-by-country,FIN,2021,135.723,,,,final,,,
electricity.ember.lifecycle-intensity-by-country,FIN,2022,129.915,,,,final,,,
electricity.ember.lifecycle-intensity-by-country,FIN,2023,81.403,,,,final,,,
electricity.ember.lifecycle-intensity-by-country,FIN,2024,66.905,,,,final,,,
electricity.ember.lifecycle-intensity-by-country,FIN,2025,57.242,,,,preliminary,"2025 is the latest year in Ember's file, which has no estimate flag; Ember's methodology says that for the most recent years it estimates annual generation from monthly data.",,
electricity.ember.lifecycle-intensity-by-country,FJI,2000,234.667,,,,final,,,
electricity.ember.lifecycle-intensity-by-country,FJI,2001,216.456,,,,final,,,
electricity.ember.lifecycle-intensity-by-country,FJI,2002,244.578,,,,final,,,
electricity.ember.lifecycle-intensity-by-country,FJI,2003,343.678,,,,final,,,
electricity.ember.lifecycle-intensity-by-country,FJI,2004,326.136,,,,final,,,
electricity.ember.lifecycle-intensity-by-country,FJI,2005,351.685,,,,final,,,
electricity.ember.lifecycle-intensity-by-country,FJI,2006,354.444,,,,final,,,
electricity.ember.lifecycle-intensity-by-country,FJI,2007,242.697,,,,final,,,
electricity.ember.lifecycle-intensity-by-country,FJI,2008,239.286,,,,final,,,
electricity.ember.lifecycle-intensity-by-country,FJI,2009,269.88,,,,final,,,
electricity.ember.lifecycle-intensity-by-country,FJI,2010,335.227,,,,final,,,
electricity.ember.lifecycle-intensity-by-country,FJI,2011,301.176,,,,final,,,
electricity.ember.lifecycle-intensity-by-country,FJI,2012,246.512,,,,final,,,
electricity.ember.lifecycle-intensity-by-country,FJI,2013,263.636,,,,final,,,
electricity.ember.lifecycle-intensity-by-country,FJI,2014,359.341,,,,final,,,
electricity.ember.lifecycle-intensity-by-country,FJI,2015,359.14,,,,final,,,
electricity.ember.lifecycle-intensity-by-country,FJI,2016,314.737,,,,final,,,
electricity.ember.lifecycle-intensity-by-country,FJI,2017,343.137,,,,final,,,
electricity.ember.lifecycle-intensity-by-country,FJI,2018,297.273,,,,final,,,
electricity.ember.lifecycle-intensity-by-country,FJI,2019,306.14,,,,final,,,
electricity.ember.lifecycle-intensity-by-country,FJI,2020,278.704,,,,final,,,
electricity.ember.lifecycle-intensity-by-country,FJI,2021,281.132,,,,final,,,
electricity.ember.lifecycle-intensity-by-country,FJI,2022,280.374,,,,final,,,
electricity.ember.lifecycle-intensity-by-country,FJI,2023,275.652,,,,final,,,
electricity.ember.lifecycle-intensity-by-country,FJI,2024,275.652,,,,final,,,
electricity.ember.lifecycle-intensity-by-country,FLK,2000,700.0,,,,final,,,
electricity.ember.lifecycle-intensity-by-country,FLK,2001,700.0,,,,final,,,
electricity.ember.lifecycle-intensity-by-country,FLK,2002,700.0,,,,final,,,
electricity.ember.lifecycle-intensity-by-country,FLK,2003,700.0,,,,final,,,
electricity.ember.lifecycle-intensity-by-country,FLK,2004,700.0,,,,final,,,
electricity.ember.lifecycle-intensity-by-country,FLK,2005,700.0,,,,final,,,
electricity.ember.lifecycle-intensity-by-country,FLK,2006,650.0,,,,final,,,
electricity.ember.lifecycle-intensity-by-country,FLK,2007,650.0,,,,final,,,
electricity.ember.lifecycle-intensity-by-country,FLK,2008,700.0,,,,final,,,
electricity.ember.lifecycle-intensity-by-country,FLK,2009,700.0,,,,final,,,
electricity.ember.lifecycle-intensity-by-country,FLK,2010,700.0,,,,final,,,
electricity.ember.lifecycle-intensity-by-country,FLK,2011,350.0,,,,final,,,
electricity.ember.lifecycle-intensity-by-country,FLK,2012,350.0,,,,final,,,
electricity.ember.lifecycle-intensity-by-country,FLK,2013,350.0,,,,final,,,
electricity.ember.lifecycle-intensity-by-country,FLK,2014,350.0,,,,final,,,
electricity.ember.lifecycle-intensity-by-country,FLK,2015,350.0,,,,final,,,
electricity.ember.lifecycle-intensity-by-country,FLK,2016,350.0,,,,final,,,
electricity.ember.lifecycle-intensity-by-country,FLK,2017,700.0,,,,final,,,
electricity.ember.lifecycle-intensity-by-country,FLK,2018,700.0,,,,final,,,
electricity.ember.lifecycle-intensity-by-country,FLK,2019,700.0,,,,final,,,
electricity.ember.lifecycle-intensity-by-country,FLK,2020,700.0,,,,final,,,
electricity.ember.lifecycle-intensity-by-country,FLK,2021,700.0,,,,final,,,
electricity.ember.lifecycle-intensity-by-country,FLK,2022,700.0,,,,final,,,
electricity.ember.lifecycle-intensity-by-country,FLK,2023,700.0,,,,final,,,
electricity.ember.lifecycle-intensity-by-country,FRA,2000,79.76,,,,final,,,
electricity.ember.lifecycle-intensity-by-country,FRA,2001,68.616,,,,final,,,
electricity.ember.lifecycle-intensity-by-country,FRA,2002,75.216,,,,final,,,
electricity.ember.lifecycle-intensity-by-country,FRA,2003,80.861,,,,final,,,
electricity.ember.lifecycle-intensity-by-country,FRA,2004,77.173,,,,final,,,
electricity.ember.lifecycle-intensity-by-country,FRA,2005,85.529,,,,final,,,
electricity.ember.lifecycle-intensity-by-country,FRA,2006,76.575,,,,final,,,
electricity.ember.lifecycle-intensity-by-country,FRA,2007,80.115,,,,final,,,
electricity.ember.lifecycle-intensity-by-country,FRA,2008,76.024,,,,final,,,
electricity.ember.lifecycle-intensity-by-country,FRA,2009,75.58,,,,final,,,
electricity.ember.lifecycle-intensity-by-country,FRA,2010,78.551,,,,final,,,
electricity.ember.lifecycle-intensity-by-country,FRA,2011,74.645,,,,final,,,
electricity.ember.lifecycle-intensity-by-country,FRA,2012,77.602,,,,final,,,
electricity.ember.lifecycle-intensity-by-country,FRA,2013,76.284,,,,final,,,
electricity.ember.lifecycle-intensity-by-country,FRA,2014,52.187,,,,final,,,
electricity.ember.lifecycle-intensity-by-country,FRA,2015,59.187,,,,final,,,
electricity.ember.lifecycle-intensity-by-country,FRA,2016,68.597,,,,final,,,
electricity.ember.lifecycle-intensity-by-country,FRA,2017,78.333,,,,final,,,
electricity.ember.lifecycle-intensity-by-country,FRA,2018,59.94,,,,final,,,
electricity.ember.lifecycle-intensity-by-country,FRA,2019,59.795,,,,final,,,
electricity.ember.lifecycle-intensity-by-country,FRA,2020,59.095,,,,final,,,
electricity.ember.lifecycle-intensity-by-country,FRA,2021,59.801,,,,final,,,
electricity.ember.lifecycle-intensity-by-country,FRA,2022,78.553,,,,final,,,
electricity.ember.lifecycle-intensity-by-country,FRA,2023,53.286,,,,final,,,
electricity.ember.lifecycle-intensity-by-country,FRA,2024,40.337,,,,final,,,
electricity.ember.lifecycle-intensity-by-country,FRA,2025,41.224,,,,preliminary,"2025 is the latest year in Ember's file, which has no estimate flag; Ember's methodology says that for the most recent years it estimates annual generation from monthly data.",,
electricity.ember.lifecycle-intensity-by-country,FRO,2000,427.273,,,,final,,,
electricity.ember.lifecycle-intensity-by-country,FRO,2001,445.833,,,,final,,,
electricity.ember.lifecycle-intensity-by-country,FRO,2002,391.667,,,,final,,,
electricity.ember.lifecycle-intensity-by-country,FRO,2003,445.833,,,,final,,,
electricity.ember.lifecycle-intensity-by-country,FRO,2004,404.0,,,,final,,,
electricity.ember.lifecycle-intensity-by-country,FRO,2005,380.0,,,,final,,,
electricity.ember.lifecycle-intensity-by-country,FRO,2006,380.0,,,,final,,,
electricity.ember.lifecycle-intensity-by-country,FRO,2007,374.074,,,,final,,,
electricity.ember.lifecycle-intensity-by-country,FRO,2008,422.222,,,,final,,,
electricity.ember.lifecycle-intensity-by-country,FRO,2009,422.222,,,,final,,,
electricity.ember.lifecycle-intensity-by-country,FRO,2010,475.0,,,,final,,,
electricity.ember.lifecycle-intensity-by-country,FRO,2011,422.222,,,,final,,,
electricity.ember.lifecycle-intensity-by-country,FRO,2012,417.241,,,,final,,,
electricity.ember.lifecycle-intensity-by-country,FRO,2013,417.241,,,,final,,,
electricity.ember.lifecycle-intensity-by-country,FRO,2014,329.032,,,,final,,,
electricity.ember.lifecycle-intensity-by-country,FRO,2015,278.125,,,,final,,,
electricity.ember.lifecycle-intensity-by-country,FRO,2016,348.387,,,,final,,,
electricity.ember.lifecycle-intensity-by-country,FRO,2017,330.303,,,,final,,,
electricity.ember.lifecycle-intensity-by-country,FRO,2018,348.571,,,,final,,,
electricity.ember.lifecycle-intensity-by-country,FRO,2019,405.263,,,,final,,,
electricity.ember.lifecycle-intensity-by-country,FRO,2020,409.756,,,,final,,,
electricity.ember.lifecycle-intensity-by-country,FRO,2021,409.302,,,,final,,,
electricity.ember.lifecycle-intensity-by-country,FRO,2022,364.583,,,,final,,,
electricity.ember.lifecycle-intensity-by-country,FRO,2023,361.224,,,,final,,,
electricity.ember.lifecycle-intensity-by-country,GAB,2000,303.817,,,,final,,,
electricity.ember.lifecycle-intensity-by-country,GAB,2001,306.429,,,,final,,,
electricity.ember.lifecycle-intensity-by-country,GAB,2002,308.844,,,,final,,,
electricity.ember.lifecycle-intensity-by-country,GAB,2003,333.333,,,,final,,,
electricity.ember.lifecycle-intensity-by-country,GAB,2004,333.333,,,,final,,,
electricity.ember.lifecycle-intensity-by-country,GAB,2005,375.159,,,,final,,,
electricity.ember.lifecycle-intensity-by-country,GAB,2006,337.349,,,,final,,,
electricity.ember.lifecycle-intensity-by-country,GAB,2007,406.358,,,,final,,,
electricity.ember.lifecycle-intensity-by-country,GAB,2008,404.42,,,,final,,,
electricity.ember.lifecycle-intensity-by-country,GAB,2009,402.186,,,,final,,,
electricity.ember.lifecycle-intensity-by-country,GAB,2010,446.632,,,,final,,,
electricity.ember.lifecycle-intensity-by-country,GAB,2011,494.089,,,,final,,,
electricity.ember.lifecycle-intensity-by-country,GAB,2012,482.407,,,,final,,,
electricity.ember.lifecycle-intensity-by-country,GAB,2013,456.459,,,,final,,,
electricity.ember.lifecycle-intensity-by-country,GAB,2014,501.508,,,,final,,,
electricity.ember.lifecycle-intensity-by-country,GAB,2015,479.245,,,,final,,,
electricity.ember.lifecycle-intensity-by-country,GAB,2016,526.941,,,,final,,,
electricity.ember.lifecycle-intensity-by-country,GAB,2017,495.089,,,,final,,,
electricity.ember.lifecycle-intensity-by-country,GAB,2018,439.928,,,,final,,,
electricity.ember.lifecycle-intensity-by-country,GAB,2019,443.662,,,,final,,,
electricity.ember.lifecycle-intensity-by-country,GAB,2020,426.621,,,,final,,,
electricity.ember.lifecycle-intensity-by-country,GAB,2021,440.203,,,,final,,,
electricity.ember.lifecycle-intensity-by-country,GAB,2022,426.959,,,,final,,,
electricity.ember.lifecycle-intensity-by-country,GAB,2023,524.324,,,,final,,,
electricity.ember.lifecycle-intensity-by-country,GAB,2024,525.385,,,,final,,,
electricity.ember.lifecycle-intensity-by-country,GBR,2000,521.989,,,,final,,,
electricity.ember.lifecycle-intensity-by-country,GBR,2001,529.004,,,,final,,,
electricity.ember.lifecycle-intensity-by-country,GBR,2002,520.891,,,,final,,,
electricity.ember.lifecycle-intensity-by-country,GBR,2003,536.765,,,,final,,,
electricity.ember.lifecycle-intensity-by-country,GBR,2004,536.025,,,,final,,,
electricity.ember.lifecycle-intensity-by-country,GBR,2005,535.238,,,,final,,,
electricity.ember.lifecycle-intensity-by-country,GBR,2006,559.34,,,,final,,,
electricity.ember.lifecycle-intensity-by-country,GBR,2007,556.08,,,,final,,,
electricity.ember.lifecycle-intensity-by-country,GBR,2008,554.383,,,,final,,,
electricity.ember.lifecycle-intensity-by-country,GBR,2009,504.65,,,,final,,,
electricity.ember.lifecycle-intensity-by-country,GBR,2010,517.194,,,,final,,,
electricity.ember.lifecycle-intensity-by-country,GBR,2011,499.633,,,,final,,,
electricity.ember.lifecycle-intensity-by-country,GBR,2012,537.228,,,,final,,,
electricity.ember.lifecycle-intensity-by-country,GBR,2013,506.919,,,,final,,,
electricity.ember.lifecycle-intensity-by-country,GBR,2014,462.896,,,,final,,,
electricity.ember.lifecycle-intensity-by-country,GBR,2015,397.778,,,,final,,,
electricity.ember.lifecycle-intensity-by-country,GBR,2016,333.442,,,,final,,,
electricity.ember.lifecycle-intensity-by-country,GBR,2017,302.179,,,,final,,,
electricity.ember.lifecycle-intensity-by-country,GBR,2018,285.696,,,,final,,,
electricity.ember.lifecycle-intensity-by-country,GBR,2019,268.425,,,,final,,,
electricity.ember.lifecycle-intensity-by-country,GBR,2020,242.581,,,,final,,,
electricity.ember.lifecycle-intensity-by-country,GBR,2021,267.064,,,,final,,,
electricity.ember.lifecycle-intensity-by-country,GBR,2022,255.04,,,,final,,,
electricity.ember.lifecycle-intensity-by-country,GBR,2023,235.617,,,,final,,,
electricity.ember.lifecycle-intensity-by-country,GBR,2024,216.473,,,,final,,,
electricity.ember.lifecycle-intensity-by-country,GBR,2025,218.22,,,,preliminary,"2025 is the latest year in Ember's file, which has no estimate flag; Ember's methodology says that for the most recent years it estimates annual generation from monthly data.",,
electricity.ember.lifecycle-intensity-by-country,GEO,2000,152.174,,,,final,,,
electricity.ember.lifecycle-intensity-by-country,GEO,2001,145.64,,,,final,,,
electricity.ember.lifecycle-intensity-by-country,GEO,2002,65.09,,,,final,,,
electricity.ember.lifecycle-intensity-by-country,GEO,2003,78.31,,,,final,,,
electricity.ember.lifecycle-intensity-by-country,GEO,2004,100.583,,,,final,,,
electricity.ember.lifecycle-intensity-by-country,GEO,2005,110.556,,,,final,,,
electricity.ember.lifecycle-intensity-by-country,GEO,2006,202.008,,,,final,,,
electricity.ember.lifecycle-intensity-by-country,GEO,2007,147.882,,,,final,,,
electricity.ember.lifecycle-intensity-by-country,GEO,2008,116.348,,,,final,,,
electricity.ember.lifecycle-intensity-by-country,GEO,2009,95.438,,,,final,,,
electricity.ember.lifecycle-intensity-by-country,GEO,2010,64.925,,,,final,,,
electricity.ember.lifecycle-intensity-by-country,GEO,2011,156.487,,,,final,,,
electricity.ember.lifecycle-intensity-by-country,GEO,2012,178.274,,,,final,,,
electricity.ember.lifecycle-intensity-by-country,GEO,2013,131.663,,,,final,,,
electricity.ember.lifecycle-intensity-by-country,GEO,2014,143.052,,,,final,,,
electricity.ember.lifecycle-intensity-by-country,GEO,2015,156.93,,,,final,,,
electricity.ember.lifecycle-intensity-by-country,GEO,2016,141.514,,,,final,,,
electricity.ember.lifecycle-intensity-by-country,GEO,2017,141.434,,,,final,,,
electricity.ember.lifecycle-intensity-by-country,GEO,2018,129.319,,,,final,,,
electricity.ember.lifecycle-intensity-by-country,GEO,2019,167.707,,,,final,,,
electricity.ember.lifecycle-intensity-by-country,GEO,2020,175.717,,,,final,,,
electricity.ember.lifecycle-intensity-by-country,GEO,2021,136.946,,,,final,,,
electricity.ember.lifecycle-intensity-by-country,GEO,2022,166.807,,,,final,,,
electricity.ember.lifecycle-intensity-by-country,GEO,2023,167.568,,,,final,,,
electricity.ember.lifecycle-intensity-by-country,GEO,2024,145.083,,,,final,,,
electricity.ember.lifecycle-intensity-by-country,GEO,2025,146.867,,,,preliminary,"2025 is the latest year in Ember's file, which has no estimate flag; Ember's methodology says that for the most recent years it estimates annual generation from monthly data.",,
electricity.ember.lifecycle-intensity-by-country,GHA,2000,78.94,,,,final,,,
electricity.ember.lifecycle-intensity-by-country,GHA,2001,126.376,,,,final,,,
electricity.ember.lifecycle-intensity-by-country,GHA,2002,222.008,,,,final,,,
electricity.ember.lifecycle-intensity-by-country,GHA,2003,242.007,,,,final,,,
electricity.ember.lifecycle-intensity-by-country,GHA,2004,104.5,,,,final,,,
electricity.ember.lifecycle-intensity-by-country,GHA,2005,133.234,,,,final,,,
electricity.ember.lifecycle-intensity-by-country,GHA,2006,237.187,,,,final,,,
electricity.ember.lifecycle-intensity-by-country,GHA,2007,321.121,,,,final,,,
electricity.ember.lifecycle-intensity-by-country,GHA,2008,189.663,,,,final,,,
electricity.ember.lifecycle-intensity-by-country,GHA,2009,174.049,,,,final,,,
electricity.ember.lifecycle-intensity-by-country,GHA,2010,231.225,,,,final,,,
electricity.ember.lifecycle-intensity-by-country,GHA,2011,253.935,,,,final,,,
electricity.ember.lifecycle-intensity-by-country,GHA,2012,251.193,,,,final,,,
electricity.ember.lifecycle-intensity-by-country,GHA,2013,266.821,,,,final,,,
electricity.ember.lifecycle-intensity-by-country,GHA,2014,268.807,,,,final,,,
electricity.ember.lifecycle-intensity-by-country,GHA,2015,369.072,,,,final,,,
electricity.ember.lifecycle-intensity-by-country,GHA,2016,410.478,,,,final,,,
electricity.ember.lifecycle-intensity-by-country,GHA,2017,407.594,,,,final,,,
electricity.ember.lifecycle-intensity-by-country,GHA,2018,422.535,,,,final,,,
electricity.ember.lifecycle-intensity-by-country,GHA,2019,417.11,,,,final,,,
electricity.ember.lifecycle-intensity-by-country,GHA,2020,459.757,,,,final,,,
electricity.ember.lifecycle-intensity-by-country,GHA,2021,478.578,,,,final,,,
electricity.ember.lifecycle-intensity-by-country,GHA,2022,469.767,,,,final,,,
electricity.ember.lifecycle-intensity-by-country,GHA,2023,452.716,,,,final,,,
electricity.ember.lifecycle-intensity-by-country,GHA,2024,468.809,,,,final,,,
electricity.ember.lifecycle-intensity-by-country,GIN,2000,337.037,,,,final,,,
electricity.ember.lifecycle-intensity-by-country,GIN,2001,294.792,,,,final,,,
electricity.ember.lifecycle-intensity-by-country,GIN,2002,287.129,,,,final,,,
electricity.ember.lifecycle-intensity-by-country,GIN,2003,362.791,,,,final,,,
electricity.ember.lifecycle-intensity-by-country,GIN,2004,270.0,,,,final,,,
electricity.ember.lifecycle-intensity-by-country,GIN,2005,264.557,,,,final,,,
electricity.ember.lifecycle-intensity-by-country,GIN,2006,258.904,,,,final,,,
electricity.ember.lifecycle-intensity-by-country,GIN,2007,226.923,,,,final,,,
electricity.ember.lifecycle-intensity-by-country,GIN,2008,250.617,,,,final,,,
electricity.ember.lifecycle-intensity-by-country,GIN,2009,246.25,,,,final,,,
electricity.ember.lifecycle-intensity-by-country,GIN,2010,174.603,,,,final,,,
electricity.ember.lifecycle-intensity-by-country,GIN,2011,185.455,,,,final,,,
electricity.ember.lifecycle-intensity-by-country,GIN,2012,232.877,,,,final,,,
electricity.ember.lifecycle-intensity-by-country,GIN,2013,189.231,,,,final,,,
electricity.ember.lifecycle-intensity-by-country,GIN,2014,283.099,,,,final,,,
electricity.ember.lifecycle-intensity-by-country,GIN,2015,157.895,,,,final,,,
electricity.ember.lifecycle-intensity-by-country,GIN,2016,224.845,,,,final,,,
electricity.ember.lifecycle-intensity-by-country,GIN,2017,217.514,,,,final,,,
electricity.ember.lifecycle-intensity-by-country,GIN,2018,262.887,,,,final,,,
electricity.ember.lifecycle-intensity-by-country,GIN,2019,253.171,,,,final,,,
electricity.ember.lifecycle-intensity-by-country,GIN,2020,272.177,,,,final,,,
electricity.ember.lifecycle-intensity-by-country,GIN,2021,194.78,,,,final,,,
electricity.ember.lifecycle-intensity-by-country,GIN,2022,185.75,,,,final,,,
electricity.ember.lifecycle-intensity-by-country,GIN,2023,185.75,,,,final,,,
electricity.ember.lifecycle-intensity-by-country,GIN,2024,181.39,,,,final,,,
electricity.ember.lifecycle-intensity-by-country,GLP,2000,668.033,,,,final,,,
electricity.ember.lifecycle-intensity-by-country,GLP,2001,668.992,,,,final,,,
electricity.ember.lifecycle-intensity-by-country,GLP,2002,649.624,,,,final,,,
electricity.ember.lifecycle-intensity-by-country,GLP,2003,657.246,,,,final,,,
electricity.ember.lifecycle-intensity-by-country,GLP,2004,638.462,,,,final,,,
electricity.ember.lifecycle-intensity-by-country,GLP,2005,616.0,,,,final,,,
electricity.ember.lifecycle-intensity-by-country,GLP,2006,632.026,,,,final,,,
electricity.ember.lifecycle-intensity-by-country,GLP,2007,623.75,,,,final,,,
electricity.ember.lifecycle-intensity-by-country,GLP,2008,623.602,,,,final,,,
electricity.ember.lifecycle-intensity-by-country,GLP,2009,620.245,,,,final,,,
electricity.ember.lifecycle-intensity-by-country,GLP,2010,644.509,,,,final,,,
electricity.ember.lifecycle-intensity-by-country,GLP,2011,653.571,,,,final,,,
electricity.ember.lifecycle-intensity-by-country,GLP,2012,638.372,,,,final,,,
electricity.ember.lifecycle-intensity-by-country,GLP,2013,618.391,,,,final,,,
electricity.ember.lifecycle-intensity-by-country,GLP,2014,609.77,,,,final,,,
electricity.ember.lifecycle-intensity-by-country,GLP,2015,603.977,,,,final,,,
electricity.ember.lifecycle-intensity-by-country,GLP,2016,618.644,,,,final,,,
electricity.ember.lifecycle-intensity-by-country,GLP,2017,597.159,,,,final,,,
electricity.ember.lifecycle-intensity-by-country,GLP,2018,586.55,,,,final,,,
electricity.ember.lifecycle-intensity-by-country,GLP,2019,578.488,,,,final,,,
electricity.ember.lifecycle-intensity-by-country,GLP,2020,551.176,,,,final,,,
electricity.ember.lifecycle-intensity-by-country,GLP,2021,503.614,,,,final,,,
electricity.ember.lifecycle-intensity-by-country,GLP,2022,495.732,,,,final,,,
electricity.ember.lifecycle-intensity-by-country,GLP,2023,493.413,,,,final,,,
electricity.ember.lifecycle-intensity-by-country,GMB,2000,661.538,,,,final,,,
electricity.ember.lifecycle-intensity-by-country,GMB,2001,660.0,,,,final,,,
electricity.ember.lifecycle-intensity-by-country,GMB,2002,660.0,,,,final,,,
electricity.ember.lifecycle-intensity-by-country,GMB,2003,658.824,,,,final,,,
electricity.ember.lifecycle-intensity-by-country,GMB,2004,657.895,,,,final,,,
electricity.ember.lifecycle-intensity-by-country,GMB,2005,660.0,,,,final,,,
electricity.ember.lifecycle-intensity-by-country,GMB,2006,659.091,,,,final,,,
electricity.ember.lifecycle-intensity-by-country,GMB,2007,656.522,,,,final,,,
electricity.ember.lifecycle-intensity-by-country,GMB,2008,658.333,,,,final,,,
electricity.ember.lifecycle-intensity-by-country,GMB,2009,658.333,,,,final,,,
electricity.ember.lifecycle-intensity-by-country,GMB,2010,656.0,,,,final,,,
electricity.ember.lifecycle-intensity-by-country,GMB,2011,656.0,,,,final,,,
electricity.ember.lifecycle-intensity-by-country,GMB,2012,656.0,,,,final,,,
electricity.ember.lifecycle-intensity-by-country,GMB,2013,656.0,,,,final,,,
electricity.ember.lifecycle-intensity-by-country,GMB,2014,656.0,,,,final,,,
electricity.ember.lifecycle-intensity-by-country,GMB,2015,657.143,,,,final,,,
electricity.ember.lifecycle-intensity-by-country,GMB,2016,656.667,,,,final,,,
electricity.ember.lifecycle-intensity-by-country,GMB,2017,658.065,,,,final,,,
electricity.ember.lifecycle-intensity-by-country,GMB,2018,658.974,,,,final,,,
electricity.ember.lifecycle-intensity-by-country,GMB,2019,658.696,,,,final,,,
electricity.ember.lifecycle-intensity-by-country,GMB,2020,658.333,,,,final,,,
electricity.ember.lifecycle-intensity-by-country,GMB,2021,658.0,,,,final,,,
electricity.ember.lifecycle-intensity-by-country,GMB,2022,658.824,,,,final,,,
electricity.ember.lifecycle-intensity-by-country,GMB,2023,658.824,,,,final,,,
electricity.ember.lifecycle-intensity-by-country,GMB,2024,658.824,,,,final,,,
electricity.ember.lifecycle-intensity-by-country,GNB,2000,666.667,,,,final,,,
electricity.ember.lifecycle-intensity-by-country,GNB,2001,650.0,,,,final,,,
electricity.ember.lifecycle-intensity-by-country,GNB,2002,650.0,,,,final,,,
electricity.ember.lifecycle-intensity-by-country,GNB,2003,650.0,,,,final,,,
electricity.ember.lifecycle-intensity-by-country,GNB,2004,666.667,,,,final,,,
electricity.ember.lifecycle-intensity-by-country,GNB,2005,666.667,,,,final,,,
electricity.ember.lifecycle-intensity-by-country,GNB,2006,666.667,,,,final,,,
electricity.ember.lifecycle-intensity-by-country,GNB,2007,666.667,,,,final,,,
electricity.ember.lifecycle-intensity-by-country,GNB,2008,666.667,,,,final,,,
electricity.ember.lifecycle-intensity-by-country,GNB,2009,666.667,,,,final,,,
electricity.ember.lifecycle-intensity-by-country,GNB,2010,666.667,,,,final,,,
electricity.ember.lifecycle-intensity-by-country,GNB,2011,666.667,,,,final,,,
electricity.ember.lifecycle-intensity-by-country,GNB,2012,666.667,,,,final,,,
electricity.ember.lifecycle-intensity-by-country,GNB,2013,650.0,,,,final,,,
electricity.ember.lifecycle-intensity-by-country,GNB,2014,666.667,,,,final,,,
electricity.ember.lifecycle-intensity-by-country,GNB,2015,650.0,,,,final,,,
electricity.ember.lifecycle-intensity-by-country,GNB,2016,662.5,,,,final,,,
electricity.ember.lifecycle-intensity-by-country,GNB,2017,662.5,,,,final,,,
electricity.ember.lifecycle-intensity-by-country,GNB,2018,662.5,,,,final,,,
electricity.ember.lifecycle-intensity-by-country,GNB,2019,662.5,,,,final,,,
electricity.ember.lifecycle-intensity-by-country,GNB,2020,662.5,,,,final,,,
electricity.ember.lifecycle-intensity-by-country,GNB,2021,662.5,,,,final,,,
electricity.ember.lifecycle-intensity-by-country,GNB,2022,662.5,,,,final,,,
electricity.ember.lifecycle-intensity-by-country,GNB,2023,662.5,,,,final,,,
electricity.ember.lifecycle-intensity-by-country,GNB,2024,662.5,,,,final,,,
electricity.ember.lifecycle-intensity-by-country,GNQ,2000,660.0,,,,final,,,
electricity.ember.lifecycle-intensity-by-country,GNQ,2001,700.0,,,,final,,,
electricity.ember.lifecycle-intensity-by-country,GNQ,2002,714.286,,,,final,,,
electricity.ember.lifecycle-intensity-by-country,GNQ,2003,714.286,,,,final,,,
electricity.ember.lifecycle-intensity-by-country,GNQ,2004,755.556,,,,final,,,
electricity.ember.lifecycle-intensity-by-country,GNQ,2005,770.0,,,,final,,,
electricity.ember.lifecycle-intensity-by-country,GNQ,2006,772.727,,,,final,,,
electricity.ember.lifecycle-intensity-by-country,GNQ,2007,792.308,,,,final,,,
electricity.ember.lifecycle-intensity-by-country,GNQ,2008,650.0,,,,final,,,
electricity.ember.lifecycle-intensity-by-country,GNQ,2009,668.182,,,,final,,,
electricity.ember.lifecycle-intensity-by-country,GNQ,2010,745.455,,,,final,,,
electricity.ember.lifecycle-intensity-by-country,GNQ,2011,780.0,,,,final,,,
electricity.ember.lifecycle-intensity-by-country,GNQ,2012,742.593,,,,final,,,
electricity.ember.lifecycle-intensity-by-country,GNQ,2013,620.0,,,,final,,,
electricity.ember.lifecycle-intensity-by-country,GNQ,2014,574.312,,,,final,,,
electricity.ember.lifecycle-intensity-by-country,GNQ,2015,563.846,,,,final,,,
electricity.ember.lifecycle-intensity-by-country,GNQ,2016,585.714,,,,final,,,
electricity.ember.lifecycle-intensity-by-country,GNQ,2017,591.791,,,,final,,,
electricity.ember.lifecycle-intensity-by-country,GNQ,2018,594.074,,,,final,,,
electricity.ember.lifecycle-intensity-by-country,GNQ,2019,597.857,,,,final,,,
electricity.ember.lifecycle-intensity-by-country,GNQ,2020,575.887,,,,final,,,
electricity.ember.lifecycle-intensity-by-country,GNQ,2021,591.608,,,,final,,,
electricity.ember.lifecycle-intensity-by-country,GNQ,2022,600.662,,,,final,,,
electricity.ember.lifecycle-intensity-by-country,GNQ,2023,662.937,,,,final,,,
electricity.ember.lifecycle-intensity-by-country,GNQ,2024,642.953,,,,final,,,
electricity.ember.lifecycle-intensity-by-country,GRC,2000,822.743,,,,final,,,
electricity.ember.lifecycle-intensity-by-country,GRC,2001,845.718,,,,final,,,
electricity.ember.lifecycle-intensity-by-country,GRC,2002,827.567,,,,final,,,
electricity.ember.lifecycle-intensity-by-country,GRC,2003,790.45,,,,final,,,
electricity.ember.lifecycle-intensity-by-country,GRC,2004,786.311,,,,final,,,
electricity.ember.lifecycle-intensity-by-country,GRC,2005,782.445,,,,final,,,
electricity.ember.lifecycle-intensity-by-country,GRC,2006,743.141,,,,final,,,
electricity.ember.lifecycle-intensity-by-country,GRC,2007,777.003,,,,final,,,
electricity.ember.lifecycle-intensity-by-country,GRC,2008,758.877,,,,final,,,
electricity.ember.lifecycle-intensity-by-country,GRC,2009,747.116,,,,final,,,
electricity.ember.lifecycle-intensity-by-country,GRC,2010,707.296,,,,final,,,
electricity.ember.lifecycle-intensity-by-country,GRC,2011,724.825,,,,final,,,
electricity.ember.lifecycle-intensity-by-country,GRC,2012,703.989,,,,final,,,
electricity.ember.lifecycle-intensity-by-country,GRC,2013,636.775,,,,final,,,
electricity.ember.lifecycle-intensity-by-country,GRC,2014,667.574,,,,final,,,
electricity.ember.lifecycle-intensity-by-country,GRC,2015,603.643,,,,final,,,
electricity.ember.lifecycle-intensity-by-country,GRC,2016,571.415,,,,final,,,
electricity.ember.lifecycle-intensity-by-country,GRC,2017,579.763,,,,final,,,
electricity.ember.lifecycle-intensity-by-country,GRC,2018,544.877,,,,final,,,
electricity.ember.lifecycle-intensity-by-country,GRC,2019,496.955,,,,final,,,
electricity.ember.lifecycle-intensity-by-country,GRC,2020,423.111,,,,final,,,
electricity.ember.lifecycle-intensity-by-country,GRC,2021,383.057,,,,final,,,
electricity.ember.lifecycle-intensity-by-country,GRC,2022,377.066,,,,final,,,
electricity.ember.lifecycle-intensity-by-country,GRC,2023,336.685,,,,final,,,
electricity.ember.lifecycle-intensity-by-country,GRC,2024,321.806,,,,final,,,
electricity.ember.lifecycle-intensity-by-country,GRC,2025,324.762,,,,preliminary,"2025 is the latest year in Ember's file, which has no estimate flag; Ember's methodology says that for the most recent years it estimates annual generation from monthly data.",,
electricity.ember.lifecycle-intensity-by-country,GRD,2000,661.538,,,,final,,,
electricity.ember.lifecycle-intensity-by-country,GRD,2001,657.143,,,,final,,,
electricity.ember.lifecycle-intensity-by-country,GRD,2002,660.0,,,,final,,,
electricity.ember.lifecycle-intensity-by-country,GRD,2003,656.25,,,,final,,,
electricity.ember.lifecycle-intensity-by-country,GRD,2004,657.143,,,,final,,,
electricity.ember.lifecycle-intensity-by-country,GRD,2005,660.0,,,,final,,,
electricity.ember.lifecycle-intensity-by-country,GRD,2006,658.824,,,,final,,,
electricity.ember.lifecycle-intensity-by-country,GRD,2007,655.556,,,,final,,,
electricity.ember.lifecycle-intensity-by-country,GRD,2008,657.895,,,,final,,,
electricity.ember.lifecycle-intensity-by-country,GRD,2009,660.0,,,,final,,,
electricity.ember.lifecycle-intensity-by-country,GRD,2010,657.143,,,,final,,,
electricity.ember.lifecycle-intensity-by-country,GRD,2011,660.0,,,,final,,,
electricity.ember.lifecycle-intensity-by-country,GRD,2012,660.0,,,,final,,,
electricity.ember.lifecycle-intensity-by-country,GRD,2013,660.0,,,,final,,,
electricity.ember.lifecycle-intensity-by-country,GRD,2014,660.0,,,,final,,,
electricity.ember.lifecycle-intensity-by-country,GRD,2015,657.143,,,,final,,,
electricity.ember.lifecycle-intensity-by-country,GRD,2016,659.091,,,,final,,,
electricity.ember.lifecycle-intensity-by-country,GRD,2017,656.522,,,,final,,,
electricity.ember.lifecycle-intensity-by-country,GRD,2018,656.522,,,,final,,,
electricity.ember.lifecycle-intensity-by-country,GRD,2019,658.333,,,,final,,,
electricity.ember.lifecycle-intensity-by-country,GRD,2020,659.091,,,,final,,,
electricity.ember.lifecycle-intensity-by-country,GRD,2021,656.522,,,,final,,,
electricity.ember.lifecycle-intensity-by-country,GRD,2022,658.333,,,,final,,,
electricity.ember.lifecycle-intensity-by-country,GRD,2023,658.333,,,,final,,,
electricity.ember.lifecycle-intensity-by-country,GRD,2024,658.333,,,,final,,,
electricity.ember.lifecycle-intensity-by-country,GRL,2000,286.207,,,,final,,,
electricity.ember.lifecycle-intensity-by-country,GRL,2001,296.429,,,,final,,,
electricity.ember.lifecycle-intensity-by-country,GRL,2002,290.323,,,,final,,,
electricity.ember.lifecycle-intensity-by-country,GRL,2003,290.323,,,,final,,,
electricity.ember.lifecycle-intensity-by-country,GRL,2004,293.939,,,,final,,,
electricity.ember.lifecycle-intensity-by-country,GRL,2005,285.294,,,,final,,,
electricity.ember.lifecycle-intensity-by-country,GRL,2006,294.286,,,,final,,,
electricity.ember.lifecycle-intensity-by-country,GRL,2007,305.556,,,,final,,,
electricity.ember.lifecycle-intensity-by-country,GRL,2008,316.216,,,,final,,,
electricity.ember.lifecycle-intensity-by-country,GRL,2009,256.098,,,,final,,,
electricity.ember.lifecycle-intensity-by-country,GRL,2010,209.756,,,,final,,,
electricity.ember.lifecycle-intensity-by-country,GRL,2011,177.778,,,,final,,,
electricity.ember.lifecycle-intensity-by-country,GRL,2012,177.778,,,,final,,,
electricity.ember.lifecycle-intensity-by-country,GRL,2013,147.826,,,,final,,,
electricity.ember.lifecycle-intensity-by-country,GRL,2014,141.667,,,,final,,,
electricity.ember.lifecycle-intensity-by-country,GRL,2015,135.294,,,,final,,,
electricity.ember.lifecycle-intensity-by-country,GRL,2016,129.167,,,,final,,,
electricity.ember.lifecycle-intensity-by-country,GRL,2017,176.0,,,,final,,,
electricity.ember.lifecycle-intensity-by-country,GRL,2018,146.154,,,,final,,,
electricity.ember.lifecycle-intensity-by-country,GRL,2019,126.531,,,,final,,,
electricity.ember.lifecycle-intensity-by-country,GRL,2020,132.692,,,,final,,,
electricity.ember.lifecycle-intensity-by-country,GRL,2021,123.529,,,,final,,,
electricity.ember.lifecycle-intensity-by-country,GRL,2022,105.556,,,,final,,,
electricity.ember.lifecycle-intensity-by-country,GRL,2023,144.262,,,,final,,,
electricity.ember.lifecycle-intensity-by-country,GRL,2024,138.333,,,,final,,,
electricity.ember.lifecycle-intensity-by-country,GTM,2000,374.303,,,,final,,,
electricity.ember.lifecycle-intensity-by-country,GTM,2001,426.597,,,,final,,,
electricity.ember.lifecycle-intensity-by-country,GTM,2002,454.505,,,,final,,,
electricity.ember.lifecycle-intensity-by-country,GTM,2003,393.632,,,,final,,,
electricity.ember.lifecycle-intensity-by-country,GTM,2004,388.629,,,,final,,,
electricity.ember.lifecycle-intensity-by-country,GTM,2005,358.273,,,,final,,,
electricity.ember.lifecycle-intensity-by-country,GTM,2006,367.98,,,,final,,,
electricity.ember.lifecycle-intensity-by-country,GTM,2007,389.22,,,,final,,,
electricity.ember.lifecycle-intensity-by-country,GTM,2008,356.567,,,,final,,,
electricity.ember.lifecycle-intensity-by-country,GTM,2009,404.714,,,,final,,,
electricity.ember.lifecycle-intensity-by-country,GTM,2010,316.742,,,,final,,,
electricity.ember.lifecycle-intensity-by-country,GTM,2011,314.269,,,,final,,,
electricity.ember.lifecycle-intensity-by-country,GTM,2012,295.085,,,,final,,,
electricity.ember.lifecycle-intensity-by-country,GTM,2013,300.692,,,,final,,,
electricity.ember.lifecycle-intensity-by-country,GTM,2014,301.41,,,,final,,,
electricity.ember.lifecycle-intensity-by-country,GTM,2015,368.397,,,,final,,,
electricity.ember.lifecycle-intensity-by-country,GTM,2016,372.091,,,,final,,,
electricity.ember.lifecycle-intensity-by-country,GTM,2017,312.723,,,,final,,,
electricity.ember.lifecycle-intensity-by-country,GTM,2018,340.075,,,,final,,,
electricity.ember.lifecycle-intensity-by-country,GTM,2019,363.622,,,,final,,,
electricity.ember.lifecycle-intensity-by-country,GTM,2020,265.781,,,,final,,,
electricity.ember.lifecycle-intensity-by-country,GTM,2021,286.102,,,,final,,,
electricity.ember.lifecycle-intensity-by-country,GTM,2022,191.469,,,,final,,,
electricity.ember.lifecycle-intensity-by-country,GTM,2023,310.463,,,,final,,,
electricity.ember.lifecycle-intensity-by-country,GTM,2024,301.457,,,,final,,,
electricity.ember.lifecycle-intensity-by-country,GUF,2000,93.478,,,,final,,,
electricity.ember.lifecycle-intensity-by-country,GUF,2001,213.333,,,,final,,,
electricity.ember.lifecycle-intensity-by-country,GUF,2002,234.921,,,,final,,,
electricity.ember.lifecycle-intensity-by-country,GUF,2003,335.821,,,,final,,,
electricity.ember.lifecycle-intensity-by-country,GUF,2004,270.149,,,,final,,,
electricity.ember.lifecycle-intensity-by-country,GUF,2005,273.239,,,,final,,,
electricity.ember.lifecycle-intensity-by-country,GUF,2006,189.041,,,,final,,,
electricity.ember.lifecycle-intensity-by-country,GUF,2007,223.288,,,,final,,,
electricity.ember.lifecycle-intensity-by-country,GUF,2008,234.667,,,,final,,,
electricity.ember.lifecycle-intensity-by-country,GUF,2009,373.077,,,,final,,,
electricity.ember.lifecycle-intensity-by-country,GUF,2010,301.205,,,,final,,,
electricity.ember.lifecycle-intensity-by-country,GUF,2011,272.289,,,,final,,,
electricity.ember.lifecycle-intensity-by-country,GUF,2012,220.225,,,,final,,,
electricity.ember.lifecycle-intensity-by-country,GUF,2013,276.404,,,,final,,,
electricity.ember.lifecycle-intensity-by-country,GUF,2014,275.0,,,,final,,,
electricity.ember.lifecycle-intensity-by-country,GUF,2015,286.022,,,,final,,,
electricity.ember.lifecycle-intensity-by-country,GUF,2016,313.187,,,,final,,,
electricity.ember.lifecycle-intensity-by-country,GUF,2017,233.696,,,,final,,,
electricity.ember.lifecycle-intensity-by-country,GUF,2018,252.688,,,,final,,,
electricity.ember.lifecycle-intensity-by-country,GUF,2019,347.368,,,,final,,,
electricity.ember.lifecycle-intensity-by-country,GUF,2020,327.368,,,,final,,,
electricity.ember.lifecycle-intensity-by-country,GUF,2021,222.68,,,,final,,,
electricity.ember.lifecycle-intensity-by-country,GUF,2022,213.684,,,,final,,,
electricity.ember.lifecycle-intensity-by-country,GUF,2023,257.143,,,,final,,,
electricity.ember.lifecycle-intensity-by-country,GUM,2000,658.247,,,,final,,,
electricity.ember.lifecycle-intensity-by-country,GUM,2001,657.949,,,,final,,,
electricity.ember.lifecycle-intensity-by-country,GUM,2002,658.14,,,,final,,,
electricity.ember.lifecycle-intensity-by-country,GUM,2003,657.865,,,,final,,,
electricity.ember.lifecycle-intensity-by-country,GUM,2004,657.979,,,,final,,,
electricity.ember.lifecycle-intensity-by-country,GUM,2005,657.895,,,,final,,,
electricity.ember.lifecycle-intensity-by-country,GUM,2006,658.201,,,,final,,,
electricity.ember.lifecycle-intensity-by-country,GUM,2007,657.979,,,,final,,,
electricity.ember.lifecycle-intensity-by-country,GUM,2008,657.979,,,,final,,,
electricity.ember.lifecycle-intensity-by-country,GUM,2009,657.754,,,,final,,,
electricity.ember.lifecycle-intensity-by-country,GUM,2010,657.754,,,,final,,,
electricity.ember.lifecycle-intensity-by-country,GUM,2011,658.152,,,,final,,,
electricity.ember.lifecycle-intensity-by-country,GUM,2012,657.865,,,,final,,,
electricity.ember.lifecycle-intensity-by-country,GUM,2013,658.046,,,,final,,,
electricity.ember.lifecycle-intensity-by-country,GUM,2014,658.235,,,,final,,,
electricity.ember.lifecycle-intensity-by-country,GUM,2015,647.368,,,,final,,,
electricity.ember.lifecycle-intensity-by-country,GUM,2016,633.333,,,,final,,,
electricity.ember.lifecycle-intensity-by-country,GUM,2017,637.288,,,,final,,,
electricity.ember.lifecycle-intensity-by-country,GUM,2018,633.526,,,,final,,,
electricity.ember.lifecycle-intensity-by-country,GUM,2019,630.286,,,,final,,,
electricity.ember.lifecycle-intensity-by-country,GUM,2020,629.24,,,,final,,,
electricity.ember.lifecycle-intensity-by-country,GUM,2021,629.885,,,,final,,,
electricity.ember.lifecycle-intensity-by-country,GUM,2022,610.556,,,,final,,,
electricity.ember.lifecycle-intensity-by-country,GUM,2023,610.556,,,,final,,,
electricity.ember.lifecycle-intensity-by-country,GUM,2024,605.376,,,,final,,,
electricity.ember.lifecycle-intensity-by-country,GUY,2000,653.333,,,,final,,,
electricity.ember.lifecycle-intensity-by-country,GUY,2001,653.261,,,,final,,,
electricity.ember.lifecycle-intensity-by-country,GUY,2002,653.261,,,,final,,,
electricity.ember.lifecycle-intensity-by-country,GUY,2003,652.439,,,,final,,,
electricity.ember.lifecycle-intensity-by-country,GUY,2004,652.326,,,,final,,,
electricity.ember.lifecycle-intensity-by-country,GUY,2005,650.769,,,,final,,,
electricity.ember.lifecycle-intensity-by-country,GUY,2006,651.515,,,,final,,,
electricity.ember.lifecycle-intensity-by-country,GUY,2007,651.429,,,,final,,,
electricity.ember.lifecycle-intensity-by-country,GUY,2008,652.113,,,,final,,,
electricity.ember.lifecycle-intensity-by-country,GUY,2009,653.012,,,,final,,,
electricity.ember.lifecycle-intensity-by-country,GUY,2010,638.889,,,,final,,,
electricity.ember.lifecycle-intensity-by-country,GUY,2011,634.737,,,,final,,,
electricity.ember.lifecycle-intensity-by-country,GUY,2012,639.583,,,,final,,,
electricity.ember.lifecycle-intensity-by-country,GUY,2013,639.796,,,,final,,,
electricity.ember.lifecycle-intensity-by-country,GUY,2014,640.0,,,,final,,,
electricity.ember.lifecycle-intensity-by-country,GUY,2015,640.594,,,,final,,,
electricity.ember.lifecycle-intensity-by-country,GUY,2016,641.818,,,,final,,,
electricity.ember.lifecycle-intensity-by-country,GUY,2017,641.071,,,,final,,,
electricity.ember.lifecycle-intensity-by-country,GUY,2018,644.737,,,,final,,,
electricity.ember.lifecycle-intensity-by-country,GUY,2019,640.0,,,,final,,,
electricity.ember.lifecycle-intensity-by-country,GUY,2020,644.737,,,,final,,,
electricity.ember.lifecycle-intensity-by-country,GUY,2021,641.228,,,,final,,,
electricity.ember.lifecycle-intensity-by-country,GUY,2022,646.094,,,,final,,,
electricity.ember.lifecycle-intensity-by-country,GUY,2023,642.029,,,,final,,,
electricity.ember.lifecycle-intensity-by-country,GUY,2024,642.029,,,,final,,,
electricity.ember.lifecycle-intensity-by-country,HKG,2000,792.354,,,,final,,,
electricity.ember.lifecycle-intensity-by-country,HKG,2001,796.261,,,,final,,,
electricity.ember.lifecycle-intensity-by-country,HKG,2002,807.333,,,,final,,,
electricity.ember.lifecycle-intensity-by-country,HKG,2003,866.61,,,,final,,,
electricity.ember.lifecycle-intensity-by-country,HKG,2004,829.474,,,,final,,,
electricity.ember.lifecycle-intensity-by-country,HKG,2005,834.94,,,,final,,,
electricity.ember.lifecycle-intensity-by-country,HKG,2006,828.723,,,,final,,,
electricity.ember.lifecycle-intensity-by-country,HKG,2007,847.222,,,,final,,,
electricity.ember.lifecycle-intensity-by-country,HKG,2008,825.6,,,,final,,,
electricity.ember.lifecycle-intensity-by-country,HKG,2009,837.105,,,,final,,,
electricity.ember.lifecycle-intensity-by-country,HKG,2010,799.686,,,,final,,,
electricity.ember.lifecycle-intensity-by-country,HKG,2011,838.132,,,,final,,,
electricity.ember.lifecycle-intensity-by-country,HKG,2012,811.913,,,,final,,,
electricity.ember.lifecycle-intensity-by-country,HKG,2013,854.473,,,,final,,,
electricity.ember.lifecycle-intensity-by-country,HKG,2014,860.468,,,,final,,,
electricity.ember.lifecycle-intensity-by-country,HKG,2015,814.739,,,,final,,,
electricity.ember.lifecycle-intensity-by-country,HKG,2016,815.215,,,,final,,,
electricity.ember.lifecycle-intensity-by-country,HKG,2017,810.639,,,,final,,,
electricity.ember.lifecycle-intensity-by-country,HKG,2018,790.402,,,,final,,,
electricity.ember.lifecycle-intensity-by-country,HKG,2019,776.665,,,,final,,,
electricity.ember.lifecycle-intensity-by-country,HKG,2020,684.047,,,,final,,,
electricity.ember.lifecycle-intensity-by-country,HKG,2021,691.634,,,,final,,,
electricity.ember.lifecycle-intensity-by-country,HKG,2022,682.216,,,,final,,,
electricity.ember.lifecycle-intensity-by-country,HKG,2023,674.331,,,,final,,,
electricity.ember.lifecycle-intensity-by-country,HKG,2024,675.561,,,,final,,,
electricity.ember.lifecycle-intensity-by-country,HND,2000,266.484,,,,final,,,
electricity.ember.lifecycle-intensity-by-country,HND,2001,346.292,,,,final,,,
electricity.ember.lifecycle-intensity-by-country,HND,2002,403.855,,,,final,,,
electricity.ember.lifecycle-intensity-by-country,HND,2003,405.983,,,,final,,,
electricity.ember.lifecycle-intensity-by-country,HND,2004,455.426,,,,final,,,
electricity.ember.lifecycle-intensity-by-country,HND,2005,452.622,,,,final,,,
electricity.ember.lifecycle-intensity-by-country,HND,2006,429.53,,,,final,,,
electricity.ember.lifecycle-intensity-by-country,HND,2007,425.278,,,,final,,,
electricity.ember.lifecycle-intensity-by-country,HND,2008,422.222,,,,final,,,
electricity.ember.lifecycle-intensity-by-country,HND,2009,370.991,,,,final,,,
electricity.ember.lifecycle-intensity-by-country,HND,2010,361.667,,,,final,,,
electricity.ember.lifecycle-intensity-by-country,HND,2011,382.195,,,,final,,,
electricity.ember.lifecycle-intensity-by-country,HND,2012,378.827,,,,final,,,
electricity.ember.lifecycle-intensity-by-country,HND,2013,394.397,,,,final,,,
electricity.ember.lifecycle-intensity-by-country,HND,2014,411.928,,,,final,,,
electricity.ember.lifecycle-intensity-by-country,HND,2015,392.12,,,,final,,,
electricity.ember.lifecycle-intensity-by-country,HND,2016,370.86,,,,final,,,
electricity.ember.lifecycle-intensity-by-country,HND,2017,312.367,,,,final,,,
electricity.ember.lifecycle-intensity-by-country,HND,2018,275.18,,,,final,,,
electricity.ember.lifecycle-intensity-by-country,HND,2019,342.589,,,,final,,,
electricity.ember.lifecycle-intensity-by-country,HND,2020,327.909,,,,final,,,
electricity.ember.lifecycle-intensity-by-country,HND,2021,285.162,,,,final,,,
electricity.ember.lifecycle-intensity-by-country,HND,2022,296.293,,,,final,,,
electricity.ember.lifecycle-intensity-by-country,HND,2023,328.503,,,,final,,,
electricity.ember.lifecycle-intensity-by-country,HND,2024,321.955,,,,final,,,
electricity.ember.lifecycle-intensity-by-country,HRV,2000,302.498,,,,final,,,
electricity.ember.lifecycle-intensity-by-country,HRV,2001,306.51,,,,final,,,
electricity.ember.lifecycle-intensity-by-country,HRV,2002,369.74,,,,final,,,
electricity.ember.lifecycle-intensity-by-country,HRV,2003,413.83,,,,final,,,
electricity.ember.lifecycle-intensity-by-country,HRV,2004,314.708,,,,final,,,
electricity.ember.lifecycle-intensity-by-country,HRV,2005,336.782,,,,final,,,
electricity.ember.lifecycle-intensity-by-country,HRV,2006,347.25,,,,final,,,
electricity.ember.lifecycle-intensity-by-country,HRV,2007,420.016,,,,final,,,
electricity.ember.lifecycle-intensity-by-country,HRV,2008,382.786,,,,final,,,
electricity.ember.lifecycle-intensity-by-country,HRV,2009,301.873,,,,final,,,
electricity.ember.lifecycle-intensity-by-country,HRV,2010,268.222,,,,final,,,
electricity.ember.lifecycle-intensity-by-country,HRV,2011,375.957,,,,final,,,
electricity.ember.lifecycle-intensity-by-country,HRV,2012,352.791,,,,final,,,
electricity.ember.lifecycle-intensity-by-country,HRV,2013,256.169,,,,final,,,
electricity.ember.lifecycle-intensity-by-country,HRV,2014,226.582,,,,final,,,
electricity.ember.lifecycle-intensity-by-country,HRV,2015,275.178,,,,final,,,
electricity.ember.lifecycle-intensity-by-country,HRV,2016,276.27,,,,final,,,
electricity.ember.lifecycle-intensity-by-country,HRV,2017,256.245,,,,final,,,
electricity.ember.lifecycle-intensity-by-country,HRV,2018,201.553,,,,final,,,
electricity.ember.lifecycle-intensity-by-country,HRV,2019,242.609,,,,final,,,
electricity.ember.lifecycle-intensity-by-country,HRV,2020,228.647,,,,final,,,
electricity.ember.lifecycle-intensity-by-country,HRV,2021,210.39,,,,final,,,
electricity.ember.lifecycle-intensity-by-country,HRV,2022,245.106,,,,final,,,
electricity.ember.lifecycle-intensity-by-country,HRV,2023,195.356,,,,final,,,
electricity.ember.lifecycle-intensity-by-country,HRV,2024,170.527,,,,final,,,
electricity.ember.lifecycle-intensity-by-country,HRV,2025,,,,,preliminary,"2025 is the latest year in Ember's file, which has no estimate flag; Ember's methodology says that for the most recent years it estimates annual generation from monthly data.","Not published: Ember's file gives negative generation for Croatia in 2025 (Other fossil -0.003 TWh), so its emissions intensity does not describe a generation mix.",
electricity.ember.lifecycle-intensity-by-country,HTI,2000,329.63,,,,final,,,
electricity.ember.lifecycle-intensity-by-country,HTI,2001,357.627,,,,final,,,
electricity.ember.lifecycle-intensity-by-country,HTI,2002,358.182,,,,final,,,
electricity.ember.lifecycle-intensity-by-country,HTI,2003,358.491,,,,final,,,
electricity.ember.lifecycle-intensity-by-country,HTI,2004,358.182,,,,final,,,
electricity.ember.lifecycle-intensity-by-country,HTI,2005,358.182,,,,final,,,
electricity.ember.lifecycle-intensity-by-country,HTI,2006,357.895,,,,final,,,
electricity.ember.lifecycle-intensity-by-country,HTI,2007,452.174,,,,final,,,
electricity.ember.lifecycle-intensity-by-country,HTI,2008,424.49,,,,final,,,
electricity.ember.lifecycle-intensity-by-country,HTI,2009,478.873,,,,final,,,
electricity.ember.lifecycle-intensity-by-country,HTI,2010,500.0,,,,final,,,
electricity.ember.lifecycle-intensity-by-country,HTI,2011,580.808,,,,final,,,
electricity.ember.lifecycle-intensity-by-country,HTI,2012,530.909,,,,final,,,
electricity.ember.lifecycle-intensity-by-country,HTI,2013,573.333,,,,final,,,
electricity.ember.lifecycle-intensity-by-country,HTI,2014,602.913,,,,final,,,
electricity.ember.lifecycle-intensity-by-country,HTI,2015,608.738,,,,final,,,
electricity.ember.lifecycle-intensity-by-country,HTI,2016,616.667,,,,final,,,
electricity.ember.lifecycle-intensity-by-country,HTI,2017,580.189,,,,final,,,
electricity.ember.lifecycle-intensity-by-country,HTI,2018,542.308,,,,final,,,
electricity.ember.lifecycle-intensity-by-country,HTI,2019,556.604,,,,final,,,
electricity.ember.lifecycle-intensity-by-country,HTI,2020,570.588,,,,final,,,
electricity.ember.lifecycle-intensity-by-country,HTI,2021,577.67,,,,final,,,
electricity.ember.lifecycle-intensity-by-country,HTI,2022,538.614,,,,final,,,
electricity.ember.lifecycle-intensity-by-country,HTI,2023,516.471,,,,final,,,
electricity.ember.lifecycle-intensity-by-country,HTI,2024,539.535,,,,final,,,
electricity.ember.lifecycle-intensity-by-country,HUN,2000,451.208,,,,final,,,
electricity.ember.lifecycle-intensity-by-country,HUN,2001,439.209,,,,final,,,
electricity.ember.lifecycle-intensity-by-country,HUN,2002,432.282,,,,final,,,
electricity.ember.lifecycle-intensity-by-country,HUN,2003,469.147,,,,final,,,
electricity.ember.lifecycle-intensity-by-country,HUN,2004,431.415,,,,final,,,
electricity.ember.lifecycle-intensity-by-country,HUN,2005,382.657,,,,final,,,
electricity.ember.lifecycle-intensity-by-country,HUN,2006,390.237,,,,final,,,
electricity.ember.lifecycle-intensity-by-country,HUN,2007,385.961,,,,final,,,
electricity.ember.lifecycle-intensity-by-country,HUN,2008,376.062,,,,final,,,
electricity.ember.lifecycle-intensity-by-country,HUN,2009,344.166,,,,final,,,
electricity.ember.lifecycle-intensity-by-country,HUN,2010,340.873,,,,final,,,
electricity.ember.lifecycle-intensity-by-country,HUN,2011,341.005,,,,final,,,
electricity.ember.lifecycle-intensity-by-country,HUN,2012,332.553,,,,final,,,
electricity.ember.lifecycle-intensity-by-country,HUN,2013,317.773,,,,final,,,
electricity.ember.lifecycle-intensity-by-country,HUN,2014,300.102,,,,final,,,
electricity.ember.lifecycle-intensity-by-country,HUN,2015,298.253,,,,final,,,
electricity.ember.lifecycle-intensity-by-country,HUN,2016,299.78,,,,final,,,
electricity.ember.lifecycle-intensity-by-country,HUN,2017,290.249,,,,final,,,
electricity.ember.lifecycle-intensity-by-country,HUN,2018,284.025,,,,final,,,
electricity.ember.lifecycle-intensity-by-country,HUN,2019,265.811,,,,final,,,
electricity.ember.lifecycle-intensity-by-country,HUN,2020,257.216,,,,final,,,
electricity.ember.lifecycle-intensity-by-country,HUN,2021,238.532,,,,final,,,
electricity.ember.lifecycle-intensity-by-country,HUN,2022,229.011,,,,final,,,
electricity.ember.lifecycle-intensity-by-country,HUN,2023,195.554,,,,final,,,
electricity.ember.lifecycle-intensity-by-country,HUN,2024,183.894,,,,final,,,
electricity.ember.lifecycle-intensity-by-country,HUN,2025,162.62,,,,preliminary,"2025 is the latest year in Ember's file, which has no estimate flag; Ember's methodology says that for the most recent years it estimates annual generation from monthly data.",,
electricity.ember.lifecycle-intensity-by-country,IDN,2000,660.242,,,,final,,,
electricity.ember.lifecycle-intensity-by-country,IDN,2001,655.334,,,,final,,,
electricity.ember.lifecycle-intensity-by-country,IDN,2002,667.663,,,,final,,,
electricity.ember.lifecycle-intensity-by-country,IDN,2003,676.043,,,,final,,,
electricity.ember.lifecycle-intensity-by-country,IDN,2004,670.086,,,,final,,,
electricity.ember.lifecycle-intensity-by-country,IDN,2005,666.531,,,,final,,,
electricity.ember.lifecycle-intensity-by-country,IDN,2006,679.638,,,,final,,,
electricity.ember.lifecycle-intensity-by-country,IDN,2007,678.083,,,,final,,,
electricity.ember.lifecycle-intensity-by-country,IDN,2008,670.844,,,,final,,,
electricity.ember.lifecycle-intensity-by-country,IDN,2009,674.729,,,,final,,,
electricity.ember.lifecycle-intensity-by-country,IDN,2010,645.734,,,,final,,,
electricity.ember.lifecycle-intensity-by-country,IDN,2011,675.17,,,,final,,,
electricity.ember.lifecycle-intensity-by-country,IDN,2012,691.723,,,,final,,,
electricity.ember.lifecycle-intensity-by-country,IDN,2013,690.864,,,,final,,,
electricity.ember.lifecycle-intensity-by-country,IDN,2014,687.764,,,,final,,,
electricity.ember.lifecycle-intensity-by-country,IDN,2015,689.121,,,,final,,,
electricity.ember.lifecycle-intensity-by-country,IDN,2016,685.594,,,,final,,,
electricity.ember.lifecycle-intensity-by-country,IDN,2017,688.169,,,,final,,,
electricity.ember.lifecycle-intensity-by-country,IDN,2018,687.593,,,,final,,,
electricity.ember.lifecycle-intensity-by-country,IDN,2019,698.718,,,,final,,,
electricity.ember.lifecycle-intensity-by-country,IDN,2020,692.152,,,,final,,,
electricity.ember.lifecycle-intensity-by-country,IDN,2021,696.98,,,,final,,,
electricity.ember.lifecycle-intensity-by-country,IDN,2022,701.691,,,,final,,,
electricity.ember.lifecycle-intensity-by-country,IDN,2023,710.466,,,,final,,,
electricity.ember.lifecycle-intensity-by-country,IDN,2024,710.365,,,,final,,,
electricity.ember.lifecycle-intensity-by-country,IDN,2025,705.326,,,,preliminary,"2025 is the latest year in Ember's file, which has no estimate flag; Ember's methodology says that for the most recent years it estimates annual generation from monthly data.",,
electricity.ember.lifecycle-intensity-by-country,IND,2000,740.03,,,,final,,,
electricity.ember.lifecycle-intensity-by-country,IND,2001,747.404,,,,final,,,
electricity.ember.lifecycle-intensity-by-country,IND,2002,755.766,,,,final,,,
electricity.ember.lifecycle-intensity-by-country,IND,2003,757.982,,,,final,,,
electricity.ember.lifecycle-intensity-by-country,IND,2004,723.787,,,,final,,,
electricity.ember.lifecycle-intensity-by-country,IND,2005,734.047,,,,final,,,
electricity.ember.lifecycle-intensity-by-country,IND,2006,723.042,,,,final,,,
electricity.ember.lifecycle-intensity-by-country,IND,2007,717.886,,,,final,,,
electricity.ember.lifecycle-intensity-by-country,IND,2008,733.078,,,,final,,,
electricity.ember.lifecycle-intensity-by-country,IND,2009,744.54,,,,final,,,
electricity.ember.lifecycle-intensity-by-country,IND,2010,739.428,,,,final,,,
electricity.ember.lifecycle-intensity-by-country,IND,2011,722.164,,,,final,,,
electricity.ember.lifecycle-intensity-by-country,IND,2012,742.953,,,,final,,,
electricity.ember.lifecycle-intensity-by-country,IND,2013,739.137,,,,final,,,
electricity.ember.lifecycle-intensity-by-country,IND,2014,743.438,,,,final,,,
electricity.ember.lifecycle-intensity-by-country,IND,2015,750.845,,,,final,,,
electricity.ember.lifecycle-intensity-by-country,IND,2016,752.151,,,,final,,,
electricity.ember.lifecycle-intensity-by-country,IND,2017,743.41,,,,final,,,
electricity.ember.lifecycle-intensity-by-country,IND,2018,738.064,,,,final,,,
electricity.ember.lifecycle-intensity-by-country,IND,2019,722.976,,,,final,,,
electricity.ember.lifecycle-intensity-by-country,IND,2020,709.942,,,,final,,,
electricity.ember.lifecycle-intensity-by-country,IND,2021,716.182,,,,final,,,
electricity.ember.lifecycle-intensity-by-country,IND,2022,706.55,,,,final,,,
electricity.ember.lifecycle-intensity-by-country,IND,2023,714.187,,,,final,,,
electricity.ember.lifecycle-intensity-by-country,IND,2024,707.099,,,,final,,,
electricity.ember.lifecycle-intensity-by-country,IND,2025,670.945,,,,preliminary,"2025 is the latest year in Ember's file, which has no estimate flag; Ember's methodology says that for the most recent years it estimates annual generation from monthly data.",,
electricity.ember.lifecycle-intensity-by-country,IRL,2000,632.713,,,,final,,,
electricity.ember.lifecycle-intensity-by-country,IRL,2001,641.521,,,,final,,,
electricity.ember.lifecycle-intensity-by-country,IRL,2002,615.726,,,,final,,,
electricity.ember.lifecycle-intensity-by-country,IRL,2003,595.61,,,,final,,,
electricity.ember.lifecycle-intensity-by-country,IRL,2004,591.548,,,,final,,,
electricity.ember.lifecycle-intensity-by-country,IRL,2005,593.359,,,,final,,,
electricity.ember.lifecycle-intensity-by-country,IRL,2006,559.668,,,,final,,,
electricity.ember.lifecycle-intensity-by-country,IRL,2007,535.261,,,,final,,,
electricity.ember.lifecycle-intensity-by-country,IRL,2008,517.207,,,,final,,,
electricity.ember.lifecycle-intensity-by-country,IRL,2009,486.419,,,,final,,,
electricity.ember.lifecycle-intensity-by-country,IRL,2010,478.48,,,,final,,,
electricity.ember.lifecycle-intensity-by-country,IRL,2011,456.176,,,,final,,,
electricity.ember.lifecycle-intensity-by-country,IRL,2012,482.916,,,,final,,,
electricity.ember.lifecycle-intensity-by-country,IRL,2013,462.295,,,,final,,,
electricity.ember.lifecycle-intensity-by-country,IRL,2014,445.785,,,,final,,,
electricity.ember.lifecycle-intensity-by-country,IRL,2015,440.036,,,,final,,,
electricity.ember.lifecycle-intensity-by-country,IRL,2016,442.442,,,,final,,,
electricity.ember.lifecycle-intensity-by-country,IRL,2017,404.125,,,,final,,,
electricity.ember.lifecycle-intensity-by-country,IRL,2018,362.371,,,,final,,,
electricity.ember.lifecycle-intensity-by-country,IRL,2019,311.759,,,,final,,,
electricity.ember.lifecycle-intensity-by-country,IRL,2020,291.387,,,,final,,,
electricity.ember.lifecycle-intensity-by-country,IRL,2021,352.079,,,,final,,,
electricity.ember.lifecycle-intensity-by-country,IRL,2022,330.778,,,,final,,,
electricity.ember.lifecycle-intensity-by-country,IRL,2023,282.435,,,,final,,,
electricity.ember.lifecycle-intensity-by-country,IRL,2024,270.75,,,,final,,,
electricity.ember.lifecycle-intensity-by-country,IRL,2025,263.289,,,,preliminary,"2025 is the latest year in Ember's file, which has no estimate flag; Ember's methodology says that for the most recent years it estimates annual generation from monthly data.",,
electricity.ember.lifecycle-intensity-by-country,IRN,2000,667.407,,,,final,,,
electricity.ember.lifecycle-intensity-by-country,IRN,2001,667.748,,,,final,,,
electricity.ember.lifecycle-intensity-by-country,IRN,2002,651.834,,,,final,,,
electricity.ember.lifecycle-intensity-by-country,IRN,2003,648.955,,,,final,,,
electricity.ember.lifecycle-intensity-by-country,IRN,2004,641.613,,,,final,,,
electricity.ember.lifecycle-intensity-by-country,IRN,2005,636.33,,,,final,,,
electricity.ember.lifecycle-intensity-by-country,IRN,2006,624.753,,,,final,,,
electricity.ember.lifecycle-intensity-by-country,IRN,2007,630.854,,,,final,,,
electricity.ember.lifecycle-intensity-by-country,IRN,2008,662.359,,,,final,,,
electricity.ember.lifecycle-intensity-by-country,IRN,2009,666.809,,,,final,,,
electricity.ember.lifecycle-intensity-by-country,IRN,2010,661.257,,,,final,,,
electricity.ember.lifecycle-intensity-by-country,IRN,2011,654.141,,,,final,,,
electricity.ember.lifecycle-intensity-by-country,IRN,2012,648.34,,,,final,,,
electricity.ember.lifecycle-intensity-by-country,IRN,2013,633.62,,,,final,,,
electricity.ember.lifecycle-intensity-by-country,IRN,2014,644.161,,,,final,,,
electricity.ember.lifecycle-intensity-by-country,IRN,2015,650.853,,,,final,,,
electricity.ember.lifecycle-intensity-by-country,IRN,2016,642.137,,,,final,,,
electricity.ember.lifecycle-intensity-by-country,IRN,2017,641.698,,,,final,,,
electricity.ember.lifecycle-intensity-by-country,IRN,2018,657.887,,,,final,,,
electricity.ember.lifecycle-intensity-by-country,IRN,2019,607.865,,,,final,,,
electricity.ember.lifecycle-intensity-by-country,IRN,2020,632.828,,,,final,,,
electricity.ember.lifecycle-intensity-by-country,IRN,2021,659.844,,,,final,,,
electricity.ember.lifecycle-intensity-by-country,IRN,2022,655.378,,,,final,,,
electricity.ember.lifecycle-intensity-by-country,IRN,2023,641.425,,,,final,,,
electricity.ember.lifecycle-intensity-by-country,IRN,2024,648.672,,,,final,,,
electricity.ember.lifecycle-intensity-by-country,IRN,2025,657.957,,,,preliminary,"2025 is the latest year in Ember's file, which has no estimate flag; Ember's methodology says that for the most recent years it estimates annual generation from monthly data.",,
electricity.ember.lifecycle-intensity-by-country,IRQ,2000,658.401,,,,final,,,
electricity.ember.lifecycle-intensity-by-country,IRQ,2001,656.651,,,,final,,,
electricity.ember.lifecycle-intensity-by-country,IRQ,2002,657.088,,,,final,,,
electricity.ember.lifecycle-intensity-by-country,IRQ,2003,655.348,,,,final,,,
electricity.ember.lifecycle-intensity-by-country,IRQ,2004,652.307,,,,final,,,
electricity.ember.lifecycle-intensity-by-country,IRQ,2005,554.77,,,,final,,,
electricity.ember.lifecycle-intensity-by-country,IRQ,2006,571.593,,,,final,,,
electricity.ember.lifecycle-intensity-by-country,IRQ,2007,574.428,,,,final,,,
electricity.ember.lifecycle-intensity-by-country,IRQ,2008,631.155,,,,final,,,
electricity.ember.lifecycle-intensity-by-country,IRQ,2009,635.931,,,,final,,,
electricity.ember.lifecycle-intensity-by-country,IRQ,2010,616.684,,,,final,,,
electricity.ember.lifecycle-intensity-by-country,IRQ,2011,640.26,,,,final,,,
electricity.ember.lifecycle-intensity-by-country,IRQ,2012,612.386,,,,final,,,
electricity.ember.lifecycle-intensity-by-country,IRQ,2013,620.323,,,,final,,,
electricity.ember.lifecycle-intensity-by-country,IRQ,2014,645.183,,,,final,,,
electricity.ember.lifecycle-intensity-by-country,IRQ,2015,654.473,,,,final,,,
electricity.ember.lifecycle-intensity-by-country,IRQ,2016,648.468,,,,final,,,
electricity.ember.lifecycle-intensity-by-country,IRQ,2017,666.884,,,,final,,,
electricity.ember.lifecycle-intensity-by-country,IRQ,2018,682.116,,,,final,,,
electricity.ember.lifecycle-intensity-by-country,IRQ,2019,668.831,,,,final,,,
electricity.ember.lifecycle-intensity-by-country,IRQ,2020,674.206,,,,final,,,
electricity.ember.lifecycle-intensity-by-country,IRQ,2021,677.669,,,,final,,,
electricity.ember.lifecycle-intensity-by-country,IRQ,2022,688.667,,,,final,,,
electricity.ember.lifecycle-intensity-by-country,IRQ,2023,685.167,,,,final,,,
electricity.ember.lifecycle-intensity-by-country,IRQ,2024,683.09,,,,final,,,
electricity.ember.lifecycle-intensity-by-country,ISL,2000,26.15,,,,final,,,
electricity.ember.lifecycle-intensity-by-country,ISL,2001,26.256,,,,final,,,
electricity.ember.lifecycle-intensity-by-country,ISL,2002,26.946,,,,final,,,
electricity.ember.lifecycle-intensity-by-country,ISL,2003,26.777,,,,final,,,
electricity.ember.lifecycle-intensity-by-country,ISL,2004,26.112,,,,final,,,
electricity.ember.lifecycle-intensity-by-country,ISL,2005,26.481,,,,final,,,
electricity.ember.lifecycle-intensity-by-country,ISL,2006,27.411,,,,final,,,
electricity.ember.lifecycle-intensity-by-country,ISL,2007,27.923,,,,final,,,
electricity.ember.lifecycle-intensity-by-country,ISL,2008,27.173,,,,final,,,
electricity.ember.lifecycle-intensity-by-country,ISL,2009,27.528,,,,final,,,
electricity.ember.lifecycle-intensity-by-country,ISL,2010,27.24,,,,final,,,
electricity.ember.lifecycle-intensity-by-country,ISL,2011,27.418,,,,final,,,
electricity.ember.lifecycle-intensity-by-country,ISL,2012,27.82,,,,final,,,
electricity.ember.lifecycle-intensity-by-country,ISL,2013,27.793,,,,final,,,
electricity.ember.lifecycle-intensity-by-country,ISL,2014,27.809,,,,final,,,
electricity.ember.lifecycle-intensity-by-country,ISL,2015,27.493,,,,final,,,
electricity.ember.lifecycle-intensity-by-country,ISL,2016,27.628,,,,final,,,
electricity.ember.lifecycle-intensity-by-country,ISL,2017,27.53,,,,final,,,
electricity.ember.lifecycle-intensity-by-country,ISL,2018,27.984,,,,final,,,
electricity.ember.lifecycle-intensity-by-country,ISL,2019,28.048,,,,final,,,
electricity.ember.lifecycle-intensity-by-country,ISL,2020,28.11,,,,final,,,
electricity.ember.lifecycle-intensity-by-country,ISL,2021,27.901,,,,final,,,
electricity.ember.lifecycle-intensity-by-country,ISL,2022,27.881,,,,final,,,
electricity.ember.lifecycle-intensity-by-country,ISL,2023,27.764,,,,final,,,
electricity.ember.lifecycle-intensity-by-country,ISL,2024,27.822,,,,final,,,
electricity.ember.lifecycle-intensity-by-country,ISL,2025,27.756,,,,preliminary,"2025 is the latest year in Ember's file, which has no estimate flag; Ember's methodology says that for the most recent years it estimates annual generation from monthly data.",,
electricity.ember.lifecycle-intensity-by-country,ISR,2000,794.351,,,,final,,,
electricity.ember.lifecycle-intensity-by-country,ISR,2001,807.349,,,,final,,,
electricity.ember.lifecycle-intensity-by-country,ISR,2002,811.604,,,,final,,,
electricity.ember.lifecycle-intensity-by-country,ISR,2003,810.651,,,,final,,,
electricity.ember.lifecycle-intensity-by-country,ISR,2004,803.701,,,,final,,,
electricity.ember.lifecycle-intensity-by-country,ISR,2005,796.071,,,,final,,,
electricity.ember.lifecycle-intensity-by-country,ISR,2006,783.307,,,,final,,,
electricity.ember.lifecycle-intensity-by-country,ISR,2007,779.253,,,,final,,,
electricity.ember.lifecycle-intensity-by-country,ISR,2008,758.549,,,,final,,,
electricity.ember.lifecycle-intensity-by-country,ISR,2009,754.065,,,,final,,,
electricity.ember.lifecycle-intensity-by-country,ISR,2010,740.854,,,,final,,,
electricity.ember.lifecycle-intensity-by-country,ISR,2011,744.312,,,,final,,,
electricity.ember.lifecycle-intensity-by-country,ISR,2012,761.72,,,,final,,,
electricity.ember.lifecycle-intensity-by-country,ISR,2013,719.798,,,,final,,,
electricity.ember.lifecycle-intensity-by-country,ISR,2014,705.554,,,,final,,,
electricity.ember.lifecycle-intensity-by-country,ISR,2015,692.729,,,,final,,,
electricity.ember.lifecycle-intensity-by-country,ISR,2016,662.23,,,,final,,,
electricity.ember.lifecycle-intensity-by-country,ISR,2017,653.099,,,,final,,,
electricity.ember.lifecycle-intensity-by-country,ISR,2018,643.654,,,,final,,,
electricity.ember.lifecycle-intensity-by-country,ISR,2019,634.149,,,,final,,,
electricity.ember.lifecycle-intensity-by-country,ISR,2020,615.205,,,,final,,,
electricity.ember.lifecycle-intensity-by-country,ISR,2021,596.371,,,,final,,,
electricity.ember.lifecycle-intensity-by-country,ISR,2022,583.466,,,,final,,,
electricity.ember.lifecycle-intensity-by-country,ISR,2023,558.879,,,,final,,,
electricity.ember.lifecycle-intensity-by-country,ISR,2024,540.709,,,,final,,,
electricity.ember.lifecycle-intensity-by-country,ISR,2025,492.85,,,,preliminary,"2025 is the latest year in Ember's file, which has no estimate flag; Ember's methodology says that for the most recent years it estimates annual generation from monthly data.",,
electricity.ember.lifecycle-intensity-by-country,ITA,2000,501.619,,,,final,,,
electricity.ember.lifecycle-intensity-by-country,ITA,2001,498.683,,,,final,,,
electricity.ember.lifecycle-intensity-by-country,ITA,2002,523.053,,,,final,,,
electricity.ember.lifecycle-intensity-by-country,ITA,2003,523.272,,,,final,,,
electricity.ember.lifecycle-intensity-by-country,ITA,2004,510.997,,,,final,,,
electricity.ember.lifecycle-intensity-by-country,ITA,2005,510.152,,,,final,,,
electricity.ember.lifecycle-intensity-by-country,ITA,2006,506.747,,,,final,,,
electricity.ember.lifecycle-intensity-by-country,ITA,2007,504.765,,,,final,,,
electricity.ember.lifecycle-intensity-by-country,ITA,2008,485.493,,,,final,,,
electricity.ember.lifecycle-intensity-by-country,ITA,2009,458.587,,,,final,,,
electricity.ember.lifecycle-intensity-by-country,ITA,2010,446.492,,,,final,,,
electricity.ember.lifecycle-intensity-by-country,ITA,2011,445.611,,,,final,,,
electricity.ember.lifecycle-intensity-by-country,ITA,2012,438.174,,,,final,,,
electricity.ember.lifecycle-intensity-by-country,ITA,2013,398.962,,,,final,,,
electricity.ember.lifecycle-intensity-by-country,ITA,2014,379.308,,,,final,,,
electricity.ember.lifecycle-intensity-by-country,ITA,2015,398.724,,,,final,,,
electricity.ember.lifecycle-intensity-by-country,ITA,2016,389.54,,,,final,,,
electricity.ember.lifecycle-intensity-by-country,ITA,2017,392.79,,,,final,,,
electricity.ember.lifecycle-intensity-by-country,ITA,2018,366.86,,,,final,,,
electricity.ember.lifecycle-intensity-by-country,ITA,2019,351.281,,,,final,,,
electricity.ember.lifecycle-intensity-by-country,ITA,2020,334.193,,,,final,,,
electricity.ember.lifecycle-intensity-by-country,ITA,2021,339.101,,,,final,,,
electricity.ember.lifecycle-intensity-by-country,ITA,2022,377.849,,,,final,,,
electricity.ember.lifecycle-intensity-by-country,ITA,2023,323.288,,,,final,,,
electricity.ember.lifecycle-intensity-by-country,ITA,2024,281.435,,,,final,,,
electricity.ember.lifecycle-intensity-by-country,ITA,2025,284.271,,,,preliminary,"2025 is the latest year in Ember's file, which has no estimate flag; Ember's methodology says that for the most recent years it estimates annual generation from monthly data.",,
electricity.ember.lifecycle-intensity-by-country,JAM,2000,634.712,,,,final,,,
electricity.ember.lifecycle-intensity-by-country,JAM,2001,641.384,,,,final,,,
electricity.ember.lifecycle-intensity-by-country,JAM,2002,645.977,,,,final,,,
electricity.ember.lifecycle-intensity-by-country,JAM,2003,643.733,,,,final,,,
electricity.ember.lifecycle-intensity-by-country,JAM,2004,639.724,,,,final,,,
electricity.ember.lifecycle-intensity-by-country,JAM,2005,636.814,,,,final,,,
electricity.ember.lifecycle-intensity-by-country,JAM,2006,636.0,,,,final,,,
electricity.ember.lifecycle-intensity-by-country,JAM,2007,629.373,,,,final,,,
electricity.ember.lifecycle-intensity-by-country,JAM,2008,621.04,,,,final,,,
electricity.ember.lifecycle-intensity-by-country,JAM,2009,615.909,,,,final,,,
electricity.ember.lifecycle-intensity-by-country,JAM,2010,615.046,,,,final,,,
electricity.ember.lifecycle-intensity-by-country,JAM,2011,608.486,,,,final,,,
electricity.ember.lifecycle-intensity-by-country,JAM,2012,600.928,,,,final,,,
electricity.ember.lifecycle-intensity-by-country,JAM,2013,605.594,,,,final,,,
electricity.ember.lifecycle-intensity-by-country,JAM,2014,601.878,,,,final,,,
electricity.ember.lifecycle-intensity-by-country,JAM,2015,600.0,,,,final,,,
electricity.ember.lifecycle-intensity-by-country,JAM,2016,588.196,,,,final,,,
electricity.ember.lifecycle-intensity-by-country,JAM,2017,580.594,,,,final,,,
electricity.ember.lifecycle-intensity-by-country,JAM,2018,562.879,,,,final,,,
electricity.ember.lifecycle-intensity-by-country,JAM,2019,571.336,,,,final,,,
electricity.ember.lifecycle-intensity-by-country,JAM,2020,554.439,,,,final,,,
electricity.ember.lifecycle-intensity-by-country,JAM,2021,557.241,,,,final,,,
electricity.ember.lifecycle-intensity-by-country,JAM,2022,561.915,,,,final,,,
electricity.ember.lifecycle-intensity-by-country,JAM,2023,564.78,,,,final,,,
electricity.ember.lifecycle-intensity-by-country,JAM,2024,562.398,,,,final,,,
electricity.ember.lifecycle-intensity-by-country,JOR,2000,658.073,,,,final,,,
electricity.ember.lifecycle-intensity-by-country,JOR,2001,658.223,,,,final,,,
electricity.ember.lifecycle-intensity-by-country,JOR,2002,657.02,,,,final,,,
electricity.ember.lifecycle-intensity-by-country,JOR,2003,657.534,,,,final,,,
electricity.ember.lifecycle-intensity-by-country,JOR,2004,671.429,,,,final,,,
electricity.ember.lifecycle-intensity-by-country,JOR,2005,673.161,,,,final,,,
electricity.ember.lifecycle-intensity-by-country,JOR,2006,679.137,,,,final,,,
electricity.ember.lifecycle-intensity-by-country,JOR,2007,683.32,,,,final,,,
electricity.ember.lifecycle-intensity-by-country,JOR,2008,684.099,,,,final,,,
electricity.ember.lifecycle-intensity-by-country,JOR,2009,686.625,,,,final,,,
electricity.ember.lifecycle-intensity-by-country,JOR,2010,679.838,,,,final,,,
electricity.ember.lifecycle-intensity-by-country,JOR,2011,664.959,,,,final,,,
electricity.ember.lifecycle-intensity-by-country,JOR,2012,661.905,,,,final,,,
electricity.ember.lifecycle-intensity-by-country,JOR,2013,664.658,,,,final,,,
electricity.ember.lifecycle-intensity-by-country,JOR,2014,658.128,,,,final,,,
electricity.ember.lifecycle-intensity-by-country,JOR,2015,667.209,,,,final,,,
electricity.ember.lifecycle-intensity-by-country,JOR,2016,659.888,,,,final,,,
electricity.ember.lifecycle-intensity-by-country,JOR,2017,643.696,,,,final,,,
electricity.ember.lifecycle-intensity-by-country,JOR,2018,620.815,,,,final,,,
electricity.ember.lifecycle-intensity-by-country,JOR,2019,596.542,,,,final,,,
electricity.ember.lifecycle-intensity-by-country,JOR,2020,566.618,,,,final,,,
electricity.ember.lifecycle-intensity-by-country,JOR,2021,540.028,,,,final,,,
electricity.ember.lifecycle-intensity-by-country,JOR,2022,539.211,,,,final,,,
electricity.ember.lifecycle-intensity-by-country,JOR,2023,542.575,,,,final,,,
electricity.ember.lifecycle-intensity-by-country,JOR,2024,529.7,,,,final,,,
electricity.ember.lifecycle-intensity-by-country,JPN,2000,424.431,,,,final,,,
electricity.ember.lifecycle-intensity-by-country,JPN,2001,424.052,,,,final,,,
electricity.ember.lifecycle-intensity-by-country,JPN,2002,433.787,,,,final,,,
electricity.ember.lifecycle-intensity-by-country,JPN,2003,476.382,,,,final,,,
electricity.ember.lifecycle-intensity-by-country,JPN,2004,450.313,,,,final,,,
electricity.ember.lifecycle-intensity-by-country,JPN,2005,461.865,,,,final,,,
electricity.ember.lifecycle-intensity-by-country,JPN,2006,447.309,,,,final,,,
electricity.ember.lifecycle-intensity-by-country,JPN,2007,470.26,,,,final,,,
electricity.ember.lifecycle-intensity-by-country,JPN,2008,485.305,,,,final,,,
electricity.ember.lifecycle-intensity-by-country,JPN,2009,460.283,,,,final,,,
electricity.ember.lifecycle-intensity-by-country,JPN,2010,446.741,,,,final,,,
electricity.ember.lifecycle-intensity-by-country,JPN,2011,505.409,,,,final,,,
electricity.ember.lifecycle-intensity-by-country,JPN,2012,594.63,,,,final,,,
electricity.ember.lifecycle-intensity-by-country,JPN,2013,595.999,,,,final,,,
electricity.ember.lifecycle-intensity-by-country,JPN,2014,591.612,,,,final,,,
electricity.ember.lifecycle-intensity-by-country,JPN,2015,578.141,,,,final,,,
electricity.ember.lifecycle-intensity-by-country,JPN,2016,567.119,,,,final,,,
electricity.ember.lifecycle-intensity-by-country,JPN,2017,558.138,,,,final,,,
electricity.ember.lifecycle-intensity-by-country,JPN,2018,541.568,,,,final,,,
electricity.ember.lifecycle-intensity-by-country,JPN,2019,528.596,,,,final,,,
electricity.ember.lifecycle-intensity-by-country,JPN,2020,527.837,,,,final,,,
electricity.ember.lifecycle-intensity-by-country,JPN,2021,514.59,,,,final,,,
electricity.ember.lifecycle-intensity-by-country,JPN,2022,519.686,,,,final,,,
electricity.ember.lifecycle-intensity-by-country,JPN,2023,492.594,,,,final,,,
electricity.ember.lifecycle-intensity-by-country,JPN,2024,483.58,,,,final,,,
electricity.ember.lifecycle-intensity-by-country,JPN,2025,477.376,,,,preliminary,"2025 is the latest year in Ember's file, which has no estimate flag; Ember's methodology says that for the most recent years it estimates annual generation from monthly data.",,
electricity.ember.lifecycle-intensity-by-country,KAZ,2000,781.177,,,,final,,,
electricity.ember.lifecycle-intensity-by-country,KAZ,2001,783.658,,,,final,,,
electricity.ember.lifecycle-intensity-by-country,KAZ,2002,775.176,,,,final,,,
electricity.ember.lifecycle-intensity-by-country,KAZ,2003,793.909,,,,final,,,
electricity.ember.lifecycle-intensity-by-country,KAZ,2004,812.875,,,,final,,,
electricity.ember.lifecycle-intensity-by-country,KAZ,2005,811.587,,,,final,,,
electricity.ember.lifecycle-intensity-by-country,KAZ,2006,804.884,,,,final,,,
electricity.ember.lifecycle-intensity-by-country,KAZ,2007,802.754,,,,final,,,
electricity.ember.lifecycle-intensity-by-country,KAZ,2008,832.06,,,,final,,,
electricity.ember.lifecycle-intensity-by-country,KAZ,2009,848.673,,,,final,,,
electricity.ember.lifecycle-intensity-by-country,KAZ,2010,835.535,,,,final,,,
electricity.ember.lifecycle-intensity-by-country,KAZ,2011,841.615,,,,final,,,
electricity.ember.lifecycle-intensity-by-country,KAZ,2012,852.759,,,,final,,,
electricity.ember.lifecycle-intensity-by-country,KAZ,2013,854.832,,,,final,,,
electricity.ember.lifecycle-intensity-by-country,KAZ,2014,851.405,,,,final,,,
electricity.ember.lifecycle-intensity-by-country,KAZ,2015,836.236,,,,final,,,
electricity.ember.lifecycle-intensity-by-country,KAZ,2016,815.122,,,,final,,,
electricity.ember.lifecycle-intensity-by-country,KAZ,2017,831.817,,,,final,,,
electricity.ember.lifecycle-intensity-by-country,KAZ,2018,841.098,,,,final,,,
electricity.ember.lifecycle-intensity-by-country,KAZ,2019,839.331,,,,final,,,
electricity.ember.lifecycle-intensity-by-country,KAZ,2020,835.935,,,,final,,,
electricity.ember.lifecycle-intensity-by-country,KAZ,2021,833.238,,,,final,,,
electricity.ember.lifecycle-intensity-by-country,KAZ,2022,830.915,,,,final,,,
electricity.ember.lifecycle-intensity-by-country,KAZ,2023,826.552,,,,final,,,
electricity.ember.lifecycle-intensity-by-country,KAZ,2024,801.899,,,,final,,,
electricity.ember.lifecycle-intensity-by-country,KAZ,2025,805.78,,,,preliminary,"2025 is the latest year in Ember's file, which has no estimate flag; Ember's methodology says that for the most recent years it estimates annual generation from monthly data.",,
electricity.ember.lifecycle-intensity-by-country,KEN,2000,403.248,,,,final,,,
electricity.ember.lifecycle-intensity-by-country,KEN,2001,282.328,,,,final,,,
electricity.ember.lifecycle-intensity-by-country,KEN,2002,190.097,,,,final,,,
electricity.ember.lifecycle-intensity-by-country,KEN,2003,156.752,,,,final,,,
electricity.ember.lifecycle-intensity-by-country,KEN,2004,228.084,,,,final,,,
electricity.ember.lifecycle-intensity-by-country,KEN,2005,250.448,,,,final,,,
electricity.ember.lifecycle-intensity-by-country,KEN,2006,273.236,,,,final,,,
electricity.ember.lifecycle-intensity-by-country,KEN,2007,203.898,,,,final,,,
electricity.ember.lifecycle-intensity-by-country,KEN,2008,214.309,,,,final,,,
electricity.ember.lifecycle-intensity-by-country,KEN,2009,290.229,,,,final,,,
electricity.ember.lifecycle-intensity-by-country,KEN,2010,201.257,,,,final,,,
electricity.ember.lifecycle-intensity-by-country,KEN,2011,233.206,,,,final,,,
electricity.ember.lifecycle-intensity-by-country,KEN,2012,180.416,,,,final,,,
electricity.ember.lifecycle-intensity-by-country,KEN,2013,175.619,,,,final,,,
electricity.ember.lifecycle-intensity-by-country,KEN,2014,188.152,,,,final,,,
electricity.ember.lifecycle-intensity-by-country,KEN,2015,103.976,,,,final,,,
electricity.ember.lifecycle-intensity-by-country,KEN,2016,108.988,,,,final,,,
electricity.ember.lifecycle-intensity-by-country,KEN,2017,163.62,,,,final,,,
electricity.ember.lifecycle-intensity-by-country,KEN,2018,119.469,,,,final,,,
electricity.ember.lifecycle-intensity-by-country,KEN,2019,102.682,,,,final,,,
electricity.ember.lifecycle-intensity-by-country,KEN,2020,72.688,,,,final,,,
electricity.ember.lifecycle-intensity-by-country,KEN,2021,95.88,,,,final,,,
electricity.ember.lifecycle-intensity-by-country,KEN,2022,109.259,,,,final,,,
electricity.ember.lifecycle-intensity-by-country,KEN,2023,97.031,,,,final,,,
electricity.ember.lifecycle-intensity-by-country,KEN,2024,85.822,,,,final,,,
electricity.ember.lifecycle-intensity-by-country,KEN,2025,95.886,,,,preliminary,"2025 is the latest year in Ember's file, which has no estimate flag; Ember's methodology says that for the most recent years it estimates annual generation from monthly data.",,
electricity.ember.lifecycle-intensity-by-country,KGZ,2000,102.019,,,,final,,,
electricity.ember.lifecycle-intensity-by-country,KGZ,2001,111.411,,,,final,,,
electricity.ember.lifecycle-intensity-by-country,KGZ,2002,107.011,,,,final,,,
electricity.ember.lifecycle-intensity-by-country,KGZ,2003,89.637,,,,final,,,
electricity.ember.lifecycle-intensity-by-country,KGZ,2004,89.975,,,,final,,,
electricity.ember.lifecycle-intensity-by-country,KGZ,2005,132.208,,,,final,,,
electricity.ember.lifecycle-intensity-by-country,KGZ,2006,135.258,,,,final,,,
electricity.ember.lifecycle-intensity-by-country,KGZ,2007,138.299,,,,final,,,
electricity.ember.lifecycle-intensity-by-country,KGZ,2008,142.686,,,,final,,,
electricity.ember.lifecycle-intensity-by-country,KGZ,2009,82.332,,,,final,,,
electricity.ember.lifecycle-intensity-by-country,KGZ,2010,86.322,,,,final,,,
electricity.ember.lifecycle-intensity-by-country,KGZ,2011,75.816,,,,final,,,
electricity.ember.lifecycle-intensity-by-country,KGZ,2012,78.377,,,,final,,,
electricity.ember.lifecycle-intensity-by-country,KGZ,2013,81.968,,,,final,,,
electricity.ember.lifecycle-intensity-by-country,KGZ,2014,99.099,,,,final,,,
electricity.ember.lifecycle-intensity-by-country,KGZ,2015,154.102,,,,final,,,
electricity.ember.lifecycle-intensity-by-country,KGZ,2016,140.0,,,,final,,,
electricity.ember.lifecycle-intensity-by-country,KGZ,2017,97.918,,,,final,,,
electricity.ember.lifecycle-intensity-by-country,KGZ,2018,95.01,,,,final,,,
electricity.ember.lifecycle-intensity-by-country,KGZ,2019,97.796,,,,final,,,
electricity.ember.lifecycle-intensity-by-country,KGZ,2020,105.649,,,,final,,,
electricity.ember.lifecycle-intensity-by-country,KGZ,2021,150.396,,,,final,,,
electricity.ember.lifecycle-intensity-by-country,KGZ,2022,147.178,,,,final,,,
electricity.ember.lifecycle-intensity-by-country,KGZ,2023,139.853,,,,final,,,
electricity.ember.lifecycle-intensity-by-country,KGZ,2024,120.165,,,,final,,,
electricity.ember.lifecycle-intensity-by-country,KGZ,2025,,,,,preliminary,"2025 is the latest year in Ember's file, which has no estimate flag; Ember's methodology says that for the most recent years it estimates annual generation from monthly data.","Not published: Ember's file gives negative generation for Kyrgyzstan in 2025 (Other fossil -0.144 TWh), so its emissions intensity does not describe a generation mix.",
electricity.ember.lifecycle-intensity-by-country,KHM,2000,618.75,,,,final,,,
electricity.ember.lifecycle-intensity-by-country,KHM,2001,621.154,,,,final,,,
electricity.ember.lifecycle-intensity-by-country,KHM,2002,614.035,,,,final,,,
electricity.ember.lifecycle-intensity-by-country,KHM,2003,618.75,,,,final,,,
electricity.ember.lifecycle-intensity-by-country,KHM,2004,632.432,,,,final,,,
electricity.ember.lifecycle-intensity-by-country,KHM,2005,629.545,,,,final,,,
electricity.ember.lifecycle-intensity-by-country,KHM,2006,628.704,,,,final,,,
electricity.ember.lifecycle-intensity-by-country,KHM,2007,634.328,,,,final,,,
electricity.ember.lifecycle-intensity-by-country,KHM,2008,639.189,,,,final,,,
electricity.ember.lifecycle-intensity-by-country,KHM,2009,633.871,,,,final,,,
electricity.ember.lifecycle-intensity-by-country,KHM,2010,640.206,,,,final,,,
electricity.ember.lifecycle-intensity-by-country,KHM,2011,632.353,,,,final,,,
electricity.ember.lifecycle-intensity-by-country,KHM,2012,430.07,,,,final,,,
electricity.ember.lifecycle-intensity-by-country,KHM,2013,311.798,,,,final,,,
electricity.ember.lifecycle-intensity-by-country,KHM,2014,329.412,,,,final,,,
electricity.ember.lifecycle-intensity-by-country,KHM,2015,446.548,,,,final,,,
electricity.ember.lifecycle-intensity-by-country,KHM,2016,447.08,,,,final,,,
electricity.ember.lifecycle-intensity-by-country,KHM,2017,505.43,,,,final,,,
electricity.ember.lifecycle-intensity-by-country,KHM,2018,362.714,,,,final,,,
electricity.ember.lifecycle-intensity-by-country,KHM,2019,440.715,,,,final,,,
electricity.ember.lifecycle-intensity-by-country,KHM,2020,385.771,,,,final,,,
electricity.ember.lifecycle-intensity-by-country,KHM,2021,356.849,,,,final,,,
electricity.ember.lifecycle-intensity-by-country,KHM,2022,300.198,,,,final,,,
electricity.ember.lifecycle-intensity-by-country,KHM,2023,491.618,,,,final,,,
electricity.ember.lifecycle-intensity-by-country,KHM,2024,538.695,,,,final,,,
electricity.ember.lifecycle-intensity-by-country,KHM,2025,498.761,,,,preliminary,"2025 is the latest year in Ember's file, which has no estimate flag; Ember's methodology says that for the most recent years it estimates annual generation from monthly data.",,
electricity.ember.lifecycle-intensity-by-country,KIR,2000,700.0,,,,final,,,
electricity.ember.lifecycle-intensity-by-country,KIR,2001,650.0,,,,final,,,
electricity.ember.lifecycle-intensity-by-country,KIR,2002,650.0,,,,final,,,
electricity.ember.lifecycle-intensity-by-country,KIR,2003,650.0,,,,final,,,
electricity.ember.lifecycle-intensity-by-country,KIR,2004,650.0,,,,final,,,
electricity.ember.lifecycle-intensity-by-country,KIR,2005,650.0,,,,final,,,
electricity.ember.lifecycle-intensity-by-country,KIR,2006,666.667,,,,final,,,
electricity.ember.lifecycle-intensity-by-country,KIR,2007,666.667,,,,final,,,
electricity.ember.lifecycle-intensity-by-country,KIR,2008,650.0,,,,final,,,
electricity.ember.lifecycle-intensity-by-country,KIR,2009,650.0,,,,final,,,
electricity.ember.lifecycle-intensity-by-country,KIR,2010,650.0,,,,final,,,
electricity.ember.lifecycle-intensity-by-country,KIR,2011,650.0,,,,final,,,
electricity.ember.lifecycle-intensity-by-country,KIR,2012,650.0,,,,final,,,
electricity.ember.lifecycle-intensity-by-country,KIR,2013,666.667,,,,final,,,
electricity.ember.lifecycle-intensity-by-country,KIR,2014,666.667,,,,final,,,
electricity.ember.lifecycle-intensity-by-country,KIR,2015,666.667,,,,final,,,
electricity.ember.lifecycle-intensity-by-country,KIR,2016,666.667,,,,final,,,
electricity.ember.lifecycle-intensity-by-country,KIR,2017,666.667,,,,final,,,
electricity.ember.lifecycle-intensity-by-country,KIR,2018,666.667,,,,final,,,
electricity.ember.lifecycle-intensity-by-country,KIR,2019,500.0,,,,final,,,
electricity.ember.lifecycle-intensity-by-country,KIR,2020,500.0,,,,final,,,
electricity.ember.lifecycle-intensity-by-country,KIR,2021,500.0,,,,final,,,
electricity.ember.lifecycle-intensity-by-country,KIR,2022,500.0,,,,final,,,
electricity.ember.lifecycle-intensity-by-country,KIR,2023,500.0,,,,final,,,
electricity.ember.lifecycle-intensity-by-country,KIR,2024,500.0,,,,final,,,
electricity.ember.lifecycle-intensity-by-country,KNA,2000,660.0,,,,final,,,
electricity.ember.lifecycle-intensity-by-country,KNA,2001,656.25,,,,final,,,
electricity.ember.lifecycle-intensity-by-country,KNA,2002,655.556,,,,final,,,
electricity.ember.lifecycle-intensity-by-country,KNA,2003,655.556,,,,final,,,
electricity.ember.lifecycle-intensity-by-country,KNA,2004,655.556,,,,final,,,
electricity.ember.lifecycle-intensity-by-country,KNA,2005,657.895,,,,final,,,
electricity.ember.lifecycle-intensity-by-country,KNA,2006,657.895,,,,final,,,
electricity.ember.lifecycle-intensity-by-country,KNA,2007,657.143,,,,final,,,
electricity.ember.lifecycle-intensity-by-country,KNA,2008,660.0,,,,final,,,
electricity.ember.lifecycle-intensity-by-country,KNA,2009,659.091,,,,final,,,
electricity.ember.lifecycle-intensity-by-country,KNA,2010,657.143,,,,final,,,
electricity.ember.lifecycle-intensity-by-country,KNA,2011,659.091,,,,final,,,
electricity.ember.lifecycle-intensity-by-country,KNA,2012,627.273,,,,final,,,
electricity.ember.lifecycle-intensity-by-country,KNA,2013,627.273,,,,final,,,
electricity.ember.lifecycle-intensity-by-country,KNA,2014,627.273,,,,final,,,
electricity.ember.lifecycle-intensity-by-country,KNA,2015,627.273,,,,final,,,
electricity.ember.lifecycle-intensity-by-country,KNA,2016,630.435,,,,final,,,
electricity.ember.lifecycle-intensity-by-country,KNA,2017,659.091,,,,final,,,
electricity.ember.lifecycle-intensity-by-country,KNA,2018,630.435,,,,final,,,
electricity.ember.lifecycle-intensity-by-country,KNA,2019,630.435,,,,final,,,
electricity.ember.lifecycle-intensity-by-country,KNA,2020,627.273,,,,final,,,
electricity.ember.lifecycle-intensity-by-country,KNA,2021,627.273,,,,final,,,
electricity.ember.lifecycle-intensity-by-country,KNA,2022,627.273,,,,final,,,
electricity.ember.lifecycle-intensity-by-country,KNA,2023,627.273,,,,final,,,
electricity.ember.lifecycle-intensity-by-country,KNA,2024,604.348,,,,final,,,
electricity.ember.lifecycle-intensity-by-country,KOR,2000,461.591,,,,final,,,
electricity.ember.lifecycle-intensity-by-country,KOR,2001,475.258,,,,final,,,
electricity.ember.lifecycle-intensity-by-country,KOR,2002,472.772,,,,final,,,
electricity.ember.lifecycle-intensity-by-country,KOR,2003,457.909,,,,final,,,
electricity.ember.lifecycle-intensity-by-country,KOR,2004,462.638,,,,final,,,
electricity.ember.lifecycle-intensity-by-country,KOR,2005,449.555,,,,final,,,
electricity.ember.lifecycle-intensity-by-country,KOR,2006,451.19,,,,final,,,
electricity.ember.lifecycle-intensity-by-country,KOR,2007,473.637,,,,final,,,
electricity.ember.lifecycle-intensity-by-country,KOR,2008,477.289,,,,final,,,
electricity.ember.lifecycle-intensity-by-country,KOR,2009,495.264,,,,final,,,
electricity.ember.lifecycle-intensity-by-country,KOR,2010,500.202,,,,final,,,
electricity.ember.lifecycle-intensity-by-country,KOR,2011,497.094,,,,final,,,
electricity.ember.lifecycle-intensity-by-country,KOR,2012,501.911,,,,final,,,
electricity.ember.lifecycle-intensity-by-country,KOR,2013,511.756,,,,final,,,
electricity.ember.lifecycle-intensity-by-country,KOR,2014,493.39,,,,final,,,
electricity.ember.lifecycle-intensity-by-country,KOR,2015,487.652,,,,final,,,
electricity.ember.lifecycle-intensity-by-country,KOR,2016,489.363,,,,final,,,
electricity.ember.lifecycle-intensity-by-country,KOR,2017,511.462,,,,final,,,
electricity.ember.lifecycle-intensity-by-country,KOR,2018,518.829,,,,final,,,
electricity.ember.lifecycle-intensity-by-country,KOR,2019,497.004,,,,final,,,
electricity.ember.lifecycle-intensity-by-country,KOR,2020,457.687,,,,final,,,
electricity.ember.lifecycle-intensity-by-country,KOR,2021,459.504,,,,final,,,
electricity.ember.lifecycle-intensity-by-country,KOR,2022,438.117,,,,final,,,
electricity.ember.lifecycle-intensity-by-country,KOR,2023,427.338,,,,final,,,
electricity.ember.lifecycle-intensity-by-country,KOR,2024,415.63,,,,final,,,
electricity.ember.lifecycle-intensity-by-country,KOR,2025,417.117,,,,preliminary,"2025 is the latest year in Ember's file, which has no estimate flag; Ember's methodology says that for the most recent years it estimates annual generation from monthly data.",,
electricity.ember.lifecycle-intensity-by-country,KOS,2000,991.892,,,,final,,,
electricity.ember.lifecycle-intensity-by-country,KOS,2001,995.979,,,,final,,,
electricity.ember.lifecycle-intensity-by-country,KOS,2002,995.687,,,,final,,,
electricity.ember.lifecycle-intensity-by-country,KOS,2003,994.49,,,,final,,,
electricity.ember.lifecycle-intensity-by-country,KOS,2004,981.863,,,,final,,,
electricity.ember.lifecycle-intensity-by-country,KOS,2005,984.305,,,,final,,,
electricity.ember.lifecycle-intensity-by-country,KOS,2006,986.23,,,,final,,,
electricity.ember.lifecycle-intensity-by-country,KOS,2007,990.476,,,,final,,,
electricity.ember.lifecycle-intensity-by-country,KOS,2008,993.605,,,,final,,,
electricity.ember.lifecycle-intensity-by-country,KOS,2009,986.519,,,,final,,,
electricity.ember.lifecycle-intensity-by-country,KOS,2010,979.11,,,,final,,,
electricity.ember.lifecycle-intensity-by-country,KOS,2011,992.759,,,,final,,,
electricity.ember.lifecycle-intensity-by-country,KOS,2012,993.771,,,,final,,,
electricity.ember.lifecycle-intensity-by-country,KOS,2013,989.264,,,,final,,,
electricity.ember.lifecycle-intensity-by-country,KOS,2014,983.057,,,,final,,,
electricity.ember.lifecycle-intensity-by-country,KOS,2015,987.725,,,,final,,,
electricity.ember.lifecycle-intensity-by-country,KOS,2016,969.064,,,,final,,,
electricity.ember.lifecycle-intensity-by-country,KOS,2017,980.405,,,,final,,,
electricity.ember.lifecycle-intensity-by-country,KOS,2018,960.237,,,,final,,,
electricity.ember.lifecycle-intensity-by-country,KOS,2019,961.575,,,,final,,,
electricity.ember.lifecycle-intensity-by-country,KOS,2020,957.313,,,,final,,,
electricity.ember.lifecycle-intensity-by-country,KOS,2021,945.441,,,,final,,,
electricity.ember.lifecycle-intensity-by-country,KOS,2022,945.441,,,,final,,,
electricity.ember.lifecycle-intensity-by-country,KOS,2023,885.016,,,,final,,,
electricity.ember.lifecycle-intensity-by-country,KOS,2024,925.037,,,,final,,,
electricity.ember.lifecycle-intensity-by-country,KOS,2025,901.874,,,,preliminary,"2025 is the latest year in Ember's file, which has no estimate flag; Ember's methodology says that for the most recent years it estimates annual generation from monthly data.",,
electricity.ember.lifecycle-intensity-by-country,KWT,2000,653.603,,,,final,,,
electricity.ember.lifecycle-intensity-by-country,KWT,2001,653.907,,,,final,,,
electricity.ember.lifecycle-intensity-by-country,KWT,2002,655.073,,,,final,,,
electricity.ember.lifecycle-intensity-by-country,KWT,2003,654.698,,,,final,,,
electricity.ember.lifecycle-intensity-by-country,KWT,2004,654.29,,,,final,,,
electricity.ember.lifecycle-intensity-by-country,KWT,2005,654.654,,,,final,,,
electricity.ember.lifecycle-intensity-by-country,KWT,2006,653.803,,,,final,,,
electricity.ember.lifecycle-intensity-by-country,KWT,2007,653.744,,,,final,,,
electricity.ember.lifecycle-intensity-by-country,KWT,2008,653.237,,,,final,,,
electricity.ember.lifecycle-intensity-by-country,KWT,2009,654.153,,,,final,,,
electricity.ember.lifecycle-intensity-by-country,KWT,2010,653.375,,,,final,,,
electricity.ember.lifecycle-intensity-by-country,KWT,2011,652.767,,,,final,,,
electricity.ember.lifecycle-intensity-by-country,KWT,2012,651.145,,,,final,,,
electricity.ember.lifecycle-intensity-by-country,KWT,2013,651.91,,,,final,,,
electricity.ember.lifecycle-intensity-by-country,KWT,2014,650.975,,,,final,,,
electricity.ember.lifecycle-intensity-by-country,KWT,2015,650.512,,,,final,,,
electricity.ember.lifecycle-intensity-by-country,KWT,2016,650.057,,,,final,,,
electricity.ember.lifecycle-intensity-by-country,KWT,2017,650.559,,,,final,,,
electricity.ember.lifecycle-intensity-by-country,KWT,2018,650.128,,,,final,,,
electricity.ember.lifecycle-intensity-by-country,KWT,2019,649.614,,,,final,,,
electricity.ember.lifecycle-intensity-by-country,KWT,2020,650.214,,,,final,,,
electricity.ember.lifecycle-intensity-by-country,KWT,2021,649.579,,,,final,,,
electricity.ember.lifecycle-intensity-by-country,KWT,2022,636.816,,,,final,,,
electricity.ember.lifecycle-intensity-by-country,KWT,2023,636.085,,,,final,,,
electricity.ember.lifecycle-intensity-by-country,KWT,2024,635.269,,,,final,,,
electricity.ember.lifecycle-intensity-by-country,KWT,2025,634.723,,,,preliminary,"2025 is the latest year in Ember's file, which has no estimate flag; Ember's methodology says that for the most recent years it estimates annual generation from monthly data.",,
electricity.ember.lifecycle-intensity-by-country,LAO,2000,87.945,,,,final,,,
electricity.ember.lifecycle-intensity-by-country,LAO,2001,87.738,,,,final,,,
electricity.ember.lifecycle-intensity-by-country,LAO,2002,87.675,,,,final,,,
electricity.ember.lifecycle-intensity-by-country,LAO,2003,88.254,,,,final,,,
electricity.ember.lifecycle-intensity-by-country,LAO,2004,23.667,,,,final,,,
electricity.ember.lifecycle-intensity-by-country,LAO,2005,23.647,,,,final,,,
electricity.ember.lifecycle-intensity-by-country,LAO,2006,23.889,,,,final,,,
electricity.ember.lifecycle-intensity-by-country,LAO,2007,23.739,,,,final,,,
electricity.ember.lifecycle-intensity-by-country,LAO,2008,23.656,,,,final,,,
electricity.ember.lifecycle-intensity-by-country,LAO,2009,23.739,,,,final,,,
electricity.ember.lifecycle-intensity-by-country,LAO,2010,23.804,,,,final,,,
electricity.ember.lifecycle-intensity-by-country,LAO,2011,23.754,,,,final,,,
electricity.ember.lifecycle-intensity-by-country,LAO,2012,23.743,,,,final,,,
electricity.ember.lifecycle-intensity-by-country,LAO,2013,23.893,,,,final,,,
electricity.ember.lifecycle-intensity-by-country,LAO,2014,23.743,,,,final,,,
electricity.ember.lifecycle-intensity-by-country,LAO,2015,148.762,,,,final,,,
electricity.ember.lifecycle-intensity-by-country,LAO,2016,302.903,,,,final,,,
electricity.ember.lifecycle-intensity-by-country,LAO,2017,338.397,,,,final,,,
electricity.ember.lifecycle-intensity-by-country,LAO,2018,336.2,,,,final,,,
electricity.ember.lifecycle-intensity-by-country,LAO,2019,350.576,,,,final,,,
electricity.ember.lifecycle-intensity-by-country,LAO,2020,277.953,,,,final,,,
electricity.ember.lifecycle-intensity-by-country,LAO,2021,260.512,,,,final,,,
electricity.ember.lifecycle-intensity-by-country,LAO,2022,237.265,,,,final,,,
electricity.ember.lifecycle-intensity-by-country,LAO,2023,232.103,,,,final,,,
electricity.ember.lifecycle-intensity-by-country,LAO,2024,232.078,,,,final,,,
electricity.ember.lifecycle-intensity-by-country,LBN,2000,629.95,,,,final,,,
electricity.ember.lifecycle-intensity-by-country,LBN,2001,636.985,,,,final,,,
electricity.ember.lifecycle-intensity-by-country,LBN,2002,621.212,,,,final,,,
electricity.ember.lifecycle-intensity-by-country,LBN,2003,591.802,,,,final,,,
electricity.ember.lifecycle-intensity-by-country,LBN,2004,596.503,,,,final,,,
electricity.ember.lifecycle-intensity-by-country,LBN,2005,601.79,,,,final,,,
electricity.ember.lifecycle-intensity-by-country,LBN,2006,619.417,,,,final,,,
electricity.ember.lifecycle-intensity-by-country,LBN,2007,623.179,,,,final,,,
electricity.ember.lifecycle-intensity-by-country,LBN,2008,639.116,,,,final,,,
electricity.ember.lifecycle-intensity-by-country,LBN,2009,626.579,,,,final,,,
electricity.ember.lifecycle-intensity-by-country,LBN,2010,619.733,,,,final,,,
electricity.ember.lifecycle-intensity-by-country,LBN,2011,626.871,,,,final,,,
electricity.ember.lifecycle-intensity-by-country,LBN,2012,619.441,,,,final,,,
electricity.ember.lifecycle-intensity-by-country,LBN,2013,615.479,,,,final,,,
electricity.ember.lifecycle-intensity-by-country,LBN,2014,650.584,,,,final,,,
electricity.ember.lifecycle-intensity-by-country,LBN,2015,640.987,,,,final,,,
electricity.ember.lifecycle-intensity-by-country,LBN,2016,643.998,,,,final,,,
electricity.ember.lifecycle-intensity-by-country,LBN,2017,643.718,,,,final,,,
electricity.ember.lifecycle-intensity-by-country,LBN,2018,644.361,,,,final,,,
electricity.ember.lifecycle-intensity-by-country,LBN,2019,625.475,,,,final,,,
electricity.ember.lifecycle-intensity-by-country,LBN,2020,615.726,,,,final,,,
electricity.ember.lifecycle-intensity-by-country,LBN,2021,600.387,,,,final,,,
electricity.ember.lifecycle-intensity-by-country,LBN,2022,377.346,,,,final,,,
electricity.ember.lifecycle-intensity-by-country,LBN,2023,448.089,,,,final,,,
electricity.ember.lifecycle-intensity-by-country,LBN,2024,388.202,,,,final,,,
electricity.ember.lifecycle-intensity-by-country,LBR,2000,660.0,,,,final,,,
electricity.ember.lifecycle-intensity-by-country,LBR,2001,660.0,,,,final,,,
electricity.ember.lifecycle-intensity-by-country,LBR,2002,660.0,,,,final,,,
electricity.ember.lifecycle-intensity-by-country,LBR,2003,660.0,,,,final,,,
electricity.ember.lifecycle-intensity-by-country,LBR,2004,660.0,,,,final,,,
electricity.ember.lifecycle-intensity-by-country,LBR,2005,660.0,,,,final,,,
electricity.ember.lifecycle-intensity-by-country,LBR,2006,660.0,,,,final,,,
electricity.ember.lifecycle-intensity-by-country,LBR,2007,656.0,,,,final,,,
electricity.ember.lifecycle-intensity-by-country,LBR,2008,656.0,,,,final,,,
electricity.ember.lifecycle-intensity-by-country,LBR,2009,656.0,,,,final,,,
electricity.ember.lifecycle-intensity-by-country,LBR,2010,656.0,,,,final,,,
electricity.ember.lifecycle-intensity-by-country,LBR,2011,656.667,,,,final,,,
electricity.ember.lifecycle-intensity-by-country,LBR,2012,656.667,,,,final,,,
electricity.ember.lifecycle-intensity-by-country,LBR,2013,656.667,,,,final,,,
electricity.ember.lifecycle-intensity-by-country,LBR,2014,656.667,,,,final,,,
electricity.ember.lifecycle-intensity-by-country,LBR,2015,658.065,,,,final,,,
electricity.ember.lifecycle-intensity-by-country,LBR,2016,656.667,,,,final,,,
electricity.ember.lifecycle-intensity-by-country,LBR,2017,657.143,,,,final,,,
electricity.ember.lifecycle-intensity-by-country,LBR,2018,456.098,,,,final,,,
electricity.ember.lifecycle-intensity-by-country,LBR,2019,461.905,,,,final,,,
electricity.ember.lifecycle-intensity-by-country,LBR,2020,475.556,,,,final,,,
electricity.ember.lifecycle-intensity-by-country,LBR,2021,442.105,,,,final,,,
electricity.ember.lifecycle-intensity-by-country,LBR,2022,446.154,,,,final,,,
electricity.ember.lifecycle-intensity-by-country,LBR,2023,293.443,,,,final,,,
electricity.ember.lifecycle-intensity-by-country,LBR,2024,314.035,,,,final,,,
electricity.ember.lifecycle-intensity-by-country,LBY,2000,707.742,,,,final,,,
electricity.ember.lifecycle-intensity-by-country,LBY,2001,708.007,,,,final,,,
electricity.ember.lifecycle-intensity-by-country,LBY,2002,705.876,,,,final,,,
electricity.ember.lifecycle-intensity-by-country,LBY,2003,704.222,,,,final,,,
electricity.ember.lifecycle-intensity-by-country,LBY,2004,701.04,,,,final,,,
electricity.ember.lifecycle-intensity-by-country,LBY,2005,718.772,,,,final,,,
electricity.ember.lifecycle-intensity-by-country,LBY,2006,747.838,,,,final,,,
electricity.ember.lifecycle-intensity-by-country,LBY,2007,757.835,,,,final,,,
electricity.ember.lifecycle-intensity-by-country,LBY,2008,750.994,,,,final,,,
electricity.ember.lifecycle-intensity-by-country,LBY,2009,746.939,,,,final,,,
electricity.ember.lifecycle-intensity-by-country,LBY,2010,764.711,,,,final,,,
electricity.ember.lifecycle-intensity-by-country,LBY,2011,793.426,,,,final,,,
electricity.ember.lifecycle-intensity-by-country,LBY,2012,794.984,,,,final,,,
electricity.ember.lifecycle-intensity-by-country,LBY,2013,790.272,,,,final,,,
electricity.ember.lifecycle-intensity-by-country,LBY,2014,779.671,,,,final,,,
electricity.ember.lifecycle-intensity-by-country,LBY,2015,780.379,,,,final,,,
electricity.ember.lifecycle-intensity-by-country,LBY,2016,822.438,,,,final,,,
electricity.ember.lifecycle-intensity-by-country,LBY,2017,813.462,,,,final,,,
electricity.ember.lifecycle-intensity-by-country,LBY,2018,806.583,,,,final,,,
electricity.ember.lifecycle-intensity-by-country,LBY,2019,810.165,,,,final,,,
electricity.ember.lifecycle-intensity-by-country,LBY,2020,824.169,,,,final,,,
electricity.ember.lifecycle-intensity-by-country,LBY,2021,831.36,,,,final,,,
electricity.ember.lifecycle-intensity-by-country,LBY,2022,830.362,,,,final,,,
electricity.ember.lifecycle-intensity-by-country,LBY,2023,825.215,,,,final,,,
electricity.ember.lifecycle-intensity-by-country,LBY,2024,826.915,,,,final,,,
electricity.ember.lifecycle-intensity-by-country,LCA,2000,657.143,,,,final,,,
electricity.ember.lifecycle-intensity-by-country,LCA,2001,658.621,,,,final,,,
electricity.ember.lifecycle-intensity-by-country,LCA,2002,658.621,,,,final,,,
electricity.ember.lifecycle-intensity-by-country,LCA,2003,656.667,,,,final,,,
electricity.ember.lifecycle-intensity-by-country,LCA,2004,658.065,,,,final,,,
electricity.ember.lifecycle-intensity-by-country,LCA,2005,659.375,,,,final,,,
electricity.ember.lifecycle-intensity-by-country,LCA,2006,657.576,,,,final,,,
electricity.ember.lifecycle-intensity-by-country,LCA,2007,657.143,,,,final,,,
electricity.ember.lifecycle-intensity-by-country,LCA,2008,657.143,,,,final,,,
electricity.ember.lifecycle-intensity-by-country,LCA,2009,658.333,,,,final,,,
electricity.ember.lifecycle-intensity-by-country,LCA,2010,657.895,,,,final,,,
electricity.ember.lifecycle-intensity-by-country,LCA,2011,658.974,,,,final,,,
electricity.ember.lifecycle-intensity-by-country,LCA,2012,657.895,,,,final,,,
electricity.ember.lifecycle-intensity-by-country,LCA,2013,657.895,,,,final,,,
electricity.ember.lifecycle-intensity-by-country,LCA,2014,657.895,,,,final,,,
electricity.ember.lifecycle-intensity-by-country,LCA,2015,657.895,,,,final,,,
electricity.ember.lifecycle-intensity-by-country,LCA,2016,658.974,,,,final,,,
electricity.ember.lifecycle-intensity-by-country,LCA,2017,657.5,,,,final,,,
electricity.ember.lifecycle-intensity-by-country,LCA,2018,643.902,,,,final,,,
electricity.ember.lifecycle-intensity-by-country,LCA,2019,642.857,,,,final,,,
electricity.ember.lifecycle-intensity-by-country,LCA,2020,642.105,,,,final,,,
electricity.ember.lifecycle-intensity-by-country,LCA,2021,642.5,,,,final,,,
electricity.ember.lifecycle-intensity-by-country,LCA,2022,642.5,,,,final,,,
electricity.ember.lifecycle-intensity-by-country,LCA,2023,642.5,,,,final,,,
electricity.ember.lifecycle-intensity-by-country,LCA,2024,642.5,,,,final,,,
electricity.ember.lifecycle-intensity-by-country,LKA,2000,357.67,,,,final,,,
electricity.ember.lifecycle-intensity-by-country,LKA,2001,361.319,,,,final,,,
electricity.ember.lifecycle-intensity-by-country,LKA,2002,411.239,,,,final,,,
electricity.ember.lifecycle-intensity-by-country,LKA,2003,382.045,,,,final,,,
electricity.ember.lifecycle-intensity-by-country,LKA,2004,425.216,,,,final,,,
electricity.ember.lifecycle-intensity-by-country,LKA,2005,408.503,,,,final,,,
electricity.ember.lifecycle-intensity-by-country,LKA,2006,345.657,,,,final,,,
electricity.ember.lifecycle-intensity-by-country,LKA,2007,403.138,,,,final,,,
electricity.ember.lifecycle-intensity-by-country,LKA,2008,392.238,,,,final,,,
electricity.ember.lifecycle-intensity-by-country,LKA,2009,406.977,,,,final,,,
electricity.ember.lifecycle-intensity-by-country,LKA,2010,319.496,,,,final,,,
electricity.ember.lifecycle-intensity-by-country,LKA,2011,415.584,,,,final,,,
electricity.ember.lifecycle-intensity-by-country,LKA,2012,496.102,,,,final,,,
electricity.ember.lifecycle-intensity-by-country,LKA,2013,301.836,,,,final,,,
electricity.ember.lifecycle-intensity-by-country,LKA,2014,461.687,,,,final,,,
electricity.ember.lifecycle-intensity-by-country,LKA,2015,418.849,,,,final,,,
electricity.ember.lifecycle-intensity-by-country,LKA,2016,522.432,,,,final,,,
electricity.ember.lifecycle-intensity-by-country,LKA,2017,532.774,,,,final,,,
electricity.ember.lifecycle-intensity-by-country,LKA,2018,448.724,,,,final,,,
electricity.ember.lifecycle-intensity-by-country,LKA,2019,518.476,,,,final,,,
electricity.ember.lifecycle-intensity-by-country,LKA,2020,513.212,,,,final,,,
electricity.ember.lifecycle-intensity-by-country,LKA,2021,417.933,,,,final,,,
electricity.ember.lifecycle-intensity-by-country,LKA,2022,410.448,,,,final,,,
electricity.ember.lifecycle-intensity-by-country,LKA,2023,416.901,,,,final,,,
electricity.ember.lifecycle-intensity-by-country,LKA,2024,386.756,,,,final,,,
electricity.ember.lifecycle-intensity-by-country,LKA,2025,367.655,,,,preliminary,"2025 is the latest year in Ember's file, which has no estimate flag; Ember's methodology says that for the most recent years it estimates annual generation from monthly data.",,
electricity.ember.lifecycle-intensity-by-country,LSO,2000,24.138,,,,final,,,
electricity.ember.lifecycle-intensity-by-country,LSO,2001,25.0,,,,final,,,
electricity.ember.lifecycle-intensity-by-country,LSO,2002,22.581,,,,final,,,
electricity.ember.lifecycle-intensity-by-country,LSO,2003,25.0,,,,final,,,
electricity.ember.lifecycle-intensity-by-country,LSO,2004,23.333,,,,final,,,
electricity.ember.lifecycle-intensity-by-country,LSO,2005,23.913,,,,final,,,
electricity.ember.lifecycle-intensity-by-country,LSO,2006,23.077,,,,final,,,
electricity.ember.lifecycle-intensity-by-country,LSO,2007,23.636,,,,final,,,
electricity.ember.lifecycle-intensity-by-country,LSO,2008,24.138,,,,final,,,
electricity.ember.lifecycle-intensity-by-country,LSO,2009,23.077,,,,final,,,
electricity.ember.lifecycle-intensity-by-country,LSO,2010,23.188,,,,final,,,
electricity.ember.lifecycle-intensity-by-country,LSO,2011,24.49,,,,final,,,
electricity.ember.lifecycle-intensity-by-country,LSO,2012,24.49,,,,final,,,
electricity.ember.lifecycle-intensity-by-country,LSO,2013,23.529,,,,final,,,
electricity.ember.lifecycle-intensity-by-country,LSO,2014,23.077,,,,final,,,
electricity.ember.lifecycle-intensity-by-country,LSO,2015,24.528,,,,final,,,
electricity.ember.lifecycle-intensity-by-country,LSO,2016,23.077,,,,final,,,
electricity.ember.lifecycle-intensity-by-country,LSO,2017,24.074,,,,final,,,
electricity.ember.lifecycle-intensity-by-country,LSO,2018,23.077,,,,final,,,
electricity.ember.lifecycle-intensity-by-country,LSO,2019,23.077,,,,final,,,
electricity.ember.lifecycle-intensity-by-country,LSO,2020,23.256,,,,final,,,
electricity.ember.lifecycle-intensity-by-country,LSO,2021,24.528,,,,final,,,
electricity.ember.lifecycle-intensity-by-country,LSO,2022,22.917,,,,final,,,
electricity.ember.lifecycle-intensity-by-country,LSO,2023,,,,,final,,"Ember's file gives Total generation of 0.0 TWh for Lesotho in 2023, and no emissions intensity.",
electricity.ember.lifecycle-intensity-by-country,LSO,2024,,,,,final,,"Ember's file gives Total generation of 0.0 TWh for Lesotho in 2024, and no emissions intensity.",
electricity.ember.lifecycle-intensity-by-country,LTU,2000,103.774,,,,final,,,
electricity.ember.lifecycle-intensity-by-country,LTU,2001,90.111,,,,final,,,
electricity.ember.lifecycle-intensity-by-country,LTU,2002,76.865,,,,final,,,
electricity.ember.lifecycle-intensity-by-country,LTU,2003,72.317,,,,final,,,
electricity.ember.lifecycle-intensity-by-country,LTU,2004,77.44,,,,final,,,
electricity.ember.lifecycle-intensity-by-country,LTU,2005,110.957,,,,final,,,
electricity.ember.lifecycle-intensity-by-country,LTU,2006,110.605,,,,final,,,
electricity.ember.lifecycle-intensity-by-country,LTU,2007,104.458,,,,final,,,
electricity.ember.lifecycle-intensity-by-country,LTU,2008,103.151,,,,final,,,
electricity.ember.lifecycle-intensity-by-country,LTU,2009,105.533,,,,final,,,
electricity.ember.lifecycle-intensity-by-country,LTU,2010,369.4,,,,final,,,
electricity.ember.lifecycle-intensity-by-country,LTU,2011,322.588,,,,final,,,
electricity.ember.lifecycle-intensity-by-country,LTU,2012,320.889,,,,final,,,
electricity.ember.lifecycle-intensity-by-country,LTU,2013,293.556,,,,final,,,
electricity.ember.lifecycle-intensity-by-country,LTU,2014,285.095,,,,final,,,
electricity.ember.lifecycle-intensity-by-country,LTU,2015,293.853,,,,final,,,
electricity.ember.lifecycle-intensity-by-country,LTU,2016,234.986,,,,final,,,
electricity.ember.lifecycle-intensity-by-country,LTU,2017,183.146,,,,final,,,
electricity.ember.lifecycle-intensity-by-country,LTU,2018,180.479,,,,final,,,
electricity.ember.lifecycle-intensity-by-country,LTU,2019,171.557,,,,final,,,
electricity.ember.lifecycle-intensity-by-country,LTU,2020,231.064,,,,final,,,
electricity.ember.lifecycle-intensity-by-country,LTU,2021,220.465,,,,final,,,
electricity.ember.lifecycle-intensity-by-country,LTU,2022,180.198,,,,final,,,
electricity.ember.lifecycle-intensity-by-country,LTU,2023,121.321,,,,final,,,
electricity.ember.lifecycle-intensity-by-country,LTU,2024,116.097,,,,final,,,
electricity.ember.lifecycle-intensity-by-country,LTU,2025,138.173,,,,preliminary,"2025 is the latest year in Ember's file, which has no estimate flag; Ember's methodology says that for the most recent years it estimates annual generation from monthly data.",,
electricity.ember.lifecycle-intensity-by-country,LUX,2000,240.0,,,,final,,,
electricity.ember.lifecycle-intensity-by-country,LUX,2001,286.207,,,,final,,,
electricity.ember.lifecycle-intensity-by-country,LUX,2002,317.5,,,,final,,,
electricity.ember.lifecycle-intensity-by-country,LUX,2003,318.638,,,,final,,,
electricity.ember.lifecycle-intensity-by-country,LUX,2004,316.32,,,,final,,,
electricity.ember.lifecycle-intensity-by-country,LUX,2005,314.925,,,,final,,,
electricity.ember.lifecycle-intensity-by-country,LUX,2006,313.842,,,,final,,,
electricity.ember.lifecycle-intensity-by-country,LUX,2007,311.285,,,,final,,,
electricity.ember.lifecycle-intensity-by-country,LUX,2008,306.618,,,,final,,,
electricity.ember.lifecycle-intensity-by-country,LUX,2009,311.111,,,,final,,,
electricity.ember.lifecycle-intensity-by-country,LUX,2010,312.654,,,,final,,,
electricity.ember.lifecycle-intensity-by-country,LUX,2011,314.773,,,,final,,,
electricity.ember.lifecycle-intensity-by-country,LUX,2012,307.609,,,,final,,,
electricity.ember.lifecycle-intensity-by-country,LUX,2013,289.13,,,,final,,,
electricity.ember.lifecycle-intensity-by-country,LUX,2014,287.435,,,,final,,,
electricity.ember.lifecycle-intensity-by-country,LUX,2015,267.164,,,,final,,,
electricity.ember.lifecycle-intensity-by-country,LUX,2016,216.456,,,,final,,,
electricity.ember.lifecycle-intensity-by-country,LUX,2017,191.111,,,,final,,,
electricity.ember.lifecycle-intensity-by-country,LUX,2018,184.375,,,,final,,,
electricity.ember.lifecycle-intensity-by-country,LUX,2019,175.701,,,,final,,,
electricity.ember.lifecycle-intensity-by-country,LUX,2020,163.115,,,,final,,,
electricity.ember.lifecycle-intensity-by-country,LUX,2021,163.415,,,,final,,,
electricity.ember.lifecycle-intensity-by-country,LUX,2022,150.413,,,,final,,,
electricity.ember.lifecycle-intensity-by-country,LUX,2023,122.695,,,,final,,,
electricity.ember.lifecycle-intensity-by-country,LUX,2024,125.828,,,,final,,,
electricity.ember.lifecycle-intensity-by-country,LUX,2025,120.779,,,,preliminary,"2025 is the latest year in Ember's file, which has no estimate flag; Ember's methodology says that for the most recent years it estimates annual generation from monthly data.",,
electricity.ember.lifecycle-intensity-by-country,LVA,2000,146.135,,,,final,,,
electricity.ember.lifecycle-intensity-by-country,LVA,2001,148.478,,,,final,,,
electricity.ember.lifecycle-intensity-by-country,LVA,2002,165.743,,,,final,,,
electricity.ember.lifecycle-intensity-by-country,LVA,2003,172.04,,,,final,,,
electricity.ember.lifecycle-intensity-by-country,LVA,2004,137.527,,,,final,,,
electricity.ember.lifecycle-intensity-by-country,LVA,2005,129.878,,,,final,,,
electricity.ember.lifecycle-intensity-by-country,LVA,2006,171.779,,,,final,,,
electricity.ember.lifecycle-intensity-by-country,LVA,2007,165.546,,,,final,,,
electricity.ember.lifecycle-intensity-by-country,LVA,2008,158.634,,,,final,,,
electricity.ember.lifecycle-intensity-by-country,LVA,2009,148.654,,,,final,,,
electricity.ember.lifecycle-intensity-by-country,LVA,2010,179.638,,,,final,,,
electricity.ember.lifecycle-intensity-by-country,LVA,2011,196.223,,,,final,,,
electricity.ember.lifecycle-intensity-by-country,LVA,2012,146.515,,,,final,,,
electricity.ember.lifecycle-intensity-by-country,LVA,2013,186.129,,,,final,,,
electricity.ember.lifecycle-intensity-by-country,LVA,2014,203.891,,,,final,,,
electricity.ember.lifecycle-intensity-by-country,LVA,2015,220.217,,,,final,,,
electricity.ember.lifecycle-intensity-by-country,LVA,2016,204.517,,,,final,,,
electricity.ember.lifecycle-intensity-by-country,LVA,2017,141.169,,,,final,,,
electricity.ember.lifecycle-intensity-by-country,LVA,2018,215.03,,,,final,,,
electricity.ember.lifecycle-intensity-by-country,LVA,2019,223.602,,,,final,,,
electricity.ember.lifecycle-intensity-by-country,LVA,2020,176.399,,,,final,,,
electricity.ember.lifecycle-intensity-by-country,LVA,2021,176.068,,,,final,,,
electricity.ember.lifecycle-intensity-by-country,LVA,2022,136.382,,,,final,,,
electricity.ember.lifecycle-intensity-by-country,LVA,2023,120.063,,,,final,,,
electricity.ember.lifecycle-intensity-by-country,LVA,2024,134.521,,,,final,,,
electricity.ember.lifecycle-intensity-by-country,LVA,2025,134.896,,,,preliminary,"2025 is the latest year in Ember's file, which has no estimate flag; Ember's methodology says that for the most recent years it estimates annual generation from monthly data.",,
electricity.ember.lifecycle-intensity-by-country,MAC,2000,657.962,,,,final,,,
electricity.ember.lifecycle-intensity-by-country,MAC,2001,641.401,,,,final,,,
electricity.ember.lifecycle-intensity-by-country,MAC,2002,640.0,,,,final,,,
electricity.ember.lifecycle-intensity-by-country,MAC,2003,621.111,,,,final,,,
electricity.ember.lifecycle-intensity-by-country,MAC,2004,624.365,,,,final,,,
electricity.ember.lifecycle-intensity-by-country,MAC,2005,623.153,,,,final,,,
electricity.ember.lifecycle-intensity-by-country,MAC,2006,613.174,,,,final,,,
electricity.ember.lifecycle-intensity-by-country,MAC,2007,608.553,,,,final,,,
electricity.ember.lifecycle-intensity-by-country,MAC,2008,566.942,,,,final,,,
electricity.ember.lifecycle-intensity-by-country,MAC,2009,580.137,,,,final,,,
electricity.ember.lifecycle-intensity-by-country,MAC,2010,526.852,,,,final,,,
electricity.ember.lifecycle-intensity-by-country,MAC,2011,523.596,,,,final,,,
electricity.ember.lifecycle-intensity-by-country,MAC,2012,476.786,,,,final,,,
electricity.ember.lifecycle-intensity-by-country,MAC,2013,400.0,,,,final,,,
electricity.ember.lifecycle-intensity-by-country,MAC,2014,448.437,,,,final,,,
electricity.ember.lifecycle-intensity-by-country,MAC,2015,565.263,,,,final,,,
electricity.ember.lifecycle-intensity-by-country,MAC,2016,568.687,,,,final,,,
electricity.ember.lifecycle-intensity-by-country,MAC,2017,560.544,,,,final,,,
electricity.ember.lifecycle-intensity-by-country,MAC,2018,506.154,,,,final,,,
electricity.ember.lifecycle-intensity-by-country,MAC,2019,501.19,,,,final,,,
electricity.ember.lifecycle-intensity-by-country,MAC,2020,480.357,,,,final,,,
electricity.ember.lifecycle-intensity-by-country,MAC,2021,434.0,,,,final,,,
electricity.ember.lifecycle-intensity-by-country,MAC,2022,438.776,,,,final,,,
electricity.ember.lifecycle-intensity-by-country,MAC,2023,468.182,,,,final,,,
electricity.ember.lifecycle-intensity-by-country,MAC,2024,474.359,,,,final,,,
electricity.ember.lifecycle-intensity-by-country,MAR,2000,759.343,,,,final,,,
electricity.ember.lifecycle-intensity-by-country,MAR,2001,769.359,,,,final,,,
electricity.ember.lifecycle-intensity-by-country,MAR,2002,765.629,,,,final,,,
electricity.ember.lifecycle-intensity-by-country,MAR,2003,735.741,,,,final,,,
electricity.ember.lifecycle-intensity-by-country,MAR,2004,733.028,,,,final,,,
electricity.ember.lifecycle-intensity-by-country,MAR,2005,717.186,,,,final,,,
electricity.ember.lifecycle-intensity-by-country,MAR,2006,708.304,,,,final,,,
electricity.ember.lifecycle-intensity-by-country,MAR,2007,707.313,,,,final,,,
electricity.ember.lifecycle-intensity-by-country,MAR,2008,695.971,,,,final,,,
electricity.ember.lifecycle-intensity-by-country,MAR,2009,635.738,,,,final,,,
electricity.ember.lifecycle-intensity-by-country,MAR,2010,610.328,,,,final,,,
electricity.ember.lifecycle-intensity-by-country,MAR,2011,652.299,,,,final,,,
electricity.ember.lifecycle-intensity-by-country,MAR,2012,648.661,,,,final,,,
electricity.ember.lifecycle-intensity-by-country,MAR,2013,612.546,,,,final,,,
electricity.ember.lifecycle-intensity-by-country,MAR,2014,651.246,,,,final,,,
electricity.ember.lifecycle-intensity-by-country,MAR,2015,640.187,,,,final,,,
electricity.ember.lifecycle-intensity-by-country,MAR,2016,633.657,,,,final,,,
electricity.ember.lifecycle-intensity-by-country,MAR,2017,637.007,,,,final,,,
electricity.ember.lifecycle-intensity-by-country,MAR,2018,621.354,,,,final,,,
electricity.ember.lifecycle-intensity-by-country,MAR,2019,631.649,,,,final,,,
electricity.ember.lifecycle-intensity-by-country,MAR,2020,645.773,,,,final,,,
electricity.ember.lifecycle-intensity-by-country,MAR,2021,639.685,,,,final,,,
electricity.ember.lifecycle-intensity-by-country,MAR,2022,662.473,,,,final,,,
electricity.ember.lifecycle-intensity-by-country,MAR,2023,616.839,,,,final,,,
electricity.ember.lifecycle-intensity-by-country,MAR,2024,595.307,,,,final,,,
electricity.ember.lifecycle-intensity-by-country,MAR,2025,603.003,,,,preliminary,"2025 is the latest year in Ember's file, which has no estimate flag; Ember's methodology says that for the most recent years it estimates annual generation from monthly data.",,
electricity.ember.lifecycle-intensity-by-country,MDA,2000,662.202,,,,final,,,
electricity.ember.lifecycle-intensity-by-country,MDA,2001,669.231,,,,final,,,
electricity.ember.lifecycle-intensity-by-country,MDA,2002,668.794,,,,final,,,
electricity.ember.lifecycle-intensity-by-country,MDA,2003,668.631,,,,final,,,
electricity.ember.lifecycle-intensity-by-country,MDA,2004,670.172,,,,final,,,
electricity.ember.lifecycle-intensity-by-country,MDA,2005,670.184,,,,final,,,
electricity.ember.lifecycle-intensity-by-country,MDA,2006,669.737,,,,final,,,
electricity.ember.lifecycle-intensity-by-country,MDA,2007,670.698,,,,final,,,
electricity.ember.lifecycle-intensity-by-country,MDA,2008,668.22,,,,final,,,
electricity.ember.lifecycle-intensity-by-country,MDA,2009,672.375,,,,final,,,
electricity.ember.lifecycle-intensity-by-country,MDA,2010,666.448,,,,final,,,
electricity.ember.lifecycle-intensity-by-country,MDA,2011,669.896,,,,final,,,
electricity.ember.lifecycle-intensity-by-country,MDA,2012,679.69,,,,final,,,
electricity.ember.lifecycle-intensity-by-country,MDA,2013,664.302,,,,final,,,
electricity.ember.lifecycle-intensity-by-country,MDA,2014,669.832,,,,final,,,
electricity.ember.lifecycle-intensity-by-country,MDA,2015,681.291,,,,final,,,
electricity.ember.lifecycle-intensity-by-country,MDA,2016,683.761,,,,final,,,
electricity.ember.lifecycle-intensity-by-country,MDA,2017,669.355,,,,final,,,
electricity.ember.lifecycle-intensity-by-country,MDA,2018,671.747,,,,final,,,
electricity.ember.lifecycle-intensity-by-country,MDA,2019,668.014,,,,final,,,
electricity.ember.lifecycle-intensity-by-country,MDA,2020,672.492,,,,final,,,
electricity.ember.lifecycle-intensity-by-country,MDA,2021,666.667,,,,final,,,
electricity.ember.lifecycle-intensity-by-country,MDA,2022,645.028,,,,final,,,
electricity.ember.lifecycle-intensity-by-country,MDA,2023,643.465,,,,final,,,
electricity.ember.lifecycle-intensity-by-country,MDA,2024,636.738,,,,final,,,
electricity.ember.lifecycle-intensity-by-country,MDA,2025,514.403,,,,preliminary,"2025 is the latest year in Ember's file, which has no estimate flag; Ember's methodology says that for the most recent years it estimates annual generation from monthly data.",,
electricity.ember.lifecycle-intensity-by-country,MDG,2000,254.651,,,,final,,,
electricity.ember.lifecycle-intensity-by-country,MDG,2001,270.455,,,,final,,,
electricity.ember.lifecycle-intensity-by-country,MDG,2002,254.651,,,,final,,,
electricity.ember.lifecycle-intensity-by-country,MDG,2003,257.292,,,,final,,,
electricity.ember.lifecycle-intensity-by-country,MDG,2004,273.333,,,,final,,,
electricity.ember.lifecycle-intensity-by-country,MDG,2005,270.755,,,,final,,,
electricity.ember.lifecycle-intensity-by-country,MDG,2006,280.374,,,,final,,,
electricity.ember.lifecycle-intensity-by-country,MDG,2007,251.786,,,,final,,,
electricity.ember.lifecycle-intensity-by-country,MDG,2008,283.051,,,,final,,,
electricity.ember.lifecycle-intensity-by-country,MDG,2009,265.546,,,,final,,,
electricity.ember.lifecycle-intensity-by-country,MDG,2010,313.077,,,,final,,,
electricity.ember.lifecycle-intensity-by-country,MDG,2011,368.027,,,,final,,,
electricity.ember.lifecycle-intensity-by-country,MDG,2012,357.692,,,,final,,,
electricity.ember.lifecycle-intensity-by-country,MDG,2013,350.909,,,,final,,,
electricity.ember.lifecycle-intensity-by-country,MDG,2014,335.465,,,,final,,,
electricity.ember.lifecycle-intensity-by-country,MDG,2015,325.698,,,,final,,,
electricity.ember.lifecycle-intensity-by-country,MDG,2016,361.579,,,,final,,,
electricity.ember.lifecycle-intensity-by-country,MDG,2017,407.576,,,,final,,,
electricity.ember.lifecycle-intensity-by-country,MDG,2018,424.79,,,,final,,,
electricity.ember.lifecycle-intensity-by-country,MDG,2019,454.656,,,,final,,,
electricity.ember.lifecycle-intensity-by-country,MDG,2020,421.296,,,,final,,,
electricity.ember.lifecycle-intensity-by-country,MDG,2021,487.352,,,,final,,,
electricity.ember.lifecycle-intensity-by-country,MDG,2022,476.136,,,,final,,,
electricity.ember.lifecycle-intensity-by-country,MDG,2023,423.387,,,,final,,,
electricity.ember.lifecycle-intensity-by-country,MDG,2024,433.745,,,,final,,,
electricity.ember.lifecycle-intensity-by-country,MDV,2000,660.0,,,,final,,,
electricity.ember.lifecycle-intensity-by-country,MDV,2001,656.25,,,,final,,,
electricity.ember.lifecycle-intensity-by-country,MDV,2002,657.895,,,,final,,,
electricity.ember.lifecycle-intensity-by-country,MDV,2003,659.091,,,,final,,,
electricity.ember.lifecycle-intensity-by-country,MDV,2004,658.333,,,,final,,,
electricity.ember.lifecycle-intensity-by-country,MDV,2005,659.259,,,,final,,,
electricity.ember.lifecycle-intensity-by-country,MDV,2006,658.065,,,,final,,,
electricity.ember.lifecycle-intensity-by-country,MDV,2007,657.143,,,,final,,,
electricity.ember.lifecycle-intensity-by-country,MDV,2008,658.537,,,,final,,,
electricity.ember.lifecycle-intensity-by-country,MDV,2009,658.974,,,,final,,,
electricity.ember.lifecycle-intensity-by-country,MDV,2010,657.143,,,,final,,,
electricity.ember.lifecycle-intensity-by-country,MDV,2011,657.895,,,,final,,,
electricity.ember.lifecycle-intensity-by-country,MDV,2012,657.5,,,,final,,,
electricity.ember.lifecycle-intensity-by-country,MDV,2013,657.143,,,,final,,,
electricity.ember.lifecycle-intensity-by-country,MDV,2014,646.296,,,,final,,,
electricity.ember.lifecycle-intensity-by-country,MDV,2015,648.387,,,,final,,,
electricity.ember.lifecycle-intensity-by-country,MDV,2016,649.254,,,,final,,,
electricity.ember.lifecycle-intensity-by-country,MDV,2017,641.096,,,,final,,,
electricity.ember.lifecycle-intensity-by-country,MDV,2018,635.443,,,,final,,,
electricity.ember.lifecycle-intensity-by-country,MDV,2019,635.802,,,,final,,,
electricity.ember.lifecycle-intensity-by-country,MDV,2020,628.049,,,,final,,,
electricity.ember.lifecycle-intensity-by-country,MDV,2021,621.429,,,,final,,,
electricity.ember.lifecycle-intensity-by-country,MDV,2022,615.294,,,,final,,,
electricity.ember.lifecycle-intensity-by-country,MDV,2023,615.294,,,,final,,,
electricity.ember.lifecycle-intensity-by-country,MDV,2024,615.294,,,,final,,,
electricity.ember.lifecycle-intensity-by-country,MEX,2000,525.331,,,,final,,,
electricity.ember.lifecycle-intensity-by-country,MEX,2001,543.921,,,,final,,,
electricity.ember.lifecycle-intensity-by-country,MEX,2002,553.423,,,,final,,,
electricity.ember.lifecycle-intensity-by-country,MEX,2003,570.156,,,,final,,,
electricity.ember.lifecycle-intensity-by-country,MEX,2004,553.94,,,,final,,,
electricity.ember.lifecycle-intensity-by-country,MEX,2005,555.829,,,,final,,,
electricity.ember.lifecycle-intensity-by-country,MEX,2006,546.853,,,,final,,,
electricity.ember.lifecycle-intensity-by-country,MEX,2007,554.22,,,,final,,,
electricity.ember.lifecycle-intensity-by-country,MEX,2008,522.065,,,,final,,,
electricity.ember.lifecycle-intensity-by-country,MEX,2009,554.138,,,,final,,,
electricity.ember.lifecycle-intensity-by-country,MEX,2010,541.968,,,,final,,,
electricity.ember.lifecycle-intensity-by-country,MEX,2011,539.812,,,,final,,,
electricity.ember.lifecycle-intensity-by-country,MEX,2012,550.248,,,,final,,,
electricity.ember.lifecycle-intensity-by-country,MEX,2013,546.863,,,,final,,,
electricity.ember.lifecycle-intensity-by-country,MEX,2014,525.612,,,,final,,,
electricity.ember.lifecycle-intensity-by-country,MEX,2015,533.893,,,,final,,,
electricity.ember.lifecycle-intensity-by-country,MEX,2016,537.6,,,,final,,,
electricity.ember.lifecycle-intensity-by-country,MEX,2017,533.684,,,,final,,,
electricity.ember.lifecycle-intensity-by-country,MEX,2018,523.9,,,,final,,,
electricity.ember.lifecycle-intensity-by-country,MEX,2019,525.754,,,,final,,,
electricity.ember.lifecycle-intensity-by-country,MEX,2020,484.051,,,,final,,,
electricity.ember.lifecycle-intensity-by-country,MEX,2021,456.246,,,,final,,,
electricity.ember.lifecycle-intensity-by-country,MEX,2022,464.372,,,,final,,,
electricity.ember.lifecycle-intensity-by-country,MEX,2023,489.073,,,,final,,,
electricity.ember.lifecycle-intensity-by-country,MEX,2024,483.102,,,,final,,,
electricity.ember.lifecycle-intensity-by-country,MEX,2025,474.026,,,,preliminary,"2025 is the latest year in Ember's file, which has no estimate flag; Ember's methodology says that for the most recent years it estimates annual generation from monthly data.",,
electricity.ember.lifecycle-intensity-by-country,MKD,2000,822.614,,,,final,,,
electricity.ember.lifecycle-intensity-by-country,MKD,2001,907.849,,,,final,,,
electricity.ember.lifecycle-intensity-by-country,MKD,2002,879.475,,,,final,,,
electricity.ember.lifecycle-intensity-by-country,MKD,2003,812.63,,,,final,,,
electricity.ember.lifecycle-intensity-by-country,MKD,2004,793.994,,,,final,,,
electricity.ember.lifecycle-intensity-by-country,MKD,2005,802.017,,,,final,,,
electricity.ember.lifecycle-intensity-by-country,MKD,2006,769.33,,,,final,,,
electricity.ember.lifecycle-intensity-by-country,MKD,2007,835.077,,,,final,,,
electricity.ember.lifecycle-intensity-by-country,MKD,2008,873.217,,,,final,,,
electricity.ember.lifecycle-intensity-by-country,MKD,2009,817.742,,,,final,,,
electricity.ember.lifecycle-intensity-by-country,MKD,2010,678.375,,,,final,,,
electricity.ember.lifecycle-intensity-by-country,MKD,2011,794.97,,,,final,,,
electricity.ember.lifecycle-intensity-by-country,MKD,2012,820.447,,,,final,,,
electricity.ember.lifecycle-intensity-by-country,MKD,2013,719.048,,,,final,,,
electricity.ember.lifecycle-intensity-by-country,MKD,2014,748.141,,,,final,,,
electricity.ember.lifecycle-intensity-by-country,MKD,2015,633.982,,,,final,,,
electricity.ember.lifecycle-intensity-by-country,MKD,2016,592.362,,,,final,,,
electricity.ember.lifecycle-intensity-by-country,MKD,2017,704.821,,,,final,,,
electricity.ember.lifecycle-intensity-by-country,MKD,2018,597.148,,,,final,,,
electricity.ember.lifecycle-intensity-by-country,MKD,2019,701.193,,,,final,,,
electricity.ember.lifecycle-intensity-by-country,MKD,2020,624.345,,,,final,,,
electricity.ember.lifecycle-intensity-by-country,MKD,2021,564.919,,,,final,,,
electricity.ember.lifecycle-intensity-by-country,MKD,2022,626.431,,,,final,,,
electricity.ember.lifecycle-intensity-by-country,MKD,2023,566.667,,,,final,,,
electricity.ember.lifecycle-intensity-by-country,MKD,2024,511.727,,,,final,,,
electricity.ember.lifecycle-intensity-by-country,MKD,2025,406.901,,,,preliminary,"2025 is the latest year in Ember's file, which has no estimate flag; Ember's methodology says that for the most recent years it estimates annual generation from monthly data.",,
electricity.ember.lifecycle-intensity-by-country,MLI,2000,500.0,,,,final,,,
electricity.ember.lifecycle-intensity-by-country,MLI,2001,500.935,,,,final,,,
electricity.ember.lifecycle-intensity-by-country,MLI,2002,500.901,,,,final,,,
electricity.ember.lifecycle-intensity-by-country,MLI,2003,506.306,,,,final,,,
electricity.ember.lifecycle-intensity-by-country,MLI,2004,514.286,,,,final,,,
electricity.ember.lifecycle-intensity-by-country,MLI,2005,451.678,,,,final,,,
electricity.ember.lifecycle-intensity-by-country,MLI,2006,450.318,,,,final,,,
electricity.ember.lifecycle-intensity-by-country,MLI,2007,455.063,,,,final,,,
electricity.ember.lifecycle-intensity-by-country,MLI,2008,445.856,,,,final,,,
electricity.ember.lifecycle-intensity-by-country,MLI,2009,371.154,,,,final,,,
electricity.ember.lifecycle-intensity-by-country,MLI,2010,350.424,,,,final,,,
electricity.ember.lifecycle-intensity-by-country,MLI,2011,304.63,,,,final,,,
electricity.ember.lifecycle-intensity-by-country,MLI,2012,300.0,,,,final,,,
electricity.ember.lifecycle-intensity-by-country,MLI,2013,319.545,,,,final,,,
electricity.ember.lifecycle-intensity-by-country,MLI,2014,293.227,,,,final,,,
electricity.ember.lifecycle-intensity-by-country,MLI,2015,356.972,,,,final,,,
electricity.ember.lifecycle-intensity-by-country,MLI,2016,332.45,,,,final,,,
electricity.ember.lifecycle-intensity-by-country,MLI,2017,372.093,,,,final,,,
electricity.ember.lifecycle-intensity-by-country,MLI,2018,406.648,,,,final,,,
electricity.ember.lifecycle-intensity-by-country,MLI,2019,418.11,,,,final,,,
electricity.ember.lifecycle-intensity-by-country,MLI,2020,402.792,,,,final,,,
electricity.ember.lifecycle-intensity-by-country,MLI,2021,414.467,,,,final,,,
electricity.ember.lifecycle-intensity-by-country,MLI,2022,390.092,,,,final,,,
electricity.ember.lifecycle-intensity-by-country,MLI,2023,535.275,,,,final,,,
electricity.ember.lifecycle-intensity-by-country,MLI,2024,537.416,,,,final,,,
electricity.ember.lifecycle-intensity-by-country,MLT,2000,657.812,,,,final,,,
electricity.ember.lifecycle-intensity-by-country,MLT,2001,658.247,,,,final,,,
electricity.ember.lifecycle-intensity-by-country,MLT,2002,658.049,,,,final,,,
electricity.ember.lifecycle-intensity-by-country,MLT,2003,658.036,,,,final,,,
electricity.ember.lifecycle-intensity-by-country,MLT,2004,658.108,,,,final,,,
electricity.ember.lifecycle-intensity-by-country,MLT,2005,658.036,,,,final,,,
electricity.ember.lifecycle-intensity-by-country,MLT,2006,657.965,,,,final,,,
electricity.ember.lifecycle-intensity-by-country,MLT,2007,657.826,,,,final,,,
electricity.ember.lifecycle-intensity-by-country,MLT,2008,658.009,,,,final,,,
electricity.ember.lifecycle-intensity-by-country,MLT,2009,658.065,,,,final,,,
electricity.ember.lifecycle-intensity-by-country,MLT,2010,657.82,,,,final,,,
electricity.ember.lifecycle-intensity-by-country,MLT,2011,658.065,,,,final,,,
electricity.ember.lifecycle-intensity-by-country,MLT,2012,650.87,,,,final,,,
electricity.ember.lifecycle-intensity-by-country,MLT,2013,647.788,,,,final,,,
electricity.ember.lifecycle-intensity-by-country,MLT,2014,636.889,,,,final,,,
electricity.ember.lifecycle-intensity-by-country,MLT,2015,612.308,,,,final,,,
electricity.ember.lifecycle-intensity-by-country,MLT,2016,560.465,,,,final,,,
electricity.ember.lifecycle-intensity-by-country,MLT,2017,525.455,,,,final,,,
electricity.ember.lifecycle-intensity-by-country,MLT,2018,516.244,,,,final,,,
electricity.ember.lifecycle-intensity-by-country,MLT,2019,516.908,,,,final,,,
electricity.ember.lifecycle-intensity-by-country,MLT,2020,510.233,,,,final,,,
electricity.ember.lifecycle-intensity-by-country,MLT,2021,506.757,,,,final,,,
electricity.ember.lifecycle-intensity-by-country,MLT,2022,502.609,,,,final,,,
electricity.ember.lifecycle-intensity-by-country,MLT,2023,498.298,,,,final,,,
electricity.ember.lifecycle-intensity-by-country,MLT,2024,488.128,,,,final,,,
electricity.ember.lifecycle-intensity-by-country,MLT,2025,479.638,,,,preliminary,"2025 is the latest year in Ember's file, which has no estimate flag; Ember's methodology says that for the most recent years it estimates annual generation from monthly data.",,
electricity.ember.lifecycle-intensity-by-country,MMR,2000,570.196,,,,final,,,
electricity.ember.lifecycle-intensity-by-country,MMR,2001,559.315,,,,final,,,
electricity.ember.lifecycle-intensity-by-country,MMR,2002,551.282,,,,final,,,
electricity.ember.lifecycle-intensity-by-country,MMR,2003,582.288,,,,final,,,
electricity.ember.lifecycle-intensity-by-country,MMR,2004,543.672,,,,final,,,
electricity.ember.lifecycle-intensity-by-country,MMR,2005,478.073,,,,final,,,
electricity.ember.lifecycle-intensity-by-country,MMR,2006,438.026,,,,final,,,
electricity.ember.lifecycle-intensity-by-country,MMR,2007,412.812,,,,final,,,
electricity.ember.lifecycle-intensity-by-country,MMR,2008,370.544,,,,final,,,
electricity.ember.lifecycle-intensity-by-country,MMR,2009,243.759,,,,final,,,
electricity.ember.lifecycle-intensity-by-country,MMR,2010,277.146,,,,final,,,
electricity.ember.lifecycle-intensity-by-country,MMR,2011,274.593,,,,final,,,
electricity.ember.lifecycle-intensity-by-country,MMR,2012,285.125,,,,final,,,
electricity.ember.lifecycle-intensity-by-country,MMR,2013,275.602,,,,final,,,
electricity.ember.lifecycle-intensity-by-country,MMR,2014,366.435,,,,final,,,
electricity.ember.lifecycle-intensity-by-country,MMR,2015,398.519,,,,final,,,
electricity.ember.lifecycle-intensity-by-country,MMR,2016,439.57,,,,final,,,
electricity.ember.lifecycle-intensity-by-country,MMR,2017,450.998,,,,final,,,
electricity.ember.lifecycle-intensity-by-country,MMR,2018,405.776,,,,final,,,
electricity.ember.lifecycle-intensity-by-country,MMR,2019,419.41,,,,final,,,
electricity.ember.lifecycle-intensity-by-country,MMR,2020,487.274,,,,final,,,
electricity.ember.lifecycle-intensity-by-country,MMR,2021,484.134,,,,final,,,
electricity.ember.lifecycle-intensity-by-country,MMR,2022,563.871,,,,final,,,
electricity.ember.lifecycle-intensity-by-country,MMR,2023,514.976,,,,final,,,
electricity.ember.lifecycle-intensity-by-country,MMR,2024,502.303,,,,final,,,
electricity.ember.lifecycle-intensity-by-country,MNE,2005,369.338,,,,final,,,
electricity.ember.lifecycle-intensity-by-country,MNE,2006,427.119,,,,final,,,
electricity.ember.lifecycle-intensity-by-country,MNE,2007,422.43,,,,final,,,
electricity.ember.lifecycle-intensity-by-country,MNE,2008,475.972,,,,final,,,
electricity.ember.lifecycle-intensity-by-country,MNE,2009,271.739,,,,final,,,
electricity.ember.lifecycle-intensity-by-country,MNE,2010,337.065,,,,final,,,
electricity.ember.lifecycle-intensity-by-country,MNE,2011,566.415,,,,final,,,
electricity.ember.lifecycle-intensity-by-country,MNE,2012,500.351,,,,final,,,
electricity.ember.lifecycle-intensity-by-country,MNE,2013,386.294,,,,final,,,
electricity.ember.lifecycle-intensity-by-country,MNE,2014,468.139,,,,final,,,
electricity.ember.lifecycle-intensity-by-country,MNE,2015,523.0,,,,final,,,
electricity.ember.lifecycle-intensity-by-country,MNE,2016,434.395,,,,final,,,
electricity.ember.lifecycle-intensity-by-country,MNE,2017,566.935,,,,final,,,
electricity.ember.lifecycle-intensity-by-country,MNE,2018,427.632,,,,final,,,
electricity.ember.lifecycle-intensity-by-country,MNE,2019,456.268,,,,final,,,
electricity.ember.lifecycle-intensity-by-country,MNE,2020,496.165,,,,final,,,
electricity.ember.lifecycle-intensity-by-country,MNE,2021,401.326,,,,final,,,
electricity.ember.lifecycle-intensity-by-country,MNE,2022,486.707,,,,final,,,
electricity.ember.lifecycle-intensity-by-country,MNE,2023,410.979,,,,final,,,
electricity.ember.lifecycle-intensity-by-country,MNE,2024,424.646,,,,final,,,
electricity.ember.lifecycle-intensity-by-country,MNE,2025,265.447,,,,preliminary,"2025 is the latest year in Ember's file, which has no estimate flag; Ember's methodology says that for the most recent years it estimates annual generation from monthly data.",,
electricity.ember.lifecycle-intensity-by-country,MNG,2000,911.034,,,,final,,,
electricity.ember.lifecycle-intensity-by-country,MNG,2001,910.438,,,,final,,,
electricity.ember.lifecycle-intensity-by-country,MNG,2002,909.709,,,,final,,,
electricity.ember.lifecycle-intensity-by-country,MNG,2003,909.646,,,,final,,,
electricity.ember.lifecycle-intensity-by-country,MNG,2004,908.537,,,,final,,,
electricity.ember.lifecycle-intensity-by-country,MNG,2005,908.824,,,,final,,,
electricity.ember.lifecycle-intensity-by-country,MNG,2006,908.215,,,,final,,,
electricity.ember.lifecycle-intensity-by-country,MNG,2007,904.313,,,,final,,,
electricity.ember.lifecycle-intensity-by-country,MNG,2008,903.0,,,,final,,,
electricity.ember.lifecycle-intensity-by-country,MNG,2009,899.257,,,,final,,,
electricity.ember.lifecycle-intensity-by-country,MNG,2010,894.444,,,,final,,,
electricity.ember.lifecycle-intensity-by-country,MNG,2011,890.088,,,,final,,,
electricity.ember.lifecycle-intensity-by-country,MNG,2012,891.06,,,,final,,,
electricity.ember.lifecycle-intensity-by-country,MNG,2013,880.279,,,,final,,,
electricity.ember.lifecycle-intensity-by-country,MNG,2014,868.959,,,,final,,,
electricity.ember.lifecycle-intensity-by-country,MNG,2015,869.147,,,,final,,,
electricity.ember.lifecycle-intensity-by-country,MNG,2016,867.725,,,,final,,,
electricity.ember.lifecycle-intensity-by-country,MNG,2017,866.833,,,,final,,,
electricity.ember.lifecycle-intensity-by-country,MNG,2018,844.14,,,,final,,,
electricity.ember.lifecycle-intensity-by-country,MNG,2019,812.248,,,,final,,,
electricity.ember.lifecycle-intensity-by-country,MNG,2020,808.886,,,,final,,,
electricity.ember.lifecycle-intensity-by-country,MNG,2021,802.016,,,,final,,,
electricity.ember.lifecycle-intensity-by-country,MNG,2022,814.065,,,,final,,,
electricity.ember.lifecycle-intensity-by-country,MNG,2023,816.405,,,,final,,,
electricity.ember.lifecycle-intensity-by-country,MNG,2024,817.007,,,,final,,,
electricity.ember.lifecycle-intensity-by-country,MNG,2025,821.815,,,,preliminary,"2025 is the latest year in Ember's file, which has no estimate flag; Ember's methodology says that for the most recent years it estimates annual generation from monthly data.",,
electricity.ember.lifecycle-intensity-by-country,MOZ,2000,24.451,,,,final,,,
electricity.ember.lifecycle-intensity-by-country,MOZ,2001,25.935,,,,final,,,
electricity.ember.lifecycle-intensity-by-country,MOZ,2002,25.278,,,,final,,,
electricity.ember.lifecycle-intensity-by-country,MOZ,2003,25.487,,,,final,,,
electricity.ember.lifecycle-intensity-by-country,MOZ,2004,26.466,,,,final,,,
electricity.ember.lifecycle-intensity-by-country,MOZ,2005,24.715,,,,final,,,
electricity.ember.lifecycle-intensity-by-country,MOZ,2006,24.606,,,,final,,,
electricity.ember.lifecycle-intensity-by-country,MOZ,2007,24.136,,,,final,,,
electricity.ember.lifecycle-intensity-by-country,MOZ,2008,24.182,,,,final,,,
electricity.ember.lifecycle-intensity-by-country,MOZ,2009,24.122,,,,final,,,
electricity.ember.lifecycle-intensity-by-country,MOZ,2010,24.535,,,,final,,,
electricity.ember.lifecycle-intensity-by-country,MOZ,2011,27.908,,,,final,,,
electricity.ember.lifecycle-intensity-by-country,MOZ,2012,28.39,,,,final,,,
electricity.ember.lifecycle-intensity-by-country,MOZ,2013,32.616,,,,final,,,
electricity.ember.lifecycle-intensity-by-country,MOZ,2014,32.195,,,,final,,,
electricity.ember.lifecycle-intensity-by-country,MOZ,2015,67.9,,,,final,,,
electricity.ember.lifecycle-intensity-by-country,MOZ,2016,132.609,,,,final,,,
electricity.ember.lifecycle-intensity-by-country,MOZ,2017,148.129,,,,final,,,
electricity.ember.lifecycle-intensity-by-country,MOZ,2018,139.673,,,,final,,,
electricity.ember.lifecycle-intensity-by-country,MOZ,2019,154.818,,,,final,,,
electricity.ember.lifecycle-intensity-by-country,MOZ,2020,128.864,,,,final,,,
electricity.ember.lifecycle-intensity-by-country,MOZ,2021,132.078,,,,final,,,
electricity.ember.lifecycle-intensity-by-country,MOZ,2022,127.761,,,,final,,,
electricity.ember.lifecycle-intensity-by-country,MOZ,2023,128.507,,,,final,,,
electricity.ember.lifecycle-intensity-by-country,MOZ,2024,129.409,,,,final,,,
electricity.ember.lifecycle-intensity-by-country,MRT,2000,611.905,,,,final,,,
electricity.ember.lifecycle-intensity-by-country,MRT,2001,617.021,,,,final,,,
electricity.ember.lifecycle-intensity-by-country,MRT,2002,622.642,,,,final,,,
electricity.ember.lifecycle-intensity-by-country,MRT,2003,608.0,,,,final,,,
electricity.ember.lifecycle-intensity-by-country,MRT,2004,611.111,,,,final,,,
electricity.ember.lifecycle-intensity-by-country,MRT,2005,598.113,,,,final,,,
electricity.ember.lifecycle-intensity-by-country,MRT,2006,606.452,,,,final,,,
electricity.ember.lifecycle-intensity-by-country,MRT,2007,607.812,,,,final,,,
electricity.ember.lifecycle-intensity-by-country,MRT,2008,605.556,,,,final,,,
electricity.ember.lifecycle-intensity-by-country,MRT,2009,567.532,,,,final,,,
electricity.ember.lifecycle-intensity-by-country,MRT,2010,568.235,,,,final,,,
electricity.ember.lifecycle-intensity-by-country,MRT,2011,563.218,,,,final,,,
electricity.ember.lifecycle-intensity-by-country,MRT,2012,565.625,,,,final,,,
electricity.ember.lifecycle-intensity-by-country,MRT,2013,522.449,,,,final,,,
electricity.ember.lifecycle-intensity-by-country,MRT,2014,523.301,,,,final,,,
electricity.ember.lifecycle-intensity-by-country,MRT,2015,482.759,,,,final,,,
electricity.ember.lifecycle-intensity-by-country,MRT,2016,499.138,,,,final,,,
electricity.ember.lifecycle-intensity-by-country,MRT,2017,502.963,,,,final,,,
electricity.ember.lifecycle-intensity-by-country,MRT,2018,468.493,,,,final,,,
electricity.ember.lifecycle-intensity-by-country,MRT,2019,469.427,,,,final,,,
electricity.ember.lifecycle-intensity-by-country,MRT,2020,476.074,,,,final,,,
electricity.ember.lifecycle-intensity-by-country,MRT,2021,478.481,,,,final,,,
electricity.ember.lifecycle-intensity-by-country,MRT,2022,485.366,,,,final,,,
electricity.ember.lifecycle-intensity-by-country,MRT,2023,522.488,,,,final,,,
electricity.ember.lifecycle-intensity-by-country,MRT,2024,514.976,,,,final,,,
electricity.ember.lifecycle-intensity-by-country,MSR,2000,700.0,,,,final,,,
electricity.ember.lifecycle-intensity-by-country,MSR,2001,700.0,,,,final,,,
electricity.ember.lifecycle-intensity-by-country,MSR,2002,700.0,,,,final,,,
electricity.ember.lifecycle-intensity-by-country,MSR,2003,700.0,,,,final,,,
electricity.ember.lifecycle-intensity-by-country,MSR,2004,700.0,,,,final,,,
electricity.ember.lifecycle-intensity-by-country,MSR,2005,700.0,,,,final,,,
electricity.ember.lifecycle-intensity-by-country,MSR,2006,700.0,,,,final,,,
electricity.ember.lifecycle-intensity-by-country,MSR,2007,700.0,,,,final,,,
electricity.ember.lifecycle-intensity-by-country,MSR,2008,700.0,,,,final,,,
electricity.ember.lifecycle-intensity-by-country,MSR,2009,700.0,,,,final,,,
electricity.ember.lifecycle-intensity-by-country,MSR,2010,700.0,,,,final,,,
electricity.ember.lifecycle-intensity-by-country,MSR,2011,700.0,,,,final,,,
electricity.ember.lifecycle-intensity-by-country,MSR,2012,700.0,,,,final,,,
electricity.ember.lifecycle-intensity-by-country,MSR,2013,700.0,,,,final,,,
electricity.ember.lifecycle-intensity-by-country,MSR,2014,700.0,,,,final,,,
electricity.ember.lifecycle-intensity-by-country,MSR,2015,700.0,,,,final,,,
electricity.ember.lifecycle-intensity-by-country,MSR,2016,700.0,,,,final,,,
electricity.ember.lifecycle-intensity-by-country,MSR,2017,700.0,,,,final,,,
electricity.ember.lifecycle-intensity-by-country,MSR,2018,700.0,,,,final,,,
electricity.ember.lifecycle-intensity-by-country,MSR,2019,700.0,,,,final,,,
electricity.ember.lifecycle-intensity-by-country,MSR,2020,700.0,,,,final,,,
electricity.ember.lifecycle-intensity-by-country,MSR,2021,700.0,,,,final,,,
electricity.ember.lifecycle-intensity-by-country,MSR,2022,700.0,,,,final,,,
electricity.ember.lifecycle-intensity-by-country,MSR,2023,700.0,,,,final,,,
electricity.ember.lifecycle-intensity-by-country,MSR,2024,700.0,,,,final,,,
electricity.ember.lifecycle-intensity-by-country,MTQ,2000,657.895,,,,final,,,
electricity.ember.lifecycle-intensity-by-country,MTQ,2001,658.015,,,,final,,,
electricity.ember.lifecycle-intensity-by-country,MTQ,2002,653.333,,,,final,,,
electricity.ember.lifecycle-intensity-by-country,MTQ,2003,653.571,,,,final,,,
electricity.ember.lifecycle-intensity-by-country,MTQ,2004,653.472,,,,final,,,
electricity.ember.lifecycle-intensity-by-country,MTQ,2005,653.472,,,,final,,,
electricity.ember.lifecycle-intensity-by-country,MTQ,2006,653.741,,,,final,,,
electricity.ember.lifecycle-intensity-by-country,MTQ,2007,649.324,,,,final,,,
electricity.ember.lifecycle-intensity-by-country,MTQ,2008,645.752,,,,final,,,
electricity.ember.lifecycle-intensity-by-country,MTQ,2009,646.104,,,,final,,,
electricity.ember.lifecycle-intensity-by-country,MTQ,2010,646.584,,,,final,,,
electricity.ember.lifecycle-intensity-by-country,MTQ,2011,638.217,,,,final,,,
electricity.ember.lifecycle-intensity-by-country,MTQ,2012,623.27,,,,final,,,
electricity.ember.lifecycle-intensity-by-country,MTQ,2013,623.418,,,,final,,,
electricity.ember.lifecycle-intensity-by-country,MTQ,2014,622.581,,,,final,,,
electricity.ember.lifecycle-intensity-by-country,MTQ,2015,622.436,,,,final,,,
electricity.ember.lifecycle-intensity-by-country,MTQ,2016,623.418,,,,final,,,
electricity.ember.lifecycle-intensity-by-country,MTQ,2017,622.436,,,,final,,,
electricity.ember.lifecycle-intensity-by-country,MTQ,2018,594.805,,,,final,,,
electricity.ember.lifecycle-intensity-by-country,MTQ,2019,529.032,,,,final,,,
electricity.ember.lifecycle-intensity-by-country,MTQ,2020,543.333,,,,final,,,
electricity.ember.lifecycle-intensity-by-country,MTQ,2021,528.477,,,,final,,,
electricity.ember.lifecycle-intensity-by-country,MTQ,2022,525.503,,,,final,,,
electricity.ember.lifecycle-intensity-by-country,MTQ,2023,526.49,,,,final,,,
electricity.ember.lifecycle-intensity-by-country,MUS,2000,559.322,,,,final,,,
electricity.ember.lifecycle-intensity-by-country,MUS,2001,573.438,,,,final,,,
electricity.ember.lifecycle-intensity-by-country,MUS,2002,579.592,,,,final,,,
electricity.ember.lifecycle-intensity-by-country,MUS,2003,574.163,,,,final,,,
electricity.ember.lifecycle-intensity-by-country,MUS,2004,569.907,,,,final,,,
electricity.ember.lifecycle-intensity-by-country,MUS,2005,592.92,,,,final,,,
electricity.ember.lifecycle-intensity-by-country,MUS,2006,619.915,,,,final,,,
electricity.ember.lifecycle-intensity-by-country,MUS,2007,633.333,,,,final,,,
electricity.ember.lifecycle-intensity-by-country,MUS,2008,634.375,,,,final,,,
electricity.ember.lifecycle-intensity-by-country,MUS,2009,622.568,,,,final,,,
electricity.ember.lifecycle-intensity-by-country,MUS,2010,621.19,,,,final,,,
electricity.ember.lifecycle-intensity-by-country,MUS,2011,648.352,,,,final,,,
electricity.ember.lifecycle-intensity-by-country,MUS,2012,645.161,,,,final,,,
electricity.ember.lifecycle-intensity-by-country,MUS,2013,646.853,,,,final,,,
electricity.ember.lifecycle-intensity-by-country,MUS,2014,645.918,,,,final,,,
electricity.ember.lifecycle-intensity-by-country,MUS,2015,627.09,,,,final,,,
electricity.ember.lifecycle-intensity-by-country,MUS,2016,634.754,,,,final,,,
electricity.ember.lifecycle-intensity-by-country,MUS,2017,645.659,,,,final,,,
electricity.ember.lifecycle-intensity-by-country,MUS,2018,637.179,,,,final,,,
electricity.ember.lifecycle-intensity-by-country,MUS,2019,621.362,,,,final,,,
electricity.ember.lifecycle-intensity-by-country,MUS,2020,611.724,,,,final,,,
electricity.ember.lifecycle-intensity-by-country,MUS,2021,630.769,,,,final,,,
electricity.ember.lifecycle-intensity-by-country,MUS,2022,616.346,,,,final,,,
electricity.ember.lifecycle-intensity-by-country,MUS,2023,634.557,,,,final,,,
electricity.ember.lifecycle-intensity-by-country,MUS,2024,642.229,,,,final,,,
electricity.ember.lifecycle-intensity-by-country,MWI,2000,97.521,,,,final,,,
electricity.ember.lifecycle-intensity-by-country,MWI,2001,91.803,,,,final,,,
electricity.ember.lifecycle-intensity-by-country,MWI,2002,93.75,,,,final,,,
electricity.ember.lifecycle-intensity-by-country,MWI,2003,82.443,,,,final,,,
electricity.ember.lifecycle-intensity-by-country,MWI,2004,93.197,,,,final,,,
electricity.ember.lifecycle-intensity-by-country,MWI,2005,97.386,,,,final,,,
electricity.ember.lifecycle-intensity-by-country,MWI,2006,100.0,,,,final,,,
electricity.ember.lifecycle-intensity-by-country,MWI,2007,91.139,,,,final,,,
electricity.ember.lifecycle-intensity-by-country,MWI,2008,75.294,,,,final,,,
electricity.ember.lifecycle-intensity-by-country,MWI,2009,76.048,,,,final,,,
electricity.ember.lifecycle-intensity-by-country,MWI,2010,69.271,,,,final,,,
electricity.ember.lifecycle-intensity-by-country,MWI,2011,68.02,,,,final,,,
electricity.ember.lifecycle-intensity-by-country,MWI,2012,68.78,,,,final,,,
electricity.ember.lifecycle-intensity-by-country,MWI,2013,68.78,,,,final,,,
electricity.ember.lifecycle-intensity-by-country,MWI,2014,64.516,,,,final,,,
electricity.ember.lifecycle-intensity-by-country,MWI,2015,66.359,,,,final,,,
electricity.ember.lifecycle-intensity-by-country,MWI,2016,66.977,,,,final,,,
electricity.ember.lifecycle-intensity-by-country,MWI,2017,29.319,,,,final,,,
electricity.ember.lifecycle-intensity-by-country,MWI,2018,144.751,,,,final,,,
electricity.ember.lifecycle-intensity-by-country,MWI,2019,53.889,,,,final,,,
electricity.ember.lifecycle-intensity-by-country,MWI,2020,33.143,,,,final,,,
electricity.ember.lifecycle-intensity-by-country,MWI,2021,56.831,,,,final,,,
electricity.ember.lifecycle-intensity-by-country,MWI,2022,56.831,,,,final,,,
electricity.ember.lifecycle-intensity-by-country,MWI,2023,56.831,,,,final,,,
electricity.ember.lifecycle-intensity-by-country,MWI,2024,56.831,,,,final,,,
electricity.ember.lifecycle-intensity-by-country,MYS,2000,581.904,,,,final,,,
electricity.ember.lifecycle-intensity-by-country,MYS,2001,600.071,,,,final,,,
electricity.ember.lifecycle-intensity-by-country,MYS,2002,618.249,,,,final,,,
electricity.ember.lifecycle-intensity-by-country,MYS,2003,631.261,,,,final,,,
electricity.ember.lifecycle-intensity-by-country,MYS,2004,649.677,,,,final,,,
electricity.ember.lifecycle-intensity-by-country,MYS,2005,652.527,,,,final,,,
electricity.ember.lifecycle-intensity-by-country,MYS,2006,652.605,,,,final,,,
electricity.ember.lifecycle-intensity-by-country,MYS,2007,662.287,,,,final,,,
electricity.ember.lifecycle-intensity-by-country,MYS,2008,651.125,,,,final,,,
electricity.ember.lifecycle-intensity-by-country,MYS,2009,666.655,,,,final,,,
electricity.ember.lifecycle-intensity-by-country,MYS,2010,688.976,,,,final,,,
electricity.ember.lifecycle-intensity-by-country,MYS,2011,685.73,,,,final,,,
electricity.ember.lifecycle-intensity-by-country,MYS,2012,682.772,,,,final,,,
electricity.ember.lifecycle-intensity-by-country,MYS,2013,666.021,,,,final,,,
electricity.ember.lifecycle-intensity-by-country,MYS,2014,662.256,,,,final,,,
electricity.ember.lifecycle-intensity-by-country,MYS,2015,669.191,,,,final,,,
electricity.ember.lifecycle-intensity-by-country,MYS,2016,649.303,,,,final,,,
electricity.ember.lifecycle-intensity-by-country,MYS,2017,620.554,,,,final,,,
electricity.ember.lifecycle-intensity-by-country,MYS,2018,630.275,,,,final,,,
electricity.ember.lifecycle-intensity-by-country,MYS,2019,626.758,,,,final,,,
electricity.ember.lifecycle-intensity-by-country,MYS,2020,635.066,,,,final,,,
electricity.ember.lifecycle-intensity-by-country,MYS,2021,616.911,,,,final,,,
electricity.ember.lifecycle-intensity-by-country,MYS,2022,608.48,,,,final,,,
electricity.ember.lifecycle-intensity-by-country,MYS,2023,609.887,,,,final,,,
electricity.ember.lifecycle-intensity-by-country,MYS,2024,604.327,,,,final,,,
electricity.ember.lifecycle-intensity-by-country,MYS,2025,605.547,,,,preliminary,"2025 is the latest year in Ember's file, which has no estimate flag; Ember's methodology says that for the most recent years it estimates annual generation from monthly data.",,
electricity.ember.lifecycle-intensity-by-country,NAM,2000,43.056,,,,final,,,
electricity.ember.lifecycle-intensity-by-country,NAM,2001,23.967,,,,final,,,
electricity.ember.lifecycle-intensity-by-country,NAM,2002,29.371,,,,final,,,
electricity.ember.lifecycle-intensity-by-country,NAM,2003,29.371,,,,final,,,
electricity.ember.lifecycle-intensity-by-country,NAM,2004,29.71,,,,final,,,
electricity.ember.lifecycle-intensity-by-country,NAM,2005,38.462,,,,final,,,
electricity.ember.lifecycle-intensity-by-country,NAM,2006,74.534,,,,final,,,
electricity.ember.lifecycle-intensity-by-country,NAM,2007,39.49,,,,final,,,
electricity.ember.lifecycle-intensity-by-country,NAM,2008,117.834,,,,final,,,
electricity.ember.lifecycle-intensity-by-country,NAM,2009,68.667,,,,final,,,
electricity.ember.lifecycle-intensity-by-country,NAM,2010,55.725,,,,final,,,
electricity.ember.lifecycle-intensity-by-country,NAM,2011,45.517,,,,final,,,
electricity.ember.lifecycle-intensity-by-country,NAM,2012,46.707,,,,final,,,
electricity.ember.lifecycle-intensity-by-country,NAM,2013,58.519,,,,final,,,
electricity.ember.lifecycle-intensity-by-country,NAM,2014,28.105,,,,final,,,
electricity.ember.lifecycle-intensity-by-country,NAM,2015,41.772,,,,final,,,
electricity.ember.lifecycle-intensity-by-country,NAM,2016,57.432,,,,final,,,
electricity.ember.lifecycle-intensity-by-country,NAM,2017,58.192,,,,final,,,
electricity.ember.lifecycle-intensity-by-country,NAM,2018,39.007,,,,final,,,
electricity.ember.lifecycle-intensity-by-country,NAM,2019,58.696,,,,final,,,
electricity.ember.lifecycle-intensity-by-country,NAM,2020,56.5,,,,final,,,
electricity.ember.lifecycle-intensity-by-country,NAM,2021,52.98,,,,final,,,
electricity.ember.lifecycle-intensity-by-country,NAM,2022,45.455,,,,final,,,
electricity.ember.lifecycle-intensity-by-country,NAM,2023,46.561,,,,final,,,
electricity.ember.lifecycle-intensity-by-country,NAM,2024,52.439,,,,final,,,
electricity.ember.lifecycle-intensity-by-country,NCL,2000,505.488,,,,final,,,
electricity.ember.lifecycle-intensity-by-country,NCL,2001,547.674,,,,final,,,
electricity.ember.lifecycle-intensity-by-country,NCL,2002,571.429,,,,final,,,
electricity.ember.lifecycle-intensity-by-country,NCL,2003,562.286,,,,final,,,
electricity.ember.lifecycle-intensity-by-country,NCL,2004,554.491,,,,final,,,
electricity.ember.lifecycle-intensity-by-country,NCL,2005,554.787,,,,final,,,
electricity.ember.lifecycle-intensity-by-country,NCL,2006,572.727,,,,final,,,
electricity.ember.lifecycle-intensity-by-country,NCL,2007,534.715,,,,final,,,
electricity.ember.lifecycle-intensity-by-country,NCL,2008,506.452,,,,final,,,
electricity.ember.lifecycle-intensity-by-country,NCL,2009,539.691,,,,final,,,
electricity.ember.lifecycle-intensity-by-country,NCL,2010,617.453,,,,final,,,
electricity.ember.lifecycle-intensity-by-country,NCL,2011,592.478,,,,final,,,
electricity.ember.lifecycle-intensity-by-country,NCL,2012,579.476,,,,final,,,
electricity.ember.lifecycle-intensity-by-country,NCL,2013,581.275,,,,final,,,
electricity.ember.lifecycle-intensity-by-country,NCL,2014,636.545,,,,final,,,
electricity.ember.lifecycle-intensity-by-country,NCL,2015,626.207,,,,final,,,
electricity.ember.lifecycle-intensity-by-country,NCL,2016,673.248,,,,final,,,
electricity.ember.lifecycle-intensity-by-country,NCL,2017,656.966,,,,final,,,
electricity.ember.lifecycle-intensity-by-country,NCL,2018,666.0,,,,final,,,
electricity.ember.lifecycle-intensity-by-country,NCL,2019,664.264,,,,final,,,
electricity.ember.lifecycle-intensity-by-country,NCL,2020,656.173,,,,final,,,
electricity.ember.lifecycle-intensity-by-country,NCL,2021,598.282,,,,final,,,
electricity.ember.lifecycle-intensity-by-country,NCL,2022,569.256,,,,final,,,
electricity.ember.lifecycle-intensity-by-country,NCL,2023,569.256,,,,final,,,
electricity.ember.lifecycle-intensity-by-country,NCL,2024,564.103,,,,final,,,
electricity.ember.lifecycle-intensity-by-country,NER,2000,790.476,,,,final,,,
electricity.ember.lifecycle-intensity-by-country,NER,2001,800.0,,,,final,,,
electricity.ember.lifecycle-intensity-by-country,NER,2002,805.263,,,,final,,,
electricity.ember.lifecycle-intensity-by-country,NER,2003,810.0,,,,final,,,
electricity.ember.lifecycle-intensity-by-country,NER,2004,810.0,,,,final,,,
electricity.ember.lifecycle-intensity-by-country,NER,2005,795.652,,,,final,,,
electricity.ember.lifecycle-intensity-by-country,NER,2006,813.636,,,,final,,,
electricity.ember.lifecycle-intensity-by-country,NER,2007,795.455,,,,final,,,
electricity.ember.lifecycle-intensity-by-country,NER,2008,813.636,,,,final,,,
electricity.ember.lifecycle-intensity-by-country,NER,2009,803.846,,,,final,,,
electricity.ember.lifecycle-intensity-by-country,NER,2010,796.552,,,,final,,,
electricity.ember.lifecycle-intensity-by-country,NER,2011,805.882,,,,final,,,
electricity.ember.lifecycle-intensity-by-country,NER,2012,787.179,,,,final,,,
electricity.ember.lifecycle-intensity-by-country,NER,2013,765.909,,,,final,,,
electricity.ember.lifecycle-intensity-by-country,NER,2014,755.556,,,,final,,,
electricity.ember.lifecycle-intensity-by-country,NER,2015,727.778,,,,final,,,
electricity.ember.lifecycle-intensity-by-country,NER,2016,711.429,,,,final,,,
electricity.ember.lifecycle-intensity-by-country,NER,2017,721.429,,,,final,,,
electricity.ember.lifecycle-intensity-by-country,NER,2018,713.208,,,,final,,,
electricity.ember.lifecycle-intensity-by-country,NER,2019,694.03,,,,final,,,
electricity.ember.lifecycle-intensity-by-country,NER,2020,697.015,,,,final,,,
electricity.ember.lifecycle-intensity-by-country,NER,2021,688.732,,,,final,,,
electricity.ember.lifecycle-intensity-by-country,NER,2022,683.544,,,,final,,,
electricity.ember.lifecycle-intensity-by-country,NER,2023,676.289,,,,final,,,
electricity.ember.lifecycle-intensity-by-country,NER,2024,670.526,,,,final,,,
electricity.ember.lifecycle-intensity-by-country,NGA,2000,412.008,,,,final,,,
electricity.ember.lifecycle-intensity-by-country,NGA,2001,411.959,,,,final,,,
electricity.ember.lifecycle-intensity-by-country,NGA,2002,412.111,,,,final,,,
electricity.ember.lifecycle-intensity-by-country,NGA,2003,420.347,,,,final,,,
electricity.ember.lifecycle-intensity-by-country,NGA,2004,442.322,,,,final,,,
electricity.ember.lifecycle-intensity-by-country,NGA,2005,444.798,,,,final,,,
electricity.ember.lifecycle-intensity-by-country,NGA,2006,482.007,,,,final,,,
electricity.ember.lifecycle-intensity-by-country,NGA,2007,481.862,,,,final,,,
electricity.ember.lifecycle-intensity-by-country,NGA,2008,481.96,,,,final,,,
electricity.ember.lifecycle-intensity-by-country,NGA,2009,508.287,,,,final,,,
electricity.ember.lifecycle-intensity-by-country,NGA,2010,499.005,,,,final,,,
electricity.ember.lifecycle-intensity-by-country,NGA,2011,515.533,,,,final,,,
electricity.ember.lifecycle-intensity-by-country,NGA,2012,528.045,,,,final,,,
electricity.ember.lifecycle-intensity-by-country,NGA,2013,535.88,,,,final,,,
electricity.ember.lifecycle-intensity-by-country,NGA,2014,547.584,,,,final,,,
electricity.ember.lifecycle-intensity-by-country,NGA,2015,529.937,,,,final,,,
electricity.ember.lifecycle-intensity-by-country,NGA,2016,511.33,,,,final,,,
electricity.ember.lifecycle-intensity-by-country,NGA,2017,500.465,,,,final,,,
electricity.ember.lifecycle-intensity-by-country,NGA,2018,519.531,,,,final,,,
electricity.ember.lifecycle-intensity-by-country,NGA,2019,505.869,,,,final,,,
electricity.ember.lifecycle-intensity-by-country,NGA,2020,523.474,,,,final,,,
electricity.ember.lifecycle-intensity-by-country,NGA,2021,522.857,,,,final,,,
electricity.ember.lifecycle-intensity-by-country,NGA,2022,497.447,,,,final,,,
electricity.ember.lifecycle-intensity-by-country,NGA,2023,510.191,,,,final,,,
electricity.ember.lifecycle-intensity-by-country,NGA,2024,495.634,,,,final,,,
electricity.ember.lifecycle-intensity-by-country,NGA,2025,451.842,,,,preliminary,"2025 is the latest year in Ember's file, which has no estimate flag; Ember's methodology says that for the most recent years it estimates annual generation from monthly data.",,
electricity.ember.lifecycle-intensity-by-country,NIC,2000,535.088,,,,final,,,
electricity.ember.lifecycle-intensity-by-country,NIC,2001,540.486,,,,final,,,
electricity.ember.lifecycle-intensity-by-country,NIC,2002,509.804,,,,final,,,
electricity.ember.lifecycle-intensity-by-country,NIC,2003,498.519,,,,final,,,
electricity.ember.lifecycle-intensity-by-country,NIC,2004,496.085,,,,final,,,
electricity.ember.lifecycle-intensity-by-country,NIC,2005,454.545,,,,final,,,
electricity.ember.lifecycle-intensity-by-country,NIC,2006,488.498,,,,final,,,
electricity.ember.lifecycle-intensity-by-country,NIC,2007,499.687,,,,final,,,
electricity.ember.lifecycle-intensity-by-country,NIC,2008,454.167,,,,final,,,
electricity.ember.lifecycle-intensity-by-country,NIC,2009,483.768,,,,final,,,
electricity.ember.lifecycle-intensity-by-country,NIC,2010,445.753,,,,final,,,
electricity.ember.lifecycle-intensity-by-country,NIC,2011,461.942,,,,final,,,
electricity.ember.lifecycle-intensity-by-country,NIC,2012,409.181,,,,final,,,
electricity.ember.lifecycle-intensity-by-country,NIC,2013,348.681,,,,final,,,
electricity.ember.lifecycle-intensity-by-country,NIC,2014,336.771,,,,final,,,
electricity.ember.lifecycle-intensity-by-country,NIC,2015,358.388,,,,final,,,
electricity.ember.lifecycle-intensity-by-country,NIC,2016,348.148,,,,final,,,
electricity.ember.lifecycle-intensity-by-country,NIC,2017,331.637,,,,final,,,
electricity.ember.lifecycle-intensity-by-country,NIC,2018,314.409,,,,final,,,
electricity.ember.lifecycle-intensity-by-country,NIC,2019,331.878,,,,final,,,
electricity.ember.lifecycle-intensity-by-country,NIC,2020,252.243,,,,final,,,
electricity.ember.lifecycle-intensity-by-country,NIC,2021,260.333,,,,final,,,
electricity.ember.lifecycle-intensity-by-country,NIC,2022,291.204,,,,final,,,
electricity.ember.lifecycle-intensity-by-country,NIC,2023,300.442,,,,final,,,
electricity.ember.lifecycle-intensity-by-country,NIC,2024,300.442,,,,final,,,
electricity.ember.lifecycle-intensity-by-country,NLD,2000,540.336,,,,final,,,
electricity.ember.lifecycle-intensity-by-country,NLD,2001,541.046,,,,final,,,
electricity.ember.lifecycle-intensity-by-country,NLD,2002,538.683,,,,final,,,
electricity.ember.lifecycle-intensity-by-country,NLD,2003,540.756,,,,final,,,
electricity.ember.lifecycle-intensity-by-country,NLD,2004,522.741,,,,final,,,
electricity.ember.lifecycle-intensity-by-country,NLD,2005,511.692,,,,final,,,
electricity.ember.lifecycle-intensity-by-country,NLD,2006,511.475,,,,final,,,
electricity.ember.lifecycle-intensity-by-country,NLD,2007,509.886,,,,final,,,
electricity.ember.lifecycle-intensity-by-country,NLD,2008,494.473,,,,final,,,
electricity.ember.lifecycle-intensity-by-country,NLD,2009,486.729,,,,final,,,
electricity.ember.lifecycle-intensity-by-country,NLD,2010,478.205,,,,final,,,
electricity.ember.lifecycle-intensity-by-country,NLD,2011,472.354,,,,final,,,
electricity.ember.lifecycle-intensity-by-country,NLD,2012,494.485,,,,final,,,
electricity.ember.lifecycle-intensity-by-country,NLD,2013,500.617,,,,final,,,
electricity.ember.lifecycle-intensity-by-country,NLD,2014,521.361,,,,final,,,
electricity.ember.lifecycle-intensity-by-country,NLD,2015,551.454,,,,final,,,
electricity.ember.lifecycle-intensity-by-country,NLD,2016,524.623,,,,final,,,
electricity.ember.lifecycle-intensity-by-country,NLD,2017,489.822,,,,final,,,
electricity.ember.lifecycle-intensity-by-country,NLD,2018,467.109,,,,final,,,
electricity.ember.lifecycle-intensity-by-country,NLD,2019,410.037,,,,final,,,
electricity.ember.lifecycle-intensity-by-country,NLD,2020,342.908,,,,final,,,
electricity.ember.lifecycle-intensity-by-country,NLD,2021,351.923,,,,final,,,
electricity.ember.lifecycle-intensity-by-country,NLD,2022,325.7,,,,final,,,
electricity.ember.lifecycle-intensity-by-country,NLD,2023,268.189,,,,final,,,
electricity.ember.lifecycle-intensity-by-country,NLD,2024,250.768,,,,final,,,
electricity.ember.lifecycle-intensity-by-country,NLD,2025,,,,,preliminary,"2025 is the latest year in Ember's file, which has no estimate flag; Ember's methodology says that for the most recent years it estimates annual generation from monthly data.","Not published: Ember's file gives negative generation for Netherlands in 2025 (Other renewables -0.005 TWh), so its emissions intensity does not describe a generation mix.",
electricity.ember.lifecycle-intensity-by-country,NOR,2000,25.695,,,,final,,,
electricity.ember.lifecycle-intensity-by-country,NOR,2001,26.855,,,,final,,,
electricity.ember.lifecycle-intensity-by-country,NOR,2002,26.505,,,,final,,,
electricity.ember.lifecycle-intensity-by-country,NOR,2003,27.637,,,,final,,,
electricity.ember.lifecycle-intensity-by-country,NOR,2004,27.838,,,,final,,,
electricity.ember.lifecycle-intensity-by-country,NOR,2005,27.038,,,,final,,,
electricity.ember.lifecycle-intensity-by-country,NOR,2006,27.867,,,,final,,,
electricity.ember.lifecycle-intensity-by-country,NOR,2007,28.58,,,,final,,,
electricity.ember.lifecycle-intensity-by-country,NOR,2008,27.403,,,,final,,,
electricity.ember.lifecycle-intensity-by-country,NOR,2009,39.093,,,,final,,,
electricity.ember.lifecycle-intensity-by-country,NOR,2010,42.854,,,,final,,,
electricity.ember.lifecycle-intensity-by-country,NOR,2011,38.323,,,,final,,,
electricity.ember.lifecycle-intensity-by-country,NOR,2012,32.152,,,,final,,,
electricity.ember.lifecycle-intensity-by-country,NOR,2013,33.927,,,,final,,,
electricity.ember.lifecycle-intensity-by-country,NOR,2014,33.894,,,,final,,,
electricity.ember.lifecycle-intensity-by-country,NOR,2015,33.699,,,,final,,,
electricity.ember.lifecycle-intensity-by-country,NOR,2016,33.149,,,,final,,,
electricity.ember.lifecycle-intensity-by-country,NOR,2017,32.92,,,,final,,,
electricity.ember.lifecycle-intensity-by-country,NOR,2018,33.151,,,,final,,,
electricity.ember.lifecycle-intensity-by-country,NOR,2019,33.46,,,,final,,,
electricity.ember.lifecycle-intensity-by-country,NOR,2020,30.417,,,,final,,,
electricity.ember.lifecycle-intensity-by-country,NOR,2021,26.901,,,,final,,,
electricity.ember.lifecycle-intensity-by-country,NOR,2022,29.604,,,,final,,,
electricity.ember.lifecycle-intensity-by-country,NOR,2023,30.45,,,,final,,,
electricity.ember.lifecycle-intensity-by-country,NOR,2024,29.643,,,,final,,,
electricity.ember.lifecycle-intensity-by-country,NOR,2025,28.05,,,,preliminary,"2025 is the latest year in Ember's file, which has no estimate flag; Ember's methodology says that for the most recent years it estimates annual generation from monthly data.",,
electricity.ember.lifecycle-intensity-by-country,NPL,2000,35.152,,,,final,,,
electricity.ember.lifecycle-intensity-by-country,NPL,2001,30.811,,,,final,,,
electricity.ember.lifecycle-intensity-by-country,NPL,2002,23.81,,,,final,,,
electricity.ember.lifecycle-intensity-by-country,NPL,2003,23.894,,,,final,,,
electricity.ember.lifecycle-intensity-by-country,NPL,2004,26.36,,,,final,,,
electricity.ember.lifecycle-intensity-by-country,NPL,2005,28.685,,,,final,,,
electricity.ember.lifecycle-intensity-by-country,NPL,2006,26.103,,,,final,,,
electricity.ember.lifecycle-intensity-by-country,NPL,2007,25.993,,,,final,,,
electricity.ember.lifecycle-intensity-by-country,NPL,2008,26.165,,,,final,,,
electricity.ember.lifecycle-intensity-by-country,NPL,2009,25.974,,,,final,,,
electricity.ember.lifecycle-intensity-by-country,NPL,2010,23.899,,,,final,,,
electricity.ember.lifecycle-intensity-by-country,NPL,2011,23.699,,,,final,,,
electricity.ember.lifecycle-intensity-by-country,NPL,2012,27.479,,,,final,,,
electricity.ember.lifecycle-intensity-by-country,NPL,2013,25.714,,,,final,,,
electricity.ember.lifecycle-intensity-by-country,NPL,2014,23.947,,,,final,,,
electricity.ember.lifecycle-intensity-by-country,NPL,2015,23.988,,,,final,,,
electricity.ember.lifecycle-intensity-by-country,NPL,2016,23.923,,,,final,,,
electricity.ember.lifecycle-intensity-by-country,NPL,2017,24.236,,,,final,,,
electricity.ember.lifecycle-intensity-by-country,NPL,2018,24.174,,,,final,,,
electricity.ember.lifecycle-intensity-by-country,NPL,2019,24.065,,,,final,,,
electricity.ember.lifecycle-intensity-by-country,NPL,2020,24.11,,,,final,,,
electricity.ember.lifecycle-intensity-by-country,NPL,2021,23.988,,,,final,,,
electricity.ember.lifecycle-intensity-by-country,NPL,2022,23.925,,,,final,,,
electricity.ember.lifecycle-intensity-by-country,NPL,2023,23.925,,,,final,,,
electricity.ember.lifecycle-intensity-by-country,NPL,2024,23.989,,,,final,,,
electricity.ember.lifecycle-intensity-by-country,NRU,2000,666.667,,,,final,,,
electricity.ember.lifecycle-intensity-by-country,NRU,2001,666.667,,,,final,,,
electricity.ember.lifecycle-intensity-by-country,NRU,2002,666.667,,,,final,,,
electricity.ember.lifecycle-intensity-by-country,NRU,2003,666.667,,,,final,,,
electricity.ember.lifecycle-intensity-by-country,NRU,2004,666.667,,,,final,,,
electricity.ember.lifecycle-intensity-by-country,NRU,2005,666.667,,,,final,,,
electricity.ember.lifecycle-intensity-by-country,NRU,2006,650.0,,,,final,,,
electricity.ember.lifecycle-intensity-by-country,NRU,2007,650.0,,,,final,,,
electricity.ember.lifecycle-intensity-by-country,NRU,2008,650.0,,,,final,,,
electricity.ember.lifecycle-intensity-by-country,NRU,2009,650.0,,,,final,,,
electricity.ember.lifecycle-intensity-by-country,NRU,2010,650.0,,,,final,,,
electricity.ember.lifecycle-intensity-by-country,NRU,2011,650.0,,,,final,,,
electricity.ember.lifecycle-intensity-by-country,NRU,2012,650.0,,,,final,,,
electricity.ember.lifecycle-intensity-by-country,NRU,2013,650.0,,,,final,,,
electricity.ember.lifecycle-intensity-by-country,NRU,2014,666.667,,,,final,,,
electricity.ember.lifecycle-intensity-by-country,NRU,2015,666.667,,,,final,,,
electricity.ember.lifecycle-intensity-by-country,NRU,2016,666.667,,,,final,,,
electricity.ember.lifecycle-intensity-by-country,NRU,2017,666.667,,,,final,,,
electricity.ember.lifecycle-intensity-by-country,NRU,2018,650.0,,,,final,,,
electricity.ember.lifecycle-intensity-by-country,NRU,2019,650.0,,,,final,,,
electricity.ember.lifecycle-intensity-by-country,NRU,2020,650.0,,,,final,,,
electricity.ember.lifecycle-intensity-by-country,NRU,2021,650.0,,,,final,,,
electricity.ember.lifecycle-intensity-by-country,NRU,2022,650.0,,,,final,,,
electricity.ember.lifecycle-intensity-by-country,NRU,2023,650.0,,,,final,,,
electricity.ember.lifecycle-intensity-by-country,NRU,2024,540.0,,,,final,,,
electricity.ember.lifecycle-intensity-by-country,NZL,2000,184.528,,,,final,,,
electricity.ember.lifecycle-intensity-by-country,NZL,2001,230.117,,,,final,,,
electricity.ember.lifecycle-intensity-by-country,NZL,2002,197.836,,,,final,,,
electricity.ember.lifecycle-intensity-by-country,NZL,2003,231.087,,,,final,,,
electricity.ember.lifecycle-intensity-by-country,NZL,2004,204.164,,,,final,,,
electricity.ember.lifecycle-intensity-by-country,NZL,2005,253.931,,,,final,,,
electricity.ember.lifecycle-intensity-by-country,NZL,2006,249.071,,,,final,,,
electricity.ember.lifecycle-intensity-by-country,NZL,2007,226.787,,,,final,,,
electricity.ember.lifecycle-intensity-by-country,NZL,2008,246.739,,,,final,,,
electricity.ember.lifecycle-intensity-by-country,NZL,2009,196.764,,,,final,,,
electricity.ember.lifecycle-intensity-by-country,NZL,2010,179.147,,,,final,,,
electricity.ember.lifecycle-intensity-by-country,NZL,2011,165.709,,,,final,,,
electricity.ember.lifecycle-intensity-by-country,NZL,2012,198.194,,,,final,,,
electricity.ember.lifecycle-intensity-by-country,NZL,2013,177.026,,,,final,,,
electricity.ember.lifecycle-intensity-by-country,NZL,2014,148.625,,,,final,,,
electricity.ember.lifecycle-intensity-by-country,NZL,2015,142.759,,,,final,,,
electricity.ember.lifecycle-intensity-by-country,NZL,2016,114.786,,,,final,,,
electricity.ember.lifecycle-intensity-by-country,NZL,2017,131.929,,,,final,,,
electricity.ember.lifecycle-intensity-by-country,NZL,2018,123.576,,,,final,,,
electricity.ember.lifecycle-intensity-by-country,NZL,2019,133.486,,,,final,,,
electricity.ember.lifecycle-intensity-by-country,NZL,2020,142.122,,,,final,,,
electricity.ember.lifecycle-intensity-by-country,NZL,2021,145.121,,,,final,,,
electricity.ember.lifecycle-intensity-by-country,NZL,2022,103.329,,,,final,,,
electricity.ember.lifecycle-intensity-by-country,NZL,2023,87.363,,,,final,,,
electricity.ember.lifecycle-intensity-by-country,NZL,2024,111.861,,,,final,,,
electricity.ember.lifecycle-intensity-by-country,NZL,2025,92.686,,,,preliminary,"2025 is the latest year in Ember's file, which has no estimate flag; Ember's methodology says that for the most recent years it estimates annual generation from monthly data.",,
electricity.ember.lifecycle-intensity-by-country,OMN,2000,580.571,,,,final,,,
electricity.ember.lifecycle-intensity-by-country,OMN,2001,581.109,,,,final,,,
electricity.ember.lifecycle-intensity-by-country,OMN,2002,581.413,,,,final,,,
electricity.ember.lifecycle-intensity-by-country,OMN,2003,581.419,,,,final,,,
electricity.ember.lifecycle-intensity-by-country,OMN,2004,581.391,,,,final,,,
electricity.ember.lifecycle-intensity-by-country,OMN,2005,579.368,,,,final,,,
electricity.ember.lifecycle-intensity-by-country,OMN,2006,578.631,,,,final,,,
electricity.ember.lifecycle-intensity-by-country,OMN,2007,566.267,,,,final,,,
electricity.ember.lifecycle-intensity-by-country,OMN,2008,566.667,,,,final,,,
electricity.ember.lifecycle-intensity-by-country,OMN,2009,566.612,,,,final,,,
electricity.ember.lifecycle-intensity-by-country,OMN,2010,566.683,,,,final,,,
electricity.ember.lifecycle-intensity-by-country,OMN,2011,566.804,,,,final,,,
electricity.ember.lifecycle-intensity-by-country,OMN,2012,566.867,,,,final,,,
electricity.ember.lifecycle-intensity-by-country,OMN,2013,567.073,,,,final,,,
electricity.ember.lifecycle-intensity-by-country,OMN,2014,567.044,,,,final,,,
electricity.ember.lifecycle-intensity-by-country,OMN,2015,567.053,,,,final,,,
electricity.ember.lifecycle-intensity-by-country,OMN,2016,567.163,,,,final,,,
electricity.ember.lifecycle-intensity-by-country,OMN,2017,566.999,,,,final,,,
electricity.ember.lifecycle-intensity-by-country,OMN,2018,566.711,,,,final,,,
electricity.ember.lifecycle-intensity-by-country,OMN,2019,566.495,,,,final,,,
electricity.ember.lifecycle-intensity-by-country,OMN,2020,565.445,,,,final,,,
electricity.ember.lifecycle-intensity-by-country,OMN,2021,559.098,,,,final,,,
electricity.ember.lifecycle-intensity-by-country,OMN,2022,545.094,,,,final,,,
electricity.ember.lifecycle-intensity-by-country,OMN,2023,542.556,,,,final,,,
electricity.ember.lifecycle-intensity-by-country,OMN,2024,542.872,,,,final,,,
electricity.ember.lifecycle-intensity-by-country,OMN,2025,544.398,,,,preliminary,"2025 is the latest year in Ember's file, which has no estimate flag; Ember's methodology says that for the most recent years it estimates annual generation from monthly data.",,
electricity.ember.lifecycle-intensity-by-country,PAK,2000,499.985,,,,final,,,
electricity.ember.lifecycle-intensity-by-country,PAK,2001,483.705,,,,final,,,
electricity.ember.lifecycle-intensity-by-country,PAK,2002,465.725,,,,final,,,
electricity.ember.lifecycle-intensity-by-country,PAK,2003,442.373,,,,final,,,
electricity.ember.lifecycle-intensity-by-country,PAK,2004,461.796,,,,final,,,
electricity.ember.lifecycle-intensity-by-country,PAK,2005,441.73,,,,final,,,
electricity.ember.lifecycle-intensity-by-country,PAK,2006,442.952,,,,final,,,
electricity.ember.lifecycle-intensity-by-country,PAK,2007,456.713,,,,final,,,
electricity.ember.lifecycle-intensity-by-country,PAK,2008,459.112,,,,final,,,
electricity.ember.lifecycle-intensity-by-country,PAK,2009,458.173,,,,final,,,
electricity.ember.lifecycle-intensity-by-country,PAK,2010,429.723,,,,final,,,
electricity.ember.lifecycle-intensity-by-country,PAK,2011,443.383,,,,final,,,
electricity.ember.lifecycle-intensity-by-country,PAK,2012,431.662,,,,final,,,
electricity.ember.lifecycle-intensity-by-country,PAK,2013,436.117,,,,final,,,
electricity.ember.lifecycle-intensity-by-country,PAK,2014,432.814,,,,final,,,
electricity.ember.lifecycle-intensity-by-country,PAK,2015,431.847,,,,final,,,
electricity.ember.lifecycle-intensity-by-country,PAK,2016,456.973,,,,final,,,
electricity.ember.lifecycle-intensity-by-country,PAK,2017,486.468,,,,final,,,
electricity.ember.lifecycle-intensity-by-country,PAK,2018,484.576,,,,final,,,
electricity.ember.lifecycle-intensity-by-country,PAK,2019,469.452,,,,final,,,
electricity.ember.lifecycle-intensity-by-country,PAK,2020,463.709,,,,final,,,
electricity.ember.lifecycle-intensity-by-country,PAK,2021,453.142,,,,final,,,
electricity.ember.lifecycle-intensity-by-country,PAK,2022,401.204,,,,final,,,
electricity.ember.lifecycle-intensity-by-country,PAK,2023,365.306,,,,final,,,
electricity.ember.lifecycle-intensity-by-country,PAK,2024,334.422,,,,final,,,
electricity.ember.lifecycle-intensity-by-country,PAK,2025,308.085,,,,preliminary,"2025 is the latest year in Ember's file, which has no estimate flag; Ember's methodology says that for the most recent years it estimates annual generation from monthly data.",,
electricity.ember.lifecycle-intensity-by-country,PAN,2000,212.679,,,,final,,,
electricity.ember.lifecycle-intensity-by-country,PAN,2001,346.68,,,,final,,,
electricity.ember.lifecycle-intensity-by-country,PAN,2002,248.771,,,,final,,,
electricity.ember.lifecycle-intensity-by-country,PAN,2003,335.368,,,,final,,,
electricity.ember.lifecycle-intensity-by-country,PAN,2004,240.278,,,,final,,,
electricity.ember.lifecycle-intensity-by-country,PAN,2005,251.031,,,,final,,,
electricity.ember.lifecycle-intensity-by-country,PAN,2006,276.756,,,,final,,,
electricity.ember.lifecycle-intensity-by-country,PAN,2007,292.415,,,,final,,,
electricity.ember.lifecycle-intensity-by-country,PAN,2008,265.008,,,,final,,,
electricity.ember.lifecycle-intensity-by-country,PAN,2009,298.698,,,,final,,,
electricity.ember.lifecycle-intensity-by-country,PAN,2010,296.748,,,,final,,,
electricity.ember.lifecycle-intensity-by-country,PAN,2011,336.701,,,,final,,,
electricity.ember.lifecycle-intensity-by-country,PAN,2012,276.074,,,,final,,,
electricity.ember.lifecycle-intensity-by-country,PAN,2013,307.821,,,,final,,,
electricity.ember.lifecycle-intensity-by-country,PAN,2014,320.323,,,,final,,,
electricity.ember.lifecycle-intensity-by-country,PAN,2015,258.252,,,,final,,,
electricity.ember.lifecycle-intensity-by-country,PAN,2016,248.07,,,,final,,,
electricity.ember.lifecycle-intensity-by-country,PAN,2017,205.888,,,,final,,,
electricity.ember.lifecycle-intensity-by-country,PAN,2018,169.911,,,,final,,,
electricity.ember.lifecycle-intensity-by-country,PAN,2019,324.914,,,,final,,,
electricity.ember.lifecycle-intensity-by-country,PAN,2020,180.622,,,,final,,,
electricity.ember.lifecycle-intensity-by-country,PAN,2021,160.776,,,,final,,,
electricity.ember.lifecycle-intensity-by-country,PAN,2022,169.714,,,,final,,,
electricity.ember.lifecycle-intensity-by-country,PAN,2023,265.904,,,,final,,,
electricity.ember.lifecycle-intensity-by-country,PAN,2024,220.328,,,,final,,,
electricity.ember.lifecycle-intensity-by-country,PER,2000,141.315,,,,final,,,
electricity.ember.lifecycle-intensity-by-country,PER,2001,117.91,,,,final,,,
electricity.ember.lifecycle-intensity-by-country,PER,2002,138.881,,,,final,,,
electricity.ember.lifecycle-intensity-by-country,PER,2003,145.835,,,,final,,,
electricity.ember.lifecycle-intensity-by-country,PER,2004,200.247,,,,final,,,
electricity.ember.lifecycle-intensity-by-country,PER,2005,199.804,,,,final,,,
electricity.ember.lifecycle-intensity-by-country,PER,2006,193.019,,,,final,,,
electricity.ember.lifecycle-intensity-by-country,PER,2007,229.502,,,,final,,,
electricity.ember.lifecycle-intensity-by-country,PER,2008,269.195,,,,final,,,
electricity.ember.lifecycle-intensity-by-country,PER,2009,265.158,,,,final,,,
electricity.ember.lifecycle-intensity-by-country,PER,2010,283.199,,,,final,,,
electricity.ember.lifecycle-intensity-by-country,PER,2011,286.388,,,,final,,,
electricity.ember.lifecycle-intensity-by-country,PER,2012,297.648,,,,final,,,
electricity.ember.lifecycle-intensity-by-country,PER,2013,304.964,,,,final,,,
electricity.ember.lifecycle-intensity-by-country,PER,2014,309.403,,,,final,,,
electricity.ember.lifecycle-intensity-by-country,PER,2015,305.884,,,,final,,,
electricity.ember.lifecycle-intensity-by-country,PER,2016,320.937,,,,final,,,
electricity.ember.lifecycle-intensity-by-country,PER,2017,271.599,,,,final,,,
electricity.ember.lifecycle-intensity-by-country,PER,2018,252.746,,,,final,,,
electricity.ember.lifecycle-intensity-by-country,PER,2019,256.761,,,,final,,,
electricity.ember.lifecycle-intensity-by-country,PER,2020,239.63,,,,final,,,
electricity.ember.lifecycle-intensity-by-country,PER,2021,250.763,,,,final,,,
electricity.ember.lifecycle-intensity-by-country,PER,2022,287.696,,,,final,,,
electricity.ember.lifecycle-intensity-by-country,PER,2023,291.868,,,,final,,,
electricity.ember.lifecycle-intensity-by-country,PER,2024,258.442,,,,final,,,
electricity.ember.lifecycle-intensity-by-country,PER,2025,238.145,,,,preliminary,"2025 is the latest year in Ember's file, which has no estimate flag; Ember's methodology says that for the most recent years it estimates annual generation from monthly data.",,
electricity.ember.lifecycle-intensity-by-country,PHL,2000,468.035,,,,final,,,
electricity.ember.lifecycle-intensity-by-country,PHL,2001,506.249,,,,final,,,
electricity.ember.lifecycle-intensity-by-country,PHL,2002,467.21,,,,final,,,
electricity.ember.lifecycle-intensity-by-country,PHL,2003,455.648,,,,final,,,
electricity.ember.lifecycle-intensity-by-country,PHL,2004,460.94,,,,final,,,
electricity.ember.lifecycle-intensity-by-country,PHL,2005,448.771,,,,final,,,
electricity.ember.lifecycle-intensity-by-country,PHL,2006,427.545,,,,final,,,
electricity.ember.lifecycle-intensity-by-country,PHL,2007,452.449,,,,final,,,
electricity.ember.lifecycle-intensity-by-country,PHL,2008,431.437,,,,final,,,
electricity.ember.lifecycle-intensity-by-country,PHL,2009,441.424,,,,final,,,
electricity.ember.lifecycle-intensity-by-country,PHL,2010,504.976,,,,final,,,
electricity.ember.lifecycle-intensity-by-country,PHL,2011,493.16,,,,final,,,
electricity.ember.lifecycle-intensity-by-country,PHL,2012,505.351,,,,final,,,
electricity.ember.lifecycle-intensity-by-country,PHL,2013,530.427,,,,final,,,
electricity.ember.lifecycle-intensity-by-country,PHL,2014,537.395,,,,final,,,
electricity.ember.lifecycle-intensity-by-country,PHL,2015,545.498,,,,final,,,
electricity.ember.lifecycle-intensity-by-country,PHL,2016,562.485,,,,final,,,
electricity.ember.lifecycle-intensity-by-country,PHL,2017,564.657,,,,final,,,
electricity.ember.lifecycle-intensity-by-country,PHL,2018,577.983,,,,final,,,
electricity.ember.lifecycle-intensity-by-country,PHL,2019,599.198,,,,final,,,
electricity.ember.lifecycle-intensity-by-country,PHL,2020,605.759,,,,final,,,
electricity.ember.lifecycle-intensity-by-country,PHL,2021,606.42,,,,final,,,
electricity.ember.lifecycle-intensity-by-country,PHL,2022,609.144,,,,final,,,
electricity.ember.lifecycle-intensity-by-country,PHL,2023,622.702,,,,final,,,
electricity.ember.lifecycle-intensity-by-country,PHL,2024,629.484,,,,final,,,
electricity.ember.lifecycle-intensity-by-country,PHL,2025,595.395,,,,preliminary,"2025 is the latest year in Ember's file, which has no estimate flag; Ember's methodology says that for the most recent years it estimates annual generation from monthly data.",,
electricity.ember.lifecycle-intensity-by-country,PNG,2000,398.157,,,,final,,,
electricity.ember.lifecycle-intensity-by-country,PNG,2001,448.881,,,,final,,,
electricity.ember.lifecycle-intensity-by-country,PNG,2002,462.718,,,,final,,,
electricity.ember.lifecycle-intensity-by-country,PNG,2003,473.913,,,,final,,,
electricity.ember.lifecycle-intensity-by-country,PNG,2004,494.872,,,,final,,,
electricity.ember.lifecycle-intensity-by-country,PNG,2005,458.564,,,,final,,,
electricity.ember.lifecycle-intensity-by-country,PNG,2006,450.882,,,,final,,,
electricity.ember.lifecycle-intensity-by-country,PNG,2007,429.254,,,,final,,,
electricity.ember.lifecycle-intensity-by-country,PNG,2008,433.724,,,,final,,,
electricity.ember.lifecycle-intensity-by-country,PNG,2009,431.157,,,,final,,,
electricity.ember.lifecycle-intensity-by-country,PNG,2010,440.171,,,,final,,,
electricity.ember.lifecycle-intensity-by-country,PNG,2011,428.375,,,,final,,,
electricity.ember.lifecycle-intensity-by-country,PNG,2012,431.903,,,,final,,,
electricity.ember.lifecycle-intensity-by-country,PNG,2013,442.394,,,,final,,,
electricity.ember.lifecycle-intensity-by-country,PNG,2014,453.972,,,,final,,,
electricity.ember.lifecycle-intensity-by-country,PNG,2015,467.108,,,,final,,,
electricity.ember.lifecycle-intensity-by-country,PNG,2016,477.987,,,,final,,,
electricity.ember.lifecycle-intensity-by-country,PNG,2017,491.724,,,,final,,,
electricity.ember.lifecycle-intensity-by-country,PNG,2018,521.789,,,,final,,,
electricity.ember.lifecycle-intensity-by-country,PNG,2019,497.43,,,,final,,,
electricity.ember.lifecycle-intensity-by-country,PNG,2020,493.415,,,,final,,,
electricity.ember.lifecycle-intensity-by-country,PNG,2021,509.492,,,,final,,,
electricity.ember.lifecycle-intensity-by-country,PNG,2022,532.462,,,,final,,,
electricity.ember.lifecycle-intensity-by-country,PNG,2023,516.068,,,,final,,,
electricity.ember.lifecycle-intensity-by-country,PNG,2024,516.068,,,,final,,,
electricity.ember.lifecycle-intensity-by-country,POL,2000,954.589,,,,final,,,
electricity.ember.lifecycle-intensity-by-country,POL,2001,949.513,,,,final,,,
electricity.ember.lifecycle-intensity-by-country,POL,2002,945.673,,,,final,,,
electricity.ember.lifecycle-intensity-by-country,POL,2003,949.777,,,,final,,,
electricity.ember.lifecycle-intensity-by-country,POL,2004,941.288,,,,final,,,
electricity.ember.lifecycle-intensity-by-country,POL,2005,932.191,,,,final,,,
electricity.ember.lifecycle-intensity-by-country,POL,2006,931.91,,,,final,,,
electricity.ember.lifecycle-intensity-by-country,POL,2007,925.385,,,,final,,,
electricity.ember.lifecycle-intensity-by-country,POL,2008,918.57,,,,final,,,
electricity.ember.lifecycle-intensity-by-country,POL,2009,904.865,,,,final,,,
electricity.ember.lifecycle-intensity-by-country,POL,2010,893.079,,,,final,,,
electricity.ember.lifecycle-intensity-by-country,POL,2011,881.654,,,,final,,,
electricity.ember.lifecycle-intensity-by-country,POL,2012,860.812,,,,final,,,
electricity.ember.lifecycle-intensity-by-country,POL,2013,863.28,,,,final,,,
electricity.ember.lifecycle-intensity-by-country,POL,2014,844.086,,,,final,,,
electricity.ember.lifecycle-intensity-by-country,POL,2015,826.19,,,,final,,,
electricity.ember.lifecycle-intensity-by-country,POL,2016,818.536,,,,final,,,
electricity.ember.lifecycle-intensity-by-country,POL,2017,805.579,,,,final,,,
electricity.ember.lifecycle-intensity-by-country,POL,2018,809.013,,,,final,,,
electricity.ember.lifecycle-intensity-by-country,POL,2019,771.621,,,,final,,,
electricity.ember.lifecycle-intensity-by-country,POL,2020,738.269,,,,final,,,
electricity.ember.lifecycle-intensity-by-country,POL,2021,756.357,,,,final,,,
electricity.ember.lifecycle-intensity-by-country,POL,2022,732.514,,,,final,,,
electricity.ember.lifecycle-intensity-by-country,POL,2023,650.846,,,,final,,,
electricity.ember.lifecycle-intensity-by-country,POL,2024,608.468,,,,final,,,
electricity.ember.lifecycle-intensity-by-country,POL,2025,590.886,,,,preliminary,"2025 is the latest year in Ember's file, which has no estimate flag; Ember's methodology says that for the most recent years it estimates annual generation from monthly data.",,
electricity.ember.lifecycle-intensity-by-country,PRI,2000,657.162,,,,final,,,
electricity.ember.lifecycle-intensity-by-country,PRI,2001,655.939,,,,final,,,
electricity.ember.lifecycle-intensity-by-country,PRI,2002,663.86,,,,final,,,
electricity.ember.lifecycle-intensity-by-country,PRI,2003,684.741,,,,final,,,
electricity.ember.lifecycle-intensity-by-country,PRI,2004,685.714,,,,final,,,
electricity.ember.lifecycle-intensity-by-country,PRI,2005,684.054,,,,final,,,
electricity.ember.lifecycle-intensity-by-country,PRI,2006,689.267,,,,final,,,
electricity.ember.lifecycle-intensity-by-country,PRI,2007,689.222,,,,final,,,
electricity.ember.lifecycle-intensity-by-country,PRI,2008,690.71,,,,final,,,
electricity.ember.lifecycle-intensity-by-country,PRI,2009,688.194,,,,final,,,
electricity.ember.lifecycle-intensity-by-country,PRI,2010,686.409,,,,final,,,
electricity.ember.lifecycle-intensity-by-country,PRI,2011,691.779,,,,final,,,
electricity.ember.lifecycle-intensity-by-country,PRI,2012,687.982,,,,final,,,
electricity.ember.lifecycle-intensity-by-country,PRI,2013,685.102,,,,final,,,
electricity.ember.lifecycle-intensity-by-country,PRI,2014,686.562,,,,final,,,
electricity.ember.lifecycle-intensity-by-country,PRI,2015,681.196,,,,final,,,
electricity.ember.lifecycle-intensity-by-country,PRI,2016,683.527,,,,final,,,
electricity.ember.lifecycle-intensity-by-country,PRI,2017,674.481,,,,final,,,
electricity.ember.lifecycle-intensity-by-country,PRI,2018,671.622,,,,final,,,
electricity.ember.lifecycle-intensity-by-country,PRI,2019,674.36,,,,final,,,
electricity.ember.lifecycle-intensity-by-country,PRI,2020,668.904,,,,final,,,
electricity.ember.lifecycle-intensity-by-country,PRI,2021,666.064,,,,final,,,
electricity.ember.lifecycle-intensity-by-country,PRI,2022,661.256,,,,final,,,
electricity.ember.lifecycle-intensity-by-country,PRI,2023,661.206,,,,final,,,
electricity.ember.lifecycle-intensity-by-country,PRI,2024,656.55,,,,final,,,
electricity.ember.lifecycle-intensity-by-country,PRI,2025,656.143,,,,preliminary,"2025 is the latest year in Ember's file, which has no estimate flag; Ember's methodology says that for the most recent years it estimates annual generation from monthly data.",,
electricity.ember.lifecycle-intensity-by-country,PRK,2000,434.663,,,,final,,,
electricity.ember.lifecycle-intensity-by-country,PRK,2001,433.499,,,,final,,,
electricity.ember.lifecycle-intensity-by-country,PRK,2002,422.228,,,,final,,,
electricity.ember.lifecycle-intensity-by-country,PRK,2003,404.693,,,,final,,,
electricity.ember.lifecycle-intensity-by-country,PRK,2004,395.563,,,,final,,,
electricity.ember.lifecycle-intensity-by-country,PRK,2005,393.852,,,,final,,,
electricity.ember.lifecycle-intensity-by-country,PRK,2006,405.558,,,,final,,,
electricity.ember.lifecycle-intensity-by-country,PRK,2007,355.306,,,,final,,,
electricity.ember.lifecycle-intensity-by-country,PRK,2008,365.221,,,,final,,,
electricity.ember.lifecycle-intensity-by-country,PRK,2009,433.148,,,,final,,,
electricity.ember.lifecycle-intensity-by-country,PRK,2010,403.903,,,,final,,,
electricity.ember.lifecycle-intensity-by-country,PRK,2011,346.622,,,,final,,,
electricity.ember.lifecycle-intensity-by-country,PRK,2012,348.315,,,,final,,,
electricity.ember.lifecycle-intensity-by-country,PRK,2013,347.11,,,,final,,,
electricity.ember.lifecycle-intensity-by-country,PRK,2014,370.717,,,,final,,,
electricity.ember.lifecycle-intensity-by-country,PRK,2015,433.281,,,,final,,,
electricity.ember.lifecycle-intensity-by-country,PRK,2016,425.913,,,,final,,,
electricity.ember.lifecycle-intensity-by-country,PRK,2017,453.009,,,,final,,,
electricity.ember.lifecycle-intensity-by-country,PRK,2018,446.234,,,,final,,,
electricity.ember.lifecycle-intensity-by-country,PRK,2019,486.851,,,,final,,,
electricity.ember.lifecycle-intensity-by-country,PRK,2020,424.896,,,,final,,,
electricity.ember.lifecycle-intensity-by-country,PRK,2021,342.333,,,,final,,,
electricity.ember.lifecycle-intensity-by-country,PRK,2022,344.03,,,,final,,,
electricity.ember.lifecycle-intensity-by-country,PRK,2023,346.033,,,,final,,,
electricity.ember.lifecycle-intensity-by-country,PRK,2024,340.59,,,,final,,,
electricity.ember.lifecycle-intensity-by-country,PRT,2000,546.309,,,,final,,,
electricity.ember.lifecycle-intensity-by-country,PRT,2001,507.099,,,,final,,,
electricity.ember.lifecycle-intensity-by-country,PRT,2002,592.667,,,,final,,,
electricity.ember.lifecycle-intensity-by-country,PRT,2003,485.342,,,,final,,,
electricity.ember.lifecycle-intensity-by-country,PRT,2004,541.406,,,,final,,,
electricity.ember.lifecycle-intensity-by-country,PRT,2005,595.675,,,,final,,,
electricity.ember.lifecycle-intensity-by-country,PRT,2006,503.926,,,,final,,,
electricity.ember.lifecycle-intensity-by-country,PRT,2007,472.34,,,,final,,,
electricity.ember.lifecycle-intensity-by-country,PRT,2008,471.548,,,,final,,,
electricity.ember.lifecycle-intensity-by-country,PRT,2009,452.815,,,,final,,,
electricity.ember.lifecycle-intensity-by-country,PRT,2010,317.203,,,,final,,,
electricity.ember.lifecycle-intensity-by-country,PRT,2011,375.183,,,,final,,,
electricity.ember.lifecycle-intensity-by-country,PRT,2012,441.021,,,,final,,,
electricity.ember.lifecycle-intensity-by-country,PRT,2013,340.318,,,,final,,,
electricity.ember.lifecycle-intensity-by-country,PRT,2014,325.656,,,,final,,,
electricity.ember.lifecycle-intensity-by-country,PRT,2015,413.923,,,,final,,,
electricity.ember.lifecycle-intensity-by-country,PRT,2016,343.861,,,,final,,,
electricity.ember.lifecycle-intensity-by-country,PRT,2017,433.686,,,,final,,,
electricity.ember.lifecycle-intensity-by-country,PRT,2018,358.852,,,,final,,,
electricity.ember.lifecycle-intensity-by-country,PRT,2019,300.814,,,,final,,,
electricity.ember.lifecycle-intensity-by-country,PRT,2020,248.161,,,,final,,,
electricity.ember.lifecycle-intensity-by-country,PRT,2021,210.666,,,,final,,,
electricity.ember.lifecycle-intensity-by-country,PRT,2022,225.038,,,,final,,,
electricity.ember.lifecycle-intensity-by-country,PRT,2023,158.474,,,,final,,,
electricity.ember.lifecycle-intensity-by-country,PRT,2024,110.639,,,,final,,,
electricity.ember.lifecycle-intensity-by-country,PRT,2025,127.805,,,,preliminary,"2025 is the latest year in Ember's file, which has no estimate flag; Ember's methodology says that for the most recent years it estimates annual generation from monthly data.",,
electricity.ember.lifecycle-intensity-by-country,PRY,2000,23.761,,,,final,,,
electricity.ember.lifecycle-intensity-by-country,PRY,2001,23.764,,,,final,,,
electricity.ember.lifecycle-intensity-by-country,PRY,2002,23.75,,,,final,,,
electricity.ember.lifecycle-intensity-by-country,PRY,2003,23.759,,,,final,,,
electricity.ember.lifecycle-intensity-by-country,PRY,2004,23.763,,,,final,,,
electricity.ember.lifecycle-intensity-by-country,PRY,2005,23.764,,,,final,,,
electricity.ember.lifecycle-intensity-by-country,PRY,2006,23.768,,,,final,,,
electricity.ember.lifecycle-intensity-by-country,PRY,2007,23.757,,,,final,,,
electricity.ember.lifecycle-intensity-by-country,PRY,2008,23.765,,,,final,,,
electricity.ember.lifecycle-intensity-by-country,PRY,2009,23.753,,,,final,,,
electricity.ember.lifecycle-intensity-by-country,PRY,2010,23.751,,,,final,,,
electricity.ember.lifecycle-intensity-by-country,PRY,2011,23.759,,,,final,,,
electricity.ember.lifecycle-intensity-by-country,PRY,2012,23.759,,,,final,,,
electricity.ember.lifecycle-intensity-by-country,PRY,2013,24.178,,,,final,,,
electricity.ember.lifecycle-intensity-by-country,PRY,2014,24.355,,,,final,,,
electricity.ember.lifecycle-intensity-by-country,PRY,2015,24.28,,,,final,,,
electricity.ember.lifecycle-intensity-by-country,PRY,2016,24.273,,,,final,,,
electricity.ember.lifecycle-intensity-by-country,PRY,2017,24.206,,,,final,,,
electricity.ember.lifecycle-intensity-by-country,PRY,2018,24.183,,,,final,,,
electricity.ember.lifecycle-intensity-by-country,PRY,2019,24.299,,,,final,,,
electricity.ember.lifecycle-intensity-by-country,PRY,2020,24.834,,,,final,,,
electricity.ember.lifecycle-intensity-by-country,PRY,2021,25.024,,,,final,,,
electricity.ember.lifecycle-intensity-by-country,PRY,2022,24.802,,,,final,,,
electricity.ember.lifecycle-intensity-by-country,PRY,2023,24.623,,,,final,,,
electricity.ember.lifecycle-intensity-by-country,PRY,2024,24.853,,,,final,,,
electricity.ember.lifecycle-intensity-by-country,PRY,2025,24.785,,,,preliminary,"2025 is the latest year in Ember's file, which has no estimate flag; Ember's methodology says that for the most recent years it estimates annual generation from monthly data.",,
electricity.ember.lifecycle-intensity-by-country,PSE,2000,666.667,,,,final,,,
electricity.ember.lifecycle-intensity-by-country,PSE,2001,650.0,,,,final,,,
electricity.ember.lifecycle-intensity-by-country,PSE,2002,660.0,,,,final,,,
electricity.ember.lifecycle-intensity-by-country,PSE,2003,658.824,,,,final,,,
electricity.ember.lifecycle-intensity-by-country,PSE,2004,657.5,,,,final,,,
electricity.ember.lifecycle-intensity-by-country,PSE,2005,658.0,,,,final,,,
electricity.ember.lifecycle-intensity-by-country,PSE,2006,657.143,,,,final,,,
electricity.ember.lifecycle-intensity-by-country,PSE,2007,657.143,,,,final,,,
electricity.ember.lifecycle-intensity-by-country,PSE,2008,658.14,,,,final,,,
electricity.ember.lifecycle-intensity-by-country,PSE,2009,658.0,,,,final,,,
electricity.ember.lifecycle-intensity-by-country,PSE,2010,657.447,,,,final,,,
electricity.ember.lifecycle-intensity-by-country,PSE,2011,657.895,,,,final,,,
electricity.ember.lifecycle-intensity-by-country,PSE,2012,658.696,,,,final,,,
electricity.ember.lifecycle-intensity-by-country,PSE,2013,658.491,,,,final,,,
electricity.ember.lifecycle-intensity-by-country,PSE,2014,658.824,,,,final,,,
electricity.ember.lifecycle-intensity-by-country,PSE,2015,646.154,,,,final,,,
electricity.ember.lifecycle-intensity-by-country,PSE,2016,611.321,,,,final,,,
electricity.ember.lifecycle-intensity-by-country,PSE,2017,601.818,,,,final,,,
electricity.ember.lifecycle-intensity-by-country,PSE,2018,571.429,,,,final,,,
electricity.ember.lifecycle-intensity-by-country,PSE,2019,567.901,,,,final,,,
electricity.ember.lifecycle-intensity-by-country,PSE,2020,527.381,,,,final,,,
electricity.ember.lifecycle-intensity-by-country,PSE,2021,509.89,,,,final,,,
electricity.ember.lifecycle-intensity-by-country,PSE,2022,454.902,,,,final,,,
electricity.ember.lifecycle-intensity-by-country,PSE,2023,414.118,,,,final,,,
electricity.ember.lifecycle-intensity-by-country,PSE,2024,417.172,,,,final,,,
electricity.ember.lifecycle-intensity-by-country,PYF,2000,473.171,,,,final,,,
electricity.ember.lifecycle-intensity-by-country,PYF,2001,507.143,,,,final,,,
electricity.ember.lifecycle-intensity-by-country,PYF,2002,478.261,,,,final,,,
electricity.ember.lifecycle-intensity-by-country,PYF,2003,455.319,,,,final,,,
electricity.ember.lifecycle-intensity-by-country,PYF,2004,446.296,,,,final,,,
electricity.ember.lifecycle-intensity-by-country,PYF,2005,433.333,,,,final,,,
electricity.ember.lifecycle-intensity-by-country,PYF,2006,418.868,,,,final,,,
electricity.ember.lifecycle-intensity-by-country,PYF,2007,403.636,,,,final,,,
electricity.ember.lifecycle-intensity-by-country,PYF,2008,424.561,,,,final,,,
electricity.ember.lifecycle-intensity-by-country,PYF,2009,427.586,,,,final,,,
electricity.ember.lifecycle-intensity-by-country,PYF,2010,441.772,,,,final,,,
electricity.ember.lifecycle-intensity-by-country,PYF,2011,460.811,,,,final,,,
electricity.ember.lifecycle-intensity-by-country,PYF,2012,473.611,,,,final,,,
electricity.ember.lifecycle-intensity-by-country,PYF,2013,500.0,,,,final,,,
electricity.ember.lifecycle-intensity-by-country,PYF,2014,472.059,,,,final,,,
electricity.ember.lifecycle-intensity-by-country,PYF,2015,472.059,,,,final,,,
electricity.ember.lifecycle-intensity-by-country,PYF,2016,463.235,,,,final,,,
electricity.ember.lifecycle-intensity-by-country,PYF,2017,456.522,,,,final,,,
electricity.ember.lifecycle-intensity-by-country,PYF,2018,473.529,,,,final,,,
electricity.ember.lifecycle-intensity-by-country,PYF,2019,475.362,,,,final,,,
electricity.ember.lifecycle-intensity-by-country,PYF,2020,466.667,,,,final,,,
electricity.ember.lifecycle-intensity-by-country,PYF,2021,477.273,,,,final,,,
electricity.ember.lifecycle-intensity-by-country,PYF,2022,445.07,,,,final,,,
electricity.ember.lifecycle-intensity-by-country,PYF,2023,445.07,,,,final,,,
electricity.ember.lifecycle-intensity-by-country,PYF,2024,440.278,,,,final,,,
electricity.ember.lifecycle-intensity-by-country,QAT,2000,603.724,,,,final,,,
electricity.ember.lifecycle-intensity-by-country,QAT,2001,603.719,,,,final,,,
electricity.ember.lifecycle-intensity-by-country,QAT,2002,603.656,,,,final,,,
electricity.ember.lifecycle-intensity-by-country,QAT,2003,603.664,,,,final,,,
electricity.ember.lifecycle-intensity-by-country,QAT,2004,603.704,,,,final,,,
electricity.ember.lifecycle-intensity-by-country,QAT,2005,603.681,,,,final,,,
electricity.ember.lifecycle-intensity-by-country,QAT,2006,603.689,,,,final,,,
electricity.ember.lifecycle-intensity-by-country,QAT,2007,603.7,,,,final,,,
electricity.ember.lifecycle-intensity-by-country,QAT,2008,603.7,,,,final,,,
electricity.ember.lifecycle-intensity-by-country,QAT,2009,603.684,,,,final,,,
electricity.ember.lifecycle-intensity-by-country,QAT,2010,603.696,,,,final,,,
electricity.ember.lifecycle-intensity-by-country,QAT,2011,603.677,,,,final,,,
electricity.ember.lifecycle-intensity-by-country,QAT,2012,603.563,,,,final,,,
electricity.ember.lifecycle-intensity-by-country,QAT,2013,602.791,,,,final,,,
electricity.ember.lifecycle-intensity-by-country,QAT,2014,602.552,,,,final,,,
electricity.ember.lifecycle-intensity-by-country,QAT,2015,602.426,,,,final,,,
electricity.ember.lifecycle-intensity-by-country,QAT,2016,602.451,,,,final,,,
electricity.ember.lifecycle-intensity-by-country,QAT,2017,602.451,,,,final,,,
electricity.ember.lifecycle-intensity-by-country,QAT,2018,602.434,,,,final,,,
electricity.ember.lifecycle-intensity-by-country,QAT,2019,602.64,,,,final,,,
electricity.ember.lifecycle-intensity-by-country,QAT,2020,602.551,,,,final,,,
electricity.ember.lifecycle-intensity-by-country,QAT,2021,602.529,,,,final,,,
electricity.ember.lifecycle-intensity-by-country,QAT,2022,596.767,,,,final,,,
electricity.ember.lifecycle-intensity-by-country,QAT,2023,584.25,,,,final,,,
electricity.ember.lifecycle-intensity-by-country,QAT,2024,581.704,,,,final,,,
electricity.ember.lifecycle-intensity-by-country,QAT,2025,581.895,,,,preliminary,"2025 is the latest year in Ember's file, which has no estimate flag; Ember's methodology says that for the most recent years it estimates annual generation from monthly data.",,
electricity.ember.lifecycle-intensity-by-country,REU,2000,480.682,,,,final,,,
electricity.ember.lifecycle-intensity-by-country,REU,2001,517.838,,,,final,,,
electricity.ember.lifecycle-intensity-by-country,REU,2002,493.782,,,,final,,,
electricity.ember.lifecycle-intensity-by-country,REU,2003,498.077,,,,final,,,
electricity.ember.lifecycle-intensity-by-country,REU,2004,497.717,,,,final,,,
electricity.ember.lifecycle-intensity-by-country,REU,2005,567.401,,,,final,,,
electricity.ember.lifecycle-intensity-by-country,REU,2006,558.898,,,,final,,,
electricity.ember.lifecycle-intensity-by-country,REU,2007,573.577,,,,final,,,
electricity.ember.lifecycle-intensity-by-country,REU,2008,582.283,,,,final,,,
electricity.ember.lifecycle-intensity-by-country,REU,2009,596.183,,,,final,,,
electricity.ember.lifecycle-intensity-by-country,REU,2010,587.778,,,,final,,,
electricity.ember.lifecycle-intensity-by-country,REU,2011,610.182,,,,final,,,
electricity.ember.lifecycle-intensity-by-country,REU,2012,581.56,,,,final,,,
electricity.ember.lifecycle-intensity-by-country,REU,2013,553.546,,,,final,,,
electricity.ember.lifecycle-intensity-by-country,REU,2014,575.524,,,,final,,,
electricity.ember.lifecycle-intensity-by-country,REU,2015,553.103,,,,final,,,
electricity.ember.lifecycle-intensity-by-country,REU,2016,560.544,,,,final,,,
electricity.ember.lifecycle-intensity-by-country,REU,2017,570.47,,,,final,,,
electricity.ember.lifecycle-intensity-by-country,REU,2018,534.915,,,,final,,,
electricity.ember.lifecycle-intensity-by-country,REU,2019,569.508,,,,final,,,
electricity.ember.lifecycle-intensity-by-country,REU,2020,643.272,,,,final,,,
electricity.ember.lifecycle-intensity-by-country,REU,2021,572.168,,,,final,,,
electricity.ember.lifecycle-intensity-by-country,REU,2022,485.294,,,,final,,,
electricity.ember.lifecycle-intensity-by-country,REU,2023,398.697,,,,final,,,
electricity.ember.lifecycle-intensity-by-country,ROU,2000,513.673,,,,final,,,
electricity.ember.lifecycle-intensity-by-country,ROU,2001,524.556,,,,final,,,
electricity.ember.lifecycle-intensity-by-country,ROU,2002,515.05,,,,final,,,
electricity.ember.lifecycle-intensity-by-country,ROU,2003,573.869,,,,final,,,
electricity.ember.lifecycle-intensity-by-country,ROU,2004,518.027,,,,final,,,
electricity.ember.lifecycle-intensity-by-country,ROU,2005,490.005,,,,final,,,
electricity.ember.lifecycle-intensity-by-country,ROU,2006,530.147,,,,final,,,
electricity.ember.lifecycle-intensity-by-country,ROU,2007,529.516,,,,final,,,
electricity.ember.lifecycle-intensity-by-country,ROU,2008,497.656,,,,final,,,
electricity.ember.lifecycle-intensity-by-country,ROU,2009,469.509,,,,final,,,
electricity.ember.lifecycle-intensity-by-country,ROU,2010,424.644,,,,final,,,
electricity.ember.lifecycle-intensity-by-country,ROU,2011,490.663,,,,final,,,
electricity.ember.lifecycle-intensity-by-country,ROU,2012,486.83,,,,final,,,
electricity.ember.lifecycle-intensity-by-country,ROU,2013,389.758,,,,final,,,
electricity.ember.lifecycle-intensity-by-country,ROU,2014,356.824,,,,final,,,
electricity.ember.lifecycle-intensity-by-country,ROU,2015,369.007,,,,final,,,
electricity.ember.lifecycle-intensity-by-country,ROU,2016,345.406,,,,final,,,
electricity.ember.lifecycle-intensity-by-country,ROU,2017,369.232,,,,final,,,
electricity.ember.lifecycle-intensity-by-country,ROU,2018,347.979,,,,final,,,
electricity.ember.lifecycle-intensity-by-country,ROU,2019,329.255,,,,final,,,
electricity.ember.lifecycle-intensity-by-country,ROU,2020,277.558,,,,final,,,
electricity.ember.lifecycle-intensity-by-country,ROU,2021,290.215,,,,final,,,
electricity.ember.lifecycle-intensity-by-country,ROU,2022,297.771,,,,final,,,
electricity.ember.lifecycle-intensity-by-country,ROU,2023,243.003,,,,final,,,
electricity.ember.lifecycle-intensity-by-country,ROU,2024,259.697,,,,final,,,
electricity.ember.lifecycle-intensity-by-country,ROU,2025,259.161,,,,preliminary,"2025 is the latest year in Ember's file, which has no estimate flag; Ember's methodology says that for the most recent years it estimates annual generation from monthly data.",,
electricity.ember.lifecycle-intensity-by-country,RUS,2000,469.933,,,,final,,,
electricity.ember.lifecycle-intensity-by-country,RUS,2001,458.312,,,,final,,,
electricity.ember.lifecycle-intensity-by-country,RUS,2002,463.036,,,,final,,,
electricity.ember.lifecycle-intensity-by-country,RUS,2003,465.28,,,,final,,,
electricity.ember.lifecycle-intensity-by-country,RUS,2004,453.732,,,,final,,,
electricity.ember.lifecycle-intensity-by-country,RUS,2005,457.397,,,,final,,,
electricity.ember.lifecycle-intensity-by-country,RUS,2006,462.505,,,,final,,,
electricity.ember.lifecycle-intensity-by-country,RUS,2007,458.195,,,,final,,,
electricity.ember.lifecycle-intensity-by-country,RUS,2008,475.096,,,,final,,,
electricity.ember.lifecycle-intensity-by-country,RUS,2009,452.103,,,,final,,,
electricity.ember.lifecycle-intensity-by-country,RUS,2010,458.008,,,,final,,,
electricity.ember.lifecycle-intensity-by-country,RUS,2011,461.316,,,,final,,,
electricity.ember.lifecycle-intensity-by-country,RUS,2012,461.866,,,,final,,,
electricity.ember.lifecycle-intensity-by-country,RUS,2013,450.179,,,,final,,,
electricity.ember.lifecycle-intensity-by-country,RUS,2014,449.279,,,,final,,,
electricity.ember.lifecycle-intensity-by-country,RUS,2015,444.356,,,,final,,,
electricity.ember.lifecycle-intensity-by-country,RUS,2016,442.771,,,,final,,,
electricity.ember.lifecycle-intensity-by-country,RUS,2017,439.718,,,,final,,,
electricity.ember.lifecycle-intensity-by-country,RUS,2018,439.415,,,,final,,,
electricity.ember.lifecycle-intensity-by-country,RUS,2019,440.13,,,,final,,,
electricity.ember.lifecycle-intensity-by-country,RUS,2020,417.738,,,,final,,,
electricity.ember.lifecycle-intensity-by-country,RUS,2021,426.896,,,,final,,,
electricity.ember.lifecycle-intensity-by-country,RUS,2022,436.426,,,,final,,,
electricity.ember.lifecycle-intensity-by-country,RUS,2023,442.886,,,,final,,,
electricity.ember.lifecycle-intensity-by-country,RUS,2024,446.125,,,,final,,,
electricity.ember.lifecycle-intensity-by-country,RUS,2025,449.607,,,,preliminary,"2025 is the latest year in Ember's file, which has no estimate flag; Ember's methodology says that for the most recent years it estimates annual generation from monthly data.",,
electricity.ember.lifecycle-intensity-by-country,RWA,2000,262.5,,,,final,,,
electricity.ember.lifecycle-intensity-by-country,RWA,2001,280.0,,,,final,,,
electricity.ember.lifecycle-intensity-by-country,RWA,2002,282.353,,,,final,,,
electricity.ember.lifecycle-intensity-by-country,RWA,2003,233.333,,,,final,,,
electricity.ember.lifecycle-intensity-by-country,RWA,2004,292.857,,,,final,,,
electricity.ember.lifecycle-intensity-by-country,RWA,2005,326.316,,,,final,,,
electricity.ember.lifecycle-intensity-by-country,RWA,2006,351.852,,,,final,,,
electricity.ember.lifecycle-intensity-by-country,RWA,2007,352.0,,,,final,,,
electricity.ember.lifecycle-intensity-by-country,RWA,2008,306.897,,,,final,,,
electricity.ember.lifecycle-intensity-by-country,RWA,2009,332.258,,,,final,,,
electricity.ember.lifecycle-intensity-by-country,RWA,2010,407.143,,,,final,,,
electricity.ember.lifecycle-intensity-by-country,RWA,2011,382.857,,,,final,,,
electricity.ember.lifecycle-intensity-by-country,RWA,2012,364.103,,,,final,,,
electricity.ember.lifecycle-intensity-by-country,RWA,2013,400.0,,,,final,,,
electricity.ember.lifecycle-intensity-by-country,RWA,2014,343.902,,,,final,,,
electricity.ember.lifecycle-intensity-by-country,RWA,2015,294.118,,,,final,,,
electricity.ember.lifecycle-intensity-by-country,RWA,2016,334.375,,,,final,,,
electricity.ember.lifecycle-intensity-by-country,RWA,2017,361.538,,,,final,,,
electricity.ember.lifecycle-intensity-by-country,RWA,2018,385.366,,,,final,,,
electricity.ember.lifecycle-intensity-by-country,RWA,2019,324.706,,,,final,,,
electricity.ember.lifecycle-intensity-by-country,RWA,2020,250.562,,,,final,,,
electricity.ember.lifecycle-intensity-by-country,RWA,2021,278.0,,,,final,,,
electricity.ember.lifecycle-intensity-by-country,RWA,2022,289.423,,,,final,,,
electricity.ember.lifecycle-intensity-by-country,RWA,2023,365.455,,,,final,,,
electricity.ember.lifecycle-intensity-by-country,RWA,2024,361.947,,,,final,,,
electricity.ember.lifecycle-intensity-by-country,SAU,2000,692.35,,,,final,,,
electricity.ember.lifecycle-intensity-by-country,SAU,2001,697.152,,,,final,,,
electricity.ember.lifecycle-intensity-by-country,SAU,2002,699.671,,,,final,,,
electricity.ember.lifecycle-intensity-by-country,SAU,2003,698.925,,,,final,,,
electricity.ember.lifecycle-intensity-by-country,SAU,2004,700.49,,,,final,,,
electricity.ember.lifecycle-intensity-by-country,SAU,2005,700.157,,,,final,,,
electricity.ember.lifecycle-intensity-by-country,SAU,2006,697.743,,,,final,,,
electricity.ember.lifecycle-intensity-by-country,SAU,2007,695.49,,,,final,,,
electricity.ember.lifecycle-intensity-by-country,SAU,2008,694.804,,,,final,,,
electricity.ember.lifecycle-intensity-by-country,SAU,2009,690.309,,,,final,,,
electricity.ember.lifecycle-intensity-by-country,SAU,2010,691.41,,,,final,,,
electricity.ember.lifecycle-intensity-by-country,SAU,2011,691.264,,,,final,,,
electricity.ember.lifecycle-intensity-by-country,SAU,2012,692.774,,,,final,,,
electricity.ember.lifecycle-intensity-by-country,SAU,2013,693.061,,,,final,,,
electricity.ember.lifecycle-intensity-by-country,SAU,2014,692.575,,,,final,,,
electricity.ember.lifecycle-intensity-by-country,SAU,2015,693.098,,,,final,,,
electricity.ember.lifecycle-intensity-by-country,SAU,2016,697.254,,,,final,,,
electricity.ember.lifecycle-intensity-by-country,SAU,2017,699.97,,,,final,,,
electricity.ember.lifecycle-intensity-by-country,SAU,2018,702.874,,,,final,,,
electricity.ember.lifecycle-intensity-by-country,SAU,2019,701.709,,,,final,,,
electricity.ember.lifecycle-intensity-by-country,SAU,2020,701.89,,,,final,,,
electricity.ember.lifecycle-intensity-by-country,SAU,2021,702.418,,,,final,,,
electricity.ember.lifecycle-intensity-by-country,SAU,2022,700.059,,,,final,,,
electricity.ember.lifecycle-intensity-by-country,SAU,2023,697.3,,,,final,,,
electricity.ember.lifecycle-intensity-by-country,SAU,2024,691.947,,,,final,,,
electricity.ember.lifecycle-intensity-by-country,SDN,2000,348.425,,,,final,,,
electricity.ember.lifecycle-intensity-by-country,SDN,2001,344.03,,,,final,,,
electricity.ember.lifecycle-intensity-by-country,SDN,2002,371.667,,,,final,,,
electricity.ember.lifecycle-intensity-by-country,SDN,2003,431.124,,,,final,,,
electricity.ember.lifecycle-intensity-by-country,SDN,2004,446.944,,,,final,,,
electricity.ember.lifecycle-intensity-by-country,SDN,2005,442.172,,,,final,,,
electricity.ember.lifecycle-intensity-by-country,SDN,2006,459.14,,,,final,,,
electricity.ember.lifecycle-intensity-by-country,SDN,2007,468.217,,,,final,,,
electricity.ember.lifecycle-intensity-by-country,SDN,2008,483.156,,,,final,,,
electricity.ember.lifecycle-intensity-by-country,SDN,2009,340.998,,,,final,,,
electricity.ember.lifecycle-intensity-by-country,SDN,2010,136.148,,,,final,,,
electricity.ember.lifecycle-intensity-by-country,SDN,2011,174.736,,,,final,,,
electricity.ember.lifecycle-intensity-by-country,SDN,2012,214.526,,,,final,,,
electricity.ember.lifecycle-intensity-by-country,SDN,2013,147.15,,,,final,,,
electricity.ember.lifecycle-intensity-by-country,SDN,2014,162.577,,,,final,,,
electricity.ember.lifecycle-intensity-by-country,SDN,2015,249.733,,,,final,,,
electricity.ember.lifecycle-intensity-by-country,SDN,2016,303.089,,,,final,,,
electricity.ember.lifecycle-intensity-by-country,SDN,2017,275.86,,,,final,,,
electricity.ember.lifecycle-intensity-by-country,SDN,2018,280.427,,,,final,,,
electricity.ember.lifecycle-intensity-by-country,SDN,2019,254.994,,,,final,,,
electricity.ember.lifecycle-intensity-by-country,SDN,2020,248.14,,,,final,,,
electricity.ember.lifecycle-intensity-by-country,SDN,2021,261.864,,,,final,,,
electricity.ember.lifecycle-intensity-by-country,SDN,2022,204.35,,,,final,,,
electricity.ember.lifecycle-intensity-by-country,SDN,2023,146.106,,,,final,,,
electricity.ember.lifecycle-intensity-by-country,SDN,2024,154.299,,,,final,,,
electricity.ember.lifecycle-intensity-by-country,SEN,2000,642.953,,,,final,,,
electricity.ember.lifecycle-intensity-by-country,SEN,2001,643.017,,,,final,,,
electricity.ember.lifecycle-intensity-by-country,SEN,2002,586.538,,,,final,,,
electricity.ember.lifecycle-intensity-by-country,SEN,2003,565.665,,,,final,,,
electricity.ember.lifecycle-intensity-by-country,SEN,2004,581.59,,,,final,,,
electricity.ember.lifecycle-intensity-by-country,SEN,2005,594.717,,,,final,,,
electricity.ember.lifecycle-intensity-by-country,SEN,2006,600.379,,,,final,,,
electricity.ember.lifecycle-intensity-by-country,SEN,2007,616.786,,,,final,,,
electricity.ember.lifecycle-intensity-by-country,SEN,2008,608.108,,,,final,,,
electricity.ember.lifecycle-intensity-by-country,SEN,2009,606.23,,,,final,,,
electricity.ember.lifecycle-intensity-by-country,SEN,2010,607.43,,,,final,,,
electricity.ember.lifecycle-intensity-by-country,SEN,2011,604.863,,,,final,,,
electricity.ember.lifecycle-intensity-by-country,SEN,2012,613.536,,,,final,,,
electricity.ember.lifecycle-intensity-by-country,SEN,2013,612.073,,,,final,,,
electricity.ember.lifecycle-intensity-by-country,SEN,2014,614.593,,,,final,,,
electricity.ember.lifecycle-intensity-by-country,SEN,2015,618.694,,,,final,,,
electricity.ember.lifecycle-intensity-by-country,SEN,2016,625.105,,,,final,,,
electricity.ember.lifecycle-intensity-by-country,SEN,2017,607.627,,,,final,,,
electricity.ember.lifecycle-intensity-by-country,SEN,2018,595.344,,,,final,,,
electricity.ember.lifecycle-intensity-by-country,SEN,2019,607.732,,,,final,,,
electricity.ember.lifecycle-intensity-by-country,SEN,2020,563.366,,,,final,,,
electricity.ember.lifecycle-intensity-by-country,SEN,2021,546.396,,,,final,,,
electricity.ember.lifecycle-intensity-by-country,SEN,2022,551.257,,,,final,,,
electricity.ember.lifecycle-intensity-by-country,SEN,2023,557.073,,,,final,,,
electricity.ember.lifecycle-intensity-by-country,SEN,2024,540.105,,,,final,,,
electricity.ember.lifecycle-intensity-by-country,SGP,2000,657.247,,,,final,,,
electricity.ember.lifecycle-intensity-by-country,SGP,2001,598.488,,,,final,,,
electricity.ember.lifecycle-intensity-by-country,SGP,2002,586.238,,,,final,,,
electricity.ember.lifecycle-intensity-by-country,SGP,2003,570.357,,,,final,,,
electricity.ember.lifecycle-intensity-by-country,SGP,2004,555.812,,,,final,,,
electricity.ember.lifecycle-intensity-by-country,SGP,2005,545.526,,,,final,,,
electricity.ember.lifecycle-intensity-by-country,SGP,2006,539.504,,,,final,,,
electricity.ember.lifecycle-intensity-by-country,SGP,2007,537.758,,,,final,,,
electricity.ember.lifecycle-intensity-by-country,SGP,2008,534.269,,,,final,,,
electricity.ember.lifecycle-intensity-by-country,SGP,2009,533.612,,,,final,,,
electricity.ember.lifecycle-intensity-by-country,SGP,2010,539.705,,,,final,,,
electricity.ember.lifecycle-intensity-by-country,SGP,2011,538.152,,,,final,,,
electricity.ember.lifecycle-intensity-by-country,SGP,2012,525.607,,,,final,,,
electricity.ember.lifecycle-intensity-by-country,SGP,2013,507.4,,,,final,,,
electricity.ember.lifecycle-intensity-by-country,SGP,2014,506.876,,,,final,,,
electricity.ember.lifecycle-intensity-by-country,SGP,2015,506.941,,,,final,,,
electricity.ember.lifecycle-intensity-by-country,SGP,2016,506.726,,,,final,,,
electricity.ember.lifecycle-intensity-by-country,SGP,2017,507.135,,,,final,,,
electricity.ember.lifecycle-intensity-by-country,SGP,2018,507.079,,,,final,,,
electricity.ember.lifecycle-intensity-by-country,SGP,2019,506.132,,,,final,,,
electricity.ember.lifecycle-intensity-by-country,SGP,2020,504.73,,,,final,,,
electricity.ember.lifecycle-intensity-by-country,SGP,2021,506.274,,,,final,,,
electricity.ember.lifecycle-intensity-by-country,SGP,2022,504.269,,,,final,,,
electricity.ember.lifecycle-intensity-by-country,SGP,2023,500.812,,,,final,,,
electricity.ember.lifecycle-intensity-by-country,SGP,2024,498.683,,,,final,,,
electricity.ember.lifecycle-intensity-by-country,SGP,2025,497.047,,,,preliminary,"2025 is the latest year in Ember's file, which has no estimate flag; Ember's methodology says that for the most recent years it estimates annual generation from monthly data.",,
electricity.ember.lifecycle-intensity-by-country,SLB,2000,650.0,,,,final,,,
electricity.ember.lifecycle-intensity-by-country,SLB,2001,650.0,,,,final,,,
electricity.ember.lifecycle-intensity-by-country,SLB,2002,650.0,,,,final,,,
electricity.ember.lifecycle-intensity-by-country,SLB,2003,650.0,,,,final,,,
electricity.ember.lifecycle-intensity-by-country,SLB,2004,650.0,,,,final,,,
electricity.ember.lifecycle-intensity-by-country,SLB,2005,657.143,,,,final,,,
electricity.ember.lifecycle-intensity-by-country,SLB,2006,657.143,,,,final,,,
electricity.ember.lifecycle-intensity-by-country,SLB,2007,662.5,,,,final,,,
electricity.ember.lifecycle-intensity-by-country,SLB,2008,662.5,,,,final,,,
electricity.ember.lifecycle-intensity-by-country,SLB,2009,662.5,,,,final,,,
electricity.ember.lifecycle-intensity-by-country,SLB,2010,662.5,,,,final,,,
electricity.ember.lifecycle-intensity-by-country,SLB,2011,662.5,,,,final,,,
electricity.ember.lifecycle-intensity-by-country,SLB,2012,662.5,,,,final,,,
electricity.ember.lifecycle-intensity-by-country,SLB,2013,662.5,,,,final,,,
electricity.ember.lifecycle-intensity-by-country,SLB,2014,655.556,,,,final,,,
electricity.ember.lifecycle-intensity-by-country,SLB,2015,655.556,,,,final,,,
electricity.ember.lifecycle-intensity-by-country,SLB,2016,660.0,,,,final,,,
electricity.ember.lifecycle-intensity-by-country,SLB,2017,660.0,,,,final,,,
electricity.ember.lifecycle-intensity-by-country,SLB,2018,660.0,,,,final,,,
electricity.ember.lifecycle-intensity-by-country,SLB,2019,660.0,,,,final,,,
electricity.ember.lifecycle-intensity-by-country,SLB,2020,660.0,,,,final,,,
electricity.ember.lifecycle-intensity-by-country,SLB,2021,660.0,,,,final,,,
electricity.ember.lifecycle-intensity-by-country,SLB,2022,600.0,,,,final,,,
electricity.ember.lifecycle-intensity-by-country,SLB,2023,600.0,,,,final,,,
electricity.ember.lifecycle-intensity-by-country,SLB,2024,600.0,,,,final,,,
electricity.ember.lifecycle-intensity-by-country,SLE,2000,588.889,,,,final,,,
electricity.ember.lifecycle-intensity-by-country,SLE,2001,607.692,,,,final,,,
electricity.ember.lifecycle-intensity-by-country,SLE,2002,581.25,,,,final,,,
electricity.ember.lifecycle-intensity-by-country,SLE,2003,573.333,,,,final,,,
electricity.ember.lifecycle-intensity-by-country,SLE,2004,550.0,,,,final,,,
electricity.ember.lifecycle-intensity-by-country,SLE,2005,500.0,,,,final,,,
electricity.ember.lifecycle-intensity-by-country,SLE,2006,660.0,,,,final,,,
electricity.ember.lifecycle-intensity-by-country,SLE,2007,450.0,,,,final,,,
electricity.ember.lifecycle-intensity-by-country,SLE,2008,450.0,,,,final,,,
electricity.ember.lifecycle-intensity-by-country,SLE,2009,450.0,,,,final,,,
electricity.ember.lifecycle-intensity-by-country,SLE,2010,114.286,,,,final,,,
electricity.ember.lifecycle-intensity-by-country,SLE,2011,100.0,,,,final,,,
electricity.ember.lifecycle-intensity-by-country,SLE,2012,233.333,,,,final,,,
electricity.ember.lifecycle-intensity-by-country,SLE,2013,262.5,,,,final,,,
electricity.ember.lifecycle-intensity-by-country,SLE,2014,153.333,,,,final,,,
electricity.ember.lifecycle-intensity-by-country,SLE,2015,181.25,,,,final,,,
electricity.ember.lifecycle-intensity-by-country,SLE,2016,266.667,,,,final,,,
electricity.ember.lifecycle-intensity-by-country,SLE,2017,273.913,,,,final,,,
electricity.ember.lifecycle-intensity-by-country,SLE,2018,237.037,,,,final,,,
electricity.ember.lifecycle-intensity-by-country,SLE,2019,55.0,,,,final,,,
electricity.ember.lifecycle-intensity-by-country,SLE,2020,55.0,,,,final,,,
electricity.ember.lifecycle-intensity-by-country,SLE,2021,55.0,,,,final,,,
electricity.ember.lifecycle-intensity-by-country,SLE,2022,55.0,,,,final,,,
electricity.ember.lifecycle-intensity-by-country,SLE,2023,57.143,,,,final,,,
electricity.ember.lifecycle-intensity-by-country,SLE,2024,57.143,,,,final,,,
electricity.ember.lifecycle-intensity-by-country,SLV,2000,308.219,,,,final,,,
electricity.ember.lifecycle-intensity-by-country,SLV,2001,320.732,,,,final,,,
electricity.ember.lifecycle-intensity-by-country,SLV,2002,341.818,,,,final,,,
electricity.ember.lifecycle-intensity-by-country,SLV,2003,307.066,,,,final,,,
electricity.ember.lifecycle-intensity-by-country,SLV,2004,330.021,,,,final,,,
electricity.ember.lifecycle-intensity-by-country,SLV,2005,305.098,,,,final,,,
electricity.ember.lifecycle-intensity-by-country,SLV,2006,295.263,,,,final,,,
electricity.ember.lifecycle-intensity-by-country,SLV,2007,305.734,,,,final,,,
electricity.ember.lifecycle-intensity-by-country,SLV,2008,267.705,,,,final,,,
electricity.ember.lifecycle-intensity-by-country,SLV,2009,309.231,,,,final,,,
electricity.ember.lifecycle-intensity-by-country,SLV,2010,255.207,,,,final,,,
electricity.ember.lifecycle-intensity-by-country,SLV,2011,267.909,,,,final,,,
electricity.ember.lifecycle-intensity-by-country,SLV,2012,288.095,,,,final,,,
electricity.ember.lifecycle-intensity-by-country,SLV,2013,289.082,,,,final,,,
electricity.ember.lifecycle-intensity-by-country,SLV,2014,293.333,,,,final,,,
electricity.ember.lifecycle-intensity-by-country,SLV,2015,309.72,,,,final,,,
electricity.ember.lifecycle-intensity-by-country,SLV,2016,307.305,,,,final,,,
electricity.ember.lifecycle-intensity-by-country,SLV,2017,212.973,,,,final,,,
electricity.ember.lifecycle-intensity-by-country,SLV,2018,195.588,,,,final,,,
electricity.ember.lifecycle-intensity-by-country,SLV,2019,236.143,,,,final,,,
electricity.ember.lifecycle-intensity-by-country,SLV,2020,151.944,,,,final,,,
electricity.ember.lifecycle-intensity-by-country,SLV,2021,145.134,,,,final,,,
electricity.ember.lifecycle-intensity-by-country,SLV,2022,113.273,,,,final,,,
electricity.ember.lifecycle-intensity-by-country,SLV,2023,134.95,,,,final,,,
electricity.ember.lifecycle-intensity-by-country,SLV,2024,113.971,,,,final,,,
electricity.ember.lifecycle-intensity-by-country,SLV,2025,111.342,,,,preliminary,"2025 is the latest year in Ember's file, which has no estimate flag; Ember's methodology says that for the most recent years it estimates annual generation from monthly data.",,
electricity.ember.lifecycle-intensity-by-country,SOM,2000,656.0,,,,final,,,
electricity.ember.lifecycle-intensity-by-country,SOM,2001,657.692,,,,final,,,
electricity.ember.lifecycle-intensity-by-country,SOM,2002,659.259,,,,final,,,
electricity.ember.lifecycle-intensity-by-country,SOM,2003,657.143,,,,final,,,
electricity.ember.lifecycle-intensity-by-country,SOM,2004,657.143,,,,final,,,
electricity.ember.lifecycle-intensity-by-country,SOM,2005,658.621,,,,final,,,
electricity.ember.lifecycle-intensity-by-country,SOM,2006,656.667,,,,final,,,
electricity.ember.lifecycle-intensity-by-country,SOM,2007,658.065,,,,final,,,
electricity.ember.lifecycle-intensity-by-country,SOM,2008,659.375,,,,final,,,
electricity.ember.lifecycle-intensity-by-country,SOM,2009,657.576,,,,final,,,
electricity.ember.lifecycle-intensity-by-country,SOM,2010,657.576,,,,final,,,
electricity.ember.lifecycle-intensity-by-country,SOM,2011,657.576,,,,final,,,
electricity.ember.lifecycle-intensity-by-country,SOM,2012,658.824,,,,final,,,
electricity.ember.lifecycle-intensity-by-country,SOM,2013,657.143,,,,final,,,
electricity.ember.lifecycle-intensity-by-country,SOM,2014,657.143,,,,final,,,
electricity.ember.lifecycle-intensity-by-country,SOM,2015,657.143,,,,final,,,
electricity.ember.lifecycle-intensity-by-country,SOM,2016,641.667,,,,final,,,
electricity.ember.lifecycle-intensity-by-country,SOM,2017,624.324,,,,final,,,
electricity.ember.lifecycle-intensity-by-country,SOM,2018,624.324,,,,final,,,
electricity.ember.lifecycle-intensity-by-country,SOM,2019,624.324,,,,final,,,
electricity.ember.lifecycle-intensity-by-country,SOM,2020,608.108,,,,final,,,
electricity.ember.lifecycle-intensity-by-country,SOM,2021,592.105,,,,final,,,
electricity.ember.lifecycle-intensity-by-country,SOM,2022,540.476,,,,final,,,
electricity.ember.lifecycle-intensity-by-country,SOM,2023,540.476,,,,final,,,
electricity.ember.lifecycle-intensity-by-country,SOM,2024,530.233,,,,final,,,
electricity.ember.lifecycle-intensity-by-country,SPM,2000,650.0,,,,final,,,
electricity.ember.lifecycle-intensity-by-country,SPM,2001,650.0,,,,final,,,
electricity.ember.lifecycle-intensity-by-country,SPM,2002,650.0,,,,final,,,
electricity.ember.lifecycle-intensity-by-country,SPM,2003,650.0,,,,final,,,
electricity.ember.lifecycle-intensity-by-country,SPM,2004,650.0,,,,final,,,
electricity.ember.lifecycle-intensity-by-country,SPM,2005,650.0,,,,final,,,
electricity.ember.lifecycle-intensity-by-country,SPM,2006,650.0,,,,final,,,
electricity.ember.lifecycle-intensity-by-country,SPM,2007,650.0,,,,final,,,
electricity.ember.lifecycle-intensity-by-country,SPM,2008,650.0,,,,final,,,
electricity.ember.lifecycle-intensity-by-country,SPM,2009,650.0,,,,final,,,
electricity.ember.lifecycle-intensity-by-country,SPM,2010,650.0,,,,final,,,
electricity.ember.lifecycle-intensity-by-country,SPM,2011,650.0,,,,final,,,
electricity.ember.lifecycle-intensity-by-country,SPM,2012,650.0,,,,final,,,
electricity.ember.lifecycle-intensity-by-country,SPM,2013,660.0,,,,final,,,
electricity.ember.lifecycle-intensity-by-country,SPM,2014,660.0,,,,final,,,
electricity.ember.lifecycle-intensity-by-country,SPM,2015,660.0,,,,final,,,
electricity.ember.lifecycle-intensity-by-country,SPM,2016,660.0,,,,final,,,
electricity.ember.lifecycle-intensity-by-country,SPM,2017,660.0,,,,final,,,
electricity.ember.lifecycle-intensity-by-country,SPM,2018,660.0,,,,final,,,
electricity.ember.lifecycle-intensity-by-country,SPM,2019,660.0,,,,final,,,
electricity.ember.lifecycle-intensity-by-country,SPM,2020,660.0,,,,final,,,
electricity.ember.lifecycle-intensity-by-country,SPM,2021,660.0,,,,final,,,
electricity.ember.lifecycle-intensity-by-country,SPM,2022,660.0,,,,final,,,
electricity.ember.lifecycle-intensity-by-country,SPM,2023,660.0,,,,final,,,
electricity.ember.lifecycle-intensity-by-country,SRB,2000,699.875,,,,final,,,
electricity.ember.lifecycle-intensity-by-country,SRB,2001,701.627,,,,final,,,
electricity.ember.lifecycle-intensity-by-country,SRB,2002,707.521,,,,final,,,
electricity.ember.lifecycle-intensity-by-country,SRB,2003,750.204,,,,final,,,
electricity.ember.lifecycle-intensity-by-country,SRB,2004,719.871,,,,final,,,
electricity.ember.lifecycle-intensity-by-country,SRB,2005,687.117,,,,final,,,
electricity.ember.lifecycle-intensity-by-country,SRB,2006,723.557,,,,final,,,
electricity.ember.lifecycle-intensity-by-country,SRB,2007,742.424,,,,final,,,
electricity.ember.lifecycle-intensity-by-country,SRB,2008,749.674,,,,final,,,
electricity.ember.lifecycle-intensity-by-country,SRB,2009,734.155,,,,final,,,
electricity.ember.lifecycle-intensity-by-country,SRB,2010,693.373,,,,final,,,
electricity.ember.lifecycle-intensity-by-country,SRB,2011,780.142,,,,final,,,
electricity.ember.lifecycle-intensity-by-country,SRB,2012,751.838,,,,final,,,
electricity.ember.lifecycle-intensity-by-country,SRB,2013,752.281,,,,final,,,
electricity.ember.lifecycle-intensity-by-country,SRB,2014,683.852,,,,final,,,
electricity.ember.lifecycle-intensity-by-country,SRB,2015,744.427,,,,final,,,
electricity.ember.lifecycle-intensity-by-country,SRB,2016,729.578,,,,final,,,
electricity.ember.lifecycle-intensity-by-country,SRB,2017,752.634,,,,final,,,
electricity.ember.lifecycle-intensity-by-country,SRB,2018,709.899,,,,final,,,
electricity.ember.lifecycle-intensity-by-country,SRB,2019,721.215,,,,final,,,
electricity.ember.lifecycle-intensity-by-country,SRB,2020,736.364,,,,final,,,
electricity.ember.lifecycle-intensity-by-country,SRB,2021,666.257,,,,final,,,
electricity.ember.lifecycle-intensity-by-country,SRB,2022,711.108,,,,final,,,
electricity.ember.lifecycle-intensity-by-country,SRB,2023,638.876,,,,final,,,
electricity.ember.lifecycle-intensity-by-country,SRB,2024,668.019,,,,final,,,
electricity.ember.lifecycle-intensity-by-country,SRB,2025,695.8,,,,preliminary,"2025 is the latest year in Ember's file, which has no estimate flag; Ember's methodology says that for the most recent years it estimates annual generation from monthly data.",,
electricity.ember.lifecycle-intensity-by-country,SSD,2012,659.091,,,,final,,,
electricity.ember.lifecycle-intensity-by-country,SSD,2013,657.447,,,,final,,,
electricity.ember.lifecycle-intensity-by-country,SSD,2014,658.333,,,,final,,,
electricity.ember.lifecycle-intensity-by-country,SSD,2015,658.621,,,,final,,,
electricity.ember.lifecycle-intensity-by-country,SSD,2016,657.692,,,,final,,,
electricity.ember.lifecycle-intensity-by-country,SSD,2017,657.407,,,,final,,,
electricity.ember.lifecycle-intensity-by-country,SSD,2018,657.407,,,,final,,,
electricity.ember.lifecycle-intensity-by-country,SSD,2019,658.182,,,,final,,,
electricity.ember.lifecycle-intensity-by-country,SSD,2020,646.429,,,,final,,,
electricity.ember.lifecycle-intensity-by-country,SSD,2021,647.368,,,,final,,,
electricity.ember.lifecycle-intensity-by-country,SSD,2022,645.098,,,,final,,,
electricity.ember.lifecycle-intensity-by-country,SSD,2023,646.429,,,,final,,,
electricity.ember.lifecycle-intensity-by-country,SSD,2024,646.429,,,,final,,,
electricity.ember.lifecycle-intensity-by-country,STP,2000,433.333,,,,final,,,
electricity.ember.lifecycle-intensity-by-country,STP,2001,650.0,,,,final,,,
electricity.ember.lifecycle-intensity-by-country,STP,2002,500.0,,,,final,,,
electricity.ember.lifecycle-intensity-by-country,STP,2003,500.0,,,,final,,,
electricity.ember.lifecycle-intensity-by-country,STP,2004,500.0,,,,final,,,
electricity.ember.lifecycle-intensity-by-country,STP,2005,650.0,,,,final,,,
electricity.ember.lifecycle-intensity-by-country,STP,2006,540.0,,,,final,,,
electricity.ember.lifecycle-intensity-by-country,STP,2007,540.0,,,,final,,,
electricity.ember.lifecycle-intensity-by-country,STP,2008,540.0,,,,final,,,
electricity.ember.lifecycle-intensity-by-country,STP,2009,550.0,,,,final,,,
electricity.ember.lifecycle-intensity-by-country,STP,2010,660.0,,,,final,,,
electricity.ember.lifecycle-intensity-by-country,STP,2011,571.429,,,,final,,,
electricity.ember.lifecycle-intensity-by-country,STP,2012,575.0,,,,final,,,
electricity.ember.lifecycle-intensity-by-country,STP,2013,571.429,,,,final,,,
electricity.ember.lifecycle-intensity-by-country,STP,2014,575.0,,,,final,,,
electricity.ember.lifecycle-intensity-by-country,STP,2015,590.0,,,,final,,,
electricity.ember.lifecycle-intensity-by-country,STP,2016,600.0,,,,final,,,
electricity.ember.lifecycle-intensity-by-country,STP,2017,660.0,,,,final,,,
electricity.ember.lifecycle-intensity-by-country,STP,2018,660.0,,,,final,,,
electricity.ember.lifecycle-intensity-by-country,STP,2019,600.0,,,,final,,,
electricity.ember.lifecycle-intensity-by-country,STP,2020,600.0,,,,final,,,
electricity.ember.lifecycle-intensity-by-country,STP,2021,600.0,,,,final,,,
electricity.ember.lifecycle-intensity-by-country,STP,2022,588.889,,,,final,,,
electricity.ember.lifecycle-intensity-by-country,STP,2023,588.889,,,,final,,,
electricity.ember.lifecycle-intensity-by-country,SUR,2000,188.542,,,,final,,,
electricity.ember.lifecycle-intensity-by-country,SUR,2001,212.5,,,,final,,,
electricity.ember.lifecycle-intensity-by-country,SUR,2002,275.61,,,,final,,,
electricity.ember.lifecycle-intensity-by-country,SUR,2003,291.538,,,,final,,,
electricity.ember.lifecycle-intensity-by-country,SUR,2004,320.28,,,,final,,,
electricity.ember.lifecycle-intensity-by-country,SUR,2005,349.704,,,,final,,,
electricity.ember.lifecycle-intensity-by-country,SUR,2006,310.191,,,,final,,,
electricity.ember.lifecycle-intensity-by-country,SUR,2007,293.333,,,,final,,,
electricity.ember.lifecycle-intensity-by-country,SUR,2008,296.026,,,,final,,,
electricity.ember.lifecycle-intensity-by-country,SUR,2009,300.654,,,,final,,,
electricity.ember.lifecycle-intensity-by-country,SUR,2010,268.878,,,,final,,,
electricity.ember.lifecycle-intensity-by-country,SUR,2011,230.065,,,,final,,,
electricity.ember.lifecycle-intensity-by-country,SUR,2012,345.509,,,,final,,,
electricity.ember.lifecycle-intensity-by-country,SUR,2013,357.955,,,,final,,,
electricity.ember.lifecycle-intensity-by-country,SUR,2014,465.934,,,,final,,,
electricity.ember.lifecycle-intensity-by-country,SUR,2015,491.935,,,,final,,,
electricity.ember.lifecycle-intensity-by-country,SUR,2016,380.22,,,,final,,,
electricity.ember.lifecycle-intensity-by-country,SUR,2017,329.282,,,,final,,,
electricity.ember.lifecycle-intensity-by-country,SUR,2018,321.053,,,,final,,,
electricity.ember.lifecycle-intensity-by-country,SUR,2019,356.863,,,,final,,,
electricity.ember.lifecycle-intensity-by-country,SUR,2020,352.195,,,,final,,,
electricity.ember.lifecycle-intensity-by-country,SUR,2021,351.675,,,,final,,,
electricity.ember.lifecycle-intensity-by-country,SUR,2022,375.829,,,,final,,,
electricity.ember.lifecycle-intensity-by-country,SUR,2023,320.809,,,,final,,,
electricity.ember.lifecycle-intensity-by-country,SUR,2024,322.989,,,,final,,,
electricity.ember.lifecycle-intensity-by-country,SVK,2000,251.072,,,,final,,,
electricity.ember.lifecycle-intensity-by-country,SVK,2001,250.66,,,,final,,,
electricity.ember.lifecycle-intensity-by-country,SVK,2002,225.171,,,,final,,,
electricity.ember.lifecycle-intensity-by-country,SVK,2003,257.424,,,,final,,,
electricity.ember.lifecycle-intensity-by-country,SVK,2004,253.185,,,,final,,,
electricity.ember.lifecycle-intensity-by-country,SVK,2005,238.8,,,,final,,,
electricity.ember.lifecycle-intensity-by-country,SVK,2006,230.784,,,,final,,,
electricity.ember.lifecycle-intensity-by-country,SVK,2007,235.44,,,,final,,,
electricity.ember.lifecycle-intensity-by-country,SVK,2008,223.589,,,,final,,,
electricity.ember.lifecycle-intensity-by-country,SVK,2009,221.25,,,,final,,,
electricity.ember.lifecycle-intensity-by-country,SVK,2010,205.426,,,,final,,,
electricity.ember.lifecycle-intensity-by-country,SVK,2011,214.427,,,,final,,,
electricity.ember.lifecycle-intensity-by-country,SVK,2012,203.746,,,,final,,,
electricity.ember.lifecycle-intensity-by-country,SVK,2013,181.439,,,,final,,,
electricity.ember.lifecycle-intensity-by-country,SVK,2014,172.835,,,,final,,,
electricity.ember.lifecycle-intensity-by-country,SVK,2015,177.911,,,,final,,,
electricity.ember.lifecycle-intensity-by-country,SVK,2016,177.276,,,,final,,,
electricity.ember.lifecycle-intensity-by-country,SVK,2017,183.552,,,,final,,,
electricity.ember.lifecycle-intensity-by-country,SVK,2018,191.26,,,,final,,,
electricity.ember.lifecycle-intensity-by-country,SVK,2019,171.18,,,,final,,,
electricity.ember.lifecycle-intensity-by-country,SVK,2020,158.611,,,,final,,,
electricity.ember.lifecycle-intensity-by-country,SVK,2021,167.239,,,,final,,,
electricity.ember.lifecycle-intensity-by-country,SVK,2022,141.974,,,,final,,,
electricity.ember.lifecycle-intensity-by-country,SVK,2023,115.442,,,,final,,,
electricity.ember.lifecycle-intensity-by-country,SVK,2024,97.188,,,,final,,,
electricity.ember.lifecycle-intensity-by-country,SVK,2025,95.015,,,,preliminary,"2025 is the latest year in Ember's file, which has no estimate flag; Ember's methodology says that for the most recent years it estimates annual generation from monthly data.",,
electricity.ember.lifecycle-intensity-by-country,SVN,2000,362.234,,,,final,,,
electricity.ember.lifecycle-intensity-by-country,SVN,2001,366.091,,,,final,,,
electricity.ember.lifecycle-intensity-by-country,SVN,2002,385.753,,,,final,,,
electricity.ember.lifecycle-intensity-by-country,SVN,2003,394.36,,,,final,,,
electricity.ember.lifecycle-intensity-by-country,SVN,2004,363.654,,,,final,,,
electricity.ember.lifecycle-intensity-by-country,SVN,2005,371.41,,,,final,,,
electricity.ember.lifecycle-intensity-by-country,SVN,2006,383.455,,,,final,,,
electricity.ember.lifecycle-intensity-by-country,SVN,2007,388.63,,,,final,,,
electricity.ember.lifecycle-intensity-by-country,SVN,2008,350.823,,,,final,,,
electricity.ember.lifecycle-intensity-by-country,SVN,2009,341.489,,,,final,,,
electricity.ember.lifecycle-intensity-by-country,SVN,2010,352.522,,,,final,,,
electricity.ember.lifecycle-intensity-by-country,SVN,2011,359.799,,,,final,,,
electricity.ember.lifecycle-intensity-by-country,SVN,2012,359.1,,,,final,,,
electricity.ember.lifecycle-intensity-by-country,SVN,2013,336.329,,,,final,,,
electricity.ember.lifecycle-intensity-by-country,SVN,2014,245.073,,,,final,,,
electricity.ember.lifecycle-intensity-by-country,SVN,2015,317.027,,,,final,,,
electricity.ember.lifecycle-intensity-by-country,SVN,2016,326.248,,,,final,,,
electricity.ember.lifecycle-intensity-by-country,SVN,2017,318.879,,,,final,,,
electricity.ember.lifecycle-intensity-by-country,SVN,2018,304.529,,,,final,,,
electricity.ember.lifecycle-intensity-by-country,SVN,2019,299.056,,,,final,,,
electricity.ember.lifecycle-intensity-by-country,SVN,2020,276.969,,,,final,,,
electricity.ember.lifecycle-intensity-by-country,SVN,2021,268.698,,,,final,,,
electricity.ember.lifecycle-intensity-by-country,SVN,2022,257.635,,,,final,,,
electricity.ember.lifecycle-intensity-by-country,SVN,2023,224.309,,,,final,,,
electricity.ember.lifecycle-intensity-by-country,SVN,2024,230.493,,,,final,,,
electricity.ember.lifecycle-intensity-by-country,SVN,2025,,,,,preliminary,"2025 is the latest year in Ember's file, which has no estimate flag; Ember's methodology says that for the most recent years it estimates annual generation from monthly data.","Not published: Ember's file gives negative generation for Slovenia in 2025 (Other fossil -0.019 TWh), so its emissions intensity does not describe a generation mix.",
electricity.ember.lifecycle-intensity-by-country,SWE,2000,44.805,,,,final,,,
electricity.ember.lifecycle-intensity-by-country,SWE,2001,46.677,,,,final,,,
electricity.ember.lifecycle-intensity-by-country,SWE,2002,56.162,,,,final,,,
electricity.ember.lifecycle-intensity-by-country,SWE,2003,68.506,,,,final,,,
electricity.ember.lifecycle-intensity-by-country,SWE,2004,48.06,,,,final,,,
electricity.ember.lifecycle-intensity-by-country,SWE,2005,43.149,,,,final,,,
electricity.ember.lifecycle-intensity-by-country,SWE,2006,49.679,,,,final,,,
electricity.ember.lifecycle-intensity-by-country,SWE,2007,46.096,,,,final,,,
electricity.ember.lifecycle-intensity-by-country,SWE,2008,47.885,,,,final,,,
electricity.ember.lifecycle-intensity-by-country,SWE,2009,51.127,,,,final,,,
electricity.ember.lifecycle-intensity-by-country,SWE,2010,63.705,,,,final,,,
electricity.ember.lifecycle-intensity-by-country,SWE,2011,52.316,,,,final,,,
electricity.ember.lifecycle-intensity-by-country,SWE,2012,44.641,,,,final,,,
electricity.ember.lifecycle-intensity-by-country,SWE,2013,44.664,,,,final,,,
electricity.ember.lifecycle-intensity-by-country,SWE,2014,40.232,,,,final,,,
electricity.ember.lifecycle-intensity-by-country,SWE,2015,40.938,,,,final,,,
electricity.ember.lifecycle-intensity-by-country,SWE,2016,43.062,,,,final,,,
electricity.ember.lifecycle-intensity-by-country,SWE,2017,42.447,,,,final,,,
electricity.ember.lifecycle-intensity-by-country,SWE,2018,42.783,,,,final,,,
electricity.ember.lifecycle-intensity-by-country,SWE,2019,42.37,,,,final,,,
electricity.ember.lifecycle-intensity-by-country,SWE,2020,38.674,,,,final,,,
electricity.ember.lifecycle-intensity-by-country,SWE,2021,41.687,,,,final,,,
electricity.ember.lifecycle-intensity-by-country,SWE,2022,41.005,,,,final,,,
electricity.ember.lifecycle-intensity-by-country,SWE,2023,38.44,,,,final,,,
electricity.ember.lifecycle-intensity-by-country,SWE,2024,34.908,,,,final,,,
electricity.ember.lifecycle-intensity-by-country,SWE,2025,35.345,,,,preliminary,"2025 is the latest year in Ember's file, which has no estimate flag; Ember's methodology says that for the most recent years it estimates annual generation from monthly data.",,
electricity.ember.lifecycle-intensity-by-country,SWZ,2000,171.212,,,,final,,,
electricity.ember.lifecycle-intensity-by-country,SWZ,2001,174.286,,,,final,,,
electricity.ember.lifecycle-intensity-by-country,SWZ,2002,188.889,,,,final,,,
electricity.ember.lifecycle-intensity-by-country,SWZ,2003,209.375,,,,final,,,
electricity.ember.lifecycle-intensity-by-country,SWZ,2004,215.517,,,,final,,,
electricity.ember.lifecycle-intensity-by-country,SWZ,2005,185.484,,,,final,,,
electricity.ember.lifecycle-intensity-by-country,SWZ,2006,191.304,,,,final,,,
electricity.ember.lifecycle-intensity-by-country,SWZ,2007,185.915,,,,final,,,
electricity.ember.lifecycle-intensity-by-country,SWZ,2008,188.406,,,,final,,,
electricity.ember.lifecycle-intensity-by-country,SWZ,2009,175.758,,,,final,,,
electricity.ember.lifecycle-intensity-by-country,SWZ,2010,168.919,,,,final,,,
electricity.ember.lifecycle-intensity-by-country,SWZ,2011,143.103,,,,final,,,
electricity.ember.lifecycle-intensity-by-country,SWZ,2012,171.154,,,,final,,,
electricity.ember.lifecycle-intensity-by-country,SWZ,2013,155.0,,,,final,,,
electricity.ember.lifecycle-intensity-by-country,SWZ,2014,152.083,,,,final,,,
electricity.ember.lifecycle-intensity-by-country,SWZ,2015,192.105,,,,final,,,
electricity.ember.lifecycle-intensity-by-country,SWZ,2016,211.111,,,,final,,,
electricity.ember.lifecycle-intensity-by-country,SWZ,2017,153.488,,,,final,,,
electricity.ember.lifecycle-intensity-by-country,SWZ,2018,138.776,,,,final,,,
electricity.ember.lifecycle-intensity-by-country,SWZ,2019,181.633,,,,final,,,
electricity.ember.lifecycle-intensity-by-country,SWZ,2020,155.102,,,,final,,,
electricity.ember.lifecycle-intensity-by-country,SWZ,2021,135.294,,,,final,,,
electricity.ember.lifecycle-intensity-by-country,SWZ,2022,127.273,,,,final,,,
electricity.ember.lifecycle-intensity-by-country,SWZ,2023,113.636,,,,final,,,
electricity.ember.lifecycle-intensity-by-country,SWZ,2024,119.672,,,,final,,,
electricity.ember.lifecycle-intensity-by-country,SYC,2000,660.0,,,,final,,,
electricity.ember.lifecycle-intensity-by-country,SYC,2001,660.0,,,,final,,,
electricity.ember.lifecycle-intensity-by-country,SYC,2002,656.522,,,,final,,,
electricity.ember.lifecycle-intensity-by-country,SYC,2003,656.522,,,,final,,,
electricity.ember.lifecycle-intensity-by-country,SYC,2004,656.522,,,,final,,,
electricity.ember.lifecycle-intensity-by-country,SYC,2005,656.667,,,,final,,,
electricity.ember.lifecycle-intensity-by-country,SYC,2006,659.375,,,,final,,,
electricity.ember.lifecycle-intensity-by-country,SYC,2007,658.824,,,,final,,,
electricity.ember.lifecycle-intensity-by-country,SYC,2008,658.824,,,,final,,,
electricity.ember.lifecycle-intensity-by-country,SYC,2009,657.143,,,,final,,,
electricity.ember.lifecycle-intensity-by-country,SYC,2010,657.895,,,,final,,,
electricity.ember.lifecycle-intensity-by-country,SYC,2011,657.5,,,,final,,,
electricity.ember.lifecycle-intensity-by-country,SYC,2012,658.537,,,,final,,,
electricity.ember.lifecycle-intensity-by-country,SYC,2013,643.182,,,,final,,,
electricity.ember.lifecycle-intensity-by-country,SYC,2014,644.444,,,,final,,,
electricity.ember.lifecycle-intensity-by-country,SYC,2015,643.478,,,,final,,,
electricity.ember.lifecycle-intensity-by-country,SYC,2016,646.0,,,,final,,,
electricity.ember.lifecycle-intensity-by-country,SYC,2017,645.098,,,,final,,,
electricity.ember.lifecycle-intensity-by-country,SYC,2018,646.154,,,,final,,,
electricity.ember.lifecycle-intensity-by-country,SYC,2019,615.789,,,,final,,,
electricity.ember.lifecycle-intensity-by-country,SYC,2020,584.746,,,,final,,,
electricity.ember.lifecycle-intensity-by-country,SYC,2021,576.667,,,,final,,,
electricity.ember.lifecycle-intensity-by-country,SYC,2022,569.355,,,,final,,,
electricity.ember.lifecycle-intensity-by-country,SYC,2023,569.355,,,,final,,,
electricity.ember.lifecycle-intensity-by-country,SYC,2024,560.317,,,,final,,,
electricity.ember.lifecycle-intensity-by-country,SYR,2000,626.218,,,,final,,,
electricity.ember.lifecycle-intensity-by-country,SYR,2001,632.199,,,,final,,,
electricity.ember.lifecycle-intensity-by-country,SYR,2002,663.377,,,,final,,,
electricity.ember.lifecycle-intensity-by-country,SYR,2003,667.533,,,,final,,,
electricity.ember.lifecycle-intensity-by-country,SYR,2004,630.401,,,,final,,,
electricity.ember.lifecycle-intensity-by-country,SYR,2005,634.174,,,,final,,,
electricity.ember.lifecycle-intensity-by-country,SYR,2006,642.503,,,,final,,,
electricity.ember.lifecycle-intensity-by-country,SYR,2007,642.565,,,,final,,,
electricity.ember.lifecycle-intensity-by-country,SYR,2008,655.431,,,,final,,,
electricity.ember.lifecycle-intensity-by-country,SYR,2009,691.717,,,,final,,,
electricity.ember.lifecycle-intensity-by-country,SYR,2010,696.232,,,,final,,,
electricity.ember.lifecycle-intensity-by-country,SYR,2011,684.417,,,,final,,,
electricity.ember.lifecycle-intensity-by-country,SYR,2012,676.139,,,,final,,,
electricity.ember.lifecycle-intensity-by-country,SYR,2013,662.733,,,,final,,,
electricity.ember.lifecycle-intensity-by-country,SYR,2014,676.047,,,,final,,,
electricity.ember.lifecycle-intensity-by-country,SYR,2015,734.481,,,,final,,,
electricity.ember.lifecycle-intensity-by-country,SYR,2016,704.018,,,,final,,,
electricity.ember.lifecycle-intensity-by-country,SYR,2017,708.514,,,,final,,,
electricity.ember.lifecycle-intensity-by-country,SYR,2018,699.373,,,,final,,,
electricity.ember.lifecycle-intensity-by-country,SYR,2019,696.774,,,,final,,,
electricity.ember.lifecycle-intensity-by-country,SYR,2020,690.775,,,,final,,,
electricity.ember.lifecycle-intensity-by-country,SYR,2021,692.17,,,,final,,,
electricity.ember.lifecycle-intensity-by-country,SYR,2022,682.171,,,,final,,,
electricity.ember.lifecycle-intensity-by-country,SYR,2023,705.635,,,,final,,,
electricity.ember.lifecycle-intensity-by-country,SYR,2024,706.19,,,,final,,,
electricity.ember.lifecycle-intensity-by-country,TCA,2000,662.5,,,,final,,,
electricity.ember.lifecycle-intensity-by-country,TCA,2001,662.5,,,,final,,,
electricity.ember.lifecycle-intensity-by-country,TCA,2002,660.0,,,,final,,,
electricity.ember.lifecycle-intensity-by-country,TCA,2003,654.545,,,,final,,,
electricity.ember.lifecycle-intensity-by-country,TCA,2004,658.333,,,,final,,,
electricity.ember.lifecycle-intensity-by-country,TCA,2005,661.538,,,,final,,,
electricity.ember.lifecycle-intensity-by-country,TCA,2006,656.25,,,,final,,,
electricity.ember.lifecycle-intensity-by-country,TCA,2007,655.556,,,,final,,,
electricity.ember.lifecycle-intensity-by-country,TCA,2008,657.895,,,,final,,,
electricity.ember.lifecycle-intensity-by-country,TCA,2009,660.0,,,,final,,,
electricity.ember.lifecycle-intensity-by-country,TCA,2010,657.143,,,,final,,,
electricity.ember.lifecycle-intensity-by-country,TCA,2011,657.143,,,,final,,,
electricity.ember.lifecycle-intensity-by-country,TCA,2012,657.143,,,,final,,,
electricity.ember.lifecycle-intensity-by-country,TCA,2013,657.143,,,,final,,,
electricity.ember.lifecycle-intensity-by-country,TCA,2014,656.522,,,,final,,,
electricity.ember.lifecycle-intensity-by-country,TCA,2015,656.522,,,,final,,,
electricity.ember.lifecycle-intensity-by-country,TCA,2016,656.0,,,,final,,,
electricity.ember.lifecycle-intensity-by-country,TCA,2017,658.621,,,,final,,,
electricity.ember.lifecycle-intensity-by-country,TCA,2018,657.692,,,,final,,,
electricity.ember.lifecycle-intensity-by-country,TCA,2019,657.692,,,,final,,,
electricity.ember.lifecycle-intensity-by-country,TCA,2020,656.0,,,,final,,,
electricity.ember.lifecycle-intensity-by-country,TCA,2021,657.692,,,,final,,,
electricity.ember.lifecycle-intensity-by-country,TCA,2022,657.692,,,,final,,,
electricity.ember.lifecycle-intensity-by-country,TCA,2023,657.692,,,,final,,,
electricity.ember.lifecycle-intensity-by-country,TCA,2024,637.037,,,,final,,,
electricity.ember.lifecycle-intensity-by-country,TCD,2000,655.556,,,,final,,,
electricity.ember.lifecycle-intensity-by-country,TCD,2001,660.0,,,,final,,,
electricity.ember.lifecycle-intensity-by-country,TCD,2002,660.0,,,,final,,,
electricity.ember.lifecycle-intensity-by-country,TCD,2003,654.545,,,,final,,,
electricity.ember.lifecycle-intensity-by-country,TCD,2004,658.333,,,,final,,,
electricity.ember.lifecycle-intensity-by-country,TCD,2005,658.333,,,,final,,,
electricity.ember.lifecycle-intensity-by-country,TCD,2006,658.333,,,,final,,,
electricity.ember.lifecycle-intensity-by-country,TCD,2007,658.333,,,,final,,,
electricity.ember.lifecycle-intensity-by-country,TCD,2008,657.143,,,,final,,,
electricity.ember.lifecycle-intensity-by-country,TCD,2009,658.824,,,,final,,,
electricity.ember.lifecycle-intensity-by-country,TCD,2010,657.895,,,,final,,,
electricity.ember.lifecycle-intensity-by-country,TCD,2011,660.0,,,,final,,,
electricity.ember.lifecycle-intensity-by-country,TCD,2012,641.667,,,,final,,,
electricity.ember.lifecycle-intensity-by-country,TCD,2013,642.857,,,,final,,,
electricity.ember.lifecycle-intensity-by-country,TCD,2014,643.333,,,,final,,,
electricity.ember.lifecycle-intensity-by-country,TCD,2015,643.333,,,,final,,,
electricity.ember.lifecycle-intensity-by-country,TCD,2016,622.581,,,,final,,,
electricity.ember.lifecycle-intensity-by-country,TCD,2017,625.0,,,,final,,,
electricity.ember.lifecycle-intensity-by-country,TCD,2018,626.471,,,,final,,,
electricity.ember.lifecycle-intensity-by-country,TCD,2019,625.714,,,,final,,,
electricity.ember.lifecycle-intensity-by-country,TCD,2020,625.714,,,,final,,,
electricity.ember.lifecycle-intensity-by-country,TCD,2021,632.558,,,,final,,,
electricity.ember.lifecycle-intensity-by-country,TCD,2022,630.769,,,,final,,,
electricity.ember.lifecycle-intensity-by-country,TCD,2023,627.778,,,,final,,,
electricity.ember.lifecycle-intensity-by-country,TCD,2024,629.73,,,,final,,,
electricity.ember.lifecycle-intensity-by-country,TGO,2000,305.556,,,,final,,,
electricity.ember.lifecycle-intensity-by-country,TGO,2001,415.385,,,,final,,,
electricity.ember.lifecycle-intensity-by-country,TGO,2002,300.0,,,,final,,,
electricity.ember.lifecycle-intensity-by-country,TGO,2003,233.333,,,,final,,,
electricity.ember.lifecycle-intensity-by-country,TGO,2004,389.474,,,,final,,,
electricity.ember.lifecycle-intensity-by-country,TGO,2005,426.316,,,,final,,,
electricity.ember.lifecycle-intensity-by-country,TGO,2006,400.0,,,,final,,,
electricity.ember.lifecycle-intensity-by-country,TGO,2007,336.842,,,,final,,,
electricity.ember.lifecycle-intensity-by-country,TGO,2008,215.385,,,,final,,,
electricity.ember.lifecycle-intensity-by-country,TGO,2009,193.333,,,,final,,,
electricity.ember.lifecycle-intensity-by-country,TGO,2010,400.0,,,,final,,,
electricity.ember.lifecycle-intensity-by-country,TGO,2011,342.857,,,,final,,,
electricity.ember.lifecycle-intensity-by-country,TGO,2012,459.375,,,,final,,,
electricity.ember.lifecycle-intensity-by-country,TGO,2013,562.5,,,,final,,,
electricity.ember.lifecycle-intensity-by-country,TGO,2014,428.571,,,,final,,,
electricity.ember.lifecycle-intensity-by-country,TGO,2015,540.909,,,,final,,,
electricity.ember.lifecycle-intensity-by-country,TGO,2016,520.213,,,,final,,,
electricity.ember.lifecycle-intensity-by-country,TGO,2017,481.481,,,,final,,,
electricity.ember.lifecycle-intensity-by-country,TGO,2018,410.0,,,,final,,,
electricity.ember.lifecycle-intensity-by-country,TGO,2019,465.574,,,,final,,,
electricity.ember.lifecycle-intensity-by-country,TGO,2020,508.197,,,,final,,,
electricity.ember.lifecycle-intensity-by-country,TGO,2021,466.197,,,,final,,,
electricity.ember.lifecycle-intensity-by-country,TGO,2022,478.889,,,,final,,,
electricity.ember.lifecycle-intensity-by-country,TGO,2023,436.62,,,,final,,,
electricity.ember.lifecycle-intensity-by-country,TGO,2024,421.127,,,,final,,,
electricity.ember.lifecycle-intensity-by-country,THA,2000,608.543,,,,final,,,
electricity.ember.lifecycle-intensity-by-country,THA,2001,605.486,,,,final,,,
electricity.ember.lifecycle-intensity-by-country,THA,2002,593.167,,,,final,,,
electricity.ember.lifecycle-intensity-by-country,THA,2003,591.401,,,,final,,,
electricity.ember.lifecycle-intensity-by-country,THA,2004,599.315,,,,final,,,
electricity.ember.lifecycle-intensity-by-country,THA,2005,600.843,,,,final,,,
electricity.ember.lifecycle-intensity-by-country,THA,2006,598.582,,,,final,,,
electricity.ember.lifecycle-intensity-by-country,THA,2007,606.89,,,,final,,,
electricity.ember.lifecycle-intensity-by-country,THA,2008,608.904,,,,final,,,
electricity.ember.lifecycle-intensity-by-country,THA,2009,605.86,,,,final,,,
electricity.ember.lifecycle-intensity-by-country,THA,2010,606.327,,,,final,,,
electricity.ember.lifecycle-intensity-by-country,THA,2011,600.939,,,,final,,,
electricity.ember.lifecycle-intensity-by-country,THA,2012,597.952,,,,final,,,
electricity.ember.lifecycle-intensity-by-country,THA,2013,602.775,,,,final,,,
electricity.ember.lifecycle-intensity-by-country,THA,2014,602.302,,,,final,,,
electricity.ember.lifecycle-intensity-by-country,THA,2015,598.037,,,,final,,,
electricity.ember.lifecycle-intensity-by-country,THA,2016,596.485,,,,final,,,
electricity.ember.lifecycle-intensity-by-country,THA,2017,584.225,,,,final,,,
electricity.ember.lifecycle-intensity-by-country,THA,2018,568.654,,,,final,,,
electricity.ember.lifecycle-intensity-by-country,THA,2019,563.08,,,,final,,,
electricity.ember.lifecycle-intensity-by-country,THA,2020,571.385,,,,final,,,
electricity.ember.lifecycle-intensity-by-country,THA,2021,566.96,,,,final,,,
electricity.ember.lifecycle-intensity-by-country,THA,2022,561.058,,,,final,,,
electricity.ember.lifecycle-intensity-by-country,THA,2023,549.906,,,,final,,,
electricity.ember.lifecycle-intensity-by-country,THA,2024,555.408,,,,final,,,
electricity.ember.lifecycle-intensity-by-country,THA,2025,546.338,,,,preliminary,"2025 is the latest year in Ember's file, which has no estimate flag; Ember's methodology says that for the most recent years it estimates annual generation from monthly data.",,
electricity.ember.lifecycle-intensity-by-country,TJK,2000,32.374,,,,final,,,
electricity.ember.lifecycle-intensity-by-country,TJK,2001,30.716,,,,final,,,
electricity.ember.lifecycle-intensity-by-country,TJK,2002,28.889,,,,final,,,
electricity.ember.lifecycle-intensity-by-country,TJK,2003,29.497,,,,final,,,
electricity.ember.lifecycle-intensity-by-country,TJK,2004,28.866,,,,final,,,
electricity.ember.lifecycle-intensity-by-country,TJK,2005,27.677,,,,final,,,
electricity.ember.lifecycle-intensity-by-country,TJK,2006,31.364,,,,final,,,
electricity.ember.lifecycle-intensity-by-country,TJK,2007,35.906,,,,final,,,
electricity.ember.lifecycle-intensity-by-country,TJK,2008,35.851,,,,final,,,
electricity.ember.lifecycle-intensity-by-country,TJK,2009,31.39,,,,final,,,
electricity.ember.lifecycle-intensity-by-country,TJK,2010,25.122,,,,final,,,
electricity.ember.lifecycle-intensity-by-country,TJK,2011,25.123,,,,final,,,
electricity.ember.lifecycle-intensity-by-country,TJK,2012,26.046,,,,final,,,
electricity.ember.lifecycle-intensity-by-country,TJK,2013,25.95,,,,final,,,
electricity.ember.lifecycle-intensity-by-country,TJK,2014,32.983,,,,final,,,
electricity.ember.lifecycle-intensity-by-country,TJK,2015,32.459,,,,final,,,
electricity.ember.lifecycle-intensity-by-country,TJK,2016,56.787,,,,final,,,
electricity.ember.lifecycle-intensity-by-country,TJK,2017,74.268,,,,final,,,
electricity.ember.lifecycle-intensity-by-country,TJK,2018,87.589,,,,final,,,
electricity.ember.lifecycle-intensity-by-country,TJK,2019,97.901,,,,final,,,
electricity.ember.lifecycle-intensity-by-country,TJK,2020,110.0,,,,final,,,
electricity.ember.lifecycle-intensity-by-country,TJK,2021,110.956,,,,final,,,
electricity.ember.lifecycle-intensity-by-country,TJK,2022,86.878,,,,final,,,
electricity.ember.lifecycle-intensity-by-country,TJK,2023,73.952,,,,final,,,
electricity.ember.lifecycle-intensity-by-country,TJK,2024,70.811,,,,final,,,
electricity.ember.lifecycle-intensity-by-country,TJK,2025,72.642,,,,preliminary,"2025 is the latest year in Ember's file, which has no estimate flag; Ember's methodology says that for the most recent years it estimates annual generation from monthly data.",,
electricity.ember.lifecycle-intensity-by-country,TKM,2000,1306.599,,,,final,,,
electricity.ember.lifecycle-intensity-by-country,TKM,2001,1306.503,,,,final,,,
electricity.ember.lifecycle-intensity-by-country,TKM,2002,1306.542,,,,final,,,
electricity.ember.lifecycle-intensity-by-country,TKM,2003,1306.574,,,,final,,,
electricity.ember.lifecycle-intensity-by-country,TKM,2004,1306.544,,,,final,,,
electricity.ember.lifecycle-intensity-by-country,TKM,2005,1306.552,,,,final,,,
electricity.ember.lifecycle-intensity-by-country,TKM,2006,1306.52,,,,final,,,
electricity.ember.lifecycle-intensity-by-country,TKM,2007,1306.519,,,,final,,,
electricity.ember.lifecycle-intensity-by-country,TKM,2008,1306.582,,,,final,,,
electricity.ember.lifecycle-intensity-by-country,TKM,2009,1306.571,,,,final,,,
electricity.ember.lifecycle-intensity-by-country,TKM,2010,1306.543,,,,final,,,
electricity.ember.lifecycle-intensity-by-country,TKM,2011,1306.562,,,,final,,,
electricity.ember.lifecycle-intensity-by-country,TKM,2012,1306.535,,,,final,,,
electricity.ember.lifecycle-intensity-by-country,TKM,2013,1306.571,,,,final,,,
electricity.ember.lifecycle-intensity-by-country,TKM,2014,1306.569,,,,final,,,
electricity.ember.lifecycle-intensity-by-country,TKM,2015,1306.569,,,,final,,,
electricity.ember.lifecycle-intensity-by-country,TKM,2016,1306.569,,,,final,,,
electricity.ember.lifecycle-intensity-by-country,TKM,2017,1306.53,,,,final,,,
electricity.ember.lifecycle-intensity-by-country,TKM,2018,1306.546,,,,final,,,
electricity.ember.lifecycle-intensity-by-country,TKM,2019,1306.533,,,,final,,,
electricity.ember.lifecycle-intensity-by-country,TKM,2020,1306.561,,,,final,,,
electricity.ember.lifecycle-intensity-by-country,TKM,2021,1306.092,,,,final,,,
electricity.ember.lifecycle-intensity-by-country,TKM,2022,1306.166,,,,final,,,
electricity.ember.lifecycle-intensity-by-country,TKM,2023,1306.166,,,,final,,,
electricity.ember.lifecycle-intensity-by-country,TKM,2024,1306.15,,,,final,,,
electricity.ember.lifecycle-intensity-by-country,TON,2000,650.0,,,,final,,,
electricity.ember.lifecycle-intensity-by-country,TON,2001,650.0,,,,final,,,
electricity.ember.lifecycle-intensity-by-country,TON,2002,650.0,,,,final,,,
electricity.ember.lifecycle-intensity-by-country,TON,2003,650.0,,,,final,,,
electricity.ember.lifecycle-intensity-by-country,TON,2004,660.0,,,,final,,,
electricity.ember.lifecycle-intensity-by-country,TON,2005,660.0,,,,final,,,
electricity.ember.lifecycle-intensity-by-country,TON,2006,660.0,,,,final,,,
electricity.ember.lifecycle-intensity-by-country,TON,2007,660.0,,,,final,,,
electricity.ember.lifecycle-intensity-by-country,TON,2008,660.0,,,,final,,,
electricity.ember.lifecycle-intensity-by-country,TON,2009,660.0,,,,final,,,
electricity.ember.lifecycle-intensity-by-country,TON,2010,660.0,,,,final,,,
electricity.ember.lifecycle-intensity-by-country,TON,2011,660.0,,,,final,,,
electricity.ember.lifecycle-intensity-by-country,TON,2012,660.0,,,,final,,,
electricity.ember.lifecycle-intensity-by-country,TON,2013,660.0,,,,final,,,
electricity.ember.lifecycle-intensity-by-country,TON,2014,660.0,,,,final,,,
electricity.ember.lifecycle-intensity-by-country,TON,2015,660.0,,,,final,,,
electricity.ember.lifecycle-intensity-by-country,TON,2016,650.0,,,,final,,,
electricity.ember.lifecycle-intensity-by-country,TON,2017,571.429,,,,final,,,
electricity.ember.lifecycle-intensity-by-country,TON,2018,571.429,,,,final,,,
electricity.ember.lifecycle-intensity-by-country,TON,2019,571.429,,,,final,,,
electricity.ember.lifecycle-intensity-by-country,TON,2020,571.429,,,,final,,,
electricity.ember.lifecycle-intensity-by-country,TON,2021,571.429,,,,final,,,
electricity.ember.lifecycle-intensity-by-country,TON,2022,587.5,,,,final,,,
electricity.ember.lifecycle-intensity-by-country,TON,2023,571.429,,,,final,,,
electricity.ember.lifecycle-intensity-by-country,TON,2024,571.429,,,,final,,,
electricity.ember.lifecycle-intensity-by-country,TTO,2000,680.403,,,,final,,,
electricity.ember.lifecycle-intensity-by-country,TTO,2001,679.61,,,,final,,,
electricity.ember.lifecycle-intensity-by-country,TTO,2002,679.61,,,,final,,,
electricity.ember.lifecycle-intensity-by-country,TTO,2003,681.211,,,,final,,,
electricity.ember.lifecycle-intensity-by-country,TTO,2004,680.56,,,,final,,,
electricity.ember.lifecycle-intensity-by-country,TTO,2005,680.709,,,,final,,,
electricity.ember.lifecycle-intensity-by-country,TTO,2006,680.056,,,,final,,,
electricity.ember.lifecycle-intensity-by-country,TTO,2007,680.729,,,,final,,,
electricity.ember.lifecycle-intensity-by-country,TTO,2008,680.724,,,,final,,,
electricity.ember.lifecycle-intensity-by-country,TTO,2009,680.74,,,,final,,,
electricity.ember.lifecycle-intensity-by-country,TTO,2010,681.958,,,,final,,,
electricity.ember.lifecycle-intensity-by-country,TTO,2011,681.963,,,,final,,,
electricity.ember.lifecycle-intensity-by-country,TTO,2012,682.018,,,,final,,,
electricity.ember.lifecycle-intensity-by-country,TTO,2013,682.0,,,,final,,,
electricity.ember.lifecycle-intensity-by-country,TTO,2014,681.934,,,,final,,,
electricity.ember.lifecycle-intensity-by-country,TTO,2015,681.296,,,,final,,,
electricity.ember.lifecycle-intensity-by-country,TTO,2016,681.316,,,,final,,,
electricity.ember.lifecycle-intensity-by-country,TTO,2017,681.33,,,,final,,,
electricity.ember.lifecycle-intensity-by-country,TTO,2018,681.257,,,,final,,,
electricity.ember.lifecycle-intensity-by-country,TTO,2019,681.196,,,,final,,,
electricity.ember.lifecycle-intensity-by-country,TTO,2020,681.257,,,,final,,,
electricity.ember.lifecycle-intensity-by-country,TTO,2021,681.23,,,,final,,,
electricity.ember.lifecycle-intensity-by-country,TTO,2022,681.263,,,,final,,,
electricity.ember.lifecycle-intensity-by-country,TTO,2023,681.303,,,,final,,,
electricity.ember.lifecycle-intensity-by-country,TTO,2024,681.257,,,,final,,,
electricity.ember.lifecycle-intensity-by-country,TUN,2000,586.119,,,,final,,,
electricity.ember.lifecycle-intensity-by-country,TUN,2001,585.501,,,,final,,,
electricity.ember.lifecycle-intensity-by-country,TUN,2002,584.966,,,,final,,,
electricity.ember.lifecycle-intensity-by-country,TUN,2003,572.695,,,,final,,,
electricity.ember.lifecycle-intensity-by-country,TUN,2004,573.512,,,,final,,,
electricity.ember.lifecycle-intensity-by-country,TUN,2005,574.724,,,,final,,,
electricity.ember.lifecycle-intensity-by-country,TUN,2006,581.714,,,,final,,,
electricity.ember.lifecycle-intensity-by-country,TUN,2007,585.881,,,,final,,,
electricity.ember.lifecycle-intensity-by-country,TUN,2008,582.533,,,,final,,,
electricity.ember.lifecycle-intensity-by-country,TUN,2009,577.457,,,,final,,,
electricity.ember.lifecycle-intensity-by-country,TUN,2010,574.638,,,,final,,,
electricity.ember.lifecycle-intensity-by-country,TUN,2011,575.951,,,,final,,,
electricity.ember.lifecycle-intensity-by-country,TUN,2012,571.581,,,,final,,,
electricity.ember.lifecycle-intensity-by-country,TUN,2013,568.357,,,,final,,,
electricity.ember.lifecycle-intensity-by-country,TUN,2014,565.156,,,,final,,,
electricity.ember.lifecycle-intensity-by-country,TUN,2015,568.172,,,,final,,,
electricity.ember.lifecycle-intensity-by-country,TUN,2016,563.525,,,,final,,,
electricity.ember.lifecycle-intensity-by-country,TUN,2017,566.035,,,,final,,,
electricity.ember.lifecycle-intensity-by-country,TUN,2018,567.782,,,,final,,,
electricity.ember.lifecycle-intensity-by-country,TUN,2019,564.896,,,,final,,,
electricity.ember.lifecycle-intensity-by-country,TUN,2020,564.687,,,,final,,,
electricity.ember.lifecycle-intensity-by-country,TUN,2021,564.977,,,,final,,,
electricity.ember.lifecycle-intensity-by-country,TUN,2022,565.53,,,,final,,,
electricity.ember.lifecycle-intensity-by-country,TUN,2023,560.526,,,,final,,,
electricity.ember.lifecycle-intensity-by-country,TUN,2024,558.119,,,,final,,,
electricity.ember.lifecycle-intensity-by-country,TUN,2025,561.145,,,,preliminary,"2025 is the latest year in Ember's file, which has no estimate flag; Ember's methodology says that for the most recent years it estimates annual generation from monthly data.",,
electricity.ember.lifecycle-intensity-by-country,TUR,2000,574.192,,,,final,,,
electricity.ember.lifecycle-intensity-by-country,TUR,2001,605.358,,,,final,,,
electricity.ember.lifecycle-intensity-by-country,TUR,2002,536.447,,,,final,,,
electricity.ember.lifecycle-intensity-by-country,TUR,2003,524.867,,,,final,,,
electricity.ember.lifecycle-intensity-by-country,TUR,2004,494.21,,,,final,,,
electricity.ember.lifecycle-intensity-by-country,TUR,2005,543.593,,,,final,,,
electricity.ember.lifecycle-intensity-by-country,TUR,2006,537.549,,,,final,,,
electricity.ember.lifecycle-intensity-by-country,TUR,2007,577.799,,,,final,,,
electricity.ember.lifecycle-intensity-by-country,TUR,2008,593.477,,,,final,,,
electricity.ember.lifecycle-intensity-by-country,TUR,2009,577.162,,,,final,,,
electricity.ember.lifecycle-intensity-by-country,TUR,2010,525.206,,,,final,,,
electricity.ember.lifecycle-intensity-by-country,TUR,2011,541.157,,,,final,,,
electricity.ember.lifecycle-intensity-by-country,TUR,2012,527.943,,,,final,,,
electricity.ember.lifecycle-intensity-by-country,TUR,2013,510.148,,,,final,,,
electricity.ember.lifecycle-intensity-by-country,TUR,2014,567.438,,,,final,,,
electricity.ember.lifecycle-intensity-by-country,TUR,2015,504.894,,,,final,,,
electricity.ember.lifecycle-intensity-by-country,TUR,2016,523.488,,,,final,,,
electricity.ember.lifecycle-intensity-by-country,TUR,2017,535.134,,,,final,,,
electricity.ember.lifecycle-intensity-by-country,TUR,2018,542.755,,,,final,,,
electricity.ember.lifecycle-intensity-by-country,TUR,2019,489.64,,,,final,,,
electricity.ember.lifecycle-intensity-by-country,TUR,2020,483.55,,,,final,,,
electricity.ember.lifecycle-intensity-by-country,TUR,2021,501.83,,,,final,,,
electricity.ember.lifecycle-intensity-by-country,TUR,2022,489.169,,,,final,,,
electricity.ember.lifecycle-intensity-by-country,TUR,2023,494.887,,,,final,,,
electricity.ember.lifecycle-intensity-by-country,TUR,2024,470.788,,,,final,,,
electricity.ember.lifecycle-intensity-by-country,TUR,2025,475.776,,,,preliminary,"2025 is the latest year in Ember's file, which has no estimate flag; Ember's methodology says that for the most recent years it estimates annual generation from monthly data.",,
electricity.ember.lifecycle-intensity-by-country,TWN,2000,635.414,,,,final,,,
electricity.ember.lifecycle-intensity-by-country,TWN,2001,654.395,,,,final,,,
electricity.ember.lifecycle-intensity-by-country,TWN,2002,654.436,,,,final,,,
electricity.ember.lifecycle-intensity-by-country,TWN,2003,666.11,,,,final,,,
electricity.ember.lifecycle-intensity-by-country,TWN,2004,664.036,,,,final,,,
electricity.ember.lifecycle-intensity-by-country,TWN,2005,665.402,,,,final,,,
electricity.ember.lifecycle-intensity-by-country,TWN,2006,669.695,,,,final,,,
electricity.ember.lifecycle-intensity-by-country,TWN,2007,669.87,,,,final,,,
electricity.ember.lifecycle-intensity-by-country,TWN,2008,660.308,,,,final,,,
electricity.ember.lifecycle-intensity-by-country,TWN,2009,657.918,,,,final,,,
electricity.ember.lifecycle-intensity-by-country,TWN,2010,653.406,,,,final,,,
electricity.ember.lifecycle-intensity-by-country,TWN,2011,652.508,,,,final,,,
electricity.ember.lifecycle-intensity-by-country,TWN,2012,649.563,,,,final,,,
electricity.ember.lifecycle-intensity-by-country,TWN,2013,644.307,,,,final,,,
electricity.ember.lifecycle-intensity-by-country,TWN,2014,645.713,,,,final,,,
electricity.ember.lifecycle-intensity-by-country,TWN,2015,650.453,,,,final,,,
electricity.ember.lifecycle-intensity-by-country,TWN,2016,659.393,,,,final,,,
electricity.ember.lifecycle-intensity-by-country,TWN,2017,685.014,,,,final,,,
electricity.ember.lifecycle-intensity-by-country,TWN,2018,672.5,,,,final,,,
electricity.ember.lifecycle-intensity-by-country,TWN,2019,649.384,,,,final,,,
electricity.ember.lifecycle-intensity-by-country,TWN,2020,648.387,,,,final,,,
electricity.ember.lifecycle-intensity-by-country,TWN,2021,652.424,,,,final,,,
electricity.ember.lifecycle-intensity-by-country,TWN,2022,639.918,,,,final,,,
electricity.ember.lifecycle-intensity-by-country,TWN,2023,645.384,,,,final,,,
electricity.ember.lifecycle-intensity-by-country,TWN,2024,636.218,,,,final,,,
electricity.ember.lifecycle-intensity-by-country,TWN,2025,634.049,,,,preliminary,"2025 is the latest year in Ember's file, which has no estimate flag; Ember's methodology says that for the most recent years it estimates annual generation from monthly data.",,
electricity.ember.lifecycle-intensity-by-country,TZA,2000,119.6,,,,final,,,
electricity.ember.lifecycle-intensity-by-country,TZA,2001,68.198,,,,final,,,
electricity.ember.lifecycle-intensity-by-country,TZA,2002,64.014,,,,final,,,
electricity.ember.lifecycle-intensity-by-country,TZA,2003,59.779,,,,final,,,
electricity.ember.lifecycle-intensity-by-country,TZA,2004,143.295,,,,final,,,
electricity.ember.lifecycle-intensity-by-country,TZA,2005,292.896,,,,final,,,
electricity.ember.lifecycle-intensity-by-country,TZA,2006,328.775,,,,final,,,
electricity.ember.lifecycle-intensity-by-country,TZA,2007,231.368,,,,final,,,
electricity.ember.lifecycle-intensity-by-country,TZA,2008,222.247,,,,final,,,
electricity.ember.lifecycle-intensity-by-country,TZA,2009,233.125,,,,final,,,
electricity.ember.lifecycle-intensity-by-country,TZA,2010,254.784,,,,final,,,
electricity.ember.lifecycle-intensity-by-country,TZA,2011,320.696,,,,final,,,
electricity.ember.lifecycle-intensity-by-country,TZA,2012,364.727,,,,final,,,
electricity.ember.lifecycle-intensity-by-country,TZA,2013,386.978,,,,final,,,
electricity.ember.lifecycle-intensity-by-country,TZA,2014,317.891,,,,final,,,
electricity.ember.lifecycle-intensity-by-country,TZA,2015,372.588,,,,final,,,
electricity.ember.lifecycle-intensity-by-country,TZA,2016,328.006,,,,final,,,
electricity.ember.lifecycle-intensity-by-country,TZA,2017,335.361,,,,final,,,
electricity.ember.lifecycle-intensity-by-country,TZA,2018,345.007,,,,final,,,
electricity.ember.lifecycle-intensity-by-country,TZA,2019,337.194,,,,final,,,
electricity.ember.lifecycle-intensity-by-country,TZA,2020,299.234,,,,final,,,
electricity.ember.lifecycle-intensity-by-country,TZA,2021,320.231,,,,final,,,
electricity.ember.lifecycle-intensity-by-country,TZA,2022,348.753,,,,final,,,
electricity.ember.lifecycle-intensity-by-country,TZA,2023,372.469,,,,final,,,
electricity.ember.lifecycle-intensity-by-country,TZA,2024,343.891,,,,final,,,
electricity.ember.lifecycle-intensity-by-country,UGA,2000,31.447,,,,final,,,
electricity.ember.lifecycle-intensity-by-country,UGA,2001,31.447,,,,final,,,
electricity.ember.lifecycle-intensity-by-country,UGA,2002,31.977,,,,final,,,
electricity.ember.lifecycle-intensity-by-country,UGA,2003,31.667,,,,final,,,
electricity.ember.lifecycle-intensity-by-country,UGA,2004,28.866,,,,final,,,
electricity.ember.lifecycle-intensity-by-country,UGA,2005,51.531,,,,final,,,
electricity.ember.lifecycle-intensity-by-country,UGA,2006,180.625,,,,final,,,
electricity.ember.lifecycle-intensity-by-country,UGA,2007,200.0,,,,final,,,
electricity.ember.lifecycle-intensity-by-country,UGA,2008,193.991,,,,final,,,
electricity.ember.lifecycle-intensity-by-country,UGA,2009,264.05,,,,final,,,
electricity.ember.lifecycle-intensity-by-country,UGA,2010,289.416,,,,final,,,
electricity.ember.lifecycle-intensity-by-country,UGA,2011,275.188,,,,final,,,
electricity.ember.lifecycle-intensity-by-country,UGA,2012,96.207,,,,final,,,
electricity.ember.lifecycle-intensity-by-country,UGA,2013,34.528,,,,final,,,
electricity.ember.lifecycle-intensity-by-country,UGA,2014,56.037,,,,final,,,
electricity.ember.lifecycle-intensity-by-country,UGA,2015,57.183,,,,final,,,
electricity.ember.lifecycle-intensity-by-country,UGA,2016,54.111,,,,final,,,
electricity.ember.lifecycle-intensity-by-country,UGA,2017,46.561,,,,final,,,
electricity.ember.lifecycle-intensity-by-country,UGA,2018,82.326,,,,final,,,
electricity.ember.lifecycle-intensity-by-country,UGA,2019,55.24,,,,final,,,
electricity.ember.lifecycle-intensity-by-country,UGA,2020,51.957,,,,final,,,
electricity.ember.lifecycle-intensity-by-country,UGA,2021,53.51,,,,final,,,
electricity.ember.lifecycle-intensity-by-country,UGA,2022,56.696,,,,final,,,
electricity.ember.lifecycle-intensity-by-country,UGA,2023,58.752,,,,final,,,
electricity.ember.lifecycle-intensity-by-country,UGA,2024,58.52,,,,final,,,
electricity.ember.lifecycle-intensity-by-country,UKR,2000,402.497,,,,final,,,
electricity.ember.lifecycle-intensity-by-country,UKR,2001,408.794,,,,final,,,
electricity.ember.lifecycle-intensity-by-country,UKR,2002,414.164,,,,final,,,
electricity.ember.lifecycle-intensity-by-country,UKR,2003,410.699,,,,final,,,
electricity.ember.lifecycle-intensity-by-country,UKR,2004,368.116,,,,final,,,
electricity.ember.lifecycle-intensity-by-country,UKR,2005,374.886,,,,final,,,
electricity.ember.lifecycle-intensity-by-country,UKR,2006,404.261,,,,final,,,
electricity.ember.lifecycle-intensity-by-country,UKR,2007,416.076,,,,final,,,
electricity.ember.lifecycle-intensity-by-country,UKR,2008,417.967,,,,final,,,
electricity.ember.lifecycle-intensity-by-country,UKR,2009,409.688,,,,final,,,
electricity.ember.lifecycle-intensity-by-country,UKR,2010,409.93,,,,final,,,
electricity.ember.lifecycle-intensity-by-country,UKR,2011,427.561,,,,final,,,
electricity.ember.lifecycle-intensity-by-country,UKR,2012,441.864,,,,final,,,
electricity.ember.lifecycle-intensity-by-country,UKR,2013,448.917,,,,final,,,
electricity.ember.lifecycle-intensity-by-country,UKR,2014,417.684,,,,final,,,
electricity.ember.lifecycle-intensity-by-country,UKR,2015,380.163,,,,final,,,
electricity.ember.lifecycle-intensity-by-country,UKR,2016,408.507,,,,final,,,
electricity.ember.lifecycle-intensity-by-country,UKR,2017,347.289,,,,final,,,
electricity.ember.lifecycle-intensity-by-country,UKR,2018,349.349,,,,final,,,
electricity.ember.lifecycle-intensity-by-country,UKR,2019,341.566,,,,final,,,
electricity.ember.lifecycle-intensity-by-country,UKR,2020,325.414,,,,final,,,
electricity.ember.lifecycle-intensity-by-country,UKR,2021,279.481,,,,final,,,
electricity.ember.lifecycle-intensity-by-country,UKR,2022,250.525,,,,final,,,
electricity.ember.lifecycle-intensity-by-country,URY,2000,66.535,,,,final,,,
electricity.ember.lifecycle-intensity-by-country,URY,2001,25.946,,,,final,,,
electricity.ember.lifecycle-intensity-by-country,URY,2002,26.563,,,,final,,,
electricity.ember.lifecycle-intensity-by-country,URY,2003,25.408,,,,final,,,
electricity.ember.lifecycle-intensity-by-country,URY,2004,141.186,,,,final,,,
electricity.ember.lifecycle-intensity-by-country,URY,2005,104.036,,,,final,,,
electricity.ember.lifecycle-intensity-by-country,URY,2006,249.731,,,,final,,,
electricity.ember.lifecycle-intensity-by-country,URY,2007,109.168,,,,final,,,
electricity.ember.lifecycle-intensity-by-country,URY,2008,288.712,,,,final,,,
electricity.ember.lifecycle-intensity-by-country,URY,2009,243.599,,,,final,,,
electricity.ember.lifecycle-intensity-by-country,URY,2010,111.918,,,,final,,,
electricity.ember.lifecycle-intensity-by-country,URY,2011,205.319,,,,final,,,
electricity.ember.lifecycle-intensity-by-country,URY,2012,271.981,,,,final,,,
electricity.ember.lifecycle-intensity-by-country,URY,2013,148.285,,,,final,,,
electricity.ember.lifecycle-intensity-by-country,URY,2014,84.515,,,,final,,,
electricity.ember.lifecycle-intensity-by-country,URY,2015,98.544,,,,final,,,
electricity.ember.lifecycle-intensity-by-country,URY,2016,74.694,,,,final,,,
electricity.ember.lifecycle-intensity-by-country,URY,2017,64.181,,,,final,,,
electricity.ember.lifecycle-intensity-by-country,URY,2018,68.446,,,,final,,,
electricity.ember.lifecycle-intensity-by-country,URY,2019,60.734,,,,final,,,
electricity.ember.lifecycle-intensity-by-country,URY,2020,94.62,,,,final,,,
electricity.ember.lifecycle-intensity-by-country,URY,2021,150.594,,,,final,,,
electricity.ember.lifecycle-intensity-by-country,URY,2022,110.498,,,,final,,,
electricity.ember.lifecycle-intensity-by-country,URY,2023,112.949,,,,final,,,
electricity.ember.lifecycle-intensity-by-country,URY,2024,68.811,,,,final,,,
electricity.ember.lifecycle-intensity-by-country,URY,2025,79.813,,,,preliminary,"2025 is the latest year in Ember's file, which has no estimate flag; Ember's methodology says that for the most recent years it estimates annual generation from monthly data.",,
electricity.ember.lifecycle-intensity-by-country,USA,2000,607.516,,,,final,,,
electricity.ember.lifecycle-intensity-by-country,USA,2001,609.887,,,,final,,,
electricity.ember.lifecycle-intensity-by-country,USA,2002,600.66,,,,final,,,
electricity.ember.lifecycle-intensity-by-country,USA,2003,606.338,,,,final,,,
electricity.ember.lifecycle-intensity-by-country,USA,2004,602.442,,,,final,,,
electricity.ember.lifecycle-intensity-by-country,USA,2005,604.39,,,,final,,,
electricity.ember.lifecycle-intensity-by-country,USA,2006,595.455,,,,final,,,
electricity.ember.lifecycle-intensity-by-country,USA,2007,598.477,,,,final,,,
electricity.ember.lifecycle-intensity-by-country,USA,2008,591.333,,,,final,,,
electricity.ember.lifecycle-intensity-by-country,USA,2009,565.022,,,,final,,,
electricity.ember.lifecycle-intensity-by-country,USA,2010,570.84,,,,final,,,
electricity.ember.lifecycle-intensity-by-country,USA,2011,550.533,,,,final,,,
electricity.ember.lifecycle-intensity-by-country,USA,2012,532.82,,,,final,,,
electricity.ember.lifecycle-intensity-by-country,USA,2013,533.49,,,,final,,,
electricity.ember.lifecycle-intensity-by-country,USA,2014,529.455,,,,final,,,
electricity.ember.lifecycle-intensity-by-country,USA,2015,504.944,,,,final,,,
electricity.ember.lifecycle-intensity-by-country,USA,2016,483.393,,,,final,,,
electricity.ember.lifecycle-intensity-by-country,USA,2017,469.067,,,,final,,,
electricity.ember.lifecycle-intensity-by-country,USA,2018,462.631,,,,final,,,
electricity.ember.lifecycle-intensity-by-country,USA,2019,439.447,,,,final,,,
electricity.ember.lifecycle-intensity-by-country,USA,2020,411.73,,,,final,,,
electricity.ember.lifecycle-intensity-by-country,USA,2021,423.779,,,,final,,,
electricity.ember.lifecycle-intensity-by-country,USA,2022,410.387,,,,final,,,
electricity.ember.lifecycle-intensity-by-country,USA,2023,392.9,,,,final,,,
electricity.ember.lifecycle-intensity-by-country,USA,2024,383.81,,,,final,,,
electricity.ember.lifecycle-intensity-by-country,USA,2025,384.403,,,,preliminary,"2025 is the latest year in Ember's file, which has no estimate flag; Ember's methodology says that for the most recent years it estimates annual generation from monthly data.",,
electricity.ember.lifecycle-intensity-by-country,UZB,2000,1103.692,,,,final,,,
electricity.ember.lifecycle-intensity-by-country,UZB,2001,1085.113,,,,final,,,
electricity.ember.lifecycle-intensity-by-country,UZB,2002,1049.474,,,,final,,,
electricity.ember.lifecycle-intensity-by-country,UZB,2003,997.497,,,,final,,,
electricity.ember.lifecycle-intensity-by-country,UZB,2004,1058.008,,,,final,,,
electricity.ember.lifecycle-intensity-by-country,UZB,2005,984.833,,,,final,,,
electricity.ember.lifecycle-intensity-by-country,UZB,2006,1105.718,,,,final,,,
electricity.ember.lifecycle-intensity-by-country,UZB,2007,1114.851,,,,final,,,
electricity.ember.lifecycle-intensity-by-country,UZB,2008,1129.749,,,,final,,,
electricity.ember.lifecycle-intensity-by-country,UZB,2009,1085.21,,,,final,,,
electricity.ember.lifecycle-intensity-by-country,UZB,2010,1053.743,,,,final,,,
electricity.ember.lifecycle-intensity-by-country,UZB,2011,1118.333,,,,final,,,
electricity.ember.lifecycle-intensity-by-country,UZB,2012,1098.321,,,,final,,,
electricity.ember.lifecycle-intensity-by-country,UZB,2013,1126.003,,,,final,,,
electricity.ember.lifecycle-intensity-by-country,UZB,2014,1121.202,,,,final,,,
electricity.ember.lifecycle-intensity-by-country,UZB,2015,1111.792,,,,final,,,
electricity.ember.lifecycle-intensity-by-country,UZB,2016,1114.188,,,,final,,,
electricity.ember.lifecycle-intensity-by-country,UZB,2017,1096.91,,,,final,,,
electricity.ember.lifecycle-intensity-by-country,UZB,2018,1139.24,,,,final,,,
electricity.ember.lifecycle-intensity-by-country,UZB,2019,1119.289,,,,final,,,
electricity.ember.lifecycle-intensity-by-country,UZB,2020,1149.031,,,,final,,,
electricity.ember.lifecycle-intensity-by-country,UZB,2021,1150.518,,,,final,,,
electricity.ember.lifecycle-intensity-by-country,UZB,2022,1121.38,,,,final,,,
electricity.ember.lifecycle-intensity-by-country,UZB,2023,1113.229,,,,final,,,
electricity.ember.lifecycle-intensity-by-country,UZB,2024,1040.172,,,,final,,,
electricity.ember.lifecycle-intensity-by-country,UZB,2025,999.965,,,,preliminary,"2025 is the latest year in Ember's file, which has no estimate flag; Ember's methodology says that for the most recent years it estimates annual generation from monthly data.",,
electricity.ember.lifecycle-intensity-by-country,VCT,2000,470.0,,,,final,,,
electricity.ember.lifecycle-intensity-by-country,VCT,2001,530.0,,,,final,,,
electricity.ember.lifecycle-intensity-by-country,VCT,2002,530.0,,,,final,,,
electricity.ember.lifecycle-intensity-by-country,VCT,2003,545.455,,,,final,,,
electricity.ember.lifecycle-intensity-by-country,VCT,2004,500.0,,,,final,,,
electricity.ember.lifecycle-intensity-by-country,VCT,2005,521.429,,,,final,,,
electricity.ember.lifecycle-intensity-by-country,VCT,2006,561.538,,,,final,,,
electricity.ember.lifecycle-intensity-by-country,VCT,2007,564.286,,,,final,,,
electricity.ember.lifecycle-intensity-by-country,VCT,2008,564.286,,,,final,,,
electricity.ember.lifecycle-intensity-by-country,VCT,2009,564.286,,,,final,,,
electricity.ember.lifecycle-intensity-by-country,VCT,2010,533.333,,,,final,,,
electricity.ember.lifecycle-intensity-by-country,VCT,2011,521.429,,,,final,,,
electricity.ember.lifecycle-intensity-by-country,VCT,2012,533.333,,,,final,,,
electricity.ember.lifecycle-intensity-by-country,VCT,2013,564.286,,,,final,,,
electricity.ember.lifecycle-intensity-by-country,VCT,2014,614.286,,,,final,,,
electricity.ember.lifecycle-intensity-by-country,VCT,2015,573.333,,,,final,,,
electricity.ember.lifecycle-intensity-by-country,VCT,2016,581.25,,,,final,,,
electricity.ember.lifecycle-intensity-by-country,VCT,2017,573.333,,,,final,,,
electricity.ember.lifecycle-intensity-by-country,VCT,2018,573.333,,,,final,,,
electricity.ember.lifecycle-intensity-by-country,VCT,2019,573.333,,,,final,,,
electricity.ember.lifecycle-intensity-by-country,VCT,2020,573.333,,,,final,,,
electricity.ember.lifecycle-intensity-by-country,VCT,2021,564.286,,,,final,,,
electricity.ember.lifecycle-intensity-by-country,VCT,2022,573.333,,,,final,,,
electricity.ember.lifecycle-intensity-by-country,VCT,2023,573.333,,,,final,,,
electricity.ember.lifecycle-intensity-by-country,VCT,2024,573.333,,,,final,,,
electricity.ember.lifecycle-intensity-by-country,VEN,2000,212.713,,,,final,,,
electricity.ember.lifecycle-intensity-by-country,VEN,2001,261.525,,,,final,,,
electricity.ember.lifecycle-intensity-by-country,VEN,2002,274.295,,,,final,,,
electricity.ember.lifecycle-intensity-by-country,VEN,2003,263.774,,,,final,,,
electricity.ember.lifecycle-intensity-by-country,VEN,2004,228.716,,,,final,,,
electricity.ember.lifecycle-intensity-by-country,VEN,2005,211.253,,,,final,,,
electricity.ember.lifecycle-intensity-by-country,VEN,2006,207.164,,,,final,,,
electricity.ember.lifecycle-intensity-by-country,VEN,2007,217.634,,,,final,,,
electricity.ember.lifecycle-intensity-by-country,VEN,2008,215.759,,,,final,,,
electricity.ember.lifecycle-intensity-by-country,VEN,2009,222.087,,,,final,,,
electricity.ember.lifecycle-intensity-by-country,VEN,2010,252.004,,,,final,,,
electricity.ember.lifecycle-intensity-by-country,VEN,2011,227.085,,,,final,,,
electricity.ember.lifecycle-intensity-by-country,VEN,2012,279.861,,,,final,,,
electricity.ember.lifecycle-intensity-by-country,VEN,2013,297.795,,,,final,,,
electricity.ember.lifecycle-intensity-by-country,VEN,2014,341.491,,,,final,,,
electricity.ember.lifecycle-intensity-by-country,VEN,2015,318.891,,,,final,,,
electricity.ember.lifecycle-intensity-by-country,VEN,2016,356.696,,,,final,,,
electricity.ember.lifecycle-intensity-by-country,VEN,2017,320.771,,,,final,,,
electricity.ember.lifecycle-intensity-by-country,VEN,2018,320.941,,,,final,,,
electricity.ember.lifecycle-intensity-by-country,VEN,2019,320.857,,,,final,,,
electricity.ember.lifecycle-intensity-by-country,VEN,2020,184.499,,,,final,,,
electricity.ember.lifecycle-intensity-by-country,VEN,2021,174.267,,,,final,,,
electricity.ember.lifecycle-intensity-by-country,VEN,2022,180.464,,,,final,,,
electricity.ember.lifecycle-intensity-by-country,VEN,2023,91.801,,,,final,,,
electricity.ember.lifecycle-intensity-by-country,VEN,2024,85.91,,,,final,,,
electricity.ember.lifecycle-intensity-by-country,VGB,2000,654.545,,,,final,,,
electricity.ember.lifecycle-intensity-by-country,VGB,2001,658.333,,,,final,,,
electricity.ember.lifecycle-intensity-by-country,VGB,2002,657.143,,,,final,,,
electricity.ember.lifecycle-intensity-by-country,VGB,2003,657.143,,,,final,,,
electricity.ember.lifecycle-intensity-by-country,VGB,2004,660.0,,,,final,,,
electricity.ember.lifecycle-intensity-by-country,VGB,2005,656.25,,,,final,,,
electricity.ember.lifecycle-intensity-by-country,VGB,2006,658.824,,,,final,,,
electricity.ember.lifecycle-intensity-by-country,VGB,2007,655.556,,,,final,,,
electricity.ember.lifecycle-intensity-by-country,VGB,2008,655.556,,,,final,,,
electricity.ember.lifecycle-intensity-by-country,VGB,2009,657.895,,,,final,,,
electricity.ember.lifecycle-intensity-by-country,VGB,2010,660.0,,,,final,,,
electricity.ember.lifecycle-intensity-by-country,VGB,2011,657.895,,,,final,,,
electricity.ember.lifecycle-intensity-by-country,VGB,2012,660.0,,,,final,,,
electricity.ember.lifecycle-intensity-by-country,VGB,2013,660.0,,,,final,,,
electricity.ember.lifecycle-intensity-by-country,VGB,2014,660.0,,,,final,,,
electricity.ember.lifecycle-intensity-by-country,VGB,2015,657.143,,,,final,,,
electricity.ember.lifecycle-intensity-by-country,VGB,2016,659.091,,,,final,,,
electricity.ember.lifecycle-intensity-by-country,VGB,2017,658.824,,,,final,,,
electricity.ember.lifecycle-intensity-by-country,VGB,2018,656.25,,,,final,,,
electricity.ember.lifecycle-intensity-by-country,VGB,2019,656.25,,,,final,,,
electricity.ember.lifecycle-intensity-by-country,VGB,2020,656.25,,,,final,,,
electricity.ember.lifecycle-intensity-by-country,VGB,2021,658.824,,,,final,,,
electricity.ember.lifecycle-intensity-by-country,VGB,2022,658.824,,,,final,,,
electricity.ember.lifecycle-intensity-by-country,VGB,2023,658.824,,,,final,,,
electricity.ember.lifecycle-intensity-by-country,VIR,2000,658.252,,,,final,,,
electricity.ember.lifecycle-intensity-by-country,VIR,2001,658.252,,,,final,,,
electricity.ember.lifecycle-intensity-by-country,VIR,2002,657.692,,,,final,,,
electricity.ember.lifecycle-intensity-by-country,VIR,2003,657.692,,,,final,,,
electricity.ember.lifecycle-intensity-by-country,VIR,2004,658.095,,,,final,,,
electricity.ember.lifecycle-intensity-by-country,VIR,2005,657.732,,,,final,,,
electricity.ember.lifecycle-intensity-by-country,VIR,2006,657.732,,,,final,,,
electricity.ember.lifecycle-intensity-by-country,VIR,2007,658.163,,,,final,,,
electricity.ember.lifecycle-intensity-by-country,VIR,2008,657.732,,,,final,,,
electricity.ember.lifecycle-intensity-by-country,VIR,2009,657.609,,,,final,,,
electricity.ember.lifecycle-intensity-by-country,VIR,2010,658.333,,,,final,,,
electricity.ember.lifecycle-intensity-by-country,VIR,2011,657.895,,,,final,,,
electricity.ember.lifecycle-intensity-by-country,VIR,2012,657.471,,,,final,,,
electricity.ember.lifecycle-intensity-by-country,VIR,2013,658.537,,,,final,,,
electricity.ember.lifecycle-intensity-by-country,VIR,2014,650.0,,,,final,,,
electricity.ember.lifecycle-intensity-by-country,VIR,2015,650.0,,,,final,,,
electricity.ember.lifecycle-intensity-by-country,VIR,2016,650.649,,,,final,,,
electricity.ember.lifecycle-intensity-by-country,VIR,2017,648.333,,,,final,,,
electricity.ember.lifecycle-intensity-by-country,VIR,2018,648.387,,,,final,,,
electricity.ember.lifecycle-intensity-by-country,VIR,2019,648.485,,,,final,,,
electricity.ember.lifecycle-intensity-by-country,VIR,2020,648.438,,,,final,,,
electricity.ember.lifecycle-intensity-by-country,VIR,2021,639.394,,,,final,,,
electricity.ember.lifecycle-intensity-by-country,VIR,2022,639.706,,,,final,,,
electricity.ember.lifecycle-intensity-by-country,VIR,2023,639.706,,,,final,,,
electricity.ember.lifecycle-intensity-by-country,VNM,2000,321.837,,,,final,,,
electricity.ember.lifecycle-intensity-by-country,VNM,2001,290.983,,,,final,,,
electricity.ember.lifecycle-intensity-by-country,VNM,2002,344.274,,,,final,,,
electricity.ember.lifecycle-intensity-by-country,VNM,2003,375.837,,,,final,,,
electricity.ember.lifecycle-intensity-by-country,VNM,2004,407.143,,,,final,,,
electricity.ember.lifecycle-intensity-by-country,VNM,2005,462.558,,,,final,,,
electricity.ember.lifecycle-intensity-by-country,VNM,2006,448.446,,,,final,,,
electricity.ember.lifecycle-intensity-by-country,VNM,2007,438.934,,,,final,,,
electricity.ember.lifecycle-intensity-by-country,VNM,2008,421.889,,,,final,,,
electricity.ember.lifecycle-intensity-by-country,VNM,2009,412.5,,,,final,,,
electricity.ember.lifecycle-intensity-by-country,VNM,2010,451.668,,,,final,,,
electricity.ember.lifecycle-intensity-by-country,VNM,2011,407.556,,,,final,,,
electricity.ember.lifecycle-intensity-by-country,VNM,2012,371.857,,,,final,,,
electricity.ember.lifecycle-intensity-by-country,VNM,2013,374.168,,,,final,,,
electricity.ember.lifecycle-intensity-by-country,VNM,2014,404.078,,,,final,,,
electricity.ember.lifecycle-intensity-by-country,VNM,2015,486.562,,,,final,,,
electricity.ember.lifecycle-intensity-by-country,VNM,2016,491.611,,,,final,,,
electricity.ember.lifecycle-intensity-by-country,VNM,2017,432.631,,,,final,,,
electricity.ember.lifecycle-intensity-by-country,VNM,2018,485.597,,,,final,,,
electricity.ember.lifecycle-intensity-by-country,VNM,2019,557.373,,,,final,,,
electricity.ember.lifecycle-intensity-by-country,VNM,2020,531.754,,,,final,,,
electricity.ember.lifecycle-intensity-by-country,VNM,2021,477.789,,,,final,,,
electricity.ember.lifecycle-intensity-by-country,VNM,2022,417.529,,,,final,,,
electricity.ember.lifecycle-intensity-by-country,VNM,2023,474.706,,,,final,,,
electricity.ember.lifecycle-intensity-by-country,VNM,2024,486.985,,,,final,,,
electricity.ember.lifecycle-intensity-by-country,VNM,2025,463.892,,,,preliminary,"2025 is the latest year in Ember's file, which has no estimate flag; Ember's methodology says that for the most recent years it estimates annual generation from monthly data.",,
electricity.ember.lifecycle-intensity-by-country,VUT,2000,660.0,,,,final,,,
electricity.ember.lifecycle-intensity-by-country,VUT,2001,660.0,,,,final,,,
electricity.ember.lifecycle-intensity-by-country,VUT,2002,660.0,,,,final,,,
electricity.ember.lifecycle-intensity-by-country,VUT,2003,660.0,,,,final,,,
electricity.ember.lifecycle-intensity-by-country,VUT,2004,660.0,,,,final,,,
electricity.ember.lifecycle-intensity-by-country,VUT,2005,660.0,,,,final,,,
electricity.ember.lifecycle-intensity-by-country,VUT,2006,660.0,,,,final,,,
electricity.ember.lifecycle-intensity-by-country,VUT,2007,660.0,,,,final,,,
electricity.ember.lifecycle-intensity-by-country,VUT,2008,650.0,,,,final,,,
electricity.ember.lifecycle-intensity-by-country,VUT,2009,650.0,,,,final,,,
electricity.ember.lifecycle-intensity-by-country,VUT,2010,650.0,,,,final,,,
electricity.ember.lifecycle-intensity-by-country,VUT,2011,650.0,,,,final,,,
electricity.ember.lifecycle-intensity-by-country,VUT,2012,650.0,,,,final,,,
electricity.ember.lifecycle-intensity-by-country,VUT,2013,571.429,,,,final,,,
electricity.ember.lifecycle-intensity-by-country,VUT,2014,571.429,,,,final,,,
electricity.ember.lifecycle-intensity-by-country,VUT,2015,550.0,,,,final,,,
electricity.ember.lifecycle-intensity-by-country,VUT,2016,571.429,,,,final,,,
electricity.ember.lifecycle-intensity-by-country,VUT,2017,650.0,,,,final,,,
electricity.ember.lifecycle-intensity-by-country,VUT,2018,500.0,,,,final,,,
electricity.ember.lifecycle-intensity-by-country,VUT,2019,444.444,,,,final,,,
electricity.ember.lifecycle-intensity-by-country,VUT,2020,444.444,,,,final,,,
electricity.ember.lifecycle-intensity-by-country,VUT,2021,500.0,,,,final,,,
electricity.ember.lifecycle-intensity-by-country,VUT,2022,500.0,,,,final,,,
electricity.ember.lifecycle-intensity-by-country,VUT,2023,500.0,,,,final,,,
electricity.ember.lifecycle-intensity-by-country,WLD,2000,527.871,,,,final,,,
electricity.ember.lifecycle-intensity-by-country,WLD,2001,529.849,,,,final,,,
electricity.ember.lifecycle-intensity-by-country,WLD,2002,532.892,,,,final,,,
electricity.ember.lifecycle-intensity-by-country,WLD,2003,545.087,,,,final,,,
electricity.ember.lifecycle-intensity-by-country,WLD,2004,539.938,,,,final,,,
electricity.ember.lifecycle-intensity-by-country,WLD,2005,543.857,,,,final,,,
electricity.ember.lifecycle-intensity-by-country,WLD,2006,546.87,,,,final,,,
electricity.ember.lifecycle-intensity-by-country,WLD,2007,555.128,,,,final,,,
electricity.ember.lifecycle-intensity-by-country,WLD,2008,548.199,,,,final,,,
electricity.ember.lifecycle-intensity-by-country,WLD,2009,543.994,,,,final,,,
electricity.ember.lifecycle-intensity-by-country,WLD,2010,544.462,,,,final,,,
electricity.ember.lifecycle-intensity-by-country,WLD,2011,550.952,,,,final,,,
electricity.ember.lifecycle-intensity-by-country,WLD,2012,548.926,,,,final,,,
electricity.ember.lifecycle-intensity-by-country,WLD,2013,549.281,,,,final,,,
electricity.ember.lifecycle-intensity-by-country,WLD,2014,545.481,,,,final,,,
electricity.ember.lifecycle-intensity-by-country,WLD,2015,534.109,,,,final,,,
electricity.ember.lifecycle-intensity-by-country,WLD,2016,525.97,,,,final,,,
electricity.ember.lifecycle-intensity-by-country,WLD,2017,522.952,,,,final,,,
electricity.ember.lifecycle-intensity-by-country,WLD,2018,519.587,,,,final,,,
electricity.ember.lifecycle-intensity-by-country,WLD,2019,507.074,,,,final,,,
electricity.ember.lifecycle-intensity-by-country,WLD,2020,493.579,,,,final,,,
electricity.ember.lifecycle-intensity-by-country,WLD,2021,496.662,,,,final,,,
electricity.ember.lifecycle-intensity-by-country,WLD,2022,491.5,,,,final,,,
electricity.ember.lifecycle-intensity-by-country,WLD,2023,485.483,,,,preliminary,"Partly Ember's estimate: the file has no 2023 generation for 1 of the 209 countries and economies with generation for an earlier year, and Ember's methodology says it estimates a country's missing years from its historical trends of demand and generation by source.",,
electricity.ember.lifecycle-intensity-by-country,WLD,2024,473.721,,,,preliminary,"Partly Ember's estimate: the file has no 2024 generation for 15 of the 209 countries and economies with generation for an earlier year, and Ember's methodology says it estimates a country's missing years from its historical trends of demand and generation by source.",,
electricity.ember.lifecycle-intensity-by-country,WLD,2025,460.503,,,,preliminary,"Partly Ember's estimate: the file has no 2025 generation for 116 of the 209 countries and economies with generation for an earlier year, and Ember's methodology says it estimates a country's missing years from its historical trends of demand and generation by source.",,
electricity.ember.lifecycle-intensity-by-country,WSM,2000,337.5,,,,final,,,
electricity.ember.lifecycle-intensity-by-country,WSM,2001,340.0,,,,final,,,
electricity.ember.lifecycle-intensity-by-country,WSM,2002,309.091,,,,final,,,
electricity.ember.lifecycle-intensity-by-country,WSM,2003,340.0,,,,final,,,
electricity.ember.lifecycle-intensity-by-country,WSM,2004,372.727,,,,final,,,
electricity.ember.lifecycle-intensity-by-country,WSM,2005,372.727,,,,final,,,
electricity.ember.lifecycle-intensity-by-country,WSM,2006,391.667,,,,final,,,
electricity.ember.lifecycle-intensity-by-country,WSM,2007,391.667,,,,final,,,
electricity.ember.lifecycle-intensity-by-country,WSM,2008,372.727,,,,final,,,
electricity.ember.lifecycle-intensity-by-country,WSM,2009,415.385,,,,final,,,
electricity.ember.lifecycle-intensity-by-country,WSM,2010,391.667,,,,final,,,
electricity.ember.lifecycle-intensity-by-country,WSM,2011,415.385,,,,final,,,
electricity.ember.lifecycle-intensity-by-country,WSM,2012,427.273,,,,final,,,
electricity.ember.lifecycle-intensity-by-country,WSM,2013,500.0,,,,final,,,
electricity.ember.lifecycle-intensity-by-country,WSM,2014,515.385,,,,final,,,
electricity.ember.lifecycle-intensity-by-country,WSM,2015,461.538,,,,final,,,
electricity.ember.lifecycle-intensity-by-country,WSM,2016,446.667,,,,final,,,
electricity.ember.lifecycle-intensity-by-country,WSM,2017,462.5,,,,final,,,
electricity.ember.lifecycle-intensity-by-country,WSM,2018,406.667,,,,final,,,
electricity.ember.lifecycle-intensity-by-country,WSM,2019,400.0,,,,final,,,
electricity.ember.lifecycle-intensity-by-country,WSM,2020,416.667,,,,final,,,
electricity.ember.lifecycle-intensity-by-country,WSM,2021,376.471,,,,final,,,
electricity.ember.lifecycle-intensity-by-country,WSM,2022,393.75,,,,final,,,
electricity.ember.lifecycle-intensity-by-country,WSM,2023,420.0,,,,final,,,
electricity.ember.lifecycle-intensity-by-country,WSM,2024,400.0,,,,final,,,
electricity.ember.lifecycle-intensity-by-country,YEM,2000,658.065,,,,final,,,
electricity.ember.lifecycle-intensity-by-country,YEM,2001,657.967,,,,final,,,
electricity.ember.lifecycle-intensity-by-country,YEM,2002,658.09,,,,final,,,
electricity.ember.lifecycle-intensity-by-country,YEM,2003,658.049,,,,final,,,
electricity.ember.lifecycle-intensity-by-country,YEM,2004,658.028,,,,final,,,
electricity.ember.lifecycle-intensity-by-country,YEM,2005,658.071,,,,final,,,
electricity.ember.lifecycle-intensity-by-country,YEM,2006,658.071,,,,final,,,
electricity.ember.lifecycle-intensity-by-country,YEM,2007,658.043,,,,final,,,
electricity.ember.lifecycle-intensity-by-country,YEM,2008,658.015,,,,final,,,
electricity.ember.lifecycle-intensity-by-country,YEM,2009,658.074,,,,final,,,
electricity.ember.lifecycle-intensity-by-country,YEM,2010,703.737,,,,final,,,
electricity.ember.lifecycle-intensity-by-country,YEM,2011,695.169,,,,final,,,
electricity.ember.lifecycle-intensity-by-country,YEM,2012,712.023,,,,final,,,
electricity.ember.lifecycle-intensity-by-country,YEM,2013,713.059,,,,final,,,
electricity.ember.lifecycle-intensity-by-country,YEM,2014,723.499,,,,final,,,
electricity.ember.lifecycle-intensity-by-country,YEM,2015,712.847,,,,final,,,
electricity.ember.lifecycle-intensity-by-country,YEM,2016,694.179,,,,final,,,
electricity.ember.lifecycle-intensity-by-country,YEM,2017,669.63,,,,final,,,
electricity.ember.lifecycle-intensity-by-country,YEM,2018,589.685,,,,final,,,
electricity.ember.lifecycle-intensity-by-country,YEM,2019,585.366,,,,final,,,
electricity.ember.lifecycle-intensity-by-country,YEM,2020,580.272,,,,final,,,
electricity.ember.lifecycle-intensity-by-country,YEM,2021,590.753,,,,final,,,
electricity.ember.lifecycle-intensity-by-country,YEM,2022,585.809,,,,final,,,
electricity.ember.lifecycle-intensity-by-country,YEM,2023,598.047,,,,final,,,
electricity.ember.lifecycle-intensity-by-country,YEM,2024,591.429,,,,final,,,
electricity.ember.lifecycle-intensity-by-country,ZAF,2000,799.411,,,,final,,,
electricity.ember.lifecycle-intensity-by-country,ZAF,2001,806.264,,,,final,,,
electricity.ember.lifecycle-intensity-by-country,ZAF,2002,802.258,,,,final,,,
electricity.ember.lifecycle-intensity-by-country,ZAF,2003,807.616,,,,final,,,
electricity.ember.lifecycle-intensity-by-country,ZAF,2004,806.942,,,,final,,,
electricity.ember.lifecycle-intensity-by-country,ZAF,2005,812.722,,,,final,,,
electricity.ember.lifecycle-intensity-by-country,ZAF,2006,813.502,,,,final,,,
electricity.ember.lifecycle-intensity-by-country,ZAF,2007,810.042,,,,final,,,
electricity.ember.lifecycle-intensity-by-country,ZAF,2008,809.424,,,,final,,,
electricity.ember.lifecycle-intensity-by-country,ZAF,2009,807.894,,,,final,,,
electricity.ember.lifecycle-intensity-by-country,ZAF,2010,807.604,,,,final,,,
electricity.ember.lifecycle-intensity-by-country,ZAF,2011,803.577,,,,final,,,
electricity.ember.lifecycle-intensity-by-country,ZAF,2012,807.031,,,,final,,,
electricity.ember.lifecycle-intensity-by-country,ZAF,2013,799.691,,,,final,,,
electricity.ember.lifecycle-intensity-by-country,ZAF,2014,791.588,,,,final,,,
electricity.ember.lifecycle-intensity-by-country,ZAF,2015,790.97,,,,final,,,
electricity.ember.lifecycle-intensity-by-country,ZAF,2016,779.447,,,,final,,,
electricity.ember.lifecycle-intensity-by-country,ZAF,2017,768.923,,,,final,,,
electricity.ember.lifecycle-intensity-by-country,ZAF,2018,774.651,,,,final,,,
electricity.ember.lifecycle-intensity-by-country,ZAF,2019,764.287,,,,final,,,
electricity.ember.lifecycle-intensity-by-country,ZAF,2020,763.201,,,,final,,,
electricity.ember.lifecycle-intensity-by-country,ZAF,2021,741.526,,,,final,,,
electricity.ember.lifecycle-intensity-by-country,ZAF,2022,729.03,,,,final,,,
electricity.ember.lifecycle-intensity-by-country,ZAF,2023,714.432,,,,final,,,
electricity.ember.lifecycle-intensity-by-country,ZAF,2024,717.683,,,,final,,,
electricity.ember.lifecycle-intensity-by-country,ZAF,2025,698.987,,,,preliminary,"2025 is the latest year in Ember's file, which has no estimate flag; Ember's methodology says that for the most recent years it estimates annual generation from monthly data.",,
electricity.ember.lifecycle-intensity-by-country,ZMB,2000,27.367,,,,final,,,
electricity.ember.lifecycle-intensity-by-country,ZMB,2001,27.96,,,,final,,,
electricity.ember.lifecycle-intensity-by-country,ZMB,2002,28.922,,,,final,,,
electricity.ember.lifecycle-intensity-by-country,ZMB,2003,28.846,,,,final,,,
electricity.ember.lifecycle-intensity-by-country,ZMB,2004,27.732,,,,final,,,
electricity.ember.lifecycle-intensity-by-country,ZMB,2005,28.412,,,,final,,,
electricity.ember.lifecycle-intensity-by-country,ZMB,2006,24.38,,,,final,,,
electricity.ember.lifecycle-intensity-by-country,ZMB,2007,24.378,,,,final,,,
electricity.ember.lifecycle-intensity-by-country,ZMB,2008,24.449,,,,final,,,
electricity.ember.lifecycle-intensity-by-country,ZMB,2009,24.368,,,,final,,,
electricity.ember.lifecycle-intensity-by-country,ZMB,2010,24.402,,,,final,,,
electricity.ember.lifecycle-intensity-by-country,ZMB,2011,24.282,,,,final,,,
electricity.ember.lifecycle-intensity-by-country,ZMB,2012,24.818,,,,final,,,
electricity.ember.lifecycle-intensity-by-country,ZMB,2013,24.737,,,,final,,,
electricity.ember.lifecycle-intensity-by-country,ZMB,2014,42.631,,,,final,,,
electricity.ember.lifecycle-intensity-by-country,ZMB,2015,43.523,,,,final,,,
electricity.ember.lifecycle-intensity-by-country,ZMB,2016,66.78,,,,final,,,
electricity.ember.lifecycle-intensity-by-country,ZMB,2017,129.052,,,,final,,,
electricity.ember.lifecycle-intensity-by-country,ZMB,2018,146.99,,,,final,,,
electricity.ember.lifecycle-intensity-by-country,ZMB,2019,144.76,,,,final,,,
electricity.ember.lifecycle-intensity-by-country,ZMB,2020,141.825,,,,final,,,
electricity.ember.lifecycle-intensity-by-country,ZMB,2021,90.293,,,,final,,,
electricity.ember.lifecycle-intensity-by-country,ZMB,2022,117.257,,,,final,,,
electricity.ember.lifecycle-intensity-by-country,ZMB,2023,116.341,,,,final,,,
electricity.ember.lifecycle-intensity-by-country,ZMB,2024,125.761,,,,final,,,
electricity.ember.lifecycle-intensity-by-country,ZWE,2000,475.107,,,,final,,,
electricity.ember.lifecycle-intensity-by-country,ZWE,2001,544.557,,,,final,,,
electricity.ember.lifecycle-intensity-by-country,ZWE,2002,487.179,,,,final,,,
electricity.ember.lifecycle-intensity-by-country,ZWE,2003,350.853,,,,final,,,
electricity.ember.lifecycle-intensity-by-country,ZWE,2004,385.391,,,,final,,,
electricity.ember.lifecycle-intensity-by-country,ZWE,2005,419.872,,,,final,,,
electricity.ember.lifecycle-intensity-by-country,ZWE,2006,293.734,,,,final,,,
electricity.ember.lifecycle-intensity-by-country,ZWE,2007,261.579,,,,final,,,
electricity.ember.lifecycle-intensity-by-country,ZWE,2008,226.081,,,,final,,,
electricity.ember.lifecycle-intensity-by-country,ZWE,2009,227.298,,,,final,,,
electricity.ember.lifecycle-intensity-by-country,ZWE,2010,292.245,,,,final,,,
electricity.ember.lifecycle-intensity-by-country,ZWE,2011,377.644,,,,final,,,
electricity.ember.lifecycle-intensity-by-country,ZWE,2012,356.94,,,,final,,,
electricity.ember.lifecycle-intensity-by-country,ZWE,2013,410.692,,,,final,,,
electricity.ember.lifecycle-intensity-by-country,ZWE,2014,397.363,,,,final,,,
electricity.ember.lifecycle-intensity-by-country,ZWE,2015,420.021,,,,final,,,
electricity.ember.lifecycle-intensity-by-country,ZWE,2016,488.285,,,,final,,,
electricity.ember.lifecycle-intensity-by-country,ZWE,2017,404.371,,,,final,,,
electricity.ember.lifecycle-intensity-by-country,ZWE,2018,396.288,,,,final,,,
electricity.ember.lifecycle-intensity-by-country,ZWE,2019,430.189,,,,final,,,
electricity.ember.lifecycle-intensity-by-country,ZWE,2020,371.088,,,,final,,,
electricity.ember.lifecycle-intensity-by-country,ZWE,2021,270.595,,,,final,,,
electricity.ember.lifecycle-intensity-by-country,ZWE,2022,298.658,,,,final,,,
electricity.ember.lifecycle-intensity-by-country,ZWE,2023,391.792,,,,final,,,
electricity.ember.lifecycle-intensity-by-country,ZWE,2024,383.723,,,,final,,,
