# Farmland by land size of the farm, by country and census
# Indicator: farms.faostat-wcad.area-by-land-size (vintage 2026-04-27); unit: hectares (ha)
# Source: Food and Agriculture Organization of the United Nations (FAO), Statistics Division <https://www.fao.org/faostat/en/#data/WCAD>
# Credit: FAO. 2026. FAOSTAT. Accessed on 8 October 2026. https://www.fao.org/faostat/en/#data Licence: CC-BY-4.0.
# Licence: CC BY 4.0 (FAO Statistical Database Terms of Use) <https://creativecommons.org/licenses/by/4.0/>
# Provenance and processing: https://environmentdashboard.org/data/farms/faostat-wcad/area-by-land-size
indicator_id,entity,period,value,lower,upper,interval,status,note,missing_reason,age_bp,land-size
farms.faostat-wcad.area-by-land-size,ALB,1998,128508.0,,,,final,"WCA 2000 round, census 1998. FAO flag A: Official figure.",,,0-1
farms.faostat-wcad.area-by-land-size,ALB,2012,99758.0,,,,final,"WCA 2010 round, census 2012. FAO flag A: Official figure.",,,0-1
farms.faostat-wcad.area-by-land-size,ALB,1998,198921.0,,,,final,"WCA 2000 round, census 1998. FAO flag A: Official figure.",,,1-2
farms.faostat-wcad.area-by-land-size,ALB,2012,109987.0,,,,final,"WCA 2010 round, census 2012. FAO flag A: Official figure.",,,1-2
farms.faostat-wcad.area-by-land-size,ALB,2012,48544.0,,,,final,"WCA 2010 round, census 2012. FAO flag A: Official figure.",,,2-3
farms.faostat-wcad.area-by-land-size,ALB,2012,13375.0,,,,final,"WCA 2010 round, census 2012. FAO flag I: Value imputed by a receiving agency.",,,3-4
farms.faostat-wcad.area-by-land-size,ALB,2012,10603.0,,,,final,"WCA 2010 round, census 2012. FAO flag I: Value imputed by a receiving agency.",,,4-5
farms.faostat-wcad.area-by-land-size,ALB,1998,1562069.0,,,,final,"WCA 2000 round, census 1998. FAO flag A: Official figure.",,,2-5
farms.faostat-wcad.area-by-land-size,ALB,2012,11573.0,,,,final,"WCA 2010 round, census 2012. FAO flag A: Official figure.",,,5-10
farms.faostat-wcad.area-by-land-size,ALB,2012,77769.0,,,,final,"WCA 2010 round, census 2012. FAO flag A: Official figure.",,,10-20
farms.faostat-wcad.area-by-land-size,ARG,1960,3792.0,,,,final,"WCA 1960 round, census 1960. FAO flag A: Official figure.",,,0-1
farms.faostat-wcad.area-by-land-size,ARG,2018,17682.0,,,,final,"WCA 2020 round, census 2018. FAO flag I: Value imputed by a receiving agency.",,,0-1
farms.faostat-wcad.area-by-land-size,ARG,1960,26975.0,,,,final,"WCA 1960 round, census 1960. FAO flag A: Official figure.",,,1-2
farms.faostat-wcad.area-by-land-size,ARG,2018,16256.0,,,,final,"WCA 2020 round, census 2018. FAO flag I: Value imputed by a receiving agency.",,,1-2
farms.faostat-wcad.area-by-land-size,ARG,2018,14475.0,,,,final,"WCA 2020 round, census 2018. FAO flag I: Value imputed by a receiving agency.",,,2-3
farms.faostat-wcad.area-by-land-size,ARG,2018,13160.0,,,,final,"WCA 2020 round, census 2018. FAO flag I: Value imputed by a receiving agency.",,,3-4
farms.faostat-wcad.area-by-land-size,ARG,2018,12139.0,,,,final,"WCA 2020 round, census 2018. FAO flag I: Value imputed by a receiving agency.",,,4-5
farms.faostat-wcad.area-by-land-size,ARG,1960,169868.0,,,,final,"WCA 1960 round, census 1960. FAO flag A: Official figure.",,,2-5
farms.faostat-wcad.area-by-land-size,ARG,1988,148000.0,,,,final,"WCA 1990 round, census 1988. FAO flag A: Official figure.",,,2-5
farms.faostat-wcad.area-by-land-size,ARG,1960,341530.0,,,,final,"WCA 1960 round, census 1960. FAO flag A: Official figure.",,,5-10
farms.faostat-wcad.area-by-land-size,ARG,1988,247140.0,,,,final,"WCA 1990 round, census 1988. FAO flag A: Official figure.",,,5-10
farms.faostat-wcad.area-by-land-size,ARG,2018,118008.0,,,,final,"WCA 2020 round, census 2018. FAO flag A: Official figure.",,,5-10
farms.faostat-wcad.area-by-land-size,ARG,1960,802157.0,,,,final,"WCA 1960 round, census 1960. FAO flag A: Official figure.",,,10-20
farms.faostat-wcad.area-by-land-size,ARG,1988,612991.0,,,,final,"WCA 1990 round, census 1988. FAO flag A: Official figure.",,,10-20
farms.faostat-wcad.area-by-land-size,ARG,2018,360671.0,,,,final,"WCA 2020 round, census 2018. FAO flag I: Value imputed by a receiving agency.",,,10-20
farms.faostat-wcad.area-by-land-size,ARG,1960,2982694.0,,,,final,"WCA 1960 round, census 1960. FAO flag A: Official figure.",,,20-50
farms.faostat-wcad.area-by-land-size,ARG,1988,2053096.0,,,,final,"WCA 1990 round, census 1988. FAO flag A: Official figure.",,,20-50
farms.faostat-wcad.area-by-land-size,ARG,2018,1062267.0,,,,final,"WCA 2020 round, census 2018. FAO flag I: Value imputed by a receiving agency.",,,20-50
farms.faostat-wcad.area-by-land-size,ARG,1960,5142664.0,,,,final,"WCA 1960 round, census 1960. FAO flag A: Official figure.",,,50-100
farms.faostat-wcad.area-by-land-size,ARG,1988,3646960.0,,,,final,"WCA 1990 round, census 1988. FAO flag A: Official figure.",,,50-100
farms.faostat-wcad.area-by-land-size,ARG,2018,1915075.0,,,,final,"WCA 2020 round, census 2018. FAO flag A: Official figure.",,,50-100
farms.faostat-wcad.area-by-land-size,ARG,1960,8778295.0,,,,final,"WCA 1960 round, census 1960. FAO flag A: Official figure.",,,100-200
farms.faostat-wcad.area-by-land-size,ARG,1988,6929412.0,,,,final,"WCA 1990 round, census 1988. FAO flag A: Official figure.",,,100-200
farms.faostat-wcad.area-by-land-size,ARG,2018,3852557.0,,,,final,"WCA 2020 round, census 2018. FAO flag A: Official figure.",,,100-200
farms.faostat-wcad.area-by-land-size,ARG,1960,14363518.0,,,,final,"WCA 1960 round, census 1960. FAO flag A: Official figure.",,,200-500
farms.faostat-wcad.area-by-land-size,ARG,1988,15290155.0,,,,final,"WCA 1990 round, census 1988. FAO flag A: Official figure.",,,200-500
farms.faostat-wcad.area-by-land-size,ARG,2018,10496821.0,,,,final,"WCA 2020 round, census 2018. FAO flag A: Official figure.",,,200-500
farms.faostat-wcad.area-by-land-size,ARG,1960,12181098.0,,,,final,"WCA 1960 round, census 1960. FAO flag A: Official figure.",,,500-1000
farms.faostat-wcad.area-by-land-size,ARG,1988,14870541.0,,,,final,"WCA 1990 round, census 1988. FAO flag A: Official figure.",,,500-1000
farms.faostat-wcad.area-by-land-size,ARG,2018,13287813.0,,,,final,"WCA 2020 round, census 2018. FAO flag A: Official figure.",,,500-1000
farms.faostat-wcad.area-by-land-size,ARG,2018,24520569.0,,,,final,"WCA 2020 round, census 2018. FAO flag I: Value imputed by a receiving agency.",,,1000-2500
farms.faostat-wcad.area-by-land-size,ARG,2018,99124334.0,,,,final,"WCA 2020 round, census 2018. FAO flag I: Value imputed by a receiving agency.",,,2500-plus
farms.faostat-wcad.area-by-land-size,ARG,1960,130349906.0,,,,final,"WCA 1960 round, census 1960. FAO flag A: Official figure.",,,1000-plus
farms.faostat-wcad.area-by-land-size,ARG,1988,133639103.0,,,,final,"WCA 1990 round, census 1988. FAO flag A: Official figure.",,,1000-plus
farms.faostat-wcad.area-by-land-size,ARM,2014,75217.0,,,,final,"WCA 2010 round, census 2014. FAO flag A: Official figure.",,,0-1
farms.faostat-wcad.area-by-land-size,ARM,2014,106806.0,,,,final,"WCA 2010 round, census 2014. FAO flag A: Official figure.",,,1-2
farms.faostat-wcad.area-by-land-size,ARM,2014,65797.0,,,,final,"WCA 2010 round, census 2014. FAO flag I: Value imputed by a receiving agency.",,,2-3
farms.faostat-wcad.area-by-land-size,ARM,2014,55570.0,,,,final,"WCA 2010 round, census 2014. FAO flag I: Value imputed by a receiving agency.",,,3-4
farms.faostat-wcad.area-by-land-size,ARM,2014,48083.0,,,,final,"WCA 2010 round, census 2014. FAO flag I: Value imputed by a receiving agency.",,,4-5
farms.faostat-wcad.area-by-land-size,ARM,2014,84788.0,,,,final,"WCA 2010 round, census 2014. FAO flag A: Official figure.",,,5-10
farms.faostat-wcad.area-by-land-size,ARM,2014,38337.0,,,,final,"WCA 2010 round, census 2014. FAO flag A: Official figure.",,,10-20
farms.faostat-wcad.area-by-land-size,ARM,2014,23379.0,,,,final,"WCA 2010 round, census 2014. FAO flag A: Official figure.",,,20-50
farms.faostat-wcad.area-by-land-size,ARM,2014,11015.0,,,,final,"WCA 2010 round, census 2014. FAO flag A: Official figure.",,,50-100
farms.faostat-wcad.area-by-land-size,ARM,2014,7034.0,,,,final,"WCA 2010 round, census 2014. FAO flag A: Official figure.",,,100-200
farms.faostat-wcad.area-by-land-size,ARM,2014,18373.0,,,,final,"WCA 2010 round, census 2014. FAO flag A: Official figure.",,,200-500
farms.faostat-wcad.area-by-land-size,ASM,1950,142.15,,,,final,"WCA 1950 round, census 1950. FAO flag I: Value imputed by a receiving agency.",,,0-1
farms.faostat-wcad.area-by-land-size,ASM,1960,376.0,,,,final,"WCA 1960 round, census 1960. FAO flag A: Official figure.",,,0-1
farms.faostat-wcad.area-by-land-size,ASM,1970,500.22,,,,final,"WCA 1970 round, census 1970. FAO flag I: Value imputed by a receiving agency.",,,0-1
farms.faostat-wcad.area-by-land-size,ASM,1980,303.86,,,,final,"WCA 1980 round, census 1980. FAO flag I: Value imputed by a receiving agency.",,,0-1
farms.faostat-wcad.area-by-land-size,ASM,1990,35.0,,,,final,"WCA 1990 round, census 1990. FAO flag A: Official figure.",,,0-1
farms.faostat-wcad.area-by-land-size,ASM,2003,1511.0,,,,final,"WCA 2000 round, census 2003. FAO flag I: Value imputed by a receiving agency.",,,0-1
farms.faostat-wcad.area-by-land-size,ASM,2008,2130.0,,,,final,"WCA 2010 round, census 2008. FAO flag I: Value imputed by a receiving agency.",,,0-1
farms.faostat-wcad.area-by-land-size,ASM,2018,2369.0,,,,final,"WCA 2020 round, census 2018. FAO flag I: Value imputed by a receiving agency.",,,0-1
farms.faostat-wcad.area-by-land-size,ASM,2023,1967.739533,,,,final,"WCA 2020 round, census 2023. FAO flag I: Value imputed by a receiving agency.",,,0-1
farms.faostat-wcad.area-by-land-size,ASM,1950,514.54,,,,final,"WCA 1950 round, census 1950. FAO flag I: Value imputed by a receiving agency.",,,1-2
farms.faostat-wcad.area-by-land-size,ASM,1960,858.0,,,,final,"WCA 1960 round, census 1960. FAO flag A: Official figure.",,,1-2
farms.faostat-wcad.area-by-land-size,ASM,1970,627.22,,,,final,"WCA 1970 round, census 1970. FAO flag I: Value imputed by a receiving agency.",,,1-2
farms.faostat-wcad.area-by-land-size,ASM,1980,584.14,,,,final,"WCA 1980 round, census 1980. FAO flag I: Value imputed by a receiving agency.",,,1-2
farms.faostat-wcad.area-by-land-size,ASM,1990,116.0,,,,final,"WCA 1990 round, census 1990. FAO flag A: Official figure.",,,1-2
farms.faostat-wcad.area-by-land-size,ASM,2003,2245.0,,,,final,"WCA 2000 round, census 2003. FAO flag I: Value imputed by a receiving agency.",,,1-2
farms.faostat-wcad.area-by-land-size,ASM,2008,1439.0,,,,final,"WCA 2010 round, census 2008. FAO flag I: Value imputed by a receiving agency.",,,1-2
farms.faostat-wcad.area-by-land-size,ASM,2018,1043.0,,,,final,"WCA 2020 round, census 2018. FAO flag I: Value imputed by a receiving agency.",,,1-2
farms.faostat-wcad.area-by-land-size,ASM,2023,1175.305017,,,,final,"WCA 2020 round, census 2023. FAO flag I: Value imputed by a receiving agency.",,,1-2
farms.faostat-wcad.area-by-land-size,ASM,2008,1082.0,,,,final,"WCA 2010 round, census 2008. FAO flag I: Value imputed by a receiving agency.",,,2-3
farms.faostat-wcad.area-by-land-size,ASM,2018,583.0,,,,final,"WCA 2020 round, census 2018. FAO flag I: Value imputed by a receiving agency.",,,2-3
farms.faostat-wcad.area-by-land-size,ASM,2008,406.0,,,,final,"WCA 2010 round, census 2008. FAO flag I: Value imputed by a receiving agency.",,,3-4
farms.faostat-wcad.area-by-land-size,ASM,2018,224.0,,,,final,"WCA 2020 round, census 2018. FAO flag I: Value imputed by a receiving agency.",,,3-4
farms.faostat-wcad.area-by-land-size,ASM,2008,344.0,,,,final,"WCA 2010 round, census 2008. FAO flag I: Value imputed by a receiving agency.",,,4-5
farms.faostat-wcad.area-by-land-size,ASM,2018,147.0,,,,final,"WCA 2020 round, census 2018. FAO flag I: Value imputed by a receiving agency.",,,4-5
farms.faostat-wcad.area-by-land-size,ASM,1950,1450.32,,,,final,"WCA 1950 round, census 1950. FAO flag I: Value imputed by a receiving agency.",,,2-5
farms.faostat-wcad.area-by-land-size,ASM,1960,1636.0,,,,final,"WCA 1960 round, census 1960. FAO flag A: Official figure.",,,2-5
farms.faostat-wcad.area-by-land-size,ASM,1970,1177.98,,,,final,"WCA 1970 round, census 1970. FAO flag I: Value imputed by a receiving agency.",,,2-5
farms.faostat-wcad.area-by-land-size,ASM,1980,692.9,,,,final,"WCA 1980 round, census 1980. FAO flag I: Value imputed by a receiving agency.",,,2-5
farms.faostat-wcad.area-by-land-size,ASM,1990,268.0,,,,final,"WCA 1990 round, census 1990. FAO flag A: Official figure.",,,2-5
farms.faostat-wcad.area-by-land-size,ASM,2003,2352.0,,,,final,"WCA 2000 round, census 2003. FAO flag I: Value imputed by a receiving agency.",,,2-5
farms.faostat-wcad.area-by-land-size,ASM,2023,492.115861,,,,final,"WCA 2020 round, census 2023. FAO flag I: Value imputed by a receiving agency.",,,2-5
farms.faostat-wcad.area-by-land-size,ASM,1950,1163.75,,,,final,"WCA 1950 round, census 1950. FAO flag I: Value imputed by a receiving agency.",,,5-10
farms.faostat-wcad.area-by-land-size,ASM,1960,727.0,,,,final,"WCA 1960 round, census 1960. FAO flag A: Official figure.",,,5-10
farms.faostat-wcad.area-by-land-size,ASM,1970,484.7,,,,final,"WCA 1970 round, census 1970. FAO flag I: Value imputed by a receiving agency.",,,5-10
farms.faostat-wcad.area-by-land-size,ASM,1980,204.93,,,,final,"WCA 1980 round, census 1980. FAO flag I: Value imputed by a receiving agency.",,,5-10
farms.faostat-wcad.area-by-land-size,ASM,1990,454.0,,,,final,"WCA 1990 round, census 1990. FAO flag A: Official figure.",,,5-10
farms.faostat-wcad.area-by-land-size,ASM,2003,1097.0,,,,final,"WCA 2000 round, census 2003. FAO flag I: Value imputed by a receiving agency.",,,5-10
farms.faostat-wcad.area-by-land-size,ASM,2008,829.0,,,,final,"WCA 2010 round, census 2008. FAO flag I: Value imputed by a receiving agency.",,,5-10
farms.faostat-wcad.area-by-land-size,ASM,2018,275.0,,,,final,"WCA 2020 round, census 2018. FAO flag I: Value imputed by a receiving agency.",,,5-10
farms.faostat-wcad.area-by-land-size,ASM,2023,22.394589,,,,final,"WCA 2020 round, census 2023. FAO flag I: Value imputed by a receiving agency.",,,5-10
farms.faostat-wcad.area-by-land-size,ASM,1950,1442.75,,,,final,"WCA 1950 round, census 1950. FAO flag I: Value imputed by a receiving agency.",,,10-20
farms.faostat-wcad.area-by-land-size,ASM,1960,405.0,,,,final,"WCA 1960 round, census 1960. FAO flag A: Official figure.",,,10-20
farms.faostat-wcad.area-by-land-size,ASM,1970,662.79,,,,final,"WCA 1970 round, census 1970. FAO flag I: Value imputed by a receiving agency.",,,10-20
farms.faostat-wcad.area-by-land-size,ASM,1980,137.6,,,,final,"WCA 1980 round, census 1980. FAO flag I: Value imputed by a receiving agency.",,,10-20
farms.faostat-wcad.area-by-land-size,ASM,1990,340.0,,,,final,"WCA 1990 round, census 1990. FAO flag A: Official figure.",,,10-20
farms.faostat-wcad.area-by-land-size,ASM,2003,483.0,,,,final,"WCA 2000 round, census 2003. FAO flag I: Value imputed by a receiving agency.",,,10-20
farms.faostat-wcad.area-by-land-size,ASM,2008,1460.0,,,,final,"WCA 2010 round, census 2008. FAO flag I: Value imputed by a receiving agency.",,,10-20
farms.faostat-wcad.area-by-land-size,ASM,2018,12.0,,,,final,"WCA 2020 round, census 2018. FAO flag I: Value imputed by a receiving agency.",,,10-20
farms.faostat-wcad.area-by-land-size,ASM,1950,1287.49,,,,final,"WCA 1950 round, census 1950. FAO flag I: Value imputed by a receiving agency.",,,20-50
farms.faostat-wcad.area-by-land-size,ASM,1960,240.0,,,,final,"WCA 1960 round, census 1960. FAO flag A: Official figure.",,,20-50
farms.faostat-wcad.area-by-land-size,ASM,1970,331.05,,,,final,"WCA 1970 round, census 1970. FAO flag I: Value imputed by a receiving agency.",,,20-50
farms.faostat-wcad.area-by-land-size,ASM,1980,504.57,,,,final,"WCA 1980 round, census 1980. FAO flag I: Value imputed by a receiving agency.",,,20-50
farms.faostat-wcad.area-by-land-size,ASM,1990,1136.0,,,,final,"WCA 1990 round, census 1990. FAO flag A: Official figure.",,,20-50
farms.faostat-wcad.area-by-land-size,ASM,2003,261.0,,,,final,"WCA 2000 round, census 2003. FAO flag I: Value imputed by a receiving agency.",,,20-50
farms.faostat-wcad.area-by-land-size,ASM,2018,918.0,,,,final,"WCA 2020 round, census 2018. FAO flag I: Value imputed by a receiving agency.",,,20-50
farms.faostat-wcad.area-by-land-size,ASM,1960,420.0,,,,final,"WCA 1960 round, census 1960. FAO flag A: Official figure.",,,50-100
farms.faostat-wcad.area-by-land-size,ASM,1970,428.05,,,,final,"WCA 1970 round, census 1970. FAO flag I: Value imputed by a receiving agency.",,,50-100
farms.faostat-wcad.area-by-land-size,ATG,1961,1395.0,,,,final,"WCA 1960 round, census 1961. FAO flag A: Official figure.",,,0-1
farms.faostat-wcad.area-by-land-size,ATG,1961,2309.0,,,,final,"WCA 1960 round, census 1961. FAO flag A: Official figure.",,,1-2
farms.faostat-wcad.area-by-land-size,ATG,1961,1033.0,,,,final,"WCA 1960 round, census 1961. FAO flag A: Official figure.",,,2-5
farms.faostat-wcad.area-by-land-size,ATG,1961,297.0,,,,final,"WCA 1960 round, census 1961. FAO flag A: Official figure.",,,5-10
farms.faostat-wcad.area-by-land-size,ATG,1961,299.0,,,,final,"WCA 1960 round, census 1961. FAO flag A: Official figure.",,,10-20
farms.faostat-wcad.area-by-land-size,ATG,1961,433.0,,,,final,"WCA 1960 round, census 1961. FAO flag A: Official figure.",,,20-50
farms.faostat-wcad.area-by-land-size,ATG,1961,745.0,,,,final,"WCA 1960 round, census 1961. FAO flag A: Official figure.",,,50-100
farms.faostat-wcad.area-by-land-size,ATG,1961,1476.0,,,,final,"WCA 1960 round, census 1961. FAO flag A: Official figure.",,,100-200
farms.faostat-wcad.area-by-land-size,ATG,1961,5807.0,,,,final,"WCA 1960 round, census 1961. FAO flag A: Official figure.",,,200-500
farms.faostat-wcad.area-by-land-size,AUS,1929/1930,6512.0,,,,final,"WCA 1930 round, census 1929/30. FAO flag I: Value imputed by a receiving agency.",,,0-1
farms.faostat-wcad.area-by-land-size,AUS,1950,1401.79,,,,final,"WCA 1950 round, census 1950. FAO flag I: Value imputed by a receiving agency.",,,0-1
farms.faostat-wcad.area-by-land-size,AUS,1960,1818.0,,,,final,"WCA 1960 round, census 1960. FAO flag A: Official figure.",,,0-1
farms.faostat-wcad.area-by-land-size,AUS,1970/1971,1057.64,,,,final,"WCA 1970 round, census 1970/71. FAO flag I: Value imputed by a receiving agency.",,,0-1
farms.faostat-wcad.area-by-land-size,AUS,2015/2016,71.0,,,,final,"WCA 2020 round, census 2015/16. FAO flag A: Official figure.",,,0-1
farms.faostat-wcad.area-by-land-size,AUS,2020/2021,185.0,,,,final,"WCA 2020 round, census 2020/21. FAO flag A: Official figure.",,,0-1
farms.faostat-wcad.area-by-land-size,AUS,1929/1930,15757.0,,,,final,"WCA 1930 round, census 1929/30. FAO flag I: Value imputed by a receiving agency.",,,1-2
farms.faostat-wcad.area-by-land-size,AUS,1950,8186.23,,,,final,"WCA 1950 round, census 1950. FAO flag I: Value imputed by a receiving agency.",,,1-2
farms.faostat-wcad.area-by-land-size,AUS,1960,5625.0,,,,final,"WCA 1960 round, census 1960. FAO flag A: Official figure.",,,1-2
farms.faostat-wcad.area-by-land-size,AUS,1970/1971,4142.36,,,,final,"WCA 1970 round, census 1970/71. FAO flag I: Value imputed by a receiving agency.",,,1-2
farms.faostat-wcad.area-by-land-size,AUS,2015/2016,352.0,,,,final,"WCA 2020 round, census 2015/16. FAO flag A: Official figure.",,,1-2
farms.faostat-wcad.area-by-land-size,AUS,2020/2021,671.0,,,,final,"WCA 2020 round, census 2020/21. FAO flag A: Official figure.",,,1-2
farms.faostat-wcad.area-by-land-size,AUS,2015/2016,1965.0,,,,final,"WCA 2020 round, census 2015/16. FAO flag I: Value imputed by a receiving agency.",,,2-3
farms.faostat-wcad.area-by-land-size,AUS,2015/2016,1635.0,,,,final,"WCA 2020 round, census 2015/16. FAO flag I: Value imputed by a receiving agency.",,,3-4
farms.faostat-wcad.area-by-land-size,AUS,2015/2016,1408.0,,,,final,"WCA 2020 round, census 2015/16. FAO flag I: Value imputed by a receiving agency.",,,4-5
farms.faostat-wcad.area-by-land-size,AUS,1929/1930,58900.0,,,,final,"WCA 1930 round, census 1929/30. FAO flag I: Value imputed by a receiving agency.",,,2-5
farms.faostat-wcad.area-by-land-size,AUS,1950,28617.0,,,,final,"WCA 1950 round, census 1950. FAO flag I: Value imputed by a receiving agency.",,,2-5
farms.faostat-wcad.area-by-land-size,AUS,1960,33440.0,,,,final,"WCA 1960 round, census 1960. FAO flag A: Official figure.",,,2-5
farms.faostat-wcad.area-by-land-size,AUS,1970/1971,47741.54,,,,final,"WCA 1970 round, census 1970/71. FAO flag I: Value imputed by a receiving agency.",,,2-5
farms.faostat-wcad.area-by-land-size,AUS,2020/2021,5467.68,,,,final,"WCA 2020 round, census 2020/21. FAO flag A: Official figure.",,,2-5
farms.faostat-wcad.area-by-land-size,AUS,1929/1930,103215.0,,,,final,"WCA 1930 round, census 1929/30. FAO flag I: Value imputed by a receiving agency.",,,5-10
farms.faostat-wcad.area-by-land-size,AUS,1950,109185.79,,,,final,"WCA 1950 round, census 1950. FAO flag I: Value imputed by a receiving agency.",,,5-10
farms.faostat-wcad.area-by-land-size,AUS,1960,94309.0,,,,final,"WCA 1960 round, census 1960. FAO flag A: Official figure.",,,5-10
farms.faostat-wcad.area-by-land-size,AUS,1970/1971,91232.73,,,,final,"WCA 1970 round, census 1970/71. FAO flag I: Value imputed by a receiving agency.",,,5-10
farms.faostat-wcad.area-by-land-size,AUS,2015/2016,12642.0,,,,final,"WCA 2020 round, census 2015/16. FAO flag A: Official figure.",,,5-10
farms.faostat-wcad.area-by-land-size,AUS,2020/2021,13268.66,,,,final,"WCA 2020 round, census 2020/21. FAO flag A: Official figure.",,,5-10
farms.faostat-wcad.area-by-land-size,AUS,1929/1930,188864.0,,,,final,"WCA 1930 round, census 1929/30. FAO flag I: Value imputed by a receiving agency.",,,10-20
farms.faostat-wcad.area-by-land-size,AUS,1950,224350.36,,,,final,"WCA 1950 round, census 1950. FAO flag I: Value imputed by a receiving agency.",,,10-20
farms.faostat-wcad.area-by-land-size,AUS,1960,235075.0,,,,final,"WCA 1960 round, census 1960. FAO flag A: Official figure.",,,10-20
farms.faostat-wcad.area-by-land-size,AUS,1970/1971,223325.52,,,,final,"WCA 1970 round, census 1970/71. FAO flag I: Value imputed by a receiving agency.",,,10-20
farms.faostat-wcad.area-by-land-size,AUS,2015/2016,44736.0,,,,final,"WCA 2020 round, census 2015/16. FAO flag A: Official figure.",,,10-20
farms.faostat-wcad.area-by-land-size,AUS,2020/2021,46811.9,,,,final,"WCA 2020 round, census 2020/21. FAO flag A: Official figure.",,,10-20
farms.faostat-wcad.area-by-land-size,AUS,1929/1930,1315331.0,,,,final,"WCA 1930 round, census 1929/30. FAO flag I: Value imputed by a receiving agency.",,,20-50
farms.faostat-wcad.area-by-land-size,AUS,1950,1331964.52,,,,final,"WCA 1950 round, census 1950. FAO flag I: Value imputed by a receiving agency.",,,20-50
farms.faostat-wcad.area-by-land-size,AUS,1960,1078745.0,,,,final,"WCA 1960 round, census 1960. FAO flag A: Official figure.",,,20-50
farms.faostat-wcad.area-by-land-size,AUS,1970/1971,1014113.15,,,,final,"WCA 1970 round, census 1970/71. FAO flag I: Value imputed by a receiving agency.",,,20-50
farms.faostat-wcad.area-by-land-size,AUS,2015/2016,225260.0,,,,final,"WCA 2020 round, census 2015/16. FAO flag A: Official figure.",,,20-50
farms.faostat-wcad.area-by-land-size,AUS,2020/2021,258678.74,,,,final,"WCA 2020 round, census 2020/21. FAO flag A: Official figure.",,,20-50
farms.faostat-wcad.area-by-land-size,AUS,1929/1930,2720271.0,,,,final,"WCA 1930 round, census 1929/30. FAO flag I: Value imputed by a receiving agency.",,,50-100
farms.faostat-wcad.area-by-land-size,AUS,1950,2276004.44,,,,final,"WCA 1950 round, census 1950. FAO flag I: Value imputed by a receiving agency.",,,50-100
farms.faostat-wcad.area-by-land-size,AUS,1960,2485944.0,,,,final,"WCA 1960 round, census 1960. FAO flag A: Official figure.",,,50-100
farms.faostat-wcad.area-by-land-size,AUS,1970/1971,2329406.34,,,,final,"WCA 1970 round, census 1970/71. FAO flag I: Value imputed by a receiving agency.",,,50-100
farms.faostat-wcad.area-by-land-size,AUS,2015/2016,512828.0,,,,final,"WCA 2020 round, census 2015/16. FAO flag A: Official figure.",,,50-100
farms.faostat-wcad.area-by-land-size,AUS,2020/2021,587606.67,,,,final,"WCA 2020 round, census 2020/21. FAO flag A: Official figure.",,,50-100
farms.faostat-wcad.area-by-land-size,AUS,1929/1930,3301927.0,,,,final,"WCA 1930 round, census 1929/30. FAO flag I: Value imputed by a receiving agency.",,,100-200
farms.faostat-wcad.area-by-land-size,AUS,1950,4830183.78,,,,final,"WCA 1950 round, census 1950. FAO flag I: Value imputed by a receiving agency.",,,100-200
farms.faostat-wcad.area-by-land-size,AUS,1960,5050866.0,,,,final,"WCA 1960 round, census 1960. FAO flag A: Official figure.",,,100-200
farms.faostat-wcad.area-by-land-size,AUS,1970/1971,4740031.15,,,,final,"WCA 1970 round, census 1970/71. FAO flag I: Value imputed by a receiving agency.",,,100-200
farms.faostat-wcad.area-by-land-size,AUS,2015/2016,1507843.0,,,,final,"WCA 2020 round, census 2015/16. FAO flag A: Official figure.",,,100-200
farms.faostat-wcad.area-by-land-size,AUS,2020/2021,1545982.56,,,,final,"WCA 2020 round, census 2020/21. FAO flag A: Official figure.",,,100-200
farms.faostat-wcad.area-by-land-size,AUS,1929/1930,13369101.0,,,,final,"WCA 1930 round, census 1929/30. FAO flag I: Value imputed by a receiving agency.",,,200-500
farms.faostat-wcad.area-by-land-size,AUS,1950,15534028.37,,,,final,"WCA 1950 round, census 1950. FAO flag I: Value imputed by a receiving agency.",,,200-500
farms.faostat-wcad.area-by-land-size,AUS,1960,15358869.0,,,,final,"WCA 1960 round, census 1960. FAO flag A: Official figure.",,,200-500
farms.faostat-wcad.area-by-land-size,AUS,1970/1971,14849186.29,,,,final,"WCA 1970 round, census 1970/71. FAO flag I: Value imputed by a receiving agency.",,,200-500
farms.faostat-wcad.area-by-land-size,AUS,2015/2016,5471100.0,,,,final,"WCA 2020 round, census 2015/16. FAO flag A: Official figure.",,,200-500
farms.faostat-wcad.area-by-land-size,AUS,2020/2021,5298484.41,,,,final,"WCA 2020 round, census 2020/21. FAO flag A: Official figure.",,,200-500
farms.faostat-wcad.area-by-land-size,AUS,1929/1930,11314073.0,,,,final,"WCA 1930 round, census 1929/30. FAO flag I: Value imputed by a receiving agency.",,,500-1000
farms.faostat-wcad.area-by-land-size,AUS,1950,15458177.48,,,,final,"WCA 1950 round, census 1950. FAO flag I: Value imputed by a receiving agency.",,,500-1000
farms.faostat-wcad.area-by-land-size,AUS,1960,18208111.0,,,,final,"WCA 1960 round, census 1960. FAO flag A: Official figure.",,,500-1000
farms.faostat-wcad.area-by-land-size,AUS,1970/1971,19082952.99,,,,final,"WCA 1970 round, census 1970/71. FAO flag I: Value imputed by a receiving agency.",,,500-1000
farms.faostat-wcad.area-by-land-size,AUS,2015/2016,8549725.0,,,,final,"WCA 2020 round, census 2015/16. FAO flag A: Official figure.",,,500-1000
farms.faostat-wcad.area-by-land-size,AUS,2020/2021,8098798.76,,,,final,"WCA 2020 round, census 2020/21. FAO flag A: Official figure.",,,500-1000
farms.faostat-wcad.area-by-land-size,AUS,2015/2016,354748691.0,,,,final,"WCA 2020 round, census 2015/16. FAO flag A: Official figure.",,,1000-2500
farms.faostat-wcad.area-by-land-size,AUS,1929/1930,26089771.0,,,,final,"WCA 1930 round, census 1929/30. FAO flag I: Value imputed by a receiving agency.",,,1000-plus
farms.faostat-wcad.area-by-land-size,AUS,1950,335986273.2,,,,final,"WCA 1950 round, census 1950. FAO flag I: Value imputed by a receiving agency.",,,1000-plus
farms.faostat-wcad.area-by-land-size,AUS,1960,422022844.0,,,,final,"WCA 1960 round, census 1960. FAO flag A: Official figure.",,,1000-plus
farms.faostat-wcad.area-by-land-size,AUS,1970/1971,454840510.3,,,,final,"WCA 1970 round, census 1970/71. FAO flag I: Value imputed by a receiving agency.",,,1000-plus
farms.faostat-wcad.area-by-land-size,AUS,2020/2021,371408633.2,,,,final,"WCA 2020 round, census 2020/21. FAO flag A: Official figure.",,,1000-plus
farms.faostat-wcad.area-by-land-size,AUT,1930,57313.0,,,,final,"WCA 1930 round, census 1930. FAO flag I: Value imputed by a receiving agency.",,,0-1
farms.faostat-wcad.area-by-land-size,AUT,1951,62019.38,,,,final,"WCA 1950 round, census 1951. FAO flag I: Value imputed by a receiving agency.",,,0-1
farms.faostat-wcad.area-by-land-size,AUT,1960,23920.0,,,,final,"WCA 1960 round, census 1960. FAO flag A: Official figure.",,,0-1
farms.faostat-wcad.area-by-land-size,AUT,1970,26485.0,,,,final,"WCA 1970 round, census 1970. FAO flag A: Official figure.",,,0-1
farms.faostat-wcad.area-by-land-size,AUT,1980,10742.0,,,,final,"WCA 1980 round, census 1980. FAO flag A: Official figure.",,,0-1
farms.faostat-wcad.area-by-land-size,AUT,1990,6570.0,,,,final,"WCA 1990 round, census 1990. FAO flag A: Official figure. FAO's note: Productive area",,,0-1
farms.faostat-wcad.area-by-land-size,AUT,2010,9530.0,,,,final,"WCA 2010 round, census 2010. FAO flag I: Value imputed by a receiving agency. FAO's note: UAA",,,0-1
farms.faostat-wcad.area-by-land-size,AUT,2020,1914.0,,,,final,"WCA 2020 round, census 2020. FAO flag I: Value imputed by a receiving agency. FAO's note: UAA",,,0-1
farms.faostat-wcad.area-by-land-size,AUT,1930,54082.0,,,,final,"WCA 1930 round, census 1930. FAO flag I: Value imputed by a receiving agency.",,,1-2
farms.faostat-wcad.area-by-land-size,AUT,1951,58523.62,,,,final,"WCA 1950 round, census 1951. FAO flag I: Value imputed by a receiving agency.",,,1-2
farms.faostat-wcad.area-by-land-size,AUT,1960,72190.0,,,,final,"WCA 1960 round, census 1960. FAO flag A: Official figure.",,,1-2
farms.faostat-wcad.area-by-land-size,AUT,1970,64518.0,,,,final,"WCA 1970 round, census 1970. FAO flag A: Official figure.",,,1-2
farms.faostat-wcad.area-by-land-size,AUT,1980,52227.0,,,,final,"WCA 1980 round, census 1980. FAO flag A: Official figure.",,,1-2
farms.faostat-wcad.area-by-land-size,AUT,1990,62788.0,,,,final,"WCA 1990 round, census 1990. FAO flag A: Official figure. FAO's note: Productive area",,,1-2
farms.faostat-wcad.area-by-land-size,AUT,1999/2000,148860.0,,,,final,"WCA 2000 round, census 1999/00. FAO flag A: Official figure. FAO's note: Agricultural area. < 2 ha",,,1-2
farms.faostat-wcad.area-by-land-size,AUT,2010,19060.0,,,,final,"WCA 2010 round, census 2010. FAO flag A: Official figure.",,,1-2
farms.faostat-wcad.area-by-land-size,AUT,2020,3896.0,,,,final,"WCA 2020 round, census 2020. FAO flag I: Value imputed by a receiving agency. FAO's note: UAA",,,1-2
farms.faostat-wcad.area-by-land-size,AUT,2010,33503.0,,,,final,"WCA 2010 round, census 2010. FAO flag I: Value imputed by a receiving agency. FAO's note: UAA",,,2-3
farms.faostat-wcad.area-by-land-size,AUT,2020,18514.0,,,,final,"WCA 2020 round, census 2020. FAO flag I: Value imputed by a receiving agency. FAO's note: UAA",,,2-3
farms.faostat-wcad.area-by-land-size,AUT,2010,33331.0,,,,final,"WCA 2010 round, census 2010. FAO flag I: Value imputed by a receiving agency. FAO's note: UAA",,,3-4
farms.faostat-wcad.area-by-land-size,AUT,2020,18419.0,,,,final,"WCA 2020 round, census 2020. FAO flag I: Value imputed by a receiving agency. FAO's note: UAA",,,3-4
farms.faostat-wcad.area-by-land-size,AUT,2010,32006.0,,,,final,"WCA 2010 round, census 2010. FAO flag I: Value imputed by a receiving agency. FAO's note: UAA",,,4-5
farms.faostat-wcad.area-by-land-size,AUT,2020,17687.0,,,,final,"WCA 2020 round, census 2020. FAO flag I: Value imputed by a receiving agency. FAO's note: UAA",,,4-5
farms.faostat-wcad.area-by-land-size,AUT,1930,325641.0,,,,final,"WCA 1930 round, census 1930. FAO flag A: Official figure.",,,2-5
farms.faostat-wcad.area-by-land-size,AUT,1951,340672.0,,,,final,"WCA 1950 round, census 1951. FAO flag A: Official figure.",,,2-5
farms.faostat-wcad.area-by-land-size,AUT,1960,276113.0,,,,final,"WCA 1960 round, census 1960. FAO flag A: Official figure.",,,2-5
farms.faostat-wcad.area-by-land-size,AUT,1970,245121.0,,,,final,"WCA 1970 round, census 1970. FAO flag A: Official figure.",,,2-5
farms.faostat-wcad.area-by-land-size,AUT,1980,208289.0,,,,final,"WCA 1980 round, census 1980. FAO flag A: Official figure.",,,2-5
farms.faostat-wcad.area-by-land-size,AUT,1990,287208.0,,,,final,"WCA 1990 round, census 1990. FAO flag A: Official figure. FAO's note: Productive area",,,2-5
farms.faostat-wcad.area-by-land-size,AUT,1999/2000,357340.0,,,,final,"WCA 2000 round, census 1999/00. FAO flag A: Official figure. FAO's note: Agricultural area",,,2-5
farms.faostat-wcad.area-by-land-size,AUT,1930,544995.0,,,,final,"WCA 1930 round, census 1930. FAO flag A: Official figure.",,,5-10
farms.faostat-wcad.area-by-land-size,AUT,1951,583000.0,,,,final,"WCA 1950 round, census 1951. FAO flag A: Official figure.",,,5-10
farms.faostat-wcad.area-by-land-size,AUT,1960,520060.0,,,,final,"WCA 1960 round, census 1960. FAO flag A: Official figure.",,,5-10
farms.faostat-wcad.area-by-land-size,AUT,1970,463905.0,,,,final,"WCA 1970 round, census 1970. FAO flag A: Official figure.",,,5-10
farms.faostat-wcad.area-by-land-size,AUT,1980,393117.0,,,,final,"WCA 1980 round, census 1980. FAO flag A: Official figure.",,,5-10
farms.faostat-wcad.area-by-land-size,AUT,1990,490221.0,,,,final,"WCA 1990 round, census 1990. FAO flag A: Official figure. FAO's note: Productive area",,,5-10
farms.faostat-wcad.area-by-land-size,AUT,1999/2000,656790.0,,,,final,"WCA 2000 round, census 1999/00. FAO flag A: Official figure. FAO's note: Agricultural area",,,5-10
farms.faostat-wcad.area-by-land-size,AUT,2010,194040.0,,,,final,"WCA 2010 round, census 2010. FAO flag A: Official figure. FAO's note: UAA",,,5-10
farms.faostat-wcad.area-by-land-size,AUT,2020,138450.0,,,,final,"WCA 2020 round, census 2020. FAO flag A: Official figure. FAO's note: UAA",,,5-10
farms.faostat-wcad.area-by-land-size,AUT,1930,1058566.0,,,,final,"WCA 1930 round, census 1930. FAO flag A: Official figure.",,,10-20
farms.faostat-wcad.area-by-land-size,AUT,1951,1102854.0,,,,final,"WCA 1950 round, census 1951. FAO flag A: Official figure.",,,10-20
farms.faostat-wcad.area-by-land-size,AUT,1960,1129164.0,,,,final,"WCA 1960 round, census 1960. FAO flag A: Official figure.",,,10-20
farms.faostat-wcad.area-by-land-size,AUT,1970,1104026.0,,,,final,"WCA 1970 round, census 1970. FAO flag A: Official figure.",,,10-20
farms.faostat-wcad.area-by-land-size,AUT,1980,975457.0,,,,final,"WCA 1980 round, census 1980. FAO flag A: Official figure.",,,10-20
farms.faostat-wcad.area-by-land-size,AUT,1990,973319.0,,,,final,"WCA 1990 round, census 1990. FAO flag A: Official figure. FAO's note: Productive area",,,10-20
farms.faostat-wcad.area-by-land-size,AUT,1999/2000,1208900.0,,,,final,"WCA 2000 round, census 1999/00. FAO flag A: Official figure. FAO's note: Agricultural area",,,10-20
farms.faostat-wcad.area-by-land-size,AUT,2010,471340.0,,,,final,"WCA 2010 round, census 2010. FAO flag A: Official figure. FAO's note: UAA",,,10-20
farms.faostat-wcad.area-by-land-size,AUT,2020,371350.0,,,,final,"WCA 2020 round, census 2020. FAO flag A: Official figure. FAO's note: UAA",,,10-20
farms.faostat-wcad.area-by-land-size,AUT,1930,1541447.0,,,,final,"WCA 1930 round, census 1930. FAO flag A: Official figure.",,,20-50
farms.faostat-wcad.area-by-land-size,AUT,1951,1514760.0,,,,final,"WCA 1950 round, census 1951. FAO flag A: Official figure.",,,20-50
farms.faostat-wcad.area-by-land-size,AUT,1960,1784417.0,,,,final,"WCA 1960 round, census 1960. FAO flag A: Official figure.",,,20-50
farms.faostat-wcad.area-by-land-size,AUT,1970,1925931.0,,,,final,"WCA 1970 round, census 1970. FAO flag A: Official figure.",,,20-50
farms.faostat-wcad.area-by-land-size,AUT,1980,2019035.0,,,,final,"WCA 1980 round, census 1980. FAO flag A: Official figure.",,,20-50
farms.faostat-wcad.area-by-land-size,AUT,1990,2004177.0,,,,final,"WCA 1990 round, census 1990. FAO flag A: Official figure. FAO's note: Productive area",,,20-50
farms.faostat-wcad.area-by-land-size,AUT,1999/2000,1636300.0,,,,final,"WCA 2000 round, census 1999/00. FAO flag A: Official figure. FAO's note: Agricultural area",,,20-50
farms.faostat-wcad.area-by-land-size,AUT,2010,998110.0,,,,final,"WCA 2010 round, census 2010. FAO flag A: Official figure. FAO's note: UAA",,,20-50
farms.faostat-wcad.area-by-land-size,AUT,2020,995270.0,,,,final,"WCA 2020 round, census 2020. FAO flag A: Official figure. FAO's note: UAA",,,20-50
farms.faostat-wcad.area-by-land-size,AUT,1930,556929.0,,,,final,"WCA 1930 round, census 1930. FAO flag A: Official figure.",,,50-100
farms.faostat-wcad.area-by-land-size,AUT,1951,541895.0,,,,final,"WCA 1950 round, census 1951. FAO flag A: Official figure.",,,50-100
farms.faostat-wcad.area-by-land-size,AUT,1960,780526.0,,,,final,"WCA 1960 round, census 1960. FAO flag A: Official figure.",,,50-100
farms.faostat-wcad.area-by-land-size,AUT,1970,855383.0,,,,final,"WCA 1970 round, census 1970. FAO flag A: Official figure.",,,50-100
farms.faostat-wcad.area-by-land-size,AUT,1980,883031.0,,,,final,"WCA 1980 round, census 1980. FAO flag A: Official figure.",,,50-100
farms.faostat-wcad.area-by-land-size,AUT,1990,726871.0,,,,final,"WCA 1990 round, census 1990. FAO flag A: Official figure. FAO's note: Productive area",,,50-100
farms.faostat-wcad.area-by-land-size,AUT,1999/2000,650490.0,,,,final,"WCA 2000 round, census 1999/00. FAO flag A: Official figure. FAO's note: Agricultural area",,,50-100
farms.faostat-wcad.area-by-land-size,AUT,2010,568470.0,,,,final,"WCA 2010 round, census 2010. FAO flag A: Official figure. FAO's note: UAA",,,50-100
farms.faostat-wcad.area-by-land-size,AUT,2020,642980.0,,,,final,"WCA 2020 round, census 2020. FAO flag A: Official figure. FAO's note: UAA",,,50-100
farms.faostat-wcad.area-by-land-size,AUT,1930,444964.0,,,,final,"WCA 1930 round, census 1930. FAO flag A: Official figure.",,,100-200
farms.faostat-wcad.area-by-land-size,AUT,1951,461533.0,,,,final,"WCA 1950 round, census 1951. FAO flag A: Official figure.",,,100-200
farms.faostat-wcad.area-by-land-size,AUT,1960,595449.0,,,,final,"WCA 1960 round, census 1960. FAO flag A: Official figure.",,,100-200
farms.faostat-wcad.area-by-land-size,AUT,1970,555508.0,,,,final,"WCA 1970 round, census 1970. FAO flag A: Official figure.",,,100-200
farms.faostat-wcad.area-by-land-size,AUT,1980,559129.0,,,,final,"WCA 1980 round, census 1980. FAO flag A: Official figure.",,,100-200
farms.faostat-wcad.area-by-land-size,AUT,1990,404834.0,,,,final,"WCA 1990 round, census 1990. FAO flag A: Official figure. FAO's note: Productive area",,,100-200
farms.faostat-wcad.area-by-land-size,AUT,1999/2000,2145930.0,,,,final,"WCA 2000 round, census 1999/00. FAO flag A: Official figure. FAO's note: Agricultural area",,,100-200
farms.faostat-wcad.area-by-land-size,AUT,2010,528300.0,,,,final,"WCA 2010 round, census 2010. FAO flag A: Official figure. FAO's note: UAA",,,100-200
farms.faostat-wcad.area-by-land-size,AUT,2020,394190.0,,,,final,"WCA 2020 round, census 2020. FAO flag A: Official figure. FAO's note: UAA",,,100-200
farms.faostat-wcad.area-by-land-size,AUT,1930,527153.0,,,,final,"WCA 1930 round, census 1930. FAO flag A: Official figure.",,,200-500
farms.faostat-wcad.area-by-land-size,AUT,1951,556556.0,,,,final,"WCA 1950 round, census 1951. FAO flag A: Official figure.",,,200-500
farms.faostat-wcad.area-by-land-size,AUT,1960,450049.0,,,,final,"WCA 1960 round, census 1960. FAO flag A: Official figure.",,,200-500
farms.faostat-wcad.area-by-land-size,AUT,1970,2249586.0,,,,final,"WCA 1970 round, census 1970. FAO flag A: Official figure.",,,200-500
farms.faostat-wcad.area-by-land-size,AUT,1980,2224836.0,,,,final,"WCA 1980 round, census 1980. FAO flag A: Official figure.",,,200-500
farms.faostat-wcad.area-by-land-size,AUT,1990,365038.0,,,,final,"WCA 1990 round, census 1990. FAO flag A: Official figure. FAO's note: Productive area",,,200-500
farms.faostat-wcad.area-by-land-size,AUT,1930,373857.0,,,,final,"WCA 1930 round, census 1930. FAO flag A: Official figure.",,,500-1000
farms.faostat-wcad.area-by-land-size,AUT,1951,389827.0,,,,final,"WCA 1950 round, census 1951. FAO flag A: Official figure.",,,500-1000
farms.faostat-wcad.area-by-land-size,AUT,1960,325000.0,,,,final,"WCA 1960 round, census 1960. FAO flag A: Official figure.",,,500-1000
farms.faostat-wcad.area-by-land-size,AUT,1990,216558.0,,,,final,"WCA 1990 round, census 1990. FAO flag A: Official figure. FAO's note: Productive area",,,500-1000
farms.faostat-wcad.area-by-land-size,AUT,1930,2143637.0,,,,final,"WCA 1930 round, census 1930. FAO flag A: Official figure.",,,1000-plus
farms.faostat-wcad.area-by-land-size,AUT,1951,2114588.0,,,,final,"WCA 1950 round, census 1951. FAO flag A: Official figure.",,,1000-plus
farms.faostat-wcad.area-by-land-size,AUT,1960,1727000.0,,,,final,"WCA 1960 round, census 1960. FAO flag A: Official figure.",,,1000-plus
farms.faostat-wcad.area-by-land-size,AUT,1990,1679914.0,,,,final,"WCA 1990 round, census 1990. FAO flag A: Official figure. FAO's note: Productive area",,,1000-plus
farms.faostat-wcad.area-by-land-size,AZE,2015,247704.0,,,,final,"WCA 2010 round, census 2015. FAO flag A: Official figure.",,,0-1
farms.faostat-wcad.area-by-land-size,AZE,2015,321005.0,,,,final,"WCA 2010 round, census 2015. FAO flag A: Official figure.",,,1-2
farms.faostat-wcad.area-by-land-size,AZE,2015,221740.0,,,,final,"WCA 2010 round, census 2015. FAO flag I: Value imputed by a receiving agency.",,,2-3
farms.faostat-wcad.area-by-land-size,AZE,2015,184520.0,,,,final,"WCA 2010 round, census 2015. FAO flag I: Value imputed by a receiving agency.",,,3-4
farms.faostat-wcad.area-by-land-size,AZE,2015,158965.0,,,,final,"WCA 2010 round, census 2015. FAO flag I: Value imputed by a receiving agency.",,,4-5
farms.faostat-wcad.area-by-land-size,AZE,2015,249258.0,,,,final,"WCA 2010 round, census 2015. FAO flag A: Official figure.",,,5-10
farms.faostat-wcad.area-by-land-size,AZE,2015,124116.0,,,,final,"WCA 2010 round, census 2015. FAO flag A: Official figure.",,,10-20
farms.faostat-wcad.area-by-land-size,AZE,2015,126497.0,,,,final,"WCA 2010 round, census 2015. FAO flag A: Official figure.",,,20-50
farms.faostat-wcad.area-by-land-size,AZE,2015,108179.0,,,,final,"WCA 2010 round, census 2015. FAO flag A: Official figure.",,,50-100
farms.faostat-wcad.area-by-land-size,AZE,2015,114877.0,,,,final,"WCA 2010 round, census 2015. FAO flag A: Official figure.",,,100-200
farms.faostat-wcad.area-by-land-size,AZE,2015,157611.0,,,,final,"WCA 2010 round, census 2015. FAO flag A: Official figure.",,,200-500
farms.faostat-wcad.area-by-land-size,AZE,2015,71215.0,,,,final,"WCA 2010 round, census 2015. FAO flag A: Official figure.",,,500-1000
farms.faostat-wcad.area-by-land-size,AZE,2015,276338.0,,,,final,"WCA 2010 round, census 2015. FAO flag A: Official figure.",,,1000-2500
farms.faostat-wcad.area-by-land-size,BEL,1929,131147.0,,,,final,"WCA 1930 round, census 1929. FAO flag A: Official figure.",,,0-1
farms.faostat-wcad.area-by-land-size,BEL,1950,108672.0,,,,final,"WCA 1950 round, census 1950. FAO flag A: Official figure.",,,0-1
farms.faostat-wcad.area-by-land-size,BEL,1959,31202.0,,,,final,"WCA 1960 round, census 1959. FAO flag A: Official figure. FAO's note: Includes holdings without land",,,0-1
farms.faostat-wcad.area-by-land-size,BEL,1970,23607.0,,,,final,"WCA 1970 round, census 1970. FAO flag A: Official figure. FAO's note: Agricultural area",,,0-1
farms.faostat-wcad.area-by-land-size,BEL,1979,15639.0,,,,final,"WCA 1980 round, census 1979. FAO flag A: Official figure. FAO's note: Agricultural area. Excludes 608 ha not classified by size.",,,0-1
farms.faostat-wcad.area-by-land-size,BEL,1990,9667.0,,,,final,"WCA 1990 round, census 1990. FAO flag A: Official figure. FAO's note: Agricultural area",,,0-1
farms.faostat-wcad.area-by-land-size,BEL,2010,1413.0,,,,final,"WCA 2010 round, census 2010. FAO flag I: Value imputed by a receiving agency. FAO's note: UAA",,,0-1
farms.faostat-wcad.area-by-land-size,BEL,2020,425.0,,,,final,"WCA 2020 round, census 2020. FAO flag I: Value imputed by a receiving agency. FAO's note: UAA",,,0-1
farms.faostat-wcad.area-by-land-size,BEL,1929,140932.0,,,,final,"WCA 1930 round, census 1929. FAO flag I: Value imputed by a receiving agency.",,,1-2
farms.faostat-wcad.area-by-land-size,BEL,1950,101418.1,,,,final,"WCA 1950 round, census 1950. FAO flag I: Value imputed by a receiving agency.",,,1-2
farms.faostat-wcad.area-by-land-size,BEL,1959,60447.0,,,,final,"WCA 1960 round, census 1959. FAO flag A: Official figure.",,,1-2
farms.faostat-wcad.area-by-land-size,BEL,1970,21851.0,,,,final,"WCA 1970 round, census 1970. FAO flag A: Official figure. FAO's note: Agricultural area",,,1-2
farms.faostat-wcad.area-by-land-size,BEL,1979,16433.0,,,,final,"WCA 1980 round, census 1979. FAO flag A: Official figure. FAO's note: Agricultural area",,,1-2
farms.faostat-wcad.area-by-land-size,BEL,1990,12183.0,,,,final,"WCA 1990 round, census 1990. FAO flag A: Official figure. FAO's note: Agricultural area",,,1-2
farms.faostat-wcad.area-by-land-size,BEL,1999/2000,12380.0,,,,final,"WCA 2000 round, census 1999/00. FAO flag A: Official figure. FAO's note: Agricultural area. < 2 ha",,,1-2
farms.faostat-wcad.area-by-land-size,BEL,2010,2877.0,,,,final,"WCA 2010 round, census 2010. FAO flag I: Value imputed by a receiving agency. FAO's note: UAA",,,1-2
farms.faostat-wcad.area-by-land-size,BEL,2020,865.0,,,,final,"WCA 2020 round, census 2020. FAO flag I: Value imputed by a receiving agency. FAO's note: UAA",,,1-2
farms.faostat-wcad.area-by-land-size,BEL,2010,5040.0,,,,final,"WCA 2010 round, census 2010. FAO flag I: Value imputed by a receiving agency. FAO's note: UAA",,,2-3
farms.faostat-wcad.area-by-land-size,BEL,2020,3545.0,,,,final,"WCA 2020 round, census 2020. FAO flag I: Value imputed by a receiving agency. FAO's note: UAA",,,2-3
farms.faostat-wcad.area-by-land-size,BEL,2010,5015.0,,,,final,"WCA 2010 round, census 2010. FAO flag I: Value imputed by a receiving agency. FAO's note: UAA",,,3-4
farms.faostat-wcad.area-by-land-size,BEL,2020,3527.0,,,,final,"WCA 2020 round, census 2020. FAO flag I: Value imputed by a receiving agency. FAO's note: UAA",,,3-4
farms.faostat-wcad.area-by-land-size,BEL,2010,4815.0,,,,final,"WCA 2010 round, census 2010. FAO flag I: Value imputed by a receiving agency. FAO's note: UAA",,,4-5
farms.faostat-wcad.area-by-land-size,BEL,2020,3387.0,,,,final,"WCA 2020 round, census 2020. FAO flag I: Value imputed by a receiving agency. FAO's note: UAA",,,4-5
farms.faostat-wcad.area-by-land-size,BEL,1929,379191.0,,,,final,"WCA 1930 round, census 1929. FAO flag I: Value imputed by a receiving agency.",,,2-5
farms.faostat-wcad.area-by-land-size,BEL,1950,300345.9,,,,final,"WCA 1950 round, census 1950. FAO flag I: Value imputed by a receiving agency.",,,2-5
farms.faostat-wcad.area-by-land-size,BEL,1959,190066.0,,,,final,"WCA 1960 round, census 1959. FAO flag A: Official figure.",,,2-5
farms.faostat-wcad.area-by-land-size,BEL,1970,96666.0,,,,final,"WCA 1970 round, census 1970. FAO flag A: Official figure. FAO's note: Agricultural area",,,2-5
farms.faostat-wcad.area-by-land-size,BEL,1979,59120.0,,,,final,"WCA 1980 round, census 1979. FAO flag A: Official figure. FAO's note: Agricultural area",,,2-5
farms.faostat-wcad.area-by-land-size,BEL,1990,48834.0,,,,final,"WCA 1990 round, census 1990. FAO flag A: Official figure. FAO's note: Agricultural area",,,2-5
farms.faostat-wcad.area-by-land-size,BEL,1999/2000,30860.0,,,,final,"WCA 2000 round, census 1999/00. FAO flag A: Official figure. FAO's note: Agricultural area",,,2-5
farms.faostat-wcad.area-by-land-size,BEL,1929,413422.0,,,,final,"WCA 1930 round, census 1929. FAO flag A: Official figure.",,,5-10
farms.faostat-wcad.area-by-land-size,BEL,1950,430860.0,,,,final,"WCA 1950 round, census 1950. FAO flag A: Official figure.",,,5-10
farms.faostat-wcad.area-by-land-size,BEL,1959,386882.0,,,,final,"WCA 1960 round, census 1959. FAO flag A: Official figure.",,,5-10
farms.faostat-wcad.area-by-land-size,BEL,1970,240995.0,,,,final,"WCA 1970 round, census 1970. FAO flag A: Official figure. FAO's note: Agricultural area",,,5-10
farms.faostat-wcad.area-by-land-size,BEL,1979,145594.0,,,,final,"WCA 1980 round, census 1979. FAO flag A: Official figure. FAO's note: Agricultural area",,,5-10
farms.faostat-wcad.area-by-land-size,BEL,1990,98050.0,,,,final,"WCA 1990 round, census 1990. FAO flag A: Official figure. FAO's note: Agricultural area",,,5-10
farms.faostat-wcad.area-by-land-size,BEL,1999/2000,62870.0,,,,final,"WCA 2000 round, census 1999/00. FAO flag A: Official figure. FAO's note: Agricultural area",,,5-10
farms.faostat-wcad.area-by-land-size,BEL,2010,37620.0,,,,final,"WCA 2010 round, census 2010. FAO flag A: Official figure. FAO's note: UAA",,,5-10
farms.faostat-wcad.area-by-land-size,BEL,2020,34690.0,,,,final,"WCA 2020 round, census 2020. FAO flag A: Official figure. FAO's note: UAA",,,5-10
farms.faostat-wcad.area-by-land-size,BEL,1929,397827.0,,,,final,"WCA 1930 round, census 1929. FAO flag A: Official figure.",,,10-20
farms.faostat-wcad.area-by-land-size,BEL,1950,462224.0,,,,final,"WCA 1950 round, census 1950. FAO flag A: Official figure.",,,10-20
farms.faostat-wcad.area-by-land-size,BEL,1959,515136.0,,,,final,"WCA 1960 round, census 1959. FAO flag A: Official figure.",,,10-20
farms.faostat-wcad.area-by-land-size,BEL,1970,472088.0,,,,final,"WCA 1970 round, census 1970. FAO flag A: Official figure. FAO's note: Agricultural area",,,10-20
farms.faostat-wcad.area-by-land-size,BEL,1979,370080.0,,,,final,"WCA 1980 round, census 1979. FAO flag A: Official figure. FAO's note: Agricultural area",,,10-20
farms.faostat-wcad.area-by-land-size,BEL,1990,255189.0,,,,final,"WCA 1990 round, census 1990. FAO flag A: Official figure. FAO's note: Agricultural area",,,10-20
farms.faostat-wcad.area-by-land-size,BEL,1999/2000,153600.0,,,,final,"WCA 2000 round, census 1999/00. FAO flag A: Official figure. FAO's note: Agricultural area",,,10-20
farms.faostat-wcad.area-by-land-size,BEL,2010,98990.0,,,,final,"WCA 2010 round, census 2010. FAO flag A: Official figure. FAO's note: UAA",,,10-20
farms.faostat-wcad.area-by-land-size,BEL,2020,92240.0,,,,final,"WCA 2020 round, census 2020. FAO flag A: Official figure. FAO's note: UAA",,,10-20
farms.faostat-wcad.area-by-land-size,BEL,1929,316348.0,,,,final,"WCA 1930 round, census 1929. FAO flag A: Official figure.",,,20-50
farms.faostat-wcad.area-by-land-size,BEL,1950,333738.0,,,,final,"WCA 1950 round, census 1950. FAO flag A: Official figure.",,,20-50
farms.faostat-wcad.area-by-land-size,BEL,1959,393201.0,,,,final,"WCA 1960 round, census 1959. FAO flag A: Official figure.",,,20-50
farms.faostat-wcad.area-by-land-size,BEL,1970,487310.0,,,,final,"WCA 1970 round, census 1970. FAO flag A: Official figure. FAO's note: Agricultural area",,,20-50
farms.faostat-wcad.area-by-land-size,BEL,1979,577079.0,,,,final,"WCA 1980 round, census 1979. FAO flag A: Official figure. FAO's note: Agricultural area",,,20-50
farms.faostat-wcad.area-by-land-size,BEL,1990,586511.0,,,,final,"WCA 1990 round, census 1990. FAO flag A: Official figure. FAO's note: Agricultural area",,,20-50
farms.faostat-wcad.area-by-land-size,BEL,1999/2000,551060.0,,,,final,"WCA 2000 round, census 1999/00. FAO flag A: Official figure. FAO's note: Agricultural area",,,20-50
farms.faostat-wcad.area-by-land-size,BEL,2010,401160.0,,,,final,"WCA 2010 round, census 2010. FAO flag A: Official figure. FAO's note: UAA",,,20-50
farms.faostat-wcad.area-by-land-size,BEL,2020,351890.0,,,,final,"WCA 2020 round, census 2020. FAO flag A: Official figure. FAO's note: UAA",,,20-50
farms.faostat-wcad.area-by-land-size,BEL,1929,142494.0,,,,final,"WCA 1930 round, census 1929. FAO flag A: Official figure.",,,50-100
farms.faostat-wcad.area-by-land-size,BEL,1950,124493.0,,,,final,"WCA 1950 round, census 1950. FAO flag A: Official figure.",,,50-100
farms.faostat-wcad.area-by-land-size,BEL,1959,135298.0,,,,final,"WCA 1960 round, census 1959. FAO flag A: Official figure.",,,50-100
farms.faostat-wcad.area-by-land-size,BEL,1970,148451.0,,,,final,"WCA 1970 round, census 1970. FAO flag A: Official figure. FAO's note: Agricultural area",,,50-100
farms.faostat-wcad.area-by-land-size,BEL,1979,213365.0,,,,final,"WCA 1980 round, census 1979. FAO flag A: Official figure. FAO's note: Agricultural area",,,50-100
farms.faostat-wcad.area-by-land-size,BEL,1990,278044.0,,,,final,"WCA 1990 round, census 1990. FAO flag A: Official figure. FAO's note: Agricultural area",,,50-100
farms.faostat-wcad.area-by-land-size,BEL,1999/2000,425130.0,,,,final,"WCA 2000 round, census 1999/00. FAO flag A: Official figure. FAO's note: Agricultural area",,,50-100
farms.faostat-wcad.area-by-land-size,BEL,2010,466910.0,,,,final,"WCA 2010 round, census 2010. FAO flag A: Official figure. FAO's note: UAA",,,50-100
farms.faostat-wcad.area-by-land-size,BEL,2020,474480.0,,,,final,"WCA 2020 round, census 2020. FAO flag A: Official figure. FAO's note: UAA",,,50-100
farms.faostat-wcad.area-by-land-size,BEL,1929,76248.0,,,,final,"WCA 1930 round, census 1929. FAO flag A: Official figure.",,,100-200
farms.faostat-wcad.area-by-land-size,BEL,1950,41561.0,,,,final,"WCA 1950 round, census 1950. FAO flag A: Official figure.",,,100-200
farms.faostat-wcad.area-by-land-size,BEL,1959,55215.0,,,,final,"WCA 1960 round, census 1959. FAO flag A: Official figure.",,,100-200
farms.faostat-wcad.area-by-land-size,BEL,1970,49338.0,,,,final,"WCA 1970 round, census 1970. FAO flag A: Official figure. FAO's note: Agricultural area",,,100-200
farms.faostat-wcad.area-by-land-size,BEL,1979,77222.0,,,,final,"WCA 1980 round, census 1979. FAO flag A: Official figure. FAO's note: Agricultural area",,,100-200
farms.faostat-wcad.area-by-land-size,BEL,1990,111886.0,,,,final,"WCA 1990 round, census 1990. FAO flag A: Official figure. FAO's note: Agricultural area",,,100-200
farms.faostat-wcad.area-by-land-size,BEL,1999/2000,190880.0,,,,final,"WCA 2000 round, census 1999/00. FAO flag A: Official figure. FAO's note: Agricultural area",,,100-200
farms.faostat-wcad.area-by-land-size,BEL,2010,334160.0,,,,final,"WCA 2010 round, census 2010. FAO flag A: Official figure. FAO's note: UAA",,,100-200
farms.faostat-wcad.area-by-land-size,BEL,2020,403060.0,,,,final,"WCA 2020 round, census 2020. FAO flag A: Official figure. FAO's note: UAA",,,100-200
farms.faostat-wcad.area-by-land-size,BFA,1993,62504.0,,,,final,"WCA 1990 round, census 1993. FAO flag A: Official figure. FAO's note: Cultivated area",,,0-1
farms.faostat-wcad.area-by-land-size,BFA,2006/2010,97070.0,,,,final,"WCA 2010 round, census 2006-2010. FAO flag A: Official figure.",,,0-1
farms.faostat-wcad.area-by-land-size,BFA,1993,256963.0,,,,final,"WCA 1990 round, census 1993. FAO flag A: Official figure. FAO's note: Cultivated area",,,1-2
farms.faostat-wcad.area-by-land-size,BFA,2006/2010,365914.0,,,,final,"WCA 2010 round, census 2006-2010. FAO flag A: Official figure.",,,1-2
farms.faostat-wcad.area-by-land-size,BFA,2006/2010,677990.0,,,,final,"WCA 2010 round, census 2006-2010. FAO flag I: Value imputed by a receiving agency.",,,2-3
farms.faostat-wcad.area-by-land-size,BFA,2006/2010,575168.0,,,,final,"WCA 2010 round, census 2006-2010. FAO flag I: Value imputed by a receiving agency.",,,3-4
farms.faostat-wcad.area-by-land-size,BFA,2006/2010,492963.0,,,,final,"WCA 2010 round, census 2006-2010. FAO flag I: Value imputed by a receiving agency.",,,4-5
farms.faostat-wcad.area-by-land-size,BFA,1993,1201476.0,,,,final,"WCA 1990 round, census 1993. FAO flag A: Official figure. FAO's note: Cultivated area",,,2-5
farms.faostat-wcad.area-by-land-size,BFA,1993,1274404.0,,,,final,"WCA 1990 round, census 1993. FAO flag A: Official figure. FAO's note: Cultivated area",,,5-10
farms.faostat-wcad.area-by-land-size,BFA,2006/2010,1854264.0,,,,final,"WCA 2010 round, census 2006-2010. FAO flag A: Official figure.",,,5-10
farms.faostat-wcad.area-by-land-size,BFA,1993,677133.0,,,,final,"WCA 1990 round, census 1993. FAO flag A: Official figure. FAO's note: Cultivated area",,,10-20
farms.faostat-wcad.area-by-land-size,BFA,2006/2010,1031929.0,,,,final,"WCA 2010 round, census 2006-2010. FAO flag A: Official figure.",,,10-20
farms.faostat-wcad.area-by-land-size,BFA,2006/2010,394806.0,,,,final,"WCA 2010 round, census 2006-2010. FAO flag A: Official figure.",,,20-50
farms.faostat-wcad.area-by-land-size,BFA,2006/2010,32462.0,,,,final,"WCA 2010 round, census 2006-2010. FAO flag A: Official figure.",,,50-100
farms.faostat-wcad.area-by-land-size,BGD,1960,1428518.0,,,,final,"WCA 1960 round, census 1960. FAO flag A: Official figure.",,,0-1
farms.faostat-wcad.area-by-land-size,BGD,1977,1666146.0,,,,final,"WCA 1980 round, census 1977. FAO flag A: Official figure.",,,0-1
farms.faostat-wcad.area-by-land-size,BGD,1996,3539568.0,,,,final,"WCA 1990 round, census 1996. FAO flag A: Official figure.",,,0-1
farms.faostat-wcad.area-by-land-size,BGD,2008,4587854.0,,,,final,"WCA 2010 round, census 2008. FAO flag A: Official figure.",,,0-1
farms.faostat-wcad.area-by-land-size,BGD,2019,5904995.96,,,,final,"WCA 2020 round, census 2019. FAO flag I: Value imputed by a receiving agency.",,,0-1
farms.faostat-wcad.area-by-land-size,BGD,1960,2320734.0,,,,final,"WCA 1960 round, census 1960. FAO flag A: Official figure.",,,1-2
farms.faostat-wcad.area-by-land-size,BGD,1977,2382819.87,,,,final,"WCA 1980 round, census 1977. FAO flag I: Value imputed by a receiving agency.",,,1-2
farms.faostat-wcad.area-by-land-size,BGD,1996,2163223.0,,,,final,"WCA 1990 round, census 1996. FAO flag A: Official figure.",,,1-2
farms.faostat-wcad.area-by-land-size,BGD,2008,2348106.0,,,,final,"WCA 2010 round, census 2008. FAO flag I: Value imputed by a receiving agency.",,,1-2
farms.faostat-wcad.area-by-land-size,BGD,2019,1303087.88,,,,final,"WCA 2020 round, census 2019. FAO flag I: Value imputed by a receiving agency.",,,1-2
farms.faostat-wcad.area-by-land-size,BGD,1996,938428.0,,,,final,"WCA 1990 round, census 1996. FAO flag I: Value imputed by a receiving agency.",,,2-3
farms.faostat-wcad.area-by-land-size,BGD,2008,984146.0,,,,final,"WCA 2010 round, census 2008. FAO flag I: Value imputed by a receiving agency.",,,2-3
farms.faostat-wcad.area-by-land-size,BGD,1996,753118.0,,,,final,"WCA 1990 round, census 1996. FAO flag I: Value imputed by a receiving agency.",,,3-4
farms.faostat-wcad.area-by-land-size,BGD,2008,1106411.0,,,,final,"WCA 2010 round, census 2008. FAO flag A: Official figure.",,,3-4
farms.faostat-wcad.area-by-land-size,BGD,1996,197277.0,,,,final,"WCA 1990 round, census 1996. FAO flag I: Value imputed by a receiving agency.",,,4-5
farms.faostat-wcad.area-by-land-size,BGD,1960,3379784.0,,,,final,"WCA 1960 round, census 1960. FAO flag A: Official figure.",,,2-5
farms.faostat-wcad.area-by-land-size,BGD,1977,4837814.13,,,,final,"WCA 1980 round, census 1977. FAO flag I: Value imputed by a receiving agency.",,,2-5
farms.faostat-wcad.area-by-land-size,BGD,2019,1584906.85,,,,final,"WCA 2020 round, census 2019. FAO flag I: Value imputed by a receiving agency.",,,2-5
farms.faostat-wcad.area-by-land-size,BGD,1960,1240830.0,,,,final,"WCA 1960 round, census 1960. FAO flag A: Official figure.",,,5-10
farms.faostat-wcad.area-by-land-size,BGD,1996,548827.0,,,,final,"WCA 1990 round, census 1996. FAO flag I: Value imputed by a receiving agency.",,,5-10
farms.faostat-wcad.area-by-land-size,BGD,1960,422142.0,,,,final,"WCA 1960 round, census 1960. FAO flag A: Official figure. FAO's note: 10 ha and over",,,10-20
farms.faostat-wcad.area-by-land-size,BGD,1996,149457.0,,,,final,"WCA 1990 round, census 1996. FAO flag I: Value imputed by a receiving agency.",,,10-20
farms.faostat-wcad.area-by-land-size,BGR,2003,192600.0,,,,final,"WCA 2000 round, census 2003. FAO flag A: Official figure. FAO's note: Agricultural area",,,0-1
farms.faostat-wcad.area-by-land-size,BGR,2010,47496.0,,,,final,"WCA 2010 round, census 2010. FAO flag I: Value imputed by a receiving agency. FAO's note: UAA",,,0-1
farms.faostat-wcad.area-by-land-size,BGR,2020,14606.0,,,,final,"WCA 2020 round, census 2020. FAO flag I: Value imputed by a receiving agency. FAO's note: UAA",,,0-1
farms.faostat-wcad.area-by-land-size,BGR,2010,96684.0,,,,final,"WCA 2010 round, census 2010. FAO flag I: Value imputed by a receiving agency. FAO's note: UAA",,,1-2
farms.faostat-wcad.area-by-land-size,BGR,2020,29734.0,,,,final,"WCA 2020 round, census 2020. FAO flag I: Value imputed by a receiving agency. FAO's note: UAA",,,1-2
farms.faostat-wcad.area-by-land-size,BGR,2010,30659.0,,,,final,"WCA 2010 round, census 2010. FAO flag I: Value imputed by a receiving agency. FAO's note: UAA",,,2-3
farms.faostat-wcad.area-by-land-size,BGR,2020,23761.0,,,,final,"WCA 2020 round, census 2020. FAO flag I: Value imputed by a receiving agency. FAO's note: UAA",,,2-3
farms.faostat-wcad.area-by-land-size,BGR,2010,30502.0,,,,final,"WCA 2010 round, census 2010. FAO flag I: Value imputed by a receiving agency. FAO's note: UAA",,,3-4
farms.faostat-wcad.area-by-land-size,BGR,2020,23639.0,,,,final,"WCA 2020 round, census 2020. FAO flag I: Value imputed by a receiving agency. FAO's note: UAA",,,3-4
farms.faostat-wcad.area-by-land-size,BGR,2010,29289.0,,,,final,"WCA 2010 round, census 2010. FAO flag I: Value imputed by a receiving agency. FAO's note: UAA",,,4-5
farms.faostat-wcad.area-by-land-size,BGR,2020,22700.0,,,,final,"WCA 2020 round, census 2020. FAO flag I: Value imputed by a receiving agency. FAO's note: UAA",,,4-5
farms.faostat-wcad.area-by-land-size,BGR,2003,241900.0,,,,final,"WCA 2000 round, census 2003. FAO flag A: Official figure. FAO's note: Agricultural area",,,2-5
farms.faostat-wcad.area-by-land-size,BGR,2010,72700.0,,,,final,"WCA 2010 round, census 2010. FAO flag A: Official figure. FAO's note: UAA",,,5-10
farms.faostat-wcad.area-by-land-size,BGR,2020,86950.0,,,,final,"WCA 2020 round, census 2020. FAO flag A: Official figure. FAO's note: UAA",,,5-10
farms.faostat-wcad.area-by-land-size,BGR,2010,92450.0,,,,final,"WCA 2010 round, census 2010. FAO flag A: Official figure. FAO's note: UAA",,,10-20
farms.faostat-wcad.area-by-land-size,BGR,2020,139370.0,,,,final,"WCA 2020 round, census 2020. FAO flag A: Official figure. FAO's note: UAA",,,10-20
farms.faostat-wcad.area-by-land-size,BGR,2003,191100.0,,,,final,"WCA 2000 round, census 2003. FAO flag A: Official figure. FAO's note: Agricultural area",,,20-50
farms.faostat-wcad.area-by-land-size,BGR,2010,186220.0,,,,final,"WCA 2010 round, census 2010. FAO flag A: Official figure. FAO's note: UAA",,,20-50
farms.faostat-wcad.area-by-land-size,BGR,2020,397450.0,,,,final,"WCA 2020 round, census 2020. FAO flag A: Official figure. FAO's note: UAA",,,20-50
farms.faostat-wcad.area-by-land-size,BGR,2003,2278900.0,,,,final,"WCA 2000 round, census 2003. FAO flag A: Official figure. FAO's note: Agricultural area",,,50-100
farms.faostat-wcad.area-by-land-size,BGR,2010,201670.0,,,,final,"WCA 2010 round, census 2010. FAO flag A: Official figure. FAO's note: UAA",,,50-100
farms.faostat-wcad.area-by-land-size,BGR,2020,399030.0,,,,final,"WCA 2020 round, census 2020. FAO flag A: Official figure. FAO's note: UAA",,,50-100
farms.faostat-wcad.area-by-land-size,BGR,2010,3687860.0,,,,final,"WCA 2010 round, census 2010. FAO flag A: Official figure. FAO's note: UAA",,,100-200
farms.faostat-wcad.area-by-land-size,BGR,2020,3426910.0,,,,final,"WCA 2020 round, census 2020. FAO flag A: Official figure. FAO's note: UAA",,,100-200
farms.faostat-wcad.area-by-land-size,BHR,1973/1974,102.0,,,,final,"WCA 1970 round, census 1973/74. FAO flag A: Official figure.",,,0-1
farms.faostat-wcad.area-by-land-size,BHR,1980,90.0,,,,final,"WCA 1980 round, census 1980. FAO flag A: Official figure.",,,0-1
farms.faostat-wcad.area-by-land-size,BHR,1973/1974,260.0,,,,final,"WCA 1970 round, census 1973/74. FAO flag A: Official figure.",,,1-2
farms.faostat-wcad.area-by-land-size,BHR,1980,232.0,,,,final,"WCA 1980 round, census 1980. FAO flag A: Official figure.",,,1-2
farms.faostat-wcad.area-by-land-size,BHR,1973/1974,941.0,,,,final,"WCA 1970 round, census 1973/74. FAO flag A: Official figure.",,,2-5
farms.faostat-wcad.area-by-land-size,BHR,1980,852.0,,,,final,"WCA 1980 round, census 1980. FAO flag A: Official figure.",,,2-5
farms.faostat-wcad.area-by-land-size,BHR,1973/1974,972.0,,,,final,"WCA 1970 round, census 1973/74. FAO flag A: Official figure.",,,5-10
farms.faostat-wcad.area-by-land-size,BHR,1980,1009.0,,,,final,"WCA 1980 round, census 1980. FAO flag A: Official figure.",,,5-10
farms.faostat-wcad.area-by-land-size,BHR,1973/1974,865.0,,,,final,"WCA 1970 round, census 1973/74. FAO flag A: Official figure.",,,10-20
farms.faostat-wcad.area-by-land-size,BHR,1980,843.0,,,,final,"WCA 1980 round, census 1980. FAO flag A: Official figure.",,,10-20
farms.faostat-wcad.area-by-land-size,BHR,1973/1974,454.0,,,,final,"WCA 1970 round, census 1973/74. FAO flag A: Official figure.",,,20-50
farms.faostat-wcad.area-by-land-size,BHR,1980,461.0,,,,final,"WCA 1980 round, census 1980. FAO flag A: Official figure.",,,20-50
farms.faostat-wcad.area-by-land-size,BHR,1973/1974,108.0,,,,final,"WCA 1970 round, census 1973/74. FAO flag A: Official figure.",,,50-100
farms.faostat-wcad.area-by-land-size,BHR,1980,51.0,,,,final,"WCA 1980 round, census 1980. FAO flag A: Official figure.",,,50-100
farms.faostat-wcad.area-by-land-size,BHS,1978,874.4,,,,final,"WCA 1980 round, census 1978. FAO flag I: Value imputed by a receiving agency.",,,0-1
farms.faostat-wcad.area-by-land-size,BHS,1994,290.0,,,,final,"WCA 1990 round, census 1994. FAO flag A: Official figure.",,,0-1
farms.faostat-wcad.area-by-land-size,BHS,1978,1188.6,,,,final,"WCA 1980 round, census 1978. FAO flag I: Value imputed by a receiving agency.",,,1-2
farms.faostat-wcad.area-by-land-size,BHS,1994,584.0,,,,final,"WCA 1990 round, census 1994. FAO flag A: Official figure.",,,1-2
farms.faostat-wcad.area-by-land-size,BHS,1978,2293.53,,,,final,"WCA 1980 round, census 1978. FAO flag I: Value imputed by a receiving agency.",,,2-5
farms.faostat-wcad.area-by-land-size,BHS,1994,1025.0,,,,final,"WCA 1990 round, census 1994. FAO flag A: Official figure.",,,2-5
farms.faostat-wcad.area-by-land-size,BHS,1978,1678.25,,,,final,"WCA 1980 round, census 1978. FAO flag I: Value imputed by a receiving agency.",,,5-10
farms.faostat-wcad.area-by-land-size,BHS,1994,872.0,,,,final,"WCA 1990 round, census 1994. FAO flag A: Official figure.",,,5-10
farms.faostat-wcad.area-by-land-size,BHS,1978,1475.22,,,,final,"WCA 1980 round, census 1978. FAO flag I: Value imputed by a receiving agency.",,,10-20
farms.faostat-wcad.area-by-land-size,BHS,1994,966.0,,,,final,"WCA 1990 round, census 1994. FAO flag A: Official figure.",,,10-20
farms.faostat-wcad.area-by-land-size,BHS,1978,1595.26,,,,final,"WCA 1980 round, census 1978. FAO flag I: Value imputed by a receiving agency.",,,20-50
farms.faostat-wcad.area-by-land-size,BHS,1994,1456.0,,,,final,"WCA 1990 round, census 1994. FAO flag A: Official figure.",,,20-50
farms.faostat-wcad.area-by-land-size,BHS,1978,27140.74,,,,final,"WCA 1980 round, census 1978. FAO flag I: Value imputed by a receiving agency.",,,50-100
farms.faostat-wcad.area-by-land-size,BHS,1994,15143.0,,,,final,"WCA 1990 round, census 1994. FAO flag A: Official figure.",,,50-100
farms.faostat-wcad.area-by-land-size,BLR,2019,330722.0,,,,final,"WCA 2020 round, census 2019. FAO flag A: Official figure.",,,0-1
farms.faostat-wcad.area-by-land-size,BLR,2019,16962.0,,,,final,"WCA 2020 round, census 2019. FAO flag A: Official figure.",,,1-2
farms.faostat-wcad.area-by-land-size,BLR,2019,11843.0,,,,final,"WCA 2020 round, census 2019. FAO flag A: Official figure.",,,2-5
farms.faostat-wcad.area-by-land-size,BLR,2019,2980.0,,,,final,"WCA 2020 round, census 2019. FAO flag A: Official figure.",,,5-10
farms.faostat-wcad.area-by-land-size,BLR,2019,8125.0,,,,final,"WCA 2020 round, census 2019. FAO flag A: Official figure.",,,10-20
farms.faostat-wcad.area-by-land-size,BLR,2019,29261.0,,,,final,"WCA 2020 round, census 2019. FAO flag A: Official figure.",,,20-50
farms.faostat-wcad.area-by-land-size,BLR,2019,47588.0,,,,final,"WCA 2020 round, census 2019. FAO flag A: Official figure.",,,50-100
farms.faostat-wcad.area-by-land-size,BLR,2019,48156.0,,,,final,"WCA 2020 round, census 2019. FAO flag A: Official figure.",,,100-200
farms.faostat-wcad.area-by-land-size,BLR,2019,84385.0,,,,final,"WCA 2020 round, census 2019. FAO flag A: Official figure.",,,200-500
farms.faostat-wcad.area-by-land-size,BLR,2019,68085.0,,,,final,"WCA 2020 round, census 2019. FAO flag A: Official figure.",,,500-1000
farms.faostat-wcad.area-by-land-size,BLR,2019,8814593.0,,,,final,"WCA 2020 round, census 2019. FAO flag A: Official figure.",,,1000-plus
farms.faostat-wcad.area-by-land-size,BLZ,1984/1985,1075.63,,,,final,"WCA 1980 round, census 1984/85. FAO flag I: Value imputed by a receiving agency.",,,0-1
farms.faostat-wcad.area-by-land-size,BLZ,1984/1985,872.37,,,,final,"WCA 1980 round, census 1984/85. FAO flag I: Value imputed by a receiving agency.",,,1-2
farms.faostat-wcad.area-by-land-size,BLZ,1984/1985,16500.61,,,,final,"WCA 1980 round, census 1984/85. FAO flag I: Value imputed by a receiving agency.",,,2-5
farms.faostat-wcad.area-by-land-size,BLZ,1984/1985,12859.47,,,,final,"WCA 1980 round, census 1984/85. FAO flag I: Value imputed by a receiving agency.",,,5-10
farms.faostat-wcad.area-by-land-size,BLZ,1984/1985,11405.92,,,,final,"WCA 1980 round, census 1984/85. FAO flag I: Value imputed by a receiving agency.",,,10-20
farms.faostat-wcad.area-by-land-size,BLZ,1984/1985,210626.0,,,,final,"WCA 1980 round, census 1984/85. FAO flag A: Official figure.",,,20-50
farms.faostat-wcad.area-by-land-size,BOL,2013,79727.0,,,,final,"WCA 2010 round, census 2013. FAO flag A: Official figure.",,,0-1
farms.faostat-wcad.area-by-land-size,BOL,2013,147508.0,,,,final,"WCA 2010 round, census 2013. FAO flag A: Official figure.",,,1-2
farms.faostat-wcad.area-by-land-size,BOL,2013,170970.0,,,,final,"WCA 2010 round, census 2013. FAO flag A: Official figure.",,,2-3
farms.faostat-wcad.area-by-land-size,BOL,2013,173497.0,,,,final,"WCA 2010 round, census 2013. FAO flag A: Official figure.",,,3-4
farms.faostat-wcad.area-by-land-size,BOL,2013,166953.0,,,,final,"WCA 2010 round, census 2013. FAO flag A: Official figure.",,,4-5
farms.faostat-wcad.area-by-land-size,BOL,2013,781659.0,,,,final,"WCA 2010 round, census 2013. FAO flag A: Official figure.",,,5-10
farms.faostat-wcad.area-by-land-size,BOL,2013,1243908.0,,,,final,"WCA 2010 round, census 2013. FAO flag A: Official figure.",,,10-20
farms.faostat-wcad.area-by-land-size,BOL,2013,2048769.0,,,,final,"WCA 2010 round, census 2013. FAO flag A: Official figure.",,,20-50
farms.faostat-wcad.area-by-land-size,BOL,2013,2370734.0,,,,final,"WCA 2010 round, census 2013. FAO flag A: Official figure.",,,50-100
farms.faostat-wcad.area-by-land-size,BOL,2013,1635679.0,,,,final,"WCA 2010 round, census 2013. FAO flag A: Official figure.",,,100-200
farms.faostat-wcad.area-by-land-size,BOL,2013,3017517.0,,,,final,"WCA 2010 round, census 2013. FAO flag A: Official figure.",,,200-500
farms.faostat-wcad.area-by-land-size,BOL,2013,3306785.0,,,,final,"WCA 2010 round, census 2013. FAO flag A: Official figure.",,,500-1000
farms.faostat-wcad.area-by-land-size,BOL,2013,4914112.0,,,,final,"WCA 2010 round, census 2013. FAO flag A: Official figure.",,,1000-2500
farms.faostat-wcad.area-by-land-size,BOL,2013,14597166.0,,,,final,"WCA 2010 round, census 2013. FAO flag A: Official figure.",,,2500-plus
farms.faostat-wcad.area-by-land-size,BRA,1960,103792.0,,,,final,"WCA 1960 round, census 1960. FAO flag A: Official figure.",,,0-1
farms.faostat-wcad.area-by-land-size,BRA,1970,236093.0,,,,final,"WCA 1970 round, census 1970. FAO flag A: Official figure.",,,0-1
farms.faostat-wcad.area-by-land-size,BRA,1985,280003.0,,,,final,"WCA 1980 round, census 1985. FAO flag A: Official figure.",,,0-1
farms.faostat-wcad.area-by-land-size,BRA,1986,366408.0,,,,final,"WCA 1990 round, census 1986. FAO flag A: Official figure. FAO's note: Due to lack of data for the period 1986 - 95. data from 1985 Agricultural Census are presented.",,,0-1
farms.faostat-wcad.area-by-land-size,BRA,1996,280956.0,,,,final,"WCA 2000 round, census 1996. FAO flag A: Official figure.",,,0-1
farms.faostat-wcad.area-by-land-size,BRA,2006,264829.0,,,,final,"WCA 2010 round, census 2006. FAO flag A: Official figure.",,,0-1
farms.faostat-wcad.area-by-land-size,BRA,2017,277313.0,,,,final,"WCA 2020 round, census 2017. FAO flag A: Official figure.",,,0-1
farms.faostat-wcad.area-by-land-size,BRA,1960,381556.0,,,,final,"WCA 1960 round, census 1960. FAO flag A: Official figure.",,,1-2
farms.faostat-wcad.area-by-land-size,BRA,1970,657544.0,,,,final,"WCA 1970 round, census 1970. FAO flag A: Official figure.",,,1-2
farms.faostat-wcad.area-by-land-size,BRA,1985,706942.0,,,,final,"WCA 1980 round, census 1985. FAO flag A: Official figure.",,,1-2
farms.faostat-wcad.area-by-land-size,BRA,1986,835816.0,,,,final,"WCA 1990 round, census 1986. FAO flag A: Official figure. FAO's note: Due to lack of data for the period 1986 - 95. data from 1985 Agricultural Census are presented.",,,1-2
farms.faostat-wcad.area-by-land-size,BRA,1996,637186.0,,,,final,"WCA 2000 round, census 1996. FAO flag A: Official figure.",,,1-2
farms.faostat-wcad.area-by-land-size,BRA,2006,563899.0,,,,final,"WCA 2010 round, census 2006. FAO flag A: Official figure.",,,1-2
farms.faostat-wcad.area-by-land-size,BRA,2017,593953.0,,,,final,"WCA 2020 round, census 2017. FAO flag A: Official figure.",,,1-2
farms.faostat-wcad.area-by-land-size,BRA,2006,711147.0,,,,final,"WCA 2010 round, census 2006. FAO flag A: Official figure.",,,2-3
farms.faostat-wcad.area-by-land-size,BRA,2017,749072.0,,,,final,"WCA 2020 round, census 2017. FAO flag A: Official figure.",,,2-3
farms.faostat-wcad.area-by-land-size,BRA,2006,826226.0,,,,final,"WCA 2010 round, census 2006. FAO flag A: Official figure.",,,3-4
farms.faostat-wcad.area-by-land-size,BRA,2017,840160.0,,,,final,"WCA 2020 round, census 2017. FAO flag A: Official figure.",,,3-4
farms.faostat-wcad.area-by-land-size,BRA,2006,947784.0,,,,final,"WCA 2010 round, census 2006. FAO flag A: Official figure.",,,4-5
farms.faostat-wcad.area-by-land-size,BRA,2017,964885.0,,,,final,"WCA 2020 round, census 2017. FAO flag A: Official figure.",,,4-5
farms.faostat-wcad.area-by-land-size,BRA,1960,2051455.0,,,,final,"WCA 1960 round, census 1960. FAO flag A: Official figure.",,,2-5
farms.faostat-wcad.area-by-land-size,BRA,1970,3003495.0,,,,final,"WCA 1970 round, census 1970. FAO flag A: Official figure.",,,2-5
farms.faostat-wcad.area-by-land-size,BRA,1985,2942802.0,,,,final,"WCA 1980 round, census 1985. FAO flag A: Official figure.",,,2-5
farms.faostat-wcad.area-by-land-size,BRA,1986,3364936.0,,,,final,"WCA 1990 round, census 1986. FAO flag A: Official figure. FAO's note: Due to lack of data for the period 1986 - 95. data from 1985 Agricultural Census are presented.",,,2-5
farms.faostat-wcad.area-by-land-size,BRA,1996,2543527.0,,,,final,"WCA 2000 round, census 1996. FAO flag A: Official figure.",,,2-5
farms.faostat-wcad.area-by-land-size,BRA,1960,3415578.0,,,,final,"WCA 1960 round, census 1960. FAO flag A: Official figure.",,,5-10
farms.faostat-wcad.area-by-land-size,BRA,1970,5186364.0,,,,final,"WCA 1970 round, census 1970. FAO flag A: Official figure.",,,5-10
farms.faostat-wcad.area-by-land-size,BRA,1985,5074510.0,,,,final,"WCA 1980 round, census 1985. FAO flag A: Official figure.",,,5-10
farms.faostat-wcad.area-by-land-size,BRA,1986,5462618.0,,,,final,"WCA 1990 round, census 1986. FAO flag A: Official figure. FAO's note: Due to lack of data for the period 1986 - 95. data from 1985 Agricultural Census are presented.",,,5-10
farms.faostat-wcad.area-by-land-size,BRA,1996,4420526.0,,,,final,"WCA 2000 round, census 1996. FAO flag A: Official figure.",,,5-10
farms.faostat-wcad.area-by-land-size,BRA,2006,4484892.0,,,,final,"WCA 2010 round, census 2006. FAO flag A: Official figure.",,,5-10
farms.faostat-wcad.area-by-land-size,BRA,2017,4568586.0,,,,final,"WCA 2020 round, census 2017. FAO flag A: Official figure.",,,5-10
farms.faostat-wcad.area-by-land-size,BRA,1960,7684200.0,,,,final,"WCA 1960 round, census 1960. FAO flag A: Official figure.",,,10-20
farms.faostat-wcad.area-by-land-size,BRA,1970,10742832.0,,,,final,"WCA 1970 round, census 1970. FAO flag A: Official figure.",,,10-20
farms.faostat-wcad.area-by-land-size,BRA,1985,10751394.0,,,,final,"WCA 1980 round, census 1985. FAO flag A: Official figure.",,,10-20
farms.faostat-wcad.area-by-land-size,BRA,1986,11345762.0,,,,final,"WCA 1990 round, census 1986. FAO flag A: Official figure. FAO's note: Due to lack of data for the period 1986 - 95. data from 1985 Agricultural Census are presented.",,,10-20
farms.faostat-wcad.area-by-land-size,BRA,1996,9799204.0,,,,final,"WCA 2000 round, census 1996. FAO flag A: Official figure.",,,10-20
farms.faostat-wcad.area-by-land-size,BRA,2006,10289758.0,,,,final,"WCA 2010 round, census 2006. FAO flag A: Official figure.",,,10-20
farms.faostat-wcad.area-by-land-size,BRA,2017,10205797.0,,,,final,"WCA 2020 round, census 2017. FAO flag A: Official figure.",,,10-20
farms.faostat-wcad.area-by-land-size,BRA,1960,20819118.0,,,,final,"WCA 1960 round, census 1960. FAO flag A: Official figure.",,,20-50
farms.faostat-wcad.area-by-land-size,BRA,1970,25424849.0,,,,final,"WCA 1970 round, census 1970. FAO flag A: Official figure.",,,20-50
farms.faostat-wcad.area-by-land-size,BRA,1985,26384902.0,,,,final,"WCA 1980 round, census 1985. FAO flag A: Official figure.",,,20-50
farms.faostat-wcad.area-by-land-size,BRA,1986,28179753.0,,,,final,"WCA 1990 round, census 1986. FAO flag A: Official figure. FAO's note: Due to lack of data for the period 1986 - 95. data from 1985 Agricultural Census are presented.",,,20-50
farms.faostat-wcad.area-by-land-size,BRA,1996,25438629.0,,,,final,"WCA 2000 round, census 1996. FAO flag A: Official figure.",,,20-50
farms.faostat-wcad.area-by-land-size,BRA,2006,26120877.0,,,,final,"WCA 2010 round, census 2006. FAO flag A: Official figure.",,,20-50
farms.faostat-wcad.area-by-land-size,BRA,2017,26661932.0,,,,final,"WCA 2020 round, census 2017. FAO flag A: Official figure.",,,20-50
farms.faostat-wcad.area-by-land-size,BRA,1960,19062972.0,,,,final,"WCA 1960 round, census 1960. FAO flag A: Official figure.",,,50-100
farms.faostat-wcad.area-by-land-size,BRA,1970,23902023.0,,,,final,"WCA 1970 round, census 1970. FAO flag A: Official figure.",,,50-100
farms.faostat-wcad.area-by-land-size,BRA,1985,27358054.0,,,,final,"WCA 1980 round, census 1985. FAO flag A: Official figure.",,,50-100
farms.faostat-wcad.area-by-land-size,BRA,1986,30153422.0,,,,final,"WCA 1990 round, census 1986. FAO flag A: Official figure. FAO's note: Due to lack of data for the period 1986 - 95. data from 1985 Agricultural Census are presented.",,,50-100
farms.faostat-wcad.area-by-land-size,BRA,1996,27455753.0,,,,final,"WCA 2000 round, census 1996. FAO flag A: Official figure.",,,50-100
farms.faostat-wcad.area-by-land-size,BRA,2006,26483343.0,,,,final,"WCA 2010 round, census 2006. FAO flag A: Official figure.",,,50-100
farms.faostat-wcad.area-by-land-size,BRA,2017,26942917.0,,,,final,"WCA 2020 round, census 2017. FAO flag A: Official figure.",,,50-100
farms.faostat-wcad.area-by-land-size,BRA,1960,21764444.0,,,,final,"WCA 1960 round, census 1960. FAO flag A: Official figure.",,,100-200
farms.faostat-wcad.area-by-land-size,BRA,1970,29700402.0,,,,final,"WCA 1970 round, census 1970. FAO flag A: Official figure.",,,100-200
farms.faostat-wcad.area-by-land-size,BRA,1985,34671995.0,,,,final,"WCA 1980 round, census 1985. FAO flag A: Official figure.",,,100-200
farms.faostat-wcad.area-by-land-size,BRA,1986,37456164.0,,,,final,"WCA 1990 round, census 1986. FAO flag A: Official figure. FAO's note: Due to lack of data for the period 1986 - 95. data from 1985 Agricultural Census are presented.",,,100-200
farms.faostat-wcad.area-by-land-size,BRA,1996,32919190.0,,,,final,"WCA 2000 round, census 1996. FAO flag A: Official figure.",,,100-200
farms.faostat-wcad.area-by-land-size,BRA,2006,29218870.0,,,,final,"WCA 2010 round, census 2006. FAO flag A: Official figure.",,,100-200
farms.faostat-wcad.area-by-land-size,BRA,2017,29380636.0,,,,final,"WCA 2020 round, census 2017. FAO flag A: Official figure.",,,100-200
farms.faostat-wcad.area-by-land-size,BRA,1960,35851678.0,,,,final,"WCA 1960 round, census 1960. FAO flag A: Official figure.",,,200-500
farms.faostat-wcad.area-by-land-size,BRA,1970,45958057.0,,,,final,"WCA 1970 round, census 1970. FAO flag A: Official figure.",,,200-500
farms.faostat-wcad.area-by-land-size,BRA,1985,51957480.0,,,,final,"WCA 1980 round, census 1985. FAO flag A: Official figure.",,,200-500
farms.faostat-wcad.area-by-land-size,BRA,1986,53145325.0,,,,final,"WCA 1990 round, census 1986. FAO flag A: Official figure. FAO's note: Due to lack of data for the period 1986 - 95. data from 1985 Agricultural Census are presented.",,,200-500
farms.faostat-wcad.area-by-land-size,BRA,1996,50436030.0,,,,final,"WCA 2000 round, census 1996. FAO flag A: Official figure.",,,200-500
farms.faostat-wcad.area-by-land-size,BRA,2006,46384925.0,,,,final,"WCA 2010 round, census 2006. FAO flag A: Official figure.",,,200-500
farms.faostat-wcad.area-by-land-size,BRA,2017,44875314.0,,,,final,"WCA 2020 round, census 2017. FAO flag A: Official figure.",,,200-500
farms.faostat-wcad.area-by-land-size,BRA,1960,28413333.0,,,,final,"WCA 1960 round, census 1960. FAO flag A: Official figure.",,,500-1000
farms.faostat-wcad.area-by-land-size,BRA,1970,33084216.0,,,,final,"WCA 1970 round, census 1970. FAO flag A: Official figure.",,,500-1000
farms.faostat-wcad.area-by-land-size,BRA,1985,40169719.0,,,,final,"WCA 1980 round, census 1985. FAO flag A: Official figure.",,,500-1000
farms.faostat-wcad.area-by-land-size,BRA,1986,41292068.0,,,,final,"WCA 1990 round, census 1986. FAO flag A: Official figure. FAO's note: Due to lack of data for the period 1986 - 95. data from 1985 Agricultural Census are presented.",,,500-1000
farms.faostat-wcad.area-by-land-size,BRA,1996,40186297.0,,,,final,"WCA 2000 round, census 1996. FAO flag A: Official figure.",,,500-1000
farms.faostat-wcad.area-by-land-size,BRA,2006,37240391.0,,,,final,"WCA 2010 round, census 2006. FAO flag A: Official figure.",,,500-1000
farms.faostat-wcad.area-by-land-size,BRA,2017,38001742.0,,,,final,"WCA 2020 round, census 2017. FAO flag A: Official figure.",,,500-1000
farms.faostat-wcad.area-by-land-size,BRA,2006,48640082.0,,,,final,"WCA 2010 round, census 2006. FAO flag A: Official figure.",,,1000-2500
farms.faostat-wcad.area-by-land-size,BRA,2017,51848684.0,,,,final,"WCA 2020 round, census 2017. FAO flag A: Official figure.",,,1000-2500
farms.faostat-wcad.area-by-land-size,BRA,2006,101503014.0,,,,final,"WCA 2010 round, census 2006. FAO flag A: Official figure.",,,2500-plus
farms.faostat-wcad.area-by-land-size,BRA,2017,115378827.0,,,,final,"WCA 2020 round, census 2017. FAO flag A: Official figure.",,,2500-plus
farms.faostat-wcad.area-by-land-size,BRA,1960,110314016.0,,,,final,"WCA 1960 round, census 1960. FAO flag A: Official figure.",,,1000-plus
farms.faostat-wcad.area-by-land-size,BRA,1970,116249591.0,,,,final,"WCA 1970 round, census 1970. FAO flag A: Official figure.",,,1000-plus
farms.faostat-wcad.area-by-land-size,BRA,1985,164556619.0,,,,final,"WCA 1980 round, census 1985. FAO flag A: Official figure.",,,1000-plus
farms.faostat-wcad.area-by-land-size,BRA,1986,164684305.0,,,,final,"WCA 1990 round, census 1986. FAO flag A: Official figure. FAO's note: Due to lack of data for the period 1986 - 95. data from 1985 Agricultural Census are presented.",,,1000-plus
farms.faostat-wcad.area-by-land-size,BRA,1996,159493948.0,,,,final,"WCA 2000 round, census 1996. FAO flag A: Official figure.",,,1000-plus
farms.faostat-wcad.area-by-land-size,BRB,1961,3319.0,,,,final,"WCA 1960 round, census 1961. FAO flag A: Official figure.",,,0-1
farms.faostat-wcad.area-by-land-size,BRB,1989,2146.0,,,,final,"WCA 1990 round, census 1989. FAO flag A: Official figure.",,,0-1
farms.faostat-wcad.area-by-land-size,BRB,1961,1247.0,,,,final,"WCA 1960 round, census 1961. FAO flag A: Official figure.",,,1-2
farms.faostat-wcad.area-by-land-size,BRB,1989,660.0,,,,final,"WCA 1990 round, census 1989. FAO flag A: Official figure.",,,1-2
farms.faostat-wcad.area-by-land-size,BRB,1961,587.0,,,,final,"WCA 1960 round, census 1961. FAO flag A: Official figure.",,,2-5
farms.faostat-wcad.area-by-land-size,BRB,1989,552.0,,,,final,"WCA 1990 round, census 1989. FAO flag A: Official figure.",,,2-5
farms.faostat-wcad.area-by-land-size,BRB,1961,232.0,,,,final,"WCA 1960 round, census 1961. FAO flag A: Official figure.",,,5-10
farms.faostat-wcad.area-by-land-size,BRB,1989,294.0,,,,final,"WCA 1990 round, census 1989. FAO flag A: Official figure.",,,5-10
farms.faostat-wcad.area-by-land-size,BRB,1961,386.0,,,,final,"WCA 1960 round, census 1961. FAO flag A: Official figure.",,,10-20
farms.faostat-wcad.area-by-land-size,BRB,1989,366.0,,,,final,"WCA 1990 round, census 1989. FAO flag A: Official figure.",,,10-20
farms.faostat-wcad.area-by-land-size,BRB,1961,926.0,,,,final,"WCA 1960 round, census 1961. FAO flag A: Official figure.",,,20-50
farms.faostat-wcad.area-by-land-size,BRB,1989,669.0,,,,final,"WCA 1990 round, census 1989. FAO flag A: Official figure.",,,20-50
farms.faostat-wcad.area-by-land-size,BRB,1961,5534.0,,,,final,"WCA 1960 round, census 1961. FAO flag A: Official figure.",,,50-100
farms.faostat-wcad.area-by-land-size,BRB,1989,1938.0,,,,final,"WCA 1990 round, census 1989. FAO flag A: Official figure.",,,50-100
farms.faostat-wcad.area-by-land-size,BRB,1961,11262.0,,,,final,"WCA 1960 round, census 1961. FAO flag A: Official figure.",,,100-200
farms.faostat-wcad.area-by-land-size,BRB,1989,4680.0,,,,final,"WCA 1990 round, census 1989. FAO flag A: Official figure.",,,100-200
farms.faostat-wcad.area-by-land-size,BRB,1961,10685.0,,,,final,"WCA 1960 round, census 1961. FAO flag A: Official figure.",,,200-500
farms.faostat-wcad.area-by-land-size,BRB,1989,9605.0,,,,final,"WCA 1990 round, census 1989. FAO flag A: Official figure.",,,200-500
farms.faostat-wcad.area-by-land-size,BRB,1989,650.0,,,,final,"WCA 1990 round, census 1989. FAO flag A: Official figure.",,,500-1000
farms.faostat-wcad.area-by-land-size,BRN,1964,2958.0,,,,final,"WCA 1960 round, census 1964. FAO flag A: Official figure. FAO's note: Includes holdings without land",,,0-1
farms.faostat-wcad.area-by-land-size,BRN,1964,4248.0,,,,final,"WCA 1960 round, census 1964. FAO flag A: Official figure.",,,1-2
farms.faostat-wcad.area-by-land-size,BRN,1964,8665.0,,,,final,"WCA 1960 round, census 1964. FAO flag A: Official figure.",,,2-5
farms.faostat-wcad.area-by-land-size,BRN,1964,5718.0,,,,final,"WCA 1960 round, census 1964. FAO flag A: Official figure.",,,5-10
farms.faostat-wcad.area-by-land-size,BRN,1964,3824.0,,,,final,"WCA 1960 round, census 1964. FAO flag A: Official figure.",,,10-20
farms.faostat-wcad.area-by-land-size,BRN,1964,1368.0,,,,final,"WCA 1960 round, census 1964. FAO flag A: Official figure.",,,20-50
farms.faostat-wcad.area-by-land-size,BRN,1964,1040.0,,,,final,"WCA 1960 round, census 1964. FAO flag A: Official figure.",,,50-100
farms.faostat-wcad.area-by-land-size,BRN,1964,3318.0,,,,final,"WCA 1960 round, census 1964. FAO flag A: Official figure.",,,200-500
farms.faostat-wcad.area-by-land-size,BRN,1964,1348.0,,,,final,"WCA 1960 round, census 1964. FAO flag A: Official figure.",,,500-1000
farms.faostat-wcad.area-by-land-size,BTN,2019,15605.56,,,,final,"WCA 2020 round, census 2019. FAO flag A: Official figure.",,,0-1
farms.faostat-wcad.area-by-land-size,BTN,2019,27733.54,,,,final,"WCA 2020 round, census 2019. FAO flag A: Official figure.",,,1-2
farms.faostat-wcad.area-by-land-size,BTN,2019,43193.12,,,,final,"WCA 2020 round, census 2019. FAO flag A: Official figure.",,,2-5
farms.faostat-wcad.area-by-land-size,BTN,2019,13371.74,,,,final,"WCA 2020 round, census 2019. FAO flag A: Official figure.",,,5-10
farms.faostat-wcad.area-by-land-size,BTN,2019,900.74,,,,final,"WCA 2020 round, census 2019. FAO flag A: Official figure.",,,10-20
farms.faostat-wcad.area-by-land-size,BTN,2019,428.69,,,,final,"WCA 2020 round, census 2019. FAO flag A: Official figure.",,,20-50
farms.faostat-wcad.area-by-land-size,BTN,2019,194.63,,,,final,"WCA 2020 round, census 2019. FAO flag A: Official figure.",,,50-100
farms.faostat-wcad.area-by-land-size,BWA,1968/1969,956.37,,,,final,"WCA 1970 round, census 1968/69. FAO flag I: Value imputed by a receiving agency. FAO's note: Area under temporary crops.",,,0-1
farms.faostat-wcad.area-by-land-size,BWA,1968/1969,12664.57,,,,final,"WCA 1970 round, census 1968/69. FAO flag I: Value imputed by a receiving agency. FAO's note: Area under temporary crops.",,,1-2
farms.faostat-wcad.area-by-land-size,BWA,1968/1969,49768.82,,,,final,"WCA 1970 round, census 1968/69. FAO flag I: Value imputed by a receiving agency. FAO's note: Area under temporary crops.",,,2-5
farms.faostat-wcad.area-by-land-size,BWA,1968/1969,153345.23,,,,final,"WCA 1970 round, census 1968/69. FAO flag I: Value imputed by a receiving agency. FAO's note: Area under temporary crops.",,,5-10
farms.faostat-wcad.area-by-land-size,CAN,1931,6290.0,,,,final,"WCA 1930 round, census 1931. FAO flag I: Value imputed by a receiving agency.",,,0-1
farms.faostat-wcad.area-by-land-size,CAN,1951,1224.58,,,,final,"WCA 1950 round, census 1951. FAO flag I: Value imputed by a receiving agency.",,,0-1
farms.faostat-wcad.area-by-land-size,CAN,1961,2047.0,,,,final,"WCA 1960 round, census 1961. FAO flag A: Official figure.",,,0-1
farms.faostat-wcad.area-by-land-size,CAN,1971,2251.83,,,,final,"WCA 1970 round, census 1971. FAO flag I: Value imputed by a receiving agency.",,,0-1
farms.faostat-wcad.area-by-land-size,CAN,1981,1989.99,,,,final,"WCA 1980 round, census 1981. FAO flag I: Value imputed by a receiving agency.",,,0-1
farms.faostat-wcad.area-by-land-size,CAN,2011,1859.0,,,,final,"WCA 2010 round, census 2011. FAO flag I: Value imputed by a receiving agency.",,,0-1
farms.faostat-wcad.area-by-land-size,CAN,2016,1861.0,,,,final,"WCA 2020 round, census 2016. FAO flag I: Value imputed by a receiving agency.",,,0-1
farms.faostat-wcad.area-by-land-size,CAN,2021,1840.61,,,,final,"WCA 2020 round, census 2021. FAO flag I: Value imputed by a receiving agency.",,,0-1
farms.faostat-wcad.area-by-land-size,CAN,1931,12944.0,,,,final,"WCA 1930 round, census 1931. FAO flag I: Value imputed by a receiving agency.",,,1-2
farms.faostat-wcad.area-by-land-size,CAN,1951,16592.63,,,,final,"WCA 1950 round, census 1951. FAO flag I: Value imputed by a receiving agency.",,,1-2
farms.faostat-wcad.area-by-land-size,CAN,1961,8668.0,,,,final,"WCA 1960 round, census 1961. FAO flag A: Official figure.",,,1-2
farms.faostat-wcad.area-by-land-size,CAN,1971,7956.04,,,,final,"WCA 1970 round, census 1971. FAO flag I: Value imputed by a receiving agency.",,,1-2
farms.faostat-wcad.area-by-land-size,CAN,1981,8417.29,,,,final,"WCA 1980 round, census 1981. FAO flag I: Value imputed by a receiving agency.",,,1-2
farms.faostat-wcad.area-by-land-size,CAN,2011,5163.0,,,,final,"WCA 2010 round, census 2011. FAO flag I: Value imputed by a receiving agency.",,,1-2
farms.faostat-wcad.area-by-land-size,CAN,2016,5170.0,,,,final,"WCA 2020 round, census 2016. FAO flag I: Value imputed by a receiving agency.",,,1-2
farms.faostat-wcad.area-by-land-size,CAN,2021,5113.61,,,,final,"WCA 2020 round, census 2021. FAO flag I: Value imputed by a receiving agency.",,,1-2
farms.faostat-wcad.area-by-land-size,CAN,2011,7205.0,,,,final,"WCA 2010 round, census 2011. FAO flag I: Value imputed by a receiving agency.",,,2-3
farms.faostat-wcad.area-by-land-size,CAN,2016,7215.0,,,,final,"WCA 2020 round, census 2016. FAO flag I: Value imputed by a receiving agency.",,,2-3
farms.faostat-wcad.area-by-land-size,CAN,2011,8522.0,,,,final,"WCA 2010 round, census 2011. FAO flag I: Value imputed by a receiving agency.",,,3-4
farms.faostat-wcad.area-by-land-size,CAN,2016,8533.0,,,,final,"WCA 2020 round, census 2016. FAO flag I: Value imputed by a receiving agency.",,,3-4
farms.faostat-wcad.area-by-land-size,CAN,2011,16509.0,,,,final,"WCA 2010 round, census 2011. FAO flag I: Value imputed by a receiving agency.",,,4-5
farms.faostat-wcad.area-by-land-size,CAN,2016,16245.0,,,,final,"WCA 2020 round, census 2016. FAO flag I: Value imputed by a receiving agency.",,,4-5
farms.faostat-wcad.area-by-land-size,CAN,1931,126534.0,,,,final,"WCA 1930 round, census 1931. FAO flag I: Value imputed by a receiving agency.",,,2-5
farms.faostat-wcad.area-by-land-size,CAN,1951,133219.5,,,,final,"WCA 1950 round, census 1951. FAO flag I: Value imputed by a receiving agency.",,,2-5
farms.faostat-wcad.area-by-land-size,CAN,1961,28703.0,,,,final,"WCA 1960 round, census 1961. FAO flag A: Official figure.",,,2-5
farms.faostat-wcad.area-by-land-size,CAN,1971,61541.38,,,,final,"WCA 1970 round, census 1971. FAO flag I: Value imputed by a receiving agency.",,,2-5
farms.faostat-wcad.area-by-land-size,CAN,1981,57031.0,,,,final,"WCA 1980 round, census 1981. FAO flag I: Value imputed by a receiving agency.",,,2-5
farms.faostat-wcad.area-by-land-size,CAN,2021,32059.31,,,,final,"WCA 2020 round, census 2021. FAO flag I: Value imputed by a receiving agency.",,,2-5
farms.faostat-wcad.area-by-land-size,CAN,1931,426462.0,,,,final,"WCA 1930 round, census 1931. FAO flag I: Value imputed by a receiving agency.",,,5-10
farms.faostat-wcad.area-by-land-size,CAN,1951,382711.68,,,,final,"WCA 1950 round, census 1951. FAO flag I: Value imputed by a receiving agency.",,,5-10
farms.faostat-wcad.area-by-land-size,CAN,1961,80009.0,,,,final,"WCA 1960 round, census 1961. FAO flag A: Official figure.",,,5-10
farms.faostat-wcad.area-by-land-size,CAN,1971,176360.37,,,,final,"WCA 1970 round, census 1971. FAO flag I: Value imputed by a receiving agency.",,,5-10
farms.faostat-wcad.area-by-land-size,CAN,1981,161863.23,,,,final,"WCA 1980 round, census 1981. FAO flag I: Value imputed by a receiving agency.",,,5-10
farms.faostat-wcad.area-by-land-size,CAN,2011,93423.0,,,,final,"WCA 2010 round, census 2011. FAO flag I: Value imputed by a receiving agency.",,,5-10
farms.faostat-wcad.area-by-land-size,CAN,2016,91931.0,,,,final,"WCA 2020 round, census 2016. FAO flag I: Value imputed by a receiving agency.",,,5-10
farms.faostat-wcad.area-by-land-size,CAN,2021,93279.7,,,,final,"WCA 2020 round, census 2021. FAO flag I: Value imputed by a receiving agency.",,,5-10
farms.faostat-wcad.area-by-land-size,CAN,1931,608357.0,,,,final,"WCA 1930 round, census 1931. FAO flag I: Value imputed by a receiving agency.",,,10-20
farms.faostat-wcad.area-by-land-size,CAN,1951,480848.99,,,,final,"WCA 1950 round, census 1951. FAO flag I: Value imputed by a receiving agency.",,,10-20
farms.faostat-wcad.area-by-land-size,CAN,1961,315451.0,,,,final,"WCA 1960 round, census 1961. FAO flag A: Official figure.",,,10-20
farms.faostat-wcad.area-by-land-size,CAN,1971,219527.72,,,,final,"WCA 1970 round, census 1971. FAO flag I: Value imputed by a receiving agency.",,,10-20
farms.faostat-wcad.area-by-land-size,CAN,1981,227691.95,,,,final,"WCA 1980 round, census 1981. FAO flag I: Value imputed by a receiving agency.",,,10-20
farms.faostat-wcad.area-by-land-size,CAN,2011,194128.0,,,,final,"WCA 2010 round, census 2011. FAO flag I: Value imputed by a receiving agency.",,,10-20
farms.faostat-wcad.area-by-land-size,CAN,2016,191028.0,,,,final,"WCA 2020 round, census 2016. FAO flag I: Value imputed by a receiving agency.",,,10-20
farms.faostat-wcad.area-by-land-size,CAN,2021,193829.71,,,,final,"WCA 2020 round, census 2021. FAO flag I: Value imputed by a receiving agency.",,,10-20
farms.faostat-wcad.area-by-land-size,CAN,1931,9571993.0,,,,final,"WCA 1930 round, census 1931. FAO flag I: Value imputed by a receiving agency.",,,20-50
farms.faostat-wcad.area-by-land-size,CAN,1951,7616157.34,,,,final,"WCA 1950 round, census 1951. FAO flag I: Value imputed by a receiving agency.",,,20-50
farms.faostat-wcad.area-by-land-size,CAN,1961,4212566.0,,,,final,"WCA 1960 round, census 1961. FAO flag A: Official figure.",,,20-50
farms.faostat-wcad.area-by-land-size,CAN,1971,3514670.08,,,,final,"WCA 1970 round, census 1971. FAO flag I: Value imputed by a receiving agency.",,,20-50
farms.faostat-wcad.area-by-land-size,CAN,1981,2670476.4,,,,final,"WCA 1980 round, census 1981. FAO flag I: Value imputed by a receiving agency.",,,20-50
farms.faostat-wcad.area-by-land-size,CAN,2011,986638.0,,,,final,"WCA 2010 round, census 2011. FAO flag I: Value imputed by a receiving agency.",,,20-50
farms.faostat-wcad.area-by-land-size,CAN,2016,925749.0,,,,final,"WCA 2020 round, census 2016. FAO flag I: Value imputed by a receiving agency.",,,20-50
farms.faostat-wcad.area-by-land-size,CAN,2021,960368.07,,,,final,"WCA 2020 round, census 2021. FAO flag I: Value imputed by a receiving agency.",,,20-50
farms.faostat-wcad.area-by-land-size,CAN,1931,12190011.0,,,,final,"WCA 1930 round, census 1931. FAO flag I: Value imputed by a receiving agency.",,,50-100
farms.faostat-wcad.area-by-land-size,CAN,1951,9338091.35,,,,final,"WCA 1950 round, census 1951. FAO flag I: Value imputed by a receiving agency.",,,50-100
farms.faostat-wcad.area-by-land-size,CAN,1961,8296635.0,,,,final,"WCA 1960 round, census 1961. FAO flag A: Official figure.",,,50-100
farms.faostat-wcad.area-by-land-size,CAN,1971,4507460.99,,,,final,"WCA 1970 round, census 1971. FAO flag I: Value imputed by a receiving agency.",,,50-100
farms.faostat-wcad.area-by-land-size,CAN,1981,3540821.11,,,,final,"WCA 1980 round, census 1981. FAO flag I: Value imputed by a receiving agency.",,,50-100
farms.faostat-wcad.area-by-land-size,CAN,2011,2616841.0,,,,final,"WCA 2010 round, census 2011. FAO flag I: Value imputed by a receiving agency.",,,50-100
farms.faostat-wcad.area-by-land-size,CAN,2016,2405308.0,,,,final,"WCA 2020 round, census 2016. FAO flag I: Value imputed by a receiving agency.",,,50-100
farms.faostat-wcad.area-by-land-size,CAN,2021,2353400.17,,,,final,"WCA 2020 round, census 2021. FAO flag I: Value imputed by a receiving agency.",,,50-100
farms.faostat-wcad.area-by-land-size,CAN,1931,16429243.0,,,,final,"WCA 1930 round, census 1931. FAO flag I: Value imputed by a receiving agency.",,,100-200
farms.faostat-wcad.area-by-land-size,CAN,1951,18144541.6,,,,final,"WCA 1950 round, census 1951. FAO flag I: Value imputed by a receiving agency.",,,100-200
farms.faostat-wcad.area-by-land-size,CAN,1961,18182256.0,,,,final,"WCA 1960 round, census 1961. FAO flag A: Official figure.",,,100-200
farms.faostat-wcad.area-by-land-size,CAN,1971,11797097.25,,,,final,"WCA 1970 round, census 1971. FAO flag I: Value imputed by a receiving agency.",,,100-200
farms.faostat-wcad.area-by-land-size,CAN,1981,8897250.88,,,,final,"WCA 1980 round, census 1981. FAO flag I: Value imputed by a receiving agency.",,,100-200
farms.faostat-wcad.area-by-land-size,CAN,2011,4729120.0,,,,final,"WCA 2010 round, census 2011. FAO flag I: Value imputed by a receiving agency.",,,100-200
farms.faostat-wcad.area-by-land-size,CAN,2016,4326100.0,,,,final,"WCA 2020 round, census 2016. FAO flag I: Value imputed by a receiving agency.",,,100-200
farms.faostat-wcad.area-by-land-size,CAN,2021,4115648.84,,,,final,"WCA 2020 round, census 2021. FAO flag I: Value imputed by a receiving agency.",,,100-200
farms.faostat-wcad.area-by-land-size,CAN,1931,26638133.0,,,,final,"WCA 1930 round, census 1931. FAO flag I: Value imputed by a receiving agency.",,,200-500
farms.faostat-wcad.area-by-land-size,CAN,1951,34319812.34,,,,final,"WCA 1950 round, census 1951. FAO flag I: Value imputed by a receiving agency.",,,200-500
farms.faostat-wcad.area-by-land-size,CAN,1961,20650462.0,,,,final,"WCA 1960 round, census 1961. FAO flag A: Official figure.",,,200-500
farms.faostat-wcad.area-by-land-size,CAN,1971,24368536.87,,,,final,"WCA 1970 round, census 1971. FAO flag I: Value imputed by a receiving agency.",,,200-500
farms.faostat-wcad.area-by-land-size,CAN,1981,20977983.59,,,,final,"WCA 1980 round, census 1981. FAO flag I: Value imputed by a receiving agency.",,,200-500
farms.faostat-wcad.area-by-land-size,CAN,2011,10772229.0,,,,final,"WCA 2010 round, census 2011. FAO flag I: Value imputed by a receiving agency.",,,200-500
farms.faostat-wcad.area-by-land-size,CAN,2016,9776067.0,,,,final,"WCA 2020 round, census 2016. FAO flag I: Value imputed by a receiving agency.",,,200-500
farms.faostat-wcad.area-by-land-size,CAN,2021,9380708.84,,,,final,"WCA 2020 round, census 2021. FAO flag I: Value imputed by a receiving agency.",,,200-500
farms.faostat-wcad.area-by-land-size,CAN,1961,8862162.0,,,,final,"WCA 1960 round, census 1961. FAO flag A: Official figure.",,,500-1000
farms.faostat-wcad.area-by-land-size,CAN,1971,24007788.47,,,,final,"WCA 1970 round, census 1971. FAO flag I: Value imputed by a receiving agency.",,,500-1000
farms.faostat-wcad.area-by-land-size,CAN,1981,29345390.56,,,,final,"WCA 1980 round, census 1981. FAO flag I: Value imputed by a receiving agency.",,,500-1000
farms.faostat-wcad.area-by-land-size,CAN,2011,13262486.0,,,,final,"WCA 2010 round, census 2011. FAO flag I: Value imputed by a receiving agency.",,,500-1000
farms.faostat-wcad.area-by-land-size,CAN,2016,12051064.0,,,,final,"WCA 2020 round, census 2016. FAO flag I: Value imputed by a receiving agency.",,,500-1000
farms.faostat-wcad.area-by-land-size,CAN,2021,11280553.46,,,,final,"WCA 2020 round, census 2021. FAO flag I: Value imputed by a receiving agency.",,,500-1000
farms.faostat-wcad.area-by-land-size,CAN,2011,32118600.0,,,,final,"WCA 2010 round, census 2011. FAO flag I: Value imputed by a receiving agency.",,,1000-2500
farms.faostat-wcad.area-by-land-size,CAN,2016,34426678.0,,,,final,"WCA 2020 round, census 2016. FAO flag I: Value imputed by a receiving agency.",,,1000-2500
farms.faostat-wcad.area-by-land-size,CAN,1961,9189000.0,,,,final,"WCA 1960 round, census 1961. FAO flag A: Official figure.",,,1000-plus
farms.faostat-wcad.area-by-land-size,CAN,2021,33778423.67,,,,final,"WCA 2020 round, census 2021. FAO flag I: Value imputed by a receiving agency.",,,1000-plus
farms.faostat-wcad.area-by-land-size,CHE,1929,22341.0,,,,final,"WCA 1930 round, census 1929. FAO flag A: Official figure. FAO's note: Productive area only",,,0-1
farms.faostat-wcad.area-by-land-size,CHE,1969,14394.97,,,,final,"WCA 1970 round, census 1969. FAO flag I: Value imputed by a receiving agency.",,,0-1
farms.faostat-wcad.area-by-land-size,CHE,1980,11584.0,,,,final,"WCA 1980 round, census 1980. FAO flag A: Official figure.",,,0-1
farms.faostat-wcad.area-by-land-size,CHE,1990,8236.0,,,,final,"WCA 1990 round, census 1990. FAO flag I: Value imputed by a receiving agency. FAO's note: Productive area.",,,0-1
farms.faostat-wcad.area-by-land-size,CHE,2010,1990.0,,,,final,"WCA 2010 round, census 2010. FAO flag I: Value imputed by a receiving agency. FAO's note: UAA",,,0-1
farms.faostat-wcad.area-by-land-size,CHE,1929,61710.0,,,,final,"WCA 1930 round, census 1929. FAO flag I: Value imputed by a receiving agency. FAO's note: Holdings with a productive area only.",,,1-2
farms.faostat-wcad.area-by-land-size,CHE,1969,20627.65,,,,final,"WCA 1970 round, census 1969. FAO flag I: Value imputed by a receiving agency.",,,1-2
farms.faostat-wcad.area-by-land-size,CHE,1980,15124.0,,,,final,"WCA 1980 round, census 1980. FAO flag A: Official figure.",,,1-2
farms.faostat-wcad.area-by-land-size,CHE,1990,12760.0,,,,final,"WCA 1990 round, census 1990. FAO flag I: Value imputed by a receiving agency. FAO's note: Productive area.",,,1-2
farms.faostat-wcad.area-by-land-size,CHE,2010,3980.0,,,,final,"WCA 2010 round, census 2010. FAO flag A: Official figure. FAO's note: UAA",,,1-2
farms.faostat-wcad.area-by-land-size,CHE,2010,5840.0,,,,final,"WCA 2010 round, census 2010. FAO flag I: Value imputed by a receiving agency. FAO's note: UAA",,,2-3
farms.faostat-wcad.area-by-land-size,CHE,2010,5810.0,,,,final,"WCA 2010 round, census 2010. FAO flag I: Value imputed by a receiving agency. FAO's note: UAA",,,3-4
farms.faostat-wcad.area-by-land-size,CHE,2010,5579.0,,,,final,"WCA 2010 round, census 2010. FAO flag I: Value imputed by a receiving agency. FAO's note: UAA",,,4-5
farms.faostat-wcad.area-by-land-size,CHE,1929,216485.0,,,,final,"WCA 1930 round, census 1929. FAO flag I: Value imputed by a receiving agency. FAO's note: Productive area only",,,2-5
farms.faostat-wcad.area-by-land-size,CHE,1969,79953.62,,,,final,"WCA 1970 round, census 1969. FAO flag I: Value imputed by a receiving agency.",,,2-5
farms.faostat-wcad.area-by-land-size,CHE,1980,53647.0,,,,final,"WCA 1980 round, census 1980. FAO flag A: Official figure.",,,2-5
farms.faostat-wcad.area-by-land-size,CHE,1990,39985.0,,,,final,"WCA 1990 round, census 1990. FAO flag I: Value imputed by a receiving agency. FAO's note: Productive area.",,,2-5
farms.faostat-wcad.area-by-land-size,CHE,1929,410556.0,,,,final,"WCA 1930 round, census 1929. FAO flag A: Official figure. FAO's note: Productive area only",,,5-10
farms.faostat-wcad.area-by-land-size,CHE,1969,257125.37,,,,final,"WCA 1970 round, census 1969. FAO flag I: Value imputed by a receiving agency.",,,5-10
farms.faostat-wcad.area-by-land-size,CHE,1980,153415.0,,,,final,"WCA 1980 round, census 1980. FAO flag A: Official figure.",,,5-10
farms.faostat-wcad.area-by-land-size,CHE,1990,117567.0,,,,final,"WCA 1990 round, census 1990. FAO flag A: Official figure. FAO's note: Productive area",,,5-10
farms.faostat-wcad.area-by-land-size,CHE,2010,70570.0,,,,final,"WCA 2010 round, census 2010. FAO flag A: Official figure. FAO's note: UAA",,,5-10
farms.faostat-wcad.area-by-land-size,CHE,1929,399262.0,,,,final,"WCA 1930 round, census 1929. FAO flag A: Official figure. FAO's note: Holdings with a productive area only.",,,10-20
farms.faostat-wcad.area-by-land-size,CHE,1969,537812.48,,,,final,"WCA 1970 round, census 1969. FAO flag I: Value imputed by a receiving agency.",,,10-20
farms.faostat-wcad.area-by-land-size,CHE,1980,501097.0,,,,final,"WCA 1980 round, census 1980. FAO flag A: Official figure.",,,10-20
farms.faostat-wcad.area-by-land-size,CHE,1990,456887.0,,,,final,"WCA 1990 round, census 1990. FAO flag A: Official figure. FAO's note: Productive area",,,10-20
farms.faostat-wcad.area-by-land-size,CHE,2010,286320.0,,,,final,"WCA 2010 round, census 2010. FAO flag A: Official figure. FAO's note: UAA",,,10-20
farms.faostat-wcad.area-by-land-size,CHE,1929,216142.0,,,,final,"WCA 1930 round, census 1929. FAO flag A: Official figure. FAO's note: Productive area only",,,20-50
farms.faostat-wcad.area-by-land-size,CHE,1969,314395.01,,,,final,"WCA 1970 round, census 1969. FAO flag I: Value imputed by a receiving agency.",,,20-50
farms.faostat-wcad.area-by-land-size,CHE,1980,461134.0,,,,final,"WCA 1980 round, census 1980. FAO flag A: Official figure.",,,20-50
farms.faostat-wcad.area-by-land-size,CHE,1990,539443.0,,,,final,"WCA 1990 round, census 1990. FAO flag A: Official figure. FAO's note: Productive area",,,20-50
farms.faostat-wcad.area-by-land-size,CHE,2010,537710.0,,,,final,"WCA 2010 round, census 2010. FAO flag A: Official figure. FAO's note: UAA",,,20-50
farms.faostat-wcad.area-by-land-size,CHE,1929,107692.0,,,,final,"WCA 1930 round, census 1929. FAO flag A: Official figure. FAO's note: Productive area only",,,50-100
farms.faostat-wcad.area-by-land-size,CHE,1969,45821.13,,,,final,"WCA 1970 round, census 1969. FAO flag I: Value imputed by a receiving agency.",,,50-100
farms.faostat-wcad.area-by-land-size,CHE,1980,58723.0,,,,final,"WCA 1980 round, census 1980. FAO flag A: Official figure.",,,50-100
farms.faostat-wcad.area-by-land-size,CHE,1990,70112.0,,,,final,"WCA 1990 round, census 1990. FAO flag A: Official figure. FAO's note: Productive area",,,50-100
farms.faostat-wcad.area-by-land-size,CHE,2010,115320.0,,,,final,"WCA 2010 round, census 2010. FAO flag A: Official figure. FAO's note: UAA",,,50-100
farms.faostat-wcad.area-by-land-size,CHE,1969,12183.05,,,,final,"WCA 1970 round, census 1969. FAO flag I: Value imputed by a receiving agency.",,,100-200
farms.faostat-wcad.area-by-land-size,CHE,1980,11729.0,,,,final,"WCA 1980 round, census 1980. FAO flag A: Official figure.",,,100-200
farms.faostat-wcad.area-by-land-size,CHE,1990,17177.0,,,,final,"WCA 1990 round, census 1990. FAO flag A: Official figure. FAO's note: Productive area",,,100-200
farms.faostat-wcad.area-by-land-size,CHE,2010,16670.0,,,,final,"WCA 2010 round, census 2010. FAO flag A: Official figure. FAO's note: UAA",,,100-200
farms.faostat-wcad.area-by-land-size,CHE,1969,9796.72,,,,final,"WCA 1970 round, census 1969. FAO flag I: Value imputed by a receiving agency.",,,200-500
farms.faostat-wcad.area-by-land-size,CHE,1980,5092.0,,,,final,"WCA 1980 round, census 1980. FAO flag A: Official figure.",,,200-500
farms.faostat-wcad.area-by-land-size,CHL,1929/1930,16371.0,,,,final,"WCA 1930 round, census 1929/30. FAO flag I: Value imputed by a receiving agency.",,,0-1
farms.faostat-wcad.area-by-land-size,CHL,1964/1965,22401.0,,,,final,"WCA 1960 round, census 1964/65. FAO flag A: Official figure. FAO's note: Includes holdings without land",,,0-1
farms.faostat-wcad.area-by-land-size,CHL,1997,20944.0,,,,final,"WCA 2000 round, census 1997. FAO flag I: Value imputed by a receiving agency.",,,0-1
farms.faostat-wcad.area-by-land-size,CHL,2006/2007,17924.0,,,,final,"WCA 2010 round, census 2006/07. FAO flag A: Official figure.",,,0-1
farms.faostat-wcad.area-by-land-size,CHL,2021,4813.0,,,,final,"WCA 2020 round, census 2021. FAO flag A: Official figure.",,,0-1
farms.faostat-wcad.area-by-land-size,CHL,1929/1930,19789.0,,,,final,"WCA 1930 round, census 1929/30. FAO flag I: Value imputed by a receiving agency.",,,1-2
farms.faostat-wcad.area-by-land-size,CHL,1964/1965,46100.0,,,,final,"WCA 1960 round, census 1964/65. FAO flag A: Official figure.",,,1-2
farms.faostat-wcad.area-by-land-size,CHL,1997,43145.0,,,,final,"WCA 2000 round, census 1997. FAO flag I: Value imputed by a receiving agency.",,,1-2
farms.faostat-wcad.area-by-land-size,CHL,2006/2007,66060.0,,,,final,"WCA 2010 round, census 2006/07. FAO flag I: Value imputed by a receiving agency.",,,1-2
farms.faostat-wcad.area-by-land-size,CHL,2021,35467.34,,,,final,"WCA 2020 round, census 2021. FAO flag I: Value imputed by a receiving agency.",,,1-2
farms.faostat-wcad.area-by-land-size,CHL,2006/2007,54721.0,,,,final,"WCA 2010 round, census 2006/07. FAO flag I: Value imputed by a receiving agency.",,,2-3
farms.faostat-wcad.area-by-land-size,CHL,2006/2007,47224.0,,,,final,"WCA 2010 round, census 2006/07. FAO flag I: Value imputed by a receiving agency.",,,3-4
farms.faostat-wcad.area-by-land-size,CHL,2006/2007,41794.0,,,,final,"WCA 2010 round, census 2006/07. FAO flag I: Value imputed by a receiving agency.",,,4-5
farms.faostat-wcad.area-by-land-size,CHL,1929/1930,53977.0,,,,final,"WCA 1930 round, census 1929/30. FAO flag I: Value imputed by a receiving agency.",,,2-5
farms.faostat-wcad.area-by-land-size,CHL,1964/1965,138500.0,,,,final,"WCA 1960 round, census 1964/65. FAO flag A: Official figure.",,,2-5
farms.faostat-wcad.area-by-land-size,CHL,1997,174216.0,,,,final,"WCA 2000 round, census 1997. FAO flag I: Value imputed by a receiving agency.",,,2-5
farms.faostat-wcad.area-by-land-size,CHL,2021,76904.66,,,,final,"WCA 2020 round, census 2021. FAO flag I: Value imputed by a receiving agency.",,,2-5
farms.faostat-wcad.area-by-land-size,CHL,1929/1930,213279.0,,,,final,"WCA 1930 round, census 1929/30. FAO flag I: Value imputed by a receiving agency.",,,5-10
farms.faostat-wcad.area-by-land-size,CHL,1964/1965,230300.0,,,,final,"WCA 1960 round, census 1964/65. FAO flag A: Official figure.",,,5-10
farms.faostat-wcad.area-by-land-size,CHL,1997,355137.0,,,,final,"WCA 2000 round, census 1997. FAO flag A: Official figure.",,,5-10
farms.faostat-wcad.area-by-land-size,CHL,2006/2007,325200.0,,,,final,"WCA 2010 round, census 2006/07. FAO flag A: Official figure.",,,5-10
farms.faostat-wcad.area-by-land-size,CHL,2021,187204.0,,,,final,"WCA 2020 round, census 2021. FAO flag A: Official figure.",,,5-10
farms.faostat-wcad.area-by-land-size,CHL,1929/1930,317604.0,,,,final,"WCA 1930 round, census 1929/30. FAO flag I: Value imputed by a receiving agency.",,,10-20
farms.faostat-wcad.area-by-land-size,CHL,1964/1965,413800.0,,,,final,"WCA 1960 round, census 1964/65. FAO flag A: Official figure.",,,10-20
farms.faostat-wcad.area-by-land-size,CHL,1997,672098.0,,,,final,"WCA 2000 round, census 1997. FAO flag A: Official figure.",,,10-20
farms.faostat-wcad.area-by-land-size,CHL,2006/2007,595899.0,,,,final,"WCA 2010 round, census 2006/07. FAO flag A: Official figure.",,,10-20
farms.faostat-wcad.area-by-land-size,CHL,2021,328165.0,,,,final,"WCA 2020 round, census 2021. FAO flag A: Official figure.",,,10-20
farms.faostat-wcad.area-by-land-size,CHL,1929/1930,588628.0,,,,final,"WCA 1930 round, census 1929/30. FAO flag I: Value imputed by a receiving agency.",,,20-50
farms.faostat-wcad.area-by-land-size,CHL,1964/1965,911900.0,,,,final,"WCA 1960 round, census 1964/65. FAO flag A: Official figure.",,,20-50
farms.faostat-wcad.area-by-land-size,CHL,1997,1363334.0,,,,final,"WCA 2000 round, census 1997. FAO flag A: Official figure.",,,20-50
farms.faostat-wcad.area-by-land-size,CHL,2006/2007,1145153.0,,,,final,"WCA 2010 round, census 2006/07. FAO flag A: Official figure.",,,20-50
farms.faostat-wcad.area-by-land-size,CHL,2021,583233.0,,,,final,"WCA 2020 round, census 2021. FAO flag A: Official figure.",,,20-50
farms.faostat-wcad.area-by-land-size,CHL,1929/1930,786121.0,,,,final,"WCA 1930 round, census 1929/30. FAO flag I: Value imputed by a receiving agency.",,,50-100
farms.faostat-wcad.area-by-land-size,CHL,1964/1965,1022500.0,,,,final,"WCA 1960 round, census 1964/65. FAO flag A: Official figure.",,,50-100
farms.faostat-wcad.area-by-land-size,CHL,1997,1290506.0,,,,final,"WCA 2000 round, census 1997. FAO flag A: Official figure.",,,50-100
farms.faostat-wcad.area-by-land-size,CHL,2006/2007,1028222.0,,,,final,"WCA 2010 round, census 2006/07. FAO flag A: Official figure.",,,50-100
farms.faostat-wcad.area-by-land-size,CHL,2021,535992.0,,,,final,"WCA 2020 round, census 2021. FAO flag A: Official figure.",,,50-100
farms.faostat-wcad.area-by-land-size,CHL,1929/1930,852073.0,,,,final,"WCA 1930 round, census 1929/30. FAO flag I: Value imputed by a receiving agency.",,,100-200
farms.faostat-wcad.area-by-land-size,CHL,1964/1965,1261500.0,,,,final,"WCA 1960 round, census 1964/65. FAO flag A: Official figure.",,,100-200
farms.faostat-wcad.area-by-land-size,CHL,1997,1356763.0,,,,final,"WCA 2000 round, census 1997. FAO flag A: Official figure.",,,100-200
farms.faostat-wcad.area-by-land-size,CHL,2006/2007,1125248.0,,,,final,"WCA 2010 round, census 2006/07. FAO flag A: Official figure.",,,100-200
farms.faostat-wcad.area-by-land-size,CHL,2021,600644.0,,,,final,"WCA 2020 round, census 2021. FAO flag A: Official figure.",,,100-200
farms.faostat-wcad.area-by-land-size,CHL,1929/1930,1939389.0,,,,final,"WCA 1930 round, census 1929/30. FAO flag I: Value imputed by a receiving agency.",,,200-500
farms.faostat-wcad.area-by-land-size,CHL,1964/1965,2167500.0,,,,final,"WCA 1960 round, census 1964/65. FAO flag A: Official figure.",,,200-500
farms.faostat-wcad.area-by-land-size,CHL,1997,1985089.0,,,,final,"WCA 2000 round, census 1997. FAO flag A: Official figure.",,,200-500
farms.faostat-wcad.area-by-land-size,CHL,2006/2007,1736509.0,,,,final,"WCA 2010 round, census 2006/07. FAO flag A: Official figure.",,,200-500
farms.faostat-wcad.area-by-land-size,CHL,2021,946854.0,,,,final,"WCA 2020 round, census 2021. FAO flag A: Official figure.",,,200-500
farms.faostat-wcad.area-by-land-size,CHL,1929/1930,1242684.0,,,,final,"WCA 1930 round, census 1929/30. FAO flag I: Value imputed by a receiving agency.",,,500-1000
farms.faostat-wcad.area-by-land-size,CHL,1964/1965,2143400.0,,,,final,"WCA 1960 round, census 1964/65. FAO flag A: Official figure.",,,500-1000
farms.faostat-wcad.area-by-land-size,CHL,1997,1625089.0,,,,final,"WCA 2000 round, census 1997. FAO flag A: Official figure.",,,500-1000
farms.faostat-wcad.area-by-land-size,CHL,2006/2007,1414035.0,,,,final,"WCA 2010 round, census 2006/07. FAO flag A: Official figure.",,,500-1000
farms.faostat-wcad.area-by-land-size,CHL,2021,854083.0,,,,final,"WCA 2020 round, census 2021. FAO flag A: Official figure.",,,500-1000
farms.faostat-wcad.area-by-land-size,CHL,2006/2007,22183702.0,,,,final,"WCA 2010 round, census 2006/07. FAO flag A: Official figure.",,,1000-2500
farms.faostat-wcad.area-by-land-size,CHL,1929/1930,21283551.0,,,,final,"WCA 1930 round, census 1929/30. FAO flag I: Value imputed by a receiving agency.",,,1000-plus
farms.faostat-wcad.area-by-land-size,CHL,1964/1965,22286230.0,,,,final,"WCA 1960 round, census 1964/65. FAO flag A: Official figure.",,,1000-plus
farms.faostat-wcad.area-by-land-size,CHL,1997,17616042.0,,,,final,"WCA 2000 round, census 1997. FAO flag A: Official figure.",,,1000-plus
farms.faostat-wcad.area-by-land-size,CHL,2021,41589206.0,,,,final,"WCA 2020 round, census 2021. FAO flag A: Official figure.",,,1000-plus
farms.faostat-wcad.area-by-land-size,CIV,1973/1974,30327.0,,,,final,"WCA 1970 round, census 1973/74. FAO flag A: Official figure.",,,0-1
farms.faostat-wcad.area-by-land-size,CIV,2001,202483.0,,,,final,"WCA 2000 round, census 2001. FAO flag I: Value imputed by a receiving agency. FAO's note: Cultivated land.",,,0-1
farms.faostat-wcad.area-by-land-size,CIV,1973/1974,135052.0,,,,final,"WCA 1970 round, census 1973/74. FAO flag A: Official figure.",,,1-2
farms.faostat-wcad.area-by-land-size,CIV,2001,235993.0,,,,final,"WCA 2000 round, census 2001. FAO flag A: Official figure. FAO's note: Cultivated land",,,1-2
farms.faostat-wcad.area-by-land-size,CIV,1973/1974,701128.0,,,,final,"WCA 1970 round, census 1973/74. FAO flag A: Official figure.",,,2-5
farms.faostat-wcad.area-by-land-size,CIV,2001,672454.0,,,,final,"WCA 2000 round, census 2001. FAO flag I: Value imputed by a receiving agency. FAO's note: Cultivated land.",,,2-5
farms.faostat-wcad.area-by-land-size,CIV,1973/1974,942058.0,,,,final,"WCA 1970 round, census 1973/74. FAO flag A: Official figure.",,,5-10
farms.faostat-wcad.area-by-land-size,CIV,2001,967115.0,,,,final,"WCA 2000 round, census 2001. FAO flag A: Official figure. FAO's note: Cultivated land",,,5-10
farms.faostat-wcad.area-by-land-size,CIV,1973/1974,674050.0,,,,final,"WCA 1970 round, census 1973/74. FAO flag A: Official figure.",,,10-20
farms.faostat-wcad.area-by-land-size,CIV,2001,1178444.0,,,,final,"WCA 2000 round, census 2001. FAO flag A: Official figure. FAO's note: Cultivated land",,,10-20
farms.faostat-wcad.area-by-land-size,CIV,1973/1974,253176.0,,,,final,"WCA 1970 round, census 1973/74. FAO flag A: Official figure.",,,20-50
farms.faostat-wcad.area-by-land-size,CIV,2001,1095174.0,,,,final,"WCA 2000 round, census 2001. FAO flag A: Official figure. FAO's note: Cultivated land",,,20-50
farms.faostat-wcad.area-by-land-size,CIV,1973/1974,17700.0,,,,final,"WCA 1970 round, census 1973/74. FAO flag A: Official figure.",,,50-100
farms.faostat-wcad.area-by-land-size,CMR,1972/1973,204017.0,,,,final,"WCA 1970 round, census 1972/73. FAO flag A: Official figure. FAO's note: Cultivated land",,,0-1
farms.faostat-wcad.area-by-land-size,CMR,1972/1973,405488.0,,,,final,"WCA 1970 round, census 1972/73. FAO flag A: Official figure. FAO's note: Cultivated land",,,1-2
farms.faostat-wcad.area-by-land-size,CMR,1972/1973,638488.0,,,,final,"WCA 1970 round, census 1972/73. FAO flag A: Official figure. FAO's note: Cultivated land",,,2-5
farms.faostat-wcad.area-by-land-size,CMR,1972/1973,191796.0,,,,final,"WCA 1970 round, census 1972/73. FAO flag A: Official figure. FAO's note: Cultivated land",,,5-10
farms.faostat-wcad.area-by-land-size,CMR,1972/1973,40769.0,,,,final,"WCA 1970 round, census 1972/73. FAO flag A: Official figure. FAO's note: Cultivated land",,,10-20
farms.faostat-wcad.area-by-land-size,COD,1971,685007.0,,,,final,"WCA 1970 round, census 1971. FAO flag A: Official figure.",,,0-1
farms.faostat-wcad.area-by-land-size,COD,1990,1500400.0,,,,final,"WCA 1990 round, census 1990. FAO flag A: Official figure. FAO's note: Cultivated area",,,0-1
farms.faostat-wcad.area-by-land-size,COD,1971,1448857.0,,,,final,"WCA 1970 round, census 1971. FAO flag A: Official figure.",,,1-2
farms.faostat-wcad.area-by-land-size,COD,1990,552500.0,,,,final,"WCA 1990 round, census 1990. FAO flag A: Official figure. FAO's note: Cultivated area",,,1-2
farms.faostat-wcad.area-by-land-size,COD,1971,1417754.0,,,,final,"WCA 1970 round, census 1971. FAO flag A: Official figure.",,,2-5
farms.faostat-wcad.area-by-land-size,COD,1990,334800.0,,,,final,"WCA 1990 round, census 1990. FAO flag A: Official figure. FAO's note: Cultivated area",,,2-5
farms.faostat-wcad.area-by-land-size,COD,1971,200192.0,,,,final,"WCA 1970 round, census 1971. FAO flag A: Official figure.",,,5-10
farms.faostat-wcad.area-by-land-size,COD,1971,70106.0,,,,final,"WCA 1970 round, census 1971. FAO flag A: Official figure.",,,10-20
farms.faostat-wcad.area-by-land-size,COD,1971,3741.0,,,,final,"WCA 1970 round, census 1971. FAO flag A: Official figure.",,,20-50
farms.faostat-wcad.area-by-land-size,COD,1971,10574.0,,,,final,"WCA 1970 round, census 1971. FAO flag A: Official figure.",,,50-100
farms.faostat-wcad.area-by-land-size,COD,1971,31596.51,,,,final,"WCA 1970 round, census 1971. FAO flag I: Value imputed by a receiving agency.",,,100-200
farms.faostat-wcad.area-by-land-size,COD,1971,48800.49,,,,final,"WCA 1970 round, census 1971. FAO flag I: Value imputed by a receiving agency.",,,200-500
farms.faostat-wcad.area-by-land-size,COD,1971,55949.0,,,,final,"WCA 1970 round, census 1971. FAO flag A: Official figure.",,,500-1000
farms.faostat-wcad.area-by-land-size,COD,1971,1923604.0,,,,final,"WCA 1970 round, census 1971. FAO flag A: Official figure.",,,1000-plus
farms.faostat-wcad.area-by-land-size,COG,1972/1973,35431.0,,,,final,"WCA 1970 round, census 1972/73. FAO flag A: Official figure.",,,0-1
farms.faostat-wcad.area-by-land-size,COG,2014/2015,34535.0,,,,final,"WCA 2010 round, census 2014/15. FAO flag A: Official figure.",,,0-1
farms.faostat-wcad.area-by-land-size,COG,1972/1973,91232.0,,,,final,"WCA 1970 round, census 1972/73. FAO flag A: Official figure.",,,1-2
farms.faostat-wcad.area-by-land-size,COG,2014/2015,75466.0,,,,final,"WCA 2010 round, census 2014/15. FAO flag A: Official figure.",,,1-2
farms.faostat-wcad.area-by-land-size,COG,2014/2015,61672.0,,,,final,"WCA 2010 round, census 2014/15. FAO flag A: Official figure.",,,2-3
farms.faostat-wcad.area-by-land-size,COG,2014/2015,21714.0,,,,final,"WCA 2010 round, census 2014/15. FAO flag I: Value imputed by a receiving agency.",,,3-4
farms.faostat-wcad.area-by-land-size,COG,2014/2015,15495.0,,,,final,"WCA 2010 round, census 2014/15. FAO flag I: Value imputed by a receiving agency.",,,4-5
farms.faostat-wcad.area-by-land-size,COG,1972/1973,66359.0,,,,final,"WCA 1970 round, census 1972/73. FAO flag A: Official figure.",,,2-5
farms.faostat-wcad.area-by-land-size,COG,1972/1973,3752.0,,,,final,"WCA 1970 round, census 1972/73. FAO flag A: Official figure.",,,5-10
farms.faostat-wcad.area-by-land-size,COG,2014/2015,42437.0,,,,final,"WCA 2010 round, census 2014/15. FAO flag A: Official figure.",,,5-10
farms.faostat-wcad.area-by-land-size,COG,2014/2015,83389.0,,,,final,"WCA 2010 round, census 2014/15. FAO flag A: Official figure.",,,10-20
farms.faostat-wcad.area-by-land-size,COK,1988,518.0,,,,final,"WCA 1990 round, census 1988. FAO flag A: Official figure.",,,0-1
farms.faostat-wcad.area-by-land-size,COK,2000,445.0,,,,final,"WCA 2000 round, census 2000. FAO flag I: Value imputed by a receiving agency. FAO's note: Agricultural area.",,,0-1
farms.faostat-wcad.area-by-land-size,COK,2011,117.0,,,,final,"WCA 2010 round, census 2011. FAO flag A: Official figure.",,,0-1
farms.faostat-wcad.area-by-land-size,COK,1988,661.0,,,,final,"WCA 1990 round, census 1988. FAO flag A: Official figure.",,,1-2
farms.faostat-wcad.area-by-land-size,COK,2000,301.0,,,,final,"WCA 2000 round, census 2000. FAO flag I: Value imputed by a receiving agency. FAO's note: Agricultural area.",,,1-2
farms.faostat-wcad.area-by-land-size,COK,2011,133.0,,,,final,"WCA 2010 round, census 2011. FAO flag A: Official figure.",,,1-2
farms.faostat-wcad.area-by-land-size,COK,2011,73.0,,,,final,"WCA 2010 round, census 2011. FAO flag I: Value imputed by a receiving agency.",,,2-3
farms.faostat-wcad.area-by-land-size,COK,2011,54.0,,,,final,"WCA 2010 round, census 2011. FAO flag I: Value imputed by a receiving agency.",,,3-4
farms.faostat-wcad.area-by-land-size,COK,2011,39.0,,,,final,"WCA 2010 round, census 2011. FAO flag I: Value imputed by a receiving agency.",,,4-5
farms.faostat-wcad.area-by-land-size,COK,1988,1425.0,,,,final,"WCA 1990 round, census 1988. FAO flag A: Official figure.",,,2-5
farms.faostat-wcad.area-by-land-size,COK,2000,283.0,,,,final,"WCA 2000 round, census 2000. FAO flag I: Value imputed by a receiving agency. FAO's note: Agricultural area.",,,2-5
farms.faostat-wcad.area-by-land-size,COK,2011,187.0,,,,final,"WCA 2010 round, census 2011. FAO flag A: Official figure.",,,5-10
farms.faostat-wcad.area-by-land-size,COL,1960,131993.0,,,,final,"WCA 1960 round, census 1960. FAO flag A: Official figure.",,,0-1
farms.faostat-wcad.area-by-land-size,COL,1988,93041.0,,,,final,"WCA 1990 round, census 1988. FAO flag A: Official figure.",,,0-1
farms.faostat-wcad.area-by-land-size,COL,2001,191820.0,,,,final,"WCA 2000 round, census 2001. FAO flag A: Official figure.",,,0-1
farms.faostat-wcad.area-by-land-size,COL,2014,413354.0,,,,final,"WCA 2010 round, census 2014. FAO flag I: Value imputed by a receiving agency.",,,0-1
farms.faostat-wcad.area-by-land-size,COL,1960,270308.0,,,,final,"WCA 1960 round, census 1960. FAO flag A: Official figure.",,,1-2
farms.faostat-wcad.area-by-land-size,COL,1988,228550.0,,,,final,"WCA 1990 round, census 1988. FAO flag A: Official figure.",,,1-2
farms.faostat-wcad.area-by-land-size,COL,2001,387632.0,,,,final,"WCA 2000 round, census 2001. FAO flag I: Value imputed by a receiving agency.",,,1-2
farms.faostat-wcad.area-by-land-size,COL,2014,480741.0,,,,final,"WCA 2010 round, census 2014. FAO flag I: Value imputed by a receiving agency.",,,1-2
farms.faostat-wcad.area-by-land-size,COL,2014,452426.0,,,,final,"WCA 2010 round, census 2014. FAO flag I: Value imputed by a receiving agency.",,,2-3
farms.faostat-wcad.area-by-land-size,COL,2014,421074.0,,,,final,"WCA 2010 round, census 2014. FAO flag I: Value imputed by a receiving agency.",,,3-4
farms.faostat-wcad.area-by-land-size,COL,2014,392753.0,,,,final,"WCA 2010 round, census 2014. FAO flag I: Value imputed by a receiving agency.",,,4-5
farms.faostat-wcad.area-by-land-size,COL,1960,836675.0,,,,final,"WCA 1960 round, census 1960. FAO flag A: Official figure.",,,2-5
farms.faostat-wcad.area-by-land-size,COL,1988,992196.0,,,,final,"WCA 1990 round, census 1988. FAO flag A: Official figure.",,,2-5
farms.faostat-wcad.area-by-land-size,COL,2001,1356816.0,,,,final,"WCA 2000 round, census 2001. FAO flag I: Value imputed by a receiving agency.",,,2-5
farms.faostat-wcad.area-by-land-size,COL,1960,1164749.0,,,,final,"WCA 1960 round, census 1960. FAO flag A: Official figure.",,,5-10
farms.faostat-wcad.area-by-land-size,COL,1988,1589575.0,,,,final,"WCA 1990 round, census 1988. FAO flag A: Official figure.",,,5-10
farms.faostat-wcad.area-by-land-size,COL,2001,2042050.0,,,,final,"WCA 2000 round, census 2001. FAO flag A: Official figure.",,,5-10
farms.faostat-wcad.area-by-land-size,COL,2014,1801601.0,,,,final,"WCA 2010 round, census 2014. FAO flag A: Official figure.",,,5-10
farms.faostat-wcad.area-by-land-size,COL,1960,1572076.0,,,,final,"WCA 1960 round, census 1960. FAO flag A: Official figure.",,,10-20
farms.faostat-wcad.area-by-land-size,COL,1988,2504414.0,,,,final,"WCA 1990 round, census 1988. FAO flag A: Official figure.",,,10-20
farms.faostat-wcad.area-by-land-size,COL,2001,3127283.0,,,,final,"WCA 2000 round, census 2001. FAO flag A: Official figure.",,,10-20
farms.faostat-wcad.area-by-land-size,COL,2014,2586753.0,,,,final,"WCA 2010 round, census 2014. FAO flag I: Value imputed by a receiving agency.",,,10-20
farms.faostat-wcad.area-by-land-size,COL,1960,2638701.0,,,,final,"WCA 1960 round, census 1960. FAO flag A: Official figure.",,,20-50
farms.faostat-wcad.area-by-land-size,COL,1988,5171668.0,,,,final,"WCA 1990 round, census 1988. FAO flag A: Official figure.",,,20-50
farms.faostat-wcad.area-by-land-size,COL,2001,6884453.0,,,,final,"WCA 2000 round, census 2001. FAO flag A: Official figure.",,,20-50
farms.faostat-wcad.area-by-land-size,COL,2014,4570212.0,,,,final,"WCA 2010 round, census 2014. FAO flag I: Value imputed by a receiving agency.",,,20-50
farms.faostat-wcad.area-by-land-size,COL,1960,2680471.0,,,,final,"WCA 1960 round, census 1960. FAO flag A: Official figure.",,,50-100
farms.faostat-wcad.area-by-land-size,COL,1988,6063791.0,,,,final,"WCA 1990 round, census 1988. FAO flag A: Official figure.",,,50-100
farms.faostat-wcad.area-by-land-size,COL,2001,7487517.0,,,,final,"WCA 2000 round, census 2001. FAO flag A: Official figure.",,,50-100
farms.faostat-wcad.area-by-land-size,COL,2014,4217217.0,,,,final,"WCA 2010 round, census 2014. FAO flag A: Official figure.",,,50-100
farms.faostat-wcad.area-by-land-size,COL,1960,2996152.0,,,,final,"WCA 1960 round, census 1960. FAO flag A: Official figure.",,,100-200
farms.faostat-wcad.area-by-land-size,COL,1988,6500698.0,,,,final,"WCA 1990 round, census 1988. FAO flag A: Official figure.",,,100-200
farms.faostat-wcad.area-by-land-size,COL,2001,7566533.0,,,,final,"WCA 2000 round, census 2001. FAO flag A: Official figure.",,,100-200
farms.faostat-wcad.area-by-land-size,COL,2014,4298793.0,,,,final,"WCA 2010 round, census 2014. FAO flag I: Value imputed by a receiving agency.",,,100-200
farms.faostat-wcad.area-by-land-size,COL,1960,3994319.0,,,,final,"WCA 1960 round, census 1960. FAO flag A: Official figure.",,,200-500
farms.faostat-wcad.area-by-land-size,COL,1988,6980749.0,,,,final,"WCA 1990 round, census 1988. FAO flag A: Official figure.",,,200-500
farms.faostat-wcad.area-by-land-size,COL,2001,11598122.0,,,,final,"WCA 2000 round, census 2001. FAO flag A: Official figure.",,,200-500
farms.faostat-wcad.area-by-land-size,COL,2014,5130882.0,,,,final,"WCA 2010 round, census 2014. FAO flag I: Value imputed by a receiving agency.",,,200-500
farms.faostat-wcad.area-by-land-size,COL,1960,2730764.0,,,,final,"WCA 1960 round, census 1960. FAO flag A: Official figure.",,,500-1000
farms.faostat-wcad.area-by-land-size,COL,1988,2758287.0,,,,final,"WCA 1990 round, census 1988. FAO flag A: Official figure.",,,500-1000
farms.faostat-wcad.area-by-land-size,COL,2001,10063227.0,,,,final,"WCA 2000 round, census 2001. FAO flag A: Official figure.",,,500-1000
farms.faostat-wcad.area-by-land-size,COL,2014,3794994.0,,,,final,"WCA 2010 round, census 2014. FAO flag A: Official figure.",,,500-1000
farms.faostat-wcad.area-by-land-size,COL,2014,80432535.0,,,,final,"WCA 2010 round, census 2014. FAO flag A: Official figure.",,,1000-2500
farms.faostat-wcad.area-by-land-size,COL,1960,8321619.0,,,,final,"WCA 1960 round, census 1960. FAO flag A: Official figure.",,,1000-plus
farms.faostat-wcad.area-by-land-size,COL,1988,3150744.0,,,,final,"WCA 1990 round, census 1988. FAO flag A: Official figure.",,,1000-plus
farms.faostat-wcad.area-by-land-size,CPV,2004,31526.0,,,,final,"WCA 2000 round, census 2004. FAO flag A: Official figure. FAO's note: Agricultural area",,,0-1
farms.faostat-wcad.area-by-land-size,CPV,2015,11384.0,,,,final,"WCA 2010 round, census 2015. FAO flag A: Official figure.",,,0-1
farms.faostat-wcad.area-by-land-size,CPV,2004,7936.0,,,,final,"WCA 2000 round, census 2004. FAO flag A: Official figure. FAO's note: Agricultural area",,,1-2
farms.faostat-wcad.area-by-land-size,CPV,2015,9794.0,,,,final,"WCA 2010 round, census 2015. FAO flag A: Official figure.",,,1-2
farms.faostat-wcad.area-by-land-size,CPV,2015,3734.0,,,,final,"WCA 2010 round, census 2015. FAO flag I: Value imputed by a receiving agency.",,,2-3
farms.faostat-wcad.area-by-land-size,CPV,2015,3154.0,,,,final,"WCA 2010 round, census 2015. FAO flag I: Value imputed by a receiving agency.",,,3-4
farms.faostat-wcad.area-by-land-size,CPV,2015,2729.0,,,,final,"WCA 2010 round, census 2015. FAO flag I: Value imputed by a receiving agency.",,,4-5
farms.faostat-wcad.area-by-land-size,CPV,2004,4897.0,,,,final,"WCA 2000 round, census 2004. FAO flag A: Official figure. FAO's note: Agricultural area",,,2-5
farms.faostat-wcad.area-by-land-size,CPV,2015,2475.0,,,,final,"WCA 2010 round, census 2015. FAO flag A: Official figure.",,,5-10
farms.faostat-wcad.area-by-land-size,CPV,2015,1166.0,,,,final,"WCA 2010 round, census 2015. FAO flag A: Official figure.",,,10-20
farms.faostat-wcad.area-by-land-size,CPV,2015,616.0,,,,final,"WCA 2010 round, census 2015. FAO flag A: Official figure.",,,20-50
farms.faostat-wcad.area-by-land-size,CPV,2015,434.0,,,,final,"WCA 2010 round, census 2015. FAO flag A: Official figure.",,,50-100
farms.faostat-wcad.area-by-land-size,CPV,2015,108.0,,,,final,"WCA 2010 round, census 2015. FAO flag A: Official figure.",,,100-200
farms.faostat-wcad.area-by-land-size,CPV,2015,862.0,,,,final,"WCA 2010 round, census 2015. FAO flag A: Official figure.",,,200-500
farms.faostat-wcad.area-by-land-size,CRI,1950,2245.9,,,,final,"WCA 1950 round, census 1950. FAO flag I: Value imputed by a receiving agency.",,,0-1
farms.faostat-wcad.area-by-land-size,CRI,1963,2847.0,,,,final,"WCA 1960 round, census 1963. FAO flag A: Official figure.",,,0-1
farms.faostat-wcad.area-by-land-size,CRI,1973,6187.0,,,,final,"WCA 1970 round, census 1973. FAO flag A: Official figure.",,,0-1
farms.faostat-wcad.area-by-land-size,CRI,2014,6489.0,,,,final,"WCA 2010 round, census 2014. FAO flag A: Official figure.",,,0-1
farms.faostat-wcad.area-by-land-size,CRI,1950,8427.19,,,,final,"WCA 1950 round, census 1950. FAO flag I: Value imputed by a receiving agency.",,,1-2
farms.faostat-wcad.area-by-land-size,CRI,1963,9160.0,,,,final,"WCA 1960 round, census 1963. FAO flag A: Official figure.",,,1-2
farms.faostat-wcad.area-by-land-size,CRI,1973,10241.0,,,,final,"WCA 1970 round, census 1973. FAO flag A: Official figure.",,,1-2
farms.faostat-wcad.area-by-land-size,CRI,2014,14503.0,,,,final,"WCA 2010 round, census 2014. FAO flag A: Official figure.",,,1-2
farms.faostat-wcad.area-by-land-size,CRI,2014,19701.0,,,,final,"WCA 2010 round, census 2014. FAO flag A: Official figure.",,,2-3
farms.faostat-wcad.area-by-land-size,CRI,2014,19782.0,,,,final,"WCA 2010 round, census 2014. FAO flag A: Official figure.",,,3-4
farms.faostat-wcad.area-by-land-size,CRI,2014,23611.0,,,,final,"WCA 2010 round, census 2014. FAO flag A: Official figure.",,,4-5
farms.faostat-wcad.area-by-land-size,CRI,1950,26088.23,,,,final,"WCA 1950 round, census 1950. FAO flag I: Value imputed by a receiving agency.",,,2-5
farms.faostat-wcad.area-by-land-size,CRI,1963,40554.0,,,,final,"WCA 1960 round, census 1963. FAO flag A: Official figure.",,,2-5
farms.faostat-wcad.area-by-land-size,CRI,1973,42579.0,,,,final,"WCA 1970 round, census 1973. FAO flag A: Official figure.",,,2-5
farms.faostat-wcad.area-by-land-size,CRI,1950,42757.51,,,,final,"WCA 1950 round, census 1950. FAO flag I: Value imputed by a receiving agency.",,,5-10
farms.faostat-wcad.area-by-land-size,CRI,1963,66403.0,,,,final,"WCA 1960 round, census 1963. FAO flag A: Official figure.",,,5-10
farms.faostat-wcad.area-by-land-size,CRI,1973,64846.0,,,,final,"WCA 1970 round, census 1973. FAO flag A: Official figure.",,,5-10
farms.faostat-wcad.area-by-land-size,CRI,2014,98630.0,,,,final,"WCA 2010 round, census 2014. FAO flag A: Official figure.",,,5-10
farms.faostat-wcad.area-by-land-size,CRI,1950,91009.98,,,,final,"WCA 1950 round, census 1950. FAO flag I: Value imputed by a receiving agency.",,,10-20
farms.faostat-wcad.area-by-land-size,CRI,1963,134738.0,,,,final,"WCA 1960 round, census 1963. FAO flag A: Official figure.",,,10-20
farms.faostat-wcad.area-by-land-size,CRI,1973,122781.0,,,,final,"WCA 1970 round, census 1973. FAO flag A: Official figure.",,,10-20
farms.faostat-wcad.area-by-land-size,CRI,2014,145027.0,,,,final,"WCA 2010 round, census 2014. FAO flag A: Official figure.",,,10-20
farms.faostat-wcad.area-by-land-size,CRI,1950,250773.34,,,,final,"WCA 1950 round, census 1950. FAO flag I: Value imputed by a receiving agency.",,,20-50
farms.faostat-wcad.area-by-land-size,CRI,1963,375399.0,,,,final,"WCA 1960 round, census 1963. FAO flag A: Official figure.",,,20-50
farms.faostat-wcad.area-by-land-size,CRI,1973,387099.0,,,,final,"WCA 1970 round, census 1973. FAO flag A: Official figure.",,,20-50
farms.faostat-wcad.area-by-land-size,CRI,2014,306568.0,,,,final,"WCA 2010 round, census 2014. FAO flag A: Official figure.",,,20-50
farms.faostat-wcad.area-by-land-size,CRI,1950,208786.19,,,,final,"WCA 1950 round, census 1950. FAO flag I: Value imputed by a receiving agency.",,,50-100
farms.faostat-wcad.area-by-land-size,CRI,1963,370062.0,,,,final,"WCA 1960 round, census 1963. FAO flag A: Official figure.",,,50-100
farms.faostat-wcad.area-by-land-size,CRI,1973,396534.0,,,,final,"WCA 1970 round, census 1973. FAO flag A: Official figure.",,,50-100
farms.faostat-wcad.area-by-land-size,CRI,2014,324889.0,,,,final,"WCA 2010 round, census 2014. FAO flag A: Official figure.",,,50-100
farms.faostat-wcad.area-by-land-size,CRI,1950,197646.92,,,,final,"WCA 1950 round, census 1950. FAO flag I: Value imputed by a receiving agency.",,,100-200
farms.faostat-wcad.area-by-land-size,CRI,1963,313499.0,,,,final,"WCA 1960 round, census 1963. FAO flag A: Official figure.",,,100-200
farms.faostat-wcad.area-by-land-size,CRI,1973,391733.0,,,,final,"WCA 1970 round, census 1973. FAO flag A: Official figure.",,,100-200
farms.faostat-wcad.area-by-land-size,CRI,2014,316388.0,,,,final,"WCA 2010 round, census 2014. FAO flag A: Official figure.",,,100-200
farms.faostat-wcad.area-by-land-size,CRI,1950,208377.43,,,,final,"WCA 1950 round, census 1950. FAO flag I: Value imputed by a receiving agency.",,,200-500
farms.faostat-wcad.area-by-land-size,CRI,1963,406349.0,,,,final,"WCA 1960 round, census 1963. FAO flag A: Official figure.",,,200-500
farms.faostat-wcad.area-by-land-size,CRI,1973,577198.0,,,,final,"WCA 1970 round, census 1973. FAO flag A: Official figure.",,,200-500
farms.faostat-wcad.area-by-land-size,CRI,2014,1128666.0,,,,final,"WCA 2010 round, census 2014. FAO flag A: Official figure.",,,200-500
farms.faostat-wcad.area-by-land-size,CRI,1950,137296.4,,,,final,"WCA 1950 round, census 1950. FAO flag I: Value imputed by a receiving agency.",,,500-1000
farms.faostat-wcad.area-by-land-size,CRI,1963,252400.0,,,,final,"WCA 1960 round, census 1963. FAO flag A: Official figure.",,,500-1000
farms.faostat-wcad.area-by-land-size,CRI,1973,338580.0,,,,final,"WCA 1970 round, census 1973. FAO flag A: Official figure.",,,500-1000
farms.faostat-wcad.area-by-land-size,CRI,1950,638282.91,,,,final,"WCA 1950 round, census 1950. FAO flag I: Value imputed by a receiving agency.",,,1000-plus
farms.faostat-wcad.area-by-land-size,CRI,1963,696667.0,,,,final,"WCA 1960 round, census 1963. FAO flag A: Official figure.",,,1000-plus
farms.faostat-wcad.area-by-land-size,CRI,1973,784678.0,,,,final,"WCA 1970 round, census 1973. FAO flag A: Official figure.",,,1000-plus
farms.faostat-wcad.area-by-land-size,CYP,1977,8556.0,,,,final,"WCA 1980 round, census 1977. FAO flag A: Official figure.",,,0-1
farms.faostat-wcad.area-by-land-size,CYP,2003,9954.0,,,,final,"WCA 2000 round, census 2003. FAO flag I: Value imputed by a receiving agency. FAO's note: Utilized agricultural area.",,,0-1
farms.faostat-wcad.area-by-land-size,CYP,2010,6252.0,,,,final,"WCA 2010 round, census 2010. FAO flag I: Value imputed by a receiving agency. FAO's note: UAA",,,0-1
farms.faostat-wcad.area-by-land-size,CYP,2020,6058.0,,,,final,"WCA 2020 round, census 2020. FAO flag I: Value imputed by a receiving agency. FAO's note: UAA",,,0-1
farms.faostat-wcad.area-by-land-size,CYP,1977,8296.0,,,,final,"WCA 1980 round, census 1977. FAO flag A: Official figure.",,,1-2
farms.faostat-wcad.area-by-land-size,CYP,1994,23333.0,,,,final,"WCA 1990 round, census 1994. FAO flag A: Official figure.",,,1-2
farms.faostat-wcad.area-by-land-size,CYP,2003,10633.0,,,,final,"WCA 2000 round, census 2003. FAO flag I: Value imputed by a receiving agency. FAO's note: Utilized agricultural area.",,,1-2
farms.faostat-wcad.area-by-land-size,CYP,2010,12728.0,,,,final,"WCA 2010 round, census 2010. FAO flag I: Value imputed by a receiving agency. FAO's note: UAA",,,1-2
farms.faostat-wcad.area-by-land-size,CYP,2020,12332.0,,,,final,"WCA 2020 round, census 2020. FAO flag I: Value imputed by a receiving agency. FAO's note: UAA",,,1-2
farms.faostat-wcad.area-by-land-size,CYP,2010,5894.0,,,,final,"WCA 2010 round, census 2010. FAO flag I: Value imputed by a receiving agency. FAO's note: UAA",,,2-3
farms.faostat-wcad.area-by-land-size,CYP,2020,5583.0,,,,final,"WCA 2020 round, census 2020. FAO flag I: Value imputed by a receiving agency. FAO's note: UAA",,,2-3
farms.faostat-wcad.area-by-land-size,CYP,2010,5864.0,,,,final,"WCA 2010 round, census 2010. FAO flag I: Value imputed by a receiving agency. FAO's note: UAA",,,3-4
farms.faostat-wcad.area-by-land-size,CYP,2020,5554.0,,,,final,"WCA 2020 round, census 2020. FAO flag I: Value imputed by a receiving agency. FAO's note: UAA",,,3-4
farms.faostat-wcad.area-by-land-size,CYP,2010,5631.0,,,,final,"WCA 2010 round, census 2010. FAO flag I: Value imputed by a receiving agency. FAO's note: UAA",,,4-5
farms.faostat-wcad.area-by-land-size,CYP,2020,5333.0,,,,final,"WCA 2020 round, census 2020. FAO flag I: Value imputed by a receiving agency. FAO's note: UAA",,,4-5
farms.faostat-wcad.area-by-land-size,CYP,1977,45593.0,,,,final,"WCA 1980 round, census 1977. FAO flag A: Official figure.",,,2-5
farms.faostat-wcad.area-by-land-size,CYP,1994,38508.0,,,,final,"WCA 1990 round, census 1994. FAO flag A: Official figure.",,,2-5
farms.faostat-wcad.area-by-land-size,CYP,2003,22554.0,,,,final,"WCA 2000 round, census 2003. FAO flag I: Value imputed by a receiving agency. FAO's note: Utilized agricultural area.",,,2-5
farms.faostat-wcad.area-by-land-size,CYP,1977,51379.0,,,,final,"WCA 1980 round, census 1977. FAO flag A: Official figure.",,,5-10
farms.faostat-wcad.area-by-land-size,CYP,1994,36802.0,,,,final,"WCA 1990 round, census 1994. FAO flag A: Official figure.",,,5-10
farms.faostat-wcad.area-by-land-size,CYP,2003,19652.0,,,,final,"WCA 2000 round, census 2003. FAO flag I: Value imputed by a receiving agency. FAO's note: Utilized agricultural area.",,,5-10
farms.faostat-wcad.area-by-land-size,CYP,2010,13890.0,,,,final,"WCA 2010 round, census 2010. FAO flag A: Official figure. FAO's note: UAA",,,5-10
farms.faostat-wcad.area-by-land-size,CYP,2020,13880.0,,,,final,"WCA 2020 round, census 2020. FAO flag A: Official figure. FAO's note: UAA",,,5-10
farms.faostat-wcad.area-by-land-size,CYP,1977,36936.0,,,,final,"WCA 1980 round, census 1977. FAO flag A: Official figure.",,,10-20
farms.faostat-wcad.area-by-land-size,CYP,1994,26246.0,,,,final,"WCA 1990 round, census 1994. FAO flag A: Official figure.",,,10-20
farms.faostat-wcad.area-by-land-size,CYP,2003,21197.0,,,,final,"WCA 2000 round, census 2003. FAO flag I: Value imputed by a receiving agency. FAO's note: Utilized agricultural area.",,,10-20
farms.faostat-wcad.area-by-land-size,CYP,2010,13980.0,,,,final,"WCA 2010 round, census 2010. FAO flag A: Official figure. FAO's note: UAA",,,10-20
farms.faostat-wcad.area-by-land-size,CYP,2020,14080.0,,,,final,"WCA 2020 round, census 2020. FAO flag A: Official figure. FAO's note: UAA",,,10-20
farms.faostat-wcad.area-by-land-size,CYP,1977,16992.63,,,,final,"WCA 1980 round, census 1977. FAO flag I: Value imputed by a receiving agency.",,,20-50
farms.faostat-wcad.area-by-land-size,CYP,1994,22361.0,,,,final,"WCA 1990 round, census 1994. FAO flag A: Official figure.",,,20-50
farms.faostat-wcad.area-by-land-size,CYP,2003,25723.0,,,,final,"WCA 2000 round, census 2003. FAO flag A: Official figure. FAO's note: Utilized agricultural area",,,20-50
farms.faostat-wcad.area-by-land-size,CYP,2010,19820.0,,,,final,"WCA 2010 round, census 2010. FAO flag A: Official figure. FAO's note: UAA",,,20-50
farms.faostat-wcad.area-by-land-size,CYP,2020,23110.0,,,,final,"WCA 2020 round, census 2020. FAO flag A: Official figure. FAO's note: UAA",,,20-50
farms.faostat-wcad.area-by-land-size,CYP,1977,6915.14,,,,final,"WCA 1980 round, census 1977. FAO flag I: Value imputed by a receiving agency.",,,50-100
farms.faostat-wcad.area-by-land-size,CYP,1994,11153.0,,,,final,"WCA 1990 round, census 1994. FAO flag A: Official figure.",,,50-100
farms.faostat-wcad.area-by-land-size,CYP,2003,17951.0,,,,final,"WCA 2000 round, census 2003. FAO flag A: Official figure. FAO's note: Utilized agricultural area",,,50-100
farms.faostat-wcad.area-by-land-size,CYP,2010,14570.0,,,,final,"WCA 2010 round, census 2010. FAO flag A: Official figure. FAO's note: UAA",,,50-100
farms.faostat-wcad.area-by-land-size,CYP,2020,20380.0,,,,final,"WCA 2020 round, census 2020. FAO flag A: Official figure. FAO's note: UAA",,,50-100
farms.faostat-wcad.area-by-land-size,CYP,1977,26426.23,,,,final,"WCA 1980 round, census 1977. FAO flag I: Value imputed by a receiving agency.",,,100-200
farms.faostat-wcad.area-by-land-size,CYP,1994,19357.0,,,,final,"WCA 1990 round, census 1994. FAO flag A: Official figure.",,,100-200
farms.faostat-wcad.area-by-land-size,CYP,2003,28716.0,,,,final,"WCA 2000 round, census 2003. FAO flag A: Official figure. FAO's note: Utilized agricultural area",,,100-200
farms.faostat-wcad.area-by-land-size,CYP,2010,19770.0,,,,final,"WCA 2010 round, census 2010. FAO flag A: Official figure. FAO's note: UAA",,,100-200
farms.faostat-wcad.area-by-land-size,CYP,2020,27830.0,,,,final,"WCA 2020 round, census 2020. FAO flag A: Official figure. FAO's note: UAA",,,100-200
farms.faostat-wcad.area-by-land-size,CZE,2000,5137.0,,,,final,"WCA 2000 round, census 2000. FAO flag A: Official figure. FAO's note: Agricultural area",,,0-1
farms.faostat-wcad.area-by-land-size,CZE,2010,600.0,,,,final,"WCA 2010 round, census 2010. FAO flag I: Value imputed by a receiving agency. FAO's note: UAA",,,0-1
farms.faostat-wcad.area-by-land-size,CZE,2020,820.0,,,,final,"WCA 2020 round, census 2020. FAO flag I: Value imputed by a receiving agency. FAO's note: UAA",,,0-1
farms.faostat-wcad.area-by-land-size,CZE,2000,11924.0,,,,final,"WCA 2000 round, census 2000. FAO flag A: Official figure. FAO's note: Agricultural area",,,1-2
farms.faostat-wcad.area-by-land-size,CZE,2010,1220.0,,,,final,"WCA 2010 round, census 2010. FAO flag I: Value imputed by a receiving agency. FAO's note: UAA",,,1-2
farms.faostat-wcad.area-by-land-size,CZE,2020,1670.0,,,,final,"WCA 2020 round, census 2020. FAO flag I: Value imputed by a receiving agency. FAO's note: UAA",,,1-2
farms.faostat-wcad.area-by-land-size,CZE,2010,1352.0,,,,final,"WCA 2010 round, census 2010. FAO flag I: Value imputed by a receiving agency. FAO's note: UAA",,,2-3
farms.faostat-wcad.area-by-land-size,CZE,2020,3017.0,,,,final,"WCA 2020 round, census 2020. FAO flag I: Value imputed by a receiving agency. FAO's note: UAA",,,2-3
farms.faostat-wcad.area-by-land-size,CZE,2010,1346.0,,,,final,"WCA 2010 round, census 2010. FAO flag I: Value imputed by a receiving agency. FAO's note: UAA",,,3-4
farms.faostat-wcad.area-by-land-size,CZE,2020,3001.0,,,,final,"WCA 2020 round, census 2020. FAO flag I: Value imputed by a receiving agency. FAO's note: UAA",,,3-4
farms.faostat-wcad.area-by-land-size,CZE,2010,1292.0,,,,final,"WCA 2010 round, census 2010. FAO flag I: Value imputed by a receiving agency. FAO's note: UAA",,,4-5
farms.faostat-wcad.area-by-land-size,CZE,2020,2882.0,,,,final,"WCA 2020 round, census 2020. FAO flag I: Value imputed by a receiving agency. FAO's note: UAA",,,4-5
farms.faostat-wcad.area-by-land-size,CZE,2000,29879.0,,,,final,"WCA 2000 round, census 2000. FAO flag A: Official figure. FAO's note: Agricultural area",,,2-5
farms.faostat-wcad.area-by-land-size,CZE,2000,43318.0,,,,final,"WCA 2000 round, census 2000. FAO flag A: Official figure. FAO's note: Agricultural area",,,5-10
farms.faostat-wcad.area-by-land-size,CZE,2010,29390.0,,,,final,"WCA 2010 round, census 2010. FAO flag A: Official figure. FAO's note: UAA",,,5-10
farms.faostat-wcad.area-by-land-size,CZE,2020,31660.0,,,,final,"WCA 2020 round, census 2020. FAO flag A: Official figure. FAO's note: UAA",,,5-10
farms.faostat-wcad.area-by-land-size,CZE,2000,74474.0,,,,final,"WCA 2000 round, census 2000. FAO flag A: Official figure. FAO's note: Agricultural area",,,10-20
farms.faostat-wcad.area-by-land-size,CZE,2010,55590.0,,,,final,"WCA 2010 round, census 2010. FAO flag A: Official figure. FAO's note: UAA",,,10-20
farms.faostat-wcad.area-by-land-size,CZE,2020,60720.0,,,,final,"WCA 2020 round, census 2020. FAO flag A: Official figure. FAO's note: UAA",,,10-20
farms.faostat-wcad.area-by-land-size,CZE,2000,134779.0,,,,final,"WCA 2000 round, census 2000. FAO flag A: Official figure. FAO's note: Agricultural area",,,20-50
farms.faostat-wcad.area-by-land-size,CZE,2010,138180.0,,,,final,"WCA 2010 round, census 2010. FAO flag A: Official figure. FAO's note: UAA",,,20-50
farms.faostat-wcad.area-by-land-size,CZE,2020,155540.0,,,,final,"WCA 2020 round, census 2020. FAO flag A: Official figure. FAO's note: UAA",,,20-50
farms.faostat-wcad.area-by-land-size,CZE,2000,128596.0,,,,final,"WCA 2000 round, census 2000. FAO flag A: Official figure. FAO's note: Agricultural area",,,50-100
farms.faostat-wcad.area-by-land-size,CZE,2010,169360.0,,,,final,"WCA 2010 round, census 2010. FAO flag A: Official figure. FAO's note: UAA",,,50-100
farms.faostat-wcad.area-by-land-size,CZE,2020,213960.0,,,,final,"WCA 2020 round, census 2020. FAO flag A: Official figure. FAO's note: UAA",,,50-100
farms.faostat-wcad.area-by-land-size,CZE,2000,154665.0,,,,final,"WCA 2000 round, census 2000. FAO flag A: Official figure. FAO's note: Agricultural area",,,100-200
farms.faostat-wcad.area-by-land-size,CZE,2010,3085160.0,,,,final,"WCA 2010 round, census 2010. FAO flag A: Official figure. FAO's note: UAA",,,100-200
farms.faostat-wcad.area-by-land-size,CZE,2020,3019300.0,,,,final,"WCA 2020 round, census 2020. FAO flag A: Official figure. FAO's note: UAA",,,100-200
farms.faostat-wcad.area-by-land-size,CZE,2000,289745.0,,,,final,"WCA 2000 round, census 2000. FAO flag A: Official figure. FAO's note: Agricultural area",,,200-500
farms.faostat-wcad.area-by-land-size,CZE,2000,555147.0,,,,final,"WCA 2000 round, census 2000. FAO flag A: Official figure. FAO's note: Agricultural area",,,500-1000
farms.faostat-wcad.area-by-land-size,CZE,2000,2215504.0,,,,final,"WCA 2000 round, census 2000. FAO flag A: Official figure. FAO's note: Agricultural area",,,1000-plus
farms.faostat-wcad.area-by-land-size,DEU,1933,825688.0,,,,final,"WCA 1930 round, census 1933. FAO flag A: Official figure.",,,0-1
farms.faostat-wcad.area-by-land-size,DEU,1949,207207.0,,,,final,"WCA 1950 round, census 1949. FAO flag A: Official figure. FAO's note: Figures pertain to only Germany excluding The Saar",,,0-1
farms.faostat-wcad.area-by-land-size,DEU,1960,625020.0,,,,final,"WCA 1960 round, census 1960. FAO flag A: Official figure.",,,0-1
farms.faostat-wcad.area-by-land-size,DEU,1971,85440.0,,,,final,"WCA 1970 round, census 1971. FAO flag A: Official figure.",,,0-1
farms.faostat-wcad.area-by-land-size,DEU,1979,37840.0,,,,final,"WCA 1980 round, census 1979. FAO flag A: Official figure. FAO's note: Agricultural area. Excludes 2 068 ha not classified by size.",,,0-1
farms.faostat-wcad.area-by-land-size,DEU,2010,4694.0,,,,final,"WCA 2010 round, census 2010. FAO flag I: Value imputed by a receiving agency. FAO's note: UAA",,,0-1
farms.faostat-wcad.area-by-land-size,DEU,2020,3258.0,,,,final,"WCA 2020 round, census 2020. FAO flag I: Value imputed by a receiving agency. FAO's note: UAA",,,0-1
farms.faostat-wcad.area-by-land-size,DEU,1933,681662.0,,,,final,"WCA 1930 round, census 1933. FAO flag A: Official figure.",,,1-2
farms.faostat-wcad.area-by-land-size,DEU,1949,659728.41,,,,final,"WCA 1950 round, census 1949. FAO flag I: Value imputed by a receiving agency. FAO's note: Figures pertain to only Germany excluding The Saar",,,1-2
farms.faostat-wcad.area-by-land-size,DEU,1960,578628.0,,,,final,"WCA 1960 round, census 1960. FAO flag A: Official figure.",,,1-2
farms.faostat-wcad.area-by-land-size,DEU,1971,271500.0,,,,final,"WCA 1970 round, census 1971. FAO flag A: Official figure.",,,1-2
farms.faostat-wcad.area-by-land-size,DEU,1979,210805.0,,,,final,"WCA 1980 round, census 1979. FAO flag A: Official figure. FAO's note: Agricultural area. Excludes 2 068 ha not classified by size.",,,1-2
farms.faostat-wcad.area-by-land-size,DEU,1995,103000.0,,,,final,"WCA 1990 round, census 1995. FAO flag A: Official figure. FAO's note: Agricultural area. < 2 ha. Data source: Eurostat - Farm Structure - 1995 Sample Survey.",,,1-2
farms.faostat-wcad.area-by-land-size,DEU,1999/2000,63885.0,,,,final,"WCA 2000 round, census 1999/00. FAO flag A: Official figure. FAO's note: Agricultural area. < 2 ha",,,1-2
farms.faostat-wcad.area-by-land-size,DEU,2010,9556.0,,,,final,"WCA 2010 round, census 2010. FAO flag I: Value imputed by a receiving agency. FAO's note: UAA",,,1-2
farms.faostat-wcad.area-by-land-size,DEU,2020,6632.0,,,,final,"WCA 2020 round, census 2020. FAO flag I: Value imputed by a receiving agency. FAO's note: UAA",,,1-2
farms.faostat-wcad.area-by-land-size,DEU,2010,13474.0,,,,final,"WCA 2010 round, census 2010. FAO flag I: Value imputed by a receiving agency. FAO's note: UAA",,,2-3
farms.faostat-wcad.area-by-land-size,DEU,2020,9054.0,,,,final,"WCA 2020 round, census 2020. FAO flag I: Value imputed by a receiving agency. FAO's note: UAA",,,2-3
farms.faostat-wcad.area-by-land-size,DEU,2010,13405.0,,,,final,"WCA 2010 round, census 2010. FAO flag I: Value imputed by a receiving agency. FAO's note: UAA",,,3-4
farms.faostat-wcad.area-by-land-size,DEU,2020,9007.0,,,,final,"WCA 2020 round, census 2020. FAO flag I: Value imputed by a receiving agency. FAO's note: UAA",,,3-4
farms.faostat-wcad.area-by-land-size,DEU,2010,12872.0,,,,final,"WCA 2010 round, census 2010. FAO flag I: Value imputed by a receiving agency. FAO's note: UAA",,,4-5
farms.faostat-wcad.area-by-land-size,DEU,2020,8649.0,,,,final,"WCA 2020 round, census 2020. FAO flag I: Value imputed by a receiving agency. FAO's note: UAA",,,4-5
farms.faostat-wcad.area-by-land-size,DEU,1933,2611720.0,,,,final,"WCA 1930 round, census 1933. FAO flag A: Official figure.",,,2-5
farms.faostat-wcad.area-by-land-size,DEU,1949,1540699.59,,,,final,"WCA 1950 round, census 1949. FAO flag I: Value imputed by a receiving agency. FAO's note: Figures pertain to only Germany excluding The Saar",,,2-5
farms.faostat-wcad.area-by-land-size,DEU,1960,1796487.0,,,,final,"WCA 1960 round, census 1960. FAO flag A: Official figure.",,,2-5
farms.faostat-wcad.area-by-land-size,DEU,1971,922529.0,,,,final,"WCA 1970 round, census 1971. FAO flag A: Official figure.",,,2-5
farms.faostat-wcad.area-by-land-size,DEU,1979,662357.0,,,,final,"WCA 1980 round, census 1979. FAO flag A: Official figure. FAO's note: Agricultural area. Excludes 2 068 ha not classified by size.",,,2-5
farms.faostat-wcad.area-by-land-size,DEU,1995,294800.0,,,,final,"WCA 1990 round, census 1995. FAO flag A: Official figure. FAO's note: Agricultural area. Data source: Eurostat - Farm Structure - 1995 Sample Survey.",,,2-5
farms.faostat-wcad.area-by-land-size,DEU,1999/2000,410018.0,,,,final,"WCA 2000 round, census 1999/00. FAO flag A: Official figure. FAO's note: Agricultural area",,,2-5
farms.faostat-wcad.area-by-land-size,DEU,1933,4378210.0,,,,final,"WCA 1930 round, census 1933. FAO flag A: Official figure.",,,5-10
farms.faostat-wcad.area-by-land-size,DEU,1949,2874307.0,,,,final,"WCA 1950 round, census 1949. FAO flag A: Official figure. FAO's note: Figures pertain to only Germany excluding The Saar",,,5-10
farms.faostat-wcad.area-by-land-size,DEU,1960,3115985.0,,,,final,"WCA 1960 round, census 1960. FAO flag A: Official figure.",,,5-10
farms.faostat-wcad.area-by-land-size,DEU,1971,1852995.0,,,,final,"WCA 1970 round, census 1971. FAO flag A: Official figure.",,,5-10
farms.faostat-wcad.area-by-land-size,DEU,1979,1349701.0,,,,final,"WCA 1980 round, census 1979. FAO flag A: Official figure. FAO's note: Agricultural area. Excludes 2 068 ha not classified by size.",,,5-10
farms.faostat-wcad.area-by-land-size,DEU,1995,605300.0,,,,final,"WCA 1990 round, census 1995. FAO flag A: Official figure. FAO's note: Agricultural area. Data source: Eurostat - Farm Structure - 1995 Sample Survey.",,,5-10
farms.faostat-wcad.area-by-land-size,DEU,1999/2000,714453.0,,,,final,"WCA 2000 round, census 1999/00. FAO flag A: Official figure. FAO's note: Agricultural area",,,5-10
farms.faostat-wcad.area-by-land-size,DEU,2010,343950.0,,,,final,"WCA 2010 round, census 2010. FAO flag A: Official figure. FAO's note: UAA",,,5-10
farms.faostat-wcad.area-by-land-size,DEU,2020,324740.0,,,,final,"WCA 2020 round, census 2020. FAO flag A: Official figure. FAO's note: UAA",,,5-10
farms.faostat-wcad.area-by-land-size,DEU,1933,6285496.0,,,,final,"WCA 1930 round, census 1933. FAO flag A: Official figure.",,,10-20
farms.faostat-wcad.area-by-land-size,DEU,1949,3910905.0,,,,final,"WCA 1950 round, census 1949. FAO flag A: Official figure. FAO's note: Figures pertain to only Germany excluding The Saar",,,10-20
farms.faostat-wcad.area-by-land-size,DEU,1960,5041788.0,,,,final,"WCA 1960 round, census 1960. FAO flag A: Official figure.",,,10-20
farms.faostat-wcad.area-by-land-size,DEU,1971,4311461.0,,,,final,"WCA 1970 round, census 1971. FAO flag A: Official figure.",,,10-20
farms.faostat-wcad.area-by-land-size,DEU,1979,3220721.0,,,,final,"WCA 1980 round, census 1979. FAO flag A: Official figure. FAO's note: Agricultural area. Excludes 2 068 ha not classified by size.",,,10-20
farms.faostat-wcad.area-by-land-size,DEU,1995,1457300.0,,,,final,"WCA 1990 round, census 1995. FAO flag A: Official figure. FAO's note: Agricultural area. Data source: Eurostat - Farm Structure - 1995 Sample Survey.",,,10-20
farms.faostat-wcad.area-by-land-size,DEU,1999/2000,1578673.0,,,,final,"WCA 2000 round, census 1999/00. FAO flag A: Official figure. FAO's note: Agricultural area",,,10-20
farms.faostat-wcad.area-by-land-size,DEU,2010,945800.0,,,,final,"WCA 2010 round, census 2010. FAO flag A: Official figure. FAO's note: UAA",,,10-20
farms.faostat-wcad.area-by-land-size,DEU,2020,781040.0,,,,final,"WCA 2020 round, census 2020. FAO flag A: Official figure. FAO's note: UAA",,,10-20
farms.faostat-wcad.area-by-land-size,DEU,1933,7954894.0,,,,final,"WCA 1930 round, census 1933. FAO flag A: Official figure.",,,20-50
farms.faostat-wcad.area-by-land-size,DEU,1949,4733336.0,,,,final,"WCA 1950 round, census 1949. FAO flag A: Official figure. FAO's note: Figures pertain to only Germany excluding The Saar",,,20-50
farms.faostat-wcad.area-by-land-size,DEU,1960,4645067.0,,,,final,"WCA 1960 round, census 1960. FAO flag A: Official figure.",,,20-50
farms.faostat-wcad.area-by-land-size,DEU,1971,5623646.0,,,,final,"WCA 1970 round, census 1971. FAO flag A: Official figure.",,,20-50
farms.faostat-wcad.area-by-land-size,DEU,1979,6131021.0,,,,final,"WCA 1980 round, census 1979. FAO flag A: Official figure. FAO's note: Agricultural area. Excludes 2 068 ha not classified by size.",,,20-50
farms.faostat-wcad.area-by-land-size,DEU,1995,4215000.0,,,,final,"WCA 1990 round, census 1995. FAO flag A: Official figure. FAO's note: Agricultural area. Data source: Eurostat - Farm Structure - 1995 Sample Survey.",,,20-50
farms.faostat-wcad.area-by-land-size,DEU,1999/2000,4270457.0,,,,final,"WCA 2000 round, census 1999/00. FAO flag A: Official figure. FAO's note: Agricultural area",,,20-50
farms.faostat-wcad.area-by-land-size,DEU,2010,2535020.0,,,,final,"WCA 2010 round, census 2010. FAO flag A: Official figure. FAO's note: UAA",,,20-50
farms.faostat-wcad.area-by-land-size,DEU,2020,2032480.0,,,,final,"WCA 2020 round, census 2020. FAO flag A: Official figure. FAO's note: UAA",,,20-50
farms.faostat-wcad.area-by-land-size,DEU,1933,3624745.0,,,,final,"WCA 1930 round, census 1933. FAO flag A: Official figure.",,,50-100
farms.faostat-wcad.area-by-land-size,DEU,1949,1948234.0,,,,final,"WCA 1950 round, census 1949. FAO flag A: Official figure. FAO's note: Figures pertain to only Germany excluding The Saar",,,50-100
farms.faostat-wcad.area-by-land-size,DEU,1960,1293263.0,,,,final,"WCA 1960 round, census 1960. FAO flag A: Official figure.",,,50-100
farms.faostat-wcad.area-by-land-size,DEU,1971,1423739.0,,,,final,"WCA 1970 round, census 1971. FAO flag A: Official figure.",,,50-100
farms.faostat-wcad.area-by-land-size,DEU,1979,1967679.0,,,,final,"WCA 1980 round, census 1979. FAO flag A: Official figure. FAO's note: Agricultural area. Excludes 2 068 ha not classified by size.",,,50-100
farms.faostat-wcad.area-by-land-size,DEU,1995,3506000.0,,,,final,"WCA 1990 round, census 1995. FAO flag A: Official figure. FAO's note: Agricultural area. Data source: Eurostat - Farm Structure - 1995 Sample Survey.",,,50-100
farms.faostat-wcad.area-by-land-size,DEU,1999/2000,4078209.0,,,,final,"WCA 2000 round, census 1999/00. FAO flag A: Official figure. FAO's note: Agricultural area",,,50-100
farms.faostat-wcad.area-by-land-size,DEU,2010,3628400.0,,,,final,"WCA 2010 round, census 2010. FAO flag A: Official figure. FAO's note: UAA",,,50-100
farms.faostat-wcad.area-by-land-size,DEU,2020,3168720.0,,,,final,"WCA 2020 round, census 2020. FAO flag A: Official figure. FAO's note: UAA",,,50-100
farms.faostat-wcad.area-by-land-size,DEU,1933,2264345.0,,,,final,"WCA 1930 round, census 1933. FAO flag A: Official figure.",,,100-200
farms.faostat-wcad.area-by-land-size,DEU,1949,1091335.0,,,,final,"WCA 1950 round, census 1949. FAO flag A: Official figure. FAO's note: Figures pertain to only Germany excluding The Saar",,,100-200
farms.faostat-wcad.area-by-land-size,DEU,1960,509280.0,,,,final,"WCA 1960 round, census 1960. FAO flag A: Official figure.",,,100-200
farms.faostat-wcad.area-by-land-size,DEU,1971,741971.0,,,,final,"WCA 1970 round, census 1971. FAO flag A: Official figure.",,,100-200
farms.faostat-wcad.area-by-land-size,DEU,1979,904945.0,,,,final,"WCA 1980 round, census 1979. FAO flag A: Official figure. FAO's note: Agricultural area. Excludes 2 068 ha not classified by size.",,,100-200
farms.faostat-wcad.area-by-land-size,DEU,1995,6975500.0,,,,final,"WCA 1990 round, census 1995. FAO flag A: Official figure. FAO's note: Agricultural area. Data source: Eurostat - Farm Structure - 1995 Sample Survey.",,,100-200
farms.faostat-wcad.area-by-land-size,DEU,1999/2000,2322179.0,,,,final,"WCA 2000 round, census 1999/00. FAO flag A: Official figure. FAO's note: Agricultural area",,,100-200
farms.faostat-wcad.area-by-land-size,DEU,2010,9196880.0,,,,final,"WCA 2010 round, census 2010. FAO flag A: Official figure. FAO's note: UAA",,,100-200
farms.faostat-wcad.area-by-land-size,DEU,2020,10234890.0,,,,final,"WCA 2020 round, census 2020. FAO flag A: Official figure. FAO's note: UAA",,,100-200
farms.faostat-wcad.area-by-land-size,DEU,1933,3315925.0,,,,final,"WCA 1930 round, census 1933. FAO flag A: Official figure.",,,200-500
farms.faostat-wcad.area-by-land-size,DEU,1949,5013273.0,,,,final,"WCA 1950 round, census 1949. FAO flag A: Official figure. FAO's note: Figures pertain to only Germany excluding The Saar",,,200-500
farms.faostat-wcad.area-by-land-size,DEU,1960,418304.0,,,,final,"WCA 1960 round, census 1960. FAO flag A: Official figure.",,,200-500
farms.faostat-wcad.area-by-land-size,DEU,1999/2000,1540487.0,,,,final,"WCA 2000 round, census 1999/00. FAO flag A: Official figure. FAO's note: Agricultural area",,,200-500
farms.faostat-wcad.area-by-land-size,DEU,1933,2696258.0,,,,final,"WCA 1930 round, census 1933. FAO flag A: Official figure.",,,500-1000
farms.faostat-wcad.area-by-land-size,DEU,1999/2000,1182704.0,,,,final,"WCA 2000 round, census 1999/00. FAO flag A: Official figure. FAO's note: Agricultural area",,,500-1000
farms.faostat-wcad.area-by-land-size,DEU,1933,7485103.0,,,,final,"WCA 1930 round, census 1933. FAO flag A: Official figure.",,,1000-plus
farms.faostat-wcad.area-by-land-size,DEU,1999/2000,2936925.0,,,,final,"WCA 2000 round, census 1999/00. FAO flag A: Official figure. FAO's note: Agricultural area",,,1000-plus
farms.faostat-wcad.area-by-land-size,DMA,1995,1783.0,,,,final,"WCA 1990 round, census 1995. FAO flag A: Official figure.",,,0-1
farms.faostat-wcad.area-by-land-size,DMA,1995,3196.0,,,,final,"WCA 1990 round, census 1995. FAO flag A: Official figure.",,,1-2
farms.faostat-wcad.area-by-land-size,DMA,1995,4618.0,,,,final,"WCA 1990 round, census 1995. FAO flag A: Official figure.",,,2-5
farms.faostat-wcad.area-by-land-size,DMA,1995,2942.0,,,,final,"WCA 1990 round, census 1995. FAO flag A: Official figure.",,,5-10
farms.faostat-wcad.area-by-land-size,DMA,1995,1181.0,,,,final,"WCA 1990 round, census 1995. FAO flag A: Official figure.",,,10-20
farms.faostat-wcad.area-by-land-size,DMA,1995,2119.0,,,,final,"WCA 1990 round, census 1995. FAO flag A: Official figure.",,,20-50
farms.faostat-wcad.area-by-land-size,DMA,1995,2112.0,,,,final,"WCA 1990 round, census 1995. FAO flag A: Official figure.",,,50-100
farms.faostat-wcad.area-by-land-size,DMA,1995,1902.0,,,,final,"WCA 1990 round, census 1995. FAO flag A: Official figure.",,,100-200
farms.faostat-wcad.area-by-land-size,DMA,1995,1293.0,,,,final,"WCA 1990 round, census 1995. FAO flag A: Official figure.",,,200-500
farms.faostat-wcad.area-by-land-size,DNK,1959,2542.0,,,,final,"WCA 1960 round, census 1959. FAO flag A: Official figure.",,,0-1
farms.faostat-wcad.area-by-land-size,DNK,1970,1632.48,,,,final,"WCA 1970 round, census 1970. FAO flag I: Value imputed by a receiving agency.",,,0-1
farms.faostat-wcad.area-by-land-size,DNK,1979,2509.8,,,,final,"WCA 1980 round, census 1979. FAO flag I: Value imputed by a receiving agency.",,,0-1
farms.faostat-wcad.area-by-land-size,DNK,2010,115.0,,,,final,"WCA 2010 round, census 2010. FAO flag I: Value imputed by a receiving agency. FAO's note: UAA",,,0-1
farms.faostat-wcad.area-by-land-size,DNK,2020,392.0,,,,final,"WCA 2020 round, census 2020. FAO flag I: Value imputed by a receiving agency. FAO's note: UAA",,,0-1
farms.faostat-wcad.area-by-land-size,DNK,1959,12161.0,,,,final,"WCA 1960 round, census 1959. FAO flag A: Official figure.",,,1-2
farms.faostat-wcad.area-by-land-size,DNK,1970,6758.08,,,,final,"WCA 1970 round, census 1970. FAO flag I: Value imputed by a receiving agency.",,,1-2
farms.faostat-wcad.area-by-land-size,DNK,1979,8593.56,,,,final,"WCA 1980 round, census 1979. FAO flag I: Value imputed by a receiving agency.",,,1-2
farms.faostat-wcad.area-by-land-size,DNK,1999/2000,3140.0,,,,final,"WCA 2000 round, census 1999/00. FAO flag A: Official figure. FAO's note: Agricultural area. < 2 ha",,,1-2
farms.faostat-wcad.area-by-land-size,DNK,2010,235.0,,,,final,"WCA 2010 round, census 2010. FAO flag I: Value imputed by a receiving agency. FAO's note: UAA",,,1-2
farms.faostat-wcad.area-by-land-size,DNK,2020,798.0,,,,final,"WCA 2020 round, census 2020. FAO flag I: Value imputed by a receiving agency. FAO's note: UAA",,,1-2
farms.faostat-wcad.area-by-land-size,DNK,2010,1156.0,,,,final,"WCA 2010 round, census 2010. FAO flag I: Value imputed by a receiving agency. FAO's note: UAA",,,2-3
farms.faostat-wcad.area-by-land-size,DNK,2020,5240.0,,,,final,"WCA 2020 round, census 2020. FAO flag I: Value imputed by a receiving agency. FAO's note: UAA",,,2-3
farms.faostat-wcad.area-by-land-size,DNK,2010,1150.0,,,,final,"WCA 2010 round, census 2010. FAO flag I: Value imputed by a receiving agency. FAO's note: UAA",,,3-4
farms.faostat-wcad.area-by-land-size,DNK,2020,5213.0,,,,final,"WCA 2020 round, census 2020. FAO flag I: Value imputed by a receiving agency. FAO's note: UAA",,,3-4
farms.faostat-wcad.area-by-land-size,DNK,2010,1104.0,,,,final,"WCA 2010 round, census 2010. FAO flag I: Value imputed by a receiving agency. FAO's note: UAA",,,4-5
farms.faostat-wcad.area-by-land-size,DNK,2020,5006.0,,,,final,"WCA 2020 round, census 2020. FAO flag I: Value imputed by a receiving agency. FAO's note: UAA",,,4-5
farms.faostat-wcad.area-by-land-size,DNK,1959,93531.0,,,,final,"WCA 1960 round, census 1959. FAO flag A: Official figure.",,,2-5
farms.faostat-wcad.area-by-land-size,DNK,1970,33119.45,,,,final,"WCA 1970 round, census 1970. FAO flag I: Value imputed by a receiving agency.",,,2-5
farms.faostat-wcad.area-by-land-size,DNK,1979,42114.64,,,,final,"WCA 1980 round, census 1979. FAO flag I: Value imputed by a receiving agency.",,,2-5
farms.faostat-wcad.area-by-land-size,DNK,1999/2000,5350.0,,,,final,"WCA 2000 round, census 1999/00. FAO flag A: Official figure. FAO's note: Agricultural area",,,2-5
farms.faostat-wcad.area-by-land-size,DNK,1959,391496.0,,,,final,"WCA 1960 round, census 1959. FAO flag A: Official figure.",,,5-10
farms.faostat-wcad.area-by-land-size,DNK,1970,216135.0,,,,final,"WCA 1970 round, census 1970. FAO flag A: Official figure.",,,5-10
farms.faostat-wcad.area-by-land-size,DNK,1979,177395.0,,,,final,"WCA 1980 round, census 1979. FAO flag A: Official figure.",,,5-10
farms.faostat-wcad.area-by-land-size,DNK,1989,95462.0,,,,final,"WCA 1990 round, census 1989. FAO flag A: Official figure. FAO's note: Agricultural area. <10 ha",,,5-10
farms.faostat-wcad.area-by-land-size,DNK,1999/2000,79990.0,,,,final,"WCA 2000 round, census 1999/00. FAO flag A: Official figure. FAO's note: Agricultural area",,,5-10
farms.faostat-wcad.area-by-land-size,DNK,2010,57640.0,,,,final,"WCA 2010 round, census 2010. FAO flag A: Official figure. FAO's note: UAA",,,5-10
farms.faostat-wcad.area-by-land-size,DNK,2020,49780.0,,,,final,"WCA 2020 round, census 2020. FAO flag A: Official figure. FAO's note: UAA",,,5-10
farms.faostat-wcad.area-by-land-size,DNK,1959,804419.0,,,,final,"WCA 1960 round, census 1959. FAO flag A: Official figure.",,,10-20
farms.faostat-wcad.area-by-land-size,DNK,1970,623279.0,,,,final,"WCA 1970 round, census 1970. FAO flag A: Official figure.",,,10-20
farms.faostat-wcad.area-by-land-size,DNK,1979,505139.0,,,,final,"WCA 1980 round, census 1979. FAO flag A: Official figure.",,,10-20
farms.faostat-wcad.area-by-land-size,DNK,1989,284791.0,,,,final,"WCA 1990 round, census 1989. FAO flag A: Official figure. FAO's note: Agricultural area",,,10-20
farms.faostat-wcad.area-by-land-size,DNK,1999/2000,185360.0,,,,final,"WCA 2000 round, census 1999/00. FAO flag A: Official figure. FAO's note: Agricultural area",,,10-20
farms.faostat-wcad.area-by-land-size,DNK,2010,112080.0,,,,final,"WCA 2010 round, census 2010. FAO flag A: Official figure. FAO's note: UAA",,,10-20
farms.faostat-wcad.area-by-land-size,DNK,2020,78550.0,,,,final,"WCA 2020 round, census 2020. FAO flag A: Official figure. FAO's note: UAA",,,10-20
farms.faostat-wcad.area-by-land-size,DNK,1959,1234373.0,,,,final,"WCA 1960 round, census 1959. FAO flag A: Official figure.",,,20-50
farms.faostat-wcad.area-by-land-size,DNK,1970,1304838.0,,,,final,"WCA 1970 round, census 1970. FAO flag A: Official figure.",,,20-50
farms.faostat-wcad.area-by-land-size,DNK,1979,1362944.0,,,,final,"WCA 1980 round, census 1979. FAO flag A: Official figure.",,,20-50
farms.faostat-wcad.area-by-land-size,DNK,1989,1007856.0,,,,final,"WCA 1990 round, census 1989. FAO flag A: Official figure. FAO's note: Agricultural area",,,20-50
farms.faostat-wcad.area-by-land-size,DNK,1999/2000,599480.0,,,,final,"WCA 2000 round, census 1999/00. FAO flag A: Official figure. FAO's note: Agricultural area",,,20-50
farms.faostat-wcad.area-by-land-size,DNK,2010,296550.0,,,,final,"WCA 2010 round, census 2010. FAO flag A: Official figure. FAO's note: UAA",,,20-50
farms.faostat-wcad.area-by-land-size,DNK,2020,203580.0,,,,final,"WCA 2020 round, census 2020. FAO flag A: Official figure. FAO's note: UAA",,,20-50
farms.faostat-wcad.area-by-land-size,DNK,1959,339112.0,,,,final,"WCA 1960 round, census 1959. FAO flag A: Official figure.",,,50-100
farms.faostat-wcad.area-by-land-size,DNK,1970,455430.0,,,,final,"WCA 1970 round, census 1970. FAO flag A: Official figure.",,,50-100
farms.faostat-wcad.area-by-land-size,DNK,1979,668278.0,,,,final,"WCA 1980 round, census 1979. FAO flag A: Official figure.",,,50-100
farms.faostat-wcad.area-by-land-size,DNK,1989,818355.0,,,,final,"WCA 1990 round, census 1989. FAO flag A: Official figure. FAO's note: Agricultural area",,,50-100
farms.faostat-wcad.area-by-land-size,DNK,1999/2000,853950.0,,,,final,"WCA 2000 round, census 1999/00. FAO flag A: Official figure. FAO's note: Agricultural area",,,50-100
farms.faostat-wcad.area-by-land-size,DNK,2010,426090.0,,,,final,"WCA 2010 round, census 2010. FAO flag A: Official figure. FAO's note: UAA",,,50-100
farms.faostat-wcad.area-by-land-size,DNK,2020,301840.0,,,,final,"WCA 2020 round, census 2020. FAO flag A: Official figure. FAO's note: UAA",,,50-100
farms.faostat-wcad.area-by-land-size,DNK,1959,139250.0,,,,final,"WCA 1960 round, census 1959. FAO flag A: Official figure.",,,100-200
farms.faostat-wcad.area-by-land-size,DNK,1970,300124.0,,,,final,"WCA 1970 round, census 1970. FAO flag A: Official figure.",,,100-200
farms.faostat-wcad.area-by-land-size,DNK,1979,474035.0,,,,final,"WCA 1980 round, census 1979. FAO flag A: Official figure.",,,100-200
farms.faostat-wcad.area-by-land-size,DNK,1989,567663.0,,,,final,"WCA 1990 round, census 1989. FAO flag A: Official figure. FAO's note: Agricultural area",,,100-200
farms.faostat-wcad.area-by-land-size,DNK,1999/2000,1151460.0,,,,final,"WCA 2000 round, census 1999/00. FAO flag A: Official figure. FAO's note: Agricultural area",,,100-200
farms.faostat-wcad.area-by-land-size,DNK,2010,1750750.0,,,,final,"WCA 2010 round, census 2010. FAO flag A: Official figure. FAO's note: UAA",,,100-200
farms.faostat-wcad.area-by-land-size,DNK,2020,1979530.0,,,,final,"WCA 2020 round, census 2020. FAO flag A: Official figure. FAO's note: UAA",,,100-200
farms.faostat-wcad.area-by-land-size,DNK,1959,91383.0,,,,final,"WCA 1960 round, census 1959. FAO flag A: Official figure.",,,200-500
farms.faostat-wcad.area-by-land-size,DOM,1950,47493.44,,,,final,"WCA 1950 round, census 1950. FAO flag I: Value imputed by a receiving agency.",,,0-1
farms.faostat-wcad.area-by-land-size,DOM,1960,90546.0,,,,final,"WCA 1960 round, census 1960. FAO flag A: Official figure.",,,0-1
farms.faostat-wcad.area-by-land-size,DOM,1971,72460.23,,,,final,"WCA 1970 round, census 1971. FAO flag I: Value imputed by a receiving agency.",,,0-1
farms.faostat-wcad.area-by-land-size,DOM,1950,86340.68,,,,final,"WCA 1950 round, census 1950. FAO flag I: Value imputed by a receiving agency.",,,1-2
farms.faostat-wcad.area-by-land-size,DOM,1960,124190.0,,,,final,"WCA 1960 round, census 1960. FAO flag A: Official figure.",,,1-2
farms.faostat-wcad.area-by-land-size,DOM,1971,93021.99,,,,final,"WCA 1970 round, census 1971. FAO flag I: Value imputed by a receiving agency.",,,1-2
farms.faostat-wcad.area-by-land-size,DOM,1950,182985.9,,,,final,"WCA 1950 round, census 1950. FAO flag I: Value imputed by a receiving agency.",,,2-5
farms.faostat-wcad.area-by-land-size,DOM,1960,257186.0,,,,final,"WCA 1960 round, census 1960. FAO flag A: Official figure.",,,2-5
farms.faostat-wcad.area-by-land-size,DOM,1971,186348.78,,,,final,"WCA 1970 round, census 1971. FAO flag I: Value imputed by a receiving agency.",,,2-5
farms.faostat-wcad.area-by-land-size,DOM,1950,224023.13,,,,final,"WCA 1950 round, census 1950. FAO flag I: Value imputed by a receiving agency.",,,5-10
farms.faostat-wcad.area-by-land-size,DOM,1960,193285.0,,,,final,"WCA 1960 round, census 1960. FAO flag A: Official figure.",,,5-10
farms.faostat-wcad.area-by-land-size,DOM,1971,231365.0,,,,final,"WCA 1970 round, census 1971. FAO flag A: Official figure.",,,5-10
farms.faostat-wcad.area-by-land-size,DOM,1950,245798.59,,,,final,"WCA 1950 round, census 1950. FAO flag I: Value imputed by a receiving agency.",,,10-20
farms.faostat-wcad.area-by-land-size,DOM,1960,223542.0,,,,final,"WCA 1960 round, census 1960. FAO flag A: Official figure.",,,10-20
farms.faostat-wcad.area-by-land-size,DOM,1971,232543.68,,,,final,"WCA 1970 round, census 1971. FAO flag I: Value imputed by a receiving agency.",,,10-20
farms.faostat-wcad.area-by-land-size,DOM,1950,297858.55,,,,final,"WCA 1950 round, census 1950. FAO flag I: Value imputed by a receiving agency.",,,20-50
farms.faostat-wcad.area-by-land-size,DOM,1960,276379.0,,,,final,"WCA 1960 round, census 1960. FAO flag A: Official figure.",,,20-50
farms.faostat-wcad.area-by-land-size,DOM,1971,352864.11,,,,final,"WCA 1970 round, census 1971. FAO flag I: Value imputed by a receiving agency.",,,20-50
farms.faostat-wcad.area-by-land-size,DOM,1950,223626.97,,,,final,"WCA 1950 round, census 1950. FAO flag I: Value imputed by a receiving agency.",,,50-100
farms.faostat-wcad.area-by-land-size,DOM,1960,169350.0,,,,final,"WCA 1960 round, census 1960. FAO flag A: Official figure.",,,50-100
farms.faostat-wcad.area-by-land-size,DOM,1971,268609.17,,,,final,"WCA 1970 round, census 1971. FAO flag I: Value imputed by a receiving agency.",,,50-100
farms.faostat-wcad.area-by-land-size,DOM,1950,167711.87,,,,final,"WCA 1950 round, census 1950. FAO flag I: Value imputed by a receiving agency.",,,100-200
farms.faostat-wcad.area-by-land-size,DOM,1960,145415.0,,,,final,"WCA 1960 round, census 1960. FAO flag A: Official figure.",,,100-200
farms.faostat-wcad.area-by-land-size,DOM,1971,249031.7,,,,final,"WCA 1970 round, census 1971. FAO flag I: Value imputed by a receiving agency.",,,100-200
farms.faostat-wcad.area-by-land-size,DOM,1950,177632.84,,,,final,"WCA 1950 round, census 1950. FAO flag I: Value imputed by a receiving agency.",,,200-500
farms.faostat-wcad.area-by-land-size,DOM,1960,173866.0,,,,final,"WCA 1960 round, census 1960. FAO flag A: Official figure.",,,200-500
farms.faostat-wcad.area-by-land-size,DOM,1971,268458.75,,,,final,"WCA 1970 round, census 1971. FAO flag I: Value imputed by a receiving agency.",,,200-500
farms.faostat-wcad.area-by-land-size,DOM,1950,109032.25,,,,final,"WCA 1950 round, census 1950. FAO flag I: Value imputed by a receiving agency.",,,500-1000
farms.faostat-wcad.area-by-land-size,DOM,1960,145189.0,,,,final,"WCA 1960 round, census 1960. FAO flag A: Official figure.",,,500-1000
farms.faostat-wcad.area-by-land-size,DOM,1971,148226.6,,,,final,"WCA 1970 round, census 1971. FAO flag I: Value imputed by a receiving agency.",,,500-1000
farms.faostat-wcad.area-by-land-size,DOM,1950,565724.78,,,,final,"WCA 1950 round, census 1950. FAO flag I: Value imputed by a receiving agency.",,,1000-plus
farms.faostat-wcad.area-by-land-size,DOM,1960,459000.0,,,,final,"WCA 1960 round, census 1960. FAO flag A: Official figure.",,,1000-plus
farms.faostat-wcad.area-by-land-size,DOM,1971,633343.98,,,,final,"WCA 1970 round, census 1971. FAO flag I: Value imputed by a receiving agency.",,,1000-plus
farms.faostat-wcad.area-by-land-size,DZA,1973,63072.0,,,,final,"WCA 1970 round, census 1973. FAO flag A: Official figure.",,,0-1
farms.faostat-wcad.area-by-land-size,DZA,2001,70516.0,,,,final,"WCA 2000 round, census 2001. FAO flag A: Official figure. FAO's note: Agricultural area",,,0-1
farms.faostat-wcad.area-by-land-size,DZA,1973,144236.0,,,,final,"WCA 1970 round, census 1973. FAO flag A: Official figure.",,,1-2
farms.faostat-wcad.area-by-land-size,DZA,2001,162315.0,,,,final,"WCA 2000 round, census 2001. FAO flag A: Official figure. FAO's note: Agricultural area",,,1-2
farms.faostat-wcad.area-by-land-size,DZA,1973,560103.0,,,,final,"WCA 1970 round, census 1973. FAO flag A: Official figure.",,,2-5
farms.faostat-wcad.area-by-land-size,DZA,2001,722275.0,,,,final,"WCA 2000 round, census 2001. FAO flag A: Official figure. FAO's note: Agricultural area",,,2-5
farms.faostat-wcad.area-by-land-size,DZA,1973,873459.0,,,,final,"WCA 1970 round, census 1973. FAO flag A: Official figure.",,,5-10
farms.faostat-wcad.area-by-land-size,DZA,2001,1200598.0,,,,final,"WCA 2000 round, census 2001. FAO flag A: Official figure. FAO's note: Agricultural area",,,5-10
farms.faostat-wcad.area-by-land-size,DZA,1973,1200624.0,,,,final,"WCA 1970 round, census 1973. FAO flag A: Official figure.",,,10-20
farms.faostat-wcad.area-by-land-size,DZA,2001,1896466.0,,,,final,"WCA 2000 round, census 2001. FAO flag A: Official figure. FAO's note: Agricultural area",,,10-20
farms.faostat-wcad.area-by-land-size,DZA,1973,1418879.0,,,,final,"WCA 1970 round, census 1973. FAO flag A: Official figure.",,,20-50
farms.faostat-wcad.area-by-land-size,DZA,2001,2484971.0,,,,final,"WCA 2000 round, census 2001. FAO flag A: Official figure. FAO's note: Agricultural area",,,20-50
farms.faostat-wcad.area-by-land-size,DZA,1973,654794.0,,,,final,"WCA 1970 round, census 1973. FAO flag A: Official figure.",,,50-100
farms.faostat-wcad.area-by-land-size,DZA,2001,930765.0,,,,final,"WCA 2000 round, census 2001. FAO flag A: Official figure. FAO's note: Agricultural area",,,50-100
farms.faostat-wcad.area-by-land-size,DZA,1973,346353.0,,,,final,"WCA 1970 round, census 1973. FAO flag A: Official figure.",,,100-200
farms.faostat-wcad.area-by-land-size,DZA,2001,532146.0,,,,final,"WCA 2000 round, census 2001. FAO flag A: Official figure. FAO's note: Agricultural area",,,100-200
farms.faostat-wcad.area-by-land-size,DZA,1973,282625.0,,,,final,"WCA 1970 round, census 1973. FAO flag A: Official figure.",,,200-500
farms.faostat-wcad.area-by-land-size,DZA,2001,458628.0,,,,final,"WCA 2000 round, census 2001. FAO flag A: Official figure. FAO's note: Agricultural area",,,200-500
farms.faostat-wcad.area-by-land-size,ECU,1974,63472.0,,,,final,"WCA 1970 round, census 1974. FAO flag A: Official figure.",,,0-1
farms.faostat-wcad.area-by-land-size,ECU,1999/2000,95834.0,,,,final,"WCA 2000 round, census 1999/00. FAO flag A: Official figure.",,,0-1
farms.faostat-wcad.area-by-land-size,ECU,1974,110925.0,,,,final,"WCA 1970 round, census 1974. FAO flag A: Official figure.",,,1-2
farms.faostat-wcad.area-by-land-size,ECU,1999/2000,156016.0,,,,final,"WCA 2000 round, census 1999/00. FAO flag A: Official figure.",,,1-2
farms.faostat-wcad.area-by-land-size,ECU,1974,360737.0,,,,final,"WCA 1970 round, census 1974. FAO flag A: Official figure.",,,2-5
farms.faostat-wcad.area-by-land-size,ECU,1999/2000,522375.0,,,,final,"WCA 2000 round, census 1999/00. FAO flag A: Official figure.",,,2-5
farms.faostat-wcad.area-by-land-size,ECU,1974,377288.0,,,,final,"WCA 1970 round, census 1974. FAO flag A: Official figure.",,,5-10
farms.faostat-wcad.area-by-land-size,ECU,1999/2000,688987.0,,,,final,"WCA 2000 round, census 1999/00. FAO flag A: Official figure.",,,5-10
farms.faostat-wcad.area-by-land-size,ECU,1974,553804.0,,,,final,"WCA 1970 round, census 1974. FAO flag A: Official figure.",,,10-20
farms.faostat-wcad.area-by-land-size,ECU,1999/2000,1017807.0,,,,final,"WCA 2000 round, census 1999/00. FAO flag A: Official figure.",,,10-20
farms.faostat-wcad.area-by-land-size,ECU,1974,1315560.0,,,,final,"WCA 1970 round, census 1974. FAO flag A: Official figure.",,,20-50
farms.faostat-wcad.area-by-land-size,ECU,1999/2000,2372027.0,,,,final,"WCA 2000 round, census 1999/00. FAO flag A: Official figure.",,,20-50
farms.faostat-wcad.area-by-land-size,ECU,1974,1348926.0,,,,final,"WCA 1970 round, census 1974. FAO flag A: Official figure.",,,50-100
farms.faostat-wcad.area-by-land-size,ECU,1999/2000,2242409.0,,,,final,"WCA 2000 round, census 1999/00. FAO flag A: Official figure.",,,50-100
farms.faostat-wcad.area-by-land-size,ECU,1974,831033.0,,,,final,"WCA 1970 round, census 1974. FAO flag A: Official figure.",,,100-200
farms.faostat-wcad.area-by-land-size,ECU,1999/2000,1666879.0,,,,final,"WCA 2000 round, census 1999/00. FAO flag A: Official figure.",,,100-200
farms.faostat-wcad.area-by-land-size,ECU,1974,844331.0,,,,final,"WCA 1970 round, census 1974. FAO flag A: Official figure.",,,200-500
farms.faostat-wcad.area-by-land-size,ECU,1999/2000,3593497.0,,,,final,"WCA 2000 round, census 1999/00. FAO flag A: Official figure.",,,200-500
farms.faostat-wcad.area-by-land-size,ECU,1974,548007.0,,,,final,"WCA 1970 round, census 1974. FAO flag A: Official figure.",,,500-1000
farms.faostat-wcad.area-by-land-size,ECU,1974,1601166.0,,,,final,"WCA 1970 round, census 1974. FAO flag A: Official figure.",,,1000-plus
farms.faostat-wcad.area-by-land-size,EGY,1929,300494.0,,,,final,"WCA 1930 round, census 1929. FAO flag I: Value imputed by a receiving agency.",,,0-1
farms.faostat-wcad.area-by-land-size,EGY,1990,810298.0,,,,final,"WCA 1990 round, census 1990. FAO flag A: Official figure.",,,0-1
farms.faostat-wcad.area-by-land-size,EGY,1999/2000,1403153.0,,,,final,"WCA 2000 round, census 1999/00. FAO flag I: Value imputed by a receiving agency.",,,0-1
farms.faostat-wcad.area-by-land-size,EGY,2009/2010,1144189.0,,,,final,"WCA 2010 round, census 2009/10. FAO flag I: Value imputed by a receiving agency.",,,0-1
farms.faostat-wcad.area-by-land-size,EGY,1929,278750.0,,,,final,"WCA 1930 round, census 1929. FAO flag I: Value imputed by a receiving agency.",,,1-2
farms.faostat-wcad.area-by-land-size,EGY,1990,755564.0,,,,final,"WCA 1990 round, census 1990. FAO flag A: Official figure.",,,1-2
farms.faostat-wcad.area-by-land-size,EGY,1999/2000,665914.0,,,,final,"WCA 2000 round, census 1999/00. FAO flag I: Value imputed by a receiving agency.",,,1-2
farms.faostat-wcad.area-by-land-size,EGY,2009/2010,738629.0,,,,final,"WCA 2010 round, census 2009/10. FAO flag I: Value imputed by a receiving agency.",,,1-2
farms.faostat-wcad.area-by-land-size,EGY,2009/2010,438113.0,,,,final,"WCA 2010 round, census 2009/10. FAO flag I: Value imputed by a receiving agency.",,,2-3
farms.faostat-wcad.area-by-land-size,EGY,2009/2010,163992.0,,,,final,"WCA 2010 round, census 2009/10. FAO flag I: Value imputed by a receiving agency.",,,3-4
farms.faostat-wcad.area-by-land-size,EGY,2009/2010,162005.0,,,,final,"WCA 2010 round, census 2009/10. FAO flag I: Value imputed by a receiving agency.",,,4-5
farms.faostat-wcad.area-by-land-size,EGY,1929,403626.0,,,,final,"WCA 1930 round, census 1929. FAO flag I: Value imputed by a receiving agency.",,,2-5
farms.faostat-wcad.area-by-land-size,EGY,1990,662860.0,,,,final,"WCA 1990 round, census 1990. FAO flag A: Official figure.",,,2-5
farms.faostat-wcad.area-by-land-size,EGY,1999/2000,684168.0,,,,final,"WCA 2000 round, census 1999/00. FAO flag I: Value imputed by a receiving agency.",,,2-5
farms.faostat-wcad.area-by-land-size,EGY,1929,289710.0,,,,final,"WCA 1930 round, census 1929. FAO flag I: Value imputed by a receiving agency.",,,5-10
farms.faostat-wcad.area-by-land-size,EGY,1990,314329.0,,,,final,"WCA 1990 round, census 1990. FAO flag A: Official figure.",,,5-10
farms.faostat-wcad.area-by-land-size,EGY,1999/2000,353250.0,,,,final,"WCA 2000 round, census 1999/00. FAO flag I: Value imputed by a receiving agency.",,,5-10
farms.faostat-wcad.area-by-land-size,EGY,2009/2010,444783.0,,,,final,"WCA 2010 round, census 2009/10. FAO flag I: Value imputed by a receiving agency.",,,5-10
farms.faostat-wcad.area-by-land-size,EGY,1929,258284.0,,,,final,"WCA 1930 round, census 1929. FAO flag I: Value imputed by a receiving agency.",,,10-20
farms.faostat-wcad.area-by-land-size,EGY,1990,236968.0,,,,final,"WCA 1990 round, census 1990. FAO flag A: Official figure.",,,10-20
farms.faostat-wcad.area-by-land-size,EGY,1999/2000,236010.0,,,,final,"WCA 2000 round, census 1999/00. FAO flag I: Value imputed by a receiving agency.",,,10-20
farms.faostat-wcad.area-by-land-size,EGY,2009/2010,290779.0,,,,final,"WCA 2010 round, census 2009/10. FAO flag I: Value imputed by a receiving agency.",,,10-20
farms.faostat-wcad.area-by-land-size,EGY,1929,316781.0,,,,final,"WCA 1930 round, census 1929. FAO flag I: Value imputed by a receiving agency.",,,20-50
farms.faostat-wcad.area-by-land-size,EGY,1990,517262.0,,,,final,"WCA 1990 round, census 1990. FAO flag A: Official figure.",,,20-50
farms.faostat-wcad.area-by-land-size,EGY,1999/2000,408204.0,,,,final,"WCA 2000 round, census 1999/00. FAO flag I: Value imputed by a receiving agency.",,,20-50
farms.faostat-wcad.area-by-land-size,EGY,2009/2010,181450.0,,,,final,"WCA 2010 round, census 2009/10. FAO flag I: Value imputed by a receiving agency.",,,20-50
farms.faostat-wcad.area-by-land-size,EGY,1929,224868.0,,,,final,"WCA 1930 round, census 1929. FAO flag I: Value imputed by a receiving agency.",,,50-100
farms.faostat-wcad.area-by-land-size,EGY,2009/2010,85003.0,,,,final,"WCA 2010 round, census 2009/10. FAO flag I: Value imputed by a receiving agency.",,,50-100
farms.faostat-wcad.area-by-land-size,EGY,1929,210269.0,,,,final,"WCA 1930 round, census 1929. FAO flag I: Value imputed by a receiving agency.",,,100-200
farms.faostat-wcad.area-by-land-size,EGY,2009/2010,60086.0,,,,final,"WCA 2010 round, census 2009/10. FAO flag I: Value imputed by a receiving agency.",,,100-200
farms.faostat-wcad.area-by-land-size,EGY,1929,842953.0,,,,final,"WCA 1930 round, census 1929. FAO flag I: Value imputed by a receiving agency.",,,200-500
farms.faostat-wcad.area-by-land-size,EGY,2009/2010,377901.0,,,,final,"WCA 2010 round, census 2009/10. FAO flag I: Value imputed by a receiving agency.",,,200-500
farms.faostat-wcad.area-by-land-size,ESP,1962,318551.0,,,,final,"WCA 1960 round, census 1962. FAO flag A: Official figure. FAO's note: Includes holdings without land",,,0-1
farms.faostat-wcad.area-by-land-size,ESP,1972,271819.0,,,,final,"WCA 1970 round, census 1972. FAO flag A: Official figure.",,,0-1
farms.faostat-wcad.area-by-land-size,ESP,1982,264960.0,,,,final,"WCA 1980 round, census 1982. FAO flag A: Official figure.",,,0-1
farms.faostat-wcad.area-by-land-size,ESP,1989,287727.0,,,,final,"WCA 1990 round, census 1989. FAO flag A: Official figure.",,,0-1
farms.faostat-wcad.area-by-land-size,ESP,2009,148610.0,,,,final,"WCA 2010 round, census 2009. FAO flag I: Value imputed by a receiving agency. FAO's note: UAA",,,0-1
farms.faostat-wcad.area-by-land-size,ESP,2020,86064.0,,,,final,"WCA 2020 round, census 2020. FAO flag I: Value imputed by a receiving agency. FAO's note: UAA",,,0-1
farms.faostat-wcad.area-by-land-size,ESP,1962,573169.0,,,,final,"WCA 1960 round, census 1962. FAO flag A: Official figure.",,,1-2
farms.faostat-wcad.area-by-land-size,ESP,1972,542170.0,,,,final,"WCA 1970 round, census 1972. FAO flag A: Official figure.",,,1-2
farms.faostat-wcad.area-by-land-size,ESP,1982,493854.0,,,,final,"WCA 1980 round, census 1982. FAO flag A: Official figure.",,,1-2
farms.faostat-wcad.area-by-land-size,ESP,1989,492127.0,,,,final,"WCA 1990 round, census 1989. FAO flag A: Official figure.",,,1-2
farms.faostat-wcad.area-by-land-size,ESP,2009,297220.0,,,,final,"WCA 2010 round, census 2009. FAO flag A: Official figure. FAO's note: UAA",,,1-2
farms.faostat-wcad.area-by-land-size,ESP,2020,175196.0,,,,final,"WCA 2020 round, census 2020. FAO flag I: Value imputed by a receiving agency. FAO's note: UAA",,,1-2
farms.faostat-wcad.area-by-land-size,ESP,2009,249744.0,,,,final,"WCA 2010 round, census 2009. FAO flag I: Value imputed by a receiving agency. FAO's note: UAA",,,2-3
farms.faostat-wcad.area-by-land-size,ESP,2020,219434.0,,,,final,"WCA 2020 round, census 2020. FAO flag I: Value imputed by a receiving agency. FAO's note: UAA",,,2-3
farms.faostat-wcad.area-by-land-size,ESP,2009,248466.0,,,,final,"WCA 2010 round, census 2009. FAO flag I: Value imputed by a receiving agency. FAO's note: UAA",,,3-4
farms.faostat-wcad.area-by-land-size,ESP,2020,218312.0,,,,final,"WCA 2020 round, census 2020. FAO flag I: Value imputed by a receiving agency. FAO's note: UAA",,,3-4
farms.faostat-wcad.area-by-land-size,ESP,2009,238590.0,,,,final,"WCA 2010 round, census 2009. FAO flag I: Value imputed by a receiving agency. FAO's note: UAA",,,4-5
farms.faostat-wcad.area-by-land-size,ESP,2020,209634.0,,,,final,"WCA 2020 round, census 2020. FAO flag I: Value imputed by a receiving agency. FAO's note: UAA",,,4-5
farms.faostat-wcad.area-by-land-size,ESP,1962,1989265.0,,,,final,"WCA 1960 round, census 1962. FAO flag A: Official figure.",,,2-5
farms.faostat-wcad.area-by-land-size,ESP,1972,1855029.0,,,,final,"WCA 1970 round, census 1972. FAO flag A: Official figure.",,,2-5
farms.faostat-wcad.area-by-land-size,ESP,1982,1632679.0,,,,final,"WCA 1980 round, census 1982. FAO flag A: Official figure.",,,2-5
farms.faostat-wcad.area-by-land-size,ESP,1989,1521460.0,,,,final,"WCA 1990 round, census 1989. FAO flag A: Official figure.",,,2-5
farms.faostat-wcad.area-by-land-size,ESP,1962,2927613.0,,,,final,"WCA 1960 round, census 1962. FAO flag A: Official figure.",,,5-10
farms.faostat-wcad.area-by-land-size,ESP,1972,2708830.0,,,,final,"WCA 1970 round, census 1972. FAO flag A: Official figure.",,,5-10
farms.faostat-wcad.area-by-land-size,ESP,1982,2324654.0,,,,final,"WCA 1980 round, census 1982. FAO flag A: Official figure.",,,5-10
farms.faostat-wcad.area-by-land-size,ESP,1989,2105962.0,,,,final,"WCA 1990 round, census 1989. FAO flag A: Official figure.",,,5-10
farms.faostat-wcad.area-by-land-size,ESP,2009,995440.0,,,,final,"WCA 2010 round, census 2009. FAO flag A: Official figure. FAO's note: UAA",,,5-10
farms.faostat-wcad.area-by-land-size,ESP,2020,939230.0,,,,final,"WCA 2020 round, census 2020. FAO flag A: Official figure. FAO's note: UAA",,,5-10
farms.faostat-wcad.area-by-land-size,ESP,1962,4192331.0,,,,final,"WCA 1960 round, census 1962. FAO flag A: Official figure.",,,10-20
farms.faostat-wcad.area-by-land-size,ESP,1972,3742303.0,,,,final,"WCA 1970 round, census 1972. FAO flag A: Official figure.",,,10-20
farms.faostat-wcad.area-by-land-size,ESP,1982,3339424.0,,,,final,"WCA 1980 round, census 1982. FAO flag A: Official figure.",,,10-20
farms.faostat-wcad.area-by-land-size,ESP,1989,2987872.0,,,,final,"WCA 1990 round, census 1989. FAO flag A: Official figure.",,,10-20
farms.faostat-wcad.area-by-land-size,ESP,2009,1558920.0,,,,final,"WCA 2010 round, census 2009. FAO flag A: Official figure. FAO's note: UAA",,,10-20
farms.faostat-wcad.area-by-land-size,ESP,2020,1468390.0,,,,final,"WCA 2020 round, census 2020. FAO flag A: Official figure. FAO's note: UAA",,,10-20
farms.faostat-wcad.area-by-land-size,ESP,1962,5872086.0,,,,final,"WCA 1960 round, census 1962. FAO flag A: Official figure.",,,20-50
farms.faostat-wcad.area-by-land-size,ESP,1972,5489373.0,,,,final,"WCA 1970 round, census 1972. FAO flag A: Official figure.",,,20-50
farms.faostat-wcad.area-by-land-size,ESP,1982,5126525.0,,,,final,"WCA 1980 round, census 1982. FAO flag A: Official figure.",,,20-50
farms.faostat-wcad.area-by-land-size,ESP,1989,4725044.0,,,,final,"WCA 1990 round, census 1989. FAO flag A: Official figure.",,,20-50
farms.faostat-wcad.area-by-land-size,ESP,2009,3391090.0,,,,final,"WCA 2010 round, census 2009. FAO flag A: Official figure. FAO's note: UAA",,,20-50
farms.faostat-wcad.area-by-land-size,ESP,2020,3208770.0,,,,final,"WCA 2020 round, census 2020. FAO flag A: Official figure. FAO's note: UAA",,,20-50
farms.faostat-wcad.area-by-land-size,ESP,1962,3510835.0,,,,final,"WCA 1960 round, census 1962. FAO flag A: Official figure.",,,50-100
farms.faostat-wcad.area-by-land-size,ESP,1972,4052560.0,,,,final,"WCA 1970 round, census 1972. FAO flag A: Official figure.",,,50-100
farms.faostat-wcad.area-by-land-size,ESP,1982,4234152.0,,,,final,"WCA 1980 round, census 1982. FAO flag A: Official figure.",,,50-100
farms.faostat-wcad.area-by-land-size,ESP,1989,4064342.0,,,,final,"WCA 1990 round, census 1989. FAO flag A: Official figure.",,,50-100
farms.faostat-wcad.area-by-land-size,ESP,2009,3683770.0,,,,final,"WCA 2010 round, census 2009. FAO flag A: Official figure. FAO's note: UAA",,,50-100
farms.faostat-wcad.area-by-land-size,ESP,2020,3559510.0,,,,final,"WCA 2020 round, census 2020. FAO flag A: Official figure. FAO's note: UAA",,,50-100
farms.faostat-wcad.area-by-land-size,ESP,1962,3376997.0,,,,final,"WCA 1960 round, census 1962. FAO flag A: Official figure.",,,100-200
farms.faostat-wcad.area-by-land-size,ESP,1972,3994376.0,,,,final,"WCA 1970 round, census 1972. FAO flag A: Official figure.",,,100-200
farms.faostat-wcad.area-by-land-size,ESP,1982,4255428.0,,,,final,"WCA 1980 round, census 1982. FAO flag A: Official figure.",,,100-200
farms.faostat-wcad.area-by-land-size,ESP,1989,4030124.0,,,,final,"WCA 1990 round, census 1989. FAO flag A: Official figure.",,,100-200
farms.faostat-wcad.area-by-land-size,ESP,2009,13089450.0,,,,final,"WCA 2010 round, census 2009. FAO flag A: Official figure. FAO's note: UAA",,,100-200
farms.faostat-wcad.area-by-land-size,ESP,2020,13829140.0,,,,final,"WCA 2020 round, census 2020. FAO flag A: Official figure. FAO's note: UAA",,,100-200
farms.faostat-wcad.area-by-land-size,ESP,1962,5286697.0,,,,final,"WCA 1960 round, census 1962. FAO flag A: Official figure.",,,200-500
farms.faostat-wcad.area-by-land-size,ESP,1972,5944423.0,,,,final,"WCA 1970 round, census 1972. FAO flag A: Official figure.",,,200-500
farms.faostat-wcad.area-by-land-size,ESP,1982,5887565.0,,,,final,"WCA 1980 round, census 1982. FAO flag A: Official figure.",,,200-500
farms.faostat-wcad.area-by-land-size,ESP,1989,5782870.0,,,,final,"WCA 1990 round, census 1989. FAO flag A: Official figure.",,,200-500
farms.faostat-wcad.area-by-land-size,ESP,1962,4670836.0,,,,final,"WCA 1960 round, census 1962. FAO flag A: Official figure.",,,500-1000
farms.faostat-wcad.area-by-land-size,ESP,1972,4774876.0,,,,final,"WCA 1970 round, census 1972. FAO flag A: Official figure.",,,500-1000
farms.faostat-wcad.area-by-land-size,ESP,1982,4778802.0,,,,final,"WCA 1980 round, census 1982. FAO flag A: Official figure.",,,500-1000
farms.faostat-wcad.area-by-land-size,ESP,1989,4867110.0,,,,final,"WCA 1990 round, census 1989. FAO flag A: Official figure.",,,500-1000
farms.faostat-wcad.area-by-land-size,ESP,1962,11931709.0,,,,final,"WCA 1960 round, census 1962. FAO flag A: Official figure.",,,1000-plus
farms.faostat-wcad.area-by-land-size,ESP,1972,12326861.0,,,,final,"WCA 1970 round, census 1972. FAO flag A: Official figure.",,,1000-plus
farms.faostat-wcad.area-by-land-size,ESP,1982,11973726.0,,,,final,"WCA 1980 round, census 1982. FAO flag A: Official figure.",,,1000-plus
farms.faostat-wcad.area-by-land-size,ESP,1989,12074570.0,,,,final,"WCA 1990 round, census 1989. FAO flag A: Official figure.",,,1000-plus
farms.faostat-wcad.area-by-land-size,EST,2001,4694.0,,,,final,"WCA 2000 round, census 2001. FAO flag A: Official figure. FAO's note: Agricultural area",,,0-1
farms.faostat-wcad.area-by-land-size,EST,2010,962.0,,,,final,"WCA 2010 round, census 2010. FAO flag I: Value imputed by a receiving agency. FAO's note: UAA",,,0-1
farms.faostat-wcad.area-by-land-size,EST,2020,86.0,,,,final,"WCA 2020 round, census 2020. FAO flag I: Value imputed by a receiving agency. FAO's note: UAA",,,0-1
farms.faostat-wcad.area-by-land-size,EST,1929,15572.0,,,,final,"WCA 1930 round, census 1929. FAO flag I: Value imputed by a receiving agency.",,,1-2
farms.faostat-wcad.area-by-land-size,EST,2001,19631.0,,,,final,"WCA 2000 round, census 2001. FAO flag A: Official figure. FAO's note: Agricultural area",,,1-2
farms.faostat-wcad.area-by-land-size,EST,2010,1958.0,,,,final,"WCA 2010 round, census 2010. FAO flag I: Value imputed by a receiving agency. FAO's note: UAA",,,1-2
farms.faostat-wcad.area-by-land-size,EST,2020,174.0,,,,final,"WCA 2020 round, census 2020. FAO flag I: Value imputed by a receiving agency. FAO's note: UAA",,,1-2
farms.faostat-wcad.area-by-land-size,EST,2010,4779.0,,,,final,"WCA 2010 round, census 2010. FAO flag I: Value imputed by a receiving agency. FAO's note: UAA",,,2-3
farms.faostat-wcad.area-by-land-size,EST,2020,858.0,,,,final,"WCA 2020 round, census 2020. FAO flag I: Value imputed by a receiving agency. FAO's note: UAA",,,2-3
farms.faostat-wcad.area-by-land-size,EST,2010,4755.0,,,,final,"WCA 2010 round, census 2010. FAO flag I: Value imputed by a receiving agency. FAO's note: UAA",,,3-4
farms.faostat-wcad.area-by-land-size,EST,2020,853.0,,,,final,"WCA 2020 round, census 2020. FAO flag I: Value imputed by a receiving agency. FAO's note: UAA",,,3-4
farms.faostat-wcad.area-by-land-size,EST,2010,4566.0,,,,final,"WCA 2010 round, census 2010. FAO flag I: Value imputed by a receiving agency. FAO's note: UAA",,,4-5
farms.faostat-wcad.area-by-land-size,EST,2020,819.0,,,,final,"WCA 2020 round, census 2020. FAO flag I: Value imputed by a receiving agency. FAO's note: UAA",,,4-5
farms.faostat-wcad.area-by-land-size,EST,1929,76316.0,,,,final,"WCA 1930 round, census 1929. FAO flag I: Value imputed by a receiving agency.",,,2-5
farms.faostat-wcad.area-by-land-size,EST,2001,52658.0,,,,final,"WCA 2000 round, census 2001. FAO flag A: Official figure. FAO's note: Agricultural area",,,2-5
farms.faostat-wcad.area-by-land-size,EST,1929,197401.0,,,,final,"WCA 1930 round, census 1929. FAO flag A: Official figure.",,,5-10
farms.faostat-wcad.area-by-land-size,EST,2001,76356.0,,,,final,"WCA 2000 round, census 2001. FAO flag A: Official figure. FAO's note: Agricultural area",,,5-10
farms.faostat-wcad.area-by-land-size,EST,2010,29300.0,,,,final,"WCA 2010 round, census 2010. FAO flag A: Official figure. FAO's note: UAA",,,5-10
farms.faostat-wcad.area-by-land-size,EST,2020,21240.0,,,,final,"WCA 2020 round, census 2020. FAO flag A: Official figure. FAO's note: UAA",,,5-10
farms.faostat-wcad.area-by-land-size,EST,1929,602460.0,,,,final,"WCA 1930 round, census 1929. FAO flag A: Official figure.",,,10-20
farms.faostat-wcad.area-by-land-size,EST,2001,107814.0,,,,final,"WCA 2000 round, census 2001. FAO flag A: Official figure. FAO's note: Agricultural area",,,10-20
farms.faostat-wcad.area-by-land-size,EST,2010,48690.0,,,,final,"WCA 2010 round, census 2010. FAO flag A: Official figure. FAO's note: UAA",,,10-20
farms.faostat-wcad.area-by-land-size,EST,2020,32050.0,,,,final,"WCA 2020 round, census 2020. FAO flag A: Official figure. FAO's note: UAA",,,10-20
farms.faostat-wcad.area-by-land-size,EST,1929,1630428.0,,,,final,"WCA 1930 round, census 1929. FAO flag A: Official figure.",,,20-50
farms.faostat-wcad.area-by-land-size,EST,2001,125751.0,,,,final,"WCA 2000 round, census 2001. FAO flag A: Official figure. FAO's note: Agricultural area",,,20-50
farms.faostat-wcad.area-by-land-size,EST,2010,81020.0,,,,final,"WCA 2010 round, census 2010. FAO flag A: Official figure. FAO's note: UAA",,,20-50
farms.faostat-wcad.area-by-land-size,EST,2020,65130.0,,,,final,"WCA 2020 round, census 2020. FAO flag A: Official figure. FAO's note: UAA",,,20-50
farms.faostat-wcad.area-by-land-size,EST,1929,456056.0,,,,final,"WCA 1930 round, census 1929. FAO flag A: Official figure.",,,50-100
farms.faostat-wcad.area-by-land-size,EST,2001,66346.0,,,,final,"WCA 2000 round, census 2001. FAO flag A: Official figure. FAO's note: Agricultural area",,,50-100
farms.faostat-wcad.area-by-land-size,EST,2010,76210.0,,,,final,"WCA 2010 round, census 2010. FAO flag A: Official figure. FAO's note: UAA",,,50-100
farms.faostat-wcad.area-by-land-size,EST,2020,73390.0,,,,final,"WCA 2020 round, census 2020. FAO flag A: Official figure. FAO's note: UAA",,,50-100
farms.faostat-wcad.area-by-land-size,EST,1929,115563.0,,,,final,"WCA 1930 round, census 1929. FAO flag A: Official figure.",,,100-200
farms.faostat-wcad.area-by-land-size,EST,2001,422549.0,,,,final,"WCA 2000 round, census 2001. FAO flag A: Official figure. FAO's note: Agricultural area",,,100-200
farms.faostat-wcad.area-by-land-size,EST,2010,688710.0,,,,final,"WCA 2010 round, census 2010. FAO flag A: Official figure. FAO's note: UAA",,,100-200
farms.faostat-wcad.area-by-land-size,EST,2020,780720.0,,,,final,"WCA 2020 round, census 2020. FAO flag A: Official figure. FAO's note: UAA",,,100-200
farms.faostat-wcad.area-by-land-size,ETH,1977,1194100.0,,,,final,"WCA 1980 round, census 1977. FAO flag A: Official figure. FAO's note: Data refer to individual holdings only.",,,0-1
farms.faostat-wcad.area-by-land-size,ETH,1989/1992,1796780.0,,,,final,"WCA 1990 round, census 1989-1992. FAO flag A: Official figure. FAO's note: Land under crops",,,0-1
farms.faostat-wcad.area-by-land-size,ETH,2001/2002,2993645.0,,,,final,"WCA 2000 round, census 2001/02. FAO flag A: Official figure.",,,0-1
farms.faostat-wcad.area-by-land-size,ETH,1977,1845900.0,,,,final,"WCA 1980 round, census 1977. FAO flag A: Official figure. FAO's note: Data refer to individual holdings only.",,,1-2
farms.faostat-wcad.area-by-land-size,ETH,1989/1992,1715800.0,,,,final,"WCA 1990 round, census 1989-1992. FAO flag A: Official figure. FAO's note: Land under crops",,,1-2
farms.faostat-wcad.area-by-land-size,ETH,2001/2002,3682947.0,,,,final,"WCA 2000 round, census 2001/02. FAO flag A: Official figure.",,,1-2
farms.faostat-wcad.area-by-land-size,ETH,1977,2593900.0,,,,final,"WCA 1980 round, census 1977. FAO flag A: Official figure. FAO's note: Data refer to individual holdings only.",,,2-5
farms.faostat-wcad.area-by-land-size,ETH,1989/1992,1238800.0,,,,final,"WCA 1990 round, census 1989-1992. FAO flag A: Official figure. FAO's note: Land under crops",,,2-5
farms.faostat-wcad.area-by-land-size,ETH,2001/2002,3605515.0,,,,final,"WCA 2000 round, census 2001/02. FAO flag A: Official figure.",,,2-5
farms.faostat-wcad.area-by-land-size,ETH,1977,1056800.0,,,,final,"WCA 1980 round, census 1977. FAO flag A: Official figure. FAO's note: Data refer to individual holdings only.",,,5-10
farms.faostat-wcad.area-by-land-size,ETH,1989/1992,107700.0,,,,final,"WCA 1990 round, census 1989-1992. FAO flag A: Official figure. FAO's note: Land under crops",,,5-10
farms.faostat-wcad.area-by-land-size,ETH,2001/2002,612070.0,,,,final,"WCA 2000 round, census 2001/02. FAO flag A: Official figure.",,,5-10
farms.faostat-wcad.area-by-land-size,ETH,1977,171500.0,,,,final,"WCA 1980 round, census 1977. FAO flag A: Official figure. FAO's note: Data refer to individual holdings only.",,,10-20
farms.faostat-wcad.area-by-land-size,ETH,1989/1992,11940.0,,,,final,"WCA 1990 round, census 1989-1992. FAO flag A: Official figure. FAO's note: Land under crops",,,10-20
farms.faostat-wcad.area-by-land-size,ETH,2001/2002,153072.0,,,,final,"WCA 2000 round, census 2001/02. FAO flag A: Official figure.",,,10-20
farms.faostat-wcad.area-by-land-size,FIN,1929/1930,309461.0,,,,final,"WCA 1930 round, census 1929/30. FAO flag A: Official figure.",,,0-1
farms.faostat-wcad.area-by-land-size,FIN,1950,440303.32,,,,final,"WCA 1950 round, census 1950. FAO flag I: Value imputed by a receiving agency.",,,0-1
farms.faostat-wcad.area-by-land-size,FIN,1959/1960,466851.0,,,,final,"WCA 1960 round, census 1959/60. FAO flag A: Official figure.",,,0-1
farms.faostat-wcad.area-by-land-size,FIN,2010,326.0,,,,final,"WCA 2010 round, census 2010. FAO flag I: Value imputed by a receiving agency. FAO's note: UAA",,,0-1
farms.faostat-wcad.area-by-land-size,FIN,2020,96.0,,,,final,"WCA 2020 round, census 2020. FAO flag I: Value imputed by a receiving agency. FAO's note: UAA",,,0-1
farms.faostat-wcad.area-by-land-size,FIN,1929/1930,782330.0,,,,final,"WCA 1930 round, census 1929/30. FAO flag A: Official figure.",,,1-2
farms.faostat-wcad.area-by-land-size,FIN,1950,737499.68,,,,final,"WCA 1950 round, census 1950. FAO flag I: Value imputed by a receiving agency.",,,1-2
farms.faostat-wcad.area-by-land-size,FIN,1959/1960,718092.0,,,,final,"WCA 1960 round, census 1959/60. FAO flag A: Official figure.",,,1-2
farms.faostat-wcad.area-by-land-size,FIN,1969/1970,498156.0,,,,final,"WCA 1970 round, census 1969/70. FAO flag A: Official figure.",,,1-2
farms.faostat-wcad.area-by-land-size,FIN,1980,369272.0,,,,final,"WCA 1980 round, census 1980. FAO flag A: Official figure.",,,1-2
farms.faostat-wcad.area-by-land-size,FIN,1990,614660.0,,,,final,"WCA 1990 round, census 1990. FAO flag A: Official figure. FAO's note: Arable area. < 2 ha",,,1-2
farms.faostat-wcad.area-by-land-size,FIN,1999/2000,62800.0,,,,final,"WCA 2000 round, census 1999/00. FAO flag A: Official figure. FAO's note: Agricultural area. < 2 ha",,,1-2
farms.faostat-wcad.area-by-land-size,FIN,2010,664.0,,,,final,"WCA 2010 round, census 2010. FAO flag I: Value imputed by a receiving agency. FAO's note: UAA",,,1-2
farms.faostat-wcad.area-by-land-size,FIN,2020,194.0,,,,final,"WCA 2020 round, census 2020. FAO flag I: Value imputed by a receiving agency. FAO's note: UAA",,,1-2
farms.faostat-wcad.area-by-land-size,FIN,2010,5562.0,,,,final,"WCA 2010 round, census 2010. FAO flag I: Value imputed by a receiving agency. FAO's note: UAA",,,2-3
farms.faostat-wcad.area-by-land-size,FIN,2020,739.0,,,,final,"WCA 2020 round, census 2020. FAO flag I: Value imputed by a receiving agency. FAO's note: UAA",,,2-3
farms.faostat-wcad.area-by-land-size,FIN,2010,5534.0,,,,final,"WCA 2010 round, census 2010. FAO flag I: Value imputed by a receiving agency. FAO's note: UAA",,,3-4
farms.faostat-wcad.area-by-land-size,FIN,2020,735.0,,,,final,"WCA 2020 round, census 2020. FAO flag I: Value imputed by a receiving agency. FAO's note: UAA",,,3-4
farms.faostat-wcad.area-by-land-size,FIN,2010,5314.0,,,,final,"WCA 2010 round, census 2010. FAO flag I: Value imputed by a receiving agency. FAO's note: UAA",,,4-5
farms.faostat-wcad.area-by-land-size,FIN,2020,706.0,,,,final,"WCA 2020 round, census 2020. FAO flag I: Value imputed by a receiving agency. FAO's note: UAA",,,4-5
farms.faostat-wcad.area-by-land-size,FIN,1929/1930,2771768.0,,,,final,"WCA 1930 round, census 1929/30. FAO flag A: Official figure.",,,2-5
farms.faostat-wcad.area-by-land-size,FIN,1950,3445597.0,,,,final,"WCA 1950 round, census 1950. FAO flag A: Official figure.",,,2-5
farms.faostat-wcad.area-by-land-size,FIN,1959/1960,3338935.0,,,,final,"WCA 1960 round, census 1959/60. FAO flag A: Official figure.",,,2-5
farms.faostat-wcad.area-by-land-size,FIN,1969/1970,2513225.0,,,,final,"WCA 1970 round, census 1969/70. FAO flag A: Official figure.",,,2-5
farms.faostat-wcad.area-by-land-size,FIN,1980,1690484.0,,,,final,"WCA 1980 round, census 1980. FAO flag A: Official figure.",,,2-5
farms.faostat-wcad.area-by-land-size,FIN,1990,1621469.0,,,,final,"WCA 1990 round, census 1990. FAO flag A: Official figure. FAO's note: Arable area",,,2-5
farms.faostat-wcad.area-by-land-size,FIN,1999/2000,168550.0,,,,final,"WCA 2000 round, census 1999/00. FAO flag A: Official figure. FAO's note: Agricultural area",,,2-5
farms.faostat-wcad.area-by-land-size,FIN,1929/1930,3406089.0,,,,final,"WCA 1930 round, census 1929/30. FAO flag A: Official figure.",,,5-10
farms.faostat-wcad.area-by-land-size,FIN,1950,4138165.0,,,,final,"WCA 1950 round, census 1950. FAO flag A: Official figure.",,,5-10
farms.faostat-wcad.area-by-land-size,FIN,1959/1960,4724274.0,,,,final,"WCA 1960 round, census 1959/60. FAO flag A: Official figure.",,,5-10
farms.faostat-wcad.area-by-land-size,FIN,1969/1970,5028987.0,,,,final,"WCA 1970 round, census 1969/70. FAO flag A: Official figure.",,,5-10
farms.faostat-wcad.area-by-land-size,FIN,1980,3831196.0,,,,final,"WCA 1980 round, census 1980. FAO flag A: Official figure.",,,5-10
farms.faostat-wcad.area-by-land-size,FIN,1990,2395496.0,,,,final,"WCA 1990 round, census 1990. FAO flag A: Official figure. FAO's note: Arable area",,,5-10
farms.faostat-wcad.area-by-land-size,FIN,1999/2000,416110.0,,,,final,"WCA 2000 round, census 1999/00. FAO flag A: Official figure. FAO's note: Agricultural area",,,5-10
farms.faostat-wcad.area-by-land-size,FIN,2010,59550.0,,,,final,"WCA 2010 round, census 2010. FAO flag A: Official figure. FAO's note: UAA",,,5-10
farms.faostat-wcad.area-by-land-size,FIN,2020,44850.0,,,,final,"WCA 2020 round, census 2020. FAO flag A: Official figure. FAO's note: UAA",,,5-10
farms.faostat-wcad.area-by-land-size,FIN,1929/1930,3543910.0,,,,final,"WCA 1930 round, census 1929/30. FAO flag I: Value imputed by a receiving agency.",,,10-20
farms.faostat-wcad.area-by-land-size,FIN,1950,3860172.0,,,,final,"WCA 1950 round, census 1950. FAO flag A: Official figure.",,,10-20
farms.faostat-wcad.area-by-land-size,FIN,1959/1960,4064597.0,,,,final,"WCA 1960 round, census 1959/60. FAO flag A: Official figure.",,,10-20
farms.faostat-wcad.area-by-land-size,FIN,1969/1970,4409763.0,,,,final,"WCA 1970 round, census 1969/70. FAO flag A: Official figure.",,,10-20
farms.faostat-wcad.area-by-land-size,FIN,1980,3790019.0,,,,final,"WCA 1980 round, census 1980. FAO flag A: Official figure.",,,10-20
farms.faostat-wcad.area-by-land-size,FIN,1990,3340276.0,,,,final,"WCA 1990 round, census 1990. FAO flag A: Official figure. FAO's note: Arable area",,,10-20
farms.faostat-wcad.area-by-land-size,FIN,1999/2000,1092980.0,,,,final,"WCA 2000 round, census 1999/00. FAO flag A: Official figure. FAO's note: Agricultural area",,,10-20
farms.faostat-wcad.area-by-land-size,FIN,2010,197000.0,,,,final,"WCA 2010 round, census 2010. FAO flag A: Official figure. FAO's note: UAA",,,10-20
farms.faostat-wcad.area-by-land-size,FIN,2020,129780.0,,,,final,"WCA 2020 round, census 2020. FAO flag A: Official figure. FAO's note: UAA",,,10-20
farms.faostat-wcad.area-by-land-size,FIN,1929/1930,3014640.0,,,,final,"WCA 1930 round, census 1929/30. FAO flag I: Value imputed by a receiving agency.",,,20-50
farms.faostat-wcad.area-by-land-size,FIN,1950,2346964.0,,,,final,"WCA 1950 round, census 1950. FAO flag A: Official figure.",,,20-50
farms.faostat-wcad.area-by-land-size,FIN,1959/1960,2098916.0,,,,final,"WCA 1960 round, census 1959/60. FAO flag A: Official figure.",,,20-50
farms.faostat-wcad.area-by-land-size,FIN,1969/1970,2126332.0,,,,final,"WCA 1970 round, census 1969/70. FAO flag A: Official figure.",,,20-50
farms.faostat-wcad.area-by-land-size,FIN,1980,2457670.0,,,,final,"WCA 1980 round, census 1980. FAO flag A: Official figure.",,,20-50
farms.faostat-wcad.area-by-land-size,FIN,1990,3393687.0,,,,final,"WCA 1990 round, census 1990. FAO flag A: Official figure. FAO's note: Arable area",,,20-50
farms.faostat-wcad.area-by-land-size,FIN,1999/2000,2500220.0,,,,final,"WCA 2000 round, census 1999/00. FAO flag A: Official figure. FAO's note: Agricultural area",,,20-50
farms.faostat-wcad.area-by-land-size,FIN,2010,706530.0,,,,final,"WCA 2010 round, census 2010. FAO flag A: Official figure. FAO's note: UAA",,,20-50
farms.faostat-wcad.area-by-land-size,FIN,2020,462870.0,,,,final,"WCA 2020 round, census 2020. FAO flag A: Official figure. FAO's note: UAA",,,20-50
farms.faostat-wcad.area-by-land-size,FIN,1929/1930,852826.0,,,,final,"WCA 1930 round, census 1929/30. FAO flag A: Official figure.",,,50-100
farms.faostat-wcad.area-by-land-size,FIN,1950,364721.0,,,,final,"WCA 1950 round, census 1950. FAO flag A: Official figure.",,,50-100
farms.faostat-wcad.area-by-land-size,FIN,1959/1960,359898.0,,,,final,"WCA 1960 round, census 1959/60. FAO flag A: Official figure.",,,50-100
farms.faostat-wcad.area-by-land-size,FIN,1969/1970,381895.0,,,,final,"WCA 1970 round, census 1969/70. FAO flag A: Official figure.",,,50-100
farms.faostat-wcad.area-by-land-size,FIN,1980,465777.0,,,,final,"WCA 1980 round, census 1980. FAO flag A: Official figure.",,,50-100
farms.faostat-wcad.area-by-land-size,FIN,1990,708722.0,,,,final,"WCA 1990 round, census 1990. FAO flag A: Official figure. FAO's note: Arable area",,,50-100
farms.faostat-wcad.area-by-land-size,FIN,1999/2000,1196790.0,,,,final,"WCA 2000 round, census 1999/00. FAO flag A: Official figure. FAO's note: Agricultural area",,,50-100
farms.faostat-wcad.area-by-land-size,FIN,2010,746910.0,,,,final,"WCA 2010 round, census 2010. FAO flag A: Official figure. FAO's note: UAA",,,50-100
farms.faostat-wcad.area-by-land-size,FIN,2020,654550.0,,,,final,"WCA 2020 round, census 2020. FAO flag A: Official figure. FAO's note: UAA",,,50-100
farms.faostat-wcad.area-by-land-size,FIN,1929/1930,675899.0,,,,final,"WCA 1930 round, census 1929/30. FAO flag A: Official figure.",,,100-200
farms.faostat-wcad.area-by-land-size,FIN,1950,200935.0,,,,final,"WCA 1950 round, census 1950. FAO flag A: Official figure.",,,100-200
farms.faostat-wcad.area-by-land-size,FIN,1959/1960,188058.0,,,,final,"WCA 1960 round, census 1959/60. FAO flag A: Official figure.",,,100-200
farms.faostat-wcad.area-by-land-size,FIN,1969/1970,191865.0,,,,final,"WCA 1970 round, census 1969/70. FAO flag A: Official figure.",,,100-200
farms.faostat-wcad.area-by-land-size,FIN,1980,195908.0,,,,final,"WCA 1980 round, census 1980. FAO flag A: Official figure.",,,100-200
farms.faostat-wcad.area-by-land-size,FIN,1990,264129.0,,,,final,"WCA 1990 round, census 1990. FAO flag A: Official figure. FAO's note: Arable area",,,100-200
farms.faostat-wcad.area-by-land-size,FIN,1999/2000,428080.0,,,,final,"WCA 2000 round, census 1999/00. FAO flag A: Official figure. FAO's note: Agricultural area",,,100-200
farms.faostat-wcad.area-by-land-size,FIN,2010,563590.0,,,,final,"WCA 2010 round, census 2010. FAO flag A: Official figure. FAO's note: UAA",,,100-200
farms.faostat-wcad.area-by-land-size,FIN,2020,987210.0,,,,final,"WCA 2020 round, census 2020. FAO flag A: Official figure. FAO's note: UAA",,,100-200
farms.faostat-wcad.area-by-land-size,FJI,1978/1979,8308.0,,,,final,"WCA 1980 round, census 1978/79. FAO flag A: Official figure.",,,0-1
farms.faostat-wcad.area-by-land-size,FJI,1991,11358.0,,,,final,"WCA 1990 round, census 1991. FAO flag A: Official figure.",,,0-1
farms.faostat-wcad.area-by-land-size,FJI,2009,11820.0,,,,final,"WCA 2010 round, census 2009. FAO flag A: Official figure.",,,0-1
farms.faostat-wcad.area-by-land-size,FJI,2020,15601.0,,,,final,"WCA 2020 round, census 2020. FAO flag A: Official figure.",,,0-1
farms.faostat-wcad.area-by-land-size,FJI,1978/1979,6307.0,,,,final,"WCA 1980 round, census 1978/79. FAO flag A: Official figure.",,,1-2
farms.faostat-wcad.area-by-land-size,FJI,1991,16132.0,,,,final,"WCA 1990 round, census 1991. FAO flag A: Official figure.",,,1-2
farms.faostat-wcad.area-by-land-size,FJI,2009,15795.0,,,,final,"WCA 2010 round, census 2009. FAO flag I: Value imputed by a receiving agency.",,,1-2
farms.faostat-wcad.area-by-land-size,FJI,2020,13020.0,,,,final,"WCA 2020 round, census 2020. FAO flag I: Value imputed by a receiving agency.",,,1-2
farms.faostat-wcad.area-by-land-size,FJI,2009,13700.0,,,,final,"WCA 2010 round, census 2009. FAO flag I: Value imputed by a receiving agency.",,,2-3
farms.faostat-wcad.area-by-land-size,FJI,2020,11293.0,,,,final,"WCA 2020 round, census 2020. FAO flag I: Value imputed by a receiving agency.",,,2-3
farms.faostat-wcad.area-by-land-size,FJI,2009,16594.0,,,,final,"WCA 2010 round, census 2009. FAO flag I: Value imputed by a receiving agency.",,,3-4
farms.faostat-wcad.area-by-land-size,FJI,2020,8995.0,,,,final,"WCA 2020 round, census 2020. FAO flag I: Value imputed by a receiving agency.",,,3-4
farms.faostat-wcad.area-by-land-size,FJI,2009,14510.0,,,,final,"WCA 2010 round, census 2009. FAO flag I: Value imputed by a receiving agency.",,,4-5
farms.faostat-wcad.area-by-land-size,FJI,2020,7866.0,,,,final,"WCA 2020 round, census 2020. FAO flag I: Value imputed by a receiving agency.",,,4-5
farms.faostat-wcad.area-by-land-size,FJI,1978/1979,32315.0,,,,final,"WCA 1980 round, census 1978/79. FAO flag A: Official figure.",,,2-5
farms.faostat-wcad.area-by-land-size,FJI,1991,65189.0,,,,final,"WCA 1990 round, census 1991. FAO flag A: Official figure.",,,2-5
farms.faostat-wcad.area-by-land-size,FJI,1978/1979,38257.0,,,,final,"WCA 1980 round, census 1978/79. FAO flag A: Official figure.",,,5-10
farms.faostat-wcad.area-by-land-size,FJI,1991,87283.0,,,,final,"WCA 1990 round, census 1991. FAO flag A: Official figure.",,,5-10
farms.faostat-wcad.area-by-land-size,FJI,2009,46866.0,,,,final,"WCA 2010 round, census 2009. FAO flag A: Official figure.",,,5-10
farms.faostat-wcad.area-by-land-size,FJI,2020,20660.0,,,,final,"WCA 2020 round, census 2020. FAO flag A: Official figure.",,,5-10
farms.faostat-wcad.area-by-land-size,FJI,1978/1979,33448.0,,,,final,"WCA 1980 round, census 1978/79. FAO flag A: Official figure.",,,10-20
farms.faostat-wcad.area-by-land-size,FJI,1991,85334.0,,,,final,"WCA 1990 round, census 1991. FAO flag A: Official figure.",,,10-20
farms.faostat-wcad.area-by-land-size,FJI,2009,41491.0,,,,final,"WCA 2010 round, census 2009. FAO flag A: Official figure.",,,10-20
farms.faostat-wcad.area-by-land-size,FJI,2020,18313.0,,,,final,"WCA 2020 round, census 2020. FAO flag A: Official figure.",,,10-20
farms.faostat-wcad.area-by-land-size,FJI,1978/1979,41062.0,,,,final,"WCA 1980 round, census 1978/79. FAO flag A: Official figure.",,,20-50
farms.faostat-wcad.area-by-land-size,FJI,1991,98141.0,,,,final,"WCA 1990 round, census 1991. FAO flag A: Official figure.",,,20-50
farms.faostat-wcad.area-by-land-size,FJI,2009,29118.0,,,,final,"WCA 2010 round, census 2009. FAO flag A: Official figure.",,,20-50
farms.faostat-wcad.area-by-land-size,FJI,2020,17306.0,,,,final,"WCA 2020 round, census 2020. FAO flag A: Official figure.",,,20-50
farms.faostat-wcad.area-by-land-size,FJI,1978/1979,117437.0,,,,final,"WCA 1980 round, census 1978/79. FAO flag A: Official figure.",,,50-100
farms.faostat-wcad.area-by-land-size,FJI,1991,95471.0,,,,final,"WCA 1990 round, census 1991. FAO flag A: Official figure.",,,50-100
farms.faostat-wcad.area-by-land-size,FJI,2009,21397.0,,,,final,"WCA 2010 round, census 2009. FAO flag A: Official figure.",,,50-100
farms.faostat-wcad.area-by-land-size,FJI,2020,10186.0,,,,final,"WCA 2020 round, census 2020. FAO flag A: Official figure.",,,50-100
farms.faostat-wcad.area-by-land-size,FJI,1991,132499.0,,,,final,"WCA 1990 round, census 1991. FAO flag A: Official figure.",,,100-200
farms.faostat-wcad.area-by-land-size,FJI,2009,40567.0,,,,final,"WCA 2010 round, census 2009. FAO flag A: Official figure.",,,100-200
farms.faostat-wcad.area-by-land-size,FJI,2020,71529.0,,,,final,"WCA 2020 round, census 2020. FAO flag A: Official figure.",,,100-200
farms.faostat-wcad.area-by-land-size,FRA,1963,71090.0,,,,final,"WCA 1960 round, census 1963. FAO flag A: Official figure.",,,0-1
farms.faostat-wcad.area-by-land-size,FRA,1970/1971,243910.0,,,,final,"WCA 1970 round, census 1970/71. FAO flag A: Official figure.",,,0-1
farms.faostat-wcad.area-by-land-size,FRA,1980,178025.0,,,,final,"WCA 1980 round, census 1980. FAO flag A: Official figure.",,,0-1
farms.faostat-wcad.area-by-land-size,FRA,1988,36765.0,,,,final,"WCA 1990 round, census 1988. FAO flag A: Official figure. FAO's note: Agricultural area",,,0-1
farms.faostat-wcad.area-by-land-size,FRA,2010,20572.0,,,,final,"WCA 2010 round, census 2010. FAO flag I: Value imputed by a receiving agency. FAO's note: UAA",,,0-1
farms.faostat-wcad.area-by-land-size,FRA,2020,11342.0,,,,final,"WCA 2020 round, census 2020. FAO flag I: Value imputed by a receiving agency. FAO's note: UAA",,,0-1
farms.faostat-wcad.area-by-land-size,FRA,1963,283690.0,,,,final,"WCA 1960 round, census 1963. FAO flag A: Official figure.",,,1-2
farms.faostat-wcad.area-by-land-size,FRA,1970/1971,316984.0,,,,final,"WCA 1970 round, census 1970/71. FAO flag A: Official figure.",,,1-2
farms.faostat-wcad.area-by-land-size,FRA,1980,224821.0,,,,final,"WCA 1980 round, census 1980. FAO flag A: Official figure.",,,1-2
farms.faostat-wcad.area-by-land-size,FRA,1988,100945.0,,,,final,"WCA 1990 round, census 1988. FAO flag A: Official figure. FAO's note: Agricultural area",,,1-2
farms.faostat-wcad.area-by-land-size,FRA,1999/2000,212000.0,,,,final,"WCA 2000 round, census 1999/00. FAO flag A: Official figure. FAO's note: Agricultural area. < 2 ha",,,1-2
farms.faostat-wcad.area-by-land-size,FRA,2010,41878.0,,,,final,"WCA 2010 round, census 2010. FAO flag I: Value imputed by a receiving agency. FAO's note: UAA",,,1-2
farms.faostat-wcad.area-by-land-size,FRA,2020,23088.0,,,,final,"WCA 2020 round, census 2020. FAO flag I: Value imputed by a receiving agency. FAO's note: UAA",,,1-2
farms.faostat-wcad.area-by-land-size,FRA,2010,69439.0,,,,final,"WCA 2010 round, census 2010. FAO flag I: Value imputed by a receiving agency. FAO's note: UAA",,,2-3
farms.faostat-wcad.area-by-land-size,FRA,2020,38397.0,,,,final,"WCA 2020 round, census 2020. FAO flag I: Value imputed by a receiving agency. FAO's note: UAA",,,2-3
farms.faostat-wcad.area-by-land-size,FRA,2010,69084.0,,,,final,"WCA 2010 round, census 2010. FAO flag I: Value imputed by a receiving agency. FAO's note: UAA",,,3-4
farms.faostat-wcad.area-by-land-size,FRA,2020,38201.0,,,,final,"WCA 2020 round, census 2020. FAO flag I: Value imputed by a receiving agency. FAO's note: UAA",,,3-4
farms.faostat-wcad.area-by-land-size,FRA,2010,66338.0,,,,final,"WCA 2010 round, census 2010. FAO flag I: Value imputed by a receiving agency. FAO's note: UAA",,,4-5
farms.faostat-wcad.area-by-land-size,FRA,2020,36682.0,,,,final,"WCA 2020 round, census 2020. FAO flag I: Value imputed by a receiving agency. FAO's note: UAA",,,4-5
farms.faostat-wcad.area-by-land-size,FRA,1963,1248220.0,,,,final,"WCA 1960 round, census 1963. FAO flag A: Official figure.",,,2-5
farms.faostat-wcad.area-by-land-size,FRA,1970/1971,1060613.0,,,,final,"WCA 1970 round, census 1970/71. FAO flag A: Official figure.",,,2-5
farms.faostat-wcad.area-by-land-size,FRA,1980,760927.0,,,,final,"WCA 1980 round, census 1980. FAO flag A: Official figure.",,,2-5
farms.faostat-wcad.area-by-land-size,FRA,1988,381321.0,,,,final,"WCA 1990 round, census 1988. FAO flag A: Official figure. FAO's note: Agricultural area",,,2-5
farms.faostat-wcad.area-by-land-size,FRA,1999/2000,395120.0,,,,final,"WCA 2000 round, census 1999/00. FAO flag A: Official figure. FAO's note: Agricultural area",,,2-5
farms.faostat-wcad.area-by-land-size,FRA,1963,3186560.0,,,,final,"WCA 1960 round, census 1963. FAO flag A: Official figure.",,,5-10
farms.faostat-wcad.area-by-land-size,FRA,1970/1971,2476654.0,,,,final,"WCA 1970 round, census 1970/71. FAO flag A: Official figure.",,,5-10
farms.faostat-wcad.area-by-land-size,FRA,1980,1654609.0,,,,final,"WCA 1980 round, census 1980. FAO flag A: Official figure.",,,5-10
farms.faostat-wcad.area-by-land-size,FRA,1988,812275.0,,,,final,"WCA 1990 round, census 1988. FAO flag A: Official figure. FAO's note: Agricultural area",,,5-10
farms.faostat-wcad.area-by-land-size,FRA,1999/2000,564790.0,,,,final,"WCA 2000 round, census 1999/00. FAO flag A: Official figure. FAO's note: Agricultural area",,,5-10
farms.faostat-wcad.area-by-land-size,FRA,2010,332500.0,,,,final,"WCA 2010 round, census 2010. FAO flag A: Official figure. FAO's note: UAA",,,5-10
farms.faostat-wcad.area-by-land-size,FRA,2020,247640.0,,,,final,"WCA 2020 round, census 2020. FAO flag A: Official figure. FAO's note: UAA",,,5-10
farms.faostat-wcad.area-by-land-size,FRA,1963,7841000.0,,,,final,"WCA 1960 round, census 1963. FAO flag A: Official figure.",,,10-20
farms.faostat-wcad.area-by-land-size,FRA,1970/1971,6298473.0,,,,final,"WCA 1970 round, census 1970/71. FAO flag A: Official figure.",,,10-20
farms.faostat-wcad.area-by-land-size,FRA,1980,4340654.0,,,,final,"WCA 1980 round, census 1980. FAO flag A: Official figure.",,,10-20
farms.faostat-wcad.area-by-land-size,FRA,1988,2425937.0,,,,final,"WCA 1990 round, census 1988. FAO flag A: Official figure. FAO's note: Agricultural area",,,10-20
farms.faostat-wcad.area-by-land-size,FRA,1999/2000,1250550.0,,,,final,"WCA 2000 round, census 1999/00. FAO flag A: Official figure. FAO's note: Agricultural area",,,10-20
farms.faostat-wcad.area-by-land-size,FRA,2010,718070.0,,,,final,"WCA 2010 round, census 2010. FAO flag A: Official figure. FAO's note: UAA",,,10-20
farms.faostat-wcad.area-by-land-size,FRA,2020,530560.0,,,,final,"WCA 2020 round, census 2020. FAO flag A: Official figure. FAO's note: UAA",,,10-20
farms.faostat-wcad.area-by-land-size,FRA,1963,12899650.0,,,,final,"WCA 1960 round, census 1963. FAO flag A: Official figure.",,,20-50
farms.faostat-wcad.area-by-land-size,FRA,1970/1971,12892497.0,,,,final,"WCA 1970 round, census 1970/71. FAO flag A: Official figure.",,,20-50
farms.faostat-wcad.area-by-land-size,FRA,1980,12305818.0,,,,final,"WCA 1980 round, census 1980. FAO flag A: Official figure.",,,20-50
farms.faostat-wcad.area-by-land-size,FRA,1988,9348064.0,,,,final,"WCA 1990 round, census 1988. FAO flag A: Official figure. FAO's note: Agricultural area",,,20-50
farms.faostat-wcad.area-by-land-size,FRA,1999/2000,5176970.0,,,,final,"WCA 2000 round, census 1999/00. FAO flag A: Official figure. FAO's note: Agricultural area",,,20-50
farms.faostat-wcad.area-by-land-size,FRA,2010,3005490.0,,,,final,"WCA 2010 round, census 2010. FAO flag A: Official figure. FAO's note: UAA",,,20-50
farms.faostat-wcad.area-by-land-size,FRA,2020,2175930.0,,,,final,"WCA 2020 round, census 2020. FAO flag A: Official figure. FAO's note: UAA",,,20-50
farms.faostat-wcad.area-by-land-size,FRA,1963,6112490.0,,,,final,"WCA 1960 round, census 1963. FAO flag A: Official figure.",,,50-100
farms.faostat-wcad.area-by-land-size,FRA,1970/1971,6895577.0,,,,final,"WCA 1970 round, census 1970/71. FAO flag A: Official figure.",,,50-100
farms.faostat-wcad.area-by-land-size,FRA,1980,8319990.0,,,,final,"WCA 1980 round, census 1980. FAO flag A: Official figure.",,,50-100
farms.faostat-wcad.area-by-land-size,FRA,1988,8708912.0,,,,final,"WCA 1990 round, census 1988. FAO flag A: Official figure. FAO's note: Agricultural area",,,50-100
farms.faostat-wcad.area-by-land-size,FRA,1999/2000,9148280.0,,,,final,"WCA 2000 round, census 1999/00. FAO flag A: Official figure. FAO's note: Agricultural area",,,50-100
farms.faostat-wcad.area-by-land-size,FRA,2010,7059970.0,,,,final,"WCA 2010 round, census 2010. FAO flag A: Official figure. FAO's note: UAA",,,50-100
farms.faostat-wcad.area-by-land-size,FRA,2020,5708590.0,,,,final,"WCA 2020 round, census 2020. FAO flag A: Official figure. FAO's note: UAA",,,50-100
farms.faostat-wcad.area-by-land-size,FRA,1963,2748680.0,,,,final,"WCA 1960 round, census 1963. FAO flag A: Official figure.",,,100-200
farms.faostat-wcad.area-by-land-size,FRA,1970/1971,4854509.0,,,,final,"WCA 1970 round, census 1970/71. FAO flag A: Official figure.",,,100-200
farms.faostat-wcad.area-by-land-size,FRA,1980,5864115.0,,,,final,"WCA 1980 round, census 1980. FAO flag A: Official figure.",,,100-200
farms.faostat-wcad.area-by-land-size,FRA,1988,6781580.0,,,,final,"WCA 1990 round, census 1988. FAO flag A: Official figure. FAO's note: Agricultural area",,,100-200
farms.faostat-wcad.area-by-land-size,FRA,1999/2000,13149960.0,,,,final,"WCA 2000 round, census 1999/00. FAO flag A: Official figure. FAO's note: Agricultural area",,,100-200
farms.faostat-wcad.area-by-land-size,FRA,2010,16453960.0,,,,final,"WCA 2010 round, census 2010. FAO flag A: Official figure. FAO's note: UAA",,,100-200
farms.faostat-wcad.area-by-land-size,FRA,2020,18554200.0,,,,final,"WCA 2020 round, census 2020. FAO flag A: Official figure. FAO's note: UAA",,,100-200
farms.faostat-wcad.area-by-land-size,FRA,1963,1402920.0,,,,final,"WCA 1960 round, census 1963. FAO flag A: Official figure.",,,200-500
farms.faostat-wcad.area-by-land-size,GAB,1974/1975,22986.0,,,,final,"WCA 1970 round, census 1974/75. FAO flag A: Official figure.",,,0-1
farms.faostat-wcad.area-by-land-size,GAB,1974/1975,17903.0,,,,final,"WCA 1970 round, census 1974/75. FAO flag A: Official figure.",,,1-2
farms.faostat-wcad.area-by-land-size,GAB,1974/1975,31849.0,,,,final,"WCA 1970 round, census 1974/75. FAO flag A: Official figure.",,,2-5
farms.faostat-wcad.area-by-land-size,GBR,1930,44028.0,,,,final,"WCA 1930 round, census 1930. FAO flag I: Value imputed by a receiving agency. FAO's note: Figure pertains to Scotland only. Excludes 548 896 ha of holdings of mountain and heath land.",,,0-1
farms.faostat-wcad.area-by-land-size,GBR,1950,40794.34,,,,final,"WCA 1950 round, census 1950. FAO flag I: Value imputed by a receiving agency. FAO's note: Northern Ireland not included.",,,0-1
farms.faostat-wcad.area-by-land-size,GBR,1960,20574.0,,,,final,"WCA 1960 round, census 1960. FAO flag A: Official figure.",,,0-1
farms.faostat-wcad.area-by-land-size,GBR,1970,7845.0,,,,final,"WCA 1970 round, census 1970. FAO flag A: Official figure.",,,0-1
farms.faostat-wcad.area-by-land-size,GBR,1979,6630.0,,,,final,"WCA 1980 round, census 1979. FAO flag A: Official figure. FAO's note: Excludes 6 370 ha not classified by size.",,,0-1
farms.faostat-wcad.area-by-land-size,GBR,2010,1525.0,,,,final,"WCA 2010 round, census 2010. FAO flag I: Value imputed by a receiving agency. FAO's note: UAA",,,0-1
farms.faostat-wcad.area-by-land-size,GBR,2021,5353.922651,,,,final,"WCA 2020 round, census 2021. FAO flag A: Official figure.",,,0-1
farms.faostat-wcad.area-by-land-size,GBR,1930,129693.0,,,,final,"WCA 1930 round, census 1930. FAO flag I: Value imputed by a receiving agency. FAO's note: Figure pertains to Scotland only. Excludes 548 896 ha of holdings of mountain and heath land.",,,1-2
farms.faostat-wcad.area-by-land-size,GBR,1950,66705.03,,,,final,"WCA 1950 round, census 1950. FAO flag I: Value imputed by a receiving agency. FAO's note: Northern Ireland not included.",,,1-2
farms.faostat-wcad.area-by-land-size,GBR,1960,60889.0,,,,final,"WCA 1960 round, census 1960. FAO flag A: Official figure.",,,1-2
farms.faostat-wcad.area-by-land-size,GBR,1970,24926.0,,,,final,"WCA 1970 round, census 1970. FAO flag A: Official figure.",,,1-2
farms.faostat-wcad.area-by-land-size,GBR,1979,17140.0,,,,final,"WCA 1980 round, census 1979. FAO flag A: Official figure. FAO's note: Excludes 6 370 ha not classified by size.",,,1-2
farms.faostat-wcad.area-by-land-size,GBR,1993,15142.0,,,,final,"WCA 1990 round, census 1993. FAO flag A: Official figure. FAO's note: Area classified by size of holding excludes 156 223 Ha reported by Minor Holdings.",,,1-2
farms.faostat-wcad.area-by-land-size,GBR,1999/2000,46900.0,,,,final,"WCA 2000 round, census 1999/00. FAO flag A: Official figure. FAO's note: Agricultural area. < 2 ha",,,1-2
farms.faostat-wcad.area-by-land-size,GBR,2010,3105.0,,,,final,"WCA 2010 round, census 2010. FAO flag I: Value imputed by a receiving agency. FAO's note: UAA",,,1-2
farms.faostat-wcad.area-by-land-size,GBR,2021,17295.62705,,,,final,"WCA 2020 round, census 2021. FAO flag A: Official figure.",,,1-2
farms.faostat-wcad.area-by-land-size,GBR,2010,9298.0,,,,final,"WCA 2010 round, census 2010. FAO flag I: Value imputed by a receiving agency. FAO's note: UAA",,,2-3
farms.faostat-wcad.area-by-land-size,GBR,2010,9250.0,,,,final,"WCA 2010 round, census 2010. FAO flag I: Value imputed by a receiving agency. FAO's note: UAA",,,3-4
farms.faostat-wcad.area-by-land-size,GBR,2010,8882.0,,,,final,"WCA 2010 round, census 2010. FAO flag I: Value imputed by a receiving agency. FAO's note: UAA",,,4-5
farms.faostat-wcad.area-by-land-size,GBR,1930,393524.0,,,,final,"WCA 1930 round, census 1930. FAO flag I: Value imputed by a receiving agency. FAO's note: Figure pertains to Scotland only. Excludes 548 896 ha of holdings of mountain and heath land.",,,2-5
farms.faostat-wcad.area-by-land-size,GBR,1950,318751.52,,,,final,"WCA 1950 round, census 1950. FAO flag I: Value imputed by a receiving agency. FAO's note: Northern Ireland not included.",,,2-5
farms.faostat-wcad.area-by-land-size,GBR,1960,253538.0,,,,final,"WCA 1960 round, census 1960. FAO flag A: Official figure.",,,2-5
farms.faostat-wcad.area-by-land-size,GBR,1970,135120.0,,,,final,"WCA 1970 round, census 1970. FAO flag A: Official figure.",,,2-5
farms.faostat-wcad.area-by-land-size,GBR,1979,107760.0,,,,final,"WCA 1980 round, census 1979. FAO flag A: Official figure. FAO's note: Excludes 6 370 ha not classified by size.",,,2-5
farms.faostat-wcad.area-by-land-size,GBR,1993,70874.0,,,,final,"WCA 1990 round, census 1993. FAO flag A: Official figure. FAO's note: Area classified by size of holding excludes 156 223 Ha reported by Minor Holdings.",,,2-5
farms.faostat-wcad.area-by-land-size,GBR,1999/2000,86400.0,,,,final,"WCA 2000 round, census 1999/00. FAO flag A: Official figure. FAO's note: Agricultural area",,,2-5
farms.faostat-wcad.area-by-land-size,GBR,2021,78690.78272,,,,final,"WCA 2020 round, census 2021. FAO flag A: Official figure.",,,2-5
farms.faostat-wcad.area-by-land-size,GBR,1930,497960.0,,,,final,"WCA 1930 round, census 1930. FAO flag I: Value imputed by a receiving agency. FAO's note: Figure pertains to Scotland only. Excludes 548 896 ha of holdings of mountain and heath land.",,,5-10
farms.faostat-wcad.area-by-land-size,GBR,1950,462019.09,,,,final,"WCA 1950 round, census 1950. FAO flag I: Value imputed by a receiving agency. FAO's note: Northern Ireland not included.",,,5-10
farms.faostat-wcad.area-by-land-size,GBR,1960,426883.0,,,,final,"WCA 1960 round, census 1960. FAO flag A: Official figure.",,,5-10
farms.faostat-wcad.area-by-land-size,GBR,1970,286811.0,,,,final,"WCA 1970 round, census 1970. FAO flag A: Official figure.",,,5-10
farms.faostat-wcad.area-by-land-size,GBR,1979,249050.0,,,,final,"WCA 1980 round, census 1979. FAO flag A: Official figure. FAO's note: Excludes 6 370 ha not classified by size.",,,5-10
farms.faostat-wcad.area-by-land-size,GBR,1993,216774.0,,,,final,"WCA 1990 round, census 1993. FAO flag A: Official figure. FAO's note: Area classified by size of holding excludes 156 223 Ha reported by Minor Holdings.",,,5-10
farms.faostat-wcad.area-by-land-size,GBR,1999/2000,206600.0,,,,final,"WCA 2000 round, census 1999/00. FAO flag A: Official figure. FAO's note: Agricultural area",,,5-10
farms.faostat-wcad.area-by-land-size,GBR,2010,194550.0,,,,final,"WCA 2010 round, census 2010. FAO flag A: Official figure. FAO's note: UAA",,,5-10
farms.faostat-wcad.area-by-land-size,GBR,2021,193823.645,,,,final,"WCA 2020 round, census 2021. FAO flag A: Official figure.",,,5-10
farms.faostat-wcad.area-by-land-size,GBR,1930,740570.0,,,,final,"WCA 1930 round, census 1930. FAO flag I: Value imputed by a receiving agency. FAO's note: Figure pertains to Scotland only. Excludes 548 896 ha of holdings of mountain and heath land.",,,10-20
farms.faostat-wcad.area-by-land-size,GBR,1950,693978.42,,,,final,"WCA 1950 round, census 1950. FAO flag I: Value imputed by a receiving agency. FAO's note: Northern Ireland not included.",,,10-20
farms.faostat-wcad.area-by-land-size,GBR,1960,1058886.0,,,,final,"WCA 1960 round, census 1960. FAO flag A: Official figure.",,,10-20
farms.faostat-wcad.area-by-land-size,GBR,1970,727981.0,,,,final,"WCA 1970 round, census 1970. FAO flag A: Official figure.",,,10-20
farms.faostat-wcad.area-by-land-size,GBR,1979,609230.0,,,,final,"WCA 1980 round, census 1979. FAO flag A: Official figure. FAO's note: Excludes 6 370 ha not classified by size.",,,10-20
farms.faostat-wcad.area-by-land-size,GBR,1993,533733.0,,,,final,"WCA 1990 round, census 1993. FAO flag A: Official figure. FAO's note: Area classified by size of holding excludes 156 223 Ha reported by Minor Holdings.",,,10-20
farms.faostat-wcad.area-by-land-size,GBR,1999/2000,471530.0,,,,final,"WCA 2000 round, census 1999/00. FAO flag A: Official figure. FAO's note: Agricultural area",,,10-20
farms.faostat-wcad.area-by-land-size,GBR,2010,412790.0,,,,final,"WCA 2010 round, census 2010. FAO flag A: Official figure. FAO's note: UAA",,,10-20
farms.faostat-wcad.area-by-land-size,GBR,2021,418177.9287,,,,final,"WCA 2020 round, census 2021. FAO flag A: Official figure.",,,10-20
farms.faostat-wcad.area-by-land-size,GBR,1930,1370040.0,,,,final,"WCA 1930 round, census 1930. FAO flag I: Value imputed by a receiving agency. FAO's note: Figure pertains to Scotland only. Excludes 548 896 ha of holdings of mountain and heath land.",,,20-50
farms.faostat-wcad.area-by-land-size,GBR,1950,3123883.71,,,,final,"WCA 1950 round, census 1950. FAO flag I: Value imputed by a receiving agency. FAO's note: Northern Ireland not included.",,,20-50
farms.faostat-wcad.area-by-land-size,GBR,1960,3151795.0,,,,final,"WCA 1960 round, census 1960. FAO flag A: Official figure.",,,20-50
farms.faostat-wcad.area-by-land-size,GBR,1970,2625306.0,,,,final,"WCA 1970 round, census 1970. FAO flag A: Official figure.",,,20-50
farms.faostat-wcad.area-by-land-size,GBR,1979,2302700.0,,,,final,"WCA 1980 round, census 1979. FAO flag A: Official figure. FAO's note: Excludes 6 370 ha not classified by size.",,,20-50
farms.faostat-wcad.area-by-land-size,GBR,1993,1967213.0,,,,final,"WCA 1990 round, census 1993. FAO flag A: Official figure. FAO's note: Area classified by size of holding excludes 156 223 Ha reported by Minor Holdings.",,,20-50
farms.faostat-wcad.area-by-land-size,GBR,1999/2000,1662100.0,,,,final,"WCA 2000 round, census 1999/00. FAO flag A: Official figure. FAO's note: Agricultural area",,,20-50
farms.faostat-wcad.area-by-land-size,GBR,2010,1400800.0,,,,final,"WCA 2010 round, census 2010. FAO flag A: Official figure. FAO's note: UAA",,,20-50
farms.faostat-wcad.area-by-land-size,GBR,2021,1343451.114,,,,final,"WCA 2020 round, census 2021. FAO flag A: Official figure.",,,20-50
farms.faostat-wcad.area-by-land-size,GBR,1930,1118990.0,,,,final,"WCA 1930 round, census 1930. FAO flag I: Value imputed by a receiving agency. FAO's note: Figure pertains to Scotland only. Excludes 548 896 ha of holdings of mountain and heath land.",,,50-100
farms.faostat-wcad.area-by-land-size,GBR,1950,3676901.68,,,,final,"WCA 1950 round, census 1950. FAO flag I: Value imputed by a receiving agency. FAO's note: Northern Ireland not included.",,,50-100
farms.faostat-wcad.area-by-land-size,GBR,1960,3763974.0,,,,final,"WCA 1960 round, census 1960. FAO flag A: Official figure.",,,50-100
farms.faostat-wcad.area-by-land-size,GBR,1970,3331052.0,,,,final,"WCA 1970 round, census 1970. FAO flag A: Official figure.",,,50-100
farms.faostat-wcad.area-by-land-size,GBR,1979,3155120.0,,,,final,"WCA 1980 round, census 1979. FAO flag A: Official figure. FAO's note: Excludes 6 370 ha not classified by size.",,,50-100
farms.faostat-wcad.area-by-land-size,GBR,1993,3005847.0,,,,final,"WCA 1990 round, census 1993. FAO flag A: Official figure. FAO's note: Area classified by size of holding excludes 156 223 Ha reported by Minor Holdings.",,,50-100
farms.faostat-wcad.area-by-land-size,GBR,1999/2000,2711940.0,,,,final,"WCA 2000 round, census 1999/00. FAO flag A: Official figure. FAO's note: Agricultural area",,,50-100
farms.faostat-wcad.area-by-land-size,GBR,2010,2360080.0,,,,final,"WCA 2010 round, census 2010. FAO flag A: Official figure. FAO's note: UAA",,,50-100
farms.faostat-wcad.area-by-land-size,GBR,2021,2187157.171,,,,final,"WCA 2020 round, census 2021. FAO flag A: Official figure.",,,50-100
farms.faostat-wcad.area-by-land-size,GBR,1930,874296.0,,,,final,"WCA 1930 round, census 1930. FAO flag I: Value imputed by a receiving agency. FAO's note: Figure pertains to Scotland only. Excludes 548 896 ha of holdings of mountain and heath land.",,,100-200
farms.faostat-wcad.area-by-land-size,GBR,1950,3152947.47,,,,final,"WCA 1950 round, census 1950. FAO flag I: Value imputed by a receiving agency. FAO's note: Northern Ireland not included.",,,100-200
farms.faostat-wcad.area-by-land-size,GBR,1960,3377597.0,,,,final,"WCA 1960 round, census 1960. FAO flag A: Official figure.",,,100-200
farms.faostat-wcad.area-by-land-size,GBR,1970,3377813.0,,,,final,"WCA 1970 round, census 1970. FAO flag A: Official figure.",,,100-200
farms.faostat-wcad.area-by-land-size,GBR,1979,3399610.0,,,,final,"WCA 1980 round, census 1979. FAO flag A: Official figure. FAO's note: Excludes 6 370 ha not classified by size.",,,100-200
farms.faostat-wcad.area-by-land-size,GBR,1993,3516936.0,,,,final,"WCA 1990 round, census 1993. FAO flag A: Official figure. FAO's note: Area classified by size of holding excludes 156 223 Ha reported by Minor Holdings.",,,100-200
farms.faostat-wcad.area-by-land-size,GBR,1999/2000,11342160.0,,,,final,"WCA 2000 round, census 1999/00. FAO flag A: Official figure. FAO's note: Agricultural area",,,100-200
farms.faostat-wcad.area-by-land-size,GBR,2010,12481400.0,,,,final,"WCA 2010 round, census 2010. FAO flag A: Official figure. FAO's note: UAA",,,100-200
farms.faostat-wcad.area-by-land-size,GBR,2021,3206669.722,,,,final,"WCA 2020 round, census 2021. FAO flag A: Official figure.",,,100-200
farms.faostat-wcad.area-by-land-size,GBR,1950,6163618.74,,,,final,"WCA 1950 round, census 1950. FAO flag I: Value imputed by a receiving agency. FAO's note: Northern Ireland not included.",,,200-500
farms.faostat-wcad.area-by-land-size,GBR,1960,2442423.0,,,,final,"WCA 1960 round, census 1960. FAO flag A: Official figure.",,,200-500
farms.faostat-wcad.area-by-land-size,GBR,1970,3017022.0,,,,final,"WCA 1970 round, census 1970. FAO flag A: Official figure.",,,200-500
farms.faostat-wcad.area-by-land-size,GBR,1979,3220930.0,,,,final,"WCA 1980 round, census 1979. FAO flag A: Official figure. FAO's note: Excludes 6 370 ha not classified by size.",,,200-500
farms.faostat-wcad.area-by-land-size,GBR,1993,3415648.0,,,,final,"WCA 1990 round, census 1993. FAO flag A: Official figure. FAO's note: Area classified by size of holding excludes 156 223 Ha reported by Minor Holdings.",,,200-500
farms.faostat-wcad.area-by-land-size,GBR,2021,3950194.48,,,,final,"WCA 2020 round, census 2021. FAO flag A: Official figure.",,,200-500
farms.faostat-wcad.area-by-land-size,GBR,1960,1132409.0,,,,final,"WCA 1960 round, census 1960. FAO flag A: Official figure.",,,500-1000
farms.faostat-wcad.area-by-land-size,GBR,1970,1277981.0,,,,final,"WCA 1970 round, census 1970. FAO flag A: Official figure.",,,500-1000
farms.faostat-wcad.area-by-land-size,GBR,1979,4493790.0,,,,final,"WCA 1980 round, census 1979. FAO flag A: Official figure. FAO's note: Excludes 6 370 ha not classified by size.",,,500-1000
farms.faostat-wcad.area-by-land-size,GBR,1993,4402610.0,,,,final,"WCA 1990 round, census 1993. FAO flag A: Official figure. FAO's note: Area classified by size of holding excludes 156 223 Ha reported by Minor Holdings.",,,500-1000
farms.faostat-wcad.area-by-land-size,GBR,2021,2092336.665,,,,final,"WCA 2020 round, census 2021. FAO flag A: Official figure.",,,500-1000
farms.faostat-wcad.area-by-land-size,GBR,1960,3333905.0,,,,final,"WCA 1960 round, census 1960. FAO flag A: Official figure.",,,1000-plus
farms.faostat-wcad.area-by-land-size,GBR,1970,3180455.0,,,,final,"WCA 1970 round, census 1970. FAO flag A: Official figure.",,,1000-plus
farms.faostat-wcad.area-by-land-size,GBR,2021,3943113.784,,,,final,"WCA 2020 round, census 2021. FAO flag A: Official figure.",,,1000-plus
farms.faostat-wcad.area-by-land-size,GEO,2003/2004,213266.0,,,,final,"WCA 2000 round, census 2003/04. FAO flag A: Official figure.",,,0-1
farms.faostat-wcad.area-by-land-size,GEO,2014,160395.0,,,,final,"WCA 2010 round, census 2014. FAO flag A: Official figure.",,,0-1
farms.faostat-wcad.area-by-land-size,GEO,2003/2004,207570.0,,,,final,"WCA 2000 round, census 2003/04. FAO flag A: Official figure.",,,1-2
farms.faostat-wcad.area-by-land-size,GEO,2014,161283.0,,,,final,"WCA 2010 round, census 2014. FAO flag A: Official figure.",,,1-2
farms.faostat-wcad.area-by-land-size,GEO,2014,22674.0,,,,final,"WCA 2010 round, census 2014. FAO flag A: Official figure.",,,2-3
farms.faostat-wcad.area-by-land-size,GEO,2014,58703.0,,,,final,"WCA 2010 round, census 2014. FAO flag A: Official figure.",,,3-4
farms.faostat-wcad.area-by-land-size,GEO,2014,51094.0,,,,final,"WCA 2010 round, census 2014. FAO flag A: Official figure.",,,4-5
farms.faostat-wcad.area-by-land-size,GEO,2003/2004,108584.0,,,,final,"WCA 2000 round, census 2003/04. FAO flag A: Official figure.",,,2-5
farms.faostat-wcad.area-by-land-size,GEO,2003/2004,42663.0,,,,final,"WCA 2000 round, census 2003/04. FAO flag A: Official figure.",,,5-10
farms.faostat-wcad.area-by-land-size,GEO,2014,30199.0,,,,final,"WCA 2010 round, census 2014. FAO flag A: Official figure.",,,5-10
farms.faostat-wcad.area-by-land-size,GEO,2003/2004,35453.0,,,,final,"WCA 2000 round, census 2003/04. FAO flag A: Official figure.",,,10-20
farms.faostat-wcad.area-by-land-size,GEO,2014,118356.0,,,,final,"WCA 2010 round, census 2014. FAO flag A: Official figure.",,,10-20
farms.faostat-wcad.area-by-land-size,GEO,2003/2004,35833.0,,,,final,"WCA 2000 round, census 2003/04. FAO flag A: Official figure.",,,20-50
farms.faostat-wcad.area-by-land-size,GEO,2014,25835.0,,,,final,"WCA 2010 round, census 2014. FAO flag A: Official figure.",,,20-50
farms.faostat-wcad.area-by-land-size,GEO,2003/2004,33029.0,,,,final,"WCA 2000 round, census 2003/04. FAO flag A: Official figure.",,,50-100
farms.faostat-wcad.area-by-land-size,GEO,2014,15030.0,,,,final,"WCA 2010 round, census 2014. FAO flag A: Official figure.",,,50-100
farms.faostat-wcad.area-by-land-size,GEO,2003/2004,42393.0,,,,final,"WCA 2000 round, census 2003/04. FAO flag A: Official figure.",,,100-200
farms.faostat-wcad.area-by-land-size,GEO,2014,32310.0,,,,final,"WCA 2010 round, census 2014. FAO flag A: Official figure.",,,100-200
farms.faostat-wcad.area-by-land-size,GEO,2003/2004,71796.0,,,,final,"WCA 2000 round, census 2003/04. FAO flag A: Official figure.",,,200-500
farms.faostat-wcad.area-by-land-size,GEO,2014,37546.0,,,,final,"WCA 2010 round, census 2014. FAO flag A: Official figure.",,,200-500
farms.faostat-wcad.area-by-land-size,GEO,2003/2004,96179.0,,,,final,"WCA 2000 round, census 2003/04. FAO flag A: Official figure.",,,500-1000
farms.faostat-wcad.area-by-land-size,GEO,2014,128863.0,,,,final,"WCA 2010 round, census 2014. FAO flag A: Official figure.",,,500-1000
farms.faostat-wcad.area-by-land-size,GIN,1995,87884.0,,,,final,"WCA 1990 round, census 1995. FAO flag A: Official figure. FAO's note: Cultivated area",,,0-1
farms.faostat-wcad.area-by-land-size,GIN,2000/2001,689004.0,,,,final,"WCA 2000 round, census 2000/01. FAO flag A: Official figure. FAO's note: Cultivated land",,,0-1
farms.faostat-wcad.area-by-land-size,GIN,1995,200059.0,,,,final,"WCA 1990 round, census 1995. FAO flag A: Official figure. FAO's note: Cultivated area",,,1-2
farms.faostat-wcad.area-by-land-size,GIN,2000/2001,383690.0,,,,final,"WCA 2000 round, census 2000/01. FAO flag A: Official figure. FAO's note: Cultivated land",,,1-2
farms.faostat-wcad.area-by-land-size,GIN,1995,375193.0,,,,final,"WCA 1990 round, census 1995. FAO flag A: Official figure. FAO's note: Cultivated area",,,2-5
farms.faostat-wcad.area-by-land-size,GIN,2000/2001,238070.0,,,,final,"WCA 2000 round, census 2000/01. FAO flag A: Official figure. FAO's note: Cultivated land",,,2-5
farms.faostat-wcad.area-by-land-size,GIN,1995,232484.0,,,,final,"WCA 1990 round, census 1995. FAO flag A: Official figure. FAO's note: Cultivated area",,,5-10
farms.faostat-wcad.area-by-land-size,GIN,2000/2001,59381.0,,,,final,"WCA 2000 round, census 2000/01. FAO flag A: Official figure. FAO's note: Cultivated land",,,5-10
farms.faostat-wcad.area-by-land-size,GLP,1969/1972,5267.0,,,,final,"WCA 1970 round, census 1969-1972. FAO flag A: Official figure.",,,0-1
farms.faostat-wcad.area-by-land-size,GLP,1980,4545.0,,,,final,"WCA 1980 round, census 1980. FAO flag A: Official figure.",,,0-1
farms.faostat-wcad.area-by-land-size,GLP,1989,2409.0,,,,final,"WCA 1990 round, census 1989. FAO flag A: Official figure. FAO's note: Agricultural area",,,0-1
farms.faostat-wcad.area-by-land-size,GLP,1969/1972,9701.0,,,,final,"WCA 1970 round, census 1969-1972. FAO flag A: Official figure.",,,1-2
farms.faostat-wcad.area-by-land-size,GLP,1980,7877.0,,,,final,"WCA 1980 round, census 1980. FAO flag A: Official figure.",,,1-2
farms.faostat-wcad.area-by-land-size,GLP,1989,5926.0,,,,final,"WCA 1990 round, census 1989. FAO flag A: Official figure. FAO's note: Agricultural area",,,1-2
farms.faostat-wcad.area-by-land-size,GLP,1969/1972,16728.0,,,,final,"WCA 1970 round, census 1969-1972. FAO flag A: Official figure.",,,2-5
farms.faostat-wcad.area-by-land-size,GLP,1980,22239.0,,,,final,"WCA 1980 round, census 1980. FAO flag A: Official figure.",,,2-5
farms.faostat-wcad.area-by-land-size,GLP,1989,15393.0,,,,final,"WCA 1990 round, census 1989. FAO flag A: Official figure. FAO's note: Agricultural area",,,2-5
farms.faostat-wcad.area-by-land-size,GLP,1969/1972,37018.0,,,,final,"WCA 1970 round, census 1969-1972. FAO flag A: Official figure.",,,5-10
farms.faostat-wcad.area-by-land-size,GLP,1980,10294.0,,,,final,"WCA 1980 round, census 1980. FAO flag A: Official figure.",,,5-10
farms.faostat-wcad.area-by-land-size,GLP,1989,7539.0,,,,final,"WCA 1990 round, census 1989. FAO flag A: Official figure. FAO's note: Agricultural area",,,5-10
farms.faostat-wcad.area-by-land-size,GLP,1980,4486.0,,,,final,"WCA 1980 round, census 1980. FAO flag A: Official figure.",,,10-20
farms.faostat-wcad.area-by-land-size,GLP,1989,3489.0,,,,final,"WCA 1990 round, census 1989. FAO flag A: Official figure. FAO's note: Agricultural area",,,10-20
farms.faostat-wcad.area-by-land-size,GLP,1980,21062.0,,,,final,"WCA 1980 round, census 1980. FAO flag A: Official figure.",,,20-50
farms.faostat-wcad.area-by-land-size,GLP,1989,11984.0,,,,final,"WCA 1990 round, census 1989. FAO flag A: Official figure. FAO's note: Agricultural area",,,20-50
farms.faostat-wcad.area-by-land-size,GNB,1960/1961,8110.0,,,,final,"WCA 1960 round, census 1960/61. FAO flag A: Official figure.",,,0-1
farms.faostat-wcad.area-by-land-size,GNB,1960/1961,39316.0,,,,final,"WCA 1960 round, census 1960/61. FAO flag A: Official figure. FAO's note: Portuguese Guinea currently called Guinea Bissau",,,1-2
farms.faostat-wcad.area-by-land-size,GNB,1960/1961,116333.0,,,,final,"WCA 1960 round, census 1960/61. FAO flag A: Official figure. FAO's note: Portuguese Guinea currently called Guinea Bissau",,,2-5
farms.faostat-wcad.area-by-land-size,GNB,1960/1961,56511.0,,,,final,"WCA 1960 round, census 1960/61. FAO flag A: Official figure. FAO's note: Portuguese Guinea currently called Guinea Bissau",,,5-10
farms.faostat-wcad.area-by-land-size,GNB,1960/1961,33920.0,,,,final,"WCA 1960 round, census 1960/61. FAO flag A: Official figure. FAO's note: Portuguese Guinea currently called Guinea Bissau",,,10-20
farms.faostat-wcad.area-by-land-size,GNB,1960/1961,8380.0,,,,final,"WCA 1960 round, census 1960/61. FAO flag A: Official figure. FAO's note: Portuguese Guinea currently called Guinea Bissau",,,20-50
farms.faostat-wcad.area-by-land-size,GRC,1971,113482.0,,,,final,"WCA 1970 round, census 1971. FAO flag A: Official figure.",,,0-1
farms.faostat-wcad.area-by-land-size,GRC,2009/2010,101959.0,,,,final,"WCA 2010 round, census 2009/10. FAO flag I: Value imputed by a receiving agency. FAO's note: UAA",,,0-1
farms.faostat-wcad.area-by-land-size,GRC,2020,72818.0,,,,final,"WCA 2020 round, census 2020. FAO flag I: Value imputed by a receiving agency. FAO's note: UAA",,,0-1
farms.faostat-wcad.area-by-land-size,GRC,1971,371362.11,,,,final,"WCA 1970 round, census 1971. FAO flag I: Value imputed by a receiving agency.",,,1-2
farms.faostat-wcad.area-by-land-size,GRC,1995,315300.0,,,,final,"WCA 1990 round, census 1995. FAO flag A: Official figure. FAO's note: Agricultural area. < 2 ha. Data source: Eurostat - Farm Structure - 1995 Sample Survey.",,,1-2
farms.faostat-wcad.area-by-land-size,GRC,1999/2000,442040.0,,,,final,"WCA 2000 round, census 1999/00. FAO flag A: Official figure. FAO's note: Agricultural area. < 2 ha",,,1-2
farms.faostat-wcad.area-by-land-size,GRC,2009/2010,207551.0,,,,final,"WCA 2010 round, census 2009/10. FAO flag I: Value imputed by a receiving agency. FAO's note: UAA",,,1-2
farms.faostat-wcad.area-by-land-size,GRC,2020,148232.0,,,,final,"WCA 2020 round, census 2020. FAO flag I: Value imputed by a receiving agency. FAO's note: UAA",,,1-2
farms.faostat-wcad.area-by-land-size,GRC,2009/2010,195202.0,,,,final,"WCA 2010 round, census 2009/10. FAO flag I: Value imputed by a receiving agency. FAO's note: UAA",,,2-3
farms.faostat-wcad.area-by-land-size,GRC,2020,148978.0,,,,final,"WCA 2020 round, census 2020. FAO flag I: Value imputed by a receiving agency. FAO's note: UAA",,,2-3
farms.faostat-wcad.area-by-land-size,GRC,2009/2010,194203.0,,,,final,"WCA 2010 round, census 2009/10. FAO flag I: Value imputed by a receiving agency. FAO's note: UAA",,,3-4
farms.faostat-wcad.area-by-land-size,GRC,2020,148216.0,,,,final,"WCA 2020 round, census 2020. FAO flag I: Value imputed by a receiving agency. FAO's note: UAA",,,3-4
farms.faostat-wcad.area-by-land-size,GRC,2009/2010,186484.0,,,,final,"WCA 2010 round, census 2009/10. FAO flag I: Value imputed by a receiving agency. FAO's note: UAA",,,4-5
farms.faostat-wcad.area-by-land-size,GRC,2020,142325.0,,,,final,"WCA 2020 round, census 2020. FAO flag I: Value imputed by a receiving agency. FAO's note: UAA",,,4-5
farms.faostat-wcad.area-by-land-size,GRC,1971,1123697.89,,,,final,"WCA 1970 round, census 1971. FAO flag I: Value imputed by a receiving agency.",,,2-5
farms.faostat-wcad.area-by-land-size,GRC,1995,786900.0,,,,final,"WCA 1990 round, census 1995. FAO flag A: Official figure. FAO's note: Agricultural area. Data source: Eurostat - Farm Structure - 1995 Sample Survey.",,,2-5
farms.faostat-wcad.area-by-land-size,GRC,1999/2000,797380.0,,,,final,"WCA 2000 round, census 1999/00. FAO flag A: Official figure. FAO's note: Agricultural area",,,2-5
farms.faostat-wcad.area-by-land-size,GRC,1971,1092600.0,,,,final,"WCA 1970 round, census 1971. FAO flag A: Official figure.",,,5-10
farms.faostat-wcad.area-by-land-size,GRC,1995,818700.0,,,,final,"WCA 1990 round, census 1995. FAO flag A: Official figure. FAO's note: Agricultural area. Data source: Eurostat - Farm Structure - 1995 Sample Survey.",,,5-10
farms.faostat-wcad.area-by-land-size,GRC,1999/2000,791000.0,,,,final,"WCA 2000 round, census 1999/00. FAO flag A: Official figure. FAO's note: Agricultural area",,,5-10
farms.faostat-wcad.area-by-land-size,GRC,2009/2010,603720.0,,,,final,"WCA 2010 round, census 2009/10. FAO flag A: Official figure. FAO's note: UAA",,,5-10
farms.faostat-wcad.area-by-land-size,GRC,2020,489390.0,,,,final,"WCA 2020 round, census 2020. FAO flag A: Official figure. FAO's note: UAA",,,5-10
farms.faostat-wcad.area-by-land-size,GRC,1971,552988.0,,,,final,"WCA 1970 round, census 1971. FAO flag A: Official figure.",,,10-20
farms.faostat-wcad.area-by-land-size,GRC,1995,731500.0,,,,final,"WCA 1990 round, census 1995. FAO flag A: Official figure. FAO's note: Agricultural area. Data source: Eurostat - Farm Structure - 1995 Sample Survey.",,,10-20
farms.faostat-wcad.area-by-land-size,GRC,1999/2000,739860.0,,,,final,"WCA 2000 round, census 1999/00. FAO flag A: Official figure. FAO's note: Agricultural area",,,10-20
farms.faostat-wcad.area-by-land-size,GRC,2009/2010,622390.0,,,,final,"WCA 2010 round, census 2009/10. FAO flag A: Official figure. FAO's note: UAA",,,10-20
farms.faostat-wcad.area-by-land-size,GRC,2020,508680.0,,,,final,"WCA 2020 round, census 2020. FAO flag A: Official figure. FAO's note: UAA",,,10-20
farms.faostat-wcad.area-by-land-size,GRC,1971,243258.0,,,,final,"WCA 1970 round, census 1971. FAO flag A: Official figure.",,,20-50
farms.faostat-wcad.area-by-land-size,GRC,1995,625800.0,,,,final,"WCA 1990 round, census 1995. FAO flag A: Official figure. FAO's note: Agricultural area. Data source: Eurostat - Farm Structure - 1995 Sample Survey.",,,20-50
farms.faostat-wcad.area-by-land-size,GRC,1999/2000,707980.0,,,,final,"WCA 2000 round, census 1999/00. FAO flag A: Official figure. FAO's note: Agricultural area",,,20-50
farms.faostat-wcad.area-by-land-size,GRC,2009/2010,758860.0,,,,final,"WCA 2010 round, census 2009/10. FAO flag A: Official figure. FAO's note: UAA",,,20-50
farms.faostat-wcad.area-by-land-size,GRC,2020,705640.0,,,,final,"WCA 2020 round, census 2020. FAO flag A: Official figure. FAO's note: UAA",,,20-50
farms.faostat-wcad.area-by-land-size,GRC,1971,88906.0,,,,final,"WCA 1970 round, census 1971. FAO flag A: Official figure.",,,50-100
farms.faostat-wcad.area-by-land-size,GRC,1995,172400.0,,,,final,"WCA 1990 round, census 1995. FAO flag A: Official figure. FAO's note: Agricultural area. Data source: Eurostat - Farm Structure - 1995 Sample Survey.",,,50-100
farms.faostat-wcad.area-by-land-size,GRC,1999/2000,225720.0,,,,final,"WCA 2000 round, census 1999/00. FAO flag A: Official figure. FAO's note: Agricultural area",,,50-100
farms.faostat-wcad.area-by-land-size,GRC,2009/2010,356960.0,,,,final,"WCA 2010 round, census 2009/10. FAO flag A: Official figure. FAO's note: UAA",,,50-100
farms.faostat-wcad.area-by-land-size,GRC,2020,308860.0,,,,final,"WCA 2020 round, census 2020. FAO flag A: Official figure. FAO's note: UAA",,,50-100
farms.faostat-wcad.area-by-land-size,GRC,1995,127600.0,,,,final,"WCA 1990 round, census 1995. FAO flag A: Official figure. FAO's note: Agricultural area. Data source: Eurostat - Farm Structure - 1995 Sample Survey.",,,100-200
farms.faostat-wcad.area-by-land-size,GRC,1999/2000,171200.0,,,,final,"WCA 2000 round, census 1999/00. FAO flag A: Official figure. FAO's note: Agricultural area",,,100-200
farms.faostat-wcad.area-by-land-size,GRC,2009/2010,1950180.0,,,,final,"WCA 2010 round, census 2009/10. FAO flag A: Official figure. FAO's note: UAA",,,100-200
farms.faostat-wcad.area-by-land-size,GRC,2020,149740.0,,,,final,"WCA 2020 round, census 2020. FAO flag A: Official figure. FAO's note: UAA",,,100-200
farms.faostat-wcad.area-by-land-size,GRD,1981,2343.74,,,,final,"WCA 1980 round, census 1981. FAO flag I: Value imputed by a receiving agency.",,,0-1
farms.faostat-wcad.area-by-land-size,GRD,1995,2583.0,,,,final,"WCA 1990 round, census 1995. FAO flag A: Official figure.",,,0-1
farms.faostat-wcad.area-by-land-size,GRD,2012,2010.0,,,,final,"WCA 2010 round, census 2012. FAO flag I: Value imputed by a receiving agency.",,,0-1
farms.faostat-wcad.area-by-land-size,GRD,1981,1961.26,,,,final,"WCA 1980 round, census 1981. FAO flag I: Value imputed by a receiving agency.",,,1-2
farms.faostat-wcad.area-by-land-size,GRD,1995,1950.0,,,,final,"WCA 1990 round, census 1995. FAO flag A: Official figure.",,,1-2
farms.faostat-wcad.area-by-land-size,GRD,2012,1493.0,,,,final,"WCA 2010 round, census 2012. FAO flag I: Value imputed by a receiving agency.",,,1-2
farms.faostat-wcad.area-by-land-size,GRD,2012,1017.0,,,,final,"WCA 2010 round, census 2012. FAO flag I: Value imputed by a receiving agency.",,,2-3
farms.faostat-wcad.area-by-land-size,GRD,2012,720.0,,,,final,"WCA 2010 round, census 2012. FAO flag I: Value imputed by a receiving agency.",,,3-4
farms.faostat-wcad.area-by-land-size,GRD,2012,443.0,,,,final,"WCA 2010 round, census 2012. FAO flag I: Value imputed by a receiving agency.",,,4-5
farms.faostat-wcad.area-by-land-size,GRD,1981,2117.46,,,,final,"WCA 1980 round, census 1981. FAO flag I: Value imputed by a receiving agency.",,,2-5
farms.faostat-wcad.area-by-land-size,GRD,1995,2791.0,,,,final,"WCA 1990 round, census 1995. FAO flag A: Official figure.",,,2-5
farms.faostat-wcad.area-by-land-size,GRD,1981,1241.54,,,,final,"WCA 1980 round, census 1981. FAO flag I: Value imputed by a receiving agency.",,,5-10
farms.faostat-wcad.area-by-land-size,GRD,1995,1598.0,,,,final,"WCA 1990 round, census 1995. FAO flag A: Official figure.",,,5-10
farms.faostat-wcad.area-by-land-size,GRD,2012,1241.0,,,,final,"WCA 2010 round, census 2012. FAO flag I: Value imputed by a receiving agency.",,,5-10
farms.faostat-wcad.area-by-land-size,GRD,1981,849.0,,,,final,"WCA 1980 round, census 1981. FAO flag A: Official figure.",,,10-20
farms.faostat-wcad.area-by-land-size,GRD,1995,980.0,,,,final,"WCA 1990 round, census 1995. FAO flag A: Official figure.",,,10-20
farms.faostat-wcad.area-by-land-size,GRD,2012,516.0,,,,final,"WCA 2010 round, census 2012. FAO flag A: Official figure.",,,10-20
farms.faostat-wcad.area-by-land-size,GRD,1981,5345.0,,,,final,"WCA 1980 round, census 1981. FAO flag I: Value imputed by a receiving agency.",,,20-50
farms.faostat-wcad.area-by-land-size,GRD,1995,4262.0,,,,final,"WCA 1990 round, census 1995. FAO flag A: Official figure.",,,20-50
farms.faostat-wcad.area-by-land-size,GRD,2012,2102.0,,,,final,"WCA 2010 round, census 2012. FAO flag A: Official figure.",,,20-50
farms.faostat-wcad.area-by-land-size,GTM,1950,95410.33,,,,final,"WCA 1950 round, census 1950. FAO flag I: Value imputed by a receiving agency.",,,0-1
farms.faostat-wcad.area-by-land-size,GTM,1964,68657.0,,,,final,"WCA 1960 round, census 1964. FAO flag A: Official figure.",,,0-1
farms.faostat-wcad.area-by-land-size,GTM,1979,111269.37,,,,final,"WCA 1980 round, census 1979. FAO flag I: Value imputed by a receiving agency.",,,0-1
farms.faostat-wcad.area-by-land-size,GTM,2003,435318.0,,,,final,"WCA 2000 round, census 2003. FAO flag I: Value imputed by a receiving agency.",,,0-1
farms.faostat-wcad.area-by-land-size,GTM,1950,98505.12,,,,final,"WCA 1950 round, census 1950. FAO flag I: Value imputed by a receiving agency.",,,1-2
farms.faostat-wcad.area-by-land-size,GTM,1964,139401.0,,,,final,"WCA 1960 round, census 1964. FAO flag A: Official figure.",,,1-2
farms.faostat-wcad.area-by-land-size,GTM,1979,155733.83,,,,final,"WCA 1980 round, census 1979. FAO flag I: Value imputed by a receiving agency.",,,1-2
farms.faostat-wcad.area-by-land-size,GTM,2003,251735.0,,,,final,"WCA 2000 round, census 2003. FAO flag I: Value imputed by a receiving agency.",,,1-2
farms.faostat-wcad.area-by-land-size,GTM,1950,215066.53,,,,final,"WCA 1950 round, census 1950. FAO flag I: Value imputed by a receiving agency.",,,2-5
farms.faostat-wcad.area-by-land-size,GTM,1964,307272.0,,,,final,"WCA 1960 round, census 1964. FAO flag A: Official figure.",,,2-5
farms.faostat-wcad.area-by-land-size,GTM,1979,291593.86,,,,final,"WCA 1980 round, census 1979. FAO flag I: Value imputed by a receiving agency.",,,2-5
farms.faostat-wcad.area-by-land-size,GTM,2003,359828.0,,,,final,"WCA 2000 round, census 2003. FAO flag I: Value imputed by a receiving agency.",,,2-5
farms.faostat-wcad.area-by-land-size,GTM,1950,176290.54,,,,final,"WCA 1950 round, census 1950. FAO flag I: Value imputed by a receiving agency.",,,5-10
farms.faostat-wcad.area-by-land-size,GTM,1964,250678.0,,,,final,"WCA 1960 round, census 1964. FAO flag A: Official figure.",,,5-10
farms.faostat-wcad.area-by-land-size,GTM,1979,264311.14,,,,final,"WCA 1980 round, census 1979. FAO flag I: Value imputed by a receiving agency.",,,5-10
farms.faostat-wcad.area-by-land-size,GTM,2003,345045.0,,,,final,"WCA 2000 round, census 2003. FAO flag I: Value imputed by a receiving agency.",,,5-10
farms.faostat-wcad.area-by-land-size,GTM,1950,218513.69,,,,final,"WCA 1950 round, census 1950. FAO flag I: Value imputed by a receiving agency.",,,10-20
farms.faostat-wcad.area-by-land-size,GTM,1964,277376.0,,,,final,"WCA 1960 round, census 1964. FAO flag A: Official figure.",,,10-20
farms.faostat-wcad.area-by-land-size,GTM,1979,306211.97,,,,final,"WCA 1980 round, census 1979. FAO flag I: Value imputed by a receiving agency.",,,10-20
farms.faostat-wcad.area-by-land-size,GTM,2003,200284.0,,,,final,"WCA 2000 round, census 2003. FAO flag I: Value imputed by a receiving agency.",,,10-20
farms.faostat-wcad.area-by-land-size,GTM,1950,267563.84,,,,final,"WCA 1950 round, census 1950. FAO flag I: Value imputed by a receiving agency.",,,20-50
farms.faostat-wcad.area-by-land-size,GTM,1964,298165.0,,,,final,"WCA 1960 round, census 1964. FAO flag A: Official figure.",,,20-50
farms.faostat-wcad.area-by-land-size,GTM,1979,403455.94,,,,final,"WCA 1980 round, census 1979. FAO flag I: Value imputed by a receiving agency.",,,20-50
farms.faostat-wcad.area-by-land-size,GTM,2003,1353840.0,,,,final,"WCA 2000 round, census 2003. FAO flag I: Value imputed by a receiving agency.",,,20-50
farms.faostat-wcad.area-by-land-size,GTM,1950,250619.39,,,,final,"WCA 1950 round, census 1950. FAO flag I: Value imputed by a receiving agency.",,,50-100
farms.faostat-wcad.area-by-land-size,GTM,1964,263679.0,,,,final,"WCA 1960 round, census 1964. FAO flag A: Official figure.",,,50-100
farms.faostat-wcad.area-by-land-size,GTM,1979,417659.25,,,,final,"WCA 1980 round, census 1979. FAO flag I: Value imputed by a receiving agency.",,,50-100
farms.faostat-wcad.area-by-land-size,GTM,2003,121327.0,,,,final,"WCA 2000 round, census 2003. FAO flag I: Value imputed by a receiving agency.",,,50-100
farms.faostat-wcad.area-by-land-size,GTM,1950,250887.36,,,,final,"WCA 1950 round, census 1950. FAO flag I: Value imputed by a receiving agency.",,,100-200
farms.faostat-wcad.area-by-land-size,GTM,1964,304457.0,,,,final,"WCA 1960 round, census 1964. FAO flag A: Official figure.",,,100-200
farms.faostat-wcad.area-by-land-size,GTM,1979,396876.07,,,,final,"WCA 1980 round, census 1979. FAO flag I: Value imputed by a receiving agency.",,,100-200
farms.faostat-wcad.area-by-land-size,GTM,2003,109198.0,,,,final,"WCA 2000 round, census 2003. FAO flag I: Value imputed by a receiving agency.",,,100-200
farms.faostat-wcad.area-by-land-size,GTM,1950,331964.78,,,,final,"WCA 1950 round, census 1950. FAO flag I: Value imputed by a receiving agency.",,,200-500
farms.faostat-wcad.area-by-land-size,GTM,1964,368769.0,,,,final,"WCA 1960 round, census 1964. FAO flag A: Official figure.",,,200-500
farms.faostat-wcad.area-by-land-size,GTM,1979,501076.27,,,,final,"WCA 1980 round, census 1979. FAO flag I: Value imputed by a receiving agency.",,,200-500
farms.faostat-wcad.area-by-land-size,GTM,2003,167520.0,,,,final,"WCA 2000 round, census 2003. FAO flag I: Value imputed by a receiving agency.",,,200-500
farms.faostat-wcad.area-by-land-size,GTM,1950,361475.34,,,,final,"WCA 1950 round, census 1950. FAO flag I: Value imputed by a receiving agency.",,,500-1000
farms.faostat-wcad.area-by-land-size,GTM,1964,344747.0,,,,final,"WCA 1960 round, census 1964. FAO flag A: Official figure.",,,500-1000
farms.faostat-wcad.area-by-land-size,GTM,1979,519590.13,,,,final,"WCA 1980 round, census 1979. FAO flag I: Value imputed by a receiving agency.",,,500-1000
farms.faostat-wcad.area-by-land-size,GTM,2003,247923.0,,,,final,"WCA 2000 round, census 2003. FAO flag I: Value imputed by a receiving agency.",,,500-1000
farms.faostat-wcad.area-by-land-size,GTM,1950,1447838.07,,,,final,"WCA 1950 round, census 1950. FAO flag I: Value imputed by a receiving agency.",,,1000-plus
farms.faostat-wcad.area-by-land-size,GTM,1964,853125.0,,,,final,"WCA 1960 round, census 1964. FAO flag A: Official figure.",,,1000-plus
farms.faostat-wcad.area-by-land-size,GTM,1979,777846.18,,,,final,"WCA 1980 round, census 1979. FAO flag I: Value imputed by a receiving agency.",,,1000-plus
farms.faostat-wcad.area-by-land-size,GTM,2003,158837.0,,,,final,"WCA 2000 round, census 2003. FAO flag I: Value imputed by a receiving agency.",,,1000-plus
farms.faostat-wcad.area-by-land-size,GUF,1980,567.0,,,,final,"WCA 1980 round, census 1980. FAO flag A: Official figure.",,,0-1
farms.faostat-wcad.area-by-land-size,GUF,1989,392.0,,,,final,"WCA 1990 round, census 1989. FAO flag A: Official figure. FAO's note: Agricultural area",,,0-1
farms.faostat-wcad.area-by-land-size,GUF,1980,776.0,,,,final,"WCA 1980 round, census 1980. FAO flag A: Official figure.",,,1-2
farms.faostat-wcad.area-by-land-size,GUF,1989,1791.0,,,,final,"WCA 1990 round, census 1989. FAO flag A: Official figure. FAO's note: Agricultural area",,,1-2
farms.faostat-wcad.area-by-land-size,GUF,1980,891.0,,,,final,"WCA 1980 round, census 1980. FAO flag A: Official figure.",,,2-5
farms.faostat-wcad.area-by-land-size,GUF,1989,5189.0,,,,final,"WCA 1990 round, census 1989. FAO flag A: Official figure. FAO's note: Agricultural area",,,2-5
farms.faostat-wcad.area-by-land-size,GUF,1980,650.0,,,,final,"WCA 1980 round, census 1980. FAO flag A: Official figure.",,,5-10
farms.faostat-wcad.area-by-land-size,GUF,1989,1751.0,,,,final,"WCA 1990 round, census 1989. FAO flag A: Official figure. FAO's note: Agricultural area",,,5-10
farms.faostat-wcad.area-by-land-size,GUF,1980,2206.99,,,,final,"WCA 1980 round, census 1980. FAO flag I: Value imputed by a receiving agency.",,,10-20
farms.faostat-wcad.area-by-land-size,GUF,1989,911.0,,,,final,"WCA 1990 round, census 1989. FAO flag A: Official figure. FAO's note: Agricultural area",,,10-20
farms.faostat-wcad.area-by-land-size,GUF,1980,2258.01,,,,final,"WCA 1980 round, census 1980. FAO flag I: Value imputed by a receiving agency.",,,20-50
farms.faostat-wcad.area-by-land-size,GUF,1989,10608.0,,,,final,"WCA 1990 round, census 1989. FAO flag A: Official figure. FAO's note: Agricultural area",,,20-50
farms.faostat-wcad.area-by-land-size,GUM,1950,149.0,,,,final,"WCA 1950 round, census 1950. FAO flag A: Official figure.",,,0-1
farms.faostat-wcad.area-by-land-size,GUM,1959,136.0,,,,final,"WCA 1960 round, census 1959. FAO flag A: Official figure.",,,0-1
farms.faostat-wcad.area-by-land-size,GUM,1969,166.0,,,,final,"WCA 1970 round, census 1969. FAO flag A: Official figure.",,,0-1
farms.faostat-wcad.area-by-land-size,GUM,1978,452.0,,,,final,"WCA 1980 round, census 1978. FAO flag A: Official figure.",,,0-1
farms.faostat-wcad.area-by-land-size,GUM,1987,51.0,,,,final,"WCA 1990 round, census 1987. FAO flag A: Official figure.",,,0-1
farms.faostat-wcad.area-by-land-size,GUM,2002,18.0,,,,final,"WCA 2000 round, census 2002. FAO flag I: Value imputed by a receiving agency.",,,0-1
farms.faostat-wcad.area-by-land-size,GUM,2007,25.0,,,,final,"WCA 2010 round, census 2007. FAO flag I: Value imputed by a receiving agency.",,,0-1
farms.faostat-wcad.area-by-land-size,GUM,2018,78.0,,,,final,"WCA 2020 round, census 2018. FAO flag I: Value imputed by a receiving agency.",,,0-1
farms.faostat-wcad.area-by-land-size,GUM,2023,124.9608,,,,final,"WCA 2020 round, census 2023. FAO flag I: Value imputed by a receiving agency.",,,0-1
farms.faostat-wcad.area-by-land-size,GUM,1950,621.9,,,,final,"WCA 1950 round, census 1950. FAO flag I: Value imputed by a receiving agency.",,,1-2
farms.faostat-wcad.area-by-land-size,GUM,1959,415.0,,,,final,"WCA 1960 round, census 1959. FAO flag A: Official figure.",,,1-2
farms.faostat-wcad.area-by-land-size,GUM,1969,242.61,,,,final,"WCA 1970 round, census 1969. FAO flag I: Value imputed by a receiving agency.",,,1-2
farms.faostat-wcad.area-by-land-size,GUM,1978,234.15,,,,final,"WCA 1980 round, census 1978. FAO flag I: Value imputed by a receiving agency.",,,1-2
farms.faostat-wcad.area-by-land-size,GUM,1987,111.0,,,,final,"WCA 1990 round, census 1987. FAO flag A: Official figure.",,,1-2
farms.faostat-wcad.area-by-land-size,GUM,2002,27.0,,,,final,"WCA 2000 round, census 2002. FAO flag I: Value imputed by a receiving agency.",,,1-2
farms.faostat-wcad.area-by-land-size,GUM,2007,26.0,,,,final,"WCA 2010 round, census 2007. FAO flag I: Value imputed by a receiving agency.",,,1-2
farms.faostat-wcad.area-by-land-size,GUM,2018,67.0,,,,final,"WCA 2020 round, census 2018. FAO flag I: Value imputed by a receiving agency.",,,1-2
farms.faostat-wcad.area-by-land-size,GUM,2023,92.9292,,,,final,"WCA 2020 round, census 2023. FAO flag I: Value imputed by a receiving agency.",,,1-2
farms.faostat-wcad.area-by-land-size,GUM,2007,24.0,,,,final,"WCA 2010 round, census 2007. FAO flag I: Value imputed by a receiving agency.",,,2-3
farms.faostat-wcad.area-by-land-size,GUM,2018,56.0,,,,final,"WCA 2020 round, census 2018. FAO flag I: Value imputed by a receiving agency.",,,2-3
farms.faostat-wcad.area-by-land-size,GUM,2007,23.0,,,,final,"WCA 2010 round, census 2007. FAO flag I: Value imputed by a receiving agency.",,,3-4
farms.faostat-wcad.area-by-land-size,GUM,2018,33.0,,,,final,"WCA 2020 round, census 2018. FAO flag I: Value imputed by a receiving agency.",,,3-4
farms.faostat-wcad.area-by-land-size,GUM,2007,28.0,,,,final,"WCA 2010 round, census 2007. FAO flag I: Value imputed by a receiving agency.",,,4-5
farms.faostat-wcad.area-by-land-size,GUM,2018,26.0,,,,final,"WCA 2020 round, census 2018. FAO flag I: Value imputed by a receiving agency.",,,4-5
farms.faostat-wcad.area-by-land-size,GUM,1950,1542.1,,,,final,"WCA 1950 round, census 1950. FAO flag I: Value imputed by a receiving agency.",,,2-5
farms.faostat-wcad.area-by-land-size,GUM,1959,1663.0,,,,final,"WCA 1960 round, census 1959. FAO flag A: Official figure.",,,2-5
farms.faostat-wcad.area-by-land-size,GUM,1969,602.39,,,,final,"WCA 1970 round, census 1969. FAO flag I: Value imputed by a receiving agency.",,,2-5
farms.faostat-wcad.area-by-land-size,GUM,1978,439.85,,,,final,"WCA 1980 round, census 1978. FAO flag I: Value imputed by a receiving agency.",,,2-5
farms.faostat-wcad.area-by-land-size,GUM,1987,221.0,,,,final,"WCA 1990 round, census 1987. FAO flag A: Official figure.",,,2-5
farms.faostat-wcad.area-by-land-size,GUM,2002,119.0,,,,final,"WCA 2000 round, census 2002. FAO flag I: Value imputed by a receiving agency.",,,2-5
farms.faostat-wcad.area-by-land-size,GUM,2023,240.798125,,,,final,"WCA 2020 round, census 2023. FAO flag I: Value imputed by a receiving agency.",,,2-5
farms.faostat-wcad.area-by-land-size,GUM,1950,1362.0,,,,final,"WCA 1950 round, census 1950. FAO flag A: Official figure.",,,5-10
farms.faostat-wcad.area-by-land-size,GUM,1959,874.0,,,,final,"WCA 1960 round, census 1959. FAO flag A: Official figure.",,,5-10
farms.faostat-wcad.area-by-land-size,GUM,1969,392.0,,,,final,"WCA 1970 round, census 1969. FAO flag A: Official figure.",,,5-10
farms.faostat-wcad.area-by-land-size,GUM,1978,322.0,,,,final,"WCA 1980 round, census 1978. FAO flag A: Official figure.",,,5-10
farms.faostat-wcad.area-by-land-size,GUM,1987,210.0,,,,final,"WCA 1990 round, census 1987. FAO flag A: Official figure.",,,5-10
farms.faostat-wcad.area-by-land-size,GUM,2002,142.0,,,,final,"WCA 2000 round, census 2002. FAO flag I: Value imputed by a receiving agency.",,,5-10
farms.faostat-wcad.area-by-land-size,GUM,2007,279.0,,,,final,"WCA 2010 round, census 2007. FAO flag I: Value imputed by a receiving agency.",,,5-10
farms.faostat-wcad.area-by-land-size,GUM,2018,730.0,,,,final,"WCA 2020 round, census 2018. FAO flag I: Value imputed by a receiving agency.",,,5-10
farms.faostat-wcad.area-by-land-size,GUM,2023,300.615399,,,,final,"WCA 2020 round, census 2023. FAO flag I: Value imputed by a receiving agency.",,,5-10
farms.faostat-wcad.area-by-land-size,GUM,1950,1535.0,,,,final,"WCA 1950 round, census 1950. FAO flag A: Official figure.",,,10-20
farms.faostat-wcad.area-by-land-size,GUM,1959,1142.0,,,,final,"WCA 1960 round, census 1959. FAO flag A: Official figure.",,,10-20
farms.faostat-wcad.area-by-land-size,GUM,1969,457.0,,,,final,"WCA 1970 round, census 1969. FAO flag A: Official figure.",,,10-20
farms.faostat-wcad.area-by-land-size,GUM,1978,263.0,,,,final,"WCA 1980 round, census 1978. FAO flag A: Official figure.",,,10-20
farms.faostat-wcad.area-by-land-size,GUM,1987,264.0,,,,final,"WCA 1990 round, census 1987. FAO flag A: Official figure.",,,10-20
farms.faostat-wcad.area-by-land-size,GUM,2002,117.0,,,,final,"WCA 2000 round, census 2002. FAO flag I: Value imputed by a receiving agency.",,,10-20
farms.faostat-wcad.area-by-land-size,GUM,2023,394.136476,,,,final,"WCA 2020 round, census 2023. FAO flag I: Value imputed by a receiving agency.",,,10-20
farms.faostat-wcad.area-by-land-size,GUM,1950,1599.0,,,,final,"WCA 1950 round, census 1950. FAO flag A: Official figure.",,,20-50
farms.faostat-wcad.area-by-land-size,GUM,1959,1699.0,,,,final,"WCA 1960 round, census 1959. FAO flag A: Official figure.",,,20-50
farms.faostat-wcad.area-by-land-size,GUM,1969,774.0,,,,final,"WCA 1970 round, census 1969. FAO flag A: Official figure.",,,20-50
farms.faostat-wcad.area-by-land-size,GUM,1978,386.0,,,,final,"WCA 1980 round, census 1978. FAO flag A: Official figure.",,,20-50
farms.faostat-wcad.area-by-land-size,GUM,1987,4458.0,,,,final,"WCA 1990 round, census 1987. FAO flag A: Official figure.",,,20-50
farms.faostat-wcad.area-by-land-size,GUM,2002,243.0,,,,final,"WCA 2000 round, census 2002. FAO flag I: Value imputed by a receiving agency.",,,20-50
farms.faostat-wcad.area-by-land-size,GUM,1950,3216.0,,,,final,"WCA 1950 round, census 1950. FAO flag A: Official figure.",,,50-100
farms.faostat-wcad.area-by-land-size,GUM,1959,7065.0,,,,final,"WCA 1960 round, census 1959. FAO flag A: Official figure.",,,50-100
farms.faostat-wcad.area-by-land-size,GUM,1969,7952.0,,,,final,"WCA 1970 round, census 1969. FAO flag A: Official figure.",,,50-100
farms.faostat-wcad.area-by-land-size,GUM,1978,9485.0,,,,final,"WCA 1980 round, census 1978. FAO flag A: Official figure.",,,50-100
farms.faostat-wcad.area-by-land-size,HND,1952,9991.0,,,,final,"WCA 1950 round, census 1952. FAO flag A: Official figure.",,,0-1
farms.faostat-wcad.area-by-land-size,HND,1974,21542.0,,,,final,"WCA 1970 round, census 1974. FAO flag A: Official figure.",,,0-1
farms.faostat-wcad.area-by-land-size,HND,1952,61964.64,,,,final,"WCA 1950 round, census 1952. FAO flag I: Value imputed by a receiving agency.",,,1-2
farms.faostat-wcad.area-by-land-size,HND,1974,53648.0,,,,final,"WCA 1970 round, census 1974. FAO flag A: Official figure.",,,1-2
farms.faostat-wcad.area-by-land-size,HND,1952,130276.36,,,,final,"WCA 1950 round, census 1952. FAO flag I: Value imputed by a receiving agency.",,,2-5
farms.faostat-wcad.area-by-land-size,HND,1974,163803.0,,,,final,"WCA 1970 round, census 1974. FAO flag A: Official figure.",,,2-5
farms.faostat-wcad.area-by-land-size,HND,1993,280531.0,,,,final,"WCA 1990 round, census 1993. FAO flag A: Official figure.",,,2-5
farms.faostat-wcad.area-by-land-size,HND,1952,201554.0,,,,final,"WCA 1950 round, census 1952. FAO flag A: Official figure.",,,5-10
farms.faostat-wcad.area-by-land-size,HND,1974,201274.0,,,,final,"WCA 1970 round, census 1974. FAO flag A: Official figure.",,,5-10
farms.faostat-wcad.area-by-land-size,HND,1993,249098.0,,,,final,"WCA 1990 round, census 1993. FAO flag A: Official figure.",,,5-10
farms.faostat-wcad.area-by-land-size,HND,1952,259213.0,,,,final,"WCA 1950 round, census 1952. FAO flag A: Official figure.",,,10-20
farms.faostat-wcad.area-by-land-size,HND,1974,268145.0,,,,final,"WCA 1970 round, census 1974. FAO flag A: Official figure.",,,10-20
farms.faostat-wcad.area-by-land-size,HND,1993,369364.0,,,,final,"WCA 1990 round, census 1993. FAO flag A: Official figure.",,,10-20
farms.faostat-wcad.area-by-land-size,HND,1952,417282.0,,,,final,"WCA 1950 round, census 1952. FAO flag A: Official figure.",,,20-50
farms.faostat-wcad.area-by-land-size,HND,1974,461216.0,,,,final,"WCA 1970 round, census 1974. FAO flag A: Official figure.",,,20-50
farms.faostat-wcad.area-by-land-size,HND,1993,2738476.0,,,,final,"WCA 1990 round, census 1993. FAO flag A: Official figure.",,,20-50
farms.faostat-wcad.area-by-land-size,HND,1952,265929.0,,,,final,"WCA 1950 round, census 1952. FAO flag A: Official figure.",,,50-100
farms.faostat-wcad.area-by-land-size,HND,1974,301228.0,,,,final,"WCA 1970 round, census 1974. FAO flag A: Official figure.",,,50-100
farms.faostat-wcad.area-by-land-size,HND,1952,207726.0,,,,final,"WCA 1950 round, census 1952. FAO flag A: Official figure.",,,100-200
farms.faostat-wcad.area-by-land-size,HND,1974,266697.0,,,,final,"WCA 1970 round, census 1974. FAO flag A: Official figure.",,,100-200
farms.faostat-wcad.area-by-land-size,HND,1952,244129.0,,,,final,"WCA 1950 round, census 1952. FAO flag A: Official figure.",,,200-500
farms.faostat-wcad.area-by-land-size,HND,1974,313207.0,,,,final,"WCA 1970 round, census 1974. FAO flag A: Official figure.",,,200-500
farms.faostat-wcad.area-by-land-size,HND,1952,193844.0,,,,final,"WCA 1950 round, census 1952. FAO flag A: Official figure.",,,500-1000
farms.faostat-wcad.area-by-land-size,HND,1974,183769.0,,,,final,"WCA 1970 round, census 1974. FAO flag A: Official figure.",,,500-1000
farms.faostat-wcad.area-by-land-size,HND,1952,515495.0,,,,final,"WCA 1950 round, census 1952. FAO flag A: Official figure.",,,1000-plus
farms.faostat-wcad.area-by-land-size,HND,1974,395330.0,,,,final,"WCA 1970 round, census 1974. FAO flag A: Official figure.",,,1000-plus
farms.faostat-wcad.area-by-land-size,HRV,2003,81982.0,,,,final,"WCA 2000 round, census 2003. FAO flag A: Official figure. FAO's note: Agricultural Households",,,0-1
farms.faostat-wcad.area-by-land-size,HRV,2010,33166.0,,,,final,"WCA 2010 round, census 2010. FAO flag I: Value imputed by a receiving agency. FAO's note: UAA",,,0-1
farms.faostat-wcad.area-by-land-size,HRV,2020,17341.0,,,,final,"WCA 2020 round, census 2020. FAO flag I: Value imputed by a receiving agency. FAO's note: UAA",,,0-1
farms.faostat-wcad.area-by-land-size,HRV,2003,103484.0,,,,final,"WCA 2000 round, census 2003. FAO flag A: Official figure. FAO's note: Agricultural Households",,,1-2
farms.faostat-wcad.area-by-land-size,HRV,2010,67514.0,,,,final,"WCA 2010 round, census 2010. FAO flag I: Value imputed by a receiving agency. FAO's note: UAA",,,1-2
farms.faostat-wcad.area-by-land-size,HRV,2020,35299.0,,,,final,"WCA 2020 round, census 2020. FAO flag I: Value imputed by a receiving agency. FAO's note: UAA",,,1-2
farms.faostat-wcad.area-by-land-size,HRV,2010,60155.0,,,,final,"WCA 2010 round, census 2010. FAO flag I: Value imputed by a receiving agency. FAO's note: UAA",,,2-3
farms.faostat-wcad.area-by-land-size,HRV,2020,46193.0,,,,final,"WCA 2020 round, census 2020. FAO flag I: Value imputed by a receiving agency. FAO's note: UAA",,,2-3
farms.faostat-wcad.area-by-land-size,HRV,2010,59847.0,,,,final,"WCA 2010 round, census 2010. FAO flag I: Value imputed by a receiving agency. FAO's note: UAA",,,3-4
farms.faostat-wcad.area-by-land-size,HRV,2020,45957.0,,,,final,"WCA 2020 round, census 2020. FAO flag I: Value imputed by a receiving agency. FAO's note: UAA",,,3-4
farms.faostat-wcad.area-by-land-size,HRV,2010,57468.0,,,,final,"WCA 2010 round, census 2010. FAO flag I: Value imputed by a receiving agency. FAO's note: UAA",,,4-5
farms.faostat-wcad.area-by-land-size,HRV,2020,44130.0,,,,final,"WCA 2020 round, census 2020. FAO flag I: Value imputed by a receiving agency. FAO's note: UAA",,,4-5
farms.faostat-wcad.area-by-land-size,HRV,2003,276780.0,,,,final,"WCA 2000 round, census 2003. FAO flag A: Official figure. FAO's note: Agricultural Households",,,2-5
farms.faostat-wcad.area-by-land-size,HRV,2003,294253.0,,,,final,"WCA 2000 round, census 2003. FAO flag A: Official figure. FAO's note: Agricultural Households",,,5-10
farms.faostat-wcad.area-by-land-size,HRV,2010,208860.0,,,,final,"WCA 2010 round, census 2010. FAO flag A: Official figure. FAO's note: UAA",,,5-10
farms.faostat-wcad.area-by-land-size,HRV,2020,146790.0,,,,final,"WCA 2020 round, census 2020. FAO flag A: Official figure. FAO's note: UAA",,,5-10
farms.faostat-wcad.area-by-land-size,HRV,2003,210401.0,,,,final,"WCA 2000 round, census 2003. FAO flag A: Official figure. FAO's note: Agricultural Households",,,10-20
farms.faostat-wcad.area-by-land-size,HRV,2010,188580.0,,,,final,"WCA 2010 round, census 2010. FAO flag A: Official figure. FAO's note: UAA",,,10-20
farms.faostat-wcad.area-by-land-size,HRV,2020,139260.0,,,,final,"WCA 2020 round, census 2020. FAO flag A: Official figure. FAO's note: UAA",,,10-20
farms.faostat-wcad.area-by-land-size,HRV,2003,424722.0,,,,final,"WCA 2000 round, census 2003. FAO flag A: Official figure. FAO's note: Agricultural Households",,,20-50
farms.faostat-wcad.area-by-land-size,HRV,2010,235390.0,,,,final,"WCA 2010 round, census 2010. FAO flag A: Official figure. FAO's note: UAA",,,20-50
farms.faostat-wcad.area-by-land-size,HRV,2020,207100.0,,,,final,"WCA 2020 round, census 2020. FAO flag A: Official figure. FAO's note: UAA",,,20-50
farms.faostat-wcad.area-by-land-size,HRV,2010,154230.0,,,,final,"WCA 2010 round, census 2010. FAO flag A: Official figure. FAO's note: UAA",,,50-100
farms.faostat-wcad.area-by-land-size,HRV,2020,177430.0,,,,final,"WCA 2020 round, census 2020. FAO flag A: Official figure. FAO's note: UAA",,,50-100
farms.faostat-wcad.area-by-land-size,HRV,2010,250790.0,,,,final,"WCA 2010 round, census 2010. FAO flag A: Official figure. FAO's note: UAA",,,100-200
farms.faostat-wcad.area-by-land-size,HRV,2020,372000.0,,,,final,"WCA 2020 round, census 2020. FAO flag A: Official figure. FAO's note: UAA",,,100-200
farms.faostat-wcad.area-by-land-size,HTI,2008/2009,347798.0,,,,final,"WCA 2010 round, census 2008/09. FAO flag I: Value imputed by a receiving agency. FAO's note: UAA",,,0-1
farms.faostat-wcad.area-by-land-size,HTI,2008/2009,252487.0,,,,final,"WCA 2010 round, census 2008/09. FAO flag I: Value imputed by a receiving agency. FAO's note: UAA",,,1-2
farms.faostat-wcad.area-by-land-size,HTI,2008/2009,138174.0,,,,final,"WCA 2010 round, census 2008/09. FAO flag I: Value imputed by a receiving agency. FAO's note: UAA",,,2-3
farms.faostat-wcad.area-by-land-size,HTI,2008/2009,107109.0,,,,final,"WCA 2010 round, census 2008/09. FAO flag A: Official figure. FAO's note: UAA",,,3-4
farms.faostat-wcad.area-by-land-size,HTI,2008/2009,43202.0,,,,final,"WCA 2010 round, census 2008/09. FAO flag A: Official figure. FAO's note: UAA",,,4-5
farms.faostat-wcad.area-by-land-size,HTI,2008/2009,43468.0,,,,final,"WCA 2010 round, census 2008/09. FAO flag I: Value imputed by a receiving agency. FAO's note: UAA",,,5-10
farms.faostat-wcad.area-by-land-size,HTI,2008/2009,17512.0,,,,final,"WCA 2010 round, census 2008/09. FAO flag I: Value imputed by a receiving agency. FAO's note: UAA",,,10-20
farms.faostat-wcad.area-by-land-size,HUN,1972,236512.0,,,,final,"WCA 1970 round, census 1972. FAO flag A: Official figure.",,,0-1
farms.faostat-wcad.area-by-land-size,HUN,1981,197527.0,,,,final,"WCA 1980 round, census 1981. FAO flag A: Official figure.",,,0-1
farms.faostat-wcad.area-by-land-size,HUN,2010,45460.0,,,,final,"WCA 2010 round, census 2010. FAO flag I: Value imputed by a receiving agency. FAO's note: UAA",,,0-1
farms.faostat-wcad.area-by-land-size,HUN,2020,20151.0,,,,final,"WCA 2020 round, census 2020. FAO flag I: Value imputed by a receiving agency. FAO's note: UAA",,,0-1
farms.faostat-wcad.area-by-land-size,HUN,1972,63874.0,,,,final,"WCA 1970 round, census 1972. FAO flag A: Official figure.",,,1-2
farms.faostat-wcad.area-by-land-size,HUN,1981,43232.0,,,,final,"WCA 1980 round, census 1981. FAO flag A: Official figure.",,,1-2
farms.faostat-wcad.area-by-land-size,HUN,2010,92540.0,,,,final,"WCA 2010 round, census 2010. FAO flag I: Value imputed by a receiving agency. FAO's note: UAA",,,1-2
farms.faostat-wcad.area-by-land-size,HUN,2020,41019.0,,,,final,"WCA 2020 round, census 2020. FAO flag I: Value imputed by a receiving agency. FAO's note: UAA",,,1-2
farms.faostat-wcad.area-by-land-size,HUN,2010,48359.0,,,,final,"WCA 2010 round, census 2010. FAO flag I: Value imputed by a receiving agency. FAO's note: UAA",,,2-3
farms.faostat-wcad.area-by-land-size,HUN,2020,43959.0,,,,final,"WCA 2020 round, census 2020. FAO flag I: Value imputed by a receiving agency. FAO's note: UAA",,,2-3
farms.faostat-wcad.area-by-land-size,HUN,2010,48112.0,,,,final,"WCA 2010 round, census 2010. FAO flag I: Value imputed by a receiving agency. FAO's note: UAA",,,3-4
farms.faostat-wcad.area-by-land-size,HUN,2020,43734.0,,,,final,"WCA 2020 round, census 2020. FAO flag I: Value imputed by a receiving agency. FAO's note: UAA",,,3-4
farms.faostat-wcad.area-by-land-size,HUN,2010,46199.0,,,,final,"WCA 2010 round, census 2010. FAO flag I: Value imputed by a receiving agency. FAO's note: UAA",,,4-5
farms.faostat-wcad.area-by-land-size,HUN,2020,41996.0,,,,final,"WCA 2020 round, census 2020. FAO flag I: Value imputed by a receiving agency. FAO's note: UAA",,,4-5
farms.faostat-wcad.area-by-land-size,HUN,1972,60366.0,,,,final,"WCA 1970 round, census 1972. FAO flag A: Official figure.",,,2-5
farms.faostat-wcad.area-by-land-size,HUN,1981,56961.0,,,,final,"WCA 1980 round, census 1981. FAO flag A: Official figure.",,,2-5
farms.faostat-wcad.area-by-land-size,HUN,1972,17709.0,,,,final,"WCA 1970 round, census 1972. FAO flag A: Official figure.",,,5-10
farms.faostat-wcad.area-by-land-size,HUN,1981,54.0,,,,final,"WCA 1980 round, census 1981. FAO flag A: Official figure.",,,5-10
farms.faostat-wcad.area-by-land-size,HUN,2010,183910.0,,,,final,"WCA 2010 round, census 2010. FAO flag A: Official figure. FAO's note: UAA",,,5-10
farms.faostat-wcad.area-by-land-size,HUN,2020,192650.0,,,,final,"WCA 2020 round, census 2020. FAO flag A: Official figure. FAO's note: UAA",,,5-10
farms.faostat-wcad.area-by-land-size,HUN,1972,2036.0,,,,final,"WCA 1970 round, census 1972. FAO flag A: Official figure.",,,10-20
farms.faostat-wcad.area-by-land-size,HUN,1981,71.0,,,,final,"WCA 1980 round, census 1981. FAO flag A: Official figure.",,,10-20
farms.faostat-wcad.area-by-land-size,HUN,2010,268840.0,,,,final,"WCA 2010 round, census 2010. FAO flag A: Official figure. FAO's note: UAA",,,10-20
farms.faostat-wcad.area-by-land-size,HUN,2020,270500.0,,,,final,"WCA 2020 round, census 2020. FAO flag A: Official figure. FAO's note: UAA",,,10-20
farms.faostat-wcad.area-by-land-size,HUN,1972,2587.0,,,,final,"WCA 1970 round, census 1972. FAO flag A: Official figure.",,,20-50
farms.faostat-wcad.area-by-land-size,HUN,1981,285.0,,,,final,"WCA 1980 round, census 1981. FAO flag A: Official figure.",,,20-50
farms.faostat-wcad.area-by-land-size,HUN,2010,472980.0,,,,final,"WCA 2010 round, census 2010. FAO flag A: Official figure. FAO's note: UAA",,,20-50
farms.faostat-wcad.area-by-land-size,HUN,2020,509270.0,,,,final,"WCA 2020 round, census 2020. FAO flag A: Official figure. FAO's note: UAA",,,20-50
farms.faostat-wcad.area-by-land-size,HUN,1972,4874.0,,,,final,"WCA 1970 round, census 1972. FAO flag A: Official figure.",,,50-100
farms.faostat-wcad.area-by-land-size,HUN,1981,325.0,,,,final,"WCA 1980 round, census 1981. FAO flag A: Official figure.",,,50-100
farms.faostat-wcad.area-by-land-size,HUN,2010,445860.0,,,,final,"WCA 2010 round, census 2010. FAO flag A: Official figure. FAO's note: UAA",,,50-100
farms.faostat-wcad.area-by-land-size,HUN,2020,561280.0,,,,final,"WCA 2020 round, census 2020. FAO flag A: Official figure. FAO's note: UAA",,,50-100
farms.faostat-wcad.area-by-land-size,HUN,1972,12869.0,,,,final,"WCA 1970 round, census 1972. FAO flag A: Official figure.",,,100-200
farms.faostat-wcad.area-by-land-size,HUN,1981,886.0,,,,final,"WCA 1980 round, census 1981. FAO flag A: Official figure.",,,100-200
farms.faostat-wcad.area-by-land-size,HUN,2010,3034080.0,,,,final,"WCA 2010 round, census 2010. FAO flag A: Official figure. FAO's note: UAA",,,100-200
farms.faostat-wcad.area-by-land-size,HUN,2020,3197180.0,,,,final,"WCA 2020 round, census 2020. FAO flag A: Official figure. FAO's note: UAA",,,100-200
farms.faostat-wcad.area-by-land-size,HUN,1972,46687.0,,,,final,"WCA 1970 round, census 1972. FAO flag A: Official figure.",,,200-500
farms.faostat-wcad.area-by-land-size,HUN,1981,3064.0,,,,final,"WCA 1980 round, census 1981. FAO flag A: Official figure.",,,200-500
farms.faostat-wcad.area-by-land-size,HUN,1972,251007.0,,,,final,"WCA 1970 round, census 1972. FAO flag A: Official figure.",,,500-1000
farms.faostat-wcad.area-by-land-size,HUN,1981,16436.0,,,,final,"WCA 1980 round, census 1981. FAO flag A: Official figure.",,,500-1000
farms.faostat-wcad.area-by-land-size,HUN,1972,6777582.0,,,,final,"WCA 1970 round, census 1972. FAO flag A: Official figure.",,,1000-plus
farms.faostat-wcad.area-by-land-size,HUN,1981,6886221.0,,,,final,"WCA 1980 round, census 1981. FAO flag A: Official figure.",,,1000-plus
farms.faostat-wcad.area-by-land-size,IDN,1963,3691206.0,,,,final,"WCA 1960 round, census 1963. FAO flag A: Official figure.",,,0-1
farms.faostat-wcad.area-by-land-size,IDN,1973,4103543.0,,,,final,"WCA 1970 round, census 1973. FAO flag A: Official figure. FAO's note: Household sector.",,,0-1
farms.faostat-wcad.area-by-land-size,IDN,1993,5105398.0,,,,final,"WCA 1990 round, census 1993. FAO flag A: Official figure.",,,0-1
farms.faostat-wcad.area-by-land-size,IDN,1963,2942013.0,,,,final,"WCA 1960 round, census 1963. FAO flag A: Official figure.",,,1-2
farms.faostat-wcad.area-by-land-size,IDN,1973,3397264.0,,,,final,"WCA 1970 round, census 1973. FAO flag A: Official figure. FAO's note: Household sector.",,,1-2
farms.faostat-wcad.area-by-land-size,IDN,1993,4254082.0,,,,final,"WCA 1990 round, census 1993. FAO flag A: Official figure.",,,1-2
farms.faostat-wcad.area-by-land-size,IDN,1963,3189261.0,,,,final,"WCA 1960 round, census 1963. FAO flag A: Official figure.",,,2-5
farms.faostat-wcad.area-by-land-size,IDN,1973,3761897.0,,,,final,"WCA 1970 round, census 1973. FAO flag A: Official figure. FAO's note: Household sector.",,,2-5
farms.faostat-wcad.area-by-land-size,IDN,1993,5754989.0,,,,final,"WCA 1990 round, census 1993. FAO flag A: Official figure.",,,2-5
farms.faostat-wcad.area-by-land-size,IDN,1963,1447226.0,,,,final,"WCA 1960 round, census 1963. FAO flag A: Official figure.",,,5-10
farms.faostat-wcad.area-by-land-size,IDN,1973,1449805.0,,,,final,"WCA 1970 round, census 1973. FAO flag A: Official figure. FAO's note: Household sector.",,,5-10
farms.faostat-wcad.area-by-land-size,IDN,1993,1442915.0,,,,final,"WCA 1990 round, census 1993. FAO flag A: Official figure.",,,5-10
farms.faostat-wcad.area-by-land-size,IDN,1963,891824.0,,,,final,"WCA 1960 round, census 1963. FAO flag A: Official figure.",,,10-20
farms.faostat-wcad.area-by-land-size,IDN,1973,1455683.0,,,,final,"WCA 1970 round, census 1973. FAO flag A: Official figure. FAO's note: Household sector.",,,10-20
farms.faostat-wcad.area-by-land-size,IDN,1993,587652.0,,,,final,"WCA 1990 round, census 1993. FAO flag A: Official figure.",,,10-20
farms.faostat-wcad.area-by-land-size,IDN,1963,722338.0,,,,final,"WCA 1960 round, census 1963. FAO flag A: Official figure.",,,20-50
farms.faostat-wcad.area-by-land-size,IDN,1963,26152.0,,,,final,"WCA 1960 round, census 1963. FAO flag A: Official figure.",,,100-200
farms.faostat-wcad.area-by-land-size,IDN,1963,88566.0,,,,final,"WCA 1960 round, census 1963. FAO flag A: Official figure.",,,200-500
farms.faostat-wcad.area-by-land-size,IDN,1963,135818.0,,,,final,"WCA 1960 round, census 1963. FAO flag A: Official figure.",,,500-1000
farms.faostat-wcad.area-by-land-size,IDN,1963,1500291.0,,,,final,"WCA 1960 round, census 1963. FAO flag A: Official figure.",,,1000-plus
farms.faostat-wcad.area-by-land-size,IND,1960/1961,8826000.0,,,,final,"WCA 1960 round, census 1960/61. FAO flag A: Official figure.",,,0-1
farms.faostat-wcad.area-by-land-size,IND,1970/1971,14545000.0,,,,final,"WCA 1970 round, census 1970/71. FAO flag A: Official figure.",,,0-1
farms.faostat-wcad.area-by-land-size,IND,1976/1977,17509000.0,,,,final,"WCA 1980 round, census 1976/77. FAO flag A: Official figure.",,,0-1
farms.faostat-wcad.area-by-land-size,IND,1990/1991,24894000.0,,,,final,"WCA 1990 round, census 1990/91. FAO flag A: Official figure.",,,0-1
farms.faostat-wcad.area-by-land-size,IND,2000/2001,29806000.0,,,,final,"WCA 2000 round, census 2000/01. FAO flag A: Official figure.",,,0-1
farms.faostat-wcad.area-by-land-size,IND,2010/2011,35908000.0,,,,final,"WCA 2010 round, census 2010/11. FAO flag A: Official figure.",,,0-1
farms.faostat-wcad.area-by-land-size,IND,2015/2016,37923353.0,,,,final,"WCA 2020 round, census 2015/16. FAO flag I: Value imputed by a receiving agency.",,,0-1
farms.faostat-wcad.area-by-land-size,IND,1960/1961,16004000.0,,,,final,"WCA 1960 round, census 1960/61. FAO flag A: Official figure.",,,1-2
farms.faostat-wcad.area-by-land-size,IND,1970/1971,19282000.0,,,,final,"WCA 1970 round, census 1970/71. FAO flag A: Official figure.",,,1-2
farms.faostat-wcad.area-by-land-size,IND,1976/1977,20905000.0,,,,final,"WCA 1980 round, census 1976/77. FAO flag A: Official figure.",,,1-2
farms.faostat-wcad.area-by-land-size,IND,1990/1991,28827000.0,,,,final,"WCA 1990 round, census 1990/91. FAO flag A: Official figure.",,,1-2
farms.faostat-wcad.area-by-land-size,IND,2000/2001,32129000.0,,,,final,"WCA 2000 round, census 2000/01. FAO flag A: Official figure.",,,1-2
farms.faostat-wcad.area-by-land-size,IND,2010/2011,35244000.0,,,,final,"WCA 2010 round, census 2010/11. FAO flag A: Official figure.",,,1-2
farms.faostat-wcad.area-by-land-size,IND,2015/2016,36150710.0,,,,final,"WCA 2020 round, census 2015/16. FAO flag A: Official figure.",,,1-2
farms.faostat-wcad.area-by-land-size,IND,2010/2011,23164000.0,,,,final,"WCA 2010 round, census 2010/11. FAO flag A: Official figure.",,,2-3
farms.faostat-wcad.area-by-land-size,IND,2015/2016,23374742.0,,,,final,"WCA 2020 round, census 2015/16. FAO flag A: Official figure.",,,2-3
farms.faostat-wcad.area-by-land-size,IND,2010/2011,14540000.0,,,,final,"WCA 2010 round, census 2010/11. FAO flag A: Official figure.",,,3-4
farms.faostat-wcad.area-by-land-size,IND,2015/2016,14244565.0,,,,final,"WCA 2020 round, census 2015/16. FAO flag A: Official figure.",,,3-4
farms.faostat-wcad.area-by-land-size,IND,2010/2011,10762000.0,,,,final,"WCA 2010 round, census 2010/11. FAO flag A: Official figure.",,,4-5
farms.faostat-wcad.area-by-land-size,IND,2015/2016,10457933.0,,,,final,"WCA 2020 round, census 2015/16. FAO flag A: Official figure.",,,4-5
farms.faostat-wcad.area-by-land-size,IND,1960/1961,36717000.0,,,,final,"WCA 1960 round, census 1960/61. FAO flag A: Official figure.",,,2-5
farms.faostat-wcad.area-by-land-size,IND,1970/1971,41928000.0,,,,final,"WCA 1970 round, census 1970/71. FAO flag A: Official figure.",,,2-5
farms.faostat-wcad.area-by-land-size,IND,1976/1977,44989000.0,,,,final,"WCA 1980 round, census 1976/77. FAO flag A: Official figure.",,,2-5
farms.faostat-wcad.area-by-land-size,IND,1990/1991,51223000.0,,,,final,"WCA 1990 round, census 1990/91. FAO flag A: Official figure.",,,2-5
farms.faostat-wcad.area-by-land-size,IND,2000/2001,49788000.0,,,,final,"WCA 2000 round, census 2000/01. FAO flag A: Official figure.",,,2-5
farms.faostat-wcad.area-by-land-size,IND,1960/1961,29948000.0,,,,final,"WCA 1960 round, census 1960/61. FAO flag A: Official figure.",,,5-10
farms.faostat-wcad.area-by-land-size,IND,1970/1971,36305000.0,,,,final,"WCA 1970 round, census 1970/71. FAO flag A: Official figure.",,,5-10
farms.faostat-wcad.area-by-land-size,IND,1976/1977,37067000.0,,,,final,"WCA 1980 round, census 1976/77. FAO flag A: Official figure.",,,5-10
farms.faostat-wcad.area-by-land-size,IND,1990/1991,31903000.0,,,,final,"WCA 1990 round, census 1990/91. FAO flag A: Official figure.",,,5-10
farms.faostat-wcad.area-by-land-size,IND,2000/2001,26579000.0,,,,final,"WCA 2000 round, census 2000/01. FAO flag A: Official figure.",,,5-10
farms.faostat-wcad.area-by-land-size,IND,2010/2011,23066000.0,,,,final,"WCA 2010 round, census 2010/11. FAO flag I: Value imputed by a receiving agency.",,,5-10
farms.faostat-wcad.area-by-land-size,IND,2015/2016,21352494.0,,,,final,"WCA 2020 round, census 2015/16. FAO flag A: Official figure.",,,5-10
farms.faostat-wcad.area-by-land-size,IND,1960/1961,24352000.0,,,,final,"WCA 1960 round, census 1960/61. FAO flag A: Official figure.",,,10-20
farms.faostat-wcad.area-by-land-size,IND,1970/1971,28521000.0,,,,final,"WCA 1970 round, census 1970/71. FAO flag A: Official figure.",,,10-20
farms.faostat-wcad.area-by-land-size,IND,1976/1977,26035000.0,,,,final,"WCA 1980 round, census 1976/77. FAO flag A: Official figure.",,,10-20
farms.faostat-wcad.area-by-land-size,IND,1990/1991,28660000.0,,,,final,"WCA 1990 round, census 1990/91. FAO flag A: Official figure.",,,10-20
farms.faostat-wcad.area-by-land-size,IND,2000/2001,13220000.0,,,,final,"WCA 2000 round, census 2000/01. FAO flag A: Official figure.",,,10-20
farms.faostat-wcad.area-by-land-size,IND,2010/2011,10489000.0,,,,final,"WCA 2010 round, census 2010/11. FAO flag A: Official figure.",,,10-20
farms.faostat-wcad.area-by-land-size,IND,2015/2016,9066528.0,,,,final,"WCA 2020 round, census 2015/16. FAO flag A: Official figure.",,,10-20
farms.faostat-wcad.area-by-land-size,IND,1960/1961,12340000.0,,,,final,"WCA 1960 round, census 1960/61. FAO flag A: Official figure.",,,20-50
farms.faostat-wcad.area-by-land-size,IND,1970/1971,15572000.0,,,,final,"WCA 1970 round, census 1970/71. FAO flag A: Official figure.",,,20-50
farms.faostat-wcad.area-by-land-size,IND,1976/1977,12310000.0,,,,final,"WCA 1980 round, census 1976/77. FAO flag A: Official figure.",,,20-50
farms.faostat-wcad.area-by-land-size,IND,2000/2001,7872000.0,,,,final,"WCA 2000 round, census 2000/01. FAO flag A: Official figure.",,,20-50
farms.faostat-wcad.area-by-land-size,IND,2010/2011,6418000.0,,,,final,"WCA 2010 round, census 2010/11. FAO flag A: Official figure.",,,20-50
farms.faostat-wcad.area-by-land-size,IND,2015/2016,5247011.0,,,,final,"WCA 2020 round, census 2015/16. FAO flag A: Official figure.",,,20-50
farms.faostat-wcad.area-by-land-size,IND,1960/1961,3686000.0,,,,final,"WCA 1960 round, census 1960/61. FAO flag A: Official figure.",,,50-100
farms.faostat-wcad.area-by-land-size,IND,1970/1971,5971000.0,,,,final,"WCA 1970 round, census 1970/71. FAO flag A: Official figure.",,,50-100
farms.faostat-wcad.area-by-land-size,IND,1976/1977,4528000.0,,,,final,"WCA 1980 round, census 1976/77. FAO flag A: Official figure.",,,50-100
farms.faostat-wcad.area-by-land-size,IRL,1929,26081.0,,,,final,"WCA 1930 round, census 1929. FAO flag A: Official figure.",,,0-1
farms.faostat-wcad.area-by-land-size,IRL,1949,27055.43,,,,final,"WCA 1950 round, census 1949. FAO flag I: Value imputed by a receiving agency.",,,0-1
farms.faostat-wcad.area-by-land-size,IRL,1960,31819.0,,,,final,"WCA 1960 round, census 1960. FAO flag A: Official figure.",,,0-1
farms.faostat-wcad.area-by-land-size,IRL,2010,830.0,,,,final,"WCA 2010 round, census 2010. FAO flag I: Value imputed by a receiving agency. FAO's note: UAA",,,0-1
farms.faostat-wcad.area-by-land-size,IRL,2020,514.0,,,,final,"WCA 2020 round, census 2020. FAO flag I: Value imputed by a receiving agency. FAO's note: UAA",,,0-1
farms.faostat-wcad.area-by-land-size,IRL,1929,32142.0,,,,final,"WCA 1930 round, census 1929. FAO flag A: Official figure.",,,1-2
farms.faostat-wcad.area-by-land-size,IRL,1949,31845.32,,,,final,"WCA 1950 round, census 1949. FAO flag I: Value imputed by a receiving agency.",,,1-2
farms.faostat-wcad.area-by-land-size,IRL,1960,20827.0,,,,final,"WCA 1960 round, census 1960. FAO flag A: Official figure.",,,1-2
farms.faostat-wcad.area-by-land-size,IRL,2000,5210.0,,,,final,"WCA 2000 round, census 2000. FAO flag A: Official figure. FAO's note: Agricultural area. < 2 ha",,,1-2
farms.faostat-wcad.area-by-land-size,IRL,2010,1690.0,,,,final,"WCA 2010 round, census 2010. FAO flag I: Value imputed by a receiving agency. FAO's note: UAA",,,1-2
farms.faostat-wcad.area-by-land-size,IRL,2020,1046.0,,,,final,"WCA 2020 round, census 2020. FAO flag I: Value imputed by a receiving agency. FAO's note: UAA",,,1-2
farms.faostat-wcad.area-by-land-size,IRL,2010,9023.0,,,,final,"WCA 2010 round, census 2010. FAO flag I: Value imputed by a receiving agency. FAO's note: UAA",,,2-3
farms.faostat-wcad.area-by-land-size,IRL,2020,7423.0,,,,final,"WCA 2020 round, census 2020. FAO flag I: Value imputed by a receiving agency. FAO's note: UAA",,,2-3
farms.faostat-wcad.area-by-land-size,IRL,2010,8977.0,,,,final,"WCA 2010 round, census 2010. FAO flag I: Value imputed by a receiving agency. FAO's note: UAA",,,3-4
farms.faostat-wcad.area-by-land-size,IRL,2020,7385.0,,,,final,"WCA 2020 round, census 2020. FAO flag I: Value imputed by a receiving agency. FAO's note: UAA",,,3-4
farms.faostat-wcad.area-by-land-size,IRL,2010,8620.0,,,,final,"WCA 2010 round, census 2010. FAO flag I: Value imputed by a receiving agency. FAO's note: UAA",,,4-5
farms.faostat-wcad.area-by-land-size,IRL,2020,7092.0,,,,final,"WCA 2020 round, census 2020. FAO flag I: Value imputed by a receiving agency. FAO's note: UAA",,,4-5
farms.faostat-wcad.area-by-land-size,IRL,1929,238890.0,,,,final,"WCA 1930 round, census 1929. FAO flag I: Value imputed by a receiving agency.",,,2-5
farms.faostat-wcad.area-by-land-size,IRL,1949,261338.21,,,,final,"WCA 1950 round, census 1949. FAO flag I: Value imputed by a receiving agency.",,,2-5
farms.faostat-wcad.area-by-land-size,IRL,1960,136534.0,,,,final,"WCA 1960 round, census 1960. FAO flag A: Official figure.",,,2-5
farms.faostat-wcad.area-by-land-size,IRL,2000,37360.0,,,,final,"WCA 2000 round, census 2000. FAO flag A: Official figure. FAO's note: Agricultural area",,,2-5
farms.faostat-wcad.area-by-land-size,IRL,1929,717423.0,,,,final,"WCA 1930 round, census 1929. FAO flag I: Value imputed by a receiving agency.",,,5-10
farms.faostat-wcad.area-by-land-size,IRL,1949,549304.88,,,,final,"WCA 1950 round, census 1949. FAO flag I: Value imputed by a receiving agency.",,,5-10
farms.faostat-wcad.area-by-land-size,IRL,1960,506217.0,,,,final,"WCA 1960 round, census 1960. FAO flag A: Official figure.",,,5-10
farms.faostat-wcad.area-by-land-size,IRL,2000,141680.0,,,,final,"WCA 2000 round, census 2000. FAO flag A: Official figure. FAO's note: Agricultural area",,,5-10
farms.faostat-wcad.area-by-land-size,IRL,2010,119420.0,,,,final,"WCA 2010 round, census 2010. FAO flag A: Official figure. FAO's note: UAA",,,5-10
farms.faostat-wcad.area-by-land-size,IRL,2020,119980.0,,,,final,"WCA 2020 round, census 2020. FAO flag A: Official figure. FAO's note: UAA",,,5-10
farms.faostat-wcad.area-by-land-size,IRL,1929,1246258.0,,,,final,"WCA 1930 round, census 1929. FAO flag I: Value imputed by a receiving agency.",,,10-20
farms.faostat-wcad.area-by-land-size,IRL,1949,1348913.77,,,,final,"WCA 1950 round, census 1949. FAO flag I: Value imputed by a receiving agency.",,,10-20
farms.faostat-wcad.area-by-land-size,IRL,1960,1241532.0,,,,final,"WCA 1960 round, census 1960. FAO flag A: Official figure.",,,10-20
farms.faostat-wcad.area-by-land-size,IRL,2000,543020.0,,,,final,"WCA 2000 round, census 2000. FAO flag A: Official figure. FAO's note: Agricultural area",,,10-20
farms.faostat-wcad.area-by-land-size,IRL,2010,500780.0,,,,final,"WCA 2010 round, census 2010. FAO flag A: Official figure. FAO's note: UAA",,,10-20
farms.faostat-wcad.area-by-land-size,IRL,2020,457060.0,,,,final,"WCA 2020 round, census 2020. FAO flag A: Official figure. FAO's note: UAA",,,10-20
farms.faostat-wcad.area-by-land-size,IRL,1929,1887211.0,,,,final,"WCA 1930 round, census 1929. FAO flag I: Value imputed by a receiving agency.",,,20-50
farms.faostat-wcad.area-by-land-size,IRL,1949,1866146.75,,,,final,"WCA 1950 round, census 1949. FAO flag I: Value imputed by a receiving agency.",,,20-50
farms.faostat-wcad.area-by-land-size,IRL,1960,2010403.0,,,,final,"WCA 1960 round, census 1960. FAO flag A: Official figure.",,,20-50
farms.faostat-wcad.area-by-land-size,IRL,2000,1864840.0,,,,final,"WCA 2000 round, census 2000. FAO flag A: Official figure. FAO's note: Agricultural area",,,20-50
farms.faostat-wcad.area-by-land-size,IRL,2010,1802610.0,,,,final,"WCA 2010 round, census 2010. FAO flag A: Official figure. FAO's note: UAA",,,20-50
farms.faostat-wcad.area-by-land-size,IRL,2020,1627440.0,,,,final,"WCA 2020 round, census 2020. FAO flag A: Official figure. FAO's note: UAA",,,20-50
farms.faostat-wcad.area-by-land-size,IRL,1929,2066389.0,,,,final,"WCA 1930 round, census 1929. FAO flag I: Value imputed by a receiving agency.",,,50-100
farms.faostat-wcad.area-by-land-size,IRL,1949,1045293.1,,,,final,"WCA 1950 round, census 1949. FAO flag I: Value imputed by a receiving agency.",,,50-100
farms.faostat-wcad.area-by-land-size,IRL,1960,1051773.0,,,,final,"WCA 1960 round, census 1960. FAO flag A: Official figure.",,,50-100
farms.faostat-wcad.area-by-land-size,IRL,2000,1366740.0,,,,final,"WCA 2000 round, census 2000. FAO flag A: Official figure. FAO's note: Agricultural area",,,50-100
farms.faostat-wcad.area-by-land-size,IRL,2010,1389390.0,,,,final,"WCA 2010 round, census 2010. FAO flag A: Official figure. FAO's note: UAA",,,50-100
farms.faostat-wcad.area-by-land-size,IRL,2020,1339980.0,,,,final,"WCA 2020 round, census 2020. FAO flag A: Official figure. FAO's note: UAA",,,50-100
farms.faostat-wcad.area-by-land-size,IRL,1949,436438.98,,,,final,"WCA 1950 round, census 1949. FAO flag I: Value imputed by a receiving agency.",,,100-200
farms.faostat-wcad.area-by-land-size,IRL,1960,506795.0,,,,final,"WCA 1960 round, census 1960. FAO flag A: Official figure.",,,100-200
farms.faostat-wcad.area-by-land-size,IRL,2000,756120.0,,,,final,"WCA 2000 round, census 2000. FAO flag A: Official figure. FAO's note: Agricultural area",,,100-200
farms.faostat-wcad.area-by-land-size,IRL,2010,1150010.0,,,,final,"WCA 2010 round, census 2010. FAO flag A: Official figure. FAO's note: UAA",,,100-200
farms.faostat-wcad.area-by-land-size,IRL,2020,931050.0,,,,final,"WCA 2020 round, census 2020. FAO flag A: Official figure. FAO's note: UAA",,,100-200
farms.faostat-wcad.area-by-land-size,IRL,1949,327111.57,,,,final,"WCA 1950 round, census 1949. FAO flag I: Value imputed by a receiving agency.",,,200-500
farms.faostat-wcad.area-by-land-size,IRL,1960,279432.0,,,,final,"WCA 1960 round, census 1960. FAO flag A: Official figure.",,,200-500
farms.faostat-wcad.area-by-land-size,IRN,1960,198939.0,,,,final,"WCA 1960 round, census 1960. FAO flag A: Official figure.",,,0-1
farms.faostat-wcad.area-by-land-size,IRN,1993,310720.0,,,,final,"WCA 1990 round, census 1993. FAO flag A: Official figure. FAO's note: Cropland area",,,0-1
farms.faostat-wcad.area-by-land-size,IRN,2003,407070.0,,,,final,"WCA 2000 round, census 2003. FAO flag A: Official figure. FAO's note: Cropland area",,,0-1
farms.faostat-wcad.area-by-land-size,IRN,2014,403061.0,,,,final,"WCA 2010 round, census 2014. FAO flag A: Official figure.",,,0-1
farms.faostat-wcad.area-by-land-size,IRN,1960,371846.0,,,,final,"WCA 1960 round, census 1960. FAO flag A: Official figure.",,,1-2
farms.faostat-wcad.area-by-land-size,IRN,1993,544020.0,,,,final,"WCA 1990 round, census 1993. FAO flag A: Official figure. FAO's note: Cropland area",,,1-2
farms.faostat-wcad.area-by-land-size,IRN,2003,655129.0,,,,final,"WCA 2000 round, census 2003. FAO flag A: Official figure. FAO's note: Cropland area",,,1-2
farms.faostat-wcad.area-by-land-size,IRN,2014,858305.0,,,,final,"WCA 2010 round, census 2014. FAO flag I: Value imputed by a receiving agency.",,,1-2
farms.faostat-wcad.area-by-land-size,IRN,2014,746873.0,,,,final,"WCA 2010 round, census 2014. FAO flag I: Value imputed by a receiving agency.",,,2-3
farms.faostat-wcad.area-by-land-size,IRN,2014,645310.0,,,,final,"WCA 2010 round, census 2014. FAO flag I: Value imputed by a receiving agency.",,,3-4
farms.faostat-wcad.area-by-land-size,IRN,2014,562914.0,,,,final,"WCA 2010 round, census 2014. FAO flag I: Value imputed by a receiving agency.",,,4-5
farms.faostat-wcad.area-by-land-size,IRN,1960,1553906.0,,,,final,"WCA 1960 round, census 1960. FAO flag A: Official figure.",,,2-5
farms.faostat-wcad.area-by-land-size,IRN,1993,2001800.0,,,,final,"WCA 1990 round, census 1993. FAO flag A: Official figure. FAO's note: Cropland area",,,2-5
farms.faostat-wcad.area-by-land-size,IRN,2003,2377091.0,,,,final,"WCA 2000 round, census 2003. FAO flag A: Official figure. FAO's note: Cropland area",,,2-5
farms.faostat-wcad.area-by-land-size,IRN,1960,2413042.0,,,,final,"WCA 1960 round, census 1960. FAO flag A: Official figure.",,,5-10
farms.faostat-wcad.area-by-land-size,IRN,1993,2897000.0,,,,final,"WCA 1990 round, census 1993. FAO flag A: Official figure. FAO's note: Cropland area",,,5-10
farms.faostat-wcad.area-by-land-size,IRN,2003,3230892.0,,,,final,"WCA 2000 round, census 2003. FAO flag A: Official figure. FAO's note: Cropland area",,,5-10
farms.faostat-wcad.area-by-land-size,IRN,2014,2873186.0,,,,final,"WCA 2010 round, census 2014. FAO flag I: Value imputed by a receiving agency.",,,5-10
farms.faostat-wcad.area-by-land-size,IRN,1960,3054502.0,,,,final,"WCA 1960 round, census 1960. FAO flag A: Official figure.",,,10-20
farms.faostat-wcad.area-by-land-size,IRN,1993,3547730.0,,,,final,"WCA 1990 round, census 1993. FAO flag A: Official figure. FAO's note: Cropland area",,,10-20
farms.faostat-wcad.area-by-land-size,IRN,2003,3788275.0,,,,final,"WCA 2000 round, census 2003. FAO flag A: Official figure. FAO's note: Cropland area",,,10-20
farms.faostat-wcad.area-by-land-size,IRN,2014,3114551.0,,,,final,"WCA 2010 round, census 2014. FAO flag I: Value imputed by a receiving agency.",,,10-20
farms.faostat-wcad.area-by-land-size,IRN,1960,2209211.0,,,,final,"WCA 1960 round, census 1960. FAO flag A: Official figure.",,,20-50
farms.faostat-wcad.area-by-land-size,IRN,1993,3449230.0,,,,final,"WCA 1990 round, census 1993. FAO flag A: Official figure. FAO's note: Cropland area",,,20-50
farms.faostat-wcad.area-by-land-size,IRN,2003,3736337.0,,,,final,"WCA 2000 round, census 2003. FAO flag A: Official figure. FAO's note: Cropland area",,,20-50
farms.faostat-wcad.area-by-land-size,IRN,2014,3548277.0,,,,final,"WCA 2010 round, census 2014. FAO flag A: Official figure.",,,20-50
farms.faostat-wcad.area-by-land-size,IRN,1960,563805.0,,,,final,"WCA 1960 round, census 1960. FAO flag A: Official figure.",,,50-100
farms.faostat-wcad.area-by-land-size,IRN,1993,1300550.0,,,,final,"WCA 1990 round, census 1993. FAO flag A: Official figure. FAO's note: Cropland area",,,50-100
farms.faostat-wcad.area-by-land-size,IRN,2003,1547657.0,,,,final,"WCA 2000 round, census 2003. FAO flag A: Official figure. FAO's note: Cropland area",,,50-100
farms.faostat-wcad.area-by-land-size,IRN,2014,3724131.0,,,,final,"WCA 2010 round, census 2014. FAO flag A: Official figure.",,,50-100
farms.faostat-wcad.area-by-land-size,IRN,1960,371122.0,,,,final,"WCA 1960 round, census 1960. FAO flag A: Official figure.",,,100-200
farms.faostat-wcad.area-by-land-size,IRN,1993,638650.0,,,,final,"WCA 1990 round, census 1993. FAO flag A: Official figure. FAO's note: Cropland area",,,100-200
farms.faostat-wcad.area-by-land-size,IRN,2003,836590.0,,,,final,"WCA 2000 round, census 2003. FAO flag A: Official figure. FAO's note: Cropland area",,,100-200
farms.faostat-wcad.area-by-land-size,IRN,1960,313109.0,,,,final,"WCA 1960 round, census 1960. FAO flag A: Official figure.",,,200-500
farms.faostat-wcad.area-by-land-size,IRN,1993,769210.0,,,,final,"WCA 1990 round, census 1993. FAO flag A: Official figure. FAO's note: Cropland area",,,200-500
farms.faostat-wcad.area-by-land-size,IRN,2003,544556.0,,,,final,"WCA 2000 round, census 2003. FAO flag A: Official figure. FAO's note: Cropland area",,,200-500
farms.faostat-wcad.area-by-land-size,IRN,1960,306772.0,,,,final,"WCA 1960 round, census 1960. FAO flag A: Official figure.",,,500-1000
farms.faostat-wcad.area-by-land-size,IRN,2003,196293.0,,,,final,"WCA 2000 round, census 2003. FAO flag A: Official figure. FAO's note: Cropland area",,,500-1000
farms.faostat-wcad.area-by-land-size,IRN,2003,345308.0,,,,final,"WCA 2000 round, census 2003. FAO flag A: Official figure. FAO's note: Cropland area",,,1000-plus
farms.faostat-wcad.area-by-land-size,IRQ,1958/1959,25580.0,,,,final,"WCA 1960 round, census 1958/59. FAO flag A: Official figure.",,,0-1
farms.faostat-wcad.area-by-land-size,IRQ,1971,32927.0,,,,final,"WCA 1970 round, census 1971. FAO flag A: Official figure.",,,0-1
farms.faostat-wcad.area-by-land-size,IRQ,1958/1959,40598.0,,,,final,"WCA 1960 round, census 1958/59. FAO flag A: Official figure.",,,1-2
farms.faostat-wcad.area-by-land-size,IRQ,1971,101138.98,,,,final,"WCA 1970 round, census 1971. FAO flag I: Value imputed by a receiving agency.",,,1-2
farms.faostat-wcad.area-by-land-size,IRQ,1958/1959,122941.0,,,,final,"WCA 1960 round, census 1958/59. FAO flag A: Official figure.",,,2-5
farms.faostat-wcad.area-by-land-size,IRQ,1971,313142.02,,,,final,"WCA 1970 round, census 1971. FAO flag A: Official figure.",,,2-5
farms.faostat-wcad.area-by-land-size,IRQ,1958/1959,210683.0,,,,final,"WCA 1960 round, census 1958/59. FAO flag A: Official figure.",,,5-10
farms.faostat-wcad.area-by-land-size,IRQ,1971,865993.0,,,,final,"WCA 1970 round, census 1971. FAO flag A: Official figure.",,,5-10
farms.faostat-wcad.area-by-land-size,IRQ,1958/1959,430422.0,,,,final,"WCA 1960 round, census 1958/59. FAO flag A: Official figure.",,,10-20
farms.faostat-wcad.area-by-land-size,IRQ,1971,1421728.0,,,,final,"WCA 1970 round, census 1971. FAO flag A: Official figure.",,,10-20
farms.faostat-wcad.area-by-land-size,IRQ,1958/1959,885192.0,,,,final,"WCA 1960 round, census 1958/59. FAO flag A: Official figure.",,,20-50
farms.faostat-wcad.area-by-land-size,IRQ,1971,1492673.0,,,,final,"WCA 1970 round, census 1971. FAO flag A: Official figure.",,,20-50
farms.faostat-wcad.area-by-land-size,IRQ,1958/1959,590156.0,,,,final,"WCA 1960 round, census 1958/59. FAO flag A: Official figure.",,,50-100
farms.faostat-wcad.area-by-land-size,IRQ,1971,375118.0,,,,final,"WCA 1970 round, census 1971. FAO flag A: Official figure.",,,50-100
farms.faostat-wcad.area-by-land-size,IRQ,1958/1959,494435.0,,,,final,"WCA 1960 round, census 1958/59. FAO flag A: Official figure.",,,100-200
farms.faostat-wcad.area-by-land-size,IRQ,1971,254923.0,,,,final,"WCA 1970 round, census 1971. FAO flag A: Official figure.",,,100-200
farms.faostat-wcad.area-by-land-size,IRQ,1958/1959,806068.0,,,,final,"WCA 1960 round, census 1958/59. FAO flag A: Official figure.",,,200-500
farms.faostat-wcad.area-by-land-size,IRQ,1971,303978.0,,,,final,"WCA 1970 round, census 1971. FAO flag A: Official figure.",,,200-500
farms.faostat-wcad.area-by-land-size,IRQ,1958/1959,895983.0,,,,final,"WCA 1960 round, census 1958/59. FAO flag A: Official figure.",,,500-1000
farms.faostat-wcad.area-by-land-size,IRQ,1971,570860.0,,,,final,"WCA 1970 round, census 1971. FAO flag A: Official figure.",,,500-1000
farms.faostat-wcad.area-by-land-size,IRQ,1958/1959,3536645.0,,,,final,"WCA 1960 round, census 1958/59. FAO flag A: Official figure.",,,1000-plus
farms.faostat-wcad.area-by-land-size,ISL,2010,10.0,,,,final,"WCA 2010 round, census 2010. FAO flag I: Value imputed by a receiving agency. FAO's note: UAA",,,0-1
farms.faostat-wcad.area-by-land-size,ISL,2010,20.0,,,,final,"WCA 2010 round, census 2010. FAO flag I: Value imputed by a receiving agency. FAO's note: UAA",,,1-2
farms.faostat-wcad.area-by-land-size,ISL,2010,17.0,,,,final,"WCA 2010 round, census 2010. FAO flag I: Value imputed by a receiving agency. FAO's note: UAA",,,2-3
farms.faostat-wcad.area-by-land-size,ISL,2010,17.0,,,,final,"WCA 2010 round, census 2010. FAO flag I: Value imputed by a receiving agency. FAO's note: UAA",,,3-4
farms.faostat-wcad.area-by-land-size,ISL,2010,16.0,,,,final,"WCA 2010 round, census 2010. FAO flag I: Value imputed by a receiving agency. FAO's note: UAA",,,4-5
farms.faostat-wcad.area-by-land-size,ISL,2010,110.0,,,,final,"WCA 2010 round, census 2010. FAO flag A: Official figure. FAO's note: UAA",,,5-10
farms.faostat-wcad.area-by-land-size,ISL,2010,430.0,,,,final,"WCA 2010 round, census 2010. FAO flag A: Official figure. FAO's note: UAA",,,10-20
farms.faostat-wcad.area-by-land-size,ISL,2010,4370.0,,,,final,"WCA 2010 round, census 2010. FAO flag A: Official figure. FAO's note: UAA",,,20-50
farms.faostat-wcad.area-by-land-size,ISL,2010,16770.0,,,,final,"WCA 2010 round, census 2010. FAO flag A: Official figure. FAO's note: UAA",,,50-100
farms.faostat-wcad.area-by-land-size,ISL,2010,1573920.0,,,,final,"WCA 2010 round, census 2010. FAO flag A: Official figure. FAO's note: UAA",,,100-200
farms.faostat-wcad.area-by-land-size,ISR,1971,5222.3,,,,final,"WCA 1970 round, census 1971. FAO flag I: Value imputed by a receiving agency. FAO's note: Family farms.",,,0-1
farms.faostat-wcad.area-by-land-size,ISR,1981,4945.0,,,,final,"WCA 1980 round, census 1981. FAO flag A: Official figure. FAO's note: Holdings refer to CULTIVATED AREA. Total excludes 11170 number and 987 area of ''exceptional farm households'",,,0-1
farms.faostat-wcad.area-by-land-size,ISR,1995,3473.0,,,,final,"WCA 1990 round, census 1995. FAO flag I: Value imputed by a receiving agency. FAO's note: Cropland area.",,,0-1
farms.faostat-wcad.area-by-land-size,ISR,1971,13133.92,,,,final,"WCA 1970 round, census 1971. FAO flag I: Value imputed by a receiving agency. FAO's note: Family farms.",,,1-2
farms.faostat-wcad.area-by-land-size,ISR,1981,12356.0,,,,final,"WCA 1980 round, census 1981. FAO flag A: Official figure. FAO's note: Holdings refer to CULTIVATED AREA. Total excludes 11170 number and 987 area of ''exceptional farm households'",,,1-2
farms.faostat-wcad.area-by-land-size,ISR,1995,8087.0,,,,final,"WCA 1990 round, census 1995. FAO flag I: Value imputed by a receiving agency. FAO's note: Cropland area.",,,1-2
farms.faostat-wcad.area-by-land-size,ISR,1971,44511.25,,,,final,"WCA 1970 round, census 1971. FAO flag I: Value imputed by a receiving agency. FAO's note: Family farms.",,,2-5
farms.faostat-wcad.area-by-land-size,ISR,1981,61706.0,,,,final,"WCA 1980 round, census 1981. FAO flag A: Official figure. FAO's note: Holdings refer to CULTIVATED AREA. Total excludes 11170 number and 987 area of ''exceptional farm households'",,,2-5
farms.faostat-wcad.area-by-land-size,ISR,1995,18819.0,,,,final,"WCA 1990 round, census 1995. FAO flag I: Value imputed by a receiving agency. FAO's note: Cropland area.",,,2-5
farms.faostat-wcad.area-by-land-size,ISR,1971,19837.81,,,,final,"WCA 1970 round, census 1971. FAO flag I: Value imputed by a receiving agency. FAO's note: Family farms.",,,5-10
farms.faostat-wcad.area-by-land-size,ISR,1981,28293.0,,,,final,"WCA 1980 round, census 1981. FAO flag A: Official figure. FAO's note: Holdings refer to CULTIVATED AREA. Total excludes 11170 number and 987 area of ''exceptional farm households'",,,5-10
farms.faostat-wcad.area-by-land-size,ISR,1995,15390.0,,,,final,"WCA 1990 round, census 1995. FAO flag I: Value imputed by a receiving agency. FAO's note: Cropland area.",,,5-10
farms.faostat-wcad.area-by-land-size,ISR,1971,11049.6,,,,final,"WCA 1970 round, census 1971. FAO flag I: Value imputed by a receiving agency. FAO's note: Family farms.",,,10-20
farms.faostat-wcad.area-by-land-size,ISR,1981,25818.0,,,,final,"WCA 1980 round, census 1981. FAO flag A: Official figure. FAO's note: Holdings refer to CULTIVATED AREA. Total excludes 11170 number and 987 area of ''exceptional farm households'",,,10-20
farms.faostat-wcad.area-by-land-size,ISR,1995,268461.0,,,,final,"WCA 1990 round, census 1995. FAO flag I: Value imputed by a receiving agency. FAO's note: Cropland area.",,,10-20
farms.faostat-wcad.area-by-land-size,ISR,1971,14399.13,,,,final,"WCA 1970 round, census 1971. FAO flag I: Value imputed by a receiving agency. FAO's note: Family farms.",,,20-50
farms.faostat-wcad.area-by-land-size,ISR,1981,27702.0,,,,final,"WCA 1980 round, census 1981. FAO flag A: Official figure. FAO's note: Holdings refer to CULTIVATED AREA. Total excludes 11170 number and 987 area of ''exceptional farm households'",,,20-50
farms.faostat-wcad.area-by-land-size,ISR,1981,414335.0,,,,final,"WCA 1980 round, census 1981. FAO flag A: Official figure. FAO's note: Holdings refer to CULTIVATED AREA. Total excludes 11170 number and 987 area of ''exceptional farm households'",,,50-100
farms.faostat-wcad.area-by-land-size,ITA,1930,645468.0,,,,final,"WCA 1930 round, census 1930. FAO flag A: Official figure.",,,0-1
farms.faostat-wcad.area-by-land-size,ITA,1961,709686.0,,,,final,"WCA 1960 round, census 1961. FAO flag A: Official figure. FAO's note: Includes holdings without land",,,0-1
farms.faostat-wcad.area-by-land-size,ITA,1970,615096.0,,,,final,"WCA 1970 round, census 1970. FAO flag A: Official figure.",,,0-1
farms.faostat-wcad.area-by-land-size,ITA,1982,505956.0,,,,final,"WCA 1980 round, census 1982. FAO flag A: Official figure.",,,0-1
farms.faostat-wcad.area-by-land-size,ITA,1990,481722.0,,,,final,"WCA 1990 round, census 1990. FAO flag A: Official figure.",,,0-1
farms.faostat-wcad.area-by-land-size,ITA,2000,472729.0,,,,final,"WCA 2000 round, census 2000. FAO flag A: Official figure.",,,0-1
farms.faostat-wcad.area-by-land-size,ITA,2010,239485.0,,,,final,"WCA 2010 round, census 2010. FAO flag I: Value imputed by a receiving agency. FAO's note: UAA",,,0-1
farms.faostat-wcad.area-by-land-size,ITA,2020,138419.0,,,,final,"WCA 2020 round, census 2020. FAO flag I: Value imputed by a receiving agency. FAO's note: UAA",,,0-1
farms.faostat-wcad.area-by-land-size,ITA,1930,1336950.0,,,,final,"WCA 1930 round, census 1930. FAO flag I: Value imputed by a receiving agency.",,,1-2
farms.faostat-wcad.area-by-land-size,ITA,1961,1205767.0,,,,final,"WCA 1960 round, census 1961. FAO flag A: Official figure.",,,1-2
farms.faostat-wcad.area-by-land-size,ITA,1970,1030344.0,,,,final,"WCA 1970 round, census 1970. FAO flag A: Official figure.",,,1-2
farms.faostat-wcad.area-by-land-size,ITA,1982,889897.0,,,,final,"WCA 1980 round, census 1982. FAO flag A: Official figure.",,,1-2
farms.faostat-wcad.area-by-land-size,ITA,1990,814640.0,,,,final,"WCA 1990 round, census 1990. FAO flag A: Official figure.",,,1-2
farms.faostat-wcad.area-by-land-size,ITA,2000,696959.0,,,,final,"WCA 2000 round, census 2000. FAO flag A: Official figure.",,,1-2
farms.faostat-wcad.area-by-land-size,ITA,2010,487505.0,,,,final,"WCA 2010 round, census 2010. FAO flag I: Value imputed by a receiving agency. FAO's note: UAA",,,1-2
farms.faostat-wcad.area-by-land-size,ITA,2020,281771.0,,,,final,"WCA 2020 round, census 2020. FAO flag I: Value imputed by a receiving agency. FAO's note: UAA",,,1-2
farms.faostat-wcad.area-by-land-size,ITA,2010,379581.0,,,,final,"WCA 2010 round, census 2010. FAO flag I: Value imputed by a receiving agency. FAO's note: UAA",,,2-3
farms.faostat-wcad.area-by-land-size,ITA,2020,293951.0,,,,final,"WCA 2020 round, census 2020. FAO flag I: Value imputed by a receiving agency. FAO's note: UAA",,,2-3
farms.faostat-wcad.area-by-land-size,ITA,2010,377639.0,,,,final,"WCA 2010 round, census 2010. FAO flag I: Value imputed by a receiving agency. FAO's note: UAA",,,3-4
farms.faostat-wcad.area-by-land-size,ITA,2020,292447.0,,,,final,"WCA 2020 round, census 2020. FAO flag I: Value imputed by a receiving agency. FAO's note: UAA",,,3-4
farms.faostat-wcad.area-by-land-size,ITA,2010,362629.0,,,,final,"WCA 2010 round, census 2010. FAO flag I: Value imputed by a receiving agency. FAO's note: UAA",,,4-5
farms.faostat-wcad.area-by-land-size,ITA,2020,280823.0,,,,final,"WCA 2020 round, census 2020. FAO flag I: Value imputed by a receiving agency. FAO's note: UAA",,,4-5
farms.faostat-wcad.area-by-land-size,ITA,1930,3153713.0,,,,final,"WCA 1930 round, census 1930. FAO flag I: Value imputed by a receiving agency.",,,2-5
farms.faostat-wcad.area-by-land-size,ITA,1961,3495122.0,,,,final,"WCA 1960 round, census 1961. FAO flag A: Official figure.",,,2-5
farms.faostat-wcad.area-by-land-size,ITA,1970,2937614.0,,,,final,"WCA 1970 round, census 1970. FAO flag A: Official figure.",,,2-5
farms.faostat-wcad.area-by-land-size,ITA,1982,2460674.0,,,,final,"WCA 1980 round, census 1982. FAO flag A: Official figure.",,,2-5
farms.faostat-wcad.area-by-land-size,ITA,1990,2210779.0,,,,final,"WCA 1990 round, census 1990. FAO flag A: Official figure.",,,2-5
farms.faostat-wcad.area-by-land-size,ITA,2000,1674692.0,,,,final,"WCA 2000 round, census 2000. FAO flag A: Official figure.",,,2-5
farms.faostat-wcad.area-by-land-size,ITA,1930,3482202.0,,,,final,"WCA 1930 round, census 1930. FAO flag A: Official figure.",,,5-10
farms.faostat-wcad.area-by-land-size,ITA,1961,3976421.0,,,,final,"WCA 1960 round, census 1961. FAO flag A: Official figure.",,,5-10
farms.faostat-wcad.area-by-land-size,ITA,1970,3325069.0,,,,final,"WCA 1970 round, census 1970. FAO flag A: Official figure.",,,5-10
farms.faostat-wcad.area-by-land-size,ITA,1982,2753009.0,,,,final,"WCA 1980 round, census 1982. FAO flag A: Official figure.",,,5-10
farms.faostat-wcad.area-by-land-size,ITA,1990,2436234.0,,,,final,"WCA 1990 round, census 1990. FAO flag A: Official figure.",,,5-10
farms.faostat-wcad.area-by-land-size,ITA,2000,1831387.0,,,,final,"WCA 2000 round, census 2000. FAO flag A: Official figure.",,,5-10
farms.faostat-wcad.area-by-land-size,ITA,2010,1295300.0,,,,final,"WCA 2010 round, census 2010. FAO flag A: Official figure. FAO's note: UAA",,,5-10
farms.faostat-wcad.area-by-land-size,ITA,2020,1117350.0,,,,final,"WCA 2020 round, census 2020. FAO flag A: Official figure. FAO's note: UAA",,,5-10
farms.faostat-wcad.area-by-land-size,ITA,1930,3535918.0,,,,final,"WCA 1930 round, census 1930. FAO flag A: Official figure.",,,10-20
farms.faostat-wcad.area-by-land-size,ITA,1961,4008144.0,,,,final,"WCA 1960 round, census 1961. FAO flag A: Official figure.",,,10-20
farms.faostat-wcad.area-by-land-size,ITA,1970,3354160.0,,,,final,"WCA 1970 round, census 1970. FAO flag A: Official figure.",,,10-20
farms.faostat-wcad.area-by-land-size,ITA,1982,2973736.0,,,,final,"WCA 1980 round, census 1982. FAO flag A: Official figure.",,,10-20
farms.faostat-wcad.area-by-land-size,ITA,1990,2747371.0,,,,final,"WCA 1990 round, census 1990. FAO flag A: Official figure.",,,10-20
farms.faostat-wcad.area-by-land-size,ITA,2000,2200929.0,,,,final,"WCA 2000 round, census 2000. FAO flag A: Official figure.",,,10-20
farms.faostat-wcad.area-by-land-size,ITA,2010,1663480.0,,,,final,"WCA 2010 round, census 2010. FAO flag A: Official figure. FAO's note: UAA",,,10-20
farms.faostat-wcad.area-by-land-size,ITA,2020,1517800.0,,,,final,"WCA 2020 round, census 2020. FAO flag A: Official figure. FAO's note: UAA",,,10-20
farms.faostat-wcad.area-by-land-size,ITA,1930,3188678.0,,,,final,"WCA 1930 round, census 1930. FAO flag A: Official figure.",,,20-50
farms.faostat-wcad.area-by-land-size,ITA,1961,3493262.0,,,,final,"WCA 1960 round, census 1961. FAO flag A: Official figure.",,,20-50
farms.faostat-wcad.area-by-land-size,ITA,1970,3352727.0,,,,final,"WCA 1970 round, census 1970. FAO flag A: Official figure.",,,20-50
farms.faostat-wcad.area-by-land-size,ITA,1982,3460818.0,,,,final,"WCA 1980 round, census 1982. FAO flag A: Official figure.",,,20-50
farms.faostat-wcad.area-by-land-size,ITA,1990,3432212.0,,,,final,"WCA 1990 round, census 1990. FAO flag A: Official figure.",,,20-50
farms.faostat-wcad.area-by-land-size,ITA,2000,3155271.0,,,,final,"WCA 2000 round, census 2000. FAO flag A: Official figure.",,,20-50
farms.faostat-wcad.area-by-land-size,ITA,2010,2685900.0,,,,final,"WCA 2010 round, census 2010. FAO flag A: Official figure. FAO's note: UAA",,,20-50
farms.faostat-wcad.area-by-land-size,ITA,2020,2648400.0,,,,final,"WCA 2020 round, census 2020. FAO flag A: Official figure. FAO's note: UAA",,,20-50
farms.faostat-wcad.area-by-land-size,ITA,1930,1782118.0,,,,final,"WCA 1930 round, census 1930. FAO flag A: Official figure.",,,50-100
farms.faostat-wcad.area-by-land-size,ITA,1961,1944297.0,,,,final,"WCA 1960 round, census 1961. FAO flag A: Official figure.",,,50-100
farms.faostat-wcad.area-by-land-size,ITA,1970,2037416.0,,,,final,"WCA 1970 round, census 1970. FAO flag A: Official figure.",,,50-100
farms.faostat-wcad.area-by-land-size,ITA,1982,10515834.0,,,,final,"WCA 1980 round, census 1982. FAO flag A: Official figure.",,,50-100
farms.faostat-wcad.area-by-land-size,ITA,1990,2217720.0,,,,final,"WCA 1990 round, census 1990. FAO flag A: Official figure.",,,50-100
farms.faostat-wcad.area-by-land-size,ITA,2000,2136698.0,,,,final,"WCA 2000 round, census 2000. FAO flag A: Official figure.",,,50-100
farms.faostat-wcad.area-by-land-size,ITA,2010,1994070.0,,,,final,"WCA 2010 round, census 2010. FAO flag A: Official figure. FAO's note: UAA",,,50-100
farms.faostat-wcad.area-by-land-size,ITA,2020,2202110.0,,,,final,"WCA 2020 round, census 2020. FAO flag A: Official figure. FAO's note: UAA",,,50-100
farms.faostat-wcad.area-by-land-size,ITA,1930,1580479.0,,,,final,"WCA 1930 round, census 1930. FAO flag A: Official figure.",,,100-200
farms.faostat-wcad.area-by-land-size,ITA,1961,1615243.0,,,,final,"WCA 1960 round, census 1961. FAO flag A: Official figure.",,,100-200
farms.faostat-wcad.area-by-land-size,ITA,1970,8411792.0,,,,final,"WCA 1970 round, census 1970. FAO flag A: Official figure.",,,100-200
farms.faostat-wcad.area-by-land-size,ITA,1990,8361678.0,,,,final,"WCA 1990 round, census 1990. FAO flag A: Official figure.",,,100-200
farms.faostat-wcad.area-by-land-size,ITA,2000,7438429.0,,,,final,"WCA 2000 round, census 2000. FAO flag A: Official figure.",,,100-200
farms.faostat-wcad.area-by-land-size,ITA,2010,3370460.0,,,,final,"WCA 2010 round, census 2010. FAO flag A: Official figure. FAO's note: UAA",,,100-200
farms.faostat-wcad.area-by-land-size,ITA,2020,3268150.0,,,,final,"WCA 2020 round, census 2020. FAO flag A: Official figure. FAO's note: UAA",,,100-200
farms.faostat-wcad.area-by-land-size,ITA,1930,1925649.0,,,,final,"WCA 1930 round, census 1930. FAO flag A: Official figure.",,,200-500
farms.faostat-wcad.area-by-land-size,ITA,1961,1739290.0,,,,final,"WCA 1960 round, census 1961. FAO flag A: Official figure.",,,200-500
farms.faostat-wcad.area-by-land-size,ITA,1930,1342023.0,,,,final,"WCA 1930 round, census 1930. FAO flag A: Official figure.",,,500-1000
farms.faostat-wcad.area-by-land-size,ITA,1961,1221778.0,,,,final,"WCA 1960 round, census 1961. FAO flag A: Official figure.",,,500-1000
farms.faostat-wcad.area-by-land-size,ITA,1930,4278955.0,,,,final,"WCA 1930 round, census 1930. FAO flag A: Official figure.",,,1000-plus
farms.faostat-wcad.area-by-land-size,ITA,1961,3162888.0,,,,final,"WCA 1960 round, census 1961. FAO flag A: Official figure.",,,1000-plus
farms.faostat-wcad.area-by-land-size,JAM,1961,25896.0,,,,final,"WCA 1960 round, census 1961. FAO flag A: Official figure.",,,0-1
farms.faostat-wcad.area-by-land-size,JAM,1968/1969,46315.2,,,,final,"WCA 1970 round, census 1968/69. FAO flag I: Value imputed by a receiving agency.",,,0-1
farms.faostat-wcad.area-by-land-size,JAM,1978/1979,43032.71,,,,final,"WCA 1980 round, census 1978/79. FAO flag I: Value imputed by a receiving agency.",,,0-1
farms.faostat-wcad.area-by-land-size,JAM,1996,43459.0,,,,final,"WCA 2000 round, census 1996. FAO flag A: Official figure. FAO's note: Cultivated land",,,0-1
farms.faostat-wcad.area-by-land-size,JAM,2007,47712.0,,,,final,"WCA 2010 round, census 2007. FAO flag A: Official figure.",,,0-1
farms.faostat-wcad.area-by-land-size,JAM,1961,54235.0,,,,final,"WCA 1960 round, census 1961. FAO flag A: Official figure.",,,1-2
farms.faostat-wcad.area-by-land-size,JAM,1968/1969,46445.8,,,,final,"WCA 1970 round, census 1968/69. FAO flag I: Value imputed by a receiving agency.",,,1-2
farms.faostat-wcad.area-by-land-size,JAM,1978/1979,43036.29,,,,final,"WCA 1980 round, census 1978/79. FAO flag I: Value imputed by a receiving agency.",,,1-2
farms.faostat-wcad.area-by-land-size,JAM,1996,38215.0,,,,final,"WCA 2000 round, census 1996. FAO flag A: Official figure. FAO's note: Cultivated land",,,1-2
farms.faostat-wcad.area-by-land-size,JAM,2007,25633.0,,,,final,"WCA 2010 round, census 2007. FAO flag I: Value imputed by a receiving agency.",,,1-2
farms.faostat-wcad.area-by-land-size,JAM,2007,22588.0,,,,final,"WCA 2010 round, census 2007. FAO flag I: Value imputed by a receiving agency.",,,2-3
farms.faostat-wcad.area-by-land-size,JAM,2007,19959.0,,,,final,"WCA 2010 round, census 2007. FAO flag I: Value imputed by a receiving agency.",,,3-4
farms.faostat-wcad.area-by-land-size,JAM,2007,17830.0,,,,final,"WCA 2010 round, census 2007. FAO flag I: Value imputed by a receiving agency.",,,4-5
farms.faostat-wcad.area-by-land-size,JAM,1961,77638.0,,,,final,"WCA 1960 round, census 1961. FAO flag A: Official figure.",,,2-5
farms.faostat-wcad.area-by-land-size,JAM,1968/1969,82950.64,,,,final,"WCA 1970 round, census 1968/69. FAO flag I: Value imputed by a receiving agency.",,,2-5
farms.faostat-wcad.area-by-land-size,JAM,1978/1979,65341.65,,,,final,"WCA 1980 round, census 1978/79. FAO flag I: Value imputed by a receiving agency.",,,2-5
farms.faostat-wcad.area-by-land-size,JAM,1996,63762.0,,,,final,"WCA 2000 round, census 1996. FAO flag A: Official figure. FAO's note: Cultivated land",,,2-5
farms.faostat-wcad.area-by-land-size,JAM,1961,79924.0,,,,final,"WCA 1960 round, census 1961. FAO flag A: Official figure.",,,5-10
farms.faostat-wcad.area-by-land-size,JAM,1968/1969,54950.36,,,,final,"WCA 1970 round, census 1968/69. FAO flag I: Value imputed by a receiving agency.",,,5-10
farms.faostat-wcad.area-by-land-size,JAM,1978/1979,38198.35,,,,final,"WCA 1980 round, census 1978/79. FAO flag I: Value imputed by a receiving agency.",,,5-10
farms.faostat-wcad.area-by-land-size,JAM,1996,26217.0,,,,final,"WCA 2000 round, census 1996. FAO flag A: Official figure. FAO's note: Cultivated land",,,5-10
farms.faostat-wcad.area-by-land-size,JAM,2007,19721.0,,,,final,"WCA 2010 round, census 2007. FAO flag A: Official figure.",,,5-10
farms.faostat-wcad.area-by-land-size,JAM,1961,33313.0,,,,final,"WCA 1960 round, census 1961. FAO flag A: Official figure.",,,10-20
farms.faostat-wcad.area-by-land-size,JAM,1968/1969,30238.0,,,,final,"WCA 1970 round, census 1968/69. FAO flag A: Official figure.",,,10-20
farms.faostat-wcad.area-by-land-size,JAM,1978/1979,20931.0,,,,final,"WCA 1980 round, census 1978/79. FAO flag A: Official figure.",,,10-20
farms.faostat-wcad.area-by-land-size,JAM,1996,17732.0,,,,final,"WCA 2000 round, census 1996. FAO flag A: Official figure. FAO's note: Cultivated land",,,10-20
farms.faostat-wcad.area-by-land-size,JAM,2007,14251.0,,,,final,"WCA 2010 round, census 2007. FAO flag I: Value imputed by a receiving agency.",,,10-20
farms.faostat-wcad.area-by-land-size,JAM,1961,44949.0,,,,final,"WCA 1960 round, census 1961. FAO flag A: Official figure.",,,20-50
farms.faostat-wcad.area-by-land-size,JAM,1968/1969,28161.73,,,,final,"WCA 1970 round, census 1968/69. FAO flag I: Value imputed by a receiving agency.",,,20-50
farms.faostat-wcad.area-by-land-size,JAM,1978/1979,31097.15,,,,final,"WCA 1980 round, census 1978/79. FAO flag I: Value imputed by a receiving agency.",,,20-50
farms.faostat-wcad.area-by-land-size,JAM,1996,23774.0,,,,final,"WCA 2000 round, census 1996. FAO flag A: Official figure. FAO's note: Cultivated land",,,20-50
farms.faostat-wcad.area-by-land-size,JAM,2007,16811.0,,,,final,"WCA 2010 round, census 2007. FAO flag I: Value imputed by a receiving agency.",,,20-50
farms.faostat-wcad.area-by-land-size,JAM,1961,28396.0,,,,final,"WCA 1960 round, census 1961. FAO flag A: Official figure.",,,50-100
farms.faostat-wcad.area-by-land-size,JAM,1968/1969,24129.54,,,,final,"WCA 1970 round, census 1968/69. FAO flag I: Value imputed by a receiving agency.",,,50-100
farms.faostat-wcad.area-by-land-size,JAM,1978/1979,27790.23,,,,final,"WCA 1980 round, census 1978/79. FAO flag I: Value imputed by a receiving agency.",,,50-100
farms.faostat-wcad.area-by-land-size,JAM,1996,18319.0,,,,final,"WCA 2000 round, census 1996. FAO flag A: Official figure. FAO's note: Cultivated land",,,50-100
farms.faostat-wcad.area-by-land-size,JAM,2007,11742.0,,,,final,"WCA 2010 round, census 2007. FAO flag A: Official figure.",,,50-100
farms.faostat-wcad.area-by-land-size,JAM,1961,36291.0,,,,final,"WCA 1960 round, census 1961. FAO flag A: Official figure.",,,100-200
farms.faostat-wcad.area-by-land-size,JAM,1968/1969,28517.89,,,,final,"WCA 1970 round, census 1968/69. FAO flag I: Value imputed by a receiving agency.",,,100-200
farms.faostat-wcad.area-by-land-size,JAM,1978/1979,29151.11,,,,final,"WCA 1980 round, census 1978/79. FAO flag I: Value imputed by a receiving agency.",,,100-200
farms.faostat-wcad.area-by-land-size,JAM,1996,23165.0,,,,final,"WCA 2000 round, census 1996. FAO flag A: Official figure. FAO's note: Cultivated land",,,100-200
farms.faostat-wcad.area-by-land-size,JAM,2007,13707.0,,,,final,"WCA 2010 round, census 2007. FAO flag A: Official figure.",,,100-200
farms.faostat-wcad.area-by-land-size,JAM,1961,42040.0,,,,final,"WCA 1960 round, census 1961. FAO flag A: Official figure.",,,200-500
farms.faostat-wcad.area-by-land-size,JAM,1968/1969,260949.83,,,,final,"WCA 1970 round, census 1968/69. FAO flag I: Value imputed by a receiving agency.",,,200-500
farms.faostat-wcad.area-by-land-size,JAM,1978/1979,238463.51,,,,final,"WCA 1980 round, census 1978/79. FAO flag I: Value imputed by a receiving agency.",,,200-500
farms.faostat-wcad.area-by-land-size,JAM,1996,152791.0,,,,final,"WCA 2000 round, census 1996. FAO flag A: Official figure. FAO's note: Cultivated land",,,200-500
farms.faostat-wcad.area-by-land-size,JAM,2007,115854.0,,,,final,"WCA 2010 round, census 2007. FAO flag A: Official figure.",,,200-500
farms.faostat-wcad.area-by-land-size,JAM,1961,269899.0,,,,final,"WCA 1960 round, census 1961. FAO flag A: Official figure.",,,500-1000
farms.faostat-wcad.area-by-land-size,JOR,1983,6042.0,,,,final,"WCA 1980 round, census 1983. FAO flag A: Official figure.",,,0-1
farms.faostat-wcad.area-by-land-size,JOR,1997,12003.0,,,,final,"WCA 2000 round, census 1997. FAO flag A: Official figure.",,,0-1
farms.faostat-wcad.area-by-land-size,JOR,2007,13072.0,,,,final,"WCA 2010 round, census 2007. FAO flag A: Official figure.",,,0-1
farms.faostat-wcad.area-by-land-size,JOR,2017,21807.0,,,,final,"WCA 2020 round, census 2017. FAO flag I: Value imputed by a receiving agency.",,,0-1
farms.faostat-wcad.area-by-land-size,JOR,1983,12869.0,,,,final,"WCA 1980 round, census 1983. FAO flag A: Official figure.",,,1-2
farms.faostat-wcad.area-by-land-size,JOR,1997,60857.0,,,,final,"WCA 2000 round, census 1997. FAO flag A: Official figure.",,,1-2
farms.faostat-wcad.area-by-land-size,JOR,2007,15462.0,,,,final,"WCA 2010 round, census 2007. FAO flag A: Official figure.",,,1-2
farms.faostat-wcad.area-by-land-size,JOR,2017,16359.0,,,,final,"WCA 2020 round, census 2017. FAO flag I: Value imputed by a receiving agency.",,,1-2
farms.faostat-wcad.area-by-land-size,JOR,2007,13104.0,,,,final,"WCA 2010 round, census 2007. FAO flag A: Official figure.",,,2-3
farms.faostat-wcad.area-by-land-size,JOR,2017,13646.0,,,,final,"WCA 2020 round, census 2017. FAO flag I: Value imputed by a receiving agency.",,,2-3
farms.faostat-wcad.area-by-land-size,JOR,2007,18234.0,,,,final,"WCA 2010 round, census 2007. FAO flag A: Official figure.",,,3-4
farms.faostat-wcad.area-by-land-size,JOR,2017,11866.0,,,,final,"WCA 2020 round, census 2017. FAO flag I: Value imputed by a receiving agency.",,,3-4
farms.faostat-wcad.area-by-land-size,JOR,2007,9225.0,,,,final,"WCA 2010 round, census 2007. FAO flag A: Official figure.",,,4-5
farms.faostat-wcad.area-by-land-size,JOR,2017,9249.0,,,,final,"WCA 2020 round, census 2017. FAO flag I: Value imputed by a receiving agency.",,,4-5
farms.faostat-wcad.area-by-land-size,JOR,1983,48751.0,,,,final,"WCA 1980 round, census 1983. FAO flag A: Official figure.",,,2-5
farms.faostat-wcad.area-by-land-size,JOR,1997,41892.0,,,,final,"WCA 2000 round, census 1997. FAO flag A: Official figure.",,,2-5
farms.faostat-wcad.area-by-land-size,JOR,1983,59213.0,,,,final,"WCA 1980 round, census 1983. FAO flag A: Official figure.",,,5-10
farms.faostat-wcad.area-by-land-size,JOR,1997,41032.0,,,,final,"WCA 2000 round, census 1997. FAO flag A: Official figure.",,,5-10
farms.faostat-wcad.area-by-land-size,JOR,2007,25995.0,,,,final,"WCA 2010 round, census 2007. FAO flag A: Official figure.",,,5-10
farms.faostat-wcad.area-by-land-size,JOR,2017,26722.0,,,,final,"WCA 2020 round, census 2017. FAO flag I: Value imputed by a receiving agency.",,,5-10
farms.faostat-wcad.area-by-land-size,JOR,1983,63196.0,,,,final,"WCA 1980 round, census 1983. FAO flag A: Official figure.",,,10-20
farms.faostat-wcad.area-by-land-size,JOR,1997,48787.0,,,,final,"WCA 2000 round, census 1997. FAO flag A: Official figure.",,,10-20
farms.faostat-wcad.area-by-land-size,JOR,2007,22877.0,,,,final,"WCA 2010 round, census 2007. FAO flag A: Official figure.",,,10-20
farms.faostat-wcad.area-by-land-size,JOR,2017,24170.0,,,,final,"WCA 2020 round, census 2017. FAO flag I: Value imputed by a receiving agency.",,,10-20
farms.faostat-wcad.area-by-land-size,JOR,1983,72705.0,,,,final,"WCA 1980 round, census 1983. FAO flag A: Official figure.",,,20-50
farms.faostat-wcad.area-by-land-size,JOR,1997,25734.0,,,,final,"WCA 2000 round, census 1997. FAO flag A: Official figure.",,,20-50
farms.faostat-wcad.area-by-land-size,JOR,2007,32872.0,,,,final,"WCA 2010 round, census 2007. FAO flag A: Official figure.",,,20-50
farms.faostat-wcad.area-by-land-size,JOR,2017,41002.0,,,,final,"WCA 2020 round, census 2017. FAO flag I: Value imputed by a receiving agency.",,,20-50
farms.faostat-wcad.area-by-land-size,JOR,1983,35563.0,,,,final,"WCA 1980 round, census 1983. FAO flag A: Official figure.",,,50-100
farms.faostat-wcad.area-by-land-size,JOR,1997,18871.0,,,,final,"WCA 2000 round, census 1997. FAO flag A: Official figure.",,,50-100
farms.faostat-wcad.area-by-land-size,JOR,2007,33221.0,,,,final,"WCA 2010 round, census 2007. FAO flag A: Official figure.",,,50-100
farms.faostat-wcad.area-by-land-size,JOR,2017,32142.0,,,,final,"WCA 2020 round, census 2017. FAO flag I: Value imputed by a receiving agency.",,,50-100
farms.faostat-wcad.area-by-land-size,JOR,1983,23891.0,,,,final,"WCA 1980 round, census 1983. FAO flag A: Official figure.",,,100-200
farms.faostat-wcad.area-by-land-size,JOR,1997,29413.0,,,,final,"WCA 2000 round, census 1997. FAO flag A: Official figure.",,,100-200
farms.faostat-wcad.area-by-land-size,JOR,2007,25358.0,,,,final,"WCA 2010 round, census 2007. FAO flag A: Official figure.",,,100-200
farms.faostat-wcad.area-by-land-size,JOR,2017,22569.0,,,,final,"WCA 2020 round, census 2017. FAO flag I: Value imputed by a receiving agency.",,,100-200
farms.faostat-wcad.area-by-land-size,JOR,1983,18101.0,,,,final,"WCA 1980 round, census 1983. FAO flag A: Official figure.",,,200-500
farms.faostat-wcad.area-by-land-size,JOR,2007,52088.0,,,,final,"WCA 2010 round, census 2007. FAO flag A: Official figure.",,,200-500
farms.faostat-wcad.area-by-land-size,JOR,2017,62327.0,,,,final,"WCA 2020 round, census 2017. FAO flag I: Value imputed by a receiving agency.",,,200-500
farms.faostat-wcad.area-by-land-size,JOR,1983,7504.0,,,,final,"WCA 1980 round, census 1983. FAO flag A: Official figure.",,,500-1000
farms.faostat-wcad.area-by-land-size,JOR,1983,16428.0,,,,final,"WCA 1980 round, census 1983. FAO flag A: Official figure.",,,1000-plus
farms.faostat-wcad.area-by-land-size,JPN,1950,3643125.59,,,,final,"WCA 1950 round, census 1950. FAO flag I: Value imputed by a receiving agency.",,,0-1
farms.faostat-wcad.area-by-land-size,JPN,1960,2184379.0,,,,final,"WCA 1960 round, census 1960. FAO flag A: Official figure.",,,0-1
farms.faostat-wcad.area-by-land-size,JPN,1970,1729475.0,,,,final,"WCA 1970 round, census 1970. FAO flag A: Official figure. FAO's note: Agricultural area",,,0-1
farms.faostat-wcad.area-by-land-size,JPN,1980,1442513.0,,,,final,"WCA 1980 round, census 1980. FAO flag A: Official figure. FAO's note: Holdings refer to LAND UNDER CROP, 1 542 808 holdings of the traditional sector were not classified by size.",,,0-1
farms.faostat-wcad.area-by-land-size,JPN,1995,1037000.0,,,,final,"WCA 1990 round, census 1995. FAO flag A: Official figure. FAO's note: Cropland area. Data refer to civil persons only.",,,0-1
farms.faostat-wcad.area-by-land-size,JPN,2015,24419.0,,,,final,"WCA 2010 round, census 2015. FAO flag I: Value imputed by a receiving agency.",,,0-1
farms.faostat-wcad.area-by-land-size,JPN,2020,302887.0,,,,final,"WCA 2020 round, census 2020. FAO flag A: Official figure.",,,0-1
farms.faostat-wcad.area-by-land-size,JPN,1950,1391642.74,,,,final,"WCA 1950 round, census 1950. FAO flag I: Value imputed by a receiving agency.",,,1-2
farms.faostat-wcad.area-by-land-size,JPN,1960,2415520.0,,,,final,"WCA 1960 round, census 1960. FAO flag A: Official figure.",,,1-2
farms.faostat-wcad.area-by-land-size,JPN,1970,1786138.0,,,,final,"WCA 1970 round, census 1970. FAO flag A: Official figure. FAO's note: Agricultural area",,,1-2
farms.faostat-wcad.area-by-land-size,JPN,1980,1369387.0,,,,final,"WCA 1980 round, census 1980. FAO flag A: Official figure. FAO's note: Holdings refer to LAND UNDER CROP, 1 542 808 holdings of the traditional sector were not classified by size.",,,1-2
farms.faostat-wcad.area-by-land-size,JPN,1995,948000.0,,,,final,"WCA 1990 round, census 1995. FAO flag A: Official figure. FAO's note: Cropland area. Data refer to civil persons only.",,,1-2
farms.faostat-wcad.area-by-land-size,JPN,2015,159556.0,,,,final,"WCA 2010 round, census 2015. FAO flag I: Value imputed by a receiving agency.",,,1-2
farms.faostat-wcad.area-by-land-size,JPN,2020,338440.0,,,,final,"WCA 2020 round, census 2020. FAO flag A: Official figure.",,,1-2
farms.faostat-wcad.area-by-land-size,JPN,2015,314973.0,,,,final,"WCA 2010 round, census 2015. FAO flag I: Value imputed by a receiving agency.",,,2-3
farms.faostat-wcad.area-by-land-size,JPN,2020,177179.0,,,,final,"WCA 2020 round, census 2020. FAO flag I: Value imputed by a receiving agency.",,,2-3
farms.faostat-wcad.area-by-land-size,JPN,2015,435637.0,,,,final,"WCA 2010 round, census 2015. FAO flag I: Value imputed by a receiving agency.",,,3-4
farms.faostat-wcad.area-by-land-size,JPN,2020,157076.0,,,,final,"WCA 2020 round, census 2020. FAO flag I: Value imputed by a receiving agency.",,,3-4
farms.faostat-wcad.area-by-land-size,JPN,2015,519220.0,,,,final,"WCA 2010 round, census 2015. FAO flag I: Value imputed by a receiving agency.",,,4-5
farms.faostat-wcad.area-by-land-size,JPN,2020,139978.0,,,,final,"WCA 2020 round, census 2020. FAO flag I: Value imputed by a receiving agency.",,,4-5
farms.faostat-wcad.area-by-land-size,JPN,1950,3891864.66,,,,final,"WCA 1950 round, census 1950. FAO flag I: Value imputed by a receiving agency.",,,2-5
farms.faostat-wcad.area-by-land-size,JPN,1960,1397237.0,,,,final,"WCA 1960 round, census 1960. FAO flag A: Official figure.",,,2-5
farms.faostat-wcad.area-by-land-size,JPN,1970,959381.0,,,,final,"WCA 1970 round, census 1970. FAO flag A: Official figure. FAO's note: Agricultural area",,,2-5
farms.faostat-wcad.area-by-land-size,JPN,1980,976208.0,,,,final,"WCA 1980 round, census 1980. FAO flag A: Official figure. FAO's note: Holdings refer to LAND UNDER CROP, 1 542 808 holdings of the traditional sector were not classified by size.",,,2-5
farms.faostat-wcad.area-by-land-size,JPN,1995,894000.0,,,,final,"WCA 1990 round, census 1995. FAO flag A: Official figure. FAO's note: Cropland area. Data refer to civil persons only.",,,2-5
farms.faostat-wcad.area-by-land-size,JPN,1950,694606.29,,,,final,"WCA 1950 round, census 1950. FAO flag I: Value imputed by a receiving agency.",,,5-10
farms.faostat-wcad.area-by-land-size,JPN,1960,505212.0,,,,final,"WCA 1960 round, census 1960. FAO flag A: Official figure.",,,5-10
farms.faostat-wcad.area-by-land-size,JPN,1970,778424.0,,,,final,"WCA 1970 round, census 1970. FAO flag A: Official figure. FAO's note: Agricultural area",,,5-10
farms.faostat-wcad.area-by-land-size,JPN,1980,982998.0,,,,final,"WCA 1980 round, census 1980. FAO flag A: Official figure. FAO's note: Holdings refer to LAND UNDER CROP, 1 542 808 holdings of the traditional sector were not classified by size.",,,5-10
farms.faostat-wcad.area-by-land-size,JPN,1995,316000.0,,,,final,"WCA 1990 round, census 1995. FAO flag A: Official figure. FAO's note: Cropland area. Data refer to civil persons only.",,,5-10
farms.faostat-wcad.area-by-land-size,JPN,2015,354833.0,,,,final,"WCA 2010 round, census 2015. FAO flag I: Value imputed by a receiving agency.",,,5-10
farms.faostat-wcad.area-by-land-size,JPN,2020,329371.0,,,,final,"WCA 2020 round, census 2020. FAO flag A: Official figure.",,,5-10
farms.faostat-wcad.area-by-land-size,JPN,1950,881377.72,,,,final,"WCA 1950 round, census 1950. FAO flag I: Value imputed by a receiving agency.",,,10-20
farms.faostat-wcad.area-by-land-size,JPN,1960,427609.0,,,,final,"WCA 1960 round, census 1960. FAO flag A: Official figure.",,,10-20
farms.faostat-wcad.area-by-land-size,JPN,1995,287000.0,,,,final,"WCA 1990 round, census 1995. FAO flag A: Official figure. FAO's note: Cropland area. Data refer to civil persons only.",,,10-20
farms.faostat-wcad.area-by-land-size,JPN,2015,349760.0,,,,final,"WCA 2010 round, census 2015. FAO flag I: Value imputed by a receiving agency.",,,10-20
farms.faostat-wcad.area-by-land-size,JPN,2020,354282.0,,,,final,"WCA 2020 round, census 2020. FAO flag A: Official figure.",,,10-20
farms.faostat-wcad.area-by-land-size,JPN,1960,211984.0,,,,final,"WCA 1960 round, census 1960. FAO flag A: Official figure.",,,20-50
farms.faostat-wcad.area-by-land-size,JPN,1995,423000.0,,,,final,"WCA 1990 round, census 1995. FAO flag A: Official figure. FAO's note: Cropland area. Data refer to civil persons only.",,,20-50
farms.faostat-wcad.area-by-land-size,JPN,2015,604254.0,,,,final,"WCA 2010 round, census 2015. FAO flag I: Value imputed by a receiving agency.",,,20-50
farms.faostat-wcad.area-by-land-size,JPN,2020,642408.0,,,,final,"WCA 2020 round, census 2020. FAO flag I: Value imputed by a receiving agency.",,,20-50
farms.faostat-wcad.area-by-land-size,JPN,1995,215000.0,,,,final,"WCA 1990 round, census 1995. FAO flag A: Official figure. FAO's note: Cropland area. Data refer to civil persons only.",,,50-100
farms.faostat-wcad.area-by-land-size,JPN,2015,406602.0,,,,final,"WCA 2010 round, census 2015. FAO flag A: Official figure.",,,50-100
farms.faostat-wcad.area-by-land-size,JPN,2020,432749.0,,,,final,"WCA 2020 round, census 2020. FAO flag A: Official figure.",,,50-100
farms.faostat-wcad.area-by-land-size,JPN,2015,282189.0,,,,final,"WCA 2010 round, census 2015. FAO flag A: Official figure.",,,100-200
farms.faostat-wcad.area-by-land-size,JPN,2020,358513.0,,,,final,"WCA 2020 round, census 2020. FAO flag I: Value imputed by a receiving agency.",,,100-200
farms.faostat-wcad.area-by-land-size,KAZ,2006/2007,41845.0,,,,final,"WCA 2010 round, census 2006/07. FAO flag I: Value imputed by a receiving agency.",,,0-1
farms.faostat-wcad.area-by-land-size,KAZ,2006/2007,28313.0,,,,final,"WCA 2010 round, census 2006/07. FAO flag I: Value imputed by a receiving agency.",,,1-2
farms.faostat-wcad.area-by-land-size,KAZ,2006/2007,22696.0,,,,final,"WCA 2010 round, census 2006/07. FAO flag I: Value imputed by a receiving agency.",,,2-3
farms.faostat-wcad.area-by-land-size,KAZ,2006/2007,19333.0,,,,final,"WCA 2010 round, census 2006/07. FAO flag I: Value imputed by a receiving agency.",,,3-4
farms.faostat-wcad.area-by-land-size,KAZ,2006/2007,17014.0,,,,final,"WCA 2010 round, census 2006/07. FAO flag I: Value imputed by a receiving agency.",,,4-5
farms.faostat-wcad.area-by-land-size,KAZ,2006/2007,186100.0,,,,final,"WCA 2010 round, census 2006/07. FAO flag A: Official figure.",,,5-10
farms.faostat-wcad.area-by-land-size,KAZ,2006/2007,294900.0,,,,final,"WCA 2010 round, census 2006/07. FAO flag A: Official figure.",,,10-20
farms.faostat-wcad.area-by-land-size,KAZ,2006/2007,709200.0,,,,final,"WCA 2010 round, census 2006/07. FAO flag I: Value imputed by a receiving agency.",,,20-50
farms.faostat-wcad.area-by-land-size,KAZ,2006/2007,1218100.0,,,,final,"WCA 2010 round, census 2006/07. FAO flag A: Official figure.",,,50-100
farms.faostat-wcad.area-by-land-size,KAZ,2006/2007,2400100.0,,,,final,"WCA 2010 round, census 2006/07. FAO flag A: Official figure.",,,100-200
farms.faostat-wcad.area-by-land-size,KAZ,2006/2007,5935000.0,,,,final,"WCA 2010 round, census 2006/07. FAO flag A: Official figure.",,,200-500
farms.faostat-wcad.area-by-land-size,KAZ,2006/2007,6704700.0,,,,final,"WCA 2010 round, census 2006/07. FAO flag A: Official figure.",,,500-1000
farms.faostat-wcad.area-by-land-size,KAZ,2006/2007,12205444.0,,,,final,"WCA 2010 round, census 2006/07. FAO flag I: Value imputed by a receiving agency.",,,1000-2500
farms.faostat-wcad.area-by-land-size,KAZ,2006/2007,49349456.0,,,,final,"WCA 2010 round, census 2006/07. FAO flag I: Value imputed by a receiving agency.",,,2500-plus
farms.faostat-wcad.area-by-land-size,KEN,1960/1961,1326255.0,,,,final,"WCA 1960 round, census 1960/61. FAO flag A: Official figure.",,,0-1
farms.faostat-wcad.area-by-land-size,KEN,1960/1961,199345.0,,,,final,"WCA 1960 round, census 1960/61. FAO flag A: Official figure.",,,1-2
farms.faostat-wcad.area-by-land-size,KEN,1960/1961,486175.0,,,,final,"WCA 1960 round, census 1960/61. FAO flag A: Official figure.",,,2-5
farms.faostat-wcad.area-by-land-size,KEN,1960/1961,435116.0,,,,final,"WCA 1960 round, census 1960/61. FAO flag A: Official figure.",,,5-10
farms.faostat-wcad.area-by-land-size,KEN,1979,84590.0,,,,final,"WCA 1980 round, census 1979. FAO flag A: Official figure. FAO's note: Holdings refer to LAND UNDER CROP.",,,5-10
farms.faostat-wcad.area-by-land-size,KEN,1960/1961,546484.0,,,,final,"WCA 1960 round, census 1960/61. FAO flag A: Official figure.",,,10-20
farms.faostat-wcad.area-by-land-size,KEN,1979,336837.0,,,,final,"WCA 1980 round, census 1979. FAO flag A: Official figure. FAO's note: Holdings refer to LAND UNDER CROP.",,,10-20
farms.faostat-wcad.area-by-land-size,KEN,1960/1961,9025.0,,,,final,"WCA 1960 round, census 1960/61. FAO flag A: Official figure.",,,20-50
farms.faostat-wcad.area-by-land-size,KEN,1979,484975.0,,,,final,"WCA 1980 round, census 1979. FAO flag A: Official figure. FAO's note: Holdings refer to LAND UNDER CROP.",,,20-50
farms.faostat-wcad.area-by-land-size,KEN,1960/1961,20234.0,,,,final,"WCA 1960 round, census 1960/61. FAO flag A: Official figure.",,,50-100
farms.faostat-wcad.area-by-land-size,KEN,1979,177252.0,,,,final,"WCA 1980 round, census 1979. FAO flag A: Official figure. FAO's note: Holdings refer to LAND UNDER CROP.",,,50-100
farms.faostat-wcad.area-by-land-size,KEN,1960/1961,56009.0,,,,final,"WCA 1960 round, census 1960/61. FAO flag A: Official figure.",,,100-200
farms.faostat-wcad.area-by-land-size,KEN,1979,59441.0,,,,final,"WCA 1980 round, census 1979. FAO flag A: Official figure. FAO's note: Holdings refer to LAND UNDER CROP.",,,100-200
farms.faostat-wcad.area-by-land-size,KEN,1960/1961,390846.0,,,,final,"WCA 1960 round, census 1960/61. FAO flag A: Official figure.",,,200-500
farms.faostat-wcad.area-by-land-size,KEN,1979,275471.0,,,,final,"WCA 1980 round, census 1979. FAO flag A: Official figure. FAO's note: Holdings refer to LAND UNDER CROP.",,,200-500
farms.faostat-wcad.area-by-land-size,KEN,1960/1961,493676.0,,,,final,"WCA 1960 round, census 1960/61. FAO flag A: Official figure.",,,500-1000
farms.faostat-wcad.area-by-land-size,KEN,1979,342032.0,,,,final,"WCA 1980 round, census 1979. FAO flag A: Official figure. FAO's note: Holdings refer to LAND UNDER CROP.",,,500-1000
farms.faostat-wcad.area-by-land-size,KEN,1960/1961,2155560.0,,,,final,"WCA 1960 round, census 1960/61. FAO flag A: Official figure.",,,1000-plus
farms.faostat-wcad.area-by-land-size,KEN,1979,1945394.0,,,,final,"WCA 1980 round, census 1979. FAO flag A: Official figure. FAO's note: Holdings refer to LAND UNDER CROP.",,,1000-plus
farms.faostat-wcad.area-by-land-size,KGZ,2002,107686.0,,,,final,"WCA 2000 round, census 2002. FAO flag A: Official figure. FAO's note: Arable land area",,,0-1
farms.faostat-wcad.area-by-land-size,KGZ,2002,99503.0,,,,final,"WCA 2000 round, census 2002. FAO flag I: Value imputed by a receiving agency. FAO's note: Arable land area.",,,1-2
farms.faostat-wcad.area-by-land-size,KGZ,2002,202144.0,,,,final,"WCA 2000 round, census 2002. FAO flag I: Value imputed by a receiving agency. FAO's note: Arable land area.",,,2-5
farms.faostat-wcad.area-by-land-size,KGZ,2002,124305.0,,,,final,"WCA 2000 round, census 2002. FAO flag A: Official figure. FAO's note: Arable land area",,,5-10
farms.faostat-wcad.area-by-land-size,KGZ,2002,104293.0,,,,final,"WCA 2000 round, census 2002. FAO flag A: Official figure. FAO's note: Arable land area",,,10-20
farms.faostat-wcad.area-by-land-size,KGZ,2002,120590.0,,,,final,"WCA 2000 round, census 2002. FAO flag A: Official figure. FAO's note: Arable land area",,,20-50
farms.faostat-wcad.area-by-land-size,KGZ,2002,49839.0,,,,final,"WCA 2000 round, census 2002. FAO flag A: Official figure. FAO's note: Arable land area",,,50-100
farms.faostat-wcad.area-by-land-size,KGZ,2002,42044.0,,,,final,"WCA 2000 round, census 2002. FAO flag A: Official figure. FAO's note: Arable land area",,,100-200
farms.faostat-wcad.area-by-land-size,KGZ,2002,76349.0,,,,final,"WCA 2000 round, census 2002. FAO flag A: Official figure. FAO's note: Arable land area",,,200-500
farms.faostat-wcad.area-by-land-size,KGZ,2002,120652.0,,,,final,"WCA 2000 round, census 2002. FAO flag A: Official figure. FAO's note: Arable land area",,,500-1000
farms.faostat-wcad.area-by-land-size,KGZ,2002,259382.0,,,,final,"WCA 2000 round, census 2002. FAO flag A: Official figure. FAO's note: Arable land area",,,1000-plus
farms.faostat-wcad.area-by-land-size,KHM,2013,395290.0,,,,final,"WCA 2010 round, census 2013. FAO flag A: Official figure.",,,0-1
farms.faostat-wcad.area-by-land-size,KHM,2013,548232.0,,,,final,"WCA 2010 round, census 2013. FAO flag I: Value imputed by a receiving agency.",,,1-2
farms.faostat-wcad.area-by-land-size,KHM,2013,495915.0,,,,final,"WCA 2010 round, census 2013. FAO flag I: Value imputed by a receiving agency.",,,2-3
farms.faostat-wcad.area-by-land-size,KHM,2013,435701.0,,,,final,"WCA 2010 round, census 2013. FAO flag I: Value imputed by a receiving agency.",,,3-4
farms.faostat-wcad.area-by-land-size,KHM,2013,155958.0,,,,final,"WCA 2010 round, census 2013. FAO flag I: Value imputed by a receiving agency.",,,4-5
farms.faostat-wcad.area-by-land-size,KHM,2013,562557.0,,,,final,"WCA 2010 round, census 2013. FAO flag I: Value imputed by a receiving agency.",,,5-10
farms.faostat-wcad.area-by-land-size,KHM,2013,219428.0,,,,final,"WCA 2010 round, census 2013. FAO flag A: Official figure.",,,10-20
farms.faostat-wcad.area-by-land-size,KHM,2013,98307.0,,,,final,"WCA 2010 round, census 2013. FAO flag A: Official figure.",,,20-50
farms.faostat-wcad.area-by-land-size,KHM,2013,159995.0,,,,final,"WCA 2010 round, census 2013. FAO flag A: Official figure.",,,50-100
farms.faostat-wcad.area-by-land-size,KOR,1960,2557734.0,,,,final,"WCA 1960 round, census 1960. FAO flag A: Official figure.",,,0-1
farms.faostat-wcad.area-by-land-size,KOR,1970,818599.0,,,,final,"WCA 1970 round, census 1970. FAO flag A: Official figure.",,,0-1
farms.faostat-wcad.area-by-land-size,KOR,1980,745764.0,,,,final,"WCA 1980 round, census 1980. FAO flag A: Official figure. FAO's note: Holdings refer to CROPLAND AREA.",,,0-1
farms.faostat-wcad.area-by-land-size,KOR,1990,567691.0,,,,final,"WCA 1990 round, census 1990. FAO flag A: Official figure. FAO's note: Cropland area",,,0-1
farms.faostat-wcad.area-by-land-size,KOR,2015,320472.0,,,,final,"WCA 2010 round, census 2015. FAO flag A: Official figure.",,,0-1
farms.faostat-wcad.area-by-land-size,KOR,2020,306305.0,,,,final,"WCA 2020 round, census 2020. FAO flag A: Official figure.",,,0-1
farms.faostat-wcad.area-by-land-size,KOR,1960,1608020.0,,,,final,"WCA 1960 round, census 1960. FAO flag A: Official figure.",,,1-2
farms.faostat-wcad.area-by-land-size,KOR,1970,862833.0,,,,final,"WCA 1970 round, census 1970. FAO flag A: Official figure.",,,1-2
farms.faostat-wcad.area-by-land-size,KOR,1980,869756.0,,,,final,"WCA 1980 round, census 1980. FAO flag A: Official figure. FAO's note: Holdings refer to CROPLAND AREA.",,,1-2
farms.faostat-wcad.area-by-land-size,KOR,1990,765943.0,,,,final,"WCA 1990 round, census 1990. FAO flag A: Official figure. FAO's note: Cropland area",,,1-2
farms.faostat-wcad.area-by-land-size,KOR,2015,265699.0,,,,final,"WCA 2010 round, census 2015. FAO flag A: Official figure.",,,1-2
farms.faostat-wcad.area-by-land-size,KOR,2020,208811.0,,,,final,"WCA 2020 round, census 2020. FAO flag A: Official figure.",,,1-2
farms.faostat-wcad.area-by-land-size,KOR,2015,153526.0,,,,final,"WCA 2010 round, census 2015. FAO flag A: Official figure.",,,2-3
farms.faostat-wcad.area-by-land-size,KOR,2015,114131.0,,,,final,"WCA 2010 round, census 2015. FAO flag A: Official figure.",,,3-4
farms.faostat-wcad.area-by-land-size,KOR,2015,74109.0,,,,final,"WCA 2010 round, census 2015. FAO flag A: Official figure.",,,4-5
farms.faostat-wcad.area-by-land-size,KOR,1960,649717.0,,,,final,"WCA 1960 round, census 1960. FAO flag A: Official figure.",,,2-5
farms.faostat-wcad.area-by-land-size,KOR,1970,448762.0,,,,final,"WCA 1970 round, census 1970. FAO flag A: Official figure.",,,2-5
farms.faostat-wcad.area-by-land-size,KOR,1980,400970.0,,,,final,"WCA 1980 round, census 1980. FAO flag A: Official figure. FAO's note: Holdings refer to CROPLAND AREA.",,,2-5
farms.faostat-wcad.area-by-land-size,KOR,1990,523857.0,,,,final,"WCA 1990 round, census 1990. FAO flag A: Official figure. FAO's note: Cropland area",,,2-5
farms.faostat-wcad.area-by-land-size,KOR,2020,267810.0,,,,final,"WCA 2020 round, census 2020. FAO flag A: Official figure.",,,2-5
farms.faostat-wcad.area-by-land-size,KOR,2015,200130.0,,,,final,"WCA 2010 round, census 2015. FAO flag A: Official figure.",,,5-10
farms.faostat-wcad.area-by-land-size,KOR,2020,168649.0,,,,final,"WCA 2020 round, census 2020. FAO flag A: Official figure.",,,5-10
farms.faostat-wcad.area-by-land-size,KOR,2015,181720.0,,,,final,"WCA 2010 round, census 2015. FAO flag A: Official figure.",,,10-20
farms.faostat-wcad.area-by-land-size,KOR,2020,164038.0,,,,final,"WCA 2020 round, census 2020. FAO flag A: Official figure.",,,10-20
farms.faostat-wcad.area-by-land-size,KWT,1970,87.0,,,,final,"WCA 1970 round, census 1970. FAO flag A: Official figure.",,,0-1
farms.faostat-wcad.area-by-land-size,KWT,1970,83.0,,,,final,"WCA 1970 round, census 1970. FAO flag A: Official figure.",,,1-2
farms.faostat-wcad.area-by-land-size,KWT,1970,173.0,,,,final,"WCA 1970 round, census 1970. FAO flag A: Official figure.",,,2-5
farms.faostat-wcad.area-by-land-size,KWT,1970,334.0,,,,final,"WCA 1970 round, census 1970. FAO flag A: Official figure.",,,5-10
farms.faostat-wcad.area-by-land-size,KWT,1970,546.0,,,,final,"WCA 1970 round, census 1970. FAO flag A: Official figure.",,,10-20
farms.faostat-wcad.area-by-land-size,KWT,1970,493.0,,,,final,"WCA 1970 round, census 1970. FAO flag A: Official figure.",,,20-50
farms.faostat-wcad.area-by-land-size,KWT,1970,867.0,,,,final,"WCA 1970 round, census 1970. FAO flag A: Official figure.",,,50-100
farms.faostat-wcad.area-by-land-size,KWT,1970,143.0,,,,final,"WCA 1970 round, census 1970. FAO flag A: Official figure.",,,100-200
farms.faostat-wcad.area-by-land-size,LAO,1998/1999,133800.0,,,,final,"WCA 2000 round, census 1998/99. FAO flag A: Official figure.",,,0-1
farms.faostat-wcad.area-by-land-size,LAO,2010/2011,97500.0,,,,final,"WCA 2010 round, census 2010/11. FAO flag A: Official figure.",,,0-1
farms.faostat-wcad.area-by-land-size,LAO,1998/1999,314800.0,,,,final,"WCA 2000 round, census 1998/99. FAO flag A: Official figure.",,,1-2
farms.faostat-wcad.area-by-land-size,LAO,2010/2011,334100.0,,,,final,"WCA 2010 round, census 2010/11. FAO flag A: Official figure.",,,1-2
farms.faostat-wcad.area-by-land-size,LAO,2010/2011,350400.0,,,,final,"WCA 2010 round, census 2010/11. FAO flag A: Official figure.",,,2-3
farms.faostat-wcad.area-by-land-size,LAO,2010/2011,1088000.0,,,,final,"WCA 2010 round, census 2010/11. FAO flag A: Official figure.",,,3-4
farms.faostat-wcad.area-by-land-size,LAO,1998/1999,599100.0,,,,final,"WCA 2000 round, census 1998/99. FAO flag A: Official figure.",,,2-5
farms.faostat-wcad.area-by-land-size,LBN,1961,27142.0,,,,final,"WCA 1960 round, census 1961. FAO flag A: Official figure.",,,0-1
farms.faostat-wcad.area-by-land-size,LBN,1998/1999,48648.0,,,,final,"WCA 2000 round, census 1998/99. FAO flag A: Official figure. FAO's note: Arable land area",,,0-1
farms.faostat-wcad.area-by-land-size,LBN,2010,42117.0,,,,final,"WCA 2010 round, census 2010. FAO flag A: Official figure. FAO's note: UAA",,,0-1
farms.faostat-wcad.area-by-land-size,LBN,1961,32472.0,,,,final,"WCA 1960 round, census 1961. FAO flag A: Official figure.",,,1-2
farms.faostat-wcad.area-by-land-size,LBN,1998/1999,37716.0,,,,final,"WCA 2000 round, census 1998/99. FAO flag A: Official figure. FAO's note: Arable land area",,,1-2
farms.faostat-wcad.area-by-land-size,LBN,2010,34149.0,,,,final,"WCA 2010 round, census 2010. FAO flag A: Official figure. FAO's note: UAA",,,1-2
farms.faostat-wcad.area-by-land-size,LBN,2010,21083.0,,,,final,"WCA 2010 round, census 2010. FAO flag I: Value imputed by a receiving agency. FAO's note: UAA",,,2-3
farms.faostat-wcad.area-by-land-size,LBN,2010,15372.0,,,,final,"WCA 2010 round, census 2010. FAO flag I: Value imputed by a receiving agency. FAO's note: UAA",,,3-4
farms.faostat-wcad.area-by-land-size,LBN,2010,11393.0,,,,final,"WCA 2010 round, census 2010. FAO flag I: Value imputed by a receiving agency. FAO's note: UAA",,,4-5
farms.faostat-wcad.area-by-land-size,LBN,1961,74156.0,,,,final,"WCA 1960 round, census 1961. FAO flag A: Official figure.",,,2-5
farms.faostat-wcad.area-by-land-size,LBN,1998/1999,62649.0,,,,final,"WCA 2000 round, census 1998/99. FAO flag A: Official figure. FAO's note: Arable land area",,,2-5
farms.faostat-wcad.area-by-land-size,LBN,1961,49195.0,,,,final,"WCA 1960 round, census 1961. FAO flag A: Official figure.",,,5-10
farms.faostat-wcad.area-by-land-size,LBN,1998/1999,23517.0,,,,final,"WCA 2000 round, census 1998/99. FAO flag A: Official figure. FAO's note: Arable land area",,,5-10
farms.faostat-wcad.area-by-land-size,LBN,2010,30441.0,,,,final,"WCA 2010 round, census 2010. FAO flag I: Value imputed by a receiving agency. FAO's note: UAA",,,5-10
farms.faostat-wcad.area-by-land-size,LBN,1961,38653.0,,,,final,"WCA 1960 round, census 1961. FAO flag A: Official figure.",,,10-20
farms.faostat-wcad.area-by-land-size,LBN,1998/1999,26246.0,,,,final,"WCA 2000 round, census 1998/99. FAO flag A: Official figure. FAO's note: Arable land area",,,10-20
farms.faostat-wcad.area-by-land-size,LBN,2010,25634.0,,,,final,"WCA 2010 round, census 2010. FAO flag A: Official figure. FAO's note: UAA",,,10-20
farms.faostat-wcad.area-by-land-size,LBN,1961,36434.0,,,,final,"WCA 1960 round, census 1961. FAO flag A: Official figure.",,,20-50
farms.faostat-wcad.area-by-land-size,LBN,1998/1999,26518.0,,,,final,"WCA 2000 round, census 1998/99. FAO flag A: Official figure. FAO's note: Arable land area",,,20-50
farms.faostat-wcad.area-by-land-size,LBN,2010,24020.0,,,,final,"WCA 2010 round, census 2010. FAO flag A: Official figure. FAO's note: UAA",,,20-50
farms.faostat-wcad.area-by-land-size,LBN,1961,21102.0,,,,final,"WCA 1960 round, census 1961. FAO flag A: Official figure.",,,50-100
farms.faostat-wcad.area-by-land-size,LBN,1998/1999,22646.0,,,,final,"WCA 2000 round, census 1998/99. FAO flag A: Official figure. FAO's note: Arable land area",,,50-100
farms.faostat-wcad.area-by-land-size,LBN,2010,26786.0,,,,final,"WCA 2010 round, census 2010. FAO flag A: Official figure. FAO's note: UAA",,,50-100
farms.faostat-wcad.area-by-land-size,LBN,1961,13792.0,,,,final,"WCA 1960 round, census 1961. FAO flag A: Official figure.",,,100-200
farms.faostat-wcad.area-by-land-size,LBN,1961,6223.0,,,,final,"WCA 1960 round, census 1961. FAO flag A: Official figure.",,,200-500
farms.faostat-wcad.area-by-land-size,LBN,1961,4845.0,,,,final,"WCA 1960 round, census 1961. FAO flag A: Official figure.",,,500-1000
farms.faostat-wcad.area-by-land-size,LBR,1971,31294.0,,,,final,"WCA 1970 round, census 1971. FAO flag A: Official figure.",,,0-1
farms.faostat-wcad.area-by-land-size,LBR,1971,41722.0,,,,final,"WCA 1970 round, census 1971. FAO flag A: Official figure.",,,1-2
farms.faostat-wcad.area-by-land-size,LBR,1971,47435.01,,,,final,"WCA 1970 round, census 1971. FAO flag I: Value imputed by a receiving agency.",,,2-5
farms.faostat-wcad.area-by-land-size,LBR,1971,37924.61,,,,final,"WCA 1970 round, census 1971. FAO flag I: Value imputed by a receiving agency.",,,5-10
farms.faostat-wcad.area-by-land-size,LBR,1971,50158.33,,,,final,"WCA 1970 round, census 1971. FAO flag I: Value imputed by a receiving agency.",,,10-20
farms.faostat-wcad.area-by-land-size,LBR,1971,51570.09,,,,final,"WCA 1970 round, census 1971. FAO flag I: Value imputed by a receiving agency.",,,20-50
farms.faostat-wcad.area-by-land-size,LBR,1971,105568.95,,,,final,"WCA 1970 round, census 1971. FAO flag I: Value imputed by a receiving agency.",,,50-100
farms.faostat-wcad.area-by-land-size,LBY,1960,4508.0,,,,final,"WCA 1960 round, census 1960. FAO flag A: Official figure.",,,0-1
farms.faostat-wcad.area-by-land-size,LBY,1960,10620.0,,,,final,"WCA 1960 round, census 1960. FAO flag A: Official figure.",,,1-2
farms.faostat-wcad.area-by-land-size,LBY,1960,64687.0,,,,final,"WCA 1960 round, census 1960. FAO flag A: Official figure.",,,2-5
farms.faostat-wcad.area-by-land-size,LBY,1960,149358.0,,,,final,"WCA 1960 round, census 1960. FAO flag A: Official figure.",,,5-10
farms.faostat-wcad.area-by-land-size,LBY,1960,355642.0,,,,final,"WCA 1960 round, census 1960. FAO flag A: Official figure.",,,10-20
farms.faostat-wcad.area-by-land-size,LBY,1960,841421.0,,,,final,"WCA 1960 round, census 1960. FAO flag A: Official figure.",,,20-50
farms.faostat-wcad.area-by-land-size,LBY,1960,636107.0,,,,final,"WCA 1960 round, census 1960. FAO flag A: Official figure.",,,50-100
farms.faostat-wcad.area-by-land-size,LBY,1960,613829.0,,,,final,"WCA 1960 round, census 1960. FAO flag A: Official figure.",,,100-200
farms.faostat-wcad.area-by-land-size,LBY,1960,1192556.0,,,,final,"WCA 1960 round, census 1960. FAO flag A: Official figure.",,,200-500
farms.faostat-wcad.area-by-land-size,LCA,1973/1974,2223.21,,,,final,"WCA 1970 round, census 1973/74. FAO flag I: Value imputed by a receiving agency.",,,0-1
farms.faostat-wcad.area-by-land-size,LCA,1986,5388.0,,,,final,"WCA 1990 round, census 1986. FAO flag A: Official figure.",,,0-1
farms.faostat-wcad.area-by-land-size,LCA,1996,6457.0,,,,final,"WCA 2000 round, census 1996. FAO flag I: Value imputed by a receiving agency.",,,0-1
farms.faostat-wcad.area-by-land-size,LCA,2007,1895.0,,,,final,"WCA 2010 round, census 2007. FAO flag I: Value imputed by a receiving agency.",,,0-1
farms.faostat-wcad.area-by-land-size,LCA,1973/1974,1905.79,,,,final,"WCA 1970 round, census 1973/74. FAO flag I: Value imputed by a receiving agency.",,,1-2
farms.faostat-wcad.area-by-land-size,LCA,1986,1315.0,,,,final,"WCA 1990 round, census 1986. FAO flag A: Official figure.",,,1-2
farms.faostat-wcad.area-by-land-size,LCA,1996,3426.0,,,,final,"WCA 2000 round, census 1996. FAO flag I: Value imputed by a receiving agency.",,,1-2
farms.faostat-wcad.area-by-land-size,LCA,2007,2063.0,,,,final,"WCA 2010 round, census 2007. FAO flag I: Value imputed by a receiving agency.",,,1-2
farms.faostat-wcad.area-by-land-size,LCA,2007,1702.0,,,,final,"WCA 2010 round, census 2007. FAO flag I: Value imputed by a receiving agency.",,,2-3
farms.faostat-wcad.area-by-land-size,LCA,2007,1243.0,,,,final,"WCA 2010 round, census 2007. FAO flag I: Value imputed by a receiving agency.",,,3-4
farms.faostat-wcad.area-by-land-size,LCA,2007,621.0,,,,final,"WCA 2010 round, census 2007. FAO flag I: Value imputed by a receiving agency.",,,4-5
farms.faostat-wcad.area-by-land-size,LCA,1973/1974,3431.55,,,,final,"WCA 1970 round, census 1973/74. FAO flag I: Value imputed by a receiving agency.",,,2-5
farms.faostat-wcad.area-by-land-size,LCA,1986,2184.0,,,,final,"WCA 1990 round, census 1986. FAO flag A: Official figure.",,,2-5
farms.faostat-wcad.area-by-land-size,LCA,1996,4103.0,,,,final,"WCA 2000 round, census 1996. FAO flag I: Value imputed by a receiving agency.",,,2-5
farms.faostat-wcad.area-by-land-size,LCA,1973/1974,1987.1,,,,final,"WCA 1970 round, census 1973/74. FAO flag I: Value imputed by a receiving agency.",,,5-10
farms.faostat-wcad.area-by-land-size,LCA,1986,2375.0,,,,final,"WCA 1990 round, census 1986. FAO flag A: Official figure.",,,5-10
farms.faostat-wcad.area-by-land-size,LCA,1996,921.0,,,,final,"WCA 2000 round, census 1996. FAO flag I: Value imputed by a receiving agency.",,,5-10
farms.faostat-wcad.area-by-land-size,LCA,2007,1831.0,,,,final,"WCA 2010 round, census 2007. FAO flag I: Value imputed by a receiving agency.",,,5-10
farms.faostat-wcad.area-by-land-size,LCA,1973/1974,2542.4,,,,final,"WCA 1970 round, census 1973/74. FAO flag I: Value imputed by a receiving agency.",,,10-20
farms.faostat-wcad.area-by-land-size,LCA,1986,1319.0,,,,final,"WCA 1990 round, census 1986. FAO flag A: Official figure.",,,10-20
farms.faostat-wcad.area-by-land-size,LCA,1996,662.0,,,,final,"WCA 2000 round, census 1996. FAO flag I: Value imputed by a receiving agency.",,,10-20
farms.faostat-wcad.area-by-land-size,LCA,2007,709.0,,,,final,"WCA 2010 round, census 2007. FAO flag A: Official figure.",,,10-20
farms.faostat-wcad.area-by-land-size,LCA,1973/1974,2120.69,,,,final,"WCA 1970 round, census 1973/74. FAO flag I: Value imputed by a receiving agency.",,,20-50
farms.faostat-wcad.area-by-land-size,LCA,1986,1242.0,,,,final,"WCA 1990 round, census 1986. FAO flag A: Official figure.",,,20-50
farms.faostat-wcad.area-by-land-size,LCA,1996,5201.0,,,,final,"WCA 2000 round, census 1996. FAO flag I: Value imputed by a receiving agency.",,,20-50
farms.faostat-wcad.area-by-land-size,LCA,2007,2160.0,,,,final,"WCA 2010 round, census 2007. FAO flag I: Value imputed by a receiving agency.",,,20-50
farms.faostat-wcad.area-by-land-size,LCA,1973/1974,1613.08,,,,final,"WCA 1970 round, census 1973/74. FAO flag I: Value imputed by a receiving agency.",,,50-100
farms.faostat-wcad.area-by-land-size,LCA,1986,1099.0,,,,final,"WCA 1990 round, census 1986. FAO flag A: Official figure.",,,50-100
farms.faostat-wcad.area-by-land-size,LCA,1973/1974,2393.81,,,,final,"WCA 1970 round, census 1973/74. FAO flag I: Value imputed by a receiving agency.",,,100-200
farms.faostat-wcad.area-by-land-size,LCA,1986,1479.0,,,,final,"WCA 1990 round, census 1986. FAO flag A: Official figure.",,,100-200
farms.faostat-wcad.area-by-land-size,LCA,1973/1974,10920.36,,,,final,"WCA 1970 round, census 1973/74. FAO flag I: Value imputed by a receiving agency.",,,200-500
farms.faostat-wcad.area-by-land-size,LCA,1986,7077.0,,,,final,"WCA 1990 round, census 1986. FAO flag A: Official figure.",,,200-500
farms.faostat-wcad.area-by-land-size,LKA,1962,290448.0,,,,final,"WCA 1960 round, census 1962. FAO flag A: Official figure.",,,0-1
farms.faostat-wcad.area-by-land-size,LKA,1973,373241.03,,,,final,"WCA 1970 round, census 1973. FAO flag I: Value imputed by a receiving agency.",,,0-1
farms.faostat-wcad.area-by-land-size,LKA,1982,381972.81,,,,final,"WCA 1980 round, census 1982. FAO flag I: Value imputed by a receiving agency.",,,0-1
farms.faostat-wcad.area-by-land-size,LKA,1962,308998.0,,,,final,"WCA 1960 round, census 1962. FAO flag A: Official figure.",,,1-2
farms.faostat-wcad.area-by-land-size,LKA,1973,362604.97,,,,final,"WCA 1970 round, census 1973. FAO flag I: Value imputed by a receiving agency.",,,1-2
farms.faostat-wcad.area-by-land-size,LKA,1982,265220.01,,,,final,"WCA 1980 round, census 1982. FAO flag I: Value imputed by a receiving agency.",,,1-2
farms.faostat-wcad.area-by-land-size,LKA,1962,397487.0,,,,final,"WCA 1960 round, census 1962. FAO flag A: Official figure.",,,2-5
farms.faostat-wcad.area-by-land-size,LKA,1973,435530.65,,,,final,"WCA 1970 round, census 1973. FAO flag I: Value imputed by a receiving agency.",,,2-5
farms.faostat-wcad.area-by-land-size,LKA,1982,429421.83,,,,final,"WCA 1980 round, census 1982. FAO flag I: Value imputed by a receiving agency.",,,2-5
farms.faostat-wcad.area-by-land-size,LKA,1962,162030.0,,,,final,"WCA 1960 round, census 1962. FAO flag A: Official figure.",,,5-10
farms.faostat-wcad.area-by-land-size,LKA,1973,159349.3,,,,final,"WCA 1970 round, census 1973. FAO flag I: Value imputed by a receiving agency.",,,5-10
farms.faostat-wcad.area-by-land-size,LKA,1982,367296.69,,,,final,"WCA 1980 round, census 1982. FAO flag I: Value imputed by a receiving agency.",,,5-10
farms.faostat-wcad.area-by-land-size,LKA,1962,106060.0,,,,final,"WCA 1960 round, census 1962. FAO flag A: Official figure.",,,10-20
farms.faostat-wcad.area-by-land-size,LKA,1973,101348.65,,,,final,"WCA 1970 round, census 1973. FAO flag I: Value imputed by a receiving agency.",,,10-20
farms.faostat-wcad.area-by-land-size,LKA,1982,49718.56,,,,final,"WCA 1980 round, census 1982. FAO flag I: Value imputed by a receiving agency.",,,10-20
farms.faostat-wcad.area-by-land-size,LKA,1962,102921.0,,,,final,"WCA 1960 round, census 1962. FAO flag A: Official figure.",,,20-50
farms.faostat-wcad.area-by-land-size,LKA,1973,604067.39,,,,final,"WCA 1970 round, census 1973. FAO flag I: Value imputed by a receiving agency.",,,20-50
farms.faostat-wcad.area-by-land-size,LKA,1982,473681.1,,,,final,"WCA 1980 round, census 1982. FAO flag I: Value imputed by a receiving agency.",,,20-50
farms.faostat-wcad.area-by-land-size,LKA,1962,74594.0,,,,final,"WCA 1960 round, census 1962. FAO flag A: Official figure.",,,50-100
farms.faostat-wcad.area-by-land-size,LKA,1962,90741.0,,,,final,"WCA 1960 round, census 1962. FAO flag A: Official figure.",,,100-200
farms.faostat-wcad.area-by-land-size,LKA,1962,355182.0,,,,final,"WCA 1960 round, census 1962. FAO flag A: Official figure.",,,200-500
farms.faostat-wcad.area-by-land-size,LSO,1960,31148.0,,,,final,"WCA 1960 round, census 1960. FAO flag A: Official figure.",,,0-1
farms.faostat-wcad.area-by-land-size,LSO,1969/1970,32085.67,,,,final,"WCA 1970 round, census 1969/70. FAO flag I: Value imputed by a receiving agency.",,,0-1
farms.faostat-wcad.area-by-land-size,LSO,2009/2010,454242.0,,,,final,"WCA 2010 round, census 2009/10. FAO flag I: Value imputed by a receiving agency.",,,0-1
farms.faostat-wcad.area-by-land-size,LSO,1960,67129.0,,,,final,"WCA 1960 round, census 1960. FAO flag A: Official figure.",,,1-2
farms.faostat-wcad.area-by-land-size,LSO,1969/1970,94903.68,,,,final,"WCA 1970 round, census 1969/70. FAO flag I: Value imputed by a receiving agency.",,,1-2
farms.faostat-wcad.area-by-land-size,LSO,2009/2010,54098.0,,,,final,"WCA 2010 round, census 2009/10. FAO flag I: Value imputed by a receiving agency.",,,1-2
farms.faostat-wcad.area-by-land-size,LSO,2009/2010,5974.0,,,,final,"WCA 2010 round, census 2009/10. FAO flag I: Value imputed by a receiving agency.",,,2-3
farms.faostat-wcad.area-by-land-size,LSO,2009/2010,292.0,,,,final,"WCA 2010 round, census 2009/10. FAO flag A: Official figure.",,,3-4
farms.faostat-wcad.area-by-land-size,LSO,1960,174860.0,,,,final,"WCA 1960 round, census 1960. FAO flag A: Official figure.",,,2-5
farms.faostat-wcad.area-by-land-size,LSO,1969/1970,182065.55,,,,final,"WCA 1970 round, census 1969/70. FAO flag I: Value imputed by a receiving agency.",,,2-5
farms.faostat-wcad.area-by-land-size,LSO,1960,58875.0,,,,final,"WCA 1960 round, census 1960. FAO flag A: Official figure.",,,5-10
farms.faostat-wcad.area-by-land-size,LSO,1969/1970,63287.1,,,,final,"WCA 1970 round, census 1969/70. FAO flag I: Value imputed by a receiving agency.",,,5-10
farms.faostat-wcad.area-by-land-size,LSO,1960,16121.0,,,,final,"WCA 1960 round, census 1960. FAO flag A: Official figure.",,,10-20
farms.faostat-wcad.area-by-land-size,LSO,1960,4621.0,,,,final,"WCA 1960 round, census 1960. FAO flag A: Official figure.",,,20-50
farms.faostat-wcad.area-by-land-size,LTU,2003,100.0,,,,final,"WCA 2000 round, census 2003. FAO flag A: Official figure. FAO's note: Holdings 1 ha and more",,,0-1
farms.faostat-wcad.area-by-land-size,LTU,2010,23297.0,,,,final,"WCA 2010 round, census 2010. FAO flag I: Value imputed by a receiving agency. FAO's note: UAA",,,0-1
farms.faostat-wcad.area-by-land-size,LTU,2020,8628.0,,,,final,"WCA 2020 round, census 2020. FAO flag I: Value imputed by a receiving agency. FAO's note: UAA",,,0-1
farms.faostat-wcad.area-by-land-size,LTU,2003,32000.0,,,,final,"WCA 2000 round, census 2003. FAO flag A: Official figure. FAO's note: Holdings 1 ha and more",,,1-2
farms.faostat-wcad.area-by-land-size,LTU,2010,46590.0,,,,final,"WCA 2010 round, census 2010. FAO flag A: Official figure. FAO's note: UAA",,,1-2
farms.faostat-wcad.area-by-land-size,LTU,2020,17562.0,,,,final,"WCA 2020 round, census 2020. FAO flag I: Value imputed by a receiving agency. FAO's note: UAA",,,1-2
farms.faostat-wcad.area-by-land-size,LTU,2010,90166.0,,,,final,"WCA 2010 round, census 2010. FAO flag I: Value imputed by a receiving agency. FAO's note: UAA",,,2-3
farms.faostat-wcad.area-by-land-size,LTU,2020,44336.0,,,,final,"WCA 2020 round, census 2020. FAO flag I: Value imputed by a receiving agency. FAO's note: UAA",,,2-3
farms.faostat-wcad.area-by-land-size,LTU,2010,89705.0,,,,final,"WCA 2010 round, census 2010. FAO flag I: Value imputed by a receiving agency. FAO's note: UAA",,,3-4
farms.faostat-wcad.area-by-land-size,LTU,2020,44109.0,,,,final,"WCA 2020 round, census 2020. FAO flag I: Value imputed by a receiving agency. FAO's note: UAA",,,3-4
farms.faostat-wcad.area-by-land-size,LTU,2010,86139.0,,,,final,"WCA 2010 round, census 2010. FAO flag I: Value imputed by a receiving agency. FAO's note: UAA",,,4-5
farms.faostat-wcad.area-by-land-size,LTU,2020,42356.0,,,,final,"WCA 2020 round, census 2020. FAO flag I: Value imputed by a receiving agency. FAO's note: UAA",,,4-5
farms.faostat-wcad.area-by-land-size,LTU,2003,407700.0,,,,final,"WCA 2000 round, census 2003. FAO flag A: Official figure. FAO's note: Holdings 1 ha and more",,,2-5
farms.faostat-wcad.area-by-land-size,LTU,2003,443700.0,,,,final,"WCA 2000 round, census 2003. FAO flag A: Official figure. FAO's note: Holdings 1 ha and more",,,5-10
farms.faostat-wcad.area-by-land-size,LTU,2010,276810.0,,,,final,"WCA 2010 round, census 2010. FAO flag A: Official figure. FAO's note: UAA",,,5-10
farms.faostat-wcad.area-by-land-size,LTU,2020,185900.0,,,,final,"WCA 2020 round, census 2020. FAO flag A: Official figure. FAO's note: UAA",,,5-10
farms.faostat-wcad.area-by-land-size,LTU,2003,520700.0,,,,final,"WCA 2000 round, census 2003. FAO flag A: Official figure. FAO's note: Holdings 1 ha and more",,,10-20
farms.faostat-wcad.area-by-land-size,LTU,2010,296010.0,,,,final,"WCA 2010 round, census 2010. FAO flag A: Official figure. FAO's note: UAA",,,10-20
farms.faostat-wcad.area-by-land-size,LTU,2020,238950.0,,,,final,"WCA 2020 round, census 2020. FAO flag A: Official figure. FAO's note: UAA",,,10-20
farms.faostat-wcad.area-by-land-size,LTU,2003,504600.0,,,,final,"WCA 2000 round, census 2003. FAO flag A: Official figure. FAO's note: Holdings 1 ha and more",,,20-50
farms.faostat-wcad.area-by-land-size,LTU,2010,388690.0,,,,final,"WCA 2010 round, census 2010. FAO flag A: Official figure. FAO's note: UAA",,,20-50
farms.faostat-wcad.area-by-land-size,LTU,2020,346750.0,,,,final,"WCA 2020 round, census 2020. FAO flag A: Official figure. FAO's note: UAA",,,20-50
farms.faostat-wcad.area-by-land-size,LTU,2003,244000.0,,,,final,"WCA 2000 round, census 2003. FAO flag A: Official figure. FAO's note: Holdings 1 ha and more",,,50-100
farms.faostat-wcad.area-by-land-size,LTU,2010,328410.0,,,,final,"WCA 2010 round, census 2010. FAO flag A: Official figure. FAO's note: UAA",,,50-100
farms.faostat-wcad.area-by-land-size,LTU,2020,384800.0,,,,final,"WCA 2020 round, census 2020. FAO flag A: Official figure. FAO's note: UAA",,,50-100
farms.faostat-wcad.area-by-land-size,LTU,2003,183200.0,,,,final,"WCA 2000 round, census 2003. FAO flag A: Official figure. FAO's note: Holdings 1 ha and more",,,100-200
farms.faostat-wcad.area-by-land-size,LTU,2010,1140040.0,,,,final,"WCA 2010 round, census 2010. FAO flag A: Official figure. FAO's note: UAA",,,100-200
farms.faostat-wcad.area-by-land-size,LTU,2020,1601150.0,,,,final,"WCA 2020 round, census 2020. FAO flag A: Official figure. FAO's note: UAA",,,100-200
farms.faostat-wcad.area-by-land-size,LTU,2003,182300.0,,,,final,"WCA 2000 round, census 2003. FAO flag A: Official figure. FAO's note: Holdings 1 ha and more",,,200-500
farms.faostat-wcad.area-by-land-size,LTU,2003,420800.0,,,,final,"WCA 2000 round, census 2003. FAO flag A: Official figure. FAO's note: Holdings 1 ha and more",,,500-1000
farms.faostat-wcad.area-by-land-size,LUX,1950,2678.0,,,,final,"WCA 1950 round, census 1950. FAO flag A: Official figure.",,,0-1
farms.faostat-wcad.area-by-land-size,LUX,1970,268.0,,,,final,"WCA 1970 round, census 1970. FAO flag A: Official figure.",,,0-1
farms.faostat-wcad.area-by-land-size,LUX,1980,209.0,,,,final,"WCA 1980 round, census 1980. FAO flag A: Official figure.",,,0-1
farms.faostat-wcad.area-by-land-size,LUX,1990,149.0,,,,final,"WCA 1990 round, census 1990. FAO flag A: Official figure. FAO's note: Agricultural area",,,0-1
farms.faostat-wcad.area-by-land-size,LUX,2010,40.0,,,,final,"WCA 2010 round, census 2010. FAO flag I: Value imputed by a receiving agency. FAO's note: UAA",,,0-1
farms.faostat-wcad.area-by-land-size,LUX,2020,30.0,,,,final,"WCA 2020 round, census 2020. FAO flag I: Value imputed by a receiving agency. FAO's note: UAA",,,0-1
farms.faostat-wcad.area-by-land-size,LUX,1950,4105.39,,,,final,"WCA 1950 round, census 1950. FAO flag I: Value imputed by a receiving agency.",,,1-2
farms.faostat-wcad.area-by-land-size,LUX,1970,722.0,,,,final,"WCA 1970 round, census 1970. FAO flag A: Official figure.",,,1-2
farms.faostat-wcad.area-by-land-size,LUX,1980,472.0,,,,final,"WCA 1980 round, census 1980. FAO flag A: Official figure.",,,1-2
farms.faostat-wcad.area-by-land-size,LUX,1990,283.0,,,,final,"WCA 1990 round, census 1990. FAO flag A: Official figure. FAO's note: Agricultural area",,,1-2
farms.faostat-wcad.area-by-land-size,LUX,1999/2000,450.0,,,,final,"WCA 2000 round, census 1999/00. FAO flag A: Official figure. FAO's note: Agricultural area. < 2 ha",,,1-2
farms.faostat-wcad.area-by-land-size,LUX,2010,80.0,,,,final,"WCA 2010 round, census 2010. FAO flag I: Value imputed by a receiving agency. FAO's note: UAA",,,1-2
farms.faostat-wcad.area-by-land-size,LUX,2020,60.0,,,,final,"WCA 2020 round, census 2020. FAO flag I: Value imputed by a receiving agency. FAO's note: UAA",,,1-2
farms.faostat-wcad.area-by-land-size,LUX,2010,193.0,,,,final,"WCA 2010 round, census 2010. FAO flag I: Value imputed by a receiving agency. FAO's note: UAA",,,2-3
farms.faostat-wcad.area-by-land-size,LUX,2020,156.0,,,,final,"WCA 2020 round, census 2020. FAO flag I: Value imputed by a receiving agency. FAO's note: UAA",,,2-3
farms.faostat-wcad.area-by-land-size,LUX,2010,192.0,,,,final,"WCA 2010 round, census 2010. FAO flag I: Value imputed by a receiving agency. FAO's note: UAA",,,3-4
farms.faostat-wcad.area-by-land-size,LUX,2020,155.0,,,,final,"WCA 2020 round, census 2020. FAO flag I: Value imputed by a receiving agency. FAO's note: UAA",,,3-4
farms.faostat-wcad.area-by-land-size,LUX,2010,185.0,,,,final,"WCA 2010 round, census 2010. FAO flag I: Value imputed by a receiving agency. FAO's note: UAA",,,4-5
farms.faostat-wcad.area-by-land-size,LUX,2020,149.0,,,,final,"WCA 2020 round, census 2020. FAO flag I: Value imputed by a receiving agency. FAO's note: UAA",,,4-5
farms.faostat-wcad.area-by-land-size,LUX,1950,10006.61,,,,final,"WCA 1950 round, census 1950. FAO flag I: Value imputed by a receiving agency.",,,2-5
farms.faostat-wcad.area-by-land-size,LUX,1970,3205.0,,,,final,"WCA 1970 round, census 1970. FAO flag A: Official figure.",,,2-5
farms.faostat-wcad.area-by-land-size,LUX,1980,1956.0,,,,final,"WCA 1980 round, census 1980. FAO flag A: Official figure.",,,2-5
farms.faostat-wcad.area-by-land-size,LUX,1990,1567.0,,,,final,"WCA 1990 round, census 1990. FAO flag A: Official figure. FAO's note: Agricultural area",,,2-5
farms.faostat-wcad.area-by-land-size,LUX,1999/2000,1170.0,,,,final,"WCA 2000 round, census 1999/00. FAO flag A: Official figure. FAO's note: Agricultural area",,,2-5
farms.faostat-wcad.area-by-land-size,LUX,1950,20951.0,,,,final,"WCA 1950 round, census 1950. FAO flag A: Official figure.",,,5-10
farms.faostat-wcad.area-by-land-size,LUX,1970,7314.0,,,,final,"WCA 1970 round, census 1970. FAO flag A: Official figure.",,,5-10
farms.faostat-wcad.area-by-land-size,LUX,1980,3761.0,,,,final,"WCA 1980 round, census 1980. FAO flag A: Official figure.",,,5-10
farms.faostat-wcad.area-by-land-size,LUX,1990,2301.0,,,,final,"WCA 1990 round, census 1990. FAO flag A: Official figure. FAO's note: Agricultural area",,,5-10
farms.faostat-wcad.area-by-land-size,LUX,1999/2000,2170.0,,,,final,"WCA 2000 round, census 1999/00. FAO flag A: Official figure. FAO's note: Agricultural area",,,5-10
farms.faostat-wcad.area-by-land-size,LUX,2010,1560.0,,,,final,"WCA 2010 round, census 2010. FAO flag A: Official figure. FAO's note: UAA",,,5-10
farms.faostat-wcad.area-by-land-size,LUX,2020,1140.0,,,,final,"WCA 2020 round, census 2020. FAO flag A: Official figure. FAO's note: UAA",,,5-10
farms.faostat-wcad.area-by-land-size,LUX,1950,46725.0,,,,final,"WCA 1950 round, census 1950. FAO flag A: Official figure.",,,10-20
farms.faostat-wcad.area-by-land-size,LUX,1970,22983.0,,,,final,"WCA 1970 round, census 1970. FAO flag A: Official figure.",,,10-20
farms.faostat-wcad.area-by-land-size,LUX,1980,10133.0,,,,final,"WCA 1980 round, census 1980. FAO flag A: Official figure.",,,10-20
farms.faostat-wcad.area-by-land-size,LUX,1990,5721.0,,,,final,"WCA 1990 round, census 1990. FAO flag A: Official figure. FAO's note: Agricultural area",,,10-20
farms.faostat-wcad.area-by-land-size,LUX,1999/2000,3700.0,,,,final,"WCA 2000 round, census 1999/00. FAO flag A: Official figure. FAO's note: Agricultural area",,,10-20
farms.faostat-wcad.area-by-land-size,LUX,2010,2450.0,,,,final,"WCA 2010 round, census 2010. FAO flag A: Official figure. FAO's note: UAA",,,10-20
farms.faostat-wcad.area-by-land-size,LUX,2020,2200.0,,,,final,"WCA 2020 round, census 2020. FAO flag A: Official figure. FAO's note: UAA",,,10-20
farms.faostat-wcad.area-by-land-size,LUX,1950,50339.0,,,,final,"WCA 1950 round, census 1950. FAO flag A: Official figure.",,,20-50
farms.faostat-wcad.area-by-land-size,LUX,1970,81412.0,,,,final,"WCA 1970 round, census 1970. FAO flag A: Official figure.",,,20-50
farms.faostat-wcad.area-by-land-size,LUX,1980,61847.0,,,,final,"WCA 1980 round, census 1980. FAO flag A: Official figure.",,,20-50
farms.faostat-wcad.area-by-land-size,LUX,1990,35329.0,,,,final,"WCA 1990 round, census 1990. FAO flag A: Official figure. FAO's note: Agricultural area",,,20-50
farms.faostat-wcad.area-by-land-size,LUX,1999/2000,21070.0,,,,final,"WCA 2000 round, census 1999/00. FAO flag A: Official figure. FAO's note: Agricultural area",,,20-50
farms.faostat-wcad.area-by-land-size,LUX,2010,12840.0,,,,final,"WCA 2010 round, census 2010. FAO flag A: Official figure. FAO's note: UAA",,,20-50
farms.faostat-wcad.area-by-land-size,LUX,2020,9330.0,,,,final,"WCA 2020 round, census 2020. FAO flag A: Official figure. FAO's note: UAA",,,20-50
farms.faostat-wcad.area-by-land-size,LUX,1950,8140.0,,,,final,"WCA 1950 round, census 1950. FAO flag A: Official figure.",,,50-100
farms.faostat-wcad.area-by-land-size,LUX,1970,19239.0,,,,final,"WCA 1970 round, census 1970. FAO flag A: Official figure.",,,50-100
farms.faostat-wcad.area-by-land-size,LUX,1980,46487.0,,,,final,"WCA 1980 round, census 1980. FAO flag A: Official figure.",,,50-100
farms.faostat-wcad.area-by-land-size,LUX,1990,67768.0,,,,final,"WCA 1990 round, census 1990. FAO flag A: Official figure. FAO's note: Agricultural area",,,50-100
farms.faostat-wcad.area-by-land-size,LUX,1999/2000,69700.0,,,,final,"WCA 2000 round, census 1999/00. FAO flag A: Official figure. FAO's note: Agricultural area",,,50-100
farms.faostat-wcad.area-by-land-size,LUX,2010,47540.0,,,,final,"WCA 2010 round, census 2010. FAO flag A: Official figure. FAO's note: UAA",,,50-100
farms.faostat-wcad.area-by-land-size,LUX,2020,35400.0,,,,final,"WCA 2020 round, census 2020. FAO flag A: Official figure. FAO's note: UAA",,,50-100
farms.faostat-wcad.area-by-land-size,LUX,1950,1108.0,,,,final,"WCA 1950 round, census 1950. FAO flag A: Official figure.",,,100-200
farms.faostat-wcad.area-by-land-size,LUX,1980,5196.0,,,,final,"WCA 1980 round, census 1980. FAO flag A: Official figure.",,,100-200
farms.faostat-wcad.area-by-land-size,LUX,1990,13180.0,,,,final,"WCA 1990 round, census 1990. FAO flag A: Official figure. FAO's note: Agricultural area",,,100-200
farms.faostat-wcad.area-by-land-size,LUX,1999/2000,39340.0,,,,final,"WCA 2000 round, census 1999/00. FAO flag A: Official figure. FAO's note: Agricultural area",,,100-200
farms.faostat-wcad.area-by-land-size,LUX,2010,66030.0,,,,final,"WCA 2010 round, census 2010. FAO flag A: Official figure. FAO's note: UAA",,,100-200
farms.faostat-wcad.area-by-land-size,LUX,2020,83520.0,,,,final,"WCA 2020 round, census 2020. FAO flag A: Official figure. FAO's note: UAA",,,100-200
farms.faostat-wcad.area-by-land-size,LVA,1929,12755.0,,,,final,"WCA 1930 round, census 1929. FAO flag A: Official figure.",,,0-1
farms.faostat-wcad.area-by-land-size,LVA,2010,4707.0,,,,final,"WCA 2010 round, census 2010. FAO flag I: Value imputed by a receiving agency. FAO's note: UAA",,,0-1
farms.faostat-wcad.area-by-land-size,LVA,2020,4029.0,,,,final,"WCA 2020 round, census 2020. FAO flag I: Value imputed by a receiving agency. FAO's note: UAA",,,0-1
farms.faostat-wcad.area-by-land-size,LVA,1929,18101.0,,,,final,"WCA 1930 round, census 1929. FAO flag A: Official figure.",,,1-2
farms.faostat-wcad.area-by-land-size,LVA,2001,16100.0,,,,final,"WCA 2000 round, census 2001. FAO flag A: Official figure.",,,1-2
farms.faostat-wcad.area-by-land-size,LVA,2010,9410.0,,,,final,"WCA 2010 round, census 2010. FAO flag A: Official figure. FAO's note: UAA",,,1-2
farms.faostat-wcad.area-by-land-size,LVA,2020,8201.0,,,,final,"WCA 2020 round, census 2020. FAO flag I: Value imputed by a receiving agency. FAO's note: UAA",,,1-2
farms.faostat-wcad.area-by-land-size,LVA,2010,21364.0,,,,final,"WCA 2010 round, census 2010. FAO flag I: Value imputed by a receiving agency. FAO's note: UAA",,,2-3
farms.faostat-wcad.area-by-land-size,LVA,2020,19327.0,,,,final,"WCA 2020 round, census 2020. FAO flag I: Value imputed by a receiving agency. FAO's note: UAA",,,2-3
farms.faostat-wcad.area-by-land-size,LVA,2010,21255.0,,,,final,"WCA 2010 round, census 2010. FAO flag I: Value imputed by a receiving agency. FAO's note: UAA",,,3-4
farms.faostat-wcad.area-by-land-size,LVA,2020,19228.0,,,,final,"WCA 2020 round, census 2020. FAO flag I: Value imputed by a receiving agency. FAO's note: UAA",,,3-4
farms.faostat-wcad.area-by-land-size,LVA,2010,20410.0,,,,final,"WCA 2010 round, census 2010. FAO flag I: Value imputed by a receiving agency. FAO's note: UAA",,,4-5
farms.faostat-wcad.area-by-land-size,LVA,2020,18464.0,,,,final,"WCA 2020 round, census 2020. FAO flag I: Value imputed by a receiving agency. FAO's note: UAA",,,4-5
farms.faostat-wcad.area-by-land-size,LVA,1929,80659.0,,,,final,"WCA 1930 round, census 1929. FAO flag A: Official figure.",,,2-5
farms.faostat-wcad.area-by-land-size,LVA,2001,117800.0,,,,final,"WCA 2000 round, census 2001. FAO flag A: Official figure.",,,2-5
farms.faostat-wcad.area-by-land-size,LVA,1929,333159.0,,,,final,"WCA 1930 round, census 1929. FAO flag A: Official figure.",,,5-10
farms.faostat-wcad.area-by-land-size,LVA,2001,285800.0,,,,final,"WCA 2000 round, census 2001. FAO flag A: Official figure.",,,5-10
farms.faostat-wcad.area-by-land-size,LVA,2010,161620.0,,,,final,"WCA 2010 round, census 2010. FAO flag A: Official figure. FAO's note: UAA",,,5-10
farms.faostat-wcad.area-by-land-size,LVA,2020,93340.0,,,,final,"WCA 2020 round, census 2020. FAO flag A: Official figure. FAO's note: UAA",,,5-10
farms.faostat-wcad.area-by-land-size,LVA,1929,1087583.0,,,,final,"WCA 1930 round, census 1929. FAO flag A: Official figure.",,,10-20
farms.faostat-wcad.area-by-land-size,LVA,2001,626500.0,,,,final,"WCA 2000 round, census 2001. FAO flag A: Official figure.",,,10-20
farms.faostat-wcad.area-by-land-size,LVA,2010,242980.0,,,,final,"WCA 2010 round, census 2010. FAO flag A: Official figure. FAO's note: UAA",,,10-20
farms.faostat-wcad.area-by-land-size,LVA,2020,138460.0,,,,final,"WCA 2020 round, census 2020. FAO flag A: Official figure. FAO's note: UAA",,,10-20
farms.faostat-wcad.area-by-land-size,LVA,1929,1713545.0,,,,final,"WCA 1930 round, census 1929. FAO flag A: Official figure.",,,20-50
farms.faostat-wcad.area-by-land-size,LVA,2001,1113100.0,,,,final,"WCA 2000 round, census 2001. FAO flag A: Official figure.",,,20-50
farms.faostat-wcad.area-by-land-size,LVA,2010,287760.0,,,,final,"WCA 2010 round, census 2010. FAO flag A: Official figure. FAO's note: UAA",,,20-50
farms.faostat-wcad.area-by-land-size,LVA,2020,214760.0,,,,final,"WCA 2020 round, census 2020. FAO flag A: Official figure. FAO's note: UAA",,,20-50
farms.faostat-wcad.area-by-land-size,LVA,1929,971654.0,,,,final,"WCA 1930 round, census 1929. FAO flag A: Official figure.",,,50-100
farms.faostat-wcad.area-by-land-size,LVA,2001,645300.0,,,,final,"WCA 2000 round, census 2001. FAO flag A: Official figure.",,,50-100
farms.faostat-wcad.area-by-land-size,LVA,2010,187680.0,,,,final,"WCA 2010 round, census 2010. FAO flag A: Official figure. FAO's note: UAA",,,50-100
farms.faostat-wcad.area-by-land-size,LVA,2020,196720.0,,,,final,"WCA 2020 round, census 2020. FAO flag A: Official figure. FAO's note: UAA",,,50-100
farms.faostat-wcad.area-by-land-size,LVA,1929,177309.0,,,,final,"WCA 1930 round, census 1929. FAO flag A: Official figure.",,,100-200
farms.faostat-wcad.area-by-land-size,LVA,2001,337100.0,,,,final,"WCA 2000 round, census 2001. FAO flag A: Official figure.",,,100-200
farms.faostat-wcad.area-by-land-size,LVA,2010,843790.0,,,,final,"WCA 2010 round, census 2010. FAO flag A: Official figure. FAO's note: UAA",,,100-200
farms.faostat-wcad.area-by-land-size,LVA,2020,1256430.0,,,,final,"WCA 2020 round, census 2020. FAO flag A: Official figure. FAO's note: UAA",,,100-200
farms.faostat-wcad.area-by-land-size,LVA,2001,203000.0,,,,final,"WCA 2000 round, census 2001. FAO flag A: Official figure.",,,200-500
farms.faostat-wcad.area-by-land-size,LVA,2001,241500.0,,,,final,"WCA 2000 round, census 2001. FAO flag A: Official figure.",,,500-1000
farms.faostat-wcad.area-by-land-size,MAR,1962,5759000.0,,,,final,"WCA 1960 round, census 1962. FAO flag A: Official figure.",,,0-1
farms.faostat-wcad.area-by-land-size,MAR,1996,170361.0,,,,final,"WCA 2000 round, census 1996. FAO flag I: Value imputed by a receiving agency. FAO's note: Agricultural area.",,,0-1
farms.faostat-wcad.area-by-land-size,MAR,1962,511000.0,,,,final,"WCA 1960 round, census 1962. FAO flag A: Official figure.",,,1-2
farms.faostat-wcad.area-by-land-size,MAR,1996,420577.0,,,,final,"WCA 2000 round, census 1996. FAO flag I: Value imputed by a receiving agency. FAO's note: Agricultural area.",,,1-2
farms.faostat-wcad.area-by-land-size,MAR,1962,1444000.0,,,,final,"WCA 1960 round, census 1962. FAO flag A: Official figure.",,,2-5
farms.faostat-wcad.area-by-land-size,MAR,1996,1495239.0,,,,final,"WCA 2000 round, census 1996. FAO flag I: Value imputed by a receiving agency. FAO's note: Agricultural area.",,,2-5
farms.faostat-wcad.area-by-land-size,MAR,1962,1338000.0,,,,final,"WCA 1960 round, census 1962. FAO flag A: Official figure.",,,5-10
farms.faostat-wcad.area-by-land-size,MAR,1996,1894722.0,,,,final,"WCA 2000 round, census 1996. FAO flag A: Official figure. FAO's note: Agricultural area",,,5-10
farms.faostat-wcad.area-by-land-size,MAR,1962,952000.0,,,,final,"WCA 1960 round, census 1962. FAO flag A: Official figure.",,,10-20
farms.faostat-wcad.area-by-land-size,MAR,1996,1880472.0,,,,final,"WCA 2000 round, census 1996. FAO flag A: Official figure. FAO's note: Agricultural area",,,10-20
farms.faostat-wcad.area-by-land-size,MAR,1962,872000.0,,,,final,"WCA 1960 round, census 1962. FAO flag A: Official figure.",,,20-50
farms.faostat-wcad.area-by-land-size,MAR,1996,1526298.0,,,,final,"WCA 2000 round, census 1996. FAO flag A: Official figure. FAO's note: Agricultural area",,,20-50
farms.faostat-wcad.area-by-land-size,MAR,1996,585157.0,,,,final,"WCA 2000 round, census 1996. FAO flag A: Official figure. FAO's note: Agricultural area",,,50-100
farms.faostat-wcad.area-by-land-size,MAR,1996,759397.0,,,,final,"WCA 2000 round, census 1996. FAO flag A: Official figure. FAO's note: Agricultural area",,,100-200
farms.faostat-wcad.area-by-land-size,MDA,2011,245615.0,,,,final,"WCA 2010 round, census 2011. FAO flag A: Official figure.",,,0-1
farms.faostat-wcad.area-by-land-size,MDA,2011,199602.0,,,,final,"WCA 2010 round, census 2011. FAO flag A: Official figure.",,,1-2
farms.faostat-wcad.area-by-land-size,MDA,2011,156172.0,,,,final,"WCA 2010 round, census 2011. FAO flag A: Official figure.",,,2-3
farms.faostat-wcad.area-by-land-size,MDA,2011,98153.0,,,,final,"WCA 2010 round, census 2011. FAO flag A: Official figure.",,,3-4
farms.faostat-wcad.area-by-land-size,MDA,2011,52660.0,,,,final,"WCA 2010 round, census 2011. FAO flag A: Official figure.",,,4-5
farms.faostat-wcad.area-by-land-size,MDA,2011,74138.0,,,,final,"WCA 2010 round, census 2011. FAO flag A: Official figure.",,,5-10
farms.faostat-wcad.area-by-land-size,MDA,2011,24980.0,,,,final,"WCA 2010 round, census 2011. FAO flag A: Official figure.",,,10-20
farms.faostat-wcad.area-by-land-size,MDA,2011,38454.0,,,,final,"WCA 2010 round, census 2011. FAO flag A: Official figure.",,,20-50
farms.faostat-wcad.area-by-land-size,MDA,2011,44425.0,,,,final,"WCA 2010 round, census 2011. FAO flag A: Official figure.",,,50-100
farms.faostat-wcad.area-by-land-size,MDA,2011,89860.0,,,,final,"WCA 2010 round, census 2011. FAO flag A: Official figure.",,,100-200
farms.faostat-wcad.area-by-land-size,MDA,2011,314416.0,,,,final,"WCA 2010 round, census 2011. FAO flag A: Official figure.",,,200-500
farms.faostat-wcad.area-by-land-size,MDA,2011,378419.0,,,,final,"WCA 2010 round, census 2011. FAO flag A: Official figure.",,,500-1000
farms.faostat-wcad.area-by-land-size,MDA,2011,526646.0,,,,final,"WCA 2010 round, census 2011. FAO flag A: Official figure.",,,1000-2500
farms.faostat-wcad.area-by-land-size,MDG,1961/1962,275100.0,,,,final,"WCA 1960 round, census 1961/62. FAO flag A: Official figure.",,,0-1
farms.faostat-wcad.area-by-land-size,MDG,1984/1985,3.17,,,,final,"WCA 1980 round, census 1984/85. FAO flag I: Value imputed by a receiving agency. FAO's note: Holdings refer to CULTIVATED AREA.",,,0-1
farms.faostat-wcad.area-by-land-size,MDG,1961/1962,305360.0,,,,final,"WCA 1960 round, census 1961/62. FAO flag A: Official figure.",,,1-2
farms.faostat-wcad.area-by-land-size,MDG,1984/1985,6.58,,,,final,"WCA 1980 round, census 1984/85. FAO flag I: Value imputed by a receiving agency. FAO's note: Holdings refer to CULTIVATED AREA.",,,1-2
farms.faostat-wcad.area-by-land-size,MDG,1961/1962,268685.0,,,,final,"WCA 1960 round, census 1961/62. FAO flag A: Official figure.",,,2-5
farms.faostat-wcad.area-by-land-size,MDG,1984/1985,25.24,,,,final,"WCA 1980 round, census 1984/85. FAO flag I: Value imputed by a receiving agency. FAO's note: Holdings refer to CULTIVATED AREA.",,,2-5
farms.faostat-wcad.area-by-land-size,MDG,1961/1962,67855.0,,,,final,"WCA 1960 round, census 1961/62. FAO flag A: Official figure.",,,5-10
farms.faostat-wcad.area-by-land-size,MDG,1984/1985,44.0,,,,final,"WCA 1980 round, census 1984/85. FAO flag I: Value imputed by a receiving agency. FAO's note: Holdings refer to CULTIVATED AREA.",,,5-10
farms.faostat-wcad.area-by-land-size,MDG,1984/1985,3140.0,,,,final,"WCA 1980 round, census 1984/85. FAO flag A: Official figure. FAO's note: Holdings refer to CULTIVATED AREA.",,,10-20
farms.faostat-wcad.area-by-land-size,MDG,1984/1985,6624.0,,,,final,"WCA 1980 round, census 1984/85. FAO flag A: Official figure. FAO's note: Holdings refer to CULTIVATED AREA.",,,20-50
farms.faostat-wcad.area-by-land-size,MDG,1984/1985,8392.0,,,,final,"WCA 1980 round, census 1984/85. FAO flag A: Official figure. FAO's note: Holdings refer to CULTIVATED AREA.",,,50-100
farms.faostat-wcad.area-by-land-size,MDG,1984/1985,6916.0,,,,final,"WCA 1980 round, census 1984/85. FAO flag A: Official figure. FAO's note: Holdings refer to CULTIVATED AREA.",,,100-200
farms.faostat-wcad.area-by-land-size,MDG,1984/1985,14681.0,,,,final,"WCA 1980 round, census 1984/85. FAO flag A: Official figure. FAO's note: Holdings refer to CULTIVATED AREA.",,,200-500
farms.faostat-wcad.area-by-land-size,MDG,1984/1985,10592.0,,,,final,"WCA 1980 round, census 1984/85. FAO flag A: Official figure. FAO's note: Holdings refer to CULTIVATED AREA.",,,500-1000
farms.faostat-wcad.area-by-land-size,MDG,1984/1985,74985.0,,,,final,"WCA 1980 round, census 1984/85. FAO flag A: Official figure. FAO's note: Holdings refer to CULTIVATED AREA.",,,1000-plus
farms.faostat-wcad.area-by-land-size,MEX,1930,100072.0,,,,final,"WCA 1930 round, census 1930. FAO flag A: Official figure.",,,0-1
farms.faostat-wcad.area-by-land-size,MEX,1960,120936.0,,,,final,"WCA 1960 round, census 1960. FAO flag A: Official figure.",,,0-1
farms.faostat-wcad.area-by-land-size,MEX,1970,133513.0,,,,final,"WCA 1970 round, census 1970. FAO flag I: Value imputed by a receiving agency.",,,0-1
farms.faostat-wcad.area-by-land-size,MEX,2007,1347322.0,,,,final,"WCA 2010 round, census 2007. FAO flag I: Value imputed by a receiving agency.",,,0-1
farms.faostat-wcad.area-by-land-size,MEX,2022,435776.12,,,,final,"WCA 2020 round, census 2022. FAO flag A: Official figure.",,,0-1
farms.faostat-wcad.area-by-land-size,MEX,1930,211816.0,,,,final,"WCA 1930 round, census 1930. FAO flag I: Value imputed by a receiving agency.",,,1-2
farms.faostat-wcad.area-by-land-size,MEX,1960,222145.0,,,,final,"WCA 1960 round, census 1960. FAO flag A: Official figure.",,,1-2
farms.faostat-wcad.area-by-land-size,MEX,1970,224397.42,,,,final,"WCA 1970 round, census 1970. FAO flag I: Value imputed by a receiving agency.",,,1-2
farms.faostat-wcad.area-by-land-size,MEX,2007,629389.0,,,,final,"WCA 2010 round, census 2007. FAO flag I: Value imputed by a receiving agency.",,,1-2
farms.faostat-wcad.area-by-land-size,MEX,2022,1123602.25,,,,final,"WCA 2020 round, census 2022. FAO flag A: Official figure.",,,1-2
farms.faostat-wcad.area-by-land-size,MEX,2007,1396157.0,,,,final,"WCA 2010 round, census 2007. FAO flag I: Value imputed by a receiving agency.",,,2-3
farms.faostat-wcad.area-by-land-size,MEX,2007,1118960.0,,,,final,"WCA 2010 round, census 2007. FAO flag I: Value imputed by a receiving agency.",,,3-4
farms.faostat-wcad.area-by-land-size,MEX,2007,943078.0,,,,final,"WCA 2010 round, census 2007. FAO flag I: Value imputed by a receiving agency.",,,4-5
farms.faostat-wcad.area-by-land-size,MEX,1930,458186.0,,,,final,"WCA 1930 round, census 1930. FAO flag I: Value imputed by a receiving agency.",,,2-5
farms.faostat-wcad.area-by-land-size,MEX,1960,985026.0,,,,final,"WCA 1960 round, census 1960. FAO flag A: Official figure.",,,2-5
farms.faostat-wcad.area-by-land-size,MEX,1970,509235.17,,,,final,"WCA 1970 round, census 1970. FAO flag I: Value imputed by a receiving agency.",,,2-5
farms.faostat-wcad.area-by-land-size,MEX,2022,3881994.77,,,,final,"WCA 2020 round, census 2022. FAO flag A: Official figure.",,,2-5
farms.faostat-wcad.area-by-land-size,MEX,1930,623851.0,,,,final,"WCA 1930 round, census 1930. FAO flag I: Value imputed by a receiving agency.",,,5-10
farms.faostat-wcad.area-by-land-size,MEX,1960,678912.0,,,,final,"WCA 1960 round, census 1960. FAO flag A: Official figure.",,,5-10
farms.faostat-wcad.area-by-land-size,MEX,1970,778750.61,,,,final,"WCA 1970 round, census 1970. FAO flag I: Value imputed by a receiving agency.",,,5-10
farms.faostat-wcad.area-by-land-size,MEX,2007,4465366.0,,,,final,"WCA 2010 round, census 2007. FAO flag I: Value imputed by a receiving agency.",,,5-10
farms.faostat-wcad.area-by-land-size,MEX,2022,4400077.92,,,,final,"WCA 2020 round, census 2022. FAO flag A: Official figure.",,,5-10
farms.faostat-wcad.area-by-land-size,MEX,1930,1068015.0,,,,final,"WCA 1930 round, census 1930. FAO flag I: Value imputed by a receiving agency.",,,10-20
farms.faostat-wcad.area-by-land-size,MEX,1960,1259677.0,,,,final,"WCA 1960 round, census 1960. FAO flag A: Official figure.",,,10-20
farms.faostat-wcad.area-by-land-size,MEX,1970,1263366.73,,,,final,"WCA 1970 round, census 1970. FAO flag I: Value imputed by a receiving agency.",,,10-20
farms.faostat-wcad.area-by-land-size,MEX,2007,5277561.0,,,,final,"WCA 2010 round, census 2007. FAO flag I: Value imputed by a receiving agency.",,,10-20
farms.faostat-wcad.area-by-land-size,MEX,2022,5355847.87,,,,final,"WCA 2020 round, census 2022. FAO flag A: Official figure.",,,10-20
farms.faostat-wcad.area-by-land-size,MEX,1930,1730446.0,,,,final,"WCA 1930 round, census 1930. FAO flag I: Value imputed by a receiving agency.",,,20-50
farms.faostat-wcad.area-by-land-size,MEX,1960,3334821.0,,,,final,"WCA 1960 round, census 1960. FAO flag A: Official figure.",,,20-50
farms.faostat-wcad.area-by-land-size,MEX,1970,2723774.64,,,,final,"WCA 1970 round, census 1970. FAO flag I: Value imputed by a receiving agency.",,,20-50
farms.faostat-wcad.area-by-land-size,MEX,2007,6867598.0,,,,final,"WCA 2010 round, census 2007. FAO flag A: Official figure.",,,20-50
farms.faostat-wcad.area-by-land-size,MEX,2022,7311122.61,,,,final,"WCA 2020 round, census 2022. FAO flag A: Official figure.",,,20-50
farms.faostat-wcad.area-by-land-size,MEX,1930,1969165.0,,,,final,"WCA 1930 round, census 1930. FAO flag I: Value imputed by a receiving agency.",,,50-100
farms.faostat-wcad.area-by-land-size,MEX,1960,4169383.0,,,,final,"WCA 1960 round, census 1960. FAO flag A: Official figure.",,,50-100
farms.faostat-wcad.area-by-land-size,MEX,1970,3715066.76,,,,final,"WCA 1970 round, census 1970. FAO flag I: Value imputed by a receiving agency.",,,50-100
farms.faostat-wcad.area-by-land-size,MEX,2007,5626467.0,,,,final,"WCA 2010 round, census 2007. FAO flag A: Official figure.",,,50-100
farms.faostat-wcad.area-by-land-size,MEX,2022,5377142.67,,,,final,"WCA 2020 round, census 2022. FAO flag A: Official figure.",,,50-100
farms.faostat-wcad.area-by-land-size,MEX,1930,2824891.0,,,,final,"WCA 1930 round, census 1930. FAO flag I: Value imputed by a receiving agency.",,,100-200
farms.faostat-wcad.area-by-land-size,MEX,1960,5845656.0,,,,final,"WCA 1960 round, census 1960. FAO flag A: Official figure.",,,100-200
farms.faostat-wcad.area-by-land-size,MEX,1970,4917684.55,,,,final,"WCA 1970 round, census 1970. FAO flag I: Value imputed by a receiving agency.",,,100-200
farms.faostat-wcad.area-by-land-size,MEX,2007,5075928.0,,,,final,"WCA 2010 round, census 2007. FAO flag I: Value imputed by a receiving agency.",,,100-200
farms.faostat-wcad.area-by-land-size,MEX,2022,4670531.67,,,,final,"WCA 2020 round, census 2022. FAO flag A: Official figure.",,,100-200
farms.faostat-wcad.area-by-land-size,MEX,1930,5955636.0,,,,final,"WCA 1930 round, census 1930. FAO flag I: Value imputed by a receiving agency.",,,200-500
farms.faostat-wcad.area-by-land-size,MEX,1960,9491675.0,,,,final,"WCA 1960 round, census 1960. FAO flag A: Official figure.",,,200-500
farms.faostat-wcad.area-by-land-size,MEX,1970,9150073.39,,,,final,"WCA 1970 round, census 1970. FAO flag I: Value imputed by a receiving agency.",,,200-500
farms.faostat-wcad.area-by-land-size,MEX,2007,6537245.0,,,,final,"WCA 2010 round, census 2007. FAO flag I: Value imputed by a receiving agency.",,,200-500
farms.faostat-wcad.area-by-land-size,MEX,2022,5933590.3,,,,final,"WCA 2020 round, census 2022. FAO flag A: Official figure.",,,200-500
farms.faostat-wcad.area-by-land-size,MEX,1930,6472881.0,,,,final,"WCA 1930 round, census 1930. FAO flag I: Value imputed by a receiving agency.",,,500-1000
farms.faostat-wcad.area-by-land-size,MEX,1960,10436370.0,,,,final,"WCA 1960 round, census 1960. FAO flag A: Official figure.",,,500-1000
farms.faostat-wcad.area-by-land-size,MEX,1970,10023809.45,,,,final,"WCA 1970 round, census 1970. FAO flag I: Value imputed by a receiving agency.",,,500-1000
farms.faostat-wcad.area-by-land-size,MEX,2007,4559305.0,,,,final,"WCA 2010 round, census 2007. FAO flag I: Value imputed by a receiving agency.",,,500-1000
farms.faostat-wcad.area-by-land-size,MEX,2022,4264333.94,,,,final,"WCA 2020 round, census 2022. FAO flag A: Official figure.",,,500-1000
farms.faostat-wcad.area-by-land-size,MEX,2007,5985998.0,,,,final,"WCA 2010 round, census 2007. FAO flag A: Official figure.",,,1000-2500
farms.faostat-wcad.area-by-land-size,MEX,2007,18704925.0,,,,final,"WCA 2010 round, census 2007. FAO flag A: Official figure.",,,2500-plus
farms.faostat-wcad.area-by-land-size,MEX,1930,110181635.0,,,,final,"WCA 1930 round, census 1930. FAO flag I: Value imputed by a receiving agency.",,,1000-plus
farms.faostat-wcad.area-by-land-size,MEX,1960,132539607.0,,,,final,"WCA 1960 round, census 1960. FAO flag A: Official figure.",,,1000-plus
farms.faostat-wcad.area-by-land-size,MEX,1970,106428519.3,,,,final,"WCA 1970 round, census 1970. FAO flag I: Value imputed by a receiving agency.",,,1000-plus
farms.faostat-wcad.area-by-land-size,MEX,2022,25449003.3,,,,final,"WCA 2020 round, census 2022. FAO flag A: Official figure.",,,1000-plus
farms.faostat-wcad.area-by-land-size,MKD,2007,74835.0,,,,final,"WCA 2010 round, census 2007. FAO flag I: Value imputed by a receiving agency.",,,0-1
farms.faostat-wcad.area-by-land-size,MKD,2007,61512.0,,,,final,"WCA 2010 round, census 2007. FAO flag I: Value imputed by a receiving agency.",,,1-2
farms.faostat-wcad.area-by-land-size,MKD,2007,47140.0,,,,final,"WCA 2010 round, census 2007. FAO flag I: Value imputed by a receiving agency.",,,2-3
farms.faostat-wcad.area-by-land-size,MKD,2007,30098.0,,,,final,"WCA 2010 round, census 2007. FAO flag I: Value imputed by a receiving agency.",,,3-4
farms.faostat-wcad.area-by-land-size,MKD,2007,23254.0,,,,final,"WCA 2010 round, census 2007. FAO flag I: Value imputed by a receiving agency.",,,4-5
farms.faostat-wcad.area-by-land-size,MKD,2007,48352.0,,,,final,"WCA 2010 round, census 2007. FAO flag I: Value imputed by a receiving agency.",,,5-10
farms.faostat-wcad.area-by-land-size,MKD,2007,36624.0,,,,final,"WCA 2010 round, census 2007. FAO flag A: Official figure.",,,10-20
farms.faostat-wcad.area-by-land-size,MLI,1960,22197.0,,,,final,"WCA 1960 round, census 1960. FAO flag A: Official figure.",,,0-1
farms.faostat-wcad.area-by-land-size,MLI,1960,75733.0,,,,final,"WCA 1960 round, census 1960. FAO flag A: Official figure.",,,1-2
farms.faostat-wcad.area-by-land-size,MLI,1960,362376.0,,,,final,"WCA 1960 round, census 1960. FAO flag A: Official figure.",,,2-5
farms.faostat-wcad.area-by-land-size,MLI,1960,358377.0,,,,final,"WCA 1960 round, census 1960. FAO flag A: Official figure.",,,5-10
farms.faostat-wcad.area-by-land-size,MLI,1960,253859.0,,,,final,"WCA 1960 round, census 1960. FAO flag A: Official figure.",,,10-20
farms.faostat-wcad.area-by-land-size,MLI,1960,147987.0,,,,final,"WCA 1960 round, census 1960. FAO flag A: Official figure.",,,20-50
farms.faostat-wcad.area-by-land-size,MLT,1960,2321.0,,,,final,"WCA 1960 round, census 1960. FAO flag A: Official figure.",,,0-1
farms.faostat-wcad.area-by-land-size,MLT,1968/1969,2442.77,,,,final,"WCA 1970 round, census 1968/69. FAO flag I: Value imputed by a receiving agency.",,,0-1
farms.faostat-wcad.area-by-land-size,MLT,1979,3335.0,,,,final,"WCA 1980 round, census 1979. FAO flag A: Official figure.",,,0-1
farms.faostat-wcad.area-by-land-size,MLT,2001,3196.0,,,,final,"WCA 2000 round, census 2001. FAO flag A: Official figure. FAO's note: Agricultural area",,,0-1
farms.faostat-wcad.area-by-land-size,MLT,2010,1158.0,,,,final,"WCA 2010 round, census 2010. FAO flag I: Value imputed by a receiving agency. FAO's note: UAA",,,0-1
farms.faostat-wcad.area-by-land-size,MLT,2020,736.0,,,,final,"WCA 2020 round, census 2020. FAO flag I: Value imputed by a receiving agency. FAO's note: UAA",,,0-1
farms.faostat-wcad.area-by-land-size,MLT,1960,4407.0,,,,final,"WCA 1960 round, census 1960. FAO flag A: Official figure.",,,1-2
farms.faostat-wcad.area-by-land-size,MLT,1968/1969,3347.37,,,,final,"WCA 1970 round, census 1968/69. FAO flag I: Value imputed by a receiving agency.",,,1-2
farms.faostat-wcad.area-by-land-size,MLT,1979,3363.0,,,,final,"WCA 1980 round, census 1979. FAO flag A: Official figure.",,,1-2
farms.faostat-wcad.area-by-land-size,MLT,2001,2404.0,,,,final,"WCA 2000 round, census 2001. FAO flag A: Official figure. FAO's note: Agricultural area",,,1-2
farms.faostat-wcad.area-by-land-size,MLT,2010,4812.0,,,,final,"WCA 2010 round, census 2010. FAO flag I: Value imputed by a receiving agency. FAO's note: UAA",,,1-2
farms.faostat-wcad.area-by-land-size,MLT,2020,3744.0,,,,final,"WCA 2020 round, census 2020. FAO flag I: Value imputed by a receiving agency. FAO's note: UAA",,,1-2
farms.faostat-wcad.area-by-land-size,MLT,2010,1058.0,,,,final,"WCA 2010 round, census 2010. FAO flag I: Value imputed by a receiving agency. FAO's note: UAA",,,2-3
farms.faostat-wcad.area-by-land-size,MLT,2020,1069.0,,,,final,"WCA 2020 round, census 2020. FAO flag I: Value imputed by a receiving agency. FAO's note: UAA",,,2-3
farms.faostat-wcad.area-by-land-size,MLT,2010,1132.0,,,,final,"WCA 2010 round, census 2010. FAO flag I: Value imputed by a receiving agency. FAO's note: UAA",,,3-4
farms.faostat-wcad.area-by-land-size,MLT,2020,1122.0,,,,final,"WCA 2020 round, census 2020. FAO flag I: Value imputed by a receiving agency. FAO's note: UAA",,,3-4
farms.faostat-wcad.area-by-land-size,MLT,2010,1099.0,,,,final,"WCA 2010 round, census 2010. FAO flag I: Value imputed by a receiving agency. FAO's note: UAA",,,4-5
farms.faostat-wcad.area-by-land-size,MLT,2020,1049.0,,,,final,"WCA 2020 round, census 2020. FAO flag I: Value imputed by a receiving agency. FAO's note: UAA",,,4-5
farms.faostat-wcad.area-by-land-size,MLT,1960,7640.0,,,,final,"WCA 1960 round, census 1960. FAO flag A: Official figure.",,,2-5
farms.faostat-wcad.area-by-land-size,MLT,1968/1969,6605.5,,,,final,"WCA 1970 round, census 1968/69. FAO flag I: Value imputed by a receiving agency.",,,2-5
farms.faostat-wcad.area-by-land-size,MLT,1979,4855.0,,,,final,"WCA 1980 round, census 1979. FAO flag A: Official figure.",,,2-5
farms.faostat-wcad.area-by-land-size,MLT,2001,2805.0,,,,final,"WCA 2000 round, census 2001. FAO flag A: Official figure. FAO's note: Agricultural area",,,2-5
farms.faostat-wcad.area-by-land-size,MLT,1960,3277.0,,,,final,"WCA 1960 round, census 1960. FAO flag A: Official figure.",,,5-10
farms.faostat-wcad.area-by-land-size,MLT,1968/1969,2887.59,,,,final,"WCA 1970 round, census 1968/69. FAO flag I: Value imputed by a receiving agency.",,,5-10
farms.faostat-wcad.area-by-land-size,MLT,1979,1852.0,,,,final,"WCA 1980 round, census 1979. FAO flag A: Official figure.",,,5-10
farms.faostat-wcad.area-by-land-size,MLT,2001,931.0,,,,final,"WCA 2000 round, census 2001. FAO flag A: Official figure. FAO's note: Agricultural area",,,5-10
farms.faostat-wcad.area-by-land-size,MLT,2010,1540.0,,,,final,"WCA 2010 round, census 2010. FAO flag A: Official figure. FAO's note: UAA",,,5-10
farms.faostat-wcad.area-by-land-size,MLT,2020,1460.0,,,,final,"WCA 2020 round, census 2020. FAO flag A: Official figure. FAO's note: UAA",,,5-10
farms.faostat-wcad.area-by-land-size,MLT,1960,600.0,,,,final,"WCA 1960 round, census 1960. FAO flag A: Official figure.",,,10-20
farms.faostat-wcad.area-by-land-size,MLT,1968/1969,488.27,,,,final,"WCA 1970 round, census 1968/69. FAO flag I: Value imputed by a receiving agency.",,,10-20
farms.faostat-wcad.area-by-land-size,MLT,1979,564.0,,,,final,"WCA 1980 round, census 1979. FAO flag A: Official figure.",,,10-20
farms.faostat-wcad.area-by-land-size,MLT,2001,320.0,,,,final,"WCA 2000 round, census 2001. FAO flag A: Official figure. FAO's note: Agricultural area",,,10-20
farms.faostat-wcad.area-by-land-size,MLT,2010,460.0,,,,final,"WCA 2010 round, census 2010. FAO flag A: Official figure. FAO's note: UAA",,,10-20
farms.faostat-wcad.area-by-land-size,MLT,2020,500.0,,,,final,"WCA 2020 round, census 2020. FAO flag A: Official figure. FAO's note: UAA",,,10-20
farms.faostat-wcad.area-by-land-size,MLT,1960,204.0,,,,final,"WCA 1960 round, census 1960. FAO flag A: Official figure.",,,20-50
farms.faostat-wcad.area-by-land-size,MLT,1968/1969,127.5,,,,final,"WCA 1970 round, census 1968/69. FAO flag I: Value imputed by a receiving agency.",,,20-50
farms.faostat-wcad.area-by-land-size,MLT,2010,160.0,,,,final,"WCA 2010 round, census 2010. FAO flag A: Official figure. FAO's note: UAA",,,20-50
farms.faostat-wcad.area-by-land-size,MMR,1993,388665.0,,,,final,"WCA 1990 round, census 1993. FAO flag A: Official figure.",,,0-1
farms.faostat-wcad.area-by-land-size,MMR,2003,478102.0,,,,final,"WCA 2000 round, census 2003. FAO flag I: Value imputed by a receiving agency.",,,0-1
farms.faostat-wcad.area-by-land-size,MMR,2010,779220.0,,,,final,"WCA 2010 round, census 2010. FAO flag I: Value imputed by a receiving agency.",,,0-1
farms.faostat-wcad.area-by-land-size,MMR,1993,1015361.0,,,,final,"WCA 1990 round, census 1993. FAO flag A: Official figure.",,,1-2
farms.faostat-wcad.area-by-land-size,MMR,2003,1181560.0,,,,final,"WCA 2000 round, census 2003. FAO flag I: Value imputed by a receiving agency.",,,1-2
farms.faostat-wcad.area-by-land-size,MMR,2010,1814714.0,,,,final,"WCA 2010 round, census 2010. FAO flag I: Value imputed by a receiving agency.",,,1-2
farms.faostat-wcad.area-by-land-size,MMR,2010,2031604.0,,,,final,"WCA 2010 round, census 2010. FAO flag I: Value imputed by a receiving agency.",,,2-3
farms.faostat-wcad.area-by-land-size,MMR,2010,1531716.0,,,,final,"WCA 2010 round, census 2010. FAO flag I: Value imputed by a receiving agency.",,,3-4
farms.faostat-wcad.area-by-land-size,MMR,2010,1240904.0,,,,final,"WCA 2010 round, census 2010. FAO flag I: Value imputed by a receiving agency.",,,4-5
farms.faostat-wcad.area-by-land-size,MMR,1993,2975518.0,,,,final,"WCA 1990 round, census 1993. FAO flag A: Official figure.",,,2-5
farms.faostat-wcad.area-by-land-size,MMR,2003,3239363.0,,,,final,"WCA 2000 round, census 2003. FAO flag I: Value imputed by a receiving agency.",,,2-5
farms.faostat-wcad.area-by-land-size,MMR,1993,1782121.0,,,,final,"WCA 1990 round, census 1993. FAO flag A: Official figure.",,,5-10
farms.faostat-wcad.area-by-land-size,MMR,2003,2496993.0,,,,final,"WCA 2000 round, census 2003. FAO flag I: Value imputed by a receiving agency.",,,5-10
farms.faostat-wcad.area-by-land-size,MMR,2010,3215324.0,,,,final,"WCA 2010 round, census 2010. FAO flag I: Value imputed by a receiving agency.",,,5-10
farms.faostat-wcad.area-by-land-size,MMR,1993,594813.0,,,,final,"WCA 1990 round, census 1993. FAO flag A: Official figure.",,,10-20
farms.faostat-wcad.area-by-land-size,MMR,2003,1105838.0,,,,final,"WCA 2000 round, census 2003. FAO flag I: Value imputed by a receiving agency.",,,10-20
farms.faostat-wcad.area-by-land-size,MMR,2010,1690549.0,,,,final,"WCA 2010 round, census 2010. FAO flag I: Value imputed by a receiving agency.",,,10-20
farms.faostat-wcad.area-by-land-size,MMR,1993,130478.0,,,,final,"WCA 1990 round, census 1993. FAO flag A: Official figure.",,,20-50
farms.faostat-wcad.area-by-land-size,MMR,2003,219259.0,,,,final,"WCA 2000 round, census 2003. FAO flag I: Value imputed by a receiving agency.",,,20-50
farms.faostat-wcad.area-by-land-size,MMR,2010,490143.0,,,,final,"WCA 2010 round, census 2010. FAO flag I: Value imputed by a receiving agency.",,,20-50
farms.faostat-wcad.area-by-land-size,MNE,2010,7577.0,,,,final,"WCA 2010 round, census 2010. FAO flag I: Value imputed by a receiving agency. FAO's note: UAA",,,0-1
farms.faostat-wcad.area-by-land-size,MNE,2010,15423.0,,,,final,"WCA 2010 round, census 2010. FAO flag I: Value imputed by a receiving agency. FAO's note: UAA",,,1-2
farms.faostat-wcad.area-by-land-size,MNE,2010,7965.0,,,,final,"WCA 2010 round, census 2010. FAO flag I: Value imputed by a receiving agency. FAO's note: UAA",,,2-3
farms.faostat-wcad.area-by-land-size,MNE,2010,7925.0,,,,final,"WCA 2010 round, census 2010. FAO flag I: Value imputed by a receiving agency. FAO's note: UAA",,,3-4
farms.faostat-wcad.area-by-land-size,MNE,2010,7610.0,,,,final,"WCA 2010 round, census 2010. FAO flag I: Value imputed by a receiving agency. FAO's note: UAA",,,4-5
farms.faostat-wcad.area-by-land-size,MNE,2010,18540.0,,,,final,"WCA 2010 round, census 2010. FAO flag A: Official figure. FAO's note: UAA",,,5-10
farms.faostat-wcad.area-by-land-size,MNE,2010,15500.0,,,,final,"WCA 2010 round, census 2010. FAO flag A: Official figure. FAO's note: UAA",,,10-20
farms.faostat-wcad.area-by-land-size,MNE,2010,20210.0,,,,final,"WCA 2010 round, census 2010. FAO flag A: Official figure. FAO's note: UAA",,,20-50
farms.faostat-wcad.area-by-land-size,MNE,2010,31650.0,,,,final,"WCA 2010 round, census 2010. FAO flag A: Official figure. FAO's note: UAA",,,50-100
farms.faostat-wcad.area-by-land-size,MNE,2010,88900.0,,,,final,"WCA 2010 round, census 2010. FAO flag A: Official figure. FAO's note: UAA",,,100-200
farms.faostat-wcad.area-by-land-size,MNP,1980,27.13,,,,final,"WCA 1980 round, census 1980. FAO flag I: Value imputed by a receiving agency.",,,0-1
farms.faostat-wcad.area-by-land-size,MNP,1990,13.0,,,,final,"WCA 1990 round, census 1990. FAO flag A: Official figure.",,,0-1
farms.faostat-wcad.area-by-land-size,MNP,2002,31.0,,,,final,"WCA 2000 round, census 2002. FAO flag I: Value imputed by a receiving agency.",,,0-1
farms.faostat-wcad.area-by-land-size,MNP,2007,53.0,,,,final,"WCA 2010 round, census 2007. FAO flag I: Value imputed by a receiving agency.",,,0-1
farms.faostat-wcad.area-by-land-size,MNP,2018,25.0,,,,final,"WCA 2020 round, census 2018. FAO flag I: Value imputed by a receiving agency.",,,0-1
farms.faostat-wcad.area-by-land-size,MNP,1980,73.87,,,,final,"WCA 1980 round, census 1980. FAO flag I: Value imputed by a receiving agency.",,,1-2
farms.faostat-wcad.area-by-land-size,MNP,1990,32.0,,,,final,"WCA 1990 round, census 1990. FAO flag A: Official figure.",,,1-2
farms.faostat-wcad.area-by-land-size,MNP,2002,70.0,,,,final,"WCA 2000 round, census 2002. FAO flag I: Value imputed by a receiving agency.",,,1-2
farms.faostat-wcad.area-by-land-size,MNP,2007,75.0,,,,final,"WCA 2010 round, census 2007. FAO flag I: Value imputed by a receiving agency.",,,1-2
farms.faostat-wcad.area-by-land-size,MNP,2018,79.0,,,,final,"WCA 2020 round, census 2018. FAO flag I: Value imputed by a receiving agency.",,,1-2
farms.faostat-wcad.area-by-land-size,MNP,2007,54.0,,,,final,"WCA 2010 round, census 2007. FAO flag I: Value imputed by a receiving agency.",,,2-3
farms.faostat-wcad.area-by-land-size,MNP,2018,66.0,,,,final,"WCA 2020 round, census 2018. FAO flag I: Value imputed by a receiving agency.",,,2-3
farms.faostat-wcad.area-by-land-size,MNP,2007,38.0,,,,final,"WCA 2010 round, census 2007. FAO flag I: Value imputed by a receiving agency.",,,3-4
farms.faostat-wcad.area-by-land-size,MNP,2018,26.0,,,,final,"WCA 2020 round, census 2018. FAO flag I: Value imputed by a receiving agency.",,,3-4
farms.faostat-wcad.area-by-land-size,MNP,2007,65.0,,,,final,"WCA 2010 round, census 2007. FAO flag I: Value imputed by a receiving agency.",,,4-5
farms.faostat-wcad.area-by-land-size,MNP,2018,29.0,,,,final,"WCA 2020 round, census 2018. FAO flag I: Value imputed by a receiving agency.",,,4-5
farms.faostat-wcad.area-by-land-size,MNP,1980,348.44,,,,final,"WCA 1980 round, census 1980. FAO flag I: Value imputed by a receiving agency.",,,2-5
farms.faostat-wcad.area-by-land-size,MNP,1990,87.0,,,,final,"WCA 1990 round, census 1990. FAO flag A: Official figure.",,,2-5
farms.faostat-wcad.area-by-land-size,MNP,2002,166.0,,,,final,"WCA 2000 round, census 2002. FAO flag I: Value imputed by a receiving agency.",,,2-5
farms.faostat-wcad.area-by-land-size,MNP,1980,270.36,,,,final,"WCA 1980 round, census 1980. FAO flag I: Value imputed by a receiving agency.",,,5-10
farms.faostat-wcad.area-by-land-size,MNP,1990,98.0,,,,final,"WCA 1990 round, census 1990. FAO flag A: Official figure.",,,5-10
farms.faostat-wcad.area-by-land-size,MNP,2002,113.0,,,,final,"WCA 2000 round, census 2002. FAO flag I: Value imputed by a receiving agency.",,,5-10
farms.faostat-wcad.area-by-land-size,MNP,2007,187.0,,,,final,"WCA 2010 round, census 2007. FAO flag I: Value imputed by a receiving agency.",,,5-10
farms.faostat-wcad.area-by-land-size,MNP,2018,117.0,,,,final,"WCA 2020 round, census 2018. FAO flag I: Value imputed by a receiving agency.",,,5-10
farms.faostat-wcad.area-by-land-size,MNP,1980,203.88,,,,final,"WCA 1980 round, census 1980. FAO flag I: Value imputed by a receiving agency.",,,10-20
farms.faostat-wcad.area-by-land-size,MNP,1990,126.0,,,,final,"WCA 1990 round, census 1990. FAO flag A: Official figure.",,,10-20
farms.faostat-wcad.area-by-land-size,MNP,2002,115.0,,,,final,"WCA 2000 round, census 2002. FAO flag I: Value imputed by a receiving agency.",,,10-20
farms.faostat-wcad.area-by-land-size,MNP,2007,176.0,,,,final,"WCA 2010 round, census 2007. FAO flag I: Value imputed by a receiving agency.",,,10-20
farms.faostat-wcad.area-by-land-size,MNP,2018,97.0,,,,final,"WCA 2020 round, census 2018. FAO flag I: Value imputed by a receiving agency.",,,10-20
farms.faostat-wcad.area-by-land-size,MNP,1980,4008.33,,,,final,"WCA 1980 round, census 1980. FAO flag I: Value imputed by a receiving agency.",,,20-50
farms.faostat-wcad.area-by-land-size,MNP,1990,5480.0,,,,final,"WCA 1990 round, census 1990. FAO flag A: Official figure.",,,20-50
farms.faostat-wcad.area-by-land-size,MNP,2002,458.0,,,,final,"WCA 2000 round, census 2002. FAO flag I: Value imputed by a receiving agency.",,,20-50
farms.faostat-wcad.area-by-land-size,MNP,2007,975.0,,,,final,"WCA 2010 round, census 2007. FAO flag A: Official figure.",,,20-50
farms.faostat-wcad.area-by-land-size,MNP,2018,126.0,,,,final,"WCA 2020 round, census 2018. FAO flag I: Value imputed by a receiving agency.",,,20-50
farms.faostat-wcad.area-by-land-size,MRT,1985,23808.0,,,,final,"WCA 1980 round, census 1985. FAO flag A: Official figure.",,,0-1
farms.faostat-wcad.area-by-land-size,MRT,1985,33963.0,,,,final,"WCA 1980 round, census 1985. FAO flag A: Official figure.",,,1-2
farms.faostat-wcad.area-by-land-size,MRT,1985,58426.63,,,,final,"WCA 1980 round, census 1985. FAO flag I: Value imputed by a receiving agency.",,,2-5
farms.faostat-wcad.area-by-land-size,MRT,1985,32675.37,,,,final,"WCA 1980 round, census 1985. FAO flag I: Value imputed by a receiving agency.",,,5-10
farms.faostat-wcad.area-by-land-size,MRT,1985,27798.0,,,,final,"WCA 1980 round, census 1985. FAO flag A: Official figure.",,,10-20
farms.faostat-wcad.area-by-land-size,MRT,1985,24599.0,,,,final,"WCA 1980 round, census 1985. FAO flag I: Value imputed by a receiving agency.",,,20-50
farms.faostat-wcad.area-by-land-size,MTQ,1981,7846.0,,,,final,"WCA 1980 round, census 1981. FAO flag A: Official figure.",,,0-1
farms.faostat-wcad.area-by-land-size,MTQ,1989,3181.0,,,,final,"WCA 1990 round, census 1989. FAO flag A: Official figure. FAO's note: Agricultural area",,,0-1
farms.faostat-wcad.area-by-land-size,MTQ,1981,4418.0,,,,final,"WCA 1980 round, census 1981. FAO flag A: Official figure.",,,1-2
farms.faostat-wcad.area-by-land-size,MTQ,1989,2931.0,,,,final,"WCA 1990 round, census 1989. FAO flag A: Official figure. FAO's note: Agricultural area",,,1-2
farms.faostat-wcad.area-by-land-size,MTQ,1981,8703.0,,,,final,"WCA 1980 round, census 1981. FAO flag A: Official figure.",,,2-5
farms.faostat-wcad.area-by-land-size,MTQ,1989,7286.0,,,,final,"WCA 1990 round, census 1989. FAO flag A: Official figure. FAO's note: Agricultural area",,,2-5
farms.faostat-wcad.area-by-land-size,MTQ,1981,5236.0,,,,final,"WCA 1980 round, census 1981. FAO flag A: Official figure.",,,5-10
farms.faostat-wcad.area-by-land-size,MTQ,1989,4212.0,,,,final,"WCA 1990 round, census 1989. FAO flag A: Official figure. FAO's note: Agricultural area",,,5-10
farms.faostat-wcad.area-by-land-size,MTQ,1981,4972.0,,,,final,"WCA 1980 round, census 1981. FAO flag A: Official figure.",,,10-20
farms.faostat-wcad.area-by-land-size,MTQ,1989,3346.0,,,,final,"WCA 1990 round, census 1989. FAO flag A: Official figure. FAO's note: Agricultural area",,,10-20
farms.faostat-wcad.area-by-land-size,MTQ,1981,29272.0,,,,final,"WCA 1980 round, census 1981. FAO flag A: Official figure.",,,20-50
farms.faostat-wcad.area-by-land-size,MTQ,1989,16217.0,,,,final,"WCA 1990 round, census 1989. FAO flag A: Official figure. FAO's note: Agricultural area",,,20-50
farms.faostat-wcad.area-by-land-size,MWI,1968/1969,206307.52,,,,final,"WCA 1970 round, census 1968/69. FAO flag I: Value imputed by a receiving agency.",,,0-1
farms.faostat-wcad.area-by-land-size,MWI,1980/1981,339100.0,,,,final,"WCA 1980 round, census 1980/81. FAO flag A: Official figure.",,,0-1
farms.faostat-wcad.area-by-land-size,MWI,1968/1969,434993.91,,,,final,"WCA 1970 round, census 1968/69. FAO flag I: Value imputed by a receiving agency.",,,1-2
farms.faostat-wcad.area-by-land-size,MWI,1980/1981,475100.0,,,,final,"WCA 1980 round, census 1980/81. FAO flag A: Official figure.",,,1-2
farms.faostat-wcad.area-by-land-size,MWI,1968/1969,616604.13,,,,final,"WCA 1970 round, census 1968/69. FAO flag I: Value imputed by a receiving agency.",,,2-5
farms.faostat-wcad.area-by-land-size,MWI,1980/1981,517800.0,,,,final,"WCA 1980 round, census 1980/81. FAO flag A: Official figure.",,,2-5
farms.faostat-wcad.area-by-land-size,MWI,1968/1969,103494.44,,,,final,"WCA 1970 round, census 1968/69. FAO flag I: Value imputed by a receiving agency.",,,5-10
farms.faostat-wcad.area-by-land-size,MYS,1960,107046.0,,,,final,"WCA 1960 round, census 1960. FAO flag A: Official figure. FAO's note: Includes holdings without land",,,0-1
farms.faostat-wcad.area-by-land-size,MYS,1960,216552.0,,,,final,"WCA 1960 round, census 1960. FAO flag A: Official figure.",,,1-2
farms.faostat-wcad.area-by-land-size,MYS,1960,457484.0,,,,final,"WCA 1960 round, census 1960. FAO flag A: Official figure.",,,2-5
farms.faostat-wcad.area-by-land-size,MYS,1960,280788.0,,,,final,"WCA 1960 round, census 1960. FAO flag A: Official figure.",,,5-10
farms.faostat-wcad.area-by-land-size,MYS,1960,130040.0,,,,final,"WCA 1960 round, census 1960. FAO flag A: Official figure.",,,10-20
farms.faostat-wcad.area-by-land-size,MYS,1960,111545.0,,,,final,"WCA 1960 round, census 1960. FAO flag A: Official figure.",,,20-50
farms.faostat-wcad.area-by-land-size,MYS,1960,78457.0,,,,final,"WCA 1960 round, census 1960. FAO flag A: Official figure.",,,50-100
farms.faostat-wcad.area-by-land-size,MYS,1960,69600.0,,,,final,"WCA 1960 round, census 1960. FAO flag A: Official figure.",,,100-200
farms.faostat-wcad.area-by-land-size,MYS,1960,174611.0,,,,final,"WCA 1960 round, census 1960. FAO flag A: Official figure.",,,200-500
farms.faostat-wcad.area-by-land-size,MYS,1960,211153.0,,,,final,"WCA 1960 round, census 1960. FAO flag A: Official figure.",,,500-1000
farms.faostat-wcad.area-by-land-size,MYS,1960,601990.0,,,,final,"WCA 1960 round, census 1960. FAO flag A: Official figure.",,,1000-plus
farms.faostat-wcad.area-by-land-size,NAM,1995,8742.0,,,,final,"WCA 1990 round, census 1995. FAO flag A: Official figure. FAO's note: Arable area",,,0-1
farms.faostat-wcad.area-by-land-size,NAM,1996/1997,8477.0,,,,final,"WCA 2000 round, census 1996/97. FAO flag A: Official figure. FAO's note: Cultivated land",,,0-1
farms.faostat-wcad.area-by-land-size,NAM,1959/1960,5.0,,,,final,"WCA 1960 round, census 1959/60. FAO flag A: Official figure.",,,1-2
farms.faostat-wcad.area-by-land-size,NAM,1995,35534.0,,,,final,"WCA 1990 round, census 1995. FAO flag A: Official figure. FAO's note: Arable area",,,1-2
farms.faostat-wcad.area-by-land-size,NAM,1996/1997,38199.0,,,,final,"WCA 2000 round, census 1996/97. FAO flag A: Official figure. FAO's note: Cultivated land",,,1-2
farms.faostat-wcad.area-by-land-size,NAM,1959/1960,35.0,,,,final,"WCA 1960 round, census 1959/60. FAO flag A: Official figure.",,,2-5
farms.faostat-wcad.area-by-land-size,NAM,1995,173121.0,,,,final,"WCA 1990 round, census 1995. FAO flag A: Official figure. FAO's note: Arable area",,,2-5
farms.faostat-wcad.area-by-land-size,NAM,1996/1997,159865.0,,,,final,"WCA 2000 round, census 1996/97. FAO flag A: Official figure. FAO's note: Cultivated land",,,2-5
farms.faostat-wcad.area-by-land-size,NAM,1959/1960,333.0,,,,final,"WCA 1960 round, census 1959/60. FAO flag A: Official figure.",,,5-10
farms.faostat-wcad.area-by-land-size,NAM,1995,65454.0,,,,final,"WCA 1990 round, census 1995. FAO flag A: Official figure. FAO's note: Arable area",,,5-10
farms.faostat-wcad.area-by-land-size,NAM,1996/1997,72595.0,,,,final,"WCA 2000 round, census 1996/97. FAO flag A: Official figure. FAO's note: Cultivated land",,,5-10
farms.faostat-wcad.area-by-land-size,NAM,1959/1960,343.0,,,,final,"WCA 1960 round, census 1959/60. FAO flag A: Official figure.",,,10-20
farms.faostat-wcad.area-by-land-size,NAM,1995,8693.0,,,,final,"WCA 1990 round, census 1995. FAO flag A: Official figure. FAO's note: Arable area",,,10-20
farms.faostat-wcad.area-by-land-size,NAM,1996/1997,11901.0,,,,final,"WCA 2000 round, census 1996/97. FAO flag A: Official figure. FAO's note: Cultivated land",,,10-20
farms.faostat-wcad.area-by-land-size,NAM,1959/1960,1410.0,,,,final,"WCA 1960 round, census 1959/60. FAO flag A: Official figure.",,,20-50
farms.faostat-wcad.area-by-land-size,NAM,1995,3648.0,,,,final,"WCA 1990 round, census 1995. FAO flag A: Official figure. FAO's note: Arable area",,,20-50
farms.faostat-wcad.area-by-land-size,NAM,1996/1997,3215.0,,,,final,"WCA 2000 round, census 1996/97. FAO flag A: Official figure. FAO's note: Cultivated land",,,20-50
farms.faostat-wcad.area-by-land-size,NAM,1959/1960,1251.0,,,,final,"WCA 1960 round, census 1959/60. FAO flag A: Official figure.",,,50-100
farms.faostat-wcad.area-by-land-size,NAM,1995,4954.0,,,,final,"WCA 1990 round, census 1995. FAO flag A: Official figure. FAO's note: Arable area",,,50-100
farms.faostat-wcad.area-by-land-size,NAM,1996/1997,1380.0,,,,final,"WCA 2000 round, census 1996/97. FAO flag A: Official figure. FAO's note: Cultivated land",,,50-100
farms.faostat-wcad.area-by-land-size,NAM,1959/1960,1730.0,,,,final,"WCA 1960 round, census 1959/60. FAO flag A: Official figure.",,,100-200
farms.faostat-wcad.area-by-land-size,NAM,1959/1960,8380.0,,,,final,"WCA 1960 round, census 1959/60. FAO flag A: Official figure.",,,200-500
farms.faostat-wcad.area-by-land-size,NAM,1959/1960,27490.0,,,,final,"WCA 1960 round, census 1959/60. FAO flag A: Official figure.",,,500-1000
farms.faostat-wcad.area-by-land-size,NAM,1959/1960,61041892.0,,,,final,"WCA 1960 round, census 1959/60. FAO flag A: Official figure.",,,1000-plus
farms.faostat-wcad.area-by-land-size,NER,1980,16591.0,,,,final,"WCA 1980 round, census 1980. FAO flag A: Official figure.",,,0-1
farms.faostat-wcad.area-by-land-size,NER,1980,139507.0,,,,final,"WCA 1980 round, census 1980. FAO flag A: Official figure.",,,1-2
farms.faostat-wcad.area-by-land-size,NER,1980,971185.0,,,,final,"WCA 1980 round, census 1980. FAO flag A: Official figure.",,,2-5
farms.faostat-wcad.area-by-land-size,NER,1980,1862650.0,,,,final,"WCA 1980 round, census 1980. FAO flag A: Official figure.",,,5-10
farms.faostat-wcad.area-by-land-size,NER,1980,416617.0,,,,final,"WCA 1980 round, census 1980. FAO flag A: Official figure.",,,10-20
farms.faostat-wcad.area-by-land-size,NIC,1963,2633.0,,,,final,"WCA 1960 round, census 1963. FAO flag A: Official figure.",,,0-1
farms.faostat-wcad.area-by-land-size,NIC,2001,15878.0,,,,final,"WCA 2000 round, census 2001. FAO flag I: Value imputed by a receiving agency.",,,0-1
farms.faostat-wcad.area-by-land-size,NIC,2011,31565.0,,,,final,"WCA 2010 round, census 2011. FAO flag I: Value imputed by a receiving agency.",,,0-1
farms.faostat-wcad.area-by-land-size,NIC,1963,14157.0,,,,final,"WCA 1960 round, census 1963. FAO flag A: Official figure.",,,1-2
farms.faostat-wcad.area-by-land-size,NIC,2001,29029.0,,,,final,"WCA 2000 round, census 2001. FAO flag I: Value imputed by a receiving agency.",,,1-2
farms.faostat-wcad.area-by-land-size,NIC,2011,47561.0,,,,final,"WCA 2010 round, census 2011. FAO flag I: Value imputed by a receiving agency.",,,1-2
farms.faostat-wcad.area-by-land-size,NIC,2011,55178.0,,,,final,"WCA 2010 round, census 2011. FAO flag I: Value imputed by a receiving agency.",,,2-3
farms.faostat-wcad.area-by-land-size,NIC,2011,54671.0,,,,final,"WCA 2010 round, census 2011. FAO flag I: Value imputed by a receiving agency.",,,3-4
farms.faostat-wcad.area-by-land-size,NIC,2011,56326.0,,,,final,"WCA 2010 round, census 2011. FAO flag I: Value imputed by a receiving agency.",,,4-5
farms.faostat-wcad.area-by-land-size,NIC,1963,74028.0,,,,final,"WCA 1960 round, census 1963. FAO flag A: Official figure.",,,2-5
farms.faostat-wcad.area-by-land-size,NIC,2001,132712.0,,,,final,"WCA 2000 round, census 2001. FAO flag I: Value imputed by a receiving agency.",,,2-5
farms.faostat-wcad.area-by-land-size,NIC,1963,98069.0,,,,final,"WCA 1960 round, census 1963. FAO flag A: Official figure.",,,5-10
farms.faostat-wcad.area-by-land-size,NIC,2001,224205.0,,,,final,"WCA 2000 round, census 2001. FAO flag I: Value imputed by a receiving agency.",,,5-10
farms.faostat-wcad.area-by-land-size,NIC,2011,248235.0,,,,final,"WCA 2010 round, census 2011. FAO flag I: Value imputed by a receiving agency.",,,5-10
farms.faostat-wcad.area-by-land-size,NIC,1963,167518.0,,,,final,"WCA 1960 round, census 1963. FAO flag A: Official figure.",,,10-20
farms.faostat-wcad.area-by-land-size,NIC,2001,473233.0,,,,final,"WCA 2000 round, census 2001. FAO flag I: Value imputed by a receiving agency.",,,10-20
farms.faostat-wcad.area-by-land-size,NIC,2011,504830.0,,,,final,"WCA 2010 round, census 2011. FAO flag I: Value imputed by a receiving agency.",,,10-20
farms.faostat-wcad.area-by-land-size,NIC,1963,430052.0,,,,final,"WCA 1960 round, census 1963. FAO flag A: Official figure.",,,20-50
farms.faostat-wcad.area-by-land-size,NIC,2001,1247190.0,,,,final,"WCA 2000 round, census 2001. FAO flag I: Value imputed by a receiving agency.",,,20-50
farms.faostat-wcad.area-by-land-size,NIC,2011,1114234.0,,,,final,"WCA 2010 round, census 2011. FAO flag I: Value imputed by a receiving agency.",,,20-50
farms.faostat-wcad.area-by-land-size,NIC,1963,514383.0,,,,final,"WCA 1960 round, census 1963. FAO flag A: Official figure.",,,50-100
farms.faostat-wcad.area-by-land-size,NIC,2001,1192009.0,,,,final,"WCA 2000 round, census 2001. FAO flag I: Value imputed by a receiving agency.",,,50-100
farms.faostat-wcad.area-by-land-size,NIC,2011,1101675.0,,,,final,"WCA 2010 round, census 2011. FAO flag I: Value imputed by a receiving agency.",,,50-100
farms.faostat-wcad.area-by-land-size,NIC,1963,531173.0,,,,final,"WCA 1960 round, census 1963. FAO flag A: Official figure.",,,100-200
farms.faostat-wcad.area-by-land-size,NIC,2001,1039403.0,,,,final,"WCA 2000 round, census 2001. FAO flag I: Value imputed by a receiving agency.",,,100-200
farms.faostat-wcad.area-by-land-size,NIC,2011,1017599.0,,,,final,"WCA 2010 round, census 2011. FAO flag I: Value imputed by a receiving agency.",,,100-200
farms.faostat-wcad.area-by-land-size,NIC,1963,626570.0,,,,final,"WCA 1960 round, census 1963. FAO flag A: Official figure.",,,200-500
farms.faostat-wcad.area-by-land-size,NIC,2001,1900855.0,,,,final,"WCA 2000 round, census 2001. FAO flag I: Value imputed by a receiving agency.",,,200-500
farms.faostat-wcad.area-by-land-size,NIC,2011,1822997.0,,,,final,"WCA 2010 round, census 2011. FAO flag I: Value imputed by a receiving agency.",,,200-500
farms.faostat-wcad.area-by-land-size,NIC,1963,360984.0,,,,final,"WCA 1960 round, census 1963. FAO flag A: Official figure.",,,500-1000
farms.faostat-wcad.area-by-land-size,NIC,1963,996365.0,,,,final,"WCA 1960 round, census 1963. FAO flag A: Official figure.",,,1000-plus
farms.faostat-wcad.area-by-land-size,NIU,2009,391.0,,,,final,"WCA 2010 round, census 2009. FAO flag I: Value imputed by a receiving agency.",,,0-1
farms.faostat-wcad.area-by-land-size,NIU,2021,273.0,,,,final,"WCA 2020 round, census 2021. FAO flag I: Value imputed by a receiving agency.",,,0-1
farms.faostat-wcad.area-by-land-size,NIU,2009,255.0,,,,final,"WCA 2010 round, census 2009. FAO flag I: Value imputed by a receiving agency.",,,1-2
farms.faostat-wcad.area-by-land-size,NIU,2021,193.0,,,,final,"WCA 2020 round, census 2021. FAO flag I: Value imputed by a receiving agency.",,,1-2
farms.faostat-wcad.area-by-land-size,NIU,2009,52.0,,,,final,"WCA 2010 round, census 2009. FAO flag I: Value imputed by a receiving agency.",,,2-3
farms.faostat-wcad.area-by-land-size,NIU,2021,53.0,,,,final,"WCA 2020 round, census 2021. FAO flag I: Value imputed by a receiving agency.",,,2-3
farms.faostat-wcad.area-by-land-size,NIU,2009,29.0,,,,final,"WCA 2010 round, census 2009. FAO flag I: Value imputed by a receiving agency.",,,3-4
farms.faostat-wcad.area-by-land-size,NIU,2021,43.0,,,,final,"WCA 2020 round, census 2021. FAO flag I: Value imputed by a receiving agency.",,,3-4
farms.faostat-wcad.area-by-land-size,NIU,2009,34.0,,,,final,"WCA 2010 round, census 2009. FAO flag A: Official figure.",,,4-5
farms.faostat-wcad.area-by-land-size,NIU,2021,26.0,,,,final,"WCA 2020 round, census 2021. FAO flag I: Value imputed by a receiving agency.",,,4-5
farms.faostat-wcad.area-by-land-size,NIU,2021,217.0,,,,final,"WCA 2020 round, census 2021. FAO flag I: Value imputed by a receiving agency.",,,5-10
farms.faostat-wcad.area-by-land-size,NIU,2021,356.0,,,,final,"WCA 2020 round, census 2021. FAO flag I: Value imputed by a receiving agency.",,,10-20
farms.faostat-wcad.area-by-land-size,NLD,1930,42244.0,,,,final,"WCA 1930 round, census 1930. FAO flag A: Official figure.",,,0-1
farms.faostat-wcad.area-by-land-size,NLD,1950/1951,38601.0,,,,final,"WCA 1950 round, census 1950/51. FAO flag A: Official figure.",,,0-1
farms.faostat-wcad.area-by-land-size,NLD,1960,41090.0,,,,final,"WCA 1960 round, census 1960. FAO flag A: Official figure.",,,0-1
farms.faostat-wcad.area-by-land-size,NLD,1970,9711.0,,,,final,"WCA 1970 round, census 1970. FAO flag A: Official figure.",,,0-1
farms.faostat-wcad.area-by-land-size,NLD,1979,10806.0,,,,final,"WCA 1980 round, census 1979. FAO flag A: Official figure. FAO's note: Agricultural area",,,0-1
farms.faostat-wcad.area-by-land-size,NLD,2010,2800.0,,,,final,"WCA 2010 round, census 2010. FAO flag I: Value imputed by a receiving agency. FAO's note: UAA",,,0-1
farms.faostat-wcad.area-by-land-size,NLD,2020,1288.0,,,,final,"WCA 2020 round, census 2020. FAO flag I: Value imputed by a receiving agency. FAO's note: UAA",,,0-1
farms.faostat-wcad.area-by-land-size,NLD,1930,79578.0,,,,final,"WCA 1930 round, census 1930. FAO flag I: Value imputed by a receiving agency.",,,1-2
farms.faostat-wcad.area-by-land-size,NLD,1950/1951,76109.23,,,,final,"WCA 1950 round, census 1950/51. FAO flag I: Value imputed by a receiving agency.",,,1-2
farms.faostat-wcad.area-by-land-size,NLD,1960,59530.0,,,,final,"WCA 1960 round, census 1960. FAO flag A: Official figure.",,,1-2
farms.faostat-wcad.area-by-land-size,NLD,1970,20344.0,,,,final,"WCA 1970 round, census 1970. FAO flag A: Official figure.",,,1-2
farms.faostat-wcad.area-by-land-size,NLD,1979,28122.77,,,,final,"WCA 1980 round, census 1979. FAO flag I: Value imputed by a receiving agency. FAO's note: Agricultural area.",,,1-2
farms.faostat-wcad.area-by-land-size,NLD,1999/2000,22050.0,,,,final,"WCA 2000 round, census 1999/00. FAO flag A: Official figure. FAO's note: Agricultural area. < 2 ha",,,1-2
farms.faostat-wcad.area-by-land-size,NLD,2010,5700.0,,,,final,"WCA 2010 round, census 2010. FAO flag I: Value imputed by a receiving agency. FAO's note: UAA",,,1-2
farms.faostat-wcad.area-by-land-size,NLD,2020,2622.0,,,,final,"WCA 2020 round, census 2020. FAO flag I: Value imputed by a receiving agency. FAO's note: UAA",,,1-2
farms.faostat-wcad.area-by-land-size,NLD,2010,12585.0,,,,final,"WCA 2010 round, census 2010. FAO flag I: Value imputed by a receiving agency. FAO's note: UAA",,,2-3
farms.faostat-wcad.area-by-land-size,NLD,2020,6230.0,,,,final,"WCA 2020 round, census 2020. FAO flag I: Value imputed by a receiving agency. FAO's note: UAA",,,2-3
farms.faostat-wcad.area-by-land-size,NLD,2010,12521.0,,,,final,"WCA 2010 round, census 2010. FAO flag I: Value imputed by a receiving agency. FAO's note: UAA",,,3-4
farms.faostat-wcad.area-by-land-size,NLD,2020,6198.0,,,,final,"WCA 2020 round, census 2020. FAO flag I: Value imputed by a receiving agency. FAO's note: UAA",,,3-4
farms.faostat-wcad.area-by-land-size,NLD,2010,12023.0,,,,final,"WCA 2010 round, census 2010. FAO flag I: Value imputed by a receiving agency. FAO's note: UAA",,,4-5
farms.faostat-wcad.area-by-land-size,NLD,2020,5952.0,,,,final,"WCA 2020 round, census 2020. FAO flag I: Value imputed by a receiving agency. FAO's note: UAA",,,4-5
farms.faostat-wcad.area-by-land-size,NLD,1930,193967.0,,,,final,"WCA 1930 round, census 1930. FAO flag I: Value imputed by a receiving agency.",,,2-5
farms.faostat-wcad.area-by-land-size,NLD,1950/1951,185510.77,,,,final,"WCA 1950 round, census 1950/51. FAO flag I: Value imputed by a receiving agency.",,,2-5
farms.faostat-wcad.area-by-land-size,NLD,1960,220121.0,,,,final,"WCA 1960 round, census 1960. FAO flag A: Official figure.",,,2-5
farms.faostat-wcad.area-by-land-size,NLD,1970,94050.0,,,,final,"WCA 1970 round, census 1970. FAO flag A: Official figure.",,,2-5
farms.faostat-wcad.area-by-land-size,NLD,1979,68547.23,,,,final,"WCA 1980 round, census 1979. FAO flag I: Value imputed by a receiving agency. FAO's note: Agricultural area.",,,2-5
farms.faostat-wcad.area-by-land-size,NLD,1999/2000,59780.0,,,,final,"WCA 2000 round, census 1999/00. FAO flag A: Official figure. FAO's note: Agricultural area",,,2-5
farms.faostat-wcad.area-by-land-size,NLD,1930,386978.0,,,,final,"WCA 1930 round, census 1930. FAO flag A: Official figure.",,,5-10
farms.faostat-wcad.area-by-land-size,NLD,1950/1951,466338.0,,,,final,"WCA 1950 round, census 1950/51. FAO flag A: Official figure.",,,5-10
farms.faostat-wcad.area-by-land-size,NLD,1960,499878.0,,,,final,"WCA 1960 round, census 1960. FAO flag A: Official figure.",,,5-10
farms.faostat-wcad.area-by-land-size,NLD,1970,290172.0,,,,final,"WCA 1970 round, census 1970. FAO flag A: Official figure.",,,5-10
farms.faostat-wcad.area-by-land-size,NLD,1979,214483.0,,,,final,"WCA 1980 round, census 1979. FAO flag A: Official figure. FAO's note: Agricultural area",,,5-10
farms.faostat-wcad.area-by-land-size,NLD,1999/2000,123700.0,,,,final,"WCA 2000 round, census 1999/00. FAO flag A: Official figure. FAO's note: Agricultural area",,,5-10
farms.faostat-wcad.area-by-land-size,NLD,2010,73990.0,,,,final,"WCA 2010 round, census 2010. FAO flag A: Official figure. FAO's note: UAA",,,5-10
farms.faostat-wcad.area-by-land-size,NLD,2020,50990.0,,,,final,"WCA 2020 round, census 2020. FAO flag A: Official figure. FAO's note: UAA",,,5-10
farms.faostat-wcad.area-by-land-size,NLD,1930,566747.0,,,,final,"WCA 1930 round, census 1930. FAO flag A: Official figure.",,,10-20
farms.faostat-wcad.area-by-land-size,NLD,1950/1951,682355.0,,,,final,"WCA 1950 round, census 1950/51. FAO flag A: Official figure.",,,10-20
farms.faostat-wcad.area-by-land-size,NLD,1960,824027.0,,,,final,"WCA 1960 round, census 1960. FAO flag A: Official figure.",,,10-20
farms.faostat-wcad.area-by-land-size,NLD,1970,736700.0,,,,final,"WCA 1970 round, census 1970. FAO flag A: Official figure.",,,10-20
farms.faostat-wcad.area-by-land-size,NLD,1979,600585.0,,,,final,"WCA 1980 round, census 1979. FAO flag A: Official figure. FAO's note: Agricultural area",,,10-20
farms.faostat-wcad.area-by-land-size,NLD,1999/2000,272710.0,,,,final,"WCA 2000 round, census 1999/00. FAO flag A: Official figure. FAO's note: Agricultural area",,,10-20
farms.faostat-wcad.area-by-land-size,NLD,2010,156970.0,,,,final,"WCA 2010 round, census 2010. FAO flag A: Official figure. FAO's note: UAA",,,10-20
farms.faostat-wcad.area-by-land-size,NLD,2020,117850.0,,,,final,"WCA 2020 round, census 2020. FAO flag A: Official figure. FAO's note: UAA",,,10-20
farms.faostat-wcad.area-by-land-size,NLD,1930,696322.0,,,,final,"WCA 1930 round, census 1930. FAO flag A: Official figure.",,,20-50
farms.faostat-wcad.area-by-land-size,NLD,1950/1951,704495.0,,,,final,"WCA 1950 round, census 1950/51. FAO flag A: Official figure.",,,20-50
farms.faostat-wcad.area-by-land-size,NLD,1960,774421.0,,,,final,"WCA 1960 round, census 1960. FAO flag A: Official figure.",,,20-50
farms.faostat-wcad.area-by-land-size,NLD,1970,794010.0,,,,final,"WCA 1970 round, census 1970. FAO flag A: Official figure.",,,20-50
farms.faostat-wcad.area-by-land-size,NLD,1979,953708.0,,,,final,"WCA 1980 round, census 1979. FAO flag A: Official figure. FAO's note: Agricultural area",,,20-50
farms.faostat-wcad.area-by-land-size,NLD,1999/2000,954960.0,,,,final,"WCA 2000 round, census 1999/00. FAO flag A: Official figure. FAO's note: Agricultural area",,,20-50
farms.faostat-wcad.area-by-land-size,NLD,2010,644690.0,,,,final,"WCA 2010 round, census 2010. FAO flag A: Official figure. FAO's note: UAA",,,20-50
farms.faostat-wcad.area-by-land-size,NLD,2020,495310.0,,,,final,"WCA 2020 round, census 2020. FAO flag A: Official figure. FAO's note: UAA",,,20-50
farms.faostat-wcad.area-by-land-size,NLD,1930,151660.0,,,,final,"WCA 1930 round, census 1930. FAO flag A: Official figure.",,,50-100
farms.faostat-wcad.area-by-land-size,NLD,1950/1951,121434.0,,,,final,"WCA 1950 round, census 1950/51. FAO flag A: Official figure.",,,50-100
farms.faostat-wcad.area-by-land-size,NLD,1960,137210.0,,,,final,"WCA 1960 round, census 1960. FAO flag A: Official figure.",,,50-100
farms.faostat-wcad.area-by-land-size,NLD,1970,143986.0,,,,final,"WCA 1970 round, census 1970. FAO flag A: Official figure.",,,50-100
farms.faostat-wcad.area-by-land-size,NLD,1979,229828.0,,,,final,"WCA 1980 round, census 1979. FAO flag A: Official figure. FAO's note: Agricultural area",,,50-100
farms.faostat-wcad.area-by-land-size,NLD,1999/2000,490220.0,,,,final,"WCA 2000 round, census 1999/00. FAO flag A: Official figure. FAO's note: Agricultural area",,,50-100
farms.faostat-wcad.area-by-land-size,NLD,2010,607980.0,,,,final,"WCA 2010 round, census 2010. FAO flag A: Official figure. FAO's note: UAA",,,50-100
farms.faostat-wcad.area-by-land-size,NLD,2020,646780.0,,,,final,"WCA 2020 round, census 2020. FAO flag A: Official figure. FAO's note: UAA",,,50-100
farms.faostat-wcad.area-by-land-size,NLD,1930,32941.0,,,,final,"WCA 1930 round, census 1930. FAO flag A: Official figure.",,,100-200
farms.faostat-wcad.area-by-land-size,NLD,1950/1951,60425.0,,,,final,"WCA 1950 round, census 1950/51. FAO flag A: Official figure.",,,100-200
farms.faostat-wcad.area-by-land-size,NLD,1960,102020.0,,,,final,"WCA 1960 round, census 1960. FAO flag A: Official figure.",,,100-200
farms.faostat-wcad.area-by-land-size,NLD,1970,53624.0,,,,final,"WCA 1970 round, census 1970. FAO flag A: Official figure.",,,100-200
farms.faostat-wcad.area-by-land-size,NLD,1979,120985.0,,,,final,"WCA 1980 round, census 1979. FAO flag A: Official figure. FAO's note: Agricultural area",,,100-200
farms.faostat-wcad.area-by-land-size,NLD,1999/2000,315870.0,,,,final,"WCA 2000 round, census 1999/00. FAO flag A: Official figure. FAO's note: Agricultural area",,,100-200
farms.faostat-wcad.area-by-land-size,NLD,2010,343090.0,,,,final,"WCA 2010 round, census 2010. FAO flag A: Official figure. FAO's note: UAA",,,100-200
farms.faostat-wcad.area-by-land-size,NLD,2020,484690.0,,,,final,"WCA 2020 round, census 2020. FAO flag A: Official figure. FAO's note: UAA",,,100-200
farms.faostat-wcad.area-by-land-size,NOR,1929,63601.0,,,,final,"WCA 1930 round, census 1929. FAO flag A: Official figure. FAO's note: Figure does not include 4386 ha of holdings in towns and cities, 1893 ha of Meadow outside of rotation and 140 029 ha of cultivatable land.",,,0-1
farms.faostat-wcad.area-by-land-size,NOR,1949,254935.73,,,,final,"WCA 1950 round, census 1949. FAO flag I: Value imputed by a receiving agency. FAO's note: Includes 4 403 holdings without agricultural land having total area of 4.262 haectares",,,0-1
farms.faostat-wcad.area-by-land-size,NOR,1959,115110.0,,,,final,"WCA 1960 round, census 1959. FAO flag A: Official figure.",,,0-1
farms.faostat-wcad.area-by-land-size,NOR,1969,119164.44,,,,final,"WCA 1970 round, census 1969. FAO flag I: Value imputed by a receiving agency.",,,0-1
farms.faostat-wcad.area-by-land-size,NOR,1979,5217.0,,,,final,"WCA 1980 round, census 1979. FAO flag A: Official figure.",,,0-1
farms.faostat-wcad.area-by-land-size,NOR,1989,2809.0,,,,final,"WCA 1990 round, census 1989. FAO flag A: Official figure. FAO's note: Agricultural area",,,0-1
farms.faostat-wcad.area-by-land-size,NOR,1999,338.0,,,,final,"WCA 2000 round, census 1999. FAO flag A: Official figure. FAO's note: Agricultural area",,,0-1
farms.faostat-wcad.area-by-land-size,NOR,2010,329.0,,,,final,"WCA 2010 round, census 2010. FAO flag I: Value imputed by a receiving agency. FAO's note: UAA",,,0-1
farms.faostat-wcad.area-by-land-size,NOR,2020,433.65,,,,final,"WCA 2020 round, census 2020. FAO flag I: Value imputed by a receiving agency.",,,0-1
farms.faostat-wcad.area-by-land-size,NOR,1929,134870.0,,,,final,"WCA 1930 round, census 1929. FAO flag A: Official figure. FAO's note: Figure does not include 4386 ha of holdings in towns and cities, 1893 ha of Meadow outside of rotation and 140 029 ha of cultivatable land.",,,1-2
farms.faostat-wcad.area-by-land-size,NOR,1949,849817.89,,,,final,"WCA 1950 round, census 1949. FAO flag I: Value imputed by a receiving agency.",,,1-2
farms.faostat-wcad.area-by-land-size,NOR,1959,488050.0,,,,final,"WCA 1960 round, census 1959. FAO flag A: Official figure.",,,1-2
farms.faostat-wcad.area-by-land-size,NOR,1969,335286.56,,,,final,"WCA 1970 round, census 1969. FAO flag I: Value imputed by a receiving agency.",,,1-2
farms.faostat-wcad.area-by-land-size,NOR,1979,22891.0,,,,final,"WCA 1980 round, census 1979. FAO flag A: Official figure.",,,1-2
farms.faostat-wcad.area-by-land-size,NOR,1989,12937.0,,,,final,"WCA 1990 round, census 1989. FAO flag A: Official figure. FAO's note: Agricultural area",,,1-2
farms.faostat-wcad.area-by-land-size,NOR,1999,3501.0,,,,final,"WCA 2000 round, census 1999. FAO flag A: Official figure. FAO's note: Agricultural area",,,1-2
farms.faostat-wcad.area-by-land-size,NOR,2010,671.0,,,,final,"WCA 2010 round, census 2010. FAO flag I: Value imputed by a receiving agency. FAO's note: UAA",,,1-2
farms.faostat-wcad.area-by-land-size,NOR,2020,726.35,,,,final,"WCA 2020 round, census 2020. FAO flag I: Value imputed by a receiving agency.",,,1-2
farms.faostat-wcad.area-by-land-size,NOR,2010,4200.0,,,,final,"WCA 2010 round, census 2010. FAO flag I: Value imputed by a receiving agency. FAO's note: UAA",,,2-3
farms.faostat-wcad.area-by-land-size,NOR,2010,4178.0,,,,final,"WCA 2010 round, census 2010. FAO flag I: Value imputed by a receiving agency. FAO's note: UAA",,,3-4
farms.faostat-wcad.area-by-land-size,NOR,2010,4012.0,,,,final,"WCA 2010 round, census 2010. FAO flag I: Value imputed by a receiving agency. FAO's note: UAA",,,4-5
farms.faostat-wcad.area-by-land-size,NOR,1929,443417.0,,,,final,"WCA 1930 round, census 1929. FAO flag A: Official figure. FAO's note: Figure does not include 4386 ha of holdings in towns and cities, 1893 ha of Meadow outside of rotation and 140 029 ha of cultivatable land.",,,2-5
farms.faostat-wcad.area-by-land-size,NOR,1949,1610777.59,,,,final,"WCA 1950 round, census 1949. FAO flag I: Value imputed by a receiving agency.",,,2-5
farms.faostat-wcad.area-by-land-size,NOR,1959,2460103.0,,,,final,"WCA 1960 round, census 1959. FAO flag A: Official figure.",,,2-5
farms.faostat-wcad.area-by-land-size,NOR,1969,2179525.0,,,,final,"WCA 1970 round, census 1969. FAO flag A: Official figure.",,,2-5
farms.faostat-wcad.area-by-land-size,NOR,1979,123183.0,,,,final,"WCA 1980 round, census 1979. FAO flag A: Official figure.",,,2-5
farms.faostat-wcad.area-by-land-size,NOR,1989,77325.0,,,,final,"WCA 1990 round, census 1989. FAO flag A: Official figure. FAO's note: Agricultural area",,,2-5
farms.faostat-wcad.area-by-land-size,NOR,1999,37800.0,,,,final,"WCA 2000 round, census 1999. FAO flag A: Official figure. FAO's note: Agricultural area",,,2-5
farms.faostat-wcad.area-by-land-size,NOR,2020,11350.0,,,,final,"WCA 2020 round, census 2020. FAO flag A: Official figure.",,,2-5
farms.faostat-wcad.area-by-land-size,NOR,1929,421593.0,,,,final,"WCA 1930 round, census 1929. FAO flag A: Official figure. FAO's note: Figure does not include 4386 ha of holdings in towns and cities, 1893 ha of Meadow outside of rotation and 140 029 ha of cultivatable land.",,,5-10
farms.faostat-wcad.area-by-land-size,NOR,1949,2165688.56,,,,final,"WCA 1950 round, census 1949. FAO flag I: Value imputed by a receiving agency.",,,5-10
farms.faostat-wcad.area-by-land-size,NOR,1959,2395679.0,,,,final,"WCA 1960 round, census 1959. FAO flag A: Official figure.",,,5-10
farms.faostat-wcad.area-by-land-size,NOR,1969,2810212.0,,,,final,"WCA 1970 round, census 1969. FAO flag A: Official figure.",,,5-10
farms.faostat-wcad.area-by-land-size,NOR,1979,228755.0,,,,final,"WCA 1980 round, census 1979. FAO flag A: Official figure.",,,5-10
farms.faostat-wcad.area-by-land-size,NOR,1989,177475.0,,,,final,"WCA 1990 round, census 1989. FAO flag A: Official figure. FAO's note: Agricultural area",,,5-10
farms.faostat-wcad.area-by-land-size,NOR,1999,121246.0,,,,final,"WCA 2000 round, census 1999. FAO flag A: Official figure. FAO's note: Agricultural area",,,5-10
farms.faostat-wcad.area-by-land-size,NOR,2010,60470.0,,,,final,"WCA 2010 round, census 2010. FAO flag A: Official figure. FAO's note: UAA",,,5-10
farms.faostat-wcad.area-by-land-size,NOR,2020,47290.0,,,,final,"WCA 2020 round, census 2020. FAO flag A: Official figure.",,,5-10
farms.faostat-wcad.area-by-land-size,NOR,1929,303211.0,,,,final,"WCA 1930 round, census 1929. FAO flag A: Official figure. FAO's note: Figure does not include 4386 ha of holdings in towns and cities, 1893 ha of Meadow outside of rotation and 140 029 ha of cultivatable land.",,,10-20
farms.faostat-wcad.area-by-land-size,NOR,1949,1357702.97,,,,final,"WCA 1950 round, census 1949. FAO flag I: Value imputed by a receiving agency.",,,10-20
farms.faostat-wcad.area-by-land-size,NOR,1959,1210341.0,,,,final,"WCA 1960 round, census 1959. FAO flag A: Official figure.",,,10-20
farms.faostat-wcad.area-by-land-size,NOR,1969,1516856.0,,,,final,"WCA 1970 round, census 1969. FAO flag A: Official figure.",,,10-20
farms.faostat-wcad.area-by-land-size,NOR,1979,296390.0,,,,final,"WCA 1980 round, census 1979. FAO flag A: Official figure.",,,10-20
farms.faostat-wcad.area-by-land-size,NOR,1989,355193.0,,,,final,"WCA 1990 round, census 1989. FAO flag A: Official figure. FAO's note: Agricultural area",,,10-20
farms.faostat-wcad.area-by-land-size,NOR,1999,322217.0,,,,final,"WCA 2000 round, census 1999. FAO flag A: Official figure. FAO's note: Agricultural area",,,10-20
farms.faostat-wcad.area-by-land-size,NOR,2010,197200.0,,,,final,"WCA 2010 round, census 2010. FAO flag A: Official figure. FAO's note: UAA",,,10-20
farms.faostat-wcad.area-by-land-size,NOR,2020,142110.0,,,,final,"WCA 2020 round, census 2020. FAO flag A: Official figure.",,,10-20
farms.faostat-wcad.area-by-land-size,NOR,1929,180450.0,,,,final,"WCA 1930 round, census 1929. FAO flag A: Official figure. FAO's note: Figure does not include 4386 ha of holdings in towns and cities, 1893 ha of Meadow outside of rotation and 140 029 ha of cultivatable land.",,,20-50
farms.faostat-wcad.area-by-land-size,NOR,1949,656074.53,,,,final,"WCA 1950 round, census 1949. FAO flag I: Value imputed by a receiving agency.",,,20-50
farms.faostat-wcad.area-by-land-size,NOR,1959,551338.0,,,,final,"WCA 1960 round, census 1959. FAO flag A: Official figure.",,,20-50
farms.faostat-wcad.area-by-land-size,NOR,1969,665779.0,,,,final,"WCA 1970 round, census 1969. FAO flag A: Official figure.",,,20-50
farms.faostat-wcad.area-by-land-size,NOR,1979,179267.95,,,,final,"WCA 1980 round, census 1979. FAO flag I: Value imputed by a receiving agency.",,,20-50
farms.faostat-wcad.area-by-land-size,NOR,1989,307374.0,,,,final,"WCA 1990 round, census 1989. FAO flag A: Official figure. FAO's note: Agricultural area",,,20-50
farms.faostat-wcad.area-by-land-size,NOR,1999,444725.0,,,,final,"WCA 2000 round, census 1999. FAO flag A: Official figure. FAO's note: Agricultural area",,,20-50
farms.faostat-wcad.area-by-land-size,NOR,2010,465420.0,,,,final,"WCA 2010 round, census 2010. FAO flag A: Official figure. FAO's note: UAA",,,20-50
farms.faostat-wcad.area-by-land-size,NOR,2020,381490.0,,,,final,"WCA 2020 round, census 2020. FAO flag A: Official figure.",,,20-50
farms.faostat-wcad.area-by-land-size,NOR,1929,26239.0,,,,final,"WCA 1930 round, census 1929. FAO flag A: Official figure. FAO's note: Figure does not include 4386 ha of holdings in towns and cities, 1893 ha of Meadow outside of rotation and 140 029 ha of cultivatable land.",,,50-100
farms.faostat-wcad.area-by-land-size,NOR,1949,129835.89,,,,final,"WCA 1950 round, census 1949. FAO flag I: Value imputed by a receiving agency.",,,50-100
farms.faostat-wcad.area-by-land-size,NOR,1959,126413.0,,,,final,"WCA 1960 round, census 1959. FAO flag A: Official figure.",,,50-100
farms.faostat-wcad.area-by-land-size,NOR,1969,145268.0,,,,final,"WCA 1970 round, census 1969. FAO flag A: Official figure.",,,50-100
farms.faostat-wcad.area-by-land-size,NOR,1979,97824.05,,,,final,"WCA 1980 round, census 1979. FAO flag I: Value imputed by a receiving agency.",,,50-100
farms.faostat-wcad.area-by-land-size,NOR,1989,50155.0,,,,final,"WCA 1990 round, census 1989. FAO flag A: Official figure. FAO's note: Agricultural area",,,50-100
farms.faostat-wcad.area-by-land-size,NOR,1999,91889.0,,,,final,"WCA 2000 round, census 1999. FAO flag A: Official figure. FAO's note: Agricultural area",,,50-100
farms.faostat-wcad.area-by-land-size,NOR,2010,199800.0,,,,final,"WCA 2010 round, census 2010. FAO flag A: Official figure. FAO's note: UAA",,,50-100
farms.faostat-wcad.area-by-land-size,NOR,2020,266590.0,,,,final,"WCA 2020 round, census 2020. FAO flag A: Official figure.",,,50-100
farms.faostat-wcad.area-by-land-size,NOR,1929,4718.0,,,,final,"WCA 1930 round, census 1929. FAO flag A: Official figure. FAO's note: Figure does not include 4386 ha of holdings in towns and cities, 1893 ha of Meadow outside of rotation and 140 029 ha of cultivatable land.",,,100-200
farms.faostat-wcad.area-by-land-size,NOR,1949,28061.84,,,,final,"WCA 1950 round, census 1949. FAO flag I: Value imputed by a receiving agency.",,,100-200
farms.faostat-wcad.area-by-land-size,NOR,1959,22072.0,,,,final,"WCA 1960 round, census 1959. FAO flag A: Official figure.",,,100-200
farms.faostat-wcad.area-by-land-size,NOR,1989,7809.0,,,,final,"WCA 1990 round, census 1989. FAO flag A: Official figure. FAO's note: Agricultural area",,,100-200
farms.faostat-wcad.area-by-land-size,NOR,1999,14766.0,,,,final,"WCA 2000 round, census 1999. FAO flag A: Official figure. FAO's note: Agricultural area",,,100-200
farms.faostat-wcad.area-by-land-size,NOR,2010,69660.0,,,,final,"WCA 2010 round, census 2010. FAO flag A: Official figure. FAO's note: UAA",,,100-200
farms.faostat-wcad.area-by-land-size,NOR,2020,132800.0,,,,final,"WCA 2020 round, census 2020. FAO flag A: Official figure.",,,100-200
farms.faostat-wcad.area-by-land-size,NOR,1999,1765.0,,,,final,"WCA 2000 round, census 1999. FAO flag A: Official figure. FAO's note: Agricultural area",,,200-500
farms.faostat-wcad.area-by-land-size,NPL,1982,426929.0,,,,final,"WCA 1980 round, census 1982. FAO flag A: Official figure.",,,0-1
farms.faostat-wcad.area-by-land-size,NPL,1992,793454.0,,,,final,"WCA 1990 round, census 1992. FAO flag A: Official figure.",,,0-1
farms.faostat-wcad.area-by-land-size,NPL,2002,1031944.0,,,,final,"WCA 2000 round, census 2002. FAO flag A: Official figure.",,,0-1
farms.faostat-wcad.area-by-land-size,NPL,2011/2012,1183139.0,,,,final,"WCA 2010 round, census 2011/12. FAO flag A: Official figure.",,,0-1
farms.faostat-wcad.area-by-land-size,NPL,2021,1260202.2,,,,final,"WCA 2020 round, census 2021. FAO flag A: Official figure.",,,0-1
farms.faostat-wcad.area-by-land-size,NPL,1982,490413.0,,,,final,"WCA 1980 round, census 1982. FAO flag A: Official figure.",,,1-2
farms.faostat-wcad.area-by-land-size,NPL,1992,716532.0,,,,final,"WCA 1990 round, census 1992. FAO flag A: Official figure.",,,1-2
farms.faostat-wcad.area-by-land-size,NPL,2002,791965.0,,,,final,"WCA 2000 round, census 2002. FAO flag A: Official figure.",,,1-2
farms.faostat-wcad.area-by-land-size,NPL,2011/2012,749810.0,,,,final,"WCA 2010 round, census 2011/12. FAO flag A: Official figure.",,,1-2
farms.faostat-wcad.area-by-land-size,NPL,2021,576346.8,,,,final,"WCA 2020 round, census 2021. FAO flag A: Official figure.",,,1-2
farms.faostat-wcad.area-by-land-size,NPL,2011/2012,308568.0,,,,final,"WCA 2010 round, census 2011/12. FAO flag A: Official figure.",,,2-3
farms.faostat-wcad.area-by-land-size,NPL,2011/2012,134353.0,,,,final,"WCA 2010 round, census 2011/12. FAO flag A: Official figure.",,,3-4
farms.faostat-wcad.area-by-land-size,NPL,2011/2012,65365.0,,,,final,"WCA 2010 round, census 2011/12. FAO flag A: Official figure.",,,4-5
farms.faostat-wcad.area-by-land-size,NPL,1982,835262.0,,,,final,"WCA 1980 round, census 1982. FAO flag A: Official figure.",,,2-5
farms.faostat-wcad.area-by-land-size,NPL,1992,728316.0,,,,final,"WCA 1990 round, census 1992. FAO flag A: Official figure.",,,2-5
farms.faostat-wcad.area-by-land-size,NPL,2002,636171.0,,,,final,"WCA 2000 round, census 2002. FAO flag A: Official figure.",,,2-5
farms.faostat-wcad.area-by-land-size,NPL,2021,315399.1,,,,final,"WCA 2020 round, census 2021. FAO flag A: Official figure.",,,2-5
farms.faostat-wcad.area-by-land-size,NPL,1982,388679.0,,,,final,"WCA 1980 round, census 1982. FAO flag A: Official figure.",,,5-10
farms.faostat-wcad.area-by-land-size,NPL,1992,209338.0,,,,final,"WCA 1990 round, census 1992. FAO flag A: Official figure.",,,5-10
farms.faostat-wcad.area-by-land-size,NPL,2002,139750.0,,,,final,"WCA 2000 round, census 2002. FAO flag A: Official figure.",,,5-10
farms.faostat-wcad.area-by-land-size,NPL,2011/2012,69177.0,,,,final,"WCA 2010 round, census 2011/12. FAO flag A: Official figure.",,,5-10
farms.faostat-wcad.area-by-land-size,NPL,2021,44892.9,,,,final,"WCA 2020 round, census 2021. FAO flag A: Official figure.",,,5-10
farms.faostat-wcad.area-by-land-size,NPL,1982,322434.0,,,,final,"WCA 1980 round, census 1982. FAO flag A: Official figure.",,,10-20
farms.faostat-wcad.area-by-land-size,NPL,1992,151331.0,,,,final,"WCA 1990 round, census 1992. FAO flag A: Official figure.",,,10-20
farms.faostat-wcad.area-by-land-size,NPL,2002,54207.0,,,,final,"WCA 2000 round, census 2002. FAO flag A: Official figure.",,,10-20
farms.faostat-wcad.area-by-land-size,NPL,2011/2012,15227.0,,,,final,"WCA 2010 round, census 2011/12. FAO flag A: Official figure.",,,10-20
farms.faostat-wcad.area-by-land-size,NPL,2021,13156.1,,,,final,"WCA 2020 round, census 2021. FAO flag A: Official figure.",,,10-20
farms.faostat-wcad.area-by-land-size,NZL,1930,2655.0,,,,final,"WCA 1930 round, census 1930. FAO flag I: Value imputed by a receiving agency.",,,0-1
farms.faostat-wcad.area-by-land-size,NZL,1950,1797.63,,,,final,"WCA 1950 round, census 1950. FAO flag I: Value imputed by a receiving agency.",,,0-1
farms.faostat-wcad.area-by-land-size,NZL,1972,1569.75,,,,final,"WCA 1970 round, census 1972. FAO flag I: Value imputed by a receiving agency.",,,0-1
farms.faostat-wcad.area-by-land-size,NZL,2017,371.7,,,,final,"WCA 2020 round, census 2017. FAO flag A: Official figure.",,,0-1
farms.faostat-wcad.area-by-land-size,NZL,1930,5119.0,,,,final,"WCA 1930 round, census 1930. FAO flag I: Value imputed by a receiving agency.",,,1-2
farms.faostat-wcad.area-by-land-size,NZL,1950,8264.74,,,,final,"WCA 1950 round, census 1950. FAO flag I: Value imputed by a receiving agency.",,,1-2
farms.faostat-wcad.area-by-land-size,NZL,1972,1973.6,,,,final,"WCA 1970 round, census 1972. FAO flag I: Value imputed by a receiving agency.",,,1-2
farms.faostat-wcad.area-by-land-size,NZL,1980,22297.0,,,,final,"WCA 1980 round, census 1980. FAO flag A: Official figure.",,,1-2
farms.faostat-wcad.area-by-land-size,NZL,2017,1669.1,,,,final,"WCA 2020 round, census 2017. FAO flag A: Official figure.",,,1-2
farms.faostat-wcad.area-by-land-size,NZL,1930,23510.0,,,,final,"WCA 1930 round, census 1930. FAO flag I: Value imputed by a receiving agency.",,,2-5
farms.faostat-wcad.area-by-land-size,NZL,1950,22370.71,,,,final,"WCA 1950 round, census 1950. FAO flag I: Value imputed by a receiving agency.",,,2-5
farms.faostat-wcad.area-by-land-size,NZL,1959/1960,7774.0,,,,final,"WCA 1960 round, census 1959/60. FAO flag A: Official figure.",,,2-5
farms.faostat-wcad.area-by-land-size,NZL,1972,5556.65,,,,final,"WCA 1970 round, census 1972. FAO flag I: Value imputed by a receiving agency.",,,2-5
farms.faostat-wcad.area-by-land-size,NZL,1980,40086.0,,,,final,"WCA 1980 round, census 1980. FAO flag A: Official figure.",,,2-5
farms.faostat-wcad.area-by-land-size,NZL,2017,17693.4,,,,final,"WCA 2020 round, census 2017. FAO flag A: Official figure.",,,2-5
farms.faostat-wcad.area-by-land-size,NZL,1930,39435.0,,,,final,"WCA 1930 round, census 1930. FAO flag I: Value imputed by a receiving agency.",,,5-10
farms.faostat-wcad.area-by-land-size,NZL,1950,37699.74,,,,final,"WCA 1950 round, census 1950. FAO flag I: Value imputed by a receiving agency.",,,5-10
farms.faostat-wcad.area-by-land-size,NZL,1959/1960,31401.0,,,,final,"WCA 1960 round, census 1959/60. FAO flag A: Official figure.",,,5-10
farms.faostat-wcad.area-by-land-size,NZL,1972,19902.0,,,,final,"WCA 1970 round, census 1972. FAO flag A: Official figure.",,,5-10
farms.faostat-wcad.area-by-land-size,NZL,1980,70361.0,,,,final,"WCA 1980 round, census 1980. FAO flag A: Official figure.",,,5-10
farms.faostat-wcad.area-by-land-size,NZL,2017,39985.0,,,,final,"WCA 2020 round, census 2017. FAO flag A: Official figure.",,,5-10
farms.faostat-wcad.area-by-land-size,NZL,1930,93164.0,,,,final,"WCA 1930 round, census 1930. FAO flag I: Value imputed by a receiving agency.",,,10-20
farms.faostat-wcad.area-by-land-size,NZL,1950,94434.75,,,,final,"WCA 1950 round, census 1950. FAO flag I: Value imputed by a receiving agency.",,,10-20
farms.faostat-wcad.area-by-land-size,NZL,1959/1960,82134.0,,,,final,"WCA 1960 round, census 1959/60. FAO flag A: Official figure.",,,10-20
farms.faostat-wcad.area-by-land-size,NZL,1972,47916.0,,,,final,"WCA 1970 round, census 1972. FAO flag A: Official figure.",,,10-20
farms.faostat-wcad.area-by-land-size,NZL,1980,372934.0,,,,final,"WCA 1980 round, census 1980. FAO flag A: Official figure.",,,10-20
farms.faostat-wcad.area-by-land-size,NZL,2017,74245.9,,,,final,"WCA 2020 round, census 2017. FAO flag A: Official figure.",,,10-20
farms.faostat-wcad.area-by-land-size,NZL,1930,561865.0,,,,final,"WCA 1930 round, census 1930. FAO flag I: Value imputed by a receiving agency.",,,20-50
farms.faostat-wcad.area-by-land-size,NZL,1950,739023.04,,,,final,"WCA 1950 round, census 1950. FAO flag I: Value imputed by a receiving agency.",,,20-50
farms.faostat-wcad.area-by-land-size,NZL,1959/1960,656601.0,,,,final,"WCA 1960 round, census 1959/60. FAO flag A: Official figure.",,,20-50
farms.faostat-wcad.area-by-land-size,NZL,1972,394860.0,,,,final,"WCA 1970 round, census 1972. FAO flag A: Official figure.",,,20-50
farms.faostat-wcad.area-by-land-size,NZL,1980,952713.0,,,,final,"WCA 1980 round, census 1980. FAO flag A: Official figure.",,,20-50
farms.faostat-wcad.area-by-land-size,NZL,2017,205609.3,,,,final,"WCA 2020 round, census 2017. FAO flag A: Official figure.",,,20-50
farms.faostat-wcad.area-by-land-size,NZL,1930,1040849.0,,,,final,"WCA 1930 round, census 1930. FAO flag I: Value imputed by a receiving agency.",,,50-100
farms.faostat-wcad.area-by-land-size,NZL,1950,1132691.91,,,,final,"WCA 1950 round, census 1950. FAO flag I: Value imputed by a receiving agency.",,,50-100
farms.faostat-wcad.area-by-land-size,NZL,1959/1960,1251451.0,,,,final,"WCA 1960 round, census 1959/60. FAO flag A: Official figure.",,,50-100
farms.faostat-wcad.area-by-land-size,NZL,1972,1016218.0,,,,final,"WCA 1970 round, census 1972. FAO flag A: Official figure.",,,50-100
farms.faostat-wcad.area-by-land-size,NZL,1980,1676236.0,,,,final,"WCA 1980 round, census 1980. FAO flag A: Official figure.",,,50-100
farms.faostat-wcad.area-by-land-size,NZL,2017,454289.0,,,,final,"WCA 2020 round, census 2017. FAO flag A: Official figure.",,,50-100
farms.faostat-wcad.area-by-land-size,NZL,1930,1633253.0,,,,final,"WCA 1930 round, census 1930. FAO flag I: Value imputed by a receiving agency.",,,100-200
farms.faostat-wcad.area-by-land-size,NZL,1950,1754165.08,,,,final,"WCA 1950 round, census 1950. FAO flag I: Value imputed by a receiving agency.",,,100-200
farms.faostat-wcad.area-by-land-size,NZL,1959/1960,1948504.0,,,,final,"WCA 1960 round, census 1959/60. FAO flag A: Official figure.",,,100-200
farms.faostat-wcad.area-by-land-size,NZL,1972,1786145.0,,,,final,"WCA 1970 round, census 1972. FAO flag A: Official figure.",,,100-200
farms.faostat-wcad.area-by-land-size,NZL,1980,2625753.0,,,,final,"WCA 1980 round, census 1980. FAO flag A: Official figure.",,,100-200
farms.faostat-wcad.area-by-land-size,NZL,2017,1131830.3,,,,final,"WCA 2020 round, census 2017. FAO flag A: Official figure.",,,100-200
farms.faostat-wcad.area-by-land-size,NZL,1930,2948487.0,,,,final,"WCA 1930 round, census 1930. FAO flag I: Value imputed by a receiving agency.",,,200-500
farms.faostat-wcad.area-by-land-size,NZL,1950,2906239.17,,,,final,"WCA 1950 round, census 1950. FAO flag I: Value imputed by a receiving agency.",,,200-500
farms.faostat-wcad.area-by-land-size,NZL,1959/1960,3053394.0,,,,final,"WCA 1960 round, census 1959/60. FAO flag A: Official figure.",,,200-500
farms.faostat-wcad.area-by-land-size,NZL,1972,3313200.5,,,,final,"WCA 1970 round, census 1972. FAO flag I: Value imputed by a receiving agency.",,,200-500
farms.faostat-wcad.area-by-land-size,NZL,1980,3114194.0,,,,final,"WCA 1980 round, census 1980. FAO flag A: Official figure.",,,200-500
farms.faostat-wcad.area-by-land-size,NZL,2017,2672009.9,,,,final,"WCA 2020 round, census 2017. FAO flag A: Official figure.",,,200-500
farms.faostat-wcad.area-by-land-size,NZL,1930,2081276.0,,,,final,"WCA 1930 round, census 1930. FAO flag I: Value imputed by a receiving agency.",,,500-1000
farms.faostat-wcad.area-by-land-size,NZL,1950,2032132.86,,,,final,"WCA 1950 round, census 1950. FAO flag I: Value imputed by a receiving agency.",,,500-1000
farms.faostat-wcad.area-by-land-size,NZL,1959/1960,2142972.0,,,,final,"WCA 1960 round, census 1959/60. FAO flag A: Official figure.",,,500-1000
farms.faostat-wcad.area-by-land-size,NZL,1972,2219789.5,,,,final,"WCA 1970 round, census 1972. FAO flag I: Value imputed by a receiving agency.",,,500-1000
farms.faostat-wcad.area-by-land-size,NZL,1980,12362725.0,,,,final,"WCA 1980 round, census 1980. FAO flag A: Official figure.",,,500-1000
farms.faostat-wcad.area-by-land-size,NZL,2017,2111657.6,,,,final,"WCA 2020 round, census 2017. FAO flag A: Official figure.",,,500-1000
farms.faostat-wcad.area-by-land-size,NZL,1930,9121073.0,,,,final,"WCA 1930 round, census 1930. FAO flag I: Value imputed by a receiving agency.",,,1000-plus
farms.faostat-wcad.area-by-land-size,NZL,1950,8736489.37,,,,final,"WCA 1950 round, census 1950. FAO flag I: Value imputed by a receiving agency.",,,1000-plus
farms.faostat-wcad.area-by-land-size,NZL,1959/1960,8639336.0,,,,final,"WCA 1960 round, census 1959/60. FAO flag A: Official figure.",,,1000-plus
farms.faostat-wcad.area-by-land-size,NZL,1972,10223238.0,,,,final,"WCA 1970 round, census 1972. FAO flag I: Value imputed by a receiving agency.",,,1000-plus
farms.faostat-wcad.area-by-land-size,NZL,2017,7191046.0,,,,final,"WCA 2020 round, census 2017. FAO flag A: Official figure.",,,1000-plus
farms.faostat-wcad.area-by-land-size,OMN,2012/2013,17762.0,,,,final,"WCA 2010 round, census 2012/13. FAO flag A: Official figure.",,,0-1
farms.faostat-wcad.area-by-land-size,OMN,2012/2013,18863.0,,,,final,"WCA 2010 round, census 2012/13. FAO flag A: Official figure.",,,1-2
farms.faostat-wcad.area-by-land-size,OMN,2012/2013,10224.0,,,,final,"WCA 2010 round, census 2012/13. FAO flag I: Value imputed by a receiving agency.",,,2-3
farms.faostat-wcad.area-by-land-size,OMN,2012/2013,8671.0,,,,final,"WCA 2010 round, census 2012/13. FAO flag I: Value imputed by a receiving agency.",,,3-4
farms.faostat-wcad.area-by-land-size,OMN,2012/2013,7431.0,,,,final,"WCA 2010 round, census 2012/13. FAO flag I: Value imputed by a receiving agency.",,,4-5
farms.faostat-wcad.area-by-land-size,OMN,2012/2013,30308.0,,,,final,"WCA 2010 round, census 2012/13. FAO flag A: Official figure.",,,5-10
farms.faostat-wcad.area-by-land-size,OMN,2012/2013,17721.0,,,,final,"WCA 2010 round, census 2012/13. FAO flag A: Official figure.",,,10-20
farms.faostat-wcad.area-by-land-size,OMN,2012/2013,10943.0,,,,final,"WCA 2010 round, census 2012/13. FAO flag A: Official figure.",,,20-50
farms.faostat-wcad.area-by-land-size,OMN,2012/2013,27183.0,,,,final,"WCA 2010 round, census 2012/13. FAO flag A: Official figure.",,,50-100
farms.faostat-wcad.area-by-land-size,PAK,1960,679794.0,,,,final,"WCA 1960 round, census 1960. FAO flag A: Official figure.",,,0-1
farms.faostat-wcad.area-by-land-size,PAK,1972,267658.0,,,,final,"WCA 1970 round, census 1972. FAO flag A: Official figure.",,,0-1
farms.faostat-wcad.area-by-land-size,PAK,1980,370640.0,,,,final,"WCA 1980 round, census 1980. FAO flag A: Official figure. FAO's note: 192 number and 49 995 ha of Governmet holdings were not classified by size.",,,0-1
farms.faostat-wcad.area-by-land-size,PAK,1990,703523.0,,,,final,"WCA 1990 round, census 1990. FAO flag A: Official figure. FAO's note: Data by size exclude 149 Government holdings with 49 995 Ha.",,,0-1
farms.faostat-wcad.area-by-land-size,PAK,2000,1183789.0,,,,final,"WCA 2000 round, census 2000. FAO flag I: Value imputed by a receiving agency. FAO's note: Excluding 170 Government Holdings with 30772 ha. not classified by size of holding",,,0-1
farms.faostat-wcad.area-by-land-size,PAK,2010,1689511.0,,,,final,"WCA 2010 round, census 2010. FAO flag A: Official figure.",,,0-1
farms.faostat-wcad.area-by-land-size,PAK,1960,1178067.0,,,,final,"WCA 1960 round, census 1960. FAO flag A: Official figure.",,,1-2
farms.faostat-wcad.area-by-land-size,PAK,1972,769454.0,,,,final,"WCA 1970 round, census 1972. FAO flag A: Official figure.",,,1-2
farms.faostat-wcad.area-by-land-size,PAK,1980,972766.0,,,,final,"WCA 1980 round, census 1980. FAO flag A: Official figure. FAO's note: 192 number and 49 995 ha of Governmet holdings were not classified by size.",,,1-2
farms.faostat-wcad.area-by-land-size,PAK,1990,1446796.0,,,,final,"WCA 1990 round, census 1990. FAO flag A: Official figure. FAO's note: Data by size exclude 149 Government holdings with 49 995 Ha.",,,1-2
farms.faostat-wcad.area-by-land-size,PAK,2000,1981277.0,,,,final,"WCA 2000 round, census 2000. FAO flag A: Official figure. FAO's note: Excluding 170 Government Holdings with 30772 ha. not classified by size of holding",,,1-2
farms.faostat-wcad.area-by-land-size,PAK,2010,2431810.0,,,,final,"WCA 2010 round, census 2010. FAO flag A: Official figure.",,,1-2
farms.faostat-wcad.area-by-land-size,PAK,2010,2334005.0,,,,final,"WCA 2010 round, census 2010. FAO flag I: Value imputed by a receiving agency.",,,2-3
farms.faostat-wcad.area-by-land-size,PAK,2010,2039093.0,,,,final,"WCA 2010 round, census 2010. FAO flag I: Value imputed by a receiving agency.",,,3-4
farms.faostat-wcad.area-by-land-size,PAK,2010,1785933.0,,,,final,"WCA 2010 round, census 2010. FAO flag I: Value imputed by a receiving agency.",,,4-5
farms.faostat-wcad.area-by-land-size,PAK,1960,4412101.0,,,,final,"WCA 1960 round, census 1960. FAO flag A: Official figure.",,,2-5
farms.faostat-wcad.area-by-land-size,PAK,1972,4853895.45,,,,final,"WCA 1970 round, census 1972. FAO flag I: Value imputed by a receiving agency.",,,2-5
farms.faostat-wcad.area-by-land-size,PAK,1980,5192935.0,,,,final,"WCA 1980 round, census 1980. FAO flag A: Official figure. FAO's note: 192 number and 49 995 ha of Governmet holdings were not classified by size.",,,2-5
farms.faostat-wcad.area-by-land-size,PAK,1990,5283232.0,,,,final,"WCA 1990 round, census 1990. FAO flag A: Official figure. FAO's note: Data by size exclude 149 Government holdings with 49 995 Ha.",,,2-5
farms.faostat-wcad.area-by-land-size,PAK,2000,5699287.0,,,,final,"WCA 2000 round, census 2000. FAO flag I: Value imputed by a receiving agency. FAO's note: Excluding 170 Government Holdings with 30772 ha. not classified by size of holding",,,2-5
farms.faostat-wcad.area-by-land-size,PAK,1960,5071862.0,,,,final,"WCA 1960 round, census 1960. FAO flag A: Official figure.",,,5-10
farms.faostat-wcad.area-by-land-size,PAK,1972,5349777.99,,,,final,"WCA 1970 round, census 1972. FAO flag I: Value imputed by a receiving agency.",,,5-10
farms.faostat-wcad.area-by-land-size,PAK,1980,4703818.0,,,,final,"WCA 1980 round, census 1980. FAO flag A: Official figure. FAO's note: 192 number and 49 995 ha of Governmet holdings were not classified by size.",,,5-10
farms.faostat-wcad.area-by-land-size,PAK,1990,4134346.0,,,,final,"WCA 1990 round, census 1990. FAO flag A: Official figure. FAO's note: Data by size exclude 149 Government holdings with 49 995 Ha.",,,5-10
farms.faostat-wcad.area-by-land-size,PAK,2000,3891228.0,,,,final,"WCA 2000 round, census 2000. FAO flag A: Official figure. FAO's note: Excluding 170 Government Holdings with 30772 ha. not classified by size of holding",,,5-10
farms.faostat-wcad.area-by-land-size,PAK,2010,3793730.0,,,,final,"WCA 2010 round, census 2010. FAO flag A: Official figure.",,,5-10
farms.faostat-wcad.area-by-land-size,PAK,1960,8459000.0,,,,final,"WCA 1960 round, census 1960. FAO flag A: Official figure. FAO's note: 10 ha and over",,,10-20
farms.faostat-wcad.area-by-land-size,PAK,1972,3756118.77,,,,final,"WCA 1970 round, census 1972. FAO flag I: Value imputed by a receiving agency.",,,10-20
farms.faostat-wcad.area-by-land-size,PAK,1980,3392721.0,,,,final,"WCA 1980 round, census 1980. FAO flag A: Official figure. FAO's note: 192 number and 49 995 ha of Governmet holdings were not classified by size.",,,10-20
farms.faostat-wcad.area-by-land-size,PAK,1990,3032872.0,,,,final,"WCA 1990 round, census 1990. FAO flag A: Official figure. FAO's note: Data by size exclude 149 Government holdings with 49 995 Ha.",,,10-20
farms.faostat-wcad.area-by-land-size,PAK,2000,3324310.0,,,,final,"WCA 2000 round, census 2000. FAO flag A: Official figure. FAO's note: Excluding 170 Government Holdings with 30772 ha. not classified by size of holding",,,10-20
farms.faostat-wcad.area-by-land-size,PAK,2010,2723748.0,,,,final,"WCA 2010 round, census 2010. FAO flag A: Official figure.",,,10-20
farms.faostat-wcad.area-by-land-size,PAK,1972,2648668.97,,,,final,"WCA 1970 round, census 1972. FAO flag I: Value imputed by a receiving agency.",,,20-50
farms.faostat-wcad.area-by-land-size,PAK,1980,2443403.43,,,,final,"WCA 1980 round, census 1980. FAO flag I: Value imputed by a receiving agency. FAO's note: 196 number and 49 995 ha of Governmet holdings were not classified by size.",,,20-50
farms.faostat-wcad.area-by-land-size,PAK,1990,2279270.0,,,,final,"WCA 1990 round, census 1990. FAO flag A: Official figure. FAO's note: Data by size exclude 149 Government holdings with 49 995 Ha.",,,20-50
farms.faostat-wcad.area-by-land-size,PAK,2000,2355906.0,,,,final,"WCA 2000 round, census 2000. FAO flag I: Value imputed by a receiving agency. FAO's note: Excluding 170 Government Holdings with 30772 ha. not classified by size of holding",,,20-50
farms.faostat-wcad.area-by-land-size,PAK,2010,2007425.0,,,,final,"WCA 2010 round, census 2010. FAO flag I: Value imputed by a receiving agency.",,,20-50
farms.faostat-wcad.area-by-land-size,PAK,1972,2208737.82,,,,final,"WCA 1970 round, census 1972. FAO flag I: Value imputed by a receiving agency.",,,50-100
farms.faostat-wcad.area-by-land-size,PAK,1980,1982686.57,,,,final,"WCA 1980 round, census 1980. FAO flag I: Value imputed by a receiving agency. FAO's note: 196 number and 49 995 ha of Governmet holdings were not classified by size.",,,50-100
farms.faostat-wcad.area-by-land-size,PAK,1990,2269598.0,,,,final,"WCA 1990 round, census 1990. FAO flag A: Official figure. FAO's note: Data by size exclude 149 Government holdings with 49 995 Ha.",,,50-100
farms.faostat-wcad.area-by-land-size,PAK,2000,1970985.0,,,,final,"WCA 2000 round, census 2000. FAO flag I: Value imputed by a receiving agency. FAO's note: Excluding 170 Government Holdings with 30772 ha. not classified by size of holding",,,50-100
farms.faostat-wcad.area-by-land-size,PAK,2010,2607267.0,,,,final,"WCA 2010 round, census 2010. FAO flag I: Value imputed by a receiving agency.",,,50-100
farms.faostat-wcad.area-by-land-size,PAN,1960,2950.0,,,,final,"WCA 1960 round, census 1960. FAO flag A: Official figure.",,,0-1
farms.faostat-wcad.area-by-land-size,PAN,1971,5243.0,,,,final,"WCA 1970 round, census 1971. FAO flag A: Official figure.",,,0-1
farms.faostat-wcad.area-by-land-size,PAN,1981,11307.0,,,,final,"WCA 1980 round, census 1981. FAO flag A: Official figure.",,,0-1
farms.faostat-wcad.area-by-land-size,PAN,1990,15162.0,,,,final,"WCA 1990 round, census 1990. FAO flag A: Official figure.",,,0-1
farms.faostat-wcad.area-by-land-size,PAN,2001,17272.71,,,,final,"WCA 2000 round, census 2001. FAO flag I: Value imputed by a receiving agency.",,,0-1
farms.faostat-wcad.area-by-land-size,PAN,2011,14320.0,,,,final,"WCA 2010 round, census 2011. FAO flag A: Official figure.",,,0-1
farms.faostat-wcad.area-by-land-size,PAN,1960,16174.0,,,,final,"WCA 1960 round, census 1960. FAO flag A: Official figure.",,,1-2
farms.faostat-wcad.area-by-land-size,PAN,1971,16717.0,,,,final,"WCA 1970 round, census 1971. FAO flag A: Official figure.",,,1-2
farms.faostat-wcad.area-by-land-size,PAN,1981,20135.0,,,,final,"WCA 1980 round, census 1981. FAO flag A: Official figure.",,,1-2
farms.faostat-wcad.area-by-land-size,PAN,1990,27584.0,,,,final,"WCA 1990 round, census 1990. FAO flag A: Official figure.",,,1-2
farms.faostat-wcad.area-by-land-size,PAN,2001,27538.71,,,,final,"WCA 2000 round, census 2001. FAO flag I: Value imputed by a receiving agency.",,,1-2
farms.faostat-wcad.area-by-land-size,PAN,2011,31312.0,,,,final,"WCA 2010 round, census 2011. FAO flag A: Official figure.",,,1-2
farms.faostat-wcad.area-by-land-size,PAN,2011,35690.0,,,,final,"WCA 2010 round, census 2011. FAO flag A: Official figure.",,,2-3
farms.faostat-wcad.area-by-land-size,PAN,2011,32823.0,,,,final,"WCA 2010 round, census 2011. FAO flag A: Official figure.",,,3-4
farms.faostat-wcad.area-by-land-size,PAN,2011,28030.0,,,,final,"WCA 2010 round, census 2011. FAO flag A: Official figure.",,,4-5
farms.faostat-wcad.area-by-land-size,PAN,1960,76531.0,,,,final,"WCA 1960 round, census 1960. FAO flag A: Official figure.",,,2-5
farms.faostat-wcad.area-by-land-size,PAN,1971,55135.0,,,,final,"WCA 1970 round, census 1971. FAO flag A: Official figure.",,,2-5
farms.faostat-wcad.area-by-land-size,PAN,1981,57757.0,,,,final,"WCA 1980 round, census 1981. FAO flag A: Official figure.",,,2-5
farms.faostat-wcad.area-by-land-size,PAN,1990,79804.0,,,,final,"WCA 1990 round, census 1990. FAO flag A: Official figure.",,,2-5
farms.faostat-wcad.area-by-land-size,PAN,2001,76050.18,,,,final,"WCA 2000 round, census 2001. FAO flag I: Value imputed by a receiving agency.",,,2-5
farms.faostat-wcad.area-by-land-size,PAN,1960,117756.0,,,,final,"WCA 1960 round, census 1960. FAO flag A: Official figure.",,,5-10
farms.faostat-wcad.area-by-land-size,PAN,1971,89971.0,,,,final,"WCA 1970 round, census 1971. FAO flag A: Official figure.",,,5-10
farms.faostat-wcad.area-by-land-size,PAN,1981,91226.0,,,,final,"WCA 1980 round, census 1981. FAO flag A: Official figure.",,,5-10
farms.faostat-wcad.area-by-land-size,PAN,1990,103986.0,,,,final,"WCA 1990 round, census 1990. FAO flag A: Official figure.",,,5-10
farms.faostat-wcad.area-by-land-size,PAN,2001,101864.33,,,,final,"WCA 2000 round, census 2001. FAO flag I: Value imputed by a receiving agency.",,,5-10
farms.faostat-wcad.area-by-land-size,PAN,2011,130762.0,,,,final,"WCA 2010 round, census 2011. FAO flag A: Official figure.",,,5-10
farms.faostat-wcad.area-by-land-size,PAN,1960,192215.0,,,,final,"WCA 1960 round, census 1960. FAO flag A: Official figure.",,,10-20
farms.faostat-wcad.area-by-land-size,PAN,1971,182521.0,,,,final,"WCA 1970 round, census 1971. FAO flag A: Official figure.",,,10-20
farms.faostat-wcad.area-by-land-size,PAN,1981,178465.0,,,,final,"WCA 1980 round, census 1981. FAO flag A: Official figure.",,,10-20
farms.faostat-wcad.area-by-land-size,PAN,1990,196241.0,,,,final,"WCA 1990 round, census 1990. FAO flag A: Official figure.",,,10-20
farms.faostat-wcad.area-by-land-size,PAN,2001,199721.1,,,,final,"WCA 2000 round, census 2001. FAO flag I: Value imputed by a receiving agency.",,,10-20
farms.faostat-wcad.area-by-land-size,PAN,2011,232960.0,,,,final,"WCA 2010 round, census 2011. FAO flag A: Official figure.",,,10-20
farms.faostat-wcad.area-by-land-size,PAN,1960,354651.0,,,,final,"WCA 1960 round, census 1960. FAO flag A: Official figure.",,,20-50
farms.faostat-wcad.area-by-land-size,PAN,1971,415008.0,,,,final,"WCA 1970 round, census 1971. FAO flag A: Official figure.",,,20-50
farms.faostat-wcad.area-by-land-size,PAN,1981,407282.0,,,,final,"WCA 1980 round, census 1981. FAO flag A: Official figure.",,,20-50
farms.faostat-wcad.area-by-land-size,PAN,1990,486161.0,,,,final,"WCA 1990 round, census 1990. FAO flag A: Official figure.",,,20-50
farms.faostat-wcad.area-by-land-size,PAN,2001,484939.49,,,,final,"WCA 2000 round, census 2001. FAO flag I: Value imputed by a receiving agency.",,,20-50
farms.faostat-wcad.area-by-land-size,PAN,2011,485640.0,,,,final,"WCA 2010 round, census 2011. FAO flag A: Official figure.",,,20-50
farms.faostat-wcad.area-by-land-size,PAN,1960,284437.0,,,,final,"WCA 1960 round, census 1960. FAO flag A: Official figure.",,,50-100
farms.faostat-wcad.area-by-land-size,PAN,1971,363439.0,,,,final,"WCA 1970 round, census 1971. FAO flag A: Official figure.",,,50-100
farms.faostat-wcad.area-by-land-size,PAN,1981,390620.0,,,,final,"WCA 1980 round, census 1981. FAO flag A: Official figure.",,,50-100
farms.faostat-wcad.area-by-land-size,PAN,1990,522322.0,,,,final,"WCA 1990 round, census 1990. FAO flag A: Official figure.",,,50-100
farms.faostat-wcad.area-by-land-size,PAN,2001,493790.37,,,,final,"WCA 2000 round, census 2001. FAO flag I: Value imputed by a receiving agency.",,,50-100
farms.faostat-wcad.area-by-land-size,PAN,2011,474737.0,,,,final,"WCA 2010 round, census 2011. FAO flag A: Official figure.",,,50-100
farms.faostat-wcad.area-by-land-size,PAN,1960,200673.0,,,,final,"WCA 1960 round, census 1960. FAO flag A: Official figure.",,,100-200
farms.faostat-wcad.area-by-land-size,PAN,1971,252262.0,,,,final,"WCA 1970 round, census 1971. FAO flag A: Official figure.",,,100-200
farms.faostat-wcad.area-by-land-size,PAN,1981,330824.0,,,,final,"WCA 1980 round, census 1981. FAO flag A: Official figure.",,,100-200
farms.faostat-wcad.area-by-land-size,PAN,1990,412164.0,,,,final,"WCA 1990 round, census 1990. FAO flag A: Official figure.",,,100-200
farms.faostat-wcad.area-by-land-size,PAN,2001,419983.9,,,,final,"WCA 2000 round, census 2001. FAO flag I: Value imputed by a receiving agency.",,,100-200
farms.faostat-wcad.area-by-land-size,PAN,2011,396350.0,,,,final,"WCA 2010 round, census 2011. FAO flag A: Official figure.",,,100-200
farms.faostat-wcad.area-by-land-size,PAN,1960,189310.0,,,,final,"WCA 1960 round, census 1960. FAO flag A: Official figure.",,,200-500
farms.faostat-wcad.area-by-land-size,PAN,1971,238270.0,,,,final,"WCA 1970 round, census 1971. FAO flag A: Official figure.",,,200-500
farms.faostat-wcad.area-by-land-size,PAN,1981,318565.0,,,,final,"WCA 1980 round, census 1981. FAO flag A: Official figure.",,,200-500
farms.faostat-wcad.area-by-land-size,PAN,1990,396453.0,,,,final,"WCA 1990 round, census 1990. FAO flag A: Official figure.",,,200-500
farms.faostat-wcad.area-by-land-size,PAN,2001,416101.14,,,,final,"WCA 2000 round, census 2001. FAO flag I: Value imputed by a receiving agency.",,,200-500
farms.faostat-wcad.area-by-land-size,PAN,2011,377283.0,,,,final,"WCA 2010 round, census 2011. FAO flag A: Official figure.",,,200-500
farms.faostat-wcad.area-by-land-size,PAN,1960,87305.0,,,,final,"WCA 1960 round, census 1960. FAO flag A: Official figure.",,,500-1000
farms.faostat-wcad.area-by-land-size,PAN,1971,138360.0,,,,final,"WCA 1970 round, census 1971. FAO flag A: Official figure.",,,500-1000
farms.faostat-wcad.area-by-land-size,PAN,1981,138891.0,,,,final,"WCA 1980 round, census 1981. FAO flag A: Official figure.",,,500-1000
farms.faostat-wcad.area-by-land-size,PAN,1990,150171.0,,,,final,"WCA 1990 round, census 1990. FAO flag A: Official figure.",,,500-1000
farms.faostat-wcad.area-by-land-size,PAN,2001,180679.97,,,,final,"WCA 2000 round, census 2001. FAO flag I: Value imputed by a receiving agency.",,,500-1000
farms.faostat-wcad.area-by-land-size,PAN,2011,189564.0,,,,final,"WCA 2010 round, census 2011. FAO flag A: Official figure.",,,500-1000
farms.faostat-wcad.area-by-land-size,PAN,2011,130744.0,,,,final,"WCA 2010 round, census 2011. FAO flag A: Official figure.",,,1000-2500
farms.faostat-wcad.area-by-land-size,PAN,2011,138629.0,,,,final,"WCA 2010 round, census 2011. FAO flag A: Official figure.",,,2500-plus
farms.faostat-wcad.area-by-land-size,PAN,1960,284450.0,,,,final,"WCA 1960 round, census 1960. FAO flag A: Official figure.",,,1000-plus
farms.faostat-wcad.area-by-land-size,PAN,1971,341136.0,,,,final,"WCA 1970 round, census 1971. FAO flag A: Official figure.",,,1000-plus
farms.faostat-wcad.area-by-land-size,PAN,1981,313486.0,,,,final,"WCA 1980 round, census 1981. FAO flag A: Official figure.",,,1000-plus
farms.faostat-wcad.area-by-land-size,PAN,1990,551535.0,,,,final,"WCA 1990 round, census 1990. FAO flag A: Official figure.",,,1000-plus
farms.faostat-wcad.area-by-land-size,PAN,2001,351587.02,,,,final,"WCA 2000 round, census 2001. FAO flag I: Value imputed by a receiving agency.",,,1000-plus
farms.faostat-wcad.area-by-land-size,PER,1961,129092.0,,,,final,"WCA 1960 round, census 1961. FAO flag A: Official figure. FAO's note: Includes holdings without land",,,0-1
farms.faostat-wcad.area-by-land-size,PER,1971/1972,176841.0,,,,final,"WCA 1970 round, census 1971/72. FAO flag A: Official figure.",,,0-1
farms.faostat-wcad.area-by-land-size,PER,2012,304633.0,,,,final,"WCA 2010 round, census 2012. FAO flag A: Official figure.",,,0-1
farms.faostat-wcad.area-by-land-size,PER,1961,245329.0,,,,final,"WCA 1960 round, census 1961. FAO flag A: Official figure.",,,1-2
farms.faostat-wcad.area-by-land-size,PER,1971/1972,349428.0,,,,final,"WCA 1970 round, census 1971/72. FAO flag A: Official figure.",,,1-2
farms.faostat-wcad.area-by-land-size,PER,2012,536481.0,,,,final,"WCA 2010 round, census 2012. FAO flag A: Official figure.",,,1-2
farms.faostat-wcad.area-by-land-size,PER,2012,531380.0,,,,final,"WCA 2010 round, census 2012. FAO flag A: Official figure.",,,2-3
farms.faostat-wcad.area-by-land-size,PER,2012,491510.0,,,,final,"WCA 2010 round, census 2012. FAO flag A: Official figure.",,,3-4
farms.faostat-wcad.area-by-land-size,PER,2012,404748.0,,,,final,"WCA 2010 round, census 2012. FAO flag A: Official figure.",,,4-5
farms.faostat-wcad.area-by-land-size,PER,1961,661767.0,,,,final,"WCA 1960 round, census 1961. FAO flag A: Official figure.",,,2-5
farms.faostat-wcad.area-by-land-size,PER,1971/1972,1025887.0,,,,final,"WCA 1970 round, census 1971/72. FAO flag A: Official figure.",,,2-5
farms.faostat-wcad.area-by-land-size,PER,1994,1927545.0,,,,final,"WCA 1990 round, census 1994. FAO flag A: Official figure.",,,2-5
farms.faostat-wcad.area-by-land-size,PER,1961,477760.0,,,,final,"WCA 1960 round, census 1961. FAO flag A: Official figure.",,,5-10
farms.faostat-wcad.area-by-land-size,PER,1971/1972,1010495.0,,,,final,"WCA 1970 round, census 1971/72. FAO flag A: Official figure.",,,5-10
farms.faostat-wcad.area-by-land-size,PER,1994,1776221.0,,,,final,"WCA 1990 round, census 1994. FAO flag A: Official figure.",,,5-10
farms.faostat-wcad.area-by-land-size,PER,2012,1418311.0,,,,final,"WCA 2010 round, census 2012. FAO flag A: Official figure.",,,5-10
farms.faostat-wcad.area-by-land-size,PER,1961,409814.0,,,,final,"WCA 1960 round, census 1961. FAO flag A: Official figure.",,,10-20
farms.faostat-wcad.area-by-land-size,PER,1971/1972,1025926.0,,,,final,"WCA 1970 round, census 1971/72. FAO flag A: Official figure.",,,10-20
farms.faostat-wcad.area-by-land-size,PER,1994,1559312.0,,,,final,"WCA 1990 round, census 1994. FAO flag A: Official figure.",,,10-20
farms.faostat-wcad.area-by-land-size,PER,2012,1522079.0,,,,final,"WCA 2010 round, census 2012. FAO flag A: Official figure.",,,10-20
farms.faostat-wcad.area-by-land-size,PER,1961,519531.0,,,,final,"WCA 1960 round, census 1961. FAO flag A: Official figure.",,,20-50
farms.faostat-wcad.area-by-land-size,PER,1971/1972,1339423.0,,,,final,"WCA 1970 round, census 1971/72. FAO flag A: Official figure.",,,20-50
farms.faostat-wcad.area-by-land-size,PER,1994,2654079.0,,,,final,"WCA 1990 round, census 1994. FAO flag A: Official figure.",,,20-50
farms.faostat-wcad.area-by-land-size,PER,2012,2172246.0,,,,final,"WCA 2010 round, census 2012. FAO flag A: Official figure.",,,20-50
farms.faostat-wcad.area-by-land-size,PER,1961,433776.0,,,,final,"WCA 1960 round, census 1961. FAO flag A: Official figure.",,,50-100
farms.faostat-wcad.area-by-land-size,PER,1971/1972,843176.0,,,,final,"WCA 1970 round, census 1971/72. FAO flag A: Official figure.",,,50-100
farms.faostat-wcad.area-by-land-size,PER,1994,27464652.0,,,,final,"WCA 1990 round, census 1994. FAO flag A: Official figure.",,,50-100
farms.faostat-wcad.area-by-land-size,PER,2012,1519797.0,,,,final,"WCA 2010 round, census 2012. FAO flag A: Official figure.",,,50-100
farms.faostat-wcad.area-by-land-size,PER,1961,541957.0,,,,final,"WCA 1960 round, census 1961. FAO flag A: Official figure.",,,100-200
farms.faostat-wcad.area-by-land-size,PER,1971/1972,907856.0,,,,final,"WCA 1970 round, census 1971/72. FAO flag A: Official figure.",,,100-200
farms.faostat-wcad.area-by-land-size,PER,2012,29841281.0,,,,final,"WCA 2010 round, census 2012. FAO flag A: Official figure.",,,100-200
farms.faostat-wcad.area-by-land-size,PER,1961,1009081.0,,,,final,"WCA 1960 round, census 1961. FAO flag A: Official figure.",,,200-500
farms.faostat-wcad.area-by-land-size,PER,1971/1972,1242812.0,,,,final,"WCA 1970 round, census 1971/72. FAO flag A: Official figure.",,,200-500
farms.faostat-wcad.area-by-land-size,PER,1961,1022819.0,,,,final,"WCA 1960 round, census 1961. FAO flag A: Official figure.",,,500-1000
farms.faostat-wcad.area-by-land-size,PER,1971/1972,1087082.0,,,,final,"WCA 1970 round, census 1971/72. FAO flag A: Official figure.",,,500-1000
farms.faostat-wcad.area-by-land-size,PER,1961,12271118.0,,,,final,"WCA 1960 round, census 1961. FAO flag A: Official figure.",,,1000-plus
farms.faostat-wcad.area-by-land-size,PER,1971/1972,14527930.0,,,,final,"WCA 1970 round, census 1971/72. FAO flag A: Official figure.",,,1000-plus
farms.faostat-wcad.area-by-land-size,PHL,1948,165441.0,,,,final,"WCA 1950 round, census 1948. FAO flag A: Official figure.",,,0-1
farms.faostat-wcad.area-by-land-size,PHL,1960,124423.0,,,,final,"WCA 1960 round, census 1960. FAO flag A: Official figure.",,,0-1
farms.faostat-wcad.area-by-land-size,PHL,1971,162196.0,,,,final,"WCA 1970 round, census 1971. FAO flag A: Official figure.",,,0-1
farms.faostat-wcad.area-by-land-size,PHL,1981,369000.0,,,,final,"WCA 1980 round, census 1981. FAO flag A: Official figure.",,,0-1
farms.faostat-wcad.area-by-land-size,PHL,1991,728112.0,,,,final,"WCA 1990 round, census 1991. FAO flag A: Official figure.",,,0-1
farms.faostat-wcad.area-by-land-size,PHL,2002,827031.0,,,,final,"WCA 2000 round, census 2002. FAO flag A: Official figure.",,,0-1
farms.faostat-wcad.area-by-land-size,PHL,2012,872686.0,,,,final,"WCA 2010 round, census 2012. FAO flag I: Value imputed by a receiving agency.",,,0-1
farms.faostat-wcad.area-by-land-size,PHL,1948,693892.4,,,,final,"WCA 1950 round, census 1948. FAO flag I: Value imputed by a receiving agency.",,,1-2
farms.faostat-wcad.area-by-land-size,PHL,1960,795547.0,,,,final,"WCA 1960 round, census 1960. FAO flag A: Official figure.",,,1-2
farms.faostat-wcad.area-by-land-size,PHL,1971,998246.72,,,,final,"WCA 1970 round, census 1971. FAO flag I: Value imputed by a receiving agency.",,,1-2
farms.faostat-wcad.area-by-land-size,PHL,1981,1189900.0,,,,final,"WCA 1980 round, census 1981. FAO flag A: Official figure.",,,1-2
farms.faostat-wcad.area-by-land-size,PHL,1991,1607689.0,,,,final,"WCA 1990 round, census 1991. FAO flag A: Official figure.",,,1-2
farms.faostat-wcad.area-by-land-size,PHL,2002,1635995.0,,,,final,"WCA 2000 round, census 2002. FAO flag A: Official figure.",,,1-2
farms.faostat-wcad.area-by-land-size,PHL,2012,1471218.0,,,,final,"WCA 2010 round, census 2012. FAO flag I: Value imputed by a receiving agency.",,,1-2
farms.faostat-wcad.area-by-land-size,PHL,2012,1115717.0,,,,final,"WCA 2010 round, census 2012. FAO flag I: Value imputed by a receiving agency.",,,2-3
farms.faostat-wcad.area-by-land-size,PHL,2012,683260.0,,,,final,"WCA 2010 round, census 2012. FAO flag I: Value imputed by a receiving agency.",,,3-4
farms.faostat-wcad.area-by-land-size,PHL,2012,561564.0,,,,final,"WCA 2010 round, census 2012. FAO flag I: Value imputed by a receiving agency.",,,4-5
farms.faostat-wcad.area-by-land-size,PHL,1948,1620484.6,,,,final,"WCA 1950 round, census 1948. FAO flag I: Value imputed by a receiving agency.",,,2-5
farms.faostat-wcad.area-by-land-size,PHL,1960,2426920.0,,,,final,"WCA 1960 round, census 1960. FAO flag A: Official figure.",,,2-5
farms.faostat-wcad.area-by-land-size,PHL,1971,2902685.28,,,,final,"WCA 1970 round, census 1971. FAO flag I: Value imputed by a receiving agency.",,,2-5
farms.faostat-wcad.area-by-land-size,PHL,1981,3399000.0,,,,final,"WCA 1980 round, census 1981. FAO flag A: Official figure.",,,2-5
farms.faostat-wcad.area-by-land-size,PHL,1991,3265301.0,,,,final,"WCA 1990 round, census 1991. FAO flag A: Official figure.",,,2-5
farms.faostat-wcad.area-by-land-size,PHL,2002,3143996.0,,,,final,"WCA 2000 round, census 2002. FAO flag A: Official figure.",,,2-5
farms.faostat-wcad.area-by-land-size,PHL,1948,1002405.0,,,,final,"WCA 1950 round, census 1948. FAO flag A: Official figure.",,,5-10
farms.faostat-wcad.area-by-land-size,PHL,1960,1845251.0,,,,final,"WCA 1960 round, census 1960. FAO flag A: Official figure.",,,5-10
farms.faostat-wcad.area-by-land-size,PHL,1971,1553496.0,,,,final,"WCA 1970 round, census 1971. FAO flag A: Official figure.",,,5-10
farms.faostat-wcad.area-by-land-size,PHL,1981,2242900.0,,,,final,"WCA 1980 round, census 1981. FAO flag A: Official figure.",,,5-10
farms.faostat-wcad.area-by-land-size,PHL,1991,2046380.0,,,,final,"WCA 1990 round, census 1991. FAO flag A: Official figure.",,,5-10
farms.faostat-wcad.area-by-land-size,PHL,2002,1914396.0,,,,final,"WCA 2000 round, census 2002. FAO flag A: Official figure.",,,5-10
farms.faostat-wcad.area-by-land-size,PHL,2012,1244623.0,,,,final,"WCA 2010 round, census 2012. FAO flag I: Value imputed by a receiving agency.",,,5-10
farms.faostat-wcad.area-by-land-size,PHL,1948,841910.0,,,,final,"WCA 1950 round, census 1948. FAO flag A: Official figure.",,,10-20
farms.faostat-wcad.area-by-land-size,PHL,1960,1189493.0,,,,final,"WCA 1960 round, census 1960. FAO flag A: Official figure.",,,10-20
farms.faostat-wcad.area-by-land-size,PHL,1971,1091097.62,,,,final,"WCA 1970 round, census 1971. FAO flag I: Value imputed by a receiving agency.",,,10-20
farms.faostat-wcad.area-by-land-size,PHL,1981,1117796.36,,,,final,"WCA 1980 round, census 1981. FAO flag I: Value imputed by a receiving agency.",,,10-20
farms.faostat-wcad.area-by-land-size,PHL,1991,1040686.0,,,,final,"WCA 1990 round, census 1991. FAO flag A: Official figure.",,,10-20
farms.faostat-wcad.area-by-land-size,PHL,2002,965695.0,,,,final,"WCA 2000 round, census 2002. FAO flag I: Value imputed by a receiving agency.",,,10-20
farms.faostat-wcad.area-by-land-size,PHL,2012,515546.0,,,,final,"WCA 2010 round, census 2012. FAO flag I: Value imputed by a receiving agency.",,,10-20
farms.faostat-wcad.area-by-land-size,PHL,1948,633796.0,,,,final,"WCA 1950 round, census 1948. FAO flag A: Official figure.",,,20-50
farms.faostat-wcad.area-by-land-size,PHL,1960,439314.0,,,,final,"WCA 1960 round, census 1960. FAO flag A: Official figure.",,,20-50
farms.faostat-wcad.area-by-land-size,PHL,1971,605536.38,,,,final,"WCA 1970 round, census 1971. FAO flag I: Value imputed by a receiving agency.",,,20-50
farms.faostat-wcad.area-by-land-size,PHL,1981,1430603.64,,,,final,"WCA 1980 round, census 1981. FAO flag I: Value imputed by a receiving agency.",,,20-50
farms.faostat-wcad.area-by-land-size,PHL,1991,1286703.0,,,,final,"WCA 1990 round, census 1991. FAO flag A: Official figure.",,,20-50
farms.faostat-wcad.area-by-land-size,PHL,2002,1072845.0,,,,final,"WCA 2000 round, census 2002. FAO flag I: Value imputed by a receiving agency.",,,20-50
farms.faostat-wcad.area-by-land-size,PHL,2012,274426.0,,,,final,"WCA 2010 round, census 2012. FAO flag I: Value imputed by a receiving agency.",,,20-50
farms.faostat-wcad.area-by-land-size,PHL,1948,165245.0,,,,final,"WCA 1950 round, census 1948. FAO flag A: Official figure.",,,50-100
farms.faostat-wcad.area-by-land-size,PHL,1960,162945.0,,,,final,"WCA 1960 round, census 1960. FAO flag A: Official figure.",,,50-100
farms.faostat-wcad.area-by-land-size,PHL,1971,1180477.0,,,,final,"WCA 1970 round, census 1971. FAO flag A: Official figure.",,,50-100
farms.faostat-wcad.area-by-land-size,PHL,2012,532406.0,,,,final,"WCA 2010 round, census 2012. FAO flag A: Official figure.",,,50-100
farms.faostat-wcad.area-by-land-size,PHL,1948,156969.0,,,,final,"WCA 1950 round, census 1948. FAO flag A: Official figure.",,,100-200
farms.faostat-wcad.area-by-land-size,PHL,1960,154700.0,,,,final,"WCA 1960 round, census 1960. FAO flag A: Official figure.",,,100-200
farms.faostat-wcad.area-by-land-size,PHL,1948,446441.0,,,,final,"WCA 1950 round, census 1948. FAO flag A: Official figure.",,,200-500
farms.faostat-wcad.area-by-land-size,PHL,1960,633892.0,,,,final,"WCA 1960 round, census 1960. FAO flag A: Official figure.",,,200-500
farms.faostat-wcad.area-by-land-size,POL,1960,353944.0,,,,final,"WCA 1960 round, census 1960. FAO flag A: Official figure.",,,0-1
farms.faostat-wcad.area-by-land-size,POL,1970,305998.0,,,,final,"WCA 1970 round, census 1970. FAO flag A: Official figure.",,,0-1
farms.faostat-wcad.area-by-land-size,POL,1981,149315.59,,,,final,"WCA 1980 round, census 1981. FAO flag I: Value imputed by a receiving agency. FAO's note: Individual private holdings only.",,,0-1
farms.faostat-wcad.area-by-land-size,POL,2002,537400.0,,,,final,"WCA 2000 round, census 2002. FAO flag A: Official figure. FAO's note: Agricultural area",,,0-1
farms.faostat-wcad.area-by-land-size,POL,2010,156445.0,,,,final,"WCA 2010 round, census 2010. FAO flag I: Value imputed by a receiving agency. FAO's note: UAA",,,0-1
farms.faostat-wcad.area-by-land-size,POL,2020,111420.0,,,,final,"WCA 2020 round, census 2020. FAO flag I: Value imputed by a receiving agency. FAO's note: UAA",,,0-1
farms.faostat-wcad.area-by-land-size,POL,1960,884727.0,,,,final,"WCA 1960 round, census 1960. FAO flag A: Official figure.",,,1-2
farms.faostat-wcad.area-by-land-size,POL,1970,690142.0,,,,final,"WCA 1970 round, census 1970. FAO flag A: Official figure.",,,1-2
farms.faostat-wcad.area-by-land-size,POL,1981,834984.41,,,,final,"WCA 1980 round, census 1981. FAO flag I: Value imputed by a receiving agency. FAO's note: Individual private holdings only.",,,1-2
farms.faostat-wcad.area-by-land-size,POL,2002,892300.0,,,,final,"WCA 2000 round, census 2002. FAO flag A: Official figure. FAO's note: Agricultural area",,,1-2
farms.faostat-wcad.area-by-land-size,POL,2010,318465.0,,,,final,"WCA 2010 round, census 2010. FAO flag I: Value imputed by a receiving agency. FAO's note: UAA",,,1-2
farms.faostat-wcad.area-by-land-size,POL,2020,226810.0,,,,final,"WCA 2020 round, census 2020. FAO flag I: Value imputed by a receiving agency. FAO's note: UAA",,,1-2
farms.faostat-wcad.area-by-land-size,POL,2010,518357.0,,,,final,"WCA 2010 round, census 2010. FAO flag I: Value imputed by a receiving agency. FAO's note: UAA",,,2-3
farms.faostat-wcad.area-by-land-size,POL,2020,471659.0,,,,final,"WCA 2020 round, census 2020. FAO flag I: Value imputed by a receiving agency. FAO's note: UAA",,,2-3
farms.faostat-wcad.area-by-land-size,POL,2010,515705.0,,,,final,"WCA 2010 round, census 2010. FAO flag I: Value imputed by a receiving agency. FAO's note: UAA",,,3-4
farms.faostat-wcad.area-by-land-size,POL,2020,469246.0,,,,final,"WCA 2020 round, census 2020. FAO flag I: Value imputed by a receiving agency. FAO's note: UAA",,,3-4
farms.faostat-wcad.area-by-land-size,POL,2010,495208.0,,,,final,"WCA 2010 round, census 2010. FAO flag I: Value imputed by a receiving agency. FAO's note: UAA",,,4-5
farms.faostat-wcad.area-by-land-size,POL,2020,450595.0,,,,final,"WCA 2020 round, census 2020. FAO flag I: Value imputed by a receiving agency. FAO's note: UAA",,,4-5
farms.faostat-wcad.area-by-land-size,POL,1960,4258943.0,,,,final,"WCA 1960 round, census 1960. FAO flag A: Official figure.",,,2-5
farms.faostat-wcad.area-by-land-size,POL,1970,3259391.0,,,,final,"WCA 1970 round, census 1970. FAO flag A: Official figure.",,,2-5
farms.faostat-wcad.area-by-land-size,POL,1981,2857800.0,,,,final,"WCA 1980 round, census 1981. FAO flag A: Official figure. FAO's note: Individual private holdings only.",,,2-5
farms.faostat-wcad.area-by-land-size,POL,2002,2435000.0,,,,final,"WCA 2000 round, census 2002. FAO flag A: Official figure. FAO's note: Agricultural area",,,2-5
farms.faostat-wcad.area-by-land-size,POL,1960,7768112.0,,,,final,"WCA 1960 round, census 1960. FAO flag A: Official figure.",,,5-10
farms.faostat-wcad.area-by-land-size,POL,1970,6323834.0,,,,final,"WCA 1970 round, census 1970. FAO flag A: Official figure.",,,5-10
farms.faostat-wcad.area-by-land-size,POL,1981,5359900.0,,,,final,"WCA 1980 round, census 1981. FAO flag A: Official figure. FAO's note: Individual private holdings only.",,,5-10
farms.faostat-wcad.area-by-land-size,POL,2002,3505200.0,,,,final,"WCA 2000 round, census 2002. FAO flag A: Official figure. FAO's note: Agricultural area",,,5-10
farms.faostat-wcad.area-by-land-size,POL,2010,2387340.0,,,,final,"WCA 2010 round, census 2010. FAO flag A: Official figure. FAO's note: UAA",,,5-10
farms.faostat-wcad.area-by-land-size,POL,2020,2003110.0,,,,final,"WCA 2020 round, census 2020. FAO flag A: Official figure. FAO's note: UAA",,,5-10
farms.faostat-wcad.area-by-land-size,POL,1960,5258231.0,,,,final,"WCA 1960 round, census 1960. FAO flag A: Official figure.",,,10-20
farms.faostat-wcad.area-by-land-size,POL,1970,4853134.0,,,,final,"WCA 1970 round, census 1970. FAO flag A: Official figure.",,,10-20
farms.faostat-wcad.area-by-land-size,POL,1981,6317400.0,,,,final,"WCA 1980 round, census 1981. FAO flag A: Official figure. FAO's note: Individual private holdings only.",,,10-20
farms.faostat-wcad.area-by-land-size,POL,2002,4126700.0,,,,final,"WCA 2000 round, census 2002. FAO flag A: Official figure. FAO's note: Agricultural area",,,10-20
farms.faostat-wcad.area-by-land-size,POL,2010,3010790.0,,,,final,"WCA 2010 round, census 2010. FAO flag A: Official figure. FAO's note: UAA",,,10-20
farms.faostat-wcad.area-by-land-size,POL,2020,2658640.0,,,,final,"WCA 2020 round, census 2020. FAO flag A: Official figure. FAO's note: UAA",,,10-20
farms.faostat-wcad.area-by-land-size,POL,1960,1034100.0,,,,final,"WCA 1960 round, census 1960. FAO flag A: Official figure.",,,20-50
farms.faostat-wcad.area-by-land-size,POL,1970,926736.0,,,,final,"WCA 1970 round, census 1970. FAO flag A: Official figure.",,,20-50
farms.faostat-wcad.area-by-land-size,POL,2002,3003600.0,,,,final,"WCA 2000 round, census 2002. FAO flag A: Official figure. FAO's note: Agricultural area",,,20-50
farms.faostat-wcad.area-by-land-size,POL,2010,2779080.0,,,,final,"WCA 2010 round, census 2010. FAO flag A: Official figure. FAO's note: UAA",,,20-50
farms.faostat-wcad.area-by-land-size,POL,2020,3163130.0,,,,final,"WCA 2020 round, census 2020. FAO flag A: Official figure. FAO's note: UAA",,,20-50
farms.faostat-wcad.area-by-land-size,POL,1960,197048.0,,,,final,"WCA 1960 round, census 1960. FAO flag A: Official figure.",,,50-100
farms.faostat-wcad.area-by-land-size,POL,1970,59317.0,,,,final,"WCA 1970 round, census 1970. FAO flag A: Official figure.",,,50-100
farms.faostat-wcad.area-by-land-size,POL,2002,937500.0,,,,final,"WCA 2000 round, census 2002. FAO flag A: Official figure. FAO's note: Agricultural area",,,50-100
farms.faostat-wcad.area-by-land-size,POL,2010,1145010.0,,,,final,"WCA 2010 round, census 2010. FAO flag A: Official figure. FAO's note: UAA",,,50-100
farms.faostat-wcad.area-by-land-size,POL,2020,1783420.0,,,,final,"WCA 2020 round, census 2020. FAO flag A: Official figure. FAO's note: UAA",,,50-100
farms.faostat-wcad.area-by-land-size,POL,1960,150000.0,,,,final,"WCA 1960 round, census 1960. FAO flag A: Official figure.",,,100-200
farms.faostat-wcad.area-by-land-size,POL,2002,517700.0,,,,final,"WCA 2000 round, census 2002. FAO flag A: Official figure. FAO's note: Agricultural area",,,100-200
farms.faostat-wcad.area-by-land-size,POL,2010,3120900.0,,,,final,"WCA 2010 round, census 2010. FAO flag A: Official figure. FAO's note: UAA",,,100-200
farms.faostat-wcad.area-by-land-size,POL,2020,3411210.0,,,,final,"WCA 2020 round, census 2020. FAO flag A: Official figure. FAO's note: UAA",,,100-200
farms.faostat-wcad.area-by-land-size,POL,1960,934700.0,,,,final,"WCA 1960 round, census 1960. FAO flag A: Official figure.",,,200-500
farms.faostat-wcad.area-by-land-size,POL,2002,854100.0,,,,final,"WCA 2000 round, census 2002. FAO flag A: Official figure. FAO's note: Agricultural area",,,200-500
farms.faostat-wcad.area-by-land-size,POL,1960,1412900.0,,,,final,"WCA 1960 round, census 1960. FAO flag A: Official figure.",,,500-1000
farms.faostat-wcad.area-by-land-size,POL,2002,819300.0,,,,final,"WCA 2000 round, census 2002. FAO flag A: Official figure. FAO's note: Agricultural area",,,500-1000
farms.faostat-wcad.area-by-land-size,POL,1960,679200.0,,,,final,"WCA 1960 round, census 1960. FAO flag A: Official figure.",,,1000-plus
farms.faostat-wcad.area-by-land-size,POL,2002,1696000.0,,,,final,"WCA 2000 round, census 2002. FAO flag A: Official figure. FAO's note: Agricultural area",,,1000-plus
farms.faostat-wcad.area-by-land-size,PRI,1930,1259.0,,,,final,"WCA 1930 round, census 1930. FAO flag I: Value imputed by a receiving agency.",,,0-1
farms.faostat-wcad.area-by-land-size,PRI,1969,1295.34,,,,final,"WCA 1970 round, census 1969. FAO flag I: Value imputed by a receiving agency.",,,0-1
farms.faostat-wcad.area-by-land-size,PRI,1978,2024.53,,,,final,"WCA 1980 round, census 1978. FAO flag I: Value imputed by a receiving agency.",,,0-1
farms.faostat-wcad.area-by-land-size,PRI,2012,626.0,,,,final,"WCA 2010 round, census 2012. FAO flag I: Value imputed by a receiving agency.",,,0-1
farms.faostat-wcad.area-by-land-size,PRI,2018,287.0,,,,final,"WCA 2020 round, census 2018. FAO flag I: Value imputed by a receiving agency.",,,0-1
farms.faostat-wcad.area-by-land-size,PRI,2022,299.67,,,,final,"WCA 2020 round, census 2022. FAO flag I: Value imputed by a receiving agency.",,,0-1
farms.faostat-wcad.area-by-land-size,PRI,1930,15987.0,,,,final,"WCA 1930 round, census 1930. FAO flag I: Value imputed by a receiving agency.",,,1-2
farms.faostat-wcad.area-by-land-size,PRI,1959,18211.0,,,,final,"WCA 1960 round, census 1959. FAO flag A: Official figure.",,,1-2
farms.faostat-wcad.area-by-land-size,PRI,1969,9450.12,,,,final,"WCA 1970 round, census 1969. FAO flag I: Value imputed by a receiving agency.",,,1-2
farms.faostat-wcad.area-by-land-size,PRI,1978,6531.37,,,,final,"WCA 1980 round, census 1978. FAO flag I: Value imputed by a receiving agency.",,,1-2
farms.faostat-wcad.area-by-land-size,PRI,2012,2026.0,,,,final,"WCA 2010 round, census 2012. FAO flag I: Value imputed by a receiving agency.",,,1-2
farms.faostat-wcad.area-by-land-size,PRI,2018,929.0,,,,final,"WCA 2020 round, census 2018. FAO flag I: Value imputed by a receiving agency.",,,1-2
farms.faostat-wcad.area-by-land-size,PRI,2022,968.98,,,,final,"WCA 2020 round, census 2022. FAO flag I: Value imputed by a receiving agency.",,,1-2
farms.faostat-wcad.area-by-land-size,PRI,2012,2836.0,,,,final,"WCA 2010 round, census 2012. FAO flag I: Value imputed by a receiving agency.",,,2-3
farms.faostat-wcad.area-by-land-size,PRI,2018,1300.0,,,,final,"WCA 2020 round, census 2018. FAO flag I: Value imputed by a receiving agency.",,,2-3
farms.faostat-wcad.area-by-land-size,PRI,2012,3285.0,,,,final,"WCA 2010 round, census 2012. FAO flag I: Value imputed by a receiving agency.",,,3-4
farms.faostat-wcad.area-by-land-size,PRI,2018,1556.0,,,,final,"WCA 2020 round, census 2018. FAO flag I: Value imputed by a receiving agency.",,,3-4
farms.faostat-wcad.area-by-land-size,PRI,2012,3989.0,,,,final,"WCA 2010 round, census 2012. FAO flag I: Value imputed by a receiving agency.",,,4-5
farms.faostat-wcad.area-by-land-size,PRI,2018,2552.0,,,,final,"WCA 2020 round, census 2018. FAO flag I: Value imputed by a receiving agency.",,,4-5
farms.faostat-wcad.area-by-land-size,PRI,1930,51792.0,,,,final,"WCA 1930 round, census 1930. FAO flag I: Value imputed by a receiving agency.",,,2-5
farms.faostat-wcad.area-by-land-size,PRI,1959,41896.0,,,,final,"WCA 1960 round, census 1959. FAO flag A: Official figure.",,,2-5
farms.faostat-wcad.area-by-land-size,PRI,1969,30784.7,,,,final,"WCA 1970 round, census 1969. FAO flag I: Value imputed by a receiving agency.",,,2-5
farms.faostat-wcad.area-by-land-size,PRI,1978,26847.15,,,,final,"WCA 1980 round, census 1978. FAO flag I: Value imputed by a receiving agency.",,,2-5
farms.faostat-wcad.area-by-land-size,PRI,1987,20138.0,,,,final,"WCA 1990 round, census 1987. FAO flag A: Official figure.",,,2-5
farms.faostat-wcad.area-by-land-size,PRI,2002,18945.0,,,,final,"WCA 2000 round, census 2002. FAO flag I: Value imputed by a receiving agency. FAO's note: <5 ha.",,,2-5
farms.faostat-wcad.area-by-land-size,PRI,2022,5296.72,,,,final,"WCA 2020 round, census 2022. FAO flag I: Value imputed by a receiving agency.",,,2-5
farms.faostat-wcad.area-by-land-size,PRI,1930,65763.0,,,,final,"WCA 1930 round, census 1930. FAO flag I: Value imputed by a receiving agency.",,,5-10
farms.faostat-wcad.area-by-land-size,PRI,1959,56536.0,,,,final,"WCA 1960 round, census 1959. FAO flag A: Official figure.",,,5-10
farms.faostat-wcad.area-by-land-size,PRI,1969,38421.63,,,,final,"WCA 1970 round, census 1969. FAO flag I: Value imputed by a receiving agency.",,,5-10
farms.faostat-wcad.area-by-land-size,PRI,1978,33086.37,,,,final,"WCA 1980 round, census 1978. FAO flag I: Value imputed by a receiving agency.",,,5-10
farms.faostat-wcad.area-by-land-size,PRI,1987,23879.0,,,,final,"WCA 1990 round, census 1987. FAO flag A: Official figure.",,,5-10
farms.faostat-wcad.area-by-land-size,PRI,2002,23375.0,,,,final,"WCA 2000 round, census 2002. FAO flag I: Value imputed by a receiving agency.",,,5-10
farms.faostat-wcad.area-by-land-size,PRI,2012,18881.0,,,,final,"WCA 2010 round, census 2012. FAO flag I: Value imputed by a receiving agency.",,,5-10
farms.faostat-wcad.area-by-land-size,PRI,2018,12360.0,,,,final,"WCA 2020 round, census 2018. FAO flag I: Value imputed by a receiving agency.",,,5-10
farms.faostat-wcad.area-by-land-size,PRI,2022,11106.7,,,,final,"WCA 2020 round, census 2022. FAO flag I: Value imputed by a receiving agency.",,,5-10
farms.faostat-wcad.area-by-land-size,PRI,1930,83634.0,,,,final,"WCA 1930 round, census 1930. FAO flag I: Value imputed by a receiving agency.",,,10-20
farms.faostat-wcad.area-by-land-size,PRI,1959,73200.0,,,,final,"WCA 1960 round, census 1959. FAO flag A: Official figure.",,,10-20
farms.faostat-wcad.area-by-land-size,PRI,1969,45931.52,,,,final,"WCA 1970 round, census 1969. FAO flag I: Value imputed by a receiving agency.",,,10-20
farms.faostat-wcad.area-by-land-size,PRI,1978,41641.72,,,,final,"WCA 1980 round, census 1978. FAO flag I: Value imputed by a receiving agency.",,,10-20
farms.faostat-wcad.area-by-land-size,PRI,1987,32128.0,,,,final,"WCA 1990 round, census 1987. FAO flag A: Official figure.",,,10-20
farms.faostat-wcad.area-by-land-size,PRI,2002,30489.0,,,,final,"WCA 2000 round, census 2002. FAO flag I: Value imputed by a receiving agency.",,,10-20
farms.faostat-wcad.area-by-land-size,PRI,2012,27706.0,,,,final,"WCA 2010 round, census 2012. FAO flag I: Value imputed by a receiving agency.",,,10-20
farms.faostat-wcad.area-by-land-size,PRI,2018,18976.0,,,,final,"WCA 2020 round, census 2018. FAO flag I: Value imputed by a receiving agency.",,,10-20
farms.faostat-wcad.area-by-land-size,PRI,2022,16507.15,,,,final,"WCA 2020 round, census 2022. FAO flag I: Value imputed by a receiving agency.",,,10-20
farms.faostat-wcad.area-by-land-size,PRI,1930,124506.0,,,,final,"WCA 1930 round, census 1930. FAO flag I: Value imputed by a receiving agency.",,,20-50
farms.faostat-wcad.area-by-land-size,PRI,1959,90987.0,,,,final,"WCA 1960 round, census 1959. FAO flag A: Official figure.",,,20-50
farms.faostat-wcad.area-by-land-size,PRI,1969,61859.25,,,,final,"WCA 1970 round, census 1969. FAO flag I: Value imputed by a receiving agency.",,,20-50
farms.faostat-wcad.area-by-land-size,PRI,1978,59014.56,,,,final,"WCA 1980 round, census 1978. FAO flag I: Value imputed by a receiving agency.",,,20-50
farms.faostat-wcad.area-by-land-size,PRI,1987,51603.0,,,,final,"WCA 1990 round, census 1987. FAO flag A: Official figure.",,,20-50
farms.faostat-wcad.area-by-land-size,PRI,2002,46597.0,,,,final,"WCA 2000 round, census 2002. FAO flag I: Value imputed by a receiving agency.",,,20-50
farms.faostat-wcad.area-by-land-size,PRI,2012,38493.0,,,,final,"WCA 2010 round, census 2012. FAO flag I: Value imputed by a receiving agency.",,,20-50
farms.faostat-wcad.area-by-land-size,PRI,2018,38144.0,,,,final,"WCA 2020 round, census 2018. FAO flag I: Value imputed by a receiving agency.",,,20-50
farms.faostat-wcad.area-by-land-size,PRI,2022,31653.42,,,,final,"WCA 2020 round, census 2022. FAO flag I: Value imputed by a receiving agency.",,,20-50
farms.faostat-wcad.area-by-land-size,PRI,1930,101464.0,,,,final,"WCA 1930 round, census 1930. FAO flag I: Value imputed by a receiving agency.",,,50-100
farms.faostat-wcad.area-by-land-size,PRI,1959,78225.0,,,,final,"WCA 1960 round, census 1959. FAO flag A: Official figure.",,,50-100
farms.faostat-wcad.area-by-land-size,PRI,1969,55057.89,,,,final,"WCA 1970 round, census 1969. FAO flag I: Value imputed by a receiving agency.",,,50-100
farms.faostat-wcad.area-by-land-size,PRI,1978,54131.89,,,,final,"WCA 1980 round, census 1978. FAO flag I: Value imputed by a receiving agency.",,,50-100
farms.faostat-wcad.area-by-land-size,PRI,1987,45777.0,,,,final,"WCA 1990 round, census 1987. FAO flag A: Official figure.",,,50-100
farms.faostat-wcad.area-by-land-size,PRI,2002,40003.0,,,,final,"WCA 2000 round, census 2002. FAO flag I: Value imputed by a receiving agency.",,,50-100
farms.faostat-wcad.area-by-land-size,PRI,2012,47616.0,,,,final,"WCA 2010 round, census 2012. FAO flag I: Value imputed by a receiving agency.",,,50-100
farms.faostat-wcad.area-by-land-size,PRI,2018,42499.0,,,,final,"WCA 2020 round, census 2018. FAO flag I: Value imputed by a receiving agency.",,,50-100
farms.faostat-wcad.area-by-land-size,PRI,2022,35030.09,,,,final,"WCA 2020 round, census 2022. FAO flag I: Value imputed by a receiving agency.",,,50-100
farms.faostat-wcad.area-by-land-size,PRI,1930,85293.0,,,,final,"WCA 1930 round, census 1930. FAO flag I: Value imputed by a receiving agency.",,,100-200
farms.faostat-wcad.area-by-land-size,PRI,1959,302189.0,,,,final,"WCA 1960 round, census 1959. FAO flag A: Official figure.",,,100-200
farms.faostat-wcad.area-by-land-size,PRI,1969,281774.56,,,,final,"WCA 1970 round, census 1969. FAO flag I: Value imputed by a receiving agency.",,,100-200
farms.faostat-wcad.area-by-land-size,PRI,1978,202908.41,,,,final,"WCA 1980 round, census 1978. FAO flag I: Value imputed by a receiving agency.",,,100-200
farms.faostat-wcad.area-by-land-size,PRI,1987,175005.0,,,,final,"WCA 1990 round, census 1987. FAO flag A: Official figure.",,,100-200
farms.faostat-wcad.area-by-land-size,PRI,2002,112031.0,,,,final,"WCA 2000 round, census 2002. FAO flag I: Value imputed by a receiving agency.",,,100-200
farms.faostat-wcad.area-by-land-size,PRI,2012,91278.0,,,,final,"WCA 2010 round, census 2012. FAO flag I: Value imputed by a receiving agency.",,,100-200
farms.faostat-wcad.area-by-land-size,PRI,2018,73094.0,,,,final,"WCA 2020 round, census 2018. FAO flag I: Value imputed by a receiving agency.",,,100-200
farms.faostat-wcad.area-by-land-size,PRI,2022,93468.31,,,,final,"WCA 2020 round, census 2022. FAO flag I: Value imputed by a receiving agency.",,,100-200
farms.faostat-wcad.area-by-land-size,PRI,1930,271367.0,,,,final,"WCA 1930 round, census 1930. FAO flag I: Value imputed by a receiving agency.",,,200-500
farms.faostat-wcad.area-by-land-size,PRT,1968,124887.0,,,,final,"WCA 1970 round, census 1968. FAO flag A: Official figure.",,,0-1
farms.faostat-wcad.area-by-land-size,PRT,1979,209867.0,,,,final,"WCA 1980 round, census 1979. FAO flag A: Official figure. FAO's note: Holdings refer to PRODUCTIVE AREA.",,,0-1
farms.faostat-wcad.area-by-land-size,PRT,1989,91833.0,,,,final,"WCA 1990 round, census 1989. FAO flag A: Official figure. FAO's note: Agricultural area",,,0-1
farms.faostat-wcad.area-by-land-size,PRT,1999,146386.0,,,,final,"WCA 2000 round, census 1999. FAO flag A: Official figure. FAO's note: Agricultural area",,,0-1
farms.faostat-wcad.area-by-land-size,PRT,2009,78717.0,,,,final,"WCA 2010 round, census 2009. FAO flag I: Value imputed by a receiving agency. FAO's note: UAA",,,0-1
farms.faostat-wcad.area-by-land-size,PRT,2019,45984.0,,,,final,"WCA 2020 round, census 2019. FAO flag I: Value imputed by a receiving agency. FAO's note: UAA",,,0-1
farms.faostat-wcad.area-by-land-size,PRT,1968,246350.57,,,,final,"WCA 1970 round, census 1968. FAO flag I: Value imputed by a receiving agency.",,,1-2
farms.faostat-wcad.area-by-land-size,PRT,1979,272168.0,,,,final,"WCA 1980 round, census 1979. FAO flag A: Official figure. FAO's note: Holdings refer to PRODUCTIVE AREA.",,,1-2
farms.faostat-wcad.area-by-land-size,PRT,1989,230813.0,,,,final,"WCA 1990 round, census 1989. FAO flag A: Official figure. FAO's note: Agricultural area",,,1-2
farms.faostat-wcad.area-by-land-size,PRT,1999,331130.0,,,,final,"WCA 2000 round, census 1999. FAO flag A: Official figure. FAO's note: Agricultural area",,,1-2
farms.faostat-wcad.area-by-land-size,PRT,2009,157430.0,,,,final,"WCA 2010 round, census 2009. FAO flag A: Official figure. FAO's note: UAA",,,1-2
farms.faostat-wcad.area-by-land-size,PRT,2019,93606.0,,,,final,"WCA 2020 round, census 2019. FAO flag I: Value imputed by a receiving agency. FAO's note: UAA",,,1-2
farms.faostat-wcad.area-by-land-size,PRT,2009,81214.0,,,,final,"WCA 2010 round, census 2009. FAO flag I: Value imputed by a receiving agency. FAO's note: UAA",,,2-3
farms.faostat-wcad.area-by-land-size,PRT,2019,76594.0,,,,final,"WCA 2020 round, census 2019. FAO flag I: Value imputed by a receiving agency. FAO's note: UAA",,,2-3
farms.faostat-wcad.area-by-land-size,PRT,2009,80799.0,,,,final,"WCA 2010 round, census 2009. FAO flag I: Value imputed by a receiving agency. FAO's note: UAA",,,3-4
farms.faostat-wcad.area-by-land-size,PRT,2019,76202.0,,,,final,"WCA 2020 round, census 2019. FAO flag I: Value imputed by a receiving agency. FAO's note: UAA",,,3-4
farms.faostat-wcad.area-by-land-size,PRT,2009,77587.0,,,,final,"WCA 2010 round, census 2009. FAO flag I: Value imputed by a receiving agency. FAO's note: UAA",,,4-5
farms.faostat-wcad.area-by-land-size,PRT,2019,73174.0,,,,final,"WCA 2020 round, census 2019. FAO flag I: Value imputed by a receiving agency. FAO's note: UAA",,,4-5
farms.faostat-wcad.area-by-land-size,PRT,1968,493230.99,,,,final,"WCA 1970 round, census 1968. FAO flag I: Value imputed by a receiving agency.",,,2-5
farms.faostat-wcad.area-by-land-size,PRT,1979,537451.0,,,,final,"WCA 1980 round, census 1979. FAO flag A: Official figure. FAO's note: Holdings refer to PRODUCTIVE AREA.",,,2-5
farms.faostat-wcad.area-by-land-size,PRT,1989,435287.0,,,,final,"WCA 1990 round, census 1989. FAO flag A: Official figure. FAO's note: Agricultural area",,,2-5
farms.faostat-wcad.area-by-land-size,PRT,1999,544666.0,,,,final,"WCA 2000 round, census 1999. FAO flag A: Official figure. FAO's note: Agricultural area",,,2-5
farms.faostat-wcad.area-by-land-size,PRT,1968,464441.48,,,,final,"WCA 1970 round, census 1968. FAO flag I: Value imputed by a receiving agency.",,,5-10
farms.faostat-wcad.area-by-land-size,PRT,1979,462977.0,,,,final,"WCA 1980 round, census 1979. FAO flag A: Official figure. FAO's note: Holdings refer to PRODUCTIVE AREA.",,,5-10
farms.faostat-wcad.area-by-land-size,PRT,1989,386610.0,,,,final,"WCA 1990 round, census 1989. FAO flag A: Official figure. FAO's note: Agricultural area",,,5-10
farms.faostat-wcad.area-by-land-size,PRT,1999,446878.0,,,,final,"WCA 2000 round, census 1999. FAO flag A: Official figure. FAO's note: Agricultural area",,,5-10
farms.faostat-wcad.area-by-land-size,PRT,2009,230340.0,,,,final,"WCA 2010 round, census 2009. FAO flag A: Official figure. FAO's note: UAA",,,5-10
farms.faostat-wcad.area-by-land-size,PRT,2019,225670.0,,,,final,"WCA 2020 round, census 2019. FAO flag A: Official figure. FAO's note: UAA",,,5-10
farms.faostat-wcad.area-by-land-size,PRT,1968,595236.96,,,,final,"WCA 1970 round, census 1968. FAO flag I: Value imputed by a receiving agency.",,,10-20
farms.faostat-wcad.area-by-land-size,PRT,1979,395977.0,,,,final,"WCA 1980 round, census 1979. FAO flag A: Official figure. FAO's note: Holdings refer to PRODUCTIVE AREA.",,,10-20
farms.faostat-wcad.area-by-land-size,PRT,1989,374771.0,,,,final,"WCA 1990 round, census 1989. FAO flag A: Official figure. FAO's note: Agricultural area",,,10-20
farms.faostat-wcad.area-by-land-size,PRT,1999,502468.0,,,,final,"WCA 2000 round, census 1999. FAO flag A: Official figure. FAO's note: Agricultural area",,,10-20
farms.faostat-wcad.area-by-land-size,PRT,2009,262130.0,,,,final,"WCA 2010 round, census 2009. FAO flag A: Official figure. FAO's note: UAA",,,10-20
farms.faostat-wcad.area-by-land-size,PRT,2019,262800.0,,,,final,"WCA 2020 round, census 2019. FAO flag A: Official figure. FAO's note: UAA",,,10-20
farms.faostat-wcad.area-by-land-size,PRT,1968,504238.0,,,,final,"WCA 1970 round, census 1968. FAO flag A: Official figure.",,,20-50
farms.faostat-wcad.area-by-land-size,PRT,1979,405124.0,,,,final,"WCA 1980 round, census 1979. FAO flag A: Official figure. FAO's note: Holdings refer to PRODUCTIVE AREA.",,,20-50
farms.faostat-wcad.area-by-land-size,PRT,1989,407243.0,,,,final,"WCA 1990 round, census 1989. FAO flag A: Official figure. FAO's note: Agricultural area",,,20-50
farms.faostat-wcad.area-by-land-size,PRT,1999,506326.0,,,,final,"WCA 2000 round, census 1999. FAO flag A: Official figure. FAO's note: Agricultural area",,,20-50
farms.faostat-wcad.area-by-land-size,PRT,2009,357890.0,,,,final,"WCA 2010 round, census 2009. FAO flag A: Official figure. FAO's note: UAA",,,20-50
farms.faostat-wcad.area-by-land-size,PRT,2019,405040.0,,,,final,"WCA 2020 round, census 2019. FAO flag A: Official figure. FAO's note: UAA",,,20-50
farms.faostat-wcad.area-by-land-size,PRT,1968,297826.0,,,,final,"WCA 1970 round, census 1968. FAO flag A: Official figure.",,,50-100
farms.faostat-wcad.area-by-land-size,PRT,1979,283427.0,,,,final,"WCA 1980 round, census 1979. FAO flag A: Official figure. FAO's note: Holdings refer to PRODUCTIVE AREA.",,,50-100
farms.faostat-wcad.area-by-land-size,PRT,1989,268912.0,,,,final,"WCA 1990 round, census 1989. FAO flag A: Official figure. FAO's note: Agricultural area",,,50-100
farms.faostat-wcad.area-by-land-size,PRT,1999,360662.0,,,,final,"WCA 2000 round, census 1999. FAO flag A: Official figure. FAO's note: Agricultural area",,,50-100
farms.faostat-wcad.area-by-land-size,PRT,2009,303090.0,,,,final,"WCA 2010 round, census 2009. FAO flag A: Official figure. FAO's note: UAA",,,50-100
farms.faostat-wcad.area-by-land-size,PRT,2019,395160.0,,,,final,"WCA 2020 round, census 2019. FAO flag A: Official figure. FAO's note: UAA",,,50-100
farms.faostat-wcad.area-by-land-size,PRT,1968,281693.0,,,,final,"WCA 1970 round, census 1968. FAO flag A: Official figure.",,,100-200
farms.faostat-wcad.area-by-land-size,PRT,1979,352626.0,,,,final,"WCA 1980 round, census 1979. FAO flag A: Official figure. FAO's note: Holdings refer to PRODUCTIVE AREA.",,,100-200
farms.faostat-wcad.area-by-land-size,PRT,1989,338671.0,,,,final,"WCA 1990 round, census 1989. FAO flag A: Official figure. FAO's note: Agricultural area",,,100-200
farms.faostat-wcad.area-by-land-size,PRT,1999,2350439.0,,,,final,"WCA 2000 round, census 1999. FAO flag A: Official figure. FAO's note: Agricultural area",,,100-200
farms.faostat-wcad.area-by-land-size,PRT,2009,2117670.0,,,,final,"WCA 2010 round, census 2009. FAO flag A: Official figure. FAO's note: UAA",,,100-200
farms.faostat-wcad.area-by-land-size,PRT,2019,2309700.0,,,,final,"WCA 2020 round, census 2019. FAO flag A: Official figure. FAO's note: UAA",,,100-200
farms.faostat-wcad.area-by-land-size,PRT,1968,457687.0,,,,final,"WCA 1970 round, census 1968. FAO flag A: Official figure.",,,200-500
farms.faostat-wcad.area-by-land-size,PRT,1979,637799.0,,,,final,"WCA 1980 round, census 1979. FAO flag A: Official figure. FAO's note: Holdings refer to PRODUCTIVE AREA.",,,200-500
farms.faostat-wcad.area-by-land-size,PRT,1989,1471454.0,,,,final,"WCA 1990 round, census 1989. FAO flag A: Official figure. FAO's note: Agricultural area",,,200-500
farms.faostat-wcad.area-by-land-size,PRT,1968,442766.0,,,,final,"WCA 1970 round, census 1968. FAO flag A: Official figure.",,,500-1000
farms.faostat-wcad.area-by-land-size,PRT,1979,398693.0,,,,final,"WCA 1980 round, census 1979. FAO flag A: Official figure. FAO's note: Holdings refer to PRODUCTIVE AREA.",,,500-1000
farms.faostat-wcad.area-by-land-size,PRT,1968,1065800.0,,,,final,"WCA 1970 round, census 1968. FAO flag A: Official figure.",,,1000-plus
farms.faostat-wcad.area-by-land-size,PRT,1979,1225735.0,,,,final,"WCA 1980 round, census 1979. FAO flag A: Official figure. FAO's note: Holdings refer to PRODUCTIVE AREA.",,,1000-plus
farms.faostat-wcad.area-by-land-size,PRY,1961,4474.0,,,,final,"WCA 1960 round, census 1961. FAO flag A: Official figure.",,,0-1
farms.faostat-wcad.area-by-land-size,PRY,1981,5700.0,,,,final,"WCA 1980 round, census 1981. FAO flag A: Official figure.",,,0-1
farms.faostat-wcad.area-by-land-size,PRY,1991,8499.0,,,,final,"WCA 1990 round, census 1991. FAO flag A: Official figure.",,,0-1
farms.faostat-wcad.area-by-land-size,PRY,2008,6894.0,,,,final,"WCA 2010 round, census 2008. FAO flag A: Official figure.",,,0-1
farms.faostat-wcad.area-by-land-size,PRY,2022,9339.82,,,,final,"WCA 2020 round, census 2022. FAO flag A: Official figure.",,,0-1
farms.faostat-wcad.area-by-land-size,PRY,1961,28300.0,,,,final,"WCA 1960 round, census 1961. FAO flag A: Official figure.",,,1-2
farms.faostat-wcad.area-by-land-size,PRY,1981,26953.0,,,,final,"WCA 1980 round, census 1981. FAO flag A: Official figure.",,,1-2
farms.faostat-wcad.area-by-land-size,PRY,1991,31431.0,,,,final,"WCA 1990 round, census 1991. FAO flag A: Official figure.",,,1-2
farms.faostat-wcad.area-by-land-size,PRY,2008,80633.0,,,,final,"WCA 2010 round, census 2008. FAO flag I: Value imputed by a receiving agency.",,,1-2
farms.faostat-wcad.area-by-land-size,PRY,2022,69560.65,,,,final,"WCA 2020 round, census 2022. FAO flag I: Value imputed by a receiving agency.",,,1-2
farms.faostat-wcad.area-by-land-size,PRY,2008,59989.0,,,,final,"WCA 2010 round, census 2008. FAO flag I: Value imputed by a receiving agency.",,,2-3
farms.faostat-wcad.area-by-land-size,PRY,2008,48852.0,,,,final,"WCA 2010 round, census 2008. FAO flag I: Value imputed by a receiving agency.",,,3-4
farms.faostat-wcad.area-by-land-size,PRY,2008,41644.0,,,,final,"WCA 2010 round, census 2008. FAO flag I: Value imputed by a receiving agency.",,,4-5
farms.faostat-wcad.area-by-land-size,PRY,1961,161400.0,,,,final,"WCA 1960 round, census 1961. FAO flag A: Official figure.",,,2-5
farms.faostat-wcad.area-by-land-size,PRY,1981,137483.0,,,,final,"WCA 1980 round, census 1981. FAO flag A: Official figure.",,,2-5
farms.faostat-wcad.area-by-land-size,PRY,1991,191374.0,,,,final,"WCA 1990 round, census 1991. FAO flag A: Official figure.",,,2-5
farms.faostat-wcad.area-by-land-size,PRY,2022,150830.01,,,,final,"WCA 2020 round, census 2022. FAO flag I: Value imputed by a receiving agency.",,,2-5
farms.faostat-wcad.area-by-land-size,PRY,1961,283000.0,,,,final,"WCA 1960 round, census 1961. FAO flag A: Official figure.",,,5-10
farms.faostat-wcad.area-by-land-size,PRY,1981,305351.0,,,,final,"WCA 1980 round, census 1981. FAO flag A: Official figure.",,,5-10
farms.faostat-wcad.area-by-land-size,PRY,1991,430658.0,,,,final,"WCA 1990 round, census 1991. FAO flag A: Official figure.",,,5-10
farms.faostat-wcad.area-by-land-size,PRY,2008,416702.0,,,,final,"WCA 2010 round, census 2008. FAO flag A: Official figure.",,,5-10
farms.faostat-wcad.area-by-land-size,PRY,2022,409005.92,,,,final,"WCA 2020 round, census 2022. FAO flag A: Official figure.",,,5-10
farms.faostat-wcad.area-by-land-size,PRY,1961,396800.0,,,,final,"WCA 1960 round, census 1961. FAO flag A: Official figure.",,,10-20
farms.faostat-wcad.area-by-land-size,PRY,1981,694190.0,,,,final,"WCA 1980 round, census 1981. FAO flag A: Official figure.",,,10-20
farms.faostat-wcad.area-by-land-size,PRY,1991,806802.0,,,,final,"WCA 1990 round, census 1991. FAO flag A: Official figure.",,,10-20
farms.faostat-wcad.area-by-land-size,PRY,2008,685381.0,,,,final,"WCA 2010 round, census 2008. FAO flag A: Official figure.",,,10-20
farms.faostat-wcad.area-by-land-size,PRY,2022,629740.61,,,,final,"WCA 2020 round, census 2022. FAO flag A: Official figure.",,,10-20
farms.faostat-wcad.area-by-land-size,PRY,1961,479500.0,,,,final,"WCA 1960 round, census 1961. FAO flag A: Official figure.",,,20-50
farms.faostat-wcad.area-by-land-size,PRY,1981,942358.0,,,,final,"WCA 1980 round, census 1981. FAO flag A: Official figure.",,,20-50
farms.faostat-wcad.area-by-land-size,PRY,1991,857909.0,,,,final,"WCA 1990 round, census 1991. FAO flag A: Official figure.",,,20-50
farms.faostat-wcad.area-by-land-size,PRY,2008,619986.0,,,,final,"WCA 2010 round, census 2008. FAO flag A: Official figure.",,,20-50
farms.faostat-wcad.area-by-land-size,PRY,2022,703476.27,,,,final,"WCA 2020 round, census 2022. FAO flag A: Official figure.",,,20-50
farms.faostat-wcad.area-by-land-size,PRY,1961,229000.0,,,,final,"WCA 1960 round, census 1961. FAO flag A: Official figure.",,,50-100
farms.faostat-wcad.area-by-land-size,PRY,1981,465408.0,,,,final,"WCA 1980 round, census 1981. FAO flag A: Official figure.",,,50-100
farms.faostat-wcad.area-by-land-size,PRY,1991,502648.0,,,,final,"WCA 1990 round, census 1991. FAO flag A: Official figure.",,,50-100
farms.faostat-wcad.area-by-land-size,PRY,2008,459555.0,,,,final,"WCA 2010 round, census 2008. FAO flag A: Official figure.",,,50-100
farms.faostat-wcad.area-by-land-size,PRY,2022,582333.22,,,,final,"WCA 2020 round, census 2022. FAO flag A: Official figure.",,,50-100
farms.faostat-wcad.area-by-land-size,PRY,1961,254900.0,,,,final,"WCA 1960 round, census 1961. FAO flag A: Official figure.",,,100-200
farms.faostat-wcad.area-by-land-size,PRY,1981,538153.0,,,,final,"WCA 1980 round, census 1981. FAO flag A: Official figure.",,,100-200
farms.faostat-wcad.area-by-land-size,PRY,1991,569169.0,,,,final,"WCA 1990 round, census 1991. FAO flag A: Official figure.",,,100-200
farms.faostat-wcad.area-by-land-size,PRY,2008,699257.0,,,,final,"WCA 2010 round, census 2008. FAO flag A: Official figure.",,,100-200
farms.faostat-wcad.area-by-land-size,PRY,2022,768532.85,,,,final,"WCA 2020 round, census 2022. FAO flag A: Official figure.",,,100-200
farms.faostat-wcad.area-by-land-size,PRY,1961,458500.0,,,,final,"WCA 1960 round, census 1961. FAO flag A: Official figure.",,,200-500
farms.faostat-wcad.area-by-land-size,PRY,1981,600974.0,,,,final,"WCA 1980 round, census 1981. FAO flag A: Official figure.",,,200-500
farms.faostat-wcad.area-by-land-size,PRY,1991,1050034.0,,,,final,"WCA 1990 round, census 1991. FAO flag A: Official figure.",,,200-500
farms.faostat-wcad.area-by-land-size,PRY,2008,1600537.0,,,,final,"WCA 2010 round, census 2008. FAO flag A: Official figure.",,,200-500
farms.faostat-wcad.area-by-land-size,PRY,2022,1731226.27,,,,final,"WCA 2020 round, census 2022. FAO flag A: Official figure.",,,200-500
farms.faostat-wcad.area-by-land-size,PRY,1961,480800.0,,,,final,"WCA 1960 round, census 1961. FAO flag A: Official figure.",,,500-1000
farms.faostat-wcad.area-by-land-size,PRY,1981,707009.0,,,,final,"WCA 1980 round, census 1981. FAO flag A: Official figure.",,,500-1000
farms.faostat-wcad.area-by-land-size,PRY,1991,1010952.0,,,,final,"WCA 1990 round, census 1991. FAO flag A: Official figure.",,,500-1000
farms.faostat-wcad.area-by-land-size,PRY,2008,1810119.0,,,,final,"WCA 2010 round, census 2008. FAO flag A: Official figure.",,,500-1000
farms.faostat-wcad.area-by-land-size,PRY,2022,1883788.41,,,,final,"WCA 2020 round, census 2022. FAO flag A: Official figure.",,,500-1000
farms.faostat-wcad.area-by-land-size,PRY,2008,4430788.0,,,,final,"WCA 2010 round, census 2008. FAO flag I: Value imputed by a receiving agency.",,,1000-2500
farms.faostat-wcad.area-by-land-size,PRY,2008,20126556.0,,,,final,"WCA 2010 round, census 2008. FAO flag I: Value imputed by a receiving agency.",,,2500-plus
farms.faostat-wcad.area-by-land-size,PRY,1961,14696800.0,,,,final,"WCA 1960 round, census 1961. FAO flag A: Official figure.",,,1000-plus
farms.faostat-wcad.area-by-land-size,PRY,1981,17516952.0,,,,final,"WCA 1980 round, census 1981. FAO flag A: Official figure.",,,1000-plus
farms.faostat-wcad.area-by-land-size,PRY,1991,18358261.0,,,,final,"WCA 1990 round, census 1991. FAO flag A: Official figure.",,,1000-plus
farms.faostat-wcad.area-by-land-size,PRY,2022,23463826.42,,,,final,"WCA 2020 round, census 2022. FAO flag A: Official figure.",,,1000-plus
farms.faostat-wcad.area-by-land-size,PSE,2021,31284.0,,,,final,"WCA 2020 round, census 2021. FAO flag A: Official figure.",,,0-1
farms.faostat-wcad.area-by-land-size,PSE,2021,17866.0,,,,final,"WCA 2020 round, census 2021. FAO flag I: Value imputed by a receiving agency.",,,1-2
farms.faostat-wcad.area-by-land-size,PSE,2021,10731.0,,,,final,"WCA 2020 round, census 2021. FAO flag I: Value imputed by a receiving agency.",,,2-3
farms.faostat-wcad.area-by-land-size,PSE,2021,7345.0,,,,final,"WCA 2020 round, census 2021. FAO flag I: Value imputed by a receiving agency.",,,3-4
farms.faostat-wcad.area-by-land-size,PSE,2021,5371.0,,,,final,"WCA 2020 round, census 2021. FAO flag I: Value imputed by a receiving agency.",,,4-5
farms.faostat-wcad.area-by-land-size,PSE,2021,24962.0,,,,final,"WCA 2020 round, census 2021. FAO flag I: Value imputed by a receiving agency.",,,5-10
farms.faostat-wcad.area-by-land-size,PSE,2021,23370.0,,,,final,"WCA 2020 round, census 2021. FAO flag I: Value imputed by a receiving agency.",,,10-20
farms.faostat-wcad.area-by-land-size,PYF,1995,1561.0,,,,final,"WCA 1990 round, census 1995. FAO flag I: Value imputed by a receiving agency. FAO's note: Agricultural area.",,,0-1
farms.faostat-wcad.area-by-land-size,PYF,1995,1003.0,,,,final,"WCA 1990 round, census 1995. FAO flag I: Value imputed by a receiving agency. FAO's note: Agricultural area.",,,1-2
farms.faostat-wcad.area-by-land-size,PYF,1995,1097.0,,,,final,"WCA 1990 round, census 1995. FAO flag I: Value imputed by a receiving agency. FAO's note: Agricultural area.",,,2-5
farms.faostat-wcad.area-by-land-size,PYF,1995,898.0,,,,final,"WCA 1990 round, census 1995. FAO flag I: Value imputed by a receiving agency. FAO's note: Agricultural area.",,,5-10
farms.faostat-wcad.area-by-land-size,PYF,1995,857.0,,,,final,"WCA 1990 round, census 1995. FAO flag I: Value imputed by a receiving agency. FAO's note: Agricultural area.",,,10-20
farms.faostat-wcad.area-by-land-size,PYF,1995,13118.0,,,,final,"WCA 1990 round, census 1995. FAO flag I: Value imputed by a receiving agency. FAO's note: Agricultural area.",,,20-50
farms.faostat-wcad.area-by-land-size,QAT,2000/2001,547.0,,,,final,"WCA 2000 round, census 2000/01. FAO flag A: Official figure.",,,0-1
farms.faostat-wcad.area-by-land-size,QAT,2000/2001,246.0,,,,final,"WCA 2000 round, census 2000/01. FAO flag A: Official figure.",,,1-2
farms.faostat-wcad.area-by-land-size,QAT,2000/2001,671.0,,,,final,"WCA 2000 round, census 2000/01. FAO flag A: Official figure.",,,2-5
farms.faostat-wcad.area-by-land-size,QAT,2000/2001,1047.0,,,,final,"WCA 2000 round, census 2000/01. FAO flag A: Official figure.",,,5-10
farms.faostat-wcad.area-by-land-size,QAT,2000/2001,2276.0,,,,final,"WCA 2000 round, census 2000/01. FAO flag A: Official figure.",,,10-20
farms.faostat-wcad.area-by-land-size,QAT,2000/2001,6750.0,,,,final,"WCA 2000 round, census 2000/01. FAO flag A: Official figure.",,,20-50
farms.faostat-wcad.area-by-land-size,QAT,2000/2001,7680.0,,,,final,"WCA 2000 round, census 2000/01. FAO flag A: Official figure.",,,50-100
farms.faostat-wcad.area-by-land-size,QAT,2000/2001,23111.0,,,,final,"WCA 2000 round, census 2000/01. FAO flag A: Official figure.",,,100-200
farms.faostat-wcad.area-by-land-size,REU,1972/1973,11621.0,,,,final,"WCA 1970 round, census 1972/73. FAO flag A: Official figure.",,,0-1
farms.faostat-wcad.area-by-land-size,REU,1981,8370.0,,,,final,"WCA 1980 round, census 1981. FAO flag A: Official figure.",,,0-1
farms.faostat-wcad.area-by-land-size,REU,1989,1613.0,,,,final,"WCA 1990 round, census 1989. FAO flag A: Official figure. FAO's note: Agricultural area",,,0-1
farms.faostat-wcad.area-by-land-size,REU,2000,820.0,,,,final,"WCA 2000 round, census 2000. FAO flag A: Official figure. FAO's note: Agricultural area",,,0-1
farms.faostat-wcad.area-by-land-size,REU,1972/1973,8011.0,,,,final,"WCA 1970 round, census 1972/73. FAO flag A: Official figure.",,,1-2
farms.faostat-wcad.area-by-land-size,REU,1981,6890.0,,,,final,"WCA 1980 round, census 1981. FAO flag A: Official figure.",,,1-2
farms.faostat-wcad.area-by-land-size,REU,1989,4119.0,,,,final,"WCA 1990 round, census 1989. FAO flag A: Official figure. FAO's note: Agricultural area",,,1-2
farms.faostat-wcad.area-by-land-size,REU,2000,2172.0,,,,final,"WCA 2000 round, census 2000. FAO flag A: Official figure. FAO's note: Agricultural area",,,1-2
farms.faostat-wcad.area-by-land-size,REU,1972/1973,18484.0,,,,final,"WCA 1970 round, census 1972/73. FAO flag A: Official figure.",,,2-5
farms.faostat-wcad.area-by-land-size,REU,1981,17135.0,,,,final,"WCA 1980 round, census 1981. FAO flag A: Official figure.",,,2-5
farms.faostat-wcad.area-by-land-size,REU,1989,12664.0,,,,final,"WCA 1990 round, census 1989. FAO flag A: Official figure. FAO's note: Agricultural area",,,2-5
farms.faostat-wcad.area-by-land-size,REU,2000,8536.0,,,,final,"WCA 2000 round, census 2000. FAO flag A: Official figure. FAO's note: Agricultural area",,,2-5
farms.faostat-wcad.area-by-land-size,REU,1972/1973,36503.0,,,,final,"WCA 1970 round, census 1972/73. FAO flag A: Official figure.",,,5-10
farms.faostat-wcad.area-by-land-size,REU,1981,9489.0,,,,final,"WCA 1980 round, census 1981. FAO flag A: Official figure.",,,5-10
farms.faostat-wcad.area-by-land-size,REU,1989,11972.0,,,,final,"WCA 1990 round, census 1989. FAO flag A: Official figure. FAO's note: Agricultural area",,,5-10
farms.faostat-wcad.area-by-land-size,REU,2000,12927.0,,,,final,"WCA 2000 round, census 2000. FAO flag A: Official figure. FAO's note: Agricultural area",,,5-10
farms.faostat-wcad.area-by-land-size,REU,1981,15891.29,,,,final,"WCA 1980 round, census 1981. FAO flag I: Value imputed by a receiving agency.",,,10-20
farms.faostat-wcad.area-by-land-size,REU,1989,5284.0,,,,final,"WCA 1990 round, census 1989. FAO flag A: Official figure. FAO's note: Agricultural area",,,10-20
farms.faostat-wcad.area-by-land-size,REU,2000,6359.0,,,,final,"WCA 2000 round, census 2000. FAO flag A: Official figure. FAO's note: Agricultural area",,,10-20
farms.faostat-wcad.area-by-land-size,REU,1981,16258.71,,,,final,"WCA 1980 round, census 1981. FAO flag I: Value imputed by a receiving agency.",,,20-50
farms.faostat-wcad.area-by-land-size,REU,1989,14711.0,,,,final,"WCA 1990 round, census 1989. FAO flag A: Official figure. FAO's note: Agricultural area",,,20-50
farms.faostat-wcad.area-by-land-size,REU,2000,12877.0,,,,final,"WCA 2000 round, census 2000. FAO flag A: Official figure. FAO's note: Agricultural area",,,20-50
farms.faostat-wcad.area-by-land-size,ROU,2002,770666.0,,,,final,"WCA 2000 round, census 2002. FAO flag A: Official figure.",,,0-1
farms.faostat-wcad.area-by-land-size,ROU,2010,566063.0,,,,final,"WCA 2010 round, census 2010. FAO flag I: Value imputed by a receiving agency. FAO's note: UAA",,,0-1
farms.faostat-wcad.area-by-land-size,ROU,2020,433458.0,,,,final,"WCA 2020 round, census 2020. FAO flag I: Value imputed by a receiving agency. FAO's note: UAA",,,0-1
farms.faostat-wcad.area-by-land-size,ROU,2002,1274151.0,,,,final,"WCA 2000 round, census 2002. FAO flag A: Official figure.",,,1-2
farms.faostat-wcad.area-by-land-size,ROU,2010,1152297.0,,,,final,"WCA 2010 round, census 2010. FAO flag I: Value imputed by a receiving agency. FAO's note: UAA",,,1-2
farms.faostat-wcad.area-by-land-size,ROU,2020,882362.0,,,,final,"WCA 2020 round, census 2020. FAO flag I: Value imputed by a receiving agency. FAO's note: UAA",,,1-2
farms.faostat-wcad.area-by-land-size,ROU,2010,755851.0,,,,final,"WCA 2010 round, census 2010. FAO flag I: Value imputed by a receiving agency. FAO's note: UAA",,,2-3
farms.faostat-wcad.area-by-land-size,ROU,2020,542433.0,,,,final,"WCA 2020 round, census 2020. FAO flag I: Value imputed by a receiving agency. FAO's note: UAA",,,2-3
farms.faostat-wcad.area-by-land-size,ROU,2010,751984.0,,,,final,"WCA 2010 round, census 2010. FAO flag I: Value imputed by a receiving agency. FAO's note: UAA",,,3-4
farms.faostat-wcad.area-by-land-size,ROU,2020,539658.0,,,,final,"WCA 2020 round, census 2020. FAO flag I: Value imputed by a receiving agency. FAO's note: UAA",,,3-4
farms.faostat-wcad.area-by-land-size,ROU,2010,722095.0,,,,final,"WCA 2010 round, census 2010. FAO flag I: Value imputed by a receiving agency. FAO's note: UAA",,,4-5
farms.faostat-wcad.area-by-land-size,ROU,2020,518208.0,,,,final,"WCA 2020 round, census 2020. FAO flag I: Value imputed by a receiving agency. FAO's note: UAA",,,4-5
farms.faostat-wcad.area-by-land-size,ROU,2002,3168392.0,,,,final,"WCA 2000 round, census 2002. FAO flag A: Official figure.",,,2-5
farms.faostat-wcad.area-by-land-size,ROU,2002,1740279.0,,,,final,"WCA 2000 round, census 2002. FAO flag A: Official figure.",,,5-10
farms.faostat-wcad.area-by-land-size,ROU,2010,1210510.0,,,,final,"WCA 2010 round, census 2010. FAO flag A: Official figure. FAO's note: UAA",,,5-10
farms.faostat-wcad.area-by-land-size,ROU,2020,1088170.0,,,,final,"WCA 2020 round, census 2020. FAO flag A: Official figure. FAO's note: UAA",,,5-10
farms.faostat-wcad.area-by-land-size,ROU,2002,615560.0,,,,final,"WCA 2000 round, census 2002. FAO flag A: Official figure.",,,10-20
farms.faostat-wcad.area-by-land-size,ROU,2010,571390.0,,,,final,"WCA 2010 round, census 2010. FAO flag A: Official figure. FAO's note: UAA",,,10-20
farms.faostat-wcad.area-by-land-size,ROU,2020,763090.0,,,,final,"WCA 2020 round, census 2020. FAO flag A: Official figure. FAO's note: UAA",,,10-20
farms.faostat-wcad.area-by-land-size,ROU,2002,315125.0,,,,final,"WCA 2000 round, census 2002. FAO flag A: Official figure.",,,20-50
farms.faostat-wcad.area-by-land-size,ROU,2010,549250.0,,,,final,"WCA 2010 round, census 2010. FAO flag A: Official figure. FAO's note: UAA",,,20-50
farms.faostat-wcad.area-by-land-size,ROU,2020,1106200.0,,,,final,"WCA 2020 round, census 2020. FAO flag A: Official figure. FAO's note: UAA",,,20-50
farms.faostat-wcad.area-by-land-size,ROU,2002,264244.0,,,,final,"WCA 2000 round, census 2002. FAO flag A: Official figure.",,,50-100
farms.faostat-wcad.area-by-land-size,ROU,2010,518300.0,,,,final,"WCA 2010 round, census 2010. FAO flag A: Official figure. FAO's note: UAA",,,50-100
farms.faostat-wcad.area-by-land-size,ROU,2020,784390.0,,,,final,"WCA 2020 round, census 2020. FAO flag A: Official figure. FAO's note: UAA",,,50-100
farms.faostat-wcad.area-by-land-size,ROU,2002,7559540.0,,,,final,"WCA 2000 round, census 2002. FAO flag A: Official figure.",,,100-200
farms.faostat-wcad.area-by-land-size,ROU,2010,6508390.0,,,,final,"WCA 2010 round, census 2010. FAO flag A: Official figure. FAO's note: UAA",,,100-200
farms.faostat-wcad.area-by-land-size,ROU,2020,6104850.0,,,,final,"WCA 2020 round, census 2020. FAO flag A: Official figure. FAO's note: UAA",,,100-200
farms.faostat-wcad.area-by-land-size,RUS,2006,1998.0,,,,final,"WCA 2010 round, census 2006. FAO flag I: Value imputed by a receiving agency.",,,0-1
farms.faostat-wcad.area-by-land-size,RUS,2016,1121.0,,,,final,"WCA 2020 round, census 2016. FAO flag I: Value imputed by a receiving agency. FAO's note: Information provided by the Russian Federation includes statistical data for the Autonomous Republic of Crimea and the city of Sevastopol, Ukraine, temporarily occupied by the Russian Federation. Pertain to agricultural enterprises",,,0-1
farms.faostat-wcad.area-by-land-size,RUS,2006,1895.0,,,,final,"WCA 2010 round, census 2006. FAO flag I: Value imputed by a receiving agency.",,,1-2
farms.faostat-wcad.area-by-land-size,RUS,2016,817.0,,,,final,"WCA 2020 round, census 2016. FAO flag I: Value imputed by a receiving agency. FAO's note: Information provided by the Russian Federation includes statistical data for the Autonomous Republic of Crimea and the city of Sevastopol, Ukraine, temporarily occupied by the Russian Federation. Pertain to agricultural enterprises",,,1-2
farms.faostat-wcad.area-by-land-size,RUS,2006,1711.0,,,,final,"WCA 2010 round, census 2006. FAO flag I: Value imputed by a receiving agency.",,,2-3
farms.faostat-wcad.area-by-land-size,RUS,2016,675.0,,,,final,"WCA 2020 round, census 2016. FAO flag I: Value imputed by a receiving agency. FAO's note: Information provided by the Russian Federation includes statistical data for the Autonomous Republic of Crimea and the city of Sevastopol, Ukraine, temporarily occupied by the Russian Federation. Pertain to agricultural enterprises",,,2-3
farms.faostat-wcad.area-by-land-size,RUS,2006,1570.0,,,,final,"WCA 2010 round, census 2006. FAO flag I: Value imputed by a receiving agency.",,,3-4
farms.faostat-wcad.area-by-land-size,RUS,2016,587.0,,,,final,"WCA 2020 round, census 2016. FAO flag I: Value imputed by a receiving agency. FAO's note: Information provided by the Russian Federation includes statistical data for the Autonomous Republic of Crimea and the city of Sevastopol, Ukraine, temporarily occupied by the Russian Federation. Pertain to agricultural enterprises",,,3-4
farms.faostat-wcad.area-by-land-size,RUS,2006,1459.0,,,,final,"WCA 2010 round, census 2006. FAO flag I: Value imputed by a receiving agency.",,,4-5
farms.faostat-wcad.area-by-land-size,RUS,2016,1476.0,,,,final,"WCA 2020 round, census 2016. FAO flag I: Value imputed by a receiving agency. FAO's note: Information provided by the Russian Federation includes statistical data for the Autonomous Republic of Crimea and the city of Sevastopol, Ukraine, temporarily occupied by the Russian Federation. Pertain to agricultural enterprises",,,4-5
farms.faostat-wcad.area-by-land-size,RUS,2006,6166.0,,,,final,"WCA 2010 round, census 2006. FAO flag I: Value imputed by a receiving agency.",,,5-10
farms.faostat-wcad.area-by-land-size,RUS,2016,5824.0,,,,final,"WCA 2020 round, census 2016. FAO flag I: Value imputed by a receiving agency. FAO's note: Information provided by the Russian Federation includes statistical data for the Autonomous Republic of Crimea and the city of Sevastopol, Ukraine, temporarily occupied by the Russian Federation. Pertain to agricultural enterprises",,,5-10
farms.faostat-wcad.area-by-land-size,RUS,2006,24500.0,,,,final,"WCA 2010 round, census 2006. FAO flag A: Official figure.",,,10-20
farms.faostat-wcad.area-by-land-size,RUS,2016,14800.0,,,,final,"WCA 2020 round, census 2016. FAO flag A: Official figure. FAO's note: Information provided by the Russian Federation includes statistical data for the Autonomous Republic of Crimea and the city of Sevastopol, Ukraine, temporarily occupied by the Russian Federation. Pertain to agricultural enterprises",,,10-20
farms.faostat-wcad.area-by-land-size,RUS,2006,94600.0,,,,final,"WCA 2010 round, census 2006. FAO flag A: Official figure.",,,20-50
farms.faostat-wcad.area-by-land-size,RUS,2016,62500.0,,,,final,"WCA 2020 round, census 2016. FAO flag A: Official figure. FAO's note: Information provided by the Russian Federation includes statistical data for the Autonomous Republic of Crimea and the city of Sevastopol, Ukraine, temporarily occupied by the Russian Federation. Pertain to agricultural enterprises",,,20-50
farms.faostat-wcad.area-by-land-size,RUS,2006,187100.0,,,,final,"WCA 2010 round, census 2006. FAO flag A: Official figure.",,,50-100
farms.faostat-wcad.area-by-land-size,RUS,2016,133000.0,,,,final,"WCA 2020 round, census 2016. FAO flag A: Official figure. FAO's note: Information provided by the Russian Federation includes statistical data for the Autonomous Republic of Crimea and the city of Sevastopol, Ukraine, temporarily occupied by the Russian Federation. Pertain to agricultural enterprises",,,50-100
farms.faostat-wcad.area-by-land-size,RUS,2006,397800.0,,,,final,"WCA 2010 round, census 2006. FAO flag A: Official figure.",,,100-200
farms.faostat-wcad.area-by-land-size,RUS,2016,296000.0,,,,final,"WCA 2020 round, census 2016. FAO flag A: Official figure. FAO's note: Information provided by the Russian Federation includes statistical data for the Autonomous Republic of Crimea and the city of Sevastopol, Ukraine, temporarily occupied by the Russian Federation. Pertain to agricultural enterprises",,,100-200
farms.faostat-wcad.area-by-land-size,RUS,2006,1598700.0,,,,final,"WCA 2010 round, census 2006. FAO flag A: Official figure.",,,200-500
farms.faostat-wcad.area-by-land-size,RUS,2016,1228900.0,,,,final,"WCA 2020 round, census 2016. FAO flag A: Official figure. FAO's note: Information provided by the Russian Federation includes statistical data for the Autonomous Republic of Crimea and the city of Sevastopol, Ukraine, temporarily occupied by the Russian Federation. Pertain to agricultural enterprises",,,200-500
farms.faostat-wcad.area-by-land-size,RUS,2006,4571501.0,,,,final,"WCA 2010 round, census 2006. FAO flag I: Value imputed by a receiving agency.",,,500-1000
farms.faostat-wcad.area-by-land-size,RUS,2016,3334775.0,,,,final,"WCA 2020 round, census 2016. FAO flag I: Value imputed by a receiving agency. FAO's note: Information provided by the Russian Federation includes statistical data for the Autonomous Republic of Crimea and the city of Sevastopol, Ukraine, temporarily occupied by the Russian Federation. Pertain to agricultural enterprises",,,500-1000
farms.faostat-wcad.area-by-land-size,RUS,2006,13905002.0,,,,final,"WCA 2010 round, census 2006. FAO flag I: Value imputed by a receiving agency.",,,1000-2500
farms.faostat-wcad.area-by-land-size,RUS,2016,8691280.0,,,,final,"WCA 2020 round, census 2016. FAO flag I: Value imputed by a receiving agency. FAO's note: Information provided by the Russian Federation includes statistical data for the Autonomous Republic of Crimea and the city of Sevastopol, Ukraine, temporarily occupied by the Russian Federation. Pertain to agricultural enterprises",,,1000-2500
farms.faostat-wcad.area-by-land-size,RUS,2006,389463997.0,,,,final,"WCA 2010 round, census 2006. FAO flag I: Value imputed by a receiving agency.",,,2500-plus
farms.faostat-wcad.area-by-land-size,RUS,2016,277009445.0,,,,final,"WCA 2020 round, census 2016. FAO flag I: Value imputed by a receiving agency. FAO's note: Information provided by the Russian Federation includes statistical data for the Autonomous Republic of Crimea and the city of Sevastopol, Ukraine, temporarily occupied by the Russian Federation. Pertain to agricultural enterprises",,,2500-plus
farms.faostat-wcad.area-by-land-size,RWA,1984,341530.0,,,,final,"WCA 1980 round, census 1984. FAO flag A: Official figure.",,,0-1
farms.faostat-wcad.area-by-land-size,RWA,1984,429276.0,,,,final,"WCA 1980 round, census 1984. FAO flag A: Official figure.",,,1-2
farms.faostat-wcad.area-by-land-size,RWA,1984,579117.0,,,,final,"WCA 1980 round, census 1984. FAO flag A: Official figure.",,,2-5
farms.faostat-wcad.area-by-land-size,SAU,1973/1974,33085.0,,,,final,"WCA 1970 round, census 1973/74. FAO flag A: Official figure.",,,0-1
farms.faostat-wcad.area-by-land-size,SAU,1983,37336.0,,,,final,"WCA 1980 round, census 1983. FAO flag A: Official figure.",,,0-1
farms.faostat-wcad.area-by-land-size,SAU,2015,44888.0,,,,final,"WCA 2010 round, census 2015. FAO flag A: Official figure.",,,0-1
farms.faostat-wcad.area-by-land-size,SAU,1973/1974,50971.0,,,,final,"WCA 1970 round, census 1973/74. FAO flag A: Official figure.",,,1-2
farms.faostat-wcad.area-by-land-size,SAU,1983,52673.0,,,,final,"WCA 1980 round, census 1983. FAO flag A: Official figure.",,,1-2
farms.faostat-wcad.area-by-land-size,SAU,2015,37689.0,,,,final,"WCA 2010 round, census 2015. FAO flag A: Official figure.",,,1-2
farms.faostat-wcad.area-by-land-size,SAU,2015,42587.0,,,,final,"WCA 2010 round, census 2015. FAO flag I: Value imputed by a receiving agency.",,,2-3
farms.faostat-wcad.area-by-land-size,SAU,2015,34015.0,,,,final,"WCA 2010 round, census 2015. FAO flag I: Value imputed by a receiving agency.",,,3-4
farms.faostat-wcad.area-by-land-size,SAU,2015,28418.0,,,,final,"WCA 2010 round, census 2015. FAO flag I: Value imputed by a receiving agency.",,,4-5
farms.faostat-wcad.area-by-land-size,SAU,1973/1974,100486.0,,,,final,"WCA 1970 round, census 1973/74. FAO flag A: Official figure.",,,2-5
farms.faostat-wcad.area-by-land-size,SAU,1983,112665.0,,,,final,"WCA 1980 round, census 1983. FAO flag A: Official figure.",,,2-5
farms.faostat-wcad.area-by-land-size,SAU,1973/1974,118807.0,,,,final,"WCA 1970 round, census 1973/74. FAO flag A: Official figure.",,,5-10
farms.faostat-wcad.area-by-land-size,SAU,1983,160066.0,,,,final,"WCA 1980 round, census 1983. FAO flag A: Official figure.",,,5-10
farms.faostat-wcad.area-by-land-size,SAU,2015,155173.0,,,,final,"WCA 2010 round, census 2015. FAO flag A: Official figure.",,,5-10
farms.faostat-wcad.area-by-land-size,SAU,1973/1974,164733.0,,,,final,"WCA 1970 round, census 1973/74. FAO flag A: Official figure.",,,10-20
farms.faostat-wcad.area-by-land-size,SAU,1983,231445.0,,,,final,"WCA 1980 round, census 1983. FAO flag A: Official figure.",,,10-20
farms.faostat-wcad.area-by-land-size,SAU,2015,165085.0,,,,final,"WCA 2010 round, census 2015. FAO flag A: Official figure.",,,10-20
farms.faostat-wcad.area-by-land-size,SAU,1973/1974,188176.0,,,,final,"WCA 1970 round, census 1973/74. FAO flag A: Official figure.",,,20-50
farms.faostat-wcad.area-by-land-size,SAU,1983,301721.0,,,,final,"WCA 1980 round, census 1983. FAO flag A: Official figure.",,,20-50
farms.faostat-wcad.area-by-land-size,SAU,2015,273500.0,,,,final,"WCA 2010 round, census 2015. FAO flag A: Official figure.",,,20-50
farms.faostat-wcad.area-by-land-size,SAU,1973/1974,127929.0,,,,final,"WCA 1970 round, census 1973/74. FAO flag A: Official figure.",,,50-100
farms.faostat-wcad.area-by-land-size,SAU,1983,235541.0,,,,final,"WCA 1980 round, census 1983. FAO flag A: Official figure.",,,50-100
farms.faostat-wcad.area-by-land-size,SAU,2015,303077.0,,,,final,"WCA 2010 round, census 2015. FAO flag A: Official figure.",,,50-100
farms.faostat-wcad.area-by-land-size,SAU,1973/1974,429275.0,,,,final,"WCA 1970 round, census 1973/74. FAO flag A: Official figure.",,,100-200
farms.faostat-wcad.area-by-land-size,SAU,1983,223042.0,,,,final,"WCA 1980 round, census 1983. FAO flag A: Official figure.",,,100-200
farms.faostat-wcad.area-by-land-size,SAU,2015,404315.0,,,,final,"WCA 2010 round, census 2015. FAO flag A: Official figure.",,,100-200
farms.faostat-wcad.area-by-land-size,SAU,1983,205277.0,,,,final,"WCA 1980 round, census 1983. FAO flag A: Official figure.",,,200-500
farms.faostat-wcad.area-by-land-size,SAU,2015,630404.0,,,,final,"WCA 2010 round, census 2015. FAO flag A: Official figure.",,,200-500
farms.faostat-wcad.area-by-land-size,SAU,1983,575267.0,,,,final,"WCA 1980 round, census 1983. FAO flag A: Official figure.",,,500-1000
farms.faostat-wcad.area-by-land-size,SAU,2015,1302706.0,,,,final,"WCA 2010 round, census 2015. FAO flag A: Official figure.",,,500-1000
farms.faostat-wcad.area-by-land-size,SEN,1960/1961,33535.0,,,,final,"WCA 1960 round, census 1960/61. FAO flag A: Official figure.",,,0-1
farms.faostat-wcad.area-by-land-size,SEN,1998/1999,45383.0,,,,final,"WCA 2000 round, census 1998/99. FAO flag A: Official figure. FAO's note: Cultivated land",,,0-1
farms.faostat-wcad.area-by-land-size,SEN,1960/1961,95375.0,,,,final,"WCA 1960 round, census 1960/61. FAO flag A: Official figure.",,,1-2
farms.faostat-wcad.area-by-land-size,SEN,1998/1999,106628.0,,,,final,"WCA 2000 round, census 1998/99. FAO flag A: Official figure. FAO's note: Cultivated land",,,1-2
farms.faostat-wcad.area-by-land-size,SEN,1960/1961,334291.0,,,,final,"WCA 1960 round, census 1960/61. FAO flag A: Official figure.",,,2-5
farms.faostat-wcad.area-by-land-size,SEN,1998/1999,473239.0,,,,final,"WCA 2000 round, census 1998/99. FAO flag A: Official figure. FAO's note: Cultivated land",,,2-5
farms.faostat-wcad.area-by-land-size,SEN,1960/1961,329757.0,,,,final,"WCA 1960 round, census 1960/61. FAO flag A: Official figure.",,,5-10
farms.faostat-wcad.area-by-land-size,SEN,1998/1999,632071.0,,,,final,"WCA 2000 round, census 1998/99. FAO flag A: Official figure. FAO's note: Cultivated land",,,5-10
farms.faostat-wcad.area-by-land-size,SEN,1960/1961,279385.0,,,,final,"WCA 1960 round, census 1960/61. FAO flag A: Official figure.",,,10-20
farms.faostat-wcad.area-by-land-size,SEN,1998/1999,458886.0,,,,final,"WCA 2000 round, census 1998/99. FAO flag A: Official figure. FAO's note: Cultivated land",,,10-20
farms.faostat-wcad.area-by-land-size,SEN,1998/1999,161477.0,,,,final,"WCA 2000 round, census 1998/99. FAO flag A: Official figure. FAO's note: Cultivated land",,,20-50
farms.faostat-wcad.area-by-land-size,SGP,1973,5803.0,,,,final,"WCA 1970 round, census 1973. FAO flag A: Official figure.",,,0-1
farms.faostat-wcad.area-by-land-size,SGP,1973,3895.0,,,,final,"WCA 1970 round, census 1973. FAO flag A: Official figure.",,,1-2
farms.faostat-wcad.area-by-land-size,SGP,1973,1885.0,,,,final,"WCA 1970 round, census 1973. FAO flag A: Official figure.",,,2-5
farms.faostat-wcad.area-by-land-size,SGP,1973,250.0,,,,final,"WCA 1970 round, census 1973. FAO flag A: Official figure.",,,5-10
farms.faostat-wcad.area-by-land-size,SLE,1970/1971,51246.52,,,,final,"WCA 1970 round, census 1970/71. FAO flag I: Value imputed by a receiving agency.",,,0-1
farms.faostat-wcad.area-by-land-size,SLE,1985,57304.0,,,,final,"WCA 1980 round, census 1985. FAO flag A: Official figure.",,,0-1
farms.faostat-wcad.area-by-land-size,SLE,1970/1971,109811.48,,,,final,"WCA 1970 round, census 1970/71. FAO flag I: Value imputed by a receiving agency.",,,1-2
farms.faostat-wcad.area-by-land-size,SLE,1985,82320.0,,,,final,"WCA 1980 round, census 1985. FAO flag A: Official figure.",,,1-2
farms.faostat-wcad.area-by-land-size,SLE,1970/1971,251583.14,,,,final,"WCA 1970 round, census 1970/71. FAO flag I: Value imputed by a receiving agency.",,,2-5
farms.faostat-wcad.area-by-land-size,SLE,1985,139772.62,,,,final,"WCA 1980 round, census 1985. FAO flag I: Value imputed by a receiving agency.",,,2-5
farms.faostat-wcad.area-by-land-size,SLE,1970/1971,78372.14,,,,final,"WCA 1970 round, census 1970/71. FAO flag I: Value imputed by a receiving agency.",,,5-10
farms.faostat-wcad.area-by-land-size,SLE,1985,56860.11,,,,final,"WCA 1980 round, census 1985. FAO flag I: Value imputed by a receiving agency.",,,5-10
farms.faostat-wcad.area-by-land-size,SLE,1970/1971,29276.58,,,,final,"WCA 1970 round, census 1970/71. FAO flag I: Value imputed by a receiving agency.",,,10-20
farms.faostat-wcad.area-by-land-size,SLE,1985,27772.27,,,,final,"WCA 1980 round, census 1985. FAO flag I: Value imputed by a receiving agency.",,,10-20
farms.faostat-wcad.area-by-land-size,SLE,1970/1971,282.14,,,,final,"WCA 1970 round, census 1970/71. FAO flag I: Value imputed by a receiving agency.",,,20-50
farms.faostat-wcad.area-by-land-size,SLV,1950,35203.0,,,,final,"WCA 1950 round, census 1950. FAO flag A: Official figure.",,,0-1
farms.faostat-wcad.area-by-land-size,SLV,1961,55473.0,,,,final,"WCA 1960 round, census 1961. FAO flag A: Official figure.",,,0-1
farms.faostat-wcad.area-by-land-size,SLV,1970/1971,70287.0,,,,final,"WCA 1970 round, census 1970/71. FAO flag A: Official figure.",,,0-1
farms.faostat-wcad.area-by-land-size,SLV,1950,48917.35,,,,final,"WCA 1950 round, census 1950. FAO flag I: Value imputed by a receiving agency.",,,1-2
farms.faostat-wcad.area-by-land-size,SLV,1961,63545.0,,,,final,"WCA 1960 round, census 1961. FAO flag A: Official figure.",,,1-2
farms.faostat-wcad.area-by-land-size,SLV,1970/1971,81039.0,,,,final,"WCA 1970 round, census 1970/71. FAO flag A: Official figure.",,,1-2
farms.faostat-wcad.area-by-land-size,SLV,1950,106068.65,,,,final,"WCA 1950 round, census 1950. FAO flag I: Value imputed by a receiving agency.",,,2-5
farms.faostat-wcad.area-by-land-size,SLV,1961,112542.0,,,,final,"WCA 1960 round, census 1961. FAO flag A: Official figure.",,,2-5
farms.faostat-wcad.area-by-land-size,SLV,1970/1971,131984.0,,,,final,"WCA 1970 round, census 1970/71. FAO flag A: Official figure.",,,2-5
farms.faostat-wcad.area-by-land-size,SLV,1950,99446.0,,,,final,"WCA 1950 round, census 1950. FAO flag A: Official figure.",,,5-10
farms.faostat-wcad.area-by-land-size,SLV,1961,101564.0,,,,final,"WCA 1960 round, census 1961. FAO flag A: Official figure.",,,5-10
farms.faostat-wcad.area-by-land-size,SLV,1970/1971,110472.0,,,,final,"WCA 1970 round, census 1970/71. FAO flag A: Official figure.",,,5-10
farms.faostat-wcad.area-by-land-size,SLV,1950,122477.0,,,,final,"WCA 1950 round, census 1950. FAO flag A: Official figure.",,,10-20
farms.faostat-wcad.area-by-land-size,SLV,1961,128207.0,,,,final,"WCA 1960 round, census 1961. FAO flag A: Official figure.",,,10-20
farms.faostat-wcad.area-by-land-size,SLV,1970/1971,126974.0,,,,final,"WCA 1970 round, census 1970/71. FAO flag A: Official figure.",,,10-20
farms.faostat-wcad.area-by-land-size,SLV,1950,206334.0,,,,final,"WCA 1950 round, census 1950. FAO flag A: Official figure.",,,20-50
farms.faostat-wcad.area-by-land-size,SLV,1961,210343.0,,,,final,"WCA 1960 round, census 1961. FAO flag A: Official figure.",,,20-50
farms.faostat-wcad.area-by-land-size,SLV,1970/1971,215455.0,,,,final,"WCA 1970 round, census 1970/71. FAO flag A: Official figure.",,,20-50
farms.faostat-wcad.area-by-land-size,SLV,1950,147640.0,,,,final,"WCA 1950 round, census 1950. FAO flag A: Official figure.",,,50-100
farms.faostat-wcad.area-by-land-size,SLV,1961,166273.0,,,,final,"WCA 1960 round, census 1961. FAO flag A: Official figure.",,,50-100
farms.faostat-wcad.area-by-land-size,SLV,1970/1971,154164.0,,,,final,"WCA 1970 round, census 1970/71. FAO flag A: Official figure.",,,50-100
farms.faostat-wcad.area-by-land-size,SLV,1950,145692.0,,,,final,"WCA 1950 round, census 1950. FAO flag A: Official figure.",,,100-200
farms.faostat-wcad.area-by-land-size,SLV,1961,132381.0,,,,final,"WCA 1960 round, census 1961. FAO flag A: Official figure.",,,100-200
farms.faostat-wcad.area-by-land-size,SLV,1970/1971,152056.0,,,,final,"WCA 1970 round, census 1970/71. FAO flag A: Official figure.",,,100-200
farms.faostat-wcad.area-by-land-size,SLV,1950,198025.0,,,,final,"WCA 1950 round, census 1950. FAO flag A: Official figure.",,,200-500
farms.faostat-wcad.area-by-land-size,SLV,1961,214079.0,,,,final,"WCA 1960 round, census 1961. FAO flag A: Official figure.",,,200-500
farms.faostat-wcad.area-by-land-size,SLV,1970/1971,190822.0,,,,final,"WCA 1970 round, census 1970/71. FAO flag A: Official figure.",,,200-500
farms.faostat-wcad.area-by-land-size,SLV,1950,115402.0,,,,final,"WCA 1950 round, census 1950. FAO flag A: Official figure.",,,500-1000
farms.faostat-wcad.area-by-land-size,SLV,1961,128145.0,,,,final,"WCA 1960 round, census 1961. FAO flag A: Official figure.",,,500-1000
farms.faostat-wcad.area-by-land-size,SLV,1970/1971,95061.0,,,,final,"WCA 1970 round, census 1970/71. FAO flag A: Official figure.",,,500-1000
farms.faostat-wcad.area-by-land-size,SLV,1950,305118.0,,,,final,"WCA 1950 round, census 1950. FAO flag A: Official figure.",,,1000-plus
farms.faostat-wcad.area-by-land-size,SLV,1961,246887.0,,,,final,"WCA 1960 round, census 1961. FAO flag A: Official figure.",,,1000-plus
farms.faostat-wcad.area-by-land-size,SLV,1970/1971,123580.0,,,,final,"WCA 1970 round, census 1970/71. FAO flag A: Official figure.",,,1000-plus
farms.faostat-wcad.area-by-land-size,SRB,2002,89994.0,,,,final,"WCA 2000 round, census 2002. FAO flag A: Official figure. FAO's note: Agricultural area",,,0-1
farms.faostat-wcad.area-by-land-size,SRB,2012,91837.0,,,,final,"WCA 2010 round, census 2012. FAO flag A: Official figure. FAO's note: UAA",,,0-1
farms.faostat-wcad.area-by-land-size,SRB,2023,57055.0,,,,final,"WCA 2020 round, census 2023. FAO flag A: Official figure. FAO's note: Figures are rounded.",,,0-1
farms.faostat-wcad.area-by-land-size,SRB,2002,167954.0,,,,final,"WCA 2000 round, census 2002. FAO flag A: Official figure. FAO's note: Agricultural area",,,1-2
farms.faostat-wcad.area-by-land-size,SRB,2012,181785.0,,,,final,"WCA 2010 round, census 2012. FAO flag A: Official figure. FAO's note: UAA",,,1-2
farms.faostat-wcad.area-by-land-size,SRB,2023,131718.0,,,,final,"WCA 2020 round, census 2023. FAO flag A: Official figure. FAO's note: Figures are rounded.",,,1-2
farms.faostat-wcad.area-by-land-size,SRB,2012,225340.0,,,,final,"WCA 2010 round, census 2012. FAO flag I: Value imputed by a receiving agency. FAO's note: UAA",,,2-3
farms.faostat-wcad.area-by-land-size,SRB,2012,197102.0,,,,final,"WCA 2010 round, census 2012. FAO flag I: Value imputed by a receiving agency. FAO's note: UAA",,,3-4
farms.faostat-wcad.area-by-land-size,SRB,2012,173611.0,,,,final,"WCA 2010 round, census 2012. FAO flag I: Value imputed by a receiving agency. FAO's note: UAA",,,4-5
farms.faostat-wcad.area-by-land-size,SRB,2002,574813.0,,,,final,"WCA 2000 round, census 2002. FAO flag A: Official figure. FAO's note: Agricultural area",,,2-5
farms.faostat-wcad.area-by-land-size,SRB,2023,494994.0,,,,final,"WCA 2020 round, census 2023. FAO flag A: Official figure. FAO's note: Figures are rounded.",,,2-5
farms.faostat-wcad.area-by-land-size,SRB,2002,631747.0,,,,final,"WCA 2000 round, census 2002. FAO flag A: Official figure. FAO's note: Agricultural area",,,5-10
farms.faostat-wcad.area-by-land-size,SRB,2012,617281.0,,,,final,"WCA 2010 round, census 2012. FAO flag A: Official figure. FAO's note: UAA",,,5-10
farms.faostat-wcad.area-by-land-size,SRB,2023,631039.0,,,,final,"WCA 2020 round, census 2023. FAO flag A: Official figure. FAO's note: Figures are rounded.",,,5-10
farms.faostat-wcad.area-by-land-size,SRB,2002,316213.0,,,,final,"WCA 2000 round, census 2002. FAO flag A: Official figure. FAO's note: Agricultural area",,,10-20
farms.faostat-wcad.area-by-land-size,SRB,2012,435499.0,,,,final,"WCA 2010 round, census 2012. FAO flag A: Official figure. FAO's note: UAA",,,10-20
farms.faostat-wcad.area-by-land-size,SRB,2023,618644.0,,,,final,"WCA 2020 round, census 2023. FAO flag A: Official figure. FAO's note: Figures are rounded.",,,10-20
farms.faostat-wcad.area-by-land-size,SRB,2002,138702.0,,,,final,"WCA 2000 round, census 2002. FAO flag A: Official figure. FAO's note: Agricultural area",,,20-50
farms.faostat-wcad.area-by-land-size,SRB,2012,389512.0,,,,final,"WCA 2010 round, census 2012. FAO flag A: Official figure. FAO's note: UAA",,,20-50
farms.faostat-wcad.area-by-land-size,SRB,2023,592828.0,,,,final,"WCA 2020 round, census 2023. FAO flag A: Official figure. FAO's note: Figures are rounded.",,,20-50
farms.faostat-wcad.area-by-land-size,SRB,2012,314096.0,,,,final,"WCA 2010 round, census 2012. FAO flag A: Official figure. FAO's note: UAA",,,50-100
farms.faostat-wcad.area-by-land-size,SRB,2023,206020.0,,,,final,"WCA 2020 round, census 2023. FAO flag A: Official figure. FAO's note: Figures are rounded.",,,50-100
farms.faostat-wcad.area-by-land-size,SRB,2012,811362.0,,,,final,"WCA 2010 round, census 2012. FAO flag A: Official figure. FAO's note: UAA",,,100-200
farms.faostat-wcad.area-by-land-size,SRB,2023,507076.0,,,,final,"WCA 2020 round, census 2023. FAO flag A: Official figure. FAO's note: Figures are rounded.",,,100-200
farms.faostat-wcad.area-by-land-size,SUR,1959,1810.0,,,,final,"WCA 1960 round, census 1959. FAO flag A: Official figure. FAO's note: Includes holdings without land",,,0-1
farms.faostat-wcad.area-by-land-size,SUR,1969,1862.0,,,,final,"WCA 1970 round, census 1969. FAO flag A: Official figure.",,,0-1
farms.faostat-wcad.area-by-land-size,SUR,1959,6133.0,,,,final,"WCA 1960 round, census 1959. FAO flag A: Official figure.",,,1-2
farms.faostat-wcad.area-by-land-size,SUR,1969,5658.0,,,,final,"WCA 1970 round, census 1969. FAO flag A: Official figure.",,,1-2
farms.faostat-wcad.area-by-land-size,SUR,1959,16952.0,,,,final,"WCA 1960 round, census 1959. FAO flag A: Official figure.",,,2-5
farms.faostat-wcad.area-by-land-size,SUR,1969,17787.0,,,,final,"WCA 1970 round, census 1969. FAO flag A: Official figure.",,,2-5
farms.faostat-wcad.area-by-land-size,SUR,1959,12939.0,,,,final,"WCA 1960 round, census 1959. FAO flag A: Official figure.",,,5-10
farms.faostat-wcad.area-by-land-size,SUR,1969,11787.0,,,,final,"WCA 1970 round, census 1969. FAO flag A: Official figure.",,,5-10
farms.faostat-wcad.area-by-land-size,SUR,1959,9105.0,,,,final,"WCA 1960 round, census 1959. FAO flag A: Official figure.",,,10-20
farms.faostat-wcad.area-by-land-size,SUR,1969,7240.0,,,,final,"WCA 1970 round, census 1969. FAO flag A: Official figure.",,,10-20
farms.faostat-wcad.area-by-land-size,SUR,1959,7325.0,,,,final,"WCA 1960 round, census 1959. FAO flag A: Official figure.",,,20-50
farms.faostat-wcad.area-by-land-size,SUR,1969,7221.0,,,,final,"WCA 1970 round, census 1969. FAO flag A: Official figure.",,,20-50
farms.faostat-wcad.area-by-land-size,SUR,1959,3518.0,,,,final,"WCA 1960 round, census 1959. FAO flag A: Official figure.",,,50-100
farms.faostat-wcad.area-by-land-size,SUR,1969,1799.0,,,,final,"WCA 1970 round, census 1969. FAO flag A: Official figure.",,,50-100
farms.faostat-wcad.area-by-land-size,SUR,1959,3478.0,,,,final,"WCA 1960 round, census 1959. FAO flag A: Official figure.",,,100-200
farms.faostat-wcad.area-by-land-size,SUR,1969,2585.0,,,,final,"WCA 1970 round, census 1969. FAO flag A: Official figure.",,,100-200
farms.faostat-wcad.area-by-land-size,SUR,1959,10918.0,,,,final,"WCA 1960 round, census 1959. FAO flag A: Official figure.",,,200-500
farms.faostat-wcad.area-by-land-size,SUR,1969,6338.0,,,,final,"WCA 1970 round, census 1969. FAO flag A: Official figure.",,,200-500
farms.faostat-wcad.area-by-land-size,SUR,1959,14277.0,,,,final,"WCA 1960 round, census 1959. FAO flag A: Official figure.",,,500-1000
farms.faostat-wcad.area-by-land-size,SUR,1969,8833.0,,,,final,"WCA 1970 round, census 1969. FAO flag A: Official figure.",,,500-1000
farms.faostat-wcad.area-by-land-size,SUR,1959,19377.0,,,,final,"WCA 1960 round, census 1959. FAO flag A: Official figure.",,,1000-plus
farms.faostat-wcad.area-by-land-size,SUR,1969,22723.0,,,,final,"WCA 1970 round, census 1969. FAO flag A: Official figure.",,,1000-plus
farms.faostat-wcad.area-by-land-size,SVK,2010,3054.0,,,,final,"WCA 2010 round, census 2010. FAO flag I: Value imputed by a receiving agency. FAO's note: UAA",,,0-1
farms.faostat-wcad.area-by-land-size,SVK,2020,534.0,,,,final,"WCA 2020 round, census 2020. FAO flag I: Value imputed by a receiving agency. FAO's note: UAA",,,0-1
farms.faostat-wcad.area-by-land-size,SVK,2010,6216.0,,,,final,"WCA 2010 round, census 2010. FAO flag I: Value imputed by a receiving agency. FAO's note: UAA",,,1-2
farms.faostat-wcad.area-by-land-size,SVK,2020,1086.0,,,,final,"WCA 2020 round, census 2020. FAO flag I: Value imputed by a receiving agency. FAO's note: UAA",,,1-2
farms.faostat-wcad.area-by-land-size,SVK,2010,6481.0,,,,final,"WCA 2010 round, census 2010. FAO flag I: Value imputed by a receiving agency. FAO's note: UAA",,,2-3
farms.faostat-wcad.area-by-land-size,SVK,2020,3905.0,,,,final,"WCA 2020 round, census 2020. FAO flag I: Value imputed by a receiving agency. FAO's note: UAA",,,2-3
farms.faostat-wcad.area-by-land-size,SVK,2010,6448.0,,,,final,"WCA 2010 round, census 2010. FAO flag I: Value imputed by a receiving agency. FAO's note: UAA",,,3-4
farms.faostat-wcad.area-by-land-size,SVK,2020,3885.0,,,,final,"WCA 2020 round, census 2020. FAO flag I: Value imputed by a receiving agency. FAO's note: UAA",,,3-4
farms.faostat-wcad.area-by-land-size,SVK,2010,6191.0,,,,final,"WCA 2010 round, census 2010. FAO flag I: Value imputed by a receiving agency. FAO's note: UAA",,,4-5
farms.faostat-wcad.area-by-land-size,SVK,2020,3730.0,,,,final,"WCA 2020 round, census 2020. FAO flag I: Value imputed by a receiving agency. FAO's note: UAA",,,4-5
farms.faostat-wcad.area-by-land-size,SVK,2010,18150.0,,,,final,"WCA 2010 round, census 2010. FAO flag A: Official figure. FAO's note: UAA",,,5-10
farms.faostat-wcad.area-by-land-size,SVK,2020,25900.0,,,,final,"WCA 2020 round, census 2020. FAO flag A: Official figure. FAO's note: UAA",,,5-10
farms.faostat-wcad.area-by-land-size,SVK,2010,22860.0,,,,final,"WCA 2010 round, census 2010. FAO flag A: Official figure. FAO's note: UAA",,,10-20
farms.faostat-wcad.area-by-land-size,SVK,2020,34570.0,,,,final,"WCA 2020 round, census 2020. FAO flag A: Official figure. FAO's note: UAA",,,10-20
farms.faostat-wcad.area-by-land-size,SVK,2010,44190.0,,,,final,"WCA 2010 round, census 2010. FAO flag A: Official figure. FAO's note: UAA",,,20-50
farms.faostat-wcad.area-by-land-size,SVK,2020,67450.0,,,,final,"WCA 2020 round, census 2020. FAO flag A: Official figure. FAO's note: UAA",,,20-50
farms.faostat-wcad.area-by-land-size,SVK,2010,55430.0,,,,final,"WCA 2010 round, census 2010. FAO flag A: Official figure. FAO's note: UAA",,,50-100
farms.faostat-wcad.area-by-land-size,SVK,2020,71700.0,,,,final,"WCA 2020 round, census 2020. FAO flag A: Official figure. FAO's note: UAA",,,50-100
farms.faostat-wcad.area-by-land-size,SVK,2010,1726490.0,,,,final,"WCA 2010 round, census 2010. FAO flag A: Official figure. FAO's note: UAA",,,100-200
farms.faostat-wcad.area-by-land-size,SVK,2020,1649900.0,,,,final,"WCA 2020 round, census 2020. FAO flag A: Official figure. FAO's note: UAA",,,100-200
farms.faostat-wcad.area-by-land-size,SVN,2010,10950.0,,,,final,"WCA 2010 round, census 2010. FAO flag I: Value imputed by a receiving agency. FAO's note: UAA",,,0-1
farms.faostat-wcad.area-by-land-size,SVN,2020,6674.0,,,,final,"WCA 2020 round, census 2020. FAO flag I: Value imputed by a receiving agency. FAO's note: UAA",,,0-1
farms.faostat-wcad.area-by-land-size,SVN,2010,21900.0,,,,final,"WCA 2010 round, census 2010. FAO flag A: Official figure. FAO's note: UAA",,,1-2
farms.faostat-wcad.area-by-land-size,SVN,2020,13586.0,,,,final,"WCA 2020 round, census 2020. FAO flag I: Value imputed by a receiving agency. FAO's note: UAA",,,1-2
farms.faostat-wcad.area-by-land-size,SVN,2010,27950.0,,,,final,"WCA 2010 round, census 2010. FAO flag I: Value imputed by a receiving agency. FAO's note: UAA",,,2-3
farms.faostat-wcad.area-by-land-size,SVN,2020,25822.0,,,,final,"WCA 2020 round, census 2020. FAO flag I: Value imputed by a receiving agency. FAO's note: UAA",,,2-3
farms.faostat-wcad.area-by-land-size,SVN,2010,27807.0,,,,final,"WCA 2010 round, census 2010. FAO flag I: Value imputed by a receiving agency. FAO's note: UAA",,,3-4
farms.faostat-wcad.area-by-land-size,SVN,2020,25690.0,,,,final,"WCA 2020 round, census 2020. FAO flag I: Value imputed by a receiving agency. FAO's note: UAA",,,3-4
farms.faostat-wcad.area-by-land-size,SVN,2010,26702.0,,,,final,"WCA 2010 round, census 2010. FAO flag I: Value imputed by a receiving agency. FAO's note: UAA",,,4-5
farms.faostat-wcad.area-by-land-size,SVN,2020,24669.0,,,,final,"WCA 2020 round, census 2020. FAO flag I: Value imputed by a receiving agency. FAO's note: UAA",,,4-5
farms.faostat-wcad.area-by-land-size,SVN,2010,122320.0,,,,final,"WCA 2010 round, census 2010. FAO flag A: Official figure. FAO's note: UAA",,,5-10
farms.faostat-wcad.area-by-land-size,SVN,2020,110270.0,,,,final,"WCA 2020 round, census 2020. FAO flag A: Official figure. FAO's note: UAA",,,5-10
farms.faostat-wcad.area-by-land-size,SVN,2010,113120.0,,,,final,"WCA 2010 round, census 2010. FAO flag A: Official figure. FAO's note: UAA",,,10-20
farms.faostat-wcad.area-by-land-size,SVN,2020,108340.0,,,,final,"WCA 2020 round, census 2020. FAO flag A: Official figure. FAO's note: UAA",,,10-20
farms.faostat-wcad.area-by-land-size,SVN,2010,84630.0,,,,final,"WCA 2010 round, census 2010. FAO flag A: Official figure. FAO's note: UAA",,,20-50
farms.faostat-wcad.area-by-land-size,SVN,2020,96100.0,,,,final,"WCA 2020 round, census 2020. FAO flag A: Official figure. FAO's note: UAA",,,20-50
farms.faostat-wcad.area-by-land-size,SVN,2010,25350.0,,,,final,"WCA 2010 round, census 2010. FAO flag A: Official figure. FAO's note: UAA",,,50-100
farms.faostat-wcad.area-by-land-size,SVN,2020,35720.0,,,,final,"WCA 2020 round, census 2020. FAO flag A: Official figure. FAO's note: UAA",,,50-100
farms.faostat-wcad.area-by-land-size,SVN,2010,32880.0,,,,final,"WCA 2010 round, census 2010. FAO flag A: Official figure. FAO's note: UAA",,,100-200
farms.faostat-wcad.area-by-land-size,SVN,2020,36560.0,,,,final,"WCA 2020 round, census 2020. FAO flag A: Official figure. FAO's note: UAA",,,100-200
farms.faostat-wcad.area-by-land-size,SWE,1932,824515.0,,,,final,"WCA 1930 round, census 1932. FAO flag A: Official figure. FAO's note: Excludes 19 260 456 ha of Outlying land which mainly includes wooded land, unproductive land and, to a certain degree permnent meadows.",,,0-1
farms.faostat-wcad.area-by-land-size,SWE,1951,728925.94,,,,final,"WCA 1950 round, census 1951. FAO flag I: Value imputed by a receiving agency.",,,0-1
farms.faostat-wcad.area-by-land-size,SWE,1961,1650.0,,,,final,"WCA 1960 round, census 1961. FAO flag A: Official figure.",,,0-1
farms.faostat-wcad.area-by-land-size,SWE,1971,79597.19,,,,final,"WCA 1970 round, census 1971. FAO flag I: Value imputed by a receiving agency. FAO's note: Excluding area under permanent meadows and pastures and all other land of holdings in the size class of 0.3 and up to 2.0 ha.",,,0-1
farms.faostat-wcad.area-by-land-size,SWE,2010,112.0,,,,final,"WCA 2010 round, census 2010. FAO flag I: Value imputed by a receiving agency. FAO's note: UAA",,,0-1
farms.faostat-wcad.area-by-land-size,SWE,2020,138.0,,,,final,"WCA 2020 round, census 2020. FAO flag I: Value imputed by a receiving agency. FAO's note: UAA",,,0-1
farms.faostat-wcad.area-by-land-size,SWE,1932,1803102.0,,,,final,"WCA 1930 round, census 1932. FAO flag A: Official figure. FAO's note: Excludes 19 260 456 ha of Outlying land which mainly includes wooded land, unproductive land and, to a certain degree permnent meadows.",,,1-2
farms.faostat-wcad.area-by-land-size,SWE,1951,1685373.0,,,,final,"WCA 1950 round, census 1951. FAO flag I: Value imputed by a receiving agency.",,,1-2
farms.faostat-wcad.area-by-land-size,SWE,1961,57670.0,,,,final,"WCA 1960 round, census 1961. FAO flag A: Official figure.",,,1-2
farms.faostat-wcad.area-by-land-size,SWE,1971,182616.46,,,,final,"WCA 1970 round, census 1971. FAO flag I: Value imputed by a receiving agency. FAO's note: Excluding area under permanent meadows and pastures and all other land of holdings in the size class of 0.3 and up to 2.0 ha.",,,1-2
farms.faostat-wcad.area-by-land-size,SWE,1981,802667.0,,,,final,"WCA 1980 round, census 1981. FAO flag A: Official figure.",,,1-2
farms.faostat-wcad.area-by-land-size,SWE,1999/2000,124030.0,,,,final,"WCA 2000 round, census 1999/00. FAO flag A: Official figure. FAO's note: Agricultural area. < 2 ha",,,1-2
farms.faostat-wcad.area-by-land-size,SWE,2010,228.0,,,,final,"WCA 2010 round, census 2010. FAO flag I: Value imputed by a receiving agency. FAO's note: UAA",,,1-2
farms.faostat-wcad.area-by-land-size,SWE,2020,282.0,,,,final,"WCA 2020 round, census 2020. FAO flag I: Value imputed by a receiving agency. FAO's note: UAA",,,1-2
farms.faostat-wcad.area-by-land-size,SWE,2010,9935.0,,,,final,"WCA 2010 round, census 2010. FAO flag I: Value imputed by a receiving agency. FAO's note: UAA",,,2-3
farms.faostat-wcad.area-by-land-size,SWE,2020,7050.0,,,,final,"WCA 2020 round, census 2020. FAO flag I: Value imputed by a receiving agency. FAO's note: UAA",,,2-3
farms.faostat-wcad.area-by-land-size,SWE,2010,9884.0,,,,final,"WCA 2010 round, census 2010. FAO flag I: Value imputed by a receiving agency. FAO's note: UAA",,,3-4
farms.faostat-wcad.area-by-land-size,SWE,2020,7014.0,,,,final,"WCA 2020 round, census 2020. FAO flag I: Value imputed by a receiving agency. FAO's note: UAA",,,3-4
farms.faostat-wcad.area-by-land-size,SWE,2010,9491.0,,,,final,"WCA 2010 round, census 2010. FAO flag I: Value imputed by a receiving agency. FAO's note: UAA",,,4-5
farms.faostat-wcad.area-by-land-size,SWE,2020,6735.0,,,,final,"WCA 2020 round, census 2020. FAO flag I: Value imputed by a receiving agency. FAO's note: UAA",,,4-5
farms.faostat-wcad.area-by-land-size,SWE,1932,4718208.0,,,,final,"WCA 1930 round, census 1932. FAO flag A: Official figure. FAO's note: Excludes 19 260 456 ha of Outlying land which mainly includes wooded land, unproductive land and, to a certain degree permnent meadows.",,,2-5
farms.faostat-wcad.area-by-land-size,SWE,1951,3013030.23,,,,final,"WCA 1950 round, census 1951. FAO flag I: Value imputed by a receiving agency.",,,2-5
farms.faostat-wcad.area-by-land-size,SWE,1961,323370.0,,,,final,"WCA 1960 round, census 1961. FAO flag A: Official figure.",,,2-5
farms.faostat-wcad.area-by-land-size,SWE,1971,1376561.92,,,,final,"WCA 1970 round, census 1971. FAO flag I: Value imputed by a receiving agency.",,,2-5
farms.faostat-wcad.area-by-land-size,SWE,1981,1314674.0,,,,final,"WCA 1980 round, census 1981. FAO flag A: Official figure.",,,2-5
farms.faostat-wcad.area-by-land-size,SWE,1999/2000,294800.0,,,,final,"WCA 2000 round, census 1999/00. FAO flag A: Official figure. FAO's note: Agricultural area",,,2-5
farms.faostat-wcad.area-by-land-size,SWE,1932,4892130.0,,,,final,"WCA 1930 round, census 1932. FAO flag A: Official figure. FAO's note: Excludes 19 260 456 ha of Outlying land which mainly includes wooded land, unproductive land and, to a certain degree permnent meadows.",,,5-10
farms.faostat-wcad.area-by-land-size,SWE,1951,4442058.75,,,,final,"WCA 1950 round, census 1951. FAO flag I: Value imputed by a receiving agency.",,,5-10
farms.faostat-wcad.area-by-land-size,SWE,1961,696408.0,,,,final,"WCA 1960 round, census 1961. FAO flag A: Official figure.",,,5-10
farms.faostat-wcad.area-by-land-size,SWE,1971,2187652.86,,,,final,"WCA 1970 round, census 1971. FAO flag I: Value imputed by a receiving agency.",,,5-10
farms.faostat-wcad.area-by-land-size,SWE,1981,1637461.0,,,,final,"WCA 1980 round, census 1981. FAO flag A: Official figure.",,,5-10
farms.faostat-wcad.area-by-land-size,SWE,1999/2000,709200.0,,,,final,"WCA 2000 round, census 1999/00. FAO flag A: Official figure. FAO's note: Agricultural area",,,5-10
farms.faostat-wcad.area-by-land-size,SWE,2010,112930.0,,,,final,"WCA 2010 round, census 2010. FAO flag A: Official figure. FAO's note: UAA",,,5-10
farms.faostat-wcad.area-by-land-size,SWE,2020,105450.0,,,,final,"WCA 2020 round, census 2020. FAO flag A: Official figure. FAO's note: UAA",,,5-10
farms.faostat-wcad.area-by-land-size,SWE,1932,3546350.0,,,,final,"WCA 1930 round, census 1932. FAO flag A: Official figure. FAO's note: Excludes 19 260 456 ha of Outlying land which mainly includes wooded land, unproductive land and, to a certain degree permnent meadows.",,,10-20
farms.faostat-wcad.area-by-land-size,SWE,1951,3050837.14,,,,final,"WCA 1950 round, census 1951. FAO flag I: Value imputed by a receiving agency.",,,10-20
farms.faostat-wcad.area-by-land-size,SWE,1961,907936.0,,,,final,"WCA 1960 round, census 1961. FAO flag A: Official figure.",,,10-20
farms.faostat-wcad.area-by-land-size,SWE,1971,2187828.87,,,,final,"WCA 1970 round, census 1971. FAO flag I: Value imputed by a receiving agency.",,,10-20
farms.faostat-wcad.area-by-land-size,SWE,1981,2477586.0,,,,final,"WCA 1980 round, census 1981. FAO flag A: Official figure.",,,10-20
farms.faostat-wcad.area-by-land-size,SWE,1999/2000,1055310.0,,,,final,"WCA 2000 round, census 1999/00. FAO flag A: Official figure. FAO's note: Agricultural area",,,10-20
farms.faostat-wcad.area-by-land-size,SWE,2010,202680.0,,,,final,"WCA 2010 round, census 2010. FAO flag A: Official figure. FAO's note: UAA",,,10-20
farms.faostat-wcad.area-by-land-size,SWE,2020,168050.0,,,,final,"WCA 2020 round, census 2020. FAO flag A: Official figure. FAO's note: UAA",,,10-20
farms.faostat-wcad.area-by-land-size,SWE,1932,2328571.0,,,,final,"WCA 1930 round, census 1932. FAO flag A: Official figure. FAO's note: Excludes 19 260 456 ha of Outlying land which mainly includes wooded land, unproductive land and, to a certain degree permnent meadows.",,,20-50
farms.faostat-wcad.area-by-land-size,SWE,1951,1905721.71,,,,final,"WCA 1950 round, census 1951. FAO flag I: Value imputed by a receiving agency.",,,20-50
farms.faostat-wcad.area-by-land-size,SWE,1961,1027976.0,,,,final,"WCA 1960 round, census 1961. FAO flag A: Official figure.",,,20-50
farms.faostat-wcad.area-by-land-size,SWE,1971,2386805.9,,,,final,"WCA 1970 round, census 1971. FAO flag I: Value imputed by a receiving agency.",,,20-50
farms.faostat-wcad.area-by-land-size,SWE,1981,1302458.0,,,,final,"WCA 1980 round, census 1981. FAO flag A: Official figure.",,,20-50
farms.faostat-wcad.area-by-land-size,SWE,1999/2000,1894610.0,,,,final,"WCA 2000 round, census 1999/00. FAO flag A: Official figure. FAO's note: Agricultural area",,,20-50
farms.faostat-wcad.area-by-land-size,SWE,2010,488330.0,,,,final,"WCA 2010 round, census 2010. FAO flag A: Official figure. FAO's note: UAA",,,20-50
farms.faostat-wcad.area-by-land-size,SWE,2020,356370.0,,,,final,"WCA 2020 round, census 2020. FAO flag A: Official figure. FAO's note: UAA",,,20-50
farms.faostat-wcad.area-by-land-size,SWE,1932,1138833.0,,,,final,"WCA 1930 round, census 1932. FAO flag A: Official figure. FAO's note: Excludes 19 260 456 ha of Outlying land which mainly includes wooded land, unproductive land and, to a certain degree permnent meadows.",,,50-100
farms.faostat-wcad.area-by-land-size,SWE,1951,765994.34,,,,final,"WCA 1950 round, census 1951. FAO flag I: Value imputed by a receiving agency.",,,50-100
farms.faostat-wcad.area-by-land-size,SWE,1961,413581.0,,,,final,"WCA 1960 round, census 1961. FAO flag A: Official figure.",,,50-100
farms.faostat-wcad.area-by-land-size,SWE,1971,1026083.06,,,,final,"WCA 1970 round, census 1971. FAO flag I: Value imputed by a receiving agency.",,,50-100
farms.faostat-wcad.area-by-land-size,SWE,1981,1215802.0,,,,final,"WCA 1980 round, census 1981. FAO flag A: Official figure.",,,50-100
farms.faostat-wcad.area-by-land-size,SWE,1999/2000,1694860.0,,,,final,"WCA 2000 round, census 1999/00. FAO flag A: Official figure. FAO's note: Agricultural area",,,50-100
farms.faostat-wcad.area-by-land-size,SWE,2010,643730.0,,,,final,"WCA 2010 round, census 2010. FAO flag A: Official figure. FAO's note: UAA",,,50-100
farms.faostat-wcad.area-by-land-size,SWE,2020,467090.0,,,,final,"WCA 2020 round, census 2020. FAO flag A: Official figure. FAO's note: UAA",,,50-100
farms.faostat-wcad.area-by-land-size,SWE,1932,1332690.0,,,,final,"WCA 1930 round, census 1932. FAO flag A: Official figure. FAO's note: Excludes 19 260 456 ha of Outlying land which mainly includes wooded land, unproductive land and, to a certain degree permnent meadows.",,,100-200
farms.faostat-wcad.area-by-land-size,SWE,1951,1017700.88,,,,final,"WCA 1950 round, census 1951. FAO flag I: Value imputed by a receiving agency.",,,100-200
farms.faostat-wcad.area-by-land-size,SWE,1961,437893.0,,,,final,"WCA 1960 round, census 1961. FAO flag A: Official figure.",,,100-200
farms.faostat-wcad.area-by-land-size,SWE,1971,1162799.74,,,,final,"WCA 1970 round, census 1971. FAO flag I: Value imputed by a receiving agency.",,,100-200
farms.faostat-wcad.area-by-land-size,SWE,1999/2000,1869080.0,,,,final,"WCA 2000 round, census 1999/00. FAO flag A: Official figure. FAO's note: Agricultural area",,,100-200
farms.faostat-wcad.area-by-land-size,SWE,2010,1589000.0,,,,final,"WCA 2010 round, census 2010. FAO flag A: Official figure. FAO's note: UAA",,,100-200
farms.faostat-wcad.area-by-land-size,SWE,2020,1887630.0,,,,final,"WCA 2020 round, census 2020. FAO flag A: Official figure. FAO's note: UAA",,,100-200
farms.faostat-wcad.area-by-land-size,SWZ,1972,5814.0,,,,final,"WCA 1970 round, census 1972. FAO flag A: Official figure.",,,0-1
farms.faostat-wcad.area-by-land-size,SWZ,1972,18455.77,,,,final,"WCA 1970 round, census 1972. FAO flag I: Value imputed by a receiving agency. FAO's note: Subsistence Sector.",,,1-2
farms.faostat-wcad.area-by-land-size,SWZ,1972,38057.23,,,,final,"WCA 1970 round, census 1972. FAO flag I: Value imputed by a receiving agency. FAO's note: Subsistence Sector.",,,2-5
farms.faostat-wcad.area-by-land-size,SWZ,1972,44070.0,,,,final,"WCA 1970 round, census 1972. FAO flag A: Official figure. FAO's note: Subsistence Sector.",,,5-10
farms.faostat-wcad.area-by-land-size,SYC,1960,101.0,,,,final,"WCA 1960 round, census 1960. FAO flag A: Official figure.",,,0-1
farms.faostat-wcad.area-by-land-size,SYC,2011,163.0,,,,final,"WCA 2010 round, census 2011. FAO flag I: Value imputed by a receiving agency.",,,0-1
farms.faostat-wcad.area-by-land-size,SYC,1960,369.0,,,,final,"WCA 1960 round, census 1960. FAO flag A: Official figure.",,,1-2
farms.faostat-wcad.area-by-land-size,SYC,2011,162.0,,,,final,"WCA 2010 round, census 2011. FAO flag I: Value imputed by a receiving agency.",,,1-2
farms.faostat-wcad.area-by-land-size,SYC,2011,141.0,,,,final,"WCA 2010 round, census 2011. FAO flag A: Official figure.",,,2-3
farms.faostat-wcad.area-by-land-size,SYC,1960,943.0,,,,final,"WCA 1960 round, census 1960. FAO flag A: Official figure.",,,2-5
farms.faostat-wcad.area-by-land-size,SYC,1960,977.0,,,,final,"WCA 1960 round, census 1960. FAO flag A: Official figure.",,,5-10
farms.faostat-wcad.area-by-land-size,SYC,1960,1329.0,,,,final,"WCA 1960 round, census 1960. FAO flag A: Official figure.",,,10-20
farms.faostat-wcad.area-by-land-size,SYC,1960,2432.0,,,,final,"WCA 1960 round, census 1960. FAO flag A: Official figure.",,,20-50
farms.faostat-wcad.area-by-land-size,SYC,1960,2831.0,,,,final,"WCA 1960 round, census 1960. FAO flag A: Official figure.",,,50-100
farms.faostat-wcad.area-by-land-size,SYC,1960,4091.0,,,,final,"WCA 1960 round, census 1960. FAO flag A: Official figure.",,,100-200
farms.faostat-wcad.area-by-land-size,SYC,1960,6129.0,,,,final,"WCA 1960 round, census 1960. FAO flag A: Official figure.",,,200-500
farms.faostat-wcad.area-by-land-size,SYC,1960,2780.0,,,,final,"WCA 1960 round, census 1960. FAO flag A: Official figure.",,,500-1000
farms.faostat-wcad.area-by-land-size,SYC,1960,3642.0,,,,final,"WCA 1960 round, census 1960. FAO flag A: Official figure.",,,1000-plus
farms.faostat-wcad.area-by-land-size,TCD,1972/1973,41498.0,,,,final,"WCA 1970 round, census 1972/73. FAO flag A: Official figure.",,,0-1
farms.faostat-wcad.area-by-land-size,TCD,1972/1973,132293.0,,,,final,"WCA 1970 round, census 1972/73. FAO flag A: Official figure.",,,1-2
farms.faostat-wcad.area-by-land-size,TCD,1972/1973,520347.0,,,,final,"WCA 1970 round, census 1972/73. FAO flag A: Official figure.",,,2-5
farms.faostat-wcad.area-by-land-size,TCD,1972/1973,229100.0,,,,final,"WCA 1970 round, census 1972/73. FAO flag A: Official figure.",,,5-10
farms.faostat-wcad.area-by-land-size,TCD,1972/1973,38928.0,,,,final,"WCA 1970 round, census 1972/73. FAO flag A: Official figure.",,,10-20
farms.faostat-wcad.area-by-land-size,TGO,1961/1962,35897.0,,,,final,"WCA 1960 round, census 1961/62. FAO flag A: Official figure.",,,0-1
farms.faostat-wcad.area-by-land-size,TGO,2012/2014,648675.0,,,,final,"WCA 2010 round, census 2012-2014. FAO flag I: Value imputed by a receiving agency.",,,0-1
farms.faostat-wcad.area-by-land-size,TGO,1961/1962,84313.0,,,,final,"WCA 1960 round, census 1961/62. FAO flag A: Official figure.",,,1-2
farms.faostat-wcad.area-by-land-size,TGO,2012/2014,175413.0,,,,final,"WCA 2010 round, census 2012-2014. FAO flag A: Official figure.",,,1-2
farms.faostat-wcad.area-by-land-size,TGO,2012/2014,80461.0,,,,final,"WCA 2010 round, census 2012-2014. FAO flag A: Official figure.",,,2-3
farms.faostat-wcad.area-by-land-size,TGO,2012/2014,54115.0,,,,final,"WCA 2010 round, census 2012-2014. FAO flag I: Value imputed by a receiving agency.",,,3-4
farms.faostat-wcad.area-by-land-size,TGO,2012/2014,40998.0,,,,final,"WCA 2010 round, census 2012-2014. FAO flag I: Value imputed by a receiving agency.",,,4-5
farms.faostat-wcad.area-by-land-size,TGO,1961/1962,203898.0,,,,final,"WCA 1960 round, census 1961/62. FAO flag A: Official figure.",,,2-5
farms.faostat-wcad.area-by-land-size,TGO,1961/1962,149807.0,,,,final,"WCA 1960 round, census 1961/62. FAO flag A: Official figure.",,,5-10
farms.faostat-wcad.area-by-land-size,TGO,2012/2014,161408.0,,,,final,"WCA 2010 round, census 2012-2014. FAO flag I: Value imputed by a receiving agency.",,,5-10
farms.faostat-wcad.area-by-land-size,TGO,1961/1962,63742.0,,,,final,"WCA 1960 round, census 1961/62. FAO flag A: Official figure.",,,10-20
farms.faostat-wcad.area-by-land-size,TGO,2012/2014,522092.0,,,,final,"WCA 2010 round, census 2012-2014. FAO flag A: Official figure.",,,10-20
farms.faostat-wcad.area-by-land-size,TGO,1961/1962,32164.0,,,,final,"WCA 1960 round, census 1961/62. FAO flag A: Official figure.",,,20-50
farms.faostat-wcad.area-by-land-size,THA,1963,313292.0,,,,final,"WCA 1960 round, census 1963. FAO flag A: Official figure.",,,0-1
farms.faostat-wcad.area-by-land-size,THA,1978,341498.0,,,,final,"WCA 1980 round, census 1978. FAO flag A: Official figure.",,,0-1
farms.faostat-wcad.area-by-land-size,THA,1993,574967.0,,,,final,"WCA 1990 round, census 1993. FAO flag A: Official figure.",,,0-1
farms.faostat-wcad.area-by-land-size,THA,2013,641315.0,,,,final,"WCA 2010 round, census 2013. FAO flag A: Official figure.",,,0-1
farms.faostat-wcad.area-by-land-size,THA,2023,1202099.0,,,,final,"WCA 2020 round, census 2023. FAO flag A: Official figure.",,,0-1
farms.faostat-wcad.area-by-land-size,THA,1963,952141.0,,,,final,"WCA 1960 round, census 1963. FAO flag A: Official figure.",,,1-2
farms.faostat-wcad.area-by-land-size,THA,1978,1227739.26,,,,final,"WCA 1980 round, census 1978. FAO flag I: Value imputed by a receiving agency.",,,1-2
farms.faostat-wcad.area-by-land-size,THA,1993,1721244.0,,,,final,"WCA 1990 round, census 1993. FAO flag A: Official figure.",,,1-2
farms.faostat-wcad.area-by-land-size,THA,2013,2112833.0,,,,final,"WCA 2010 round, census 2013. FAO flag I: Value imputed by a receiving agency.",,,1-2
farms.faostat-wcad.area-by-land-size,THA,2023,3037275.0,,,,final,"WCA 2020 round, census 2023. FAO flag A: Official figure.",,,1-2
farms.faostat-wcad.area-by-land-size,THA,2013,2313446.0,,,,final,"WCA 2010 round, census 2013. FAO flag I: Value imputed by a receiving agency.",,,2-3
farms.faostat-wcad.area-by-land-size,THA,2013,2432605.0,,,,final,"WCA 2010 round, census 2013. FAO flag I: Value imputed by a receiving agency.",,,3-4
farms.faostat-wcad.area-by-land-size,THA,2013,1952605.0,,,,final,"WCA 2010 round, census 2013. FAO flag I: Value imputed by a receiving agency.",,,4-5
farms.faostat-wcad.area-by-land-size,THA,1963,3683608.0,,,,final,"WCA 1960 round, census 1963. FAO flag A: Official figure.",,,2-5
farms.faostat-wcad.area-by-land-size,THA,1978,4626689.16,,,,final,"WCA 1980 round, census 1978. FAO flag I: Value imputed by a receiving agency.",,,2-5
farms.faostat-wcad.area-by-land-size,THA,1993,6403613.0,,,,final,"WCA 1990 round, census 1993. FAO flag A: Official figure.",,,2-5
farms.faostat-wcad.area-by-land-size,THA,2023,9009185.0,,,,final,"WCA 2020 round, census 2023. FAO flag A: Official figure.",,,2-5
farms.faostat-wcad.area-by-land-size,THA,1963,3892116.0,,,,final,"WCA 1960 round, census 1963. FAO flag A: Official figure.",,,5-10
farms.faostat-wcad.area-by-land-size,THA,1978,5289953.89,,,,final,"WCA 1980 round, census 1978. FAO flag I: Value imputed by a receiving agency.",,,5-10
farms.faostat-wcad.area-by-land-size,THA,1993,5926035.0,,,,final,"WCA 1990 round, census 1993. FAO flag A: Official figure.",,,5-10
farms.faostat-wcad.area-by-land-size,THA,2013,5350555.0,,,,final,"WCA 2010 round, census 2013. FAO flag I: Value imputed by a receiving agency.",,,5-10
farms.faostat-wcad.area-by-land-size,THA,2023,5806958.0,,,,final,"WCA 2020 round, census 2023. FAO flag A: Official figure.",,,5-10
farms.faostat-wcad.area-by-land-size,THA,1963,1769346.0,,,,final,"WCA 1960 round, census 1963. FAO flag A: Official figure.",,,10-20
farms.faostat-wcad.area-by-land-size,THA,1978,2464956.62,,,,final,"WCA 1980 round, census 1978. FAO flag I: Value imputed by a receiving agency.",,,10-20
farms.faostat-wcad.area-by-land-size,THA,1993,2520596.0,,,,final,"WCA 1990 round, census 1993. FAO flag A: Official figure.",,,10-20
farms.faostat-wcad.area-by-land-size,THA,2013,2426902.0,,,,final,"WCA 2010 round, census 2013. FAO flag I: Value imputed by a receiving agency.",,,10-20
farms.faostat-wcad.area-by-land-size,THA,2023,2378880.0,,,,final,"WCA 2020 round, census 2023. FAO flag A: Official figure.",,,10-20
farms.faostat-wcad.area-by-land-size,THA,1963,497245.0,,,,final,"WCA 1960 round, census 1963. FAO flag A: Official figure.",,,20-50
farms.faostat-wcad.area-by-land-size,THA,1978,1003755.07,,,,final,"WCA 1980 round, census 1978. FAO flag I: Value imputed by a receiving agency.",,,20-50
farms.faostat-wcad.area-by-land-size,THA,1993,976842.0,,,,final,"WCA 1990 round, census 1993. FAO flag A: Official figure.",,,20-50
farms.faostat-wcad.area-by-land-size,THA,2013,911822.0,,,,final,"WCA 2010 round, census 2013. FAO flag I: Value imputed by a receiving agency.",,,20-50
farms.faostat-wcad.area-by-land-size,THA,2023,827377.0,,,,final,"WCA 2020 round, census 2023. FAO flag A: Official figure.",,,20-50
farms.faostat-wcad.area-by-land-size,THA,1963,41442.0,,,,final,"WCA 1960 round, census 1963. FAO flag A: Official figure.",,,50-100
farms.faostat-wcad.area-by-land-size,THA,1993,878774.0,,,,final,"WCA 1990 round, census 1993. FAO flag A: Official figure.",,,50-100
farms.faostat-wcad.area-by-land-size,THA,2013,517705.0,,,,final,"WCA 2010 round, census 2013. FAO flag I: Value imputed by a receiving agency.",,,50-100
farms.faostat-wcad.area-by-land-size,THA,2023,241979.0,,,,final,"WCA 2020 round, census 2023. FAO flag A: Official figure.",,,50-100
farms.faostat-wcad.area-by-land-size,THA,2023,92684.0,,,,final,"WCA 2020 round, census 2023. FAO flag A: Official figure.",,,100-200
farms.faostat-wcad.area-by-land-size,THA,2023,32705.0,,,,final,"WCA 2020 round, census 2023. FAO flag A: Official figure.",,,200-500
farms.faostat-wcad.area-by-land-size,THA,2023,10407.0,,,,final,"WCA 2020 round, census 2023. FAO flag A: Official figure.",,,500-1000
farms.faostat-wcad.area-by-land-size,THA,2023,26407.0,,,,final,"WCA 2020 round, census 2023. FAO flag A: Official figure.",,,1000-plus
farms.faostat-wcad.area-by-land-size,TLS,2019,17171.236,,,,final,"WCA 2020 round, census 2019. FAO flag A: Official figure.",,,0-1
farms.faostat-wcad.area-by-land-size,TLS,2019,22983.65745,,,,final,"WCA 2020 round, census 2019. FAO flag I: Value imputed by a receiving agency.",,,1-2
farms.faostat-wcad.area-by-land-size,TLS,2019,43729.9855,,,,final,"WCA 2020 round, census 2019. FAO flag I: Value imputed by a receiving agency.",,,2-5
farms.faostat-wcad.area-by-land-size,TLS,2019,19486.58804,,,,final,"WCA 2020 round, census 2019. FAO flag I: Value imputed by a receiving agency.",,,5-10
farms.faostat-wcad.area-by-land-size,TLS,2019,16497.874,,,,final,"WCA 2020 round, census 2019. FAO flag A: Official figure.",,,10-20
farms.faostat-wcad.area-by-land-size,TLS,2019,21303.589,,,,final,"WCA 2020 round, census 2019. FAO flag A: Official figure.",,,20-50
farms.faostat-wcad.area-by-land-size,TLS,2019,26669.706,,,,final,"WCA 2020 round, census 2019. FAO flag A: Official figure.",,,50-100
farms.faostat-wcad.area-by-land-size,TLS,2019,51406.483,,,,final,"WCA 2020 round, census 2019. FAO flag A: Official figure.",,,100-200
farms.faostat-wcad.area-by-land-size,TTO,1963,5577.0,,,,final,"WCA 1960 round, census 1963. FAO flag A: Official figure.",,,0-1
farms.faostat-wcad.area-by-land-size,TTO,2004,2847.0,,,,final,"WCA 2000 round, census 2004. FAO flag I: Value imputed by a receiving agency.",,,0-1
farms.faostat-wcad.area-by-land-size,TTO,1963,9356.0,,,,final,"WCA 1960 round, census 1963. FAO flag A: Official figure.",,,1-2
farms.faostat-wcad.area-by-land-size,TTO,2004,4632.0,,,,final,"WCA 2000 round, census 2004. FAO flag A: Official figure.",,,1-2
farms.faostat-wcad.area-by-land-size,TTO,1963,32250.0,,,,final,"WCA 1960 round, census 1963. FAO flag A: Official figure.",,,2-5
farms.faostat-wcad.area-by-land-size,TTO,2004,18361.0,,,,final,"WCA 2000 round, census 2004. FAO flag A: Official figure.",,,2-5
farms.faostat-wcad.area-by-land-size,TTO,1963,33667.0,,,,final,"WCA 1960 round, census 1963. FAO flag A: Official figure.",,,5-10
farms.faostat-wcad.area-by-land-size,TTO,2004,11643.0,,,,final,"WCA 2000 round, census 2004. FAO flag A: Official figure.",,,5-10
farms.faostat-wcad.area-by-land-size,TTO,1963,18803.0,,,,final,"WCA 1960 round, census 1963. FAO flag A: Official figure.",,,10-20
farms.faostat-wcad.area-by-land-size,TTO,2004,4949.0,,,,final,"WCA 2000 round, census 2004. FAO flag I: Value imputed by a receiving agency.",,,10-20
farms.faostat-wcad.area-by-land-size,TTO,1963,18016.0,,,,final,"WCA 1960 round, census 1963. FAO flag A: Official figure.",,,20-50
farms.faostat-wcad.area-by-land-size,TTO,2004,6526.0,,,,final,"WCA 2000 round, census 2004. FAO flag I: Value imputed by a receiving agency.",,,20-50
farms.faostat-wcad.area-by-land-size,TTO,1963,13854.0,,,,final,"WCA 1960 round, census 1963. FAO flag A: Official figure.",,,50-100
farms.faostat-wcad.area-by-land-size,TTO,2004,2150.0,,,,final,"WCA 2000 round, census 2004. FAO flag A: Official figure.",,,50-100
farms.faostat-wcad.area-by-land-size,TTO,1963,16647.0,,,,final,"WCA 1960 round, census 1963. FAO flag A: Official figure.",,,100-200
farms.faostat-wcad.area-by-land-size,TTO,2004,2003.0,,,,final,"WCA 2000 round, census 2004. FAO flag A: Official figure.",,,100-200
farms.faostat-wcad.area-by-land-size,TTO,1963,16765.0,,,,final,"WCA 1960 round, census 1963. FAO flag A: Official figure.",,,200-500
farms.faostat-wcad.area-by-land-size,TTO,2004,2857.0,,,,final,"WCA 2000 round, census 2004. FAO flag A: Official figure.",,,200-500
farms.faostat-wcad.area-by-land-size,TTO,1963,50055.0,,,,final,"WCA 1960 round, census 1963. FAO flag A: Official figure.",,,500-1000
farms.faostat-wcad.area-by-land-size,TTO,2004,29022.0,,,,final,"WCA 2000 round, census 2004. FAO flag A: Official figure.",,,500-1000
farms.faostat-wcad.area-by-land-size,TUN,1994/1995,33300.0,,,,final,"WCA 1990 round, census 1994/95. FAO flag A: Official figure.",,,0-1
farms.faostat-wcad.area-by-land-size,TUN,1994/1995,79000.0,,,,final,"WCA 1990 round, census 1994/95. FAO flag A: Official figure.",,,1-2
farms.faostat-wcad.area-by-land-size,TUN,1994/1995,108700.0,,,,final,"WCA 1990 round, census 1994/95. FAO flag A: Official figure.",,,2-3
farms.faostat-wcad.area-by-land-size,TUN,1994/1995,129600.0,,,,final,"WCA 1990 round, census 1994/95. FAO flag A: Official figure.",,,3-4
farms.faostat-wcad.area-by-land-size,TUN,1994/1995,143400.0,,,,final,"WCA 1990 round, census 1994/95. FAO flag A: Official figure.",,,4-5
farms.faostat-wcad.area-by-land-size,TUN,1961/1962,307000.0,,,,final,"WCA 1960 round, census 1961/62. FAO flag A: Official figure.",,,2-5
farms.faostat-wcad.area-by-land-size,TUN,1961/1962,512000.0,,,,final,"WCA 1960 round, census 1961/62. FAO flag A: Official figure.",,,5-10
farms.faostat-wcad.area-by-land-size,TUN,1994/1995,658500.0,,,,final,"WCA 1990 round, census 1994/95. FAO flag A: Official figure.",,,5-10
farms.faostat-wcad.area-by-land-size,TUN,1961/1962,888000.0,,,,final,"WCA 1960 round, census 1961/62. FAO flag A: Official figure.",,,10-20
farms.faostat-wcad.area-by-land-size,TUN,1994/1995,986000.0,,,,final,"WCA 1990 round, census 1994/95. FAO flag A: Official figure.",,,10-20
farms.faostat-wcad.area-by-land-size,TUN,1961/1962,1304000.0,,,,final,"WCA 1960 round, census 1961/62. FAO flag A: Official figure.",,,20-50
farms.faostat-wcad.area-by-land-size,TUN,1994/1995,1291200.0,,,,final,"WCA 1990 round, census 1994/95. FAO flag A: Official figure.",,,20-50
farms.faostat-wcad.area-by-land-size,TUN,1961/1962,562000.0,,,,final,"WCA 1960 round, census 1961/62. FAO flag A: Official figure.",,,50-100
farms.faostat-wcad.area-by-land-size,TUN,1994/1995,657400.0,,,,final,"WCA 1990 round, census 1994/95. FAO flag A: Official figure.",,,50-100
farms.faostat-wcad.area-by-land-size,TUN,1961/1962,427000.0,,,,final,"WCA 1960 round, census 1961/62. FAO flag A: Official figure.",,,100-200
farms.faostat-wcad.area-by-land-size,TUN,1994/1995,1368200.0,,,,final,"WCA 1990 round, census 1994/95. FAO flag A: Official figure.",,,100-200
farms.faostat-wcad.area-by-land-size,TUN,1961/1962,468000.0,,,,final,"WCA 1960 round, census 1961/62. FAO flag A: Official figure.",,,200-500
farms.faostat-wcad.area-by-land-size,TUN,1961/1962,554000.0,,,,final,"WCA 1960 round, census 1961/62. FAO flag A: Official figure.",,,500-1000
farms.faostat-wcad.area-by-land-size,TUR,1963,431709.0,,,,final,"WCA 1960 round, census 1963. FAO flag A: Official figure.",,,0-1
farms.faostat-wcad.area-by-land-size,TUR,1980,231810.0,,,,final,"WCA 1980 round, census 1980. FAO flag A: Official figure.",,,0-1
farms.faostat-wcad.area-by-land-size,TUR,1991,317815.0,,,,final,"WCA 1990 round, census 1991. FAO flag A: Official figure.",,,0-1
farms.faostat-wcad.area-by-land-size,TUR,2001,243446.0,,,,final,"WCA 2000 round, census 2001. FAO flag A: Official figure.",,,0-1
farms.faostat-wcad.area-by-land-size,TUR,1963,744767.0,,,,final,"WCA 1960 round, census 1963. FAO flag A: Official figure.",,,1-2
farms.faostat-wcad.area-by-land-size,TUR,1980,709621.0,,,,final,"WCA 1980 round, census 1980. FAO flag A: Official figure.",,,1-2
farms.faostat-wcad.area-by-land-size,TUR,1991,1004250.0,,,,final,"WCA 1990 round, census 1991. FAO flag A: Official figure.",,,1-2
farms.faostat-wcad.area-by-land-size,TUR,2001,737802.0,,,,final,"WCA 2000 round, census 2001. FAO flag A: Official figure.",,,1-2
farms.faostat-wcad.area-by-land-size,TUR,1963,2902910.0,,,,final,"WCA 1960 round, census 1963. FAO flag A: Official figure.",,,2-5
farms.faostat-wcad.area-by-land-size,TUR,1980,3614158.0,,,,final,"WCA 1980 round, census 1980. FAO flag A: Official figure.",,,2-5
farms.faostat-wcad.area-by-land-size,TUR,1991,3866896.0,,,,final,"WCA 1990 round, census 1991. FAO flag A: Official figure.",,,2-5
farms.faostat-wcad.area-by-land-size,TUR,2001,2953162.0,,,,final,"WCA 2000 round, census 2001. FAO flag A: Official figure.",,,2-5
farms.faostat-wcad.area-by-land-size,TUR,1963,3995311.0,,,,final,"WCA 1960 round, census 1963. FAO flag A: Official figure.",,,5-10
farms.faostat-wcad.area-by-land-size,TUR,1980,4839213.0,,,,final,"WCA 1980 round, census 1980. FAO flag A: Official figure.",,,5-10
farms.faostat-wcad.area-by-land-size,TUR,1991,4675069.0,,,,final,"WCA 1990 round, census 1991. FAO flag A: Official figure.",,,5-10
farms.faostat-wcad.area-by-land-size,TUR,2001,3812703.0,,,,final,"WCA 2000 round, census 2001. FAO flag A: Official figure.",,,5-10
farms.faostat-wcad.area-by-land-size,TUR,1963,3973076.0,,,,final,"WCA 1960 round, census 1963. FAO flag A: Official figure.",,,10-20
farms.faostat-wcad.area-by-land-size,TUR,1980,5424498.0,,,,final,"WCA 1980 round, census 1980. FAO flag A: Official figure.",,,10-20
farms.faostat-wcad.area-by-land-size,TUR,1991,4921663.0,,,,final,"WCA 1990 round, census 1991. FAO flag A: Official figure.",,,10-20
farms.faostat-wcad.area-by-land-size,TUR,2001,4388440.0,,,,final,"WCA 2000 round, census 2001. FAO flag A: Official figure.",,,10-20
farms.faostat-wcad.area-by-land-size,TUR,1963,2842127.0,,,,final,"WCA 1960 round, census 1963. FAO flag A: Official figure.",,,20-50
farms.faostat-wcad.area-by-land-size,TUR,1980,5208688.0,,,,final,"WCA 1980 round, census 1980. FAO flag A: Official figure.",,,20-50
farms.faostat-wcad.area-by-land-size,TUR,1991,4648743.0,,,,final,"WCA 1990 round, census 1991. FAO flag A: Official figure.",,,20-50
farms.faostat-wcad.area-by-land-size,TUR,2001,4207550.0,,,,final,"WCA 2000 round, census 2001. FAO flag A: Official figure.",,,20-50
farms.faostat-wcad.area-by-land-size,TUR,1963,755158.0,,,,final,"WCA 1960 round, census 1963. FAO flag A: Official figure.",,,50-100
farms.faostat-wcad.area-by-land-size,TUR,1980,1785801.0,,,,final,"WCA 1980 round, census 1980. FAO flag A: Official figure.",,,50-100
farms.faostat-wcad.area-by-land-size,TUR,1991,1498249.0,,,,final,"WCA 1990 round, census 1991. FAO flag A: Official figure.",,,50-100
farms.faostat-wcad.area-by-land-size,TUR,2001,1121855.0,,,,final,"WCA 2000 round, census 2001. FAO flag A: Official figure.",,,50-100
farms.faostat-wcad.area-by-land-size,TUR,1963,334627.0,,,,final,"WCA 1960 round, census 1963. FAO flag A: Official figure.",,,100-200
farms.faostat-wcad.area-by-land-size,TUR,1980,274949.19,,,,final,"WCA 1980 round, census 1980. FAO flag I: Value imputed by a receiving agency.",,,100-200
farms.faostat-wcad.area-by-land-size,TUR,1991,1123143.0,,,,final,"WCA 1990 round, census 1991. FAO flag A: Official figure.",,,100-200
farms.faostat-wcad.area-by-land-size,TUR,2001,446939.0,,,,final,"WCA 2000 round, census 2001. FAO flag I: Value imputed by a receiving agency.",,,100-200
farms.faostat-wcad.area-by-land-size,TUR,1963,349038.0,,,,final,"WCA 1960 round, census 1963. FAO flag A: Official figure.",,,200-500
farms.faostat-wcad.area-by-land-size,TUR,1980,197338.81,,,,final,"WCA 1980 round, census 1980. FAO flag I: Value imputed by a receiving agency.",,,200-500
farms.faostat-wcad.area-by-land-size,TUR,1991,916327.0,,,,final,"WCA 1990 round, census 1991. FAO flag A: Official figure.",,,200-500
farms.faostat-wcad.area-by-land-size,TUR,2001,170308.0,,,,final,"WCA 2000 round, census 2001. FAO flag I: Value imputed by a receiving agency.",,,200-500
farms.faostat-wcad.area-by-land-size,TUR,1963,405611.0,,,,final,"WCA 1960 round, census 1963. FAO flag A: Official figure.",,,500-1000
farms.faostat-wcad.area-by-land-size,TUR,1980,477952.0,,,,final,"WCA 1980 round, census 1980. FAO flag A: Official figure.",,,500-1000
farms.faostat-wcad.area-by-land-size,TUR,1991,478944.0,,,,final,"WCA 1990 round, census 1991. FAO flag A: Official figure.",,,500-1000
farms.faostat-wcad.area-by-land-size,TUR,2001,352617.0,,,,final,"WCA 2000 round, census 2001. FAO flag A: Official figure.",,,500-1000
farms.faostat-wcad.area-by-land-size,TUR,1963,408443.0,,,,final,"WCA 1960 round, census 1963. FAO flag A: Official figure.",,,1000-plus
farms.faostat-wcad.area-by-land-size,TWN,1961,345323.0,,,,final,"WCA 1960 round, census 1961. FAO flag A: Official figure. FAO's note: Includes holdings without land",,,0-1
farms.faostat-wcad.area-by-land-size,TWN,1961,320991.0,,,,final,"WCA 1960 round, census 1961. FAO flag A: Official figure.",,,1-2
farms.faostat-wcad.area-by-land-size,TWN,1961,248922.0,,,,final,"WCA 1960 round, census 1961. FAO flag A: Official figure.",,,2-5
farms.faostat-wcad.area-by-land-size,TWN,1961,44546.0,,,,final,"WCA 1960 round, census 1961. FAO flag A: Official figure.",,,5-10
farms.faostat-wcad.area-by-land-size,TWN,1961,2729.0,,,,final,"WCA 1960 round, census 1961. FAO flag A: Official figure.",,,10-20
farms.faostat-wcad.area-by-land-size,TWN,1961,5803.0,,,,final,"WCA 1960 round, census 1961. FAO flag A: Official figure.",,,20-50
farms.faostat-wcad.area-by-land-size,TWN,1961,4167.0,,,,final,"WCA 1960 round, census 1961. FAO flag A: Official figure.",,,50-100
farms.faostat-wcad.area-by-land-size,TWN,1961,13900.0,,,,final,"WCA 1960 round, census 1961. FAO flag A: Official figure.",,,100-200
farms.faostat-wcad.area-by-land-size,TWN,1961,34730.0,,,,final,"WCA 1960 round, census 1961. FAO flag A: Official figure.",,,200-500
farms.faostat-wcad.area-by-land-size,TWN,1961,8392.0,,,,final,"WCA 1960 round, census 1961. FAO flag A: Official figure.",,,500-1000
farms.faostat-wcad.area-by-land-size,TZA,1960,100.0,,,,final,"WCA 1960 round, census 1960. FAO flag A: Official figure.",,,0-1
farms.faostat-wcad.area-by-land-size,TZA,1960,1100.0,,,,final,"WCA 1960 round, census 1960. FAO flag A: Official figure. FAO's note: Tanganyika currently part of Tanzania",,,10-20
farms.faostat-wcad.area-by-land-size,TZA,1960,2500.0,,,,final,"WCA 1960 round, census 1960. FAO flag A: Official figure. FAO's note: Tanganyika currently part of Tanzania",,,20-50
farms.faostat-wcad.area-by-land-size,TZA,1960,3200.0,,,,final,"WCA 1960 round, census 1960. FAO flag A: Official figure. FAO's note: Tanganyika currently part of Tanzania",,,50-100
farms.faostat-wcad.area-by-land-size,TZA,1960,18600.0,,,,final,"WCA 1960 round, census 1960. FAO flag A: Official figure. FAO's note: Tanganyika currently part of Tanzania",,,100-200
farms.faostat-wcad.area-by-land-size,TZA,1960,72100.0,,,,final,"WCA 1960 round, census 1960. FAO flag A: Official figure. FAO's note: Tanganyika currently part of Tanzania",,,200-500
farms.faostat-wcad.area-by-land-size,TZA,1960,97500.0,,,,final,"WCA 1960 round, census 1960. FAO flag A: Official figure. FAO's note: Tanganyika currently part of Tanzania",,,500-1000
farms.faostat-wcad.area-by-land-size,TZA,1960,779900.0,,,,final,"WCA 1960 round, census 1960. FAO flag A: Official figure. FAO's note: Tanganyika currently part of Tanzania",,,1000-plus
farms.faostat-wcad.area-by-land-size,UGA,1963/1964,123196.0,,,,final,"WCA 1960 round, census 1963/64. FAO flag A: Official figure.",,,0-1
farms.faostat-wcad.area-by-land-size,UGA,1991,404609.0,,,,final,"WCA 1990 round, census 1991. FAO flag A: Official figure.",,,0-1
farms.faostat-wcad.area-by-land-size,UGA,1963/1964,385000.0,,,,final,"WCA 1960 round, census 1963/64. FAO flag A: Official figure.",,,1-2
farms.faostat-wcad.area-by-land-size,UGA,1991,581608.0,,,,final,"WCA 1990 round, census 1991. FAO flag A: Official figure.",,,1-2
farms.faostat-wcad.area-by-land-size,UGA,1963/1964,1236000.0,,,,final,"WCA 1960 round, census 1963/64. FAO flag A: Official figure.",,,2-5
farms.faostat-wcad.area-by-land-size,UGA,1991,913153.0,,,,final,"WCA 1990 round, census 1991. FAO flag A: Official figure.",,,2-5
farms.faostat-wcad.area-by-land-size,UGA,1963/1964,865000.0,,,,final,"WCA 1960 round, census 1963/64. FAO flag A: Official figure.",,,5-10
farms.faostat-wcad.area-by-land-size,UGA,1991,671031.0,,,,final,"WCA 1990 round, census 1991. FAO flag A: Official figure.",,,5-10
farms.faostat-wcad.area-by-land-size,UGA,1963/1964,1247000.0,,,,final,"WCA 1960 round, census 1963/64. FAO flag A: Official figure.",,,10-20
farms.faostat-wcad.area-by-land-size,UGA,1991,1112887.0,,,,final,"WCA 1990 round, census 1991. FAO flag A: Official figure.",,,10-20
farms.faostat-wcad.area-by-land-size,URY,1951,7999.34,,,,final,"WCA 1950 round, census 1951. FAO flag I: Value imputed by a receiving agency.",,,0-1
farms.faostat-wcad.area-by-land-size,URY,2011,3051.0,,,,final,"WCA 2010 round, census 2011. FAO flag I: Value imputed by a receiving agency.",,,0-1
farms.faostat-wcad.area-by-land-size,URY,1951,21125.66,,,,final,"WCA 1950 round, census 1951. FAO flag I: Value imputed by a receiving agency.",,,1-2
farms.faostat-wcad.area-by-land-size,URY,1961,6940.0,,,,final,"WCA 1960 round, census 1961. FAO flag A: Official figure.",,,1-2
farms.faostat-wcad.area-by-land-size,URY,1970,8228.67,,,,final,"WCA 1970 round, census 1970. FAO flag I: Value imputed by a receiving agency.",,,1-2
farms.faostat-wcad.area-by-land-size,URY,1980,5863.48,,,,final,"WCA 1980 round, census 1980. FAO flag I: Value imputed by a receiving agency.",,,1-2
farms.faostat-wcad.area-by-land-size,URY,2011,2172.0,,,,final,"WCA 2010 round, census 2011. FAO flag I: Value imputed by a receiving agency.",,,1-2
farms.faostat-wcad.area-by-land-size,URY,2011,1770.0,,,,final,"WCA 2010 round, census 2011. FAO flag I: Value imputed by a receiving agency.",,,2-3
farms.faostat-wcad.area-by-land-size,URY,2011,1523.0,,,,final,"WCA 2010 round, census 2011. FAO flag I: Value imputed by a receiving agency.",,,3-4
farms.faostat-wcad.area-by-land-size,URY,2011,6771.0,,,,final,"WCA 2010 round, census 2011. FAO flag I: Value imputed by a receiving agency.",,,4-5
farms.faostat-wcad.area-by-land-size,URY,1951,76660.0,,,,final,"WCA 1950 round, census 1951. FAO flag A: Official figure.",,,2-5
farms.faostat-wcad.area-by-land-size,URY,1961,26906.0,,,,final,"WCA 1960 round, census 1961. FAO flag A: Official figure.",,,2-5
farms.faostat-wcad.area-by-land-size,URY,1970,21731.33,,,,final,"WCA 1970 round, census 1970. FAO flag I: Value imputed by a receiving agency.",,,2-5
farms.faostat-wcad.area-by-land-size,URY,1980,16887.52,,,,final,"WCA 1980 round, census 1980. FAO flag I: Value imputed by a receiving agency.",,,2-5
farms.faostat-wcad.area-by-land-size,URY,2000,16516.0,,,,final,"WCA 2000 round, census 2000. FAO flag A: Official figure. FAO's note: <5 ha",,,2-5
farms.faostat-wcad.area-by-land-size,URY,1951,192891.0,,,,final,"WCA 1950 round, census 1951. FAO flag A: Official figure.",,,5-10
farms.faostat-wcad.area-by-land-size,URY,1961,88552.0,,,,final,"WCA 1960 round, census 1961. FAO flag A: Official figure.",,,5-10
farms.faostat-wcad.area-by-land-size,URY,1970,80096.0,,,,final,"WCA 1970 round, census 1970. FAO flag A: Official figure.",,,5-10
farms.faostat-wcad.area-by-land-size,URY,1980,65831.0,,,,final,"WCA 1980 round, census 1980. FAO flag A: Official figure.",,,5-10
farms.faostat-wcad.area-by-land-size,URY,2000,47611.0,,,,final,"WCA 2000 round, census 2000. FAO flag A: Official figure.",,,5-10
farms.faostat-wcad.area-by-land-size,URY,2011,30015.0,,,,final,"WCA 2010 round, census 2011. FAO flag I: Value imputed by a receiving agency.",,,5-10
farms.faostat-wcad.area-by-land-size,URY,1951,535014.0,,,,final,"WCA 1950 round, census 1951. FAO flag A: Official figure.",,,10-20
farms.faostat-wcad.area-by-land-size,URY,1961,197048.0,,,,final,"WCA 1960 round, census 1961. FAO flag A: Official figure.",,,10-20
farms.faostat-wcad.area-by-land-size,URY,1970,168613.0,,,,final,"WCA 1970 round, census 1970. FAO flag A: Official figure.",,,10-20
farms.faostat-wcad.area-by-land-size,URY,1980,137515.0,,,,final,"WCA 1980 round, census 1980. FAO flag A: Official figure.",,,10-20
farms.faostat-wcad.area-by-land-size,URY,2000,97841.0,,,,final,"WCA 2000 round, census 2000. FAO flag A: Official figure.",,,10-20
farms.faostat-wcad.area-by-land-size,URY,2011,69005.0,,,,final,"WCA 2010 round, census 2011. FAO flag I: Value imputed by a receiving agency.",,,10-20
farms.faostat-wcad.area-by-land-size,URY,1951,732440.0,,,,final,"WCA 1950 round, census 1951. FAO flag A: Official figure.",,,20-50
farms.faostat-wcad.area-by-land-size,URY,1961,495487.0,,,,final,"WCA 1960 round, census 1961. FAO flag A: Official figure.",,,20-50
farms.faostat-wcad.area-by-land-size,URY,1970,411170.0,,,,final,"WCA 1970 round, census 1970. FAO flag A: Official figure.",,,20-50
farms.faostat-wcad.area-by-land-size,URY,1980,359175.0,,,,final,"WCA 1980 round, census 1980. FAO flag A: Official figure.",,,20-50
farms.faostat-wcad.area-by-land-size,URY,2000,285254.0,,,,final,"WCA 2000 round, census 2000. FAO flag A: Official figure.",,,20-50
farms.faostat-wcad.area-by-land-size,URY,2011,222629.0,,,,final,"WCA 2010 round, census 2011. FAO flag I: Value imputed by a receiving agency.",,,20-50
farms.faostat-wcad.area-by-land-size,URY,1951,1103618.0,,,,final,"WCA 1950 round, census 1951. FAO flag A: Official figure.",,,50-100
farms.faostat-wcad.area-by-land-size,URY,1961,674365.0,,,,final,"WCA 1960 round, census 1961. FAO flag A: Official figure.",,,50-100
farms.faostat-wcad.area-by-land-size,URY,1970,559401.0,,,,final,"WCA 1970 round, census 1970. FAO flag A: Official figure.",,,50-100
farms.faostat-wcad.area-by-land-size,URY,1980,529670.0,,,,final,"WCA 1980 round, census 1980. FAO flag A: Official figure.",,,50-100
farms.faostat-wcad.area-by-land-size,URY,2000,472928.0,,,,final,"WCA 2000 round, census 2000. FAO flag A: Official figure.",,,50-100
farms.faostat-wcad.area-by-land-size,URY,2011,407948.0,,,,final,"WCA 2010 round, census 2011. FAO flag I: Value imputed by a receiving agency.",,,50-100
farms.faostat-wcad.area-by-land-size,URY,1951,2272014.0,,,,final,"WCA 1950 round, census 1951. FAO flag A: Official figure.",,,100-200
farms.faostat-wcad.area-by-land-size,URY,1961,1041988.0,,,,final,"WCA 1960 round, census 1961. FAO flag A: Official figure.",,,100-200
farms.faostat-wcad.area-by-land-size,URY,1970,930827.0,,,,final,"WCA 1970 round, census 1970. FAO flag A: Official figure.",,,100-200
farms.faostat-wcad.area-by-land-size,URY,1980,991456.0,,,,final,"WCA 1980 round, census 1980. FAO flag A: Official figure.",,,100-200
farms.faostat-wcad.area-by-land-size,URY,2000,910286.0,,,,final,"WCA 2000 round, census 2000. FAO flag A: Official figure.",,,100-200
farms.faostat-wcad.area-by-land-size,URY,2011,796272.0,,,,final,"WCA 2010 round, census 2011. FAO flag I: Value imputed by a receiving agency.",,,100-200
farms.faostat-wcad.area-by-land-size,URY,1951,2443977.0,,,,final,"WCA 1950 round, census 1951. FAO flag A: Official figure.",,,200-500
farms.faostat-wcad.area-by-land-size,URY,1961,2174181.0,,,,final,"WCA 1960 round, census 1961. FAO flag A: Official figure.",,,200-500
farms.faostat-wcad.area-by-land-size,URY,1970,2133398.0,,,,final,"WCA 1970 round, census 1970. FAO flag A: Official figure.",,,200-500
farms.faostat-wcad.area-by-land-size,URY,1980,2165765.0,,,,final,"WCA 1980 round, census 1980. FAO flag A: Official figure.",,,200-500
farms.faostat-wcad.area-by-land-size,URY,2000,2162836.0,,,,final,"WCA 2000 round, census 2000. FAO flag A: Official figure.",,,200-500
farms.faostat-wcad.area-by-land-size,URY,2011,2086335.0,,,,final,"WCA 2010 round, census 2011. FAO flag I: Value imputed by a receiving agency.",,,200-500
farms.faostat-wcad.area-by-land-size,URY,1951,3809704.0,,,,final,"WCA 1950 round, census 1951. FAO flag A: Official figure.",,,500-1000
farms.faostat-wcad.area-by-land-size,URY,1961,2608955.0,,,,final,"WCA 1960 round, census 1961. FAO flag A: Official figure.",,,500-1000
farms.faostat-wcad.area-by-land-size,URY,1970,2560563.0,,,,final,"WCA 1970 round, census 1970. FAO flag A: Official figure.",,,500-1000
farms.faostat-wcad.area-by-land-size,URY,1980,2681854.0,,,,final,"WCA 1980 round, census 1980. FAO flag A: Official figure.",,,500-1000
farms.faostat-wcad.area-by-land-size,URY,2000,2725637.0,,,,final,"WCA 2000 round, census 2000. FAO flag A: Official figure.",,,500-1000
farms.faostat-wcad.area-by-land-size,URY,2011,2702692.0,,,,final,"WCA 2010 round, census 2011. FAO flag I: Value imputed by a receiving agency.",,,500-1000
farms.faostat-wcad.area-by-land-size,URY,2011,4503499.0,,,,final,"WCA 2010 round, census 2011. FAO flag I: Value imputed by a receiving agency.",,,1000-2500
farms.faostat-wcad.area-by-land-size,URY,2011,5523615.0,,,,final,"WCA 2010 round, census 2011. FAO flag I: Value imputed by a receiving agency.",,,2500-plus
farms.faostat-wcad.area-by-land-size,URY,1951,5778189.0,,,,final,"WCA 1950 round, census 1951. FAO flag A: Official figure.",,,1000-plus
farms.faostat-wcad.area-by-land-size,URY,1961,9673986.0,,,,final,"WCA 1960 round, census 1961. FAO flag A: Official figure.",,,1000-plus
farms.faostat-wcad.area-by-land-size,URY,1970,9643702.0,,,,final,"WCA 1970 round, census 1970. FAO flag A: Official figure.",,,1000-plus
farms.faostat-wcad.area-by-land-size,URY,1980,9070639.0,,,,final,"WCA 1980 round, census 1980. FAO flag A: Official figure.",,,1000-plus
farms.faostat-wcad.area-by-land-size,URY,2000,9700774.0,,,,final,"WCA 2000 round, census 2000. FAO flag A: Official figure.",,,1000-plus
farms.faostat-wcad.area-by-land-size,USA,1930,20793.0,,,,final,"WCA 1930 round, census 1930. FAO flag I: Value imputed by a receiving agency.",,,0-1
farms.faostat-wcad.area-by-land-size,USA,1950,121593.99,,,,final,"WCA 1950 round, census 1950. FAO flag I: Value imputed by a receiving agency. FAO's note: Data given in this classified table are based on reports for only a sample of holdings",,,0-1
farms.faostat-wcad.area-by-land-size,USA,1959,45552.0,,,,final,"WCA 1960 round, census 1959. FAO flag A: Official figure.",,,0-1
farms.faostat-wcad.area-by-land-size,USA,1969,31417.33,,,,final,"WCA 1970 round, census 1969. FAO flag I: Value imputed by a receiving agency.",,,0-1
farms.faostat-wcad.area-by-land-size,USA,1978,24791.17,,,,final,"WCA 1980 round, census 1978. FAO flag I: Value imputed by a receiving agency.",,,0-1
farms.faostat-wcad.area-by-land-size,USA,2012,31134.0,,,,final,"WCA 2010 round, census 2012. FAO flag I: Value imputed by a receiving agency.",,,0-1
farms.faostat-wcad.area-by-land-size,USA,2017,149852.0,,,,final,"WCA 2020 round, census 2017. FAO flag I: Value imputed by a receiving agency.",,,0-1
farms.faostat-wcad.area-by-land-size,USA,2022,39993.53,,,,final,"WCA 2020 round, census 2022. FAO flag I: Value imputed by a receiving agency.",,,0-1
farms.faostat-wcad.area-by-land-size,USA,1930,248129.0,,,,final,"WCA 1930 round, census 1930. FAO flag I: Value imputed by a receiving agency.",,,1-2
farms.faostat-wcad.area-by-land-size,USA,1950,254325.26,,,,final,"WCA 1950 round, census 1950. FAO flag I: Value imputed by a receiving agency. FAO's note: Data given in this classified table are based on reports for only a sample of holdings",,,1-2
farms.faostat-wcad.area-by-land-size,USA,1959,69454.0,,,,final,"WCA 1960 round, census 1959. FAO flag A: Official figure.",,,1-2
farms.faostat-wcad.area-by-land-size,USA,1969,67587.36,,,,final,"WCA 1970 round, census 1969. FAO flag I: Value imputed by a receiving agency.",,,1-2
farms.faostat-wcad.area-by-land-size,USA,1978,73791.61,,,,final,"WCA 1980 round, census 1978. FAO flag I: Value imputed by a receiving agency.",,,1-2
farms.faostat-wcad.area-by-land-size,USA,2012,92023.0,,,,final,"WCA 2010 round, census 2012. FAO flag I: Value imputed by a receiving agency.",,,1-2
farms.faostat-wcad.area-by-land-size,USA,2017,141461.0,,,,final,"WCA 2020 round, census 2017. FAO flag I: Value imputed by a receiving agency.",,,1-2
farms.faostat-wcad.area-by-land-size,USA,2022,110181.2,,,,final,"WCA 2020 round, census 2022. FAO flag I: Value imputed by a receiving agency.",,,1-2
farms.faostat-wcad.area-by-land-size,USA,2012,129021.0,,,,final,"WCA 2010 round, census 2012. FAO flag I: Value imputed by a receiving agency.",,,2-3
farms.faostat-wcad.area-by-land-size,USA,2017,124461.0,,,,final,"WCA 2020 round, census 2017. FAO flag I: Value imputed by a receiving agency.",,,2-3
farms.faostat-wcad.area-by-land-size,USA,2012,151226.0,,,,final,"WCA 2010 round, census 2012. FAO flag I: Value imputed by a receiving agency.",,,3-4
farms.faostat-wcad.area-by-land-size,USA,2017,111620.0,,,,final,"WCA 2020 round, census 2017. FAO flag I: Value imputed by a receiving agency.",,,3-4
farms.faostat-wcad.area-by-land-size,USA,2012,366112.0,,,,final,"WCA 2010 round, census 2012. FAO flag I: Value imputed by a receiving agency.",,,4-5
farms.faostat-wcad.area-by-land-size,USA,2017,563926.0,,,,final,"WCA 2020 round, census 2017. FAO flag I: Value imputed by a receiving agency.",,,4-5
farms.faostat-wcad.area-by-land-size,USA,1930,1359777.0,,,,final,"WCA 1930 round, census 1930. FAO flag I: Value imputed by a receiving agency.",,,2-5
farms.faostat-wcad.area-by-land-size,USA,1950,1447301.48,,,,final,"WCA 1950 round, census 1950. FAO flag I: Value imputed by a receiving agency. FAO's note: Data given in this classified table are based on reports for only a sample of holdings",,,2-5
farms.faostat-wcad.area-by-land-size,USA,1959,579206.0,,,,final,"WCA 1960 round, census 1959. FAO flag A: Official figure.",,,2-5
farms.faostat-wcad.area-by-land-size,USA,1969,627353.7,,,,final,"WCA 1970 round, census 1969. FAO flag I: Value imputed by a receiving agency.",,,2-5
farms.faostat-wcad.area-by-land-size,USA,1978,536141.76,,,,final,"WCA 1980 round, census 1978. FAO flag I: Value imputed by a receiving agency.",,,2-5
farms.faostat-wcad.area-by-land-size,USA,1987,424401.0,,,,final,"WCA 1990 round, census 1987. FAO flag A: Official figure.",,,2-5
farms.faostat-wcad.area-by-land-size,USA,2002,540430.0,,,,final,"WCA 2000 round, census 2002. FAO flag I: Value imputed by a receiving agency. FAO's note: <5 ha.",,,2-5
farms.faostat-wcad.area-by-land-size,USA,2022,671200.23,,,,final,"WCA 2020 round, census 2022. FAO flag I: Value imputed by a receiving agency.",,,2-5
farms.faostat-wcad.area-by-land-size,USA,1930,6151988.0,,,,final,"WCA 1930 round, census 1930. FAO flag I: Value imputed by a receiving agency.",,,5-10
farms.faostat-wcad.area-by-land-size,USA,1950,3924120.15,,,,final,"WCA 1950 round, census 1950. FAO flag I: Value imputed by a receiving agency. FAO's note: Data given in this classified table are based on reports for only a sample of holdings",,,5-10
farms.faostat-wcad.area-by-land-size,USA,1959,2105083.0,,,,final,"WCA 1960 round, census 1959. FAO flag A: Official figure.",,,5-10
farms.faostat-wcad.area-by-land-size,USA,1969,2015965.75,,,,final,"WCA 1970 round, census 1969. FAO flag I: Value imputed by a receiving agency.",,,5-10
farms.faostat-wcad.area-by-land-size,USA,1978,1686695.74,,,,final,"WCA 1980 round, census 1978. FAO flag I: Value imputed by a receiving agency.",,,5-10
farms.faostat-wcad.area-by-land-size,USA,1987,1094014.0,,,,final,"WCA 1990 round, census 1987. FAO flag A: Official figure.",,,5-10
farms.faostat-wcad.area-by-land-size,USA,2002,1446884.0,,,,final,"WCA 2000 round, census 2002. FAO flag I: Value imputed by a receiving agency.",,,5-10
farms.faostat-wcad.area-by-land-size,USA,2012,1984145.0,,,,final,"WCA 2010 round, census 2012. FAO flag I: Value imputed by a receiving agency.",,,5-10
farms.faostat-wcad.area-by-land-size,USA,2017,2276869.0,,,,final,"WCA 2020 round, census 2017. FAO flag I: Value imputed by a receiving agency.",,,5-10
farms.faostat-wcad.area-by-land-size,USA,2022,1924263.92,,,,final,"WCA 2020 round, census 2022. FAO flag I: Value imputed by a receiving agency.",,,5-10
farms.faostat-wcad.area-by-land-size,USA,1930,14586351.0,,,,final,"WCA 1930 round, census 1930. FAO flag I: Value imputed by a receiving agency.",,,10-20
farms.faostat-wcad.area-by-land-size,USA,1950,10962545.65,,,,final,"WCA 1950 round, census 1950. FAO flag I: Value imputed by a receiving agency. FAO's note: Data given in this classified table are based on reports for only a sample of holdings",,,10-20
farms.faostat-wcad.area-by-land-size,USA,1959,6468815.0,,,,final,"WCA 1960 round, census 1959. FAO flag A: Official figure.",,,10-20
farms.faostat-wcad.area-by-land-size,USA,1969,2804553.07,,,,final,"WCA 1970 round, census 1969. FAO flag I: Value imputed by a receiving agency.",,,10-20
farms.faostat-wcad.area-by-land-size,USA,1978,3210692.26,,,,final,"WCA 1980 round, census 1978. FAO flag I: Value imputed by a receiving agency.",,,10-20
farms.faostat-wcad.area-by-land-size,USA,1987,3159370.0,,,,final,"WCA 1990 round, census 1987. FAO flag A: Official figure.",,,10-20
farms.faostat-wcad.area-by-land-size,USA,2002,4214923.0,,,,final,"WCA 2000 round, census 2002. FAO flag I: Value imputed by a receiving agency.",,,10-20
farms.faostat-wcad.area-by-land-size,USA,2012,3763380.0,,,,final,"WCA 2010 round, census 2012. FAO flag I: Value imputed by a receiving agency.",,,10-20
farms.faostat-wcad.area-by-land-size,USA,2017,3148321.0,,,,final,"WCA 2020 round, census 2017. FAO flag I: Value imputed by a receiving agency.",,,10-20
farms.faostat-wcad.area-by-land-size,USA,2022,3376732.82,,,,final,"WCA 2020 round, census 2022. FAO flag I: Value imputed by a receiving agency.",,,10-20
farms.faostat-wcad.area-by-land-size,USA,1930,67567907.0,,,,final,"WCA 1930 round, census 1930. FAO flag I: Value imputed by a receiving agency.",,,20-50
farms.faostat-wcad.area-by-land-size,USA,1950,53615608.45,,,,final,"WCA 1950 round, census 1950. FAO flag I: Value imputed by a receiving agency. FAO's note: Data given in this classified table are based on reports for only a sample of holdings",,,20-50
farms.faostat-wcad.area-by-land-size,USA,1959,30935682.0,,,,final,"WCA 1960 round, census 1959. FAO flag A: Official figure.",,,20-50
farms.faostat-wcad.area-by-land-size,USA,1969,21778969.5,,,,final,"WCA 1970 round, census 1969. FAO flag I: Value imputed by a receiving agency.",,,20-50
farms.faostat-wcad.area-by-land-size,USA,1978,17942686.73,,,,final,"WCA 1980 round, census 1978. FAO flag I: Value imputed by a receiving agency.",,,20-50
farms.faostat-wcad.area-by-land-size,USA,1987,14100582.0,,,,final,"WCA 1990 round, census 1987. FAO flag A: Official figure.",,,20-50
farms.faostat-wcad.area-by-land-size,USA,2002,14879051.0,,,,final,"WCA 2000 round, census 2002. FAO flag I: Value imputed by a receiving agency.",,,20-50
farms.faostat-wcad.area-by-land-size,USA,2012,14863125.0,,,,final,"WCA 2010 round, census 2012. FAO flag I: Value imputed by a receiving agency.",,,20-50
farms.faostat-wcad.area-by-land-size,USA,2017,13214609.0,,,,final,"WCA 2020 round, census 2017. FAO flag I: Value imputed by a receiving agency.",,,20-50
farms.faostat-wcad.area-by-land-size,USA,2022,12220342.3,,,,final,"WCA 2020 round, census 2022. FAO flag I: Value imputed by a receiving agency.",,,20-50
farms.faostat-wcad.area-by-land-size,USA,1930,84519129.0,,,,final,"WCA 1930 round, census 1930. FAO flag I: Value imputed by a receiving agency.",,,50-100
farms.faostat-wcad.area-by-land-size,USA,1950,75279582.14,,,,final,"WCA 1950 round, census 1950. FAO flag I: Value imputed by a receiving agency. FAO's note: Data given in this classified table are based on reports for only a sample of holdings",,,50-100
farms.faostat-wcad.area-by-land-size,USA,1959,63137117.0,,,,final,"WCA 1960 round, census 1959. FAO flag A: Official figure.",,,50-100
farms.faostat-wcad.area-by-land-size,USA,1969,44528393.83,,,,final,"WCA 1970 round, census 1969. FAO flag I: Value imputed by a receiving agency.",,,50-100
farms.faostat-wcad.area-by-land-size,USA,1978,34903560.9,,,,final,"WCA 1980 round, census 1978. FAO flag I: Value imputed by a receiving agency.",,,50-100
farms.faostat-wcad.area-by-land-size,USA,1987,27393780.0,,,,final,"WCA 1990 round, census 1987. FAO flag A: Official figure.",,,50-100
farms.faostat-wcad.area-by-land-size,USA,2002,24204526.0,,,,final,"WCA 2000 round, census 2002. FAO flag I: Value imputed by a receiving agency.",,,50-100
farms.faostat-wcad.area-by-land-size,USA,2012,22104659.0,,,,final,"WCA 2010 round, census 2012. FAO flag I: Value imputed by a receiving agency.",,,50-100
farms.faostat-wcad.area-by-land-size,USA,2017,19673856.0,,,,final,"WCA 2020 round, census 2017. FAO flag I: Value imputed by a receiving agency.",,,50-100
farms.faostat-wcad.area-by-land-size,USA,2022,18486664.15,,,,final,"WCA 2020 round, census 2022. FAO flag I: Value imputed by a receiving agency.",,,50-100
farms.faostat-wcad.area-by-land-size,USA,1930,67951136.0,,,,final,"WCA 1930 round, census 1930. FAO flag I: Value imputed by a receiving agency.",,,100-200
farms.faostat-wcad.area-by-land-size,USA,1950,72607093.68,,,,final,"WCA 1950 round, census 1950. FAO flag I: Value imputed by a receiving agency. FAO's note: Data given in this classified table are based on reports for only a sample of holdings",,,100-200
farms.faostat-wcad.area-by-land-size,USA,1959,71288636.0,,,,final,"WCA 1960 round, census 1959. FAO flag A: Official figure.",,,100-200
farms.faostat-wcad.area-by-land-size,USA,1969,63524269.85,,,,final,"WCA 1970 round, census 1969. FAO flag I: Value imputed by a receiving agency.",,,100-200
farms.faostat-wcad.area-by-land-size,USA,1978,53745815.44,,,,final,"WCA 1980 round, census 1978. FAO flag I: Value imputed by a receiving agency.",,,100-200
farms.faostat-wcad.area-by-land-size,USA,1987,43556049.0,,,,final,"WCA 1990 round, census 1987. FAO flag A: Official figure.",,,100-200
farms.faostat-wcad.area-by-land-size,USA,2002,34303773.0,,,,final,"WCA 2000 round, census 2002. FAO flag I: Value imputed by a receiving agency.",,,100-200
farms.faostat-wcad.area-by-land-size,USA,2012,29868415.0,,,,final,"WCA 2010 round, census 2012. FAO flag I: Value imputed by a receiving agency.",,,100-200
farms.faostat-wcad.area-by-land-size,USA,2017,27866144.0,,,,final,"WCA 2020 round, census 2017. FAO flag I: Value imputed by a receiving agency.",,,100-200
farms.faostat-wcad.area-by-land-size,USA,2022,25203539.08,,,,final,"WCA 2020 round, census 2022. FAO flag I: Value imputed by a receiving agency.",,,100-200
farms.faostat-wcad.area-by-land-size,USA,1930,54194772.0,,,,final,"WCA 1930 round, census 1930. FAO flag I: Value imputed by a receiving agency.",,,200-500
farms.faostat-wcad.area-by-land-size,USA,1950,252286154.2,,,,final,"WCA 1950 round, census 1950. FAO flag I: Value imputed by a receiving agency. FAO's note: Data given in this classified table are based on reports for only a sample of holdings",,,200-500
farms.faostat-wcad.area-by-land-size,USA,1959,71148063.0,,,,final,"WCA 1960 round, census 1959. FAO flag A: Official figure.",,,200-500
farms.faostat-wcad.area-by-land-size,USA,1969,76930809.38,,,,final,"WCA 1970 round, census 1969. FAO flag I: Value imputed by a receiving agency.",,,200-500
farms.faostat-wcad.area-by-land-size,USA,1978,80299752.81,,,,final,"WCA 1980 round, census 1978. FAO flag I: Value imputed by a receiving agency.",,,200-500
farms.faostat-wcad.area-by-land-size,USA,1987,73764941.0,,,,final,"WCA 1990 round, census 1987. FAO flag A: Official figure.",,,200-500
farms.faostat-wcad.area-by-land-size,USA,2002,62327929.0,,,,final,"WCA 2000 round, census 2002. FAO flag I: Value imputed by a receiving agency.",,,200-500
farms.faostat-wcad.area-by-land-size,USA,2012,59027951.0,,,,final,"WCA 2010 round, census 2012. FAO flag I: Value imputed by a receiving agency.",,,200-500
farms.faostat-wcad.area-by-land-size,USA,2017,53782142.0,,,,final,"WCA 2020 round, census 2017. FAO flag I: Value imputed by a receiving agency.",,,200-500
farms.faostat-wcad.area-by-land-size,USA,2022,49302949.89,,,,final,"WCA 2020 round, census 2022. FAO flag I: Value imputed by a receiving agency.",,,200-500
farms.faostat-wcad.area-by-land-size,USA,1930,24785178.0,,,,final,"WCA 1930 round, census 1930. FAO flag I: Value imputed by a receiving agency.",,,500-1000
farms.faostat-wcad.area-by-land-size,USA,1959,41413962.0,,,,final,"WCA 1960 round, census 1959. FAO flag A: Official figure.",,,500-1000
farms.faostat-wcad.area-by-land-size,USA,1969,46723864.66,,,,final,"WCA 1970 round, census 1969. FAO flag I: Value imputed by a receiving agency.",,,500-1000
farms.faostat-wcad.area-by-land-size,USA,1978,201637306.6,,,,final,"WCA 1980 round, census 1978. FAO flag I: Value imputed by a receiving agency.",,,500-1000
farms.faostat-wcad.area-by-land-size,USA,1987,226818480.0,,,,final,"WCA 1990 round, census 1987. FAO flag A: Official figure.",,,500-1000
farms.faostat-wcad.area-by-land-size,USA,2002,237794635.0,,,,final,"WCA 2000 round, census 2002. FAO flag I: Value imputed by a receiving agency.",,,500-1000
farms.faostat-wcad.area-by-land-size,USA,2012,237715022.0,,,,final,"WCA 2010 round, census 2012. FAO flag I: Value imputed by a receiving agency.",,,500-1000
farms.faostat-wcad.area-by-land-size,USA,2017,51776319.0,,,,final,"WCA 2020 round, census 2017. FAO flag I: Value imputed by a receiving agency.",,,500-1000
farms.faostat-wcad.area-by-land-size,USA,2022,87250537.89,,,,final,"WCA 2020 round, census 2022. FAO flag I: Value imputed by a receiving agency.",,,500-1000
farms.faostat-wcad.area-by-land-size,USA,2017,71768544.0,,,,final,"WCA 2020 round, census 2017. FAO flag I: Value imputed by a receiving agency.",,,1000-2500
farms.faostat-wcad.area-by-land-size,USA,2017,119989995.0,,,,final,"WCA 2020 round, census 2017. FAO flag I: Value imputed by a receiving agency.",,,2500-plus
farms.faostat-wcad.area-by-land-size,USA,1930,77947255.0,,,,final,"WCA 1930 round, census 1930. FAO flag I: Value imputed by a receiving agency.",,,1000-plus
farms.faostat-wcad.area-by-land-size,USA,1959,167469475.0,,,,final,"WCA 1960 round, census 1959. FAO flag A: Official figure.",,,1000-plus
farms.faostat-wcad.area-by-land-size,USA,1969,171288252.6,,,,final,"WCA 1970 round, census 1969. FAO flag I: Value imputed by a receiving agency.",,,1000-plus
farms.faostat-wcad.area-by-land-size,USA,2022,157581607.2,,,,final,"WCA 2020 round, census 2022. FAO flag I: Value imputed by a receiving agency.",,,1000-plus
farms.faostat-wcad.area-by-land-size,VCT,1986,1781.0,,,,final,"WCA 1990 round, census 1986. FAO flag A: Official figure.",,,0-1
farms.faostat-wcad.area-by-land-size,VCT,2000,1335.0,,,,final,"WCA 2000 round, census 2000. FAO flag I: Value imputed by a receiving agency.",,,0-1
farms.faostat-wcad.area-by-land-size,VCT,1986,1288.0,,,,final,"WCA 1990 round, census 1986. FAO flag A: Official figure.",,,1-2
farms.faostat-wcad.area-by-land-size,VCT,2000,1477.0,,,,final,"WCA 2000 round, census 2000. FAO flag I: Value imputed by a receiving agency.",,,1-2
farms.faostat-wcad.area-by-land-size,VCT,1986,1874.0,,,,final,"WCA 1990 round, census 1986. FAO flag A: Official figure.",,,2-5
farms.faostat-wcad.area-by-land-size,VCT,2000,1816.0,,,,final,"WCA 2000 round, census 2000. FAO flag I: Value imputed by a receiving agency.",,,2-5
farms.faostat-wcad.area-by-land-size,VCT,1986,736.0,,,,final,"WCA 1990 round, census 1986. FAO flag A: Official figure.",,,5-10
farms.faostat-wcad.area-by-land-size,VCT,2000,711.0,,,,final,"WCA 2000 round, census 2000. FAO flag I: Value imputed by a receiving agency.",,,5-10
farms.faostat-wcad.area-by-land-size,VCT,1986,473.0,,,,final,"WCA 1990 round, census 1986. FAO flag A: Official figure.",,,10-20
farms.faostat-wcad.area-by-land-size,VCT,2000,530.0,,,,final,"WCA 2000 round, census 2000. FAO flag I: Value imputed by a receiving agency.",,,10-20
farms.faostat-wcad.area-by-land-size,VCT,1986,733.0,,,,final,"WCA 1990 round, census 1986. FAO flag A: Official figure.",,,20-50
farms.faostat-wcad.area-by-land-size,VCT,2000,1330.0,,,,final,"WCA 2000 round, census 2000. FAO flag I: Value imputed by a receiving agency.",,,20-50
farms.faostat-wcad.area-by-land-size,VCT,1986,927.0,,,,final,"WCA 1990 round, census 1986. FAO flag A: Official figure.",,,50-100
farms.faostat-wcad.area-by-land-size,VCT,1986,483.0,,,,final,"WCA 1990 round, census 1986. FAO flag A: Official figure.",,,100-200
farms.faostat-wcad.area-by-land-size,VCT,1986,3722.0,,,,final,"WCA 1990 round, census 1986. FAO flag A: Official figure.",,,200-500
farms.faostat-wcad.area-by-land-size,VEN,1961,9441.0,,,,final,"WCA 1960 round, census 1961. FAO flag A: Official figure. FAO's note: Includes holdings without land",,,0-1
farms.faostat-wcad.area-by-land-size,VEN,1971,6121.0,,,,final,"WCA 1970 round, census 1971. FAO flag A: Official figure.",,,0-1
farms.faostat-wcad.area-by-land-size,VEN,1996/1997,20777.0,,,,final,"WCA 2000 round, census 1996/97. FAO flag A: Official figure.",,,0-1
farms.faostat-wcad.area-by-land-size,VEN,2008,12221.0,,,,final,"WCA 2010 round, census 2008. FAO flag A: Official figure.",,,0-1
farms.faostat-wcad.area-by-land-size,VEN,1961,49405.0,,,,final,"WCA 1960 round, census 1961. FAO flag A: Official figure.",,,1-2
farms.faostat-wcad.area-by-land-size,VEN,1971,37311.0,,,,final,"WCA 1970 round, census 1971. FAO flag A: Official figure.",,,1-2
farms.faostat-wcad.area-by-land-size,VEN,1996/1997,83678.0,,,,final,"WCA 2000 round, census 1996/97. FAO flag A: Official figure.",,,1-2
farms.faostat-wcad.area-by-land-size,VEN,2008,60020.0,,,,final,"WCA 2010 round, census 2008. FAO flag A: Official figure.",,,1-2
farms.faostat-wcad.area-by-land-size,VEN,2008,117732.0,,,,final,"WCA 2010 round, census 2008. FAO flag I: Value imputed by a receiving agency.",,,2-3
farms.faostat-wcad.area-by-land-size,VEN,2008,92243.0,,,,final,"WCA 2010 round, census 2008. FAO flag I: Value imputed by a receiving agency.",,,3-4
farms.faostat-wcad.area-by-land-size,VEN,2008,76473.0,,,,final,"WCA 2010 round, census 2008. FAO flag I: Value imputed by a receiving agency.",,,4-5
farms.faostat-wcad.area-by-land-size,VEN,1961,299011.0,,,,final,"WCA 1960 round, census 1961. FAO flag A: Official figure.",,,2-5
farms.faostat-wcad.area-by-land-size,VEN,1971,218746.0,,,,final,"WCA 1970 round, census 1971. FAO flag A: Official figure.",,,2-5
farms.faostat-wcad.area-by-land-size,VEN,1996/1997,373464.0,,,,final,"WCA 2000 round, census 1996/97. FAO flag A: Official figure.",,,2-5
farms.faostat-wcad.area-by-land-size,VEN,1961,395432.0,,,,final,"WCA 1960 round, census 1961. FAO flag A: Official figure.",,,5-10
farms.faostat-wcad.area-by-land-size,VEN,1971,314909.0,,,,final,"WCA 1970 round, census 1971. FAO flag A: Official figure.",,,5-10
farms.faostat-wcad.area-by-land-size,VEN,1996/1997,481418.0,,,,final,"WCA 2000 round, census 1996/97. FAO flag A: Official figure.",,,5-10
farms.faostat-wcad.area-by-land-size,VEN,2008,402565.0,,,,final,"WCA 2010 round, census 2008. FAO flag A: Official figure.",,,5-10
farms.faostat-wcad.area-by-land-size,VEN,1961,507153.0,,,,final,"WCA 1960 round, census 1961. FAO flag A: Official figure.",,,10-20
farms.faostat-wcad.area-by-land-size,VEN,1971,511593.0,,,,final,"WCA 1970 round, census 1971. FAO flag A: Official figure.",,,10-20
farms.faostat-wcad.area-by-land-size,VEN,1996/1997,748337.0,,,,final,"WCA 2000 round, census 1996/97. FAO flag A: Official figure.",,,10-20
farms.faostat-wcad.area-by-land-size,VEN,2008,683365.0,,,,final,"WCA 2010 round, census 2008. FAO flag A: Official figure.",,,10-20
farms.faostat-wcad.area-by-land-size,VEN,1961,816753.0,,,,final,"WCA 1960 round, census 1961. FAO flag A: Official figure.",,,20-50
farms.faostat-wcad.area-by-land-size,VEN,1971,917550.0,,,,final,"WCA 1970 round, census 1971. FAO flag A: Official figure.",,,20-50
farms.faostat-wcad.area-by-land-size,VEN,1996/1997,1516983.0,,,,final,"WCA 2000 round, census 1996/97. FAO flag A: Official figure.",,,20-50
farms.faostat-wcad.area-by-land-size,VEN,2008,1594533.0,,,,final,"WCA 2010 round, census 2008. FAO flag A: Official figure.",,,20-50
farms.faostat-wcad.area-by-land-size,VEN,1961,719241.0,,,,final,"WCA 1960 round, census 1961. FAO flag A: Official figure.",,,50-100
farms.faostat-wcad.area-by-land-size,VEN,1971,920140.0,,,,final,"WCA 1970 round, census 1971. FAO flag A: Official figure.",,,50-100
farms.faostat-wcad.area-by-land-size,VEN,1996/1997,1810573.0,,,,final,"WCA 2000 round, census 1996/97. FAO flag A: Official figure.",,,50-100
farms.faostat-wcad.area-by-land-size,VEN,2008,1949056.0,,,,final,"WCA 2010 round, census 2008. FAO flag A: Official figure.",,,50-100
farms.faostat-wcad.area-by-land-size,VEN,1961,942641.0,,,,final,"WCA 1960 round, census 1961. FAO flag A: Official figure.",,,100-200
farms.faostat-wcad.area-by-land-size,VEN,1971,1050662.0,,,,final,"WCA 1970 round, census 1971. FAO flag A: Official figure.",,,100-200
farms.faostat-wcad.area-by-land-size,VEN,1996/1997,2442875.0,,,,final,"WCA 2000 round, census 1996/97. FAO flag A: Official figure.",,,100-200
farms.faostat-wcad.area-by-land-size,VEN,2008,2623611.0,,,,final,"WCA 2010 round, census 2008. FAO flag A: Official figure.",,,100-200
farms.faostat-wcad.area-by-land-size,VEN,1961,1766319.0,,,,final,"WCA 1960 round, census 1961. FAO flag A: Official figure.",,,200-500
farms.faostat-wcad.area-by-land-size,VEN,1971,2291200.0,,,,final,"WCA 1970 round, census 1971. FAO flag A: Official figure.",,,200-500
farms.faostat-wcad.area-by-land-size,VEN,1996/1997,4636937.0,,,,final,"WCA 2000 round, census 1996/97. FAO flag A: Official figure.",,,200-500
farms.faostat-wcad.area-by-land-size,VEN,2008,4666458.0,,,,final,"WCA 2010 round, census 2008. FAO flag A: Official figure.",,,200-500
farms.faostat-wcad.area-by-land-size,VEN,1961,1845099.0,,,,final,"WCA 1960 round, census 1961. FAO flag A: Official figure.",,,500-1000
farms.faostat-wcad.area-by-land-size,VEN,1971,2533584.0,,,,final,"WCA 1970 round, census 1971. FAO flag A: Official figure.",,,500-1000
farms.faostat-wcad.area-by-land-size,VEN,1996/1997,3989406.0,,,,final,"WCA 2000 round, census 1996/97. FAO flag A: Official figure.",,,500-1000
farms.faostat-wcad.area-by-land-size,VEN,2008,3837223.0,,,,final,"WCA 2010 round, census 2008. FAO flag A: Official figure.",,,500-1000
farms.faostat-wcad.area-by-land-size,VEN,2008,4215279.0,,,,final,"WCA 2010 round, census 2008. FAO flag A: Official figure.",,,1000-2500
farms.faostat-wcad.area-by-land-size,VEN,2008,6743101.0,,,,final,"WCA 2010 round, census 2008. FAO flag I: Value imputed by a receiving agency.",,,2500-plus
farms.faostat-wcad.area-by-land-size,VEN,1961,18654367.0,,,,final,"WCA 1960 round, census 1961. FAO flag A: Official figure.",,,1000-plus
farms.faostat-wcad.area-by-land-size,VEN,1971,17668318.0,,,,final,"WCA 1970 round, census 1971. FAO flag A: Official figure.",,,1000-plus
farms.faostat-wcad.area-by-land-size,VEN,1996/1997,13966744.0,,,,final,"WCA 2000 round, census 1996/97. FAO flag A: Official figure.",,,1000-plus
farms.faostat-wcad.area-by-land-size,VGB,1961,58.0,,,,final,"WCA 1960 round, census 1961. FAO flag A: Official figure.",,,0-1
farms.faostat-wcad.area-by-land-size,VGB,1961,168.0,,,,final,"WCA 1960 round, census 1961. FAO flag A: Official figure.",,,1-2
farms.faostat-wcad.area-by-land-size,VGB,1961,848.0,,,,final,"WCA 1960 round, census 1961. FAO flag A: Official figure.",,,2-5
farms.faostat-wcad.area-by-land-size,VGB,1961,877.0,,,,final,"WCA 1960 round, census 1961. FAO flag A: Official figure.",,,5-10
farms.faostat-wcad.area-by-land-size,VGB,1961,622.0,,,,final,"WCA 1960 round, census 1961. FAO flag A: Official figure.",,,10-20
farms.faostat-wcad.area-by-land-size,VGB,1961,897.0,,,,final,"WCA 1960 round, census 1961. FAO flag A: Official figure.",,,20-50
farms.faostat-wcad.area-by-land-size,VGB,1961,325.0,,,,final,"WCA 1960 round, census 1961. FAO flag A: Official figure.",,,50-100
farms.faostat-wcad.area-by-land-size,VGB,1961,150.0,,,,final,"WCA 1960 round, census 1961. FAO flag A: Official figure.",,,100-200
farms.faostat-wcad.area-by-land-size,VIR,1930,5.0,,,,final,"WCA 1930 round, census 1930. FAO flag I: Value imputed by a receiving agency.",,,0-1
farms.faostat-wcad.area-by-land-size,VIR,1950,29.53,,,,final,"WCA 1950 round, census 1950. FAO flag I: Value imputed by a receiving agency.",,,0-1
farms.faostat-wcad.area-by-land-size,VIR,1959,22.0,,,,final,"WCA 1960 round, census 1959. FAO flag A: Official figure.",,,0-1
farms.faostat-wcad.area-by-land-size,VIR,1969,25.33,,,,final,"WCA 1970 round, census 1969. FAO flag I: Value imputed by a receiving agency.",,,0-1
farms.faostat-wcad.area-by-land-size,VIR,1978,37.0,,,,final,"WCA 1980 round, census 1978. FAO flag I: Value imputed by a receiving agency.",,,0-1
farms.faostat-wcad.area-by-land-size,VIR,2007,38.0,,,,final,"WCA 2010 round, census 2007. FAO flag I: Value imputed by a receiving agency.",,,0-1
farms.faostat-wcad.area-by-land-size,VIR,2018,104.0,,,,final,"WCA 2020 round, census 2018. FAO flag I: Value imputed by a receiving agency.",,,0-1
farms.faostat-wcad.area-by-land-size,VIR,2023,128.22422,,,,final,"WCA 2020 round, census 2023. FAO flag I: Value imputed by a receiving agency.",,,0-1
farms.faostat-wcad.area-by-land-size,VIR,1930,68.0,,,,final,"WCA 1930 round, census 1930. FAO flag I: Value imputed by a receiving agency.",,,1-2
farms.faostat-wcad.area-by-land-size,VIR,1950,220.43,,,,final,"WCA 1950 round, census 1950. FAO flag I: Value imputed by a receiving agency.",,,1-2
farms.faostat-wcad.area-by-land-size,VIR,1959,89.0,,,,final,"WCA 1960 round, census 1959. FAO flag A: Official figure.",,,1-2
farms.faostat-wcad.area-by-land-size,VIR,1969,40.18,,,,final,"WCA 1970 round, census 1969. FAO flag I: Value imputed by a receiving agency.",,,1-2
farms.faostat-wcad.area-by-land-size,VIR,1978,100.56,,,,final,"WCA 1980 round, census 1978. FAO flag I: Value imputed by a receiving agency.",,,1-2
farms.faostat-wcad.area-by-land-size,VIR,1987,94.0,,,,final,"WCA 1990 round, census 1987. FAO flag A: Official figure.",,,1-2
farms.faostat-wcad.area-by-land-size,VIR,2002,69.0,,,,final,"WCA 2000 round, census 2002. FAO flag I: Value imputed by a receiving agency. FAO's note: <2 ha.",,,1-2
farms.faostat-wcad.area-by-land-size,VIR,2007,54.0,,,,final,"WCA 2010 round, census 2007. FAO flag I: Value imputed by a receiving agency.",,,1-2
farms.faostat-wcad.area-by-land-size,VIR,2018,128.0,,,,final,"WCA 2020 round, census 2018. FAO flag I: Value imputed by a receiving agency.",,,1-2
farms.faostat-wcad.area-by-land-size,VIR,2023,122.942198,,,,final,"WCA 2020 round, census 2023. FAO flag I: Value imputed by a receiving agency.",,,1-2
farms.faostat-wcad.area-by-land-size,VIR,2007,50.0,,,,final,"WCA 2010 round, census 2007. FAO flag I: Value imputed by a receiving agency.",,,2-3
farms.faostat-wcad.area-by-land-size,VIR,2018,118.0,,,,final,"WCA 2020 round, census 2018. FAO flag I: Value imputed by a receiving agency.",,,2-3
farms.faostat-wcad.area-by-land-size,VIR,2007,50.0,,,,final,"WCA 2010 round, census 2007. FAO flag I: Value imputed by a receiving agency.",,,3-4
farms.faostat-wcad.area-by-land-size,VIR,2018,116.0,,,,final,"WCA 2020 round, census 2018. FAO flag I: Value imputed by a receiving agency.",,,3-4
farms.faostat-wcad.area-by-land-size,VIR,2007,53.0,,,,final,"WCA 2010 round, census 2007. FAO flag I: Value imputed by a receiving agency.",,,4-5
farms.faostat-wcad.area-by-land-size,VIR,2018,117.0,,,,final,"WCA 2020 round, census 2018. FAO flag I: Value imputed by a receiving agency.",,,4-5
farms.faostat-wcad.area-by-land-size,VIR,1930,206.0,,,,final,"WCA 1930 round, census 1930. FAO flag I: Value imputed by a receiving agency.",,,2-5
farms.faostat-wcad.area-by-land-size,VIR,1950,657.23,,,,final,"WCA 1950 round, census 1950. FAO flag I: Value imputed by a receiving agency.",,,2-5
farms.faostat-wcad.area-by-land-size,VIR,1959,483.0,,,,final,"WCA 1960 round, census 1959. FAO flag A: Official figure.",,,2-5
farms.faostat-wcad.area-by-land-size,VIR,1969,104.94,,,,final,"WCA 1970 round, census 1969. FAO flag I: Value imputed by a receiving agency.",,,2-5
farms.faostat-wcad.area-by-land-size,VIR,1978,279.35,,,,final,"WCA 1980 round, census 1978. FAO flag I: Value imputed by a receiving agency.",,,2-5
farms.faostat-wcad.area-by-land-size,VIR,1987,180.0,,,,final,"WCA 1990 round, census 1987. FAO flag A: Official figure.",,,2-5
farms.faostat-wcad.area-by-land-size,VIR,2002,128.0,,,,final,"WCA 2000 round, census 2002. FAO flag I: Value imputed by a receiving agency.",,,2-5
farms.faostat-wcad.area-by-land-size,VIR,2023,307.0754,,,,final,"WCA 2020 round, census 2023. FAO flag I: Value imputed by a receiving agency.",,,2-5
farms.faostat-wcad.area-by-land-size,VIR,1930,230.0,,,,final,"WCA 1930 round, census 1930. FAO flag I: Value imputed by a receiving agency.",,,5-10
farms.faostat-wcad.area-by-land-size,VIR,1950,777.1,,,,final,"WCA 1950 round, census 1950. FAO flag I: Value imputed by a receiving agency.",,,5-10
farms.faostat-wcad.area-by-land-size,VIR,1959,506.0,,,,final,"WCA 1960 round, census 1959. FAO flag A: Official figure.",,,5-10
farms.faostat-wcad.area-by-land-size,VIR,1969,150.19,,,,final,"WCA 1970 round, census 1969. FAO flag I: Value imputed by a receiving agency.",,,5-10
farms.faostat-wcad.area-by-land-size,VIR,1978,291.38,,,,final,"WCA 1980 round, census 1978. FAO flag I: Value imputed by a receiving agency.",,,5-10
farms.faostat-wcad.area-by-land-size,VIR,1987,202.0,,,,final,"WCA 1990 round, census 1987. FAO flag A: Official figure.",,,5-10
farms.faostat-wcad.area-by-land-size,VIR,2002,173.0,,,,final,"WCA 2000 round, census 2002. FAO flag I: Value imputed by a receiving agency.",,,5-10
farms.faostat-wcad.area-by-land-size,VIR,2007,161.0,,,,final,"WCA 2010 round, census 2007. FAO flag I: Value imputed by a receiving agency.",,,5-10
farms.faostat-wcad.area-by-land-size,VIR,2018,401.0,,,,final,"WCA 2020 round, census 2018. FAO flag I: Value imputed by a receiving agency.",,,5-10
farms.faostat-wcad.area-by-land-size,VIR,2023,382.546955,,,,final,"WCA 2020 round, census 2023. FAO flag I: Value imputed by a receiving agency.",,,5-10
farms.faostat-wcad.area-by-land-size,VIR,1930,330.0,,,,final,"WCA 1930 round, census 1930. FAO flag I: Value imputed by a receiving agency.",,,10-20
farms.faostat-wcad.area-by-land-size,VIR,1950,901.77,,,,final,"WCA 1950 round, census 1950. FAO flag I: Value imputed by a receiving agency.",,,10-20
farms.faostat-wcad.area-by-land-size,VIR,1959,596.0,,,,final,"WCA 1960 round, census 1959. FAO flag A: Official figure.",,,10-20
farms.faostat-wcad.area-by-land-size,VIR,1969,261.28,,,,final,"WCA 1970 round, census 1969. FAO flag I: Value imputed by a receiving agency.",,,10-20
farms.faostat-wcad.area-by-land-size,VIR,1978,342.35,,,,final,"WCA 1980 round, census 1978. FAO flag I: Value imputed by a receiving agency.",,,10-20
farms.faostat-wcad.area-by-land-size,VIR,1987,363.0,,,,final,"WCA 1990 round, census 1987. FAO flag A: Official figure.",,,10-20
farms.faostat-wcad.area-by-land-size,VIR,2002,90.0,,,,final,"WCA 2000 round, census 2002. FAO flag I: Value imputed by a receiving agency.",,,10-20
farms.faostat-wcad.area-by-land-size,VIR,2007,123.0,,,,final,"WCA 2010 round, census 2007. FAO flag I: Value imputed by a receiving agency.",,,10-20
farms.faostat-wcad.area-by-land-size,VIR,2018,402.0,,,,final,"WCA 2020 round, census 2018. FAO flag I: Value imputed by a receiving agency.",,,10-20
farms.faostat-wcad.area-by-land-size,VIR,2023,340.289611,,,,final,"WCA 2020 round, census 2023. FAO flag I: Value imputed by a receiving agency.",,,10-20
farms.faostat-wcad.area-by-land-size,VIR,1930,701.0,,,,final,"WCA 1930 round, census 1930. FAO flag I: Value imputed by a receiving agency.",,,20-50
farms.faostat-wcad.area-by-land-size,VIR,1950,1910.07,,,,final,"WCA 1950 round, census 1950. FAO flag I: Value imputed by a receiving agency.",,,20-50
farms.faostat-wcad.area-by-land-size,VIR,1959,1553.0,,,,final,"WCA 1960 round, census 1959. FAO flag A: Official figure.",,,20-50
farms.faostat-wcad.area-by-land-size,VIR,1969,570.12,,,,final,"WCA 1970 round, census 1969. FAO flag I: Value imputed by a receiving agency.",,,20-50
farms.faostat-wcad.area-by-land-size,VIR,1978,679.86,,,,final,"WCA 1980 round, census 1978. FAO flag I: Value imputed by a receiving agency.",,,20-50
farms.faostat-wcad.area-by-land-size,VIR,1987,600.0,,,,final,"WCA 1990 round, census 1987. FAO flag A: Official figure.",,,20-50
farms.faostat-wcad.area-by-land-size,VIR,2002,451.0,,,,final,"WCA 2000 round, census 2002. FAO flag I: Value imputed by a receiving agency.",,,20-50
farms.faostat-wcad.area-by-land-size,VIR,2007,1848.0,,,,final,"WCA 2010 round, census 2007. FAO flag I: Value imputed by a receiving agency.",,,20-50
farms.faostat-wcad.area-by-land-size,VIR,2018,573.0,,,,final,"WCA 2020 round, census 2018. FAO flag I: Value imputed by a receiving agency.",,,20-50
farms.faostat-wcad.area-by-land-size,VIR,2023,543.015304,,,,final,"WCA 2020 round, census 2023. FAO flag I: Value imputed by a receiving agency.",,,20-50
farms.faostat-wcad.area-by-land-size,VIR,1930,2798.0,,,,final,"WCA 1930 round, census 1930. FAO flag I: Value imputed by a receiving agency.",,,50-100
farms.faostat-wcad.area-by-land-size,VIR,1950,2547.62,,,,final,"WCA 1950 round, census 1950. FAO flag I: Value imputed by a receiving agency.",,,50-100
farms.faostat-wcad.area-by-land-size,VIR,1959,1366.0,,,,final,"WCA 1960 round, census 1959. FAO flag A: Official figure.",,,50-100
farms.faostat-wcad.area-by-land-size,VIR,1969,427.24,,,,final,"WCA 1970 round, census 1969. FAO flag I: Value imputed by a receiving agency.",,,50-100
farms.faostat-wcad.area-by-land-size,VIR,1978,850.01,,,,final,"WCA 1980 round, census 1978. FAO flag I: Value imputed by a receiving agency.",,,50-100
farms.faostat-wcad.area-by-land-size,VIR,1987,494.0,,,,final,"WCA 1990 round, census 1987. FAO flag A: Official figure.",,,50-100
farms.faostat-wcad.area-by-land-size,VIR,2002,439.0,,,,final,"WCA 2000 round, census 2002. FAO flag I: Value imputed by a receiving agency.",,,50-100
farms.faostat-wcad.area-by-land-size,VIR,2018,374.0,,,,final,"WCA 2020 round, census 2018. FAO flag I: Value imputed by a receiving agency.",,,50-100
farms.faostat-wcad.area-by-land-size,VIR,2023,218.014061,,,,final,"WCA 2020 round, census 2023. FAO flag I: Value imputed by a receiving agency.",,,50-100
farms.faostat-wcad.area-by-land-size,VIR,1930,5828.0,,,,final,"WCA 1930 round, census 1930. FAO flag I: Value imputed by a receiving agency.",,,100-200
farms.faostat-wcad.area-by-land-size,VIR,1950,5227.67,,,,final,"WCA 1950 round, census 1950. FAO flag I: Value imputed by a receiving agency.",,,100-200
farms.faostat-wcad.area-by-land-size,VIR,1959,1947.0,,,,final,"WCA 1960 round, census 1959. FAO flag A: Official figure.",,,100-200
farms.faostat-wcad.area-by-land-size,VIR,1969,1063.27,,,,final,"WCA 1970 round, census 1969. FAO flag I: Value imputed by a receiving agency.",,,100-200
farms.faostat-wcad.area-by-land-size,VIR,1978,1328.07,,,,final,"WCA 1980 round, census 1978. FAO flag I: Value imputed by a receiving agency.",,,100-200
farms.faostat-wcad.area-by-land-size,VIR,1987,766.0,,,,final,"WCA 1990 round, census 1987. FAO flag A: Official figure.",,,100-200
farms.faostat-wcad.area-by-land-size,VIR,2002,2360.0,,,,final,"WCA 2000 round, census 2002. FAO flag I: Value imputed by a receiving agency.",,,100-200
farms.faostat-wcad.area-by-land-size,VIR,2018,828.0,,,,final,"WCA 2020 round, census 2018. FAO flag I: Value imputed by a receiving agency.",,,100-200
farms.faostat-wcad.area-by-land-size,VIR,2023,668.460557,,,,final,"WCA 2020 round, census 2023. FAO flag I: Value imputed by a receiving agency.",,,100-200
farms.faostat-wcad.area-by-land-size,VIR,1930,17484.0,,,,final,"WCA 1930 round, census 1930. FAO flag I: Value imputed by a receiving agency.",,,200-500
farms.faostat-wcad.area-by-land-size,VIR,1950,13528.58,,,,final,"WCA 1950 round, census 1950. FAO flag I: Value imputed by a receiving agency.",,,200-500
farms.faostat-wcad.area-by-land-size,VIR,1959,3857.0,,,,final,"WCA 1960 round, census 1959. FAO flag A: Official figure.",,,200-500
farms.faostat-wcad.area-by-land-size,VIR,1969,2415.7,,,,final,"WCA 1970 round, census 1969. FAO flag I: Value imputed by a receiving agency.",,,200-500
farms.faostat-wcad.area-by-land-size,VIR,1978,5964.42,,,,final,"WCA 1980 round, census 1978. FAO flag I: Value imputed by a receiving agency.",,,200-500
farms.faostat-wcad.area-by-land-size,VIR,1987,4498.0,,,,final,"WCA 1990 round, census 1987. FAO flag A: Official figure.",,,200-500
farms.faostat-wcad.area-by-land-size,VIR,2018,10.0,,,,final,"WCA 2020 round, census 2018. FAO flag I: Value imputed by a receiving agency.",,,200-500
farms.faostat-wcad.area-by-land-size,VIR,2023,564.555492,,,,final,"WCA 2020 round, census 2023. FAO flag I: Value imputed by a receiving agency.",,,200-500
farms.faostat-wcad.area-by-land-size,VIR,1959,7412.0,,,,final,"WCA 1960 round, census 1959. FAO flag A: Official figure.",,,500-1000
farms.faostat-wcad.area-by-land-size,VIR,1969,3225.75,,,,final,"WCA 1970 round, census 1969. FAO flag I: Value imputed by a receiving agency.",,,500-1000
farms.faostat-wcad.area-by-land-size,VNM,1960/1961,361711.0,,,,final,"WCA 1960 round, census 1960/61. FAO flag A: Official figure. FAO's note: Includes holdings without land",,,0-1
farms.faostat-wcad.area-by-land-size,VNM,2011,2436762.0,,,,final,"WCA 2010 round, census 2011. FAO flag A: Official figure.",,,0-1
farms.faostat-wcad.area-by-land-size,VNM,2016,1969802.33,,,,final,"WCA 2020 round, census 2016. FAO flag I: Value imputed by a receiving agency. FAO's note: Pertain to holdings in the household sector only",,,0-1
farms.faostat-wcad.area-by-land-size,VNM,1960/1961,538667.0,,,,final,"WCA 1960 round, census 1960/61. FAO flag A: Official figure.",,,1-2
farms.faostat-wcad.area-by-land-size,VNM,2011,1506374.0,,,,final,"WCA 2010 round, census 2011. FAO flag A: Official figure.",,,1-2
farms.faostat-wcad.area-by-land-size,VNM,2016,1735183.43,,,,final,"WCA 2020 round, census 2016. FAO flag I: Value imputed by a receiving agency. FAO's note: Pertain to holdings in the household sector only",,,1-2
farms.faostat-wcad.area-by-land-size,VNM,2011,673072.0,,,,final,"WCA 2010 round, census 2011. FAO flag I: Value imputed by a receiving agency.",,,2-3
farms.faostat-wcad.area-by-land-size,VNM,2011,560093.0,,,,final,"WCA 2010 round, census 2011. FAO flag I: Value imputed by a receiving agency.",,,3-4
farms.faostat-wcad.area-by-land-size,VNM,2011,482524.0,,,,final,"WCA 2010 round, census 2011. FAO flag I: Value imputed by a receiving agency.",,,4-5
farms.faostat-wcad.area-by-land-size,VNM,1960/1961,907318.0,,,,final,"WCA 1960 round, census 1960/61. FAO flag A: Official figure.",,,2-5
farms.faostat-wcad.area-by-land-size,VNM,2016,2468245.25,,,,final,"WCA 2020 round, census 2016. FAO flag A: Official figure. FAO's note: Pertain to holdings in the household sector only",,,2-5
farms.faostat-wcad.area-by-land-size,VNM,1960/1961,444424.0,,,,final,"WCA 1960 round, census 1960/61. FAO flag A: Official figure.",,,5-10
farms.faostat-wcad.area-by-land-size,VNM,2011,460996.0,,,,final,"WCA 2010 round, census 2011. FAO flag A: Official figure.",,,5-10
farms.faostat-wcad.area-by-land-size,VNM,2016,1066491.67,,,,final,"WCA 2020 round, census 2016. FAO flag A: Official figure. FAO's note: Pertain to holdings in the household sector only",,,5-10
farms.faostat-wcad.area-by-land-size,VNM,1960/1961,154183.0,,,,final,"WCA 1960 round, census 1960/61. FAO flag A: Official figure.",,,10-20
farms.faostat-wcad.area-by-land-size,VNM,2011,115022.0,,,,final,"WCA 2010 round, census 2011. FAO flag A: Official figure.",,,10-20
farms.faostat-wcad.area-by-land-size,VNM,2016,1201444.56,,,,final,"WCA 2020 round, census 2016. FAO flag A: Official figure. FAO's note: Pertain to holdings in the household sector only",,,10-20
farms.faostat-wcad.area-by-land-size,VNM,1960/1961,92030.0,,,,final,"WCA 1960 round, census 1960/61. FAO flag A: Official figure.",,,20-50
farms.faostat-wcad.area-by-land-size,VNM,2011,46608.0,,,,final,"WCA 2010 round, census 2011. FAO flag A: Official figure.",,,20-50
farms.faostat-wcad.area-by-land-size,VNM,1960/1961,25319.0,,,,final,"WCA 1960 round, census 1960/61. FAO flag A: Official figure.",,,50-100
farms.faostat-wcad.area-by-land-size,VNM,2011,29755.0,,,,final,"WCA 2010 round, census 2011. FAO flag A: Official figure.",,,50-100
farms.faostat-wcad.area-by-land-size,VNM,1960/1961,22106.0,,,,final,"WCA 1960 round, census 1960/61. FAO flag A: Official figure.",,,100-200
farms.faostat-wcad.area-by-land-size,VNM,2011,33768.0,,,,final,"WCA 2010 round, census 2011. FAO flag A: Official figure.",,,100-200
farms.faostat-wcad.area-by-land-size,VNM,1960/1961,26069.0,,,,final,"WCA 1960 round, census 1960/61. FAO flag A: Official figure.",,,200-500
farms.faostat-wcad.area-by-land-size,VNM,2011,124725.0,,,,final,"WCA 2010 round, census 2011. FAO flag A: Official figure.",,,200-500
farms.faostat-wcad.area-by-land-size,VNM,1960/1961,18603.0,,,,final,"WCA 1960 round, census 1960/61. FAO flag A: Official figure.",,,500-1000
farms.faostat-wcad.area-by-land-size,VNM,2011,62812.0,,,,final,"WCA 2010 round, census 2011. FAO flag A: Official figure.",,,500-1000
farms.faostat-wcad.area-by-land-size,VNM,2011,319331.0,,,,final,"WCA 2010 round, census 2011. FAO flag A: Official figure.",,,1000-2500
farms.faostat-wcad.area-by-land-size,VNM,1960/1961,158738.0,,,,final,"WCA 1960 round, census 1960/61. FAO flag A: Official figure.",,,1000-plus
farms.faostat-wcad.area-by-land-size,VUT,2007,6668.0,,,,final,"WCA 2010 round, census 2007. FAO flag A: Official figure.",,,0-1
farms.faostat-wcad.area-by-land-size,VUT,2007,280.0,,,,final,"WCA 2010 round, census 2007. FAO flag I: Value imputed by a receiving agency.",,,1-2
farms.faostat-wcad.area-by-land-size,VUT,2007,265.0,,,,final,"WCA 2010 round, census 2007. FAO flag I: Value imputed by a receiving agency.",,,2-3
farms.faostat-wcad.area-by-land-size,VUT,2007,62.0,,,,final,"WCA 2010 round, census 2007. FAO flag I: Value imputed by a receiving agency.",,,3-4
farms.faostat-wcad.area-by-land-size,VUT,2007,47.0,,,,final,"WCA 2010 round, census 2007. FAO flag I: Value imputed by a receiving agency.",,,4-5
farms.faostat-wcad.area-by-land-size,VUT,2007,188.0,,,,final,"WCA 2010 round, census 2007. FAO flag A: Official figure.",,,5-10
farms.faostat-wcad.area-by-land-size,WSM,1999,1108.0,,,,final,"WCA 2000 round, census 1999. FAO flag A: Official figure.",,,0-1
farms.faostat-wcad.area-by-land-size,WSM,2009,526.0,,,,final,"WCA 2010 round, census 2009. FAO flag I: Value imputed by a receiving agency.",,,0-1
farms.faostat-wcad.area-by-land-size,WSM,2019,1156.0,,,,final,"WCA 2020 round, census 2019. FAO flag A: Official figure. FAO's note: Pertain to holdings in the household sector only",,,0-1
farms.faostat-wcad.area-by-land-size,WSM,1999,5954.0,,,,final,"WCA 2000 round, census 1999. FAO flag I: Value imputed by a receiving agency.",,,1-2
farms.faostat-wcad.area-by-land-size,WSM,2009,832.0,,,,final,"WCA 2010 round, census 2009. FAO flag I: Value imputed by a receiving agency.",,,1-2
farms.faostat-wcad.area-by-land-size,WSM,2019,1936.0,,,,final,"WCA 2020 round, census 2019. FAO flag A: Official figure. FAO's note: Pertain to holdings in the household sector only",,,1-2
farms.faostat-wcad.area-by-land-size,WSM,2009,2507.0,,,,final,"WCA 2010 round, census 2009. FAO flag I: Value imputed by a receiving agency.",,,2-3
farms.faostat-wcad.area-by-land-size,WSM,2019,3499.0,,,,final,"WCA 2020 round, census 2019. FAO flag I: Value imputed by a receiving agency. FAO's note: Pertain to holdings in the household sector only",,,2-3
farms.faostat-wcad.area-by-land-size,WSM,2009,1926.0,,,,final,"WCA 2010 round, census 2009. FAO flag I: Value imputed by a receiving agency.",,,3-4
farms.faostat-wcad.area-by-land-size,WSM,2019,2935.0,,,,final,"WCA 2020 round, census 2019. FAO flag I: Value imputed by a receiving agency. FAO's note: Pertain to holdings in the household sector only",,,3-4
farms.faostat-wcad.area-by-land-size,WSM,2009,4113.0,,,,final,"WCA 2010 round, census 2009. FAO flag I: Value imputed by a receiving agency.",,,4-5
farms.faostat-wcad.area-by-land-size,WSM,2019,2466.0,,,,final,"WCA 2020 round, census 2019. FAO flag I: Value imputed by a receiving agency. FAO's note: Pertain to holdings in the household sector only",,,4-5
farms.faostat-wcad.area-by-land-size,WSM,1999,13408.0,,,,final,"WCA 2000 round, census 1999. FAO flag I: Value imputed by a receiving agency.",,,2-5
farms.faostat-wcad.area-by-land-size,WSM,1999,11970.0,,,,final,"WCA 2000 round, census 1999. FAO flag I: Value imputed by a receiving agency.",,,5-10
farms.faostat-wcad.area-by-land-size,WSM,2009,10361.0,,,,final,"WCA 2010 round, census 2009. FAO flag I: Value imputed by a receiving agency.",,,5-10
farms.faostat-wcad.area-by-land-size,WSM,2019,11341.0,,,,final,"WCA 2020 round, census 2019. FAO flag A: Official figure. FAO's note: Pertain to holdings in the household sector only",,,5-10
farms.faostat-wcad.area-by-land-size,WSM,1999,9553.0,,,,final,"WCA 2000 round, census 1999. FAO flag I: Value imputed by a receiving agency.",,,10-20
farms.faostat-wcad.area-by-land-size,WSM,2009,4640.0,,,,final,"WCA 2010 round, census 2009. FAO flag I: Value imputed by a receiving agency.",,,10-20
farms.faostat-wcad.area-by-land-size,WSM,2019,8365.0,,,,final,"WCA 2020 round, census 2019. FAO flag A: Official figure. FAO's note: Pertain to holdings in the household sector only",,,10-20
farms.faostat-wcad.area-by-land-size,WSM,1999,11389.0,,,,final,"WCA 2000 round, census 1999. FAO flag I: Value imputed by a receiving agency.",,,20-50
farms.faostat-wcad.area-by-land-size,WSM,2009,12452.0,,,,final,"WCA 2010 round, census 2009. FAO flag A: Official figure.",,,20-50
farms.faostat-wcad.area-by-land-size,WSM,2019,11371.0,,,,final,"WCA 2020 round, census 2019. FAO flag A: Official figure. FAO's note: Pertain to holdings in the household sector only",,,20-50
farms.faostat-wcad.area-by-land-size,YEM,1982/1983,149593.0,,,,final,"WCA 1980 round, census 1982/83. FAO flag A: Official figure. FAO's note: Figures pertain to Yemen Arab Republic.",,,0-1
farms.faostat-wcad.area-by-land-size,YEM,2003,250259.0,,,,final,"WCA 2000 round, census 2003. FAO flag A: Official figure.",,,0-1
farms.faostat-wcad.area-by-land-size,YEM,1982/1983,121649.0,,,,final,"WCA 1980 round, census 1982/83. FAO flag A: Official figure. FAO's note: Figures pertain to Yemen Arab Republic.",,,1-2
farms.faostat-wcad.area-by-land-size,YEM,2003,168357.0,,,,final,"WCA 2000 round, census 2003. FAO flag A: Official figure.",,,1-2
farms.faostat-wcad.area-by-land-size,YEM,1982/1983,317670.0,,,,final,"WCA 1980 round, census 1982/83. FAO flag A: Official figure. FAO's note: Figures pertain to Yemen Arab Republic.",,,2-5
farms.faostat-wcad.area-by-land-size,YEM,2003,287761.0,,,,final,"WCA 2000 round, census 2003. FAO flag A: Official figure.",,,2-5
farms.faostat-wcad.area-by-land-size,YEM,1982/1983,304594.0,,,,final,"WCA 1980 round, census 1982/83. FAO flag A: Official figure. FAO's note: Figures pertain to Yemen Arab Republic.",,,5-10
farms.faostat-wcad.area-by-land-size,YEM,2003,903109.0,,,,final,"WCA 2000 round, census 2003. FAO flag A: Official figure.",,,5-10
farms.faostat-wcad.area-by-land-size,YEM,1982/1983,263248.0,,,,final,"WCA 1980 round, census 1982/83. FAO flag A: Official figure. FAO's note: Figures pertain to Yemen Arab Republic.",,,10-20
farms.faostat-wcad.area-by-land-size,YEM,1982/1983,133998.0,,,,final,"WCA 1980 round, census 1982/83. FAO flag A: Official figure. FAO's note: Figures pertain to Yemen Arab Republic.",,,20-50
farms.faostat-wcad.area-by-land-size,YEM,1982/1983,16012.0,,,,final,"WCA 1980 round, census 1982/83. FAO flag A: Official figure. FAO's note: Figures pertain to Yemen Arab Republic.",,,50-100
farms.faostat-wcad.area-by-land-size,YEM,1982/1983,44011.0,,,,final,"WCA 1980 round, census 1982/83. FAO flag A: Official figure. FAO's note: Figures pertain to Yemen Arab Republic.",,,100-200
farms.faostat-wcad.area-by-land-size,ZAF,1930,1631.0,,,,final,"WCA 1930 round, census 1930. FAO flag I: Value imputed by a receiving agency.",,,0-1
farms.faostat-wcad.area-by-land-size,ZAF,1950,5740.21,,,,final,"WCA 1950 round, census 1950. FAO flag I: Value imputed by a receiving agency.",,,0-1
farms.faostat-wcad.area-by-land-size,ZAF,1960,149.0,,,,final,"WCA 1960 round, census 1960. FAO flag A: Official figure.",,,0-1
farms.faostat-wcad.area-by-land-size,ZAF,1930,1887.0,,,,final,"WCA 1930 round, census 1930. FAO flag I: Value imputed by a receiving agency.",,,1-2
farms.faostat-wcad.area-by-land-size,ZAF,1950,6314.47,,,,final,"WCA 1950 round, census 1950. FAO flag I: Value imputed by a receiving agency.",,,1-2
farms.faostat-wcad.area-by-land-size,ZAF,1960,937.0,,,,final,"WCA 1960 round, census 1960. FAO flag A: Official figure.",,,1-2
farms.faostat-wcad.area-by-land-size,ZAF,2017,1026.0,,,,final,"WCA 2020 round, census 2017. FAO flag A: Official figure.",,,1-2
farms.faostat-wcad.area-by-land-size,ZAF,2017,1950.0,,,,final,"WCA 2020 round, census 2017. FAO flag I: Value imputed by a receiving agency.",,,2-3
farms.faostat-wcad.area-by-land-size,ZAF,2017,1721.0,,,,final,"WCA 2020 round, census 2017. FAO flag I: Value imputed by a receiving agency.",,,3-4
farms.faostat-wcad.area-by-land-size,ZAF,2017,1545.0,,,,final,"WCA 2020 round, census 2017. FAO flag I: Value imputed by a receiving agency.",,,4-5
farms.faostat-wcad.area-by-land-size,ZAF,1930,8861.0,,,,final,"WCA 1930 round, census 1930. FAO flag I: Value imputed by a receiving agency.",,,2-5
farms.faostat-wcad.area-by-land-size,ZAF,1950,16274.93,,,,final,"WCA 1950 round, census 1950. FAO flag I: Value imputed by a receiving agency.",,,2-5
farms.faostat-wcad.area-by-land-size,ZAF,1960,13609.0,,,,final,"WCA 1960 round, census 1960. FAO flag A: Official figure.",,,2-5
farms.faostat-wcad.area-by-land-size,ZAF,1930,29740.0,,,,final,"WCA 1930 round, census 1930. FAO flag I: Value imputed by a receiving agency.",,,5-10
farms.faostat-wcad.area-by-land-size,ZAF,1950,47621.88,,,,final,"WCA 1950 round, census 1950. FAO flag I: Value imputed by a receiving agency.",,,5-10
farms.faostat-wcad.area-by-land-size,ZAF,1960,38453.0,,,,final,"WCA 1960 round, census 1960. FAO flag A: Official figure.",,,5-10
farms.faostat-wcad.area-by-land-size,ZAF,2017,12725.0,,,,final,"WCA 2020 round, census 2017. FAO flag A: Official figure.",,,5-10
farms.faostat-wcad.area-by-land-size,ZAF,1930,58991.0,,,,final,"WCA 1930 round, census 1930. FAO flag I: Value imputed by a receiving agency.",,,10-20
farms.faostat-wcad.area-by-land-size,ZAF,1950,82173.67,,,,final,"WCA 1950 round, census 1950. FAO flag I: Value imputed by a receiving agency.",,,10-20
farms.faostat-wcad.area-by-land-size,ZAF,1960,84035.0,,,,final,"WCA 1960 round, census 1960. FAO flag A: Official figure.",,,10-20
farms.faostat-wcad.area-by-land-size,ZAF,2017,35744.0,,,,final,"WCA 2020 round, census 2017. FAO flag A: Official figure.",,,10-20
farms.faostat-wcad.area-by-land-size,ZAF,1930,236627.0,,,,final,"WCA 1930 round, census 1930. FAO flag I: Value imputed by a receiving agency.",,,20-50
farms.faostat-wcad.area-by-land-size,ZAF,1950,278336.26,,,,final,"WCA 1950 round, census 1950. FAO flag I: Value imputed by a receiving agency.",,,20-50
farms.faostat-wcad.area-by-land-size,ZAF,1960,273467.0,,,,final,"WCA 1960 round, census 1960. FAO flag A: Official figure.",,,20-50
farms.faostat-wcad.area-by-land-size,ZAF,2017,136986.0,,,,final,"WCA 2020 round, census 2017. FAO flag A: Official figure.",,,20-50
farms.faostat-wcad.area-by-land-size,ZAF,1930,828841.0,,,,final,"WCA 1930 round, census 1930. FAO flag I: Value imputed by a receiving agency.",,,50-100
farms.faostat-wcad.area-by-land-size,ZAF,1950,741141.61,,,,final,"WCA 1950 round, census 1950. FAO flag I: Value imputed by a receiving agency.",,,50-100
farms.faostat-wcad.area-by-land-size,ZAF,1960,486575.0,,,,final,"WCA 1960 round, census 1960. FAO flag A: Official figure.",,,50-100
farms.faostat-wcad.area-by-land-size,ZAF,2017,269224.0,,,,final,"WCA 2020 round, census 2017. FAO flag A: Official figure.",,,50-100
farms.faostat-wcad.area-by-land-size,ZAF,1930,3316581.0,,,,final,"WCA 1930 round, census 1930. FAO flag I: Value imputed by a receiving agency.",,,100-200
farms.faostat-wcad.area-by-land-size,ZAF,1950,1902086.26,,,,final,"WCA 1950 round, census 1950. FAO flag I: Value imputed by a receiving agency.",,,100-200
farms.faostat-wcad.area-by-land-size,ZAF,1960,1491118.0,,,,final,"WCA 1960 round, census 1960. FAO flag A: Official figure.",,,100-200
farms.faostat-wcad.area-by-land-size,ZAF,2017,591212.0,,,,final,"WCA 2020 round, census 2017. FAO flag A: Official figure.",,,100-200
farms.faostat-wcad.area-by-land-size,ZAF,1930,6648566.0,,,,final,"WCA 1930 round, census 1930. FAO flag I: Value imputed by a receiving agency.",,,200-500
farms.faostat-wcad.area-by-land-size,ZAF,1950,7156927.68,,,,final,"WCA 1950 round, census 1950. FAO flag I: Value imputed by a receiving agency.",,,200-500
farms.faostat-wcad.area-by-land-size,ZAF,1960,7681913.0,,,,final,"WCA 1960 round, census 1960. FAO flag A: Official figure.",,,200-500
farms.faostat-wcad.area-by-land-size,ZAF,2017,1820104.0,,,,final,"WCA 2020 round, census 2017. FAO flag A: Official figure.",,,200-500
farms.faostat-wcad.area-by-land-size,ZAF,1930,13416631.0,,,,final,"WCA 1930 round, census 1930. FAO flag I: Value imputed by a receiving agency.",,,500-1000
farms.faostat-wcad.area-by-land-size,ZAF,1950,16007104.92,,,,final,"WCA 1950 round, census 1950. FAO flag I: Value imputed by a receiving agency.",,,500-1000
farms.faostat-wcad.area-by-land-size,ZAF,1960,12402684.0,,,,final,"WCA 1960 round, census 1960. FAO flag A: Official figure.",,,500-1000
farms.faostat-wcad.area-by-land-size,ZAF,2017,3003760.0,,,,final,"WCA 2020 round, census 2017. FAO flag A: Official figure.",,,500-1000
farms.faostat-wcad.area-by-land-size,ZAF,2017,40544460.0,,,,final,"WCA 2020 round, census 2017. FAO flag A: Official figure.",,,1000-2500
farms.faostat-wcad.area-by-land-size,ZAF,1930,58256210.0,,,,final,"WCA 1930 round, census 1930. FAO flag I: Value imputed by a receiving agency.",,,1000-plus
farms.faostat-wcad.area-by-land-size,ZAF,1950,60676020.13,,,,final,"WCA 1950 round, census 1950. FAO flag I: Value imputed by a receiving agency.",,,1000-plus
farms.faostat-wcad.area-by-land-size,ZAF,1960,83471995.0,,,,final,"WCA 1960 round, census 1960. FAO flag A: Official figure.",,,1000-plus
farms.faostat-wcad.area-by-land-size,ZMB,1950,0.66,,,,final,"WCA 1950 round, census 1950. FAO flag I: Value imputed by a receiving agency. FAO's note: Figures are for European holdings holds",,,0-1
farms.faostat-wcad.area-by-land-size,ZMB,1970/1971,19.63,,,,final,"WCA 1970 round, census 1970/71. FAO flag I: Value imputed by a receiving agency. FAO's note: Commercial sector.",,,0-1
farms.faostat-wcad.area-by-land-size,ZMB,1950,0.81,,,,final,"WCA 1950 round, census 1950. FAO flag I: Value imputed by a receiving agency. FAO's note: Figures are for European holdings holds",,,1-2
farms.faostat-wcad.area-by-land-size,ZMB,1970/1971,61.29,,,,final,"WCA 1970 round, census 1970/71. FAO flag I: Value imputed by a receiving agency. FAO's note: Commercial sector.",,,1-2
farms.faostat-wcad.area-by-land-size,ZMB,1950,34.98,,,,final,"WCA 1950 round, census 1950. FAO flag I: Value imputed by a receiving agency. FAO's note: Figures are for European holdings holds",,,2-5
farms.faostat-wcad.area-by-land-size,ZMB,1970/1971,330.88,,,,final,"WCA 1970 round, census 1970/71. FAO flag I: Value imputed by a receiving agency. FAO's note: Commercial sector.",,,2-5
farms.faostat-wcad.area-by-land-size,ZMB,1950,143.02,,,,final,"WCA 1950 round, census 1950. FAO flag I: Value imputed by a receiving agency. FAO's note: Figures are for European holdings holds",,,5-10
farms.faostat-wcad.area-by-land-size,ZMB,1970/1971,763.55,,,,final,"WCA 1970 round, census 1970/71. FAO flag I: Value imputed by a receiving agency. FAO's note: Commercial sector.",,,5-10
farms.faostat-wcad.area-by-land-size,ZMB,1950,304.39,,,,final,"WCA 1950 round, census 1950. FAO flag I: Value imputed by a receiving agency. FAO's note: Figures are for European holdings holds",,,10-20
farms.faostat-wcad.area-by-land-size,ZMB,1960,1633.0,,,,final,"WCA 1960 round, census 1960. FAO flag A: Official figure.",,,10-20
farms.faostat-wcad.area-by-land-size,ZMB,1970/1971,1704.53,,,,final,"WCA 1970 round, census 1970/71. FAO flag I: Value imputed by a receiving agency. FAO's note: Commercial sector.",,,10-20
farms.faostat-wcad.area-by-land-size,ZMB,1950,1526.65,,,,final,"WCA 1950 round, census 1950. FAO flag I: Value imputed by a receiving agency. FAO's note: Figures are for European holdings holds",,,20-50
farms.faostat-wcad.area-by-land-size,ZMB,1960,3885.0,,,,final,"WCA 1960 round, census 1960. FAO flag A: Official figure.",,,20-50
farms.faostat-wcad.area-by-land-size,ZMB,1970/1971,4908.73,,,,final,"WCA 1970 round, census 1970/71. FAO flag I: Value imputed by a receiving agency. FAO's note: Commercial sector.",,,20-50
farms.faostat-wcad.area-by-land-size,ZMB,1950,3014.61,,,,final,"WCA 1950 round, census 1950. FAO flag I: Value imputed by a receiving agency. FAO's note: Figures are for European holdings holds",,,50-100
farms.faostat-wcad.area-by-land-size,ZMB,1960,5743.0,,,,final,"WCA 1960 round, census 1960. FAO flag A: Official figure.",,,50-100
farms.faostat-wcad.area-by-land-size,ZMB,1970/1971,7759.92,,,,final,"WCA 1970 round, census 1970/71. FAO flag I: Value imputed by a receiving agency. FAO's note: Commercial sector.",,,50-100
farms.faostat-wcad.area-by-land-size,ZMB,1950,6948.93,,,,final,"WCA 1950 round, census 1950. FAO flag I: Value imputed by a receiving agency. FAO's note: Figures are for European holdings holds",,,100-200
farms.faostat-wcad.area-by-land-size,ZMB,1960,6342.0,,,,final,"WCA 1960 round, census 1960. FAO flag A: Official figure.",,,100-200
farms.faostat-wcad.area-by-land-size,ZMB,1970/1971,10292.8,,,,final,"WCA 1970 round, census 1970/71. FAO flag I: Value imputed by a receiving agency. FAO's note: Commercial sector.",,,100-200
farms.faostat-wcad.area-by-land-size,ZMB,1950,63778.95,,,,final,"WCA 1950 round, census 1950. FAO flag I: Value imputed by a receiving agency. FAO's note: Figures are for European holdings holds",,,200-500
farms.faostat-wcad.area-by-land-size,ZMB,1960,100326.0,,,,final,"WCA 1960 round, census 1960. FAO flag A: Official figure.",,,200-500
farms.faostat-wcad.area-by-land-size,ZMB,1970/1971,42564.03,,,,final,"WCA 1970 round, census 1970/71. FAO flag I: Value imputed by a receiving agency. FAO's note: Commercial sector.",,,200-500
farms.faostat-wcad.area-by-land-size,ZMB,1950,105867.04,,,,final,"WCA 1950 round, census 1950. FAO flag I: Value imputed by a receiving agency. FAO's note: Figures are for European holdings holds",,,500-1000
farms.faostat-wcad.area-by-land-size,ZMB,1960,182556.0,,,,final,"WCA 1960 round, census 1960. FAO flag A: Official figure.",,,500-1000
farms.faostat-wcad.area-by-land-size,ZMB,1970/1971,107520.8,,,,final,"WCA 1970 round, census 1970/71. FAO flag I: Value imputed by a receiving agency. FAO's note: Commercial sector.",,,500-1000
farms.faostat-wcad.area-by-land-size,ZMB,1950,1337836.95,,,,final,"WCA 1950 round, census 1950. FAO flag I: Value imputed by a receiving agency. FAO's note: Figures are for European holdings holds",,,1000-plus
farms.faostat-wcad.area-by-land-size,ZMB,1960,1420903.0,,,,final,"WCA 1960 round, census 1960. FAO flag A: Official figure.",,,1000-plus
farms.faostat-wcad.area-by-land-size,ZMB,1970/1971,971155.84,,,,final,"WCA 1970 round, census 1970/71. FAO flag I: Value imputed by a receiving agency. FAO's note: Commercial sector.",,,1000-plus
farms.faostat-wcad.area-by-land-size,ZWE,1950,6.7,,,,final,"WCA 1950 round, census 1950. FAO flag I: Value imputed by a receiving agency. FAO's note: Figures are for European holdings holds",,,0-1
farms.faostat-wcad.area-by-land-size,ZWE,1960,14026510.0,,,,final,"WCA 1960 round, census 1960. FAO flag A: Official figure.",,,0-1
farms.faostat-wcad.area-by-land-size,ZWE,1950,21.0,,,,final,"WCA 1950 round, census 1950. FAO flag I: Value imputed by a receiving agency. FAO's note: Figures are for European holdings holds",,,1-2
farms.faostat-wcad.area-by-land-size,ZWE,1950,114.0,,,,final,"WCA 1950 round, census 1950. FAO flag I: Value imputed by a receiving agency. FAO's note: Figures are for European holdings holds",,,2-5
farms.faostat-wcad.area-by-land-size,ZWE,1950,264.81,,,,final,"WCA 1950 round, census 1950. FAO flag I: Value imputed by a receiving agency. FAO's note: Figures are for European holdings holds",,,5-10
farms.faostat-wcad.area-by-land-size,ZWE,1950,595.5,,,,final,"WCA 1950 round, census 1950. FAO flag I: Value imputed by a receiving agency. FAO's note: Figures are for European holdings holds",,,10-20
farms.faostat-wcad.area-by-land-size,ZWE,1960,2598.0,,,,final,"WCA 1960 round, census 1960. FAO flag A: Official figure.",,,10-20
farms.faostat-wcad.area-by-land-size,ZWE,1950,6601.04,,,,final,"WCA 1950 round, census 1950. FAO flag I: Value imputed by a receiving agency. FAO's note: Figures are for European holdings holds",,,20-50
farms.faostat-wcad.area-by-land-size,ZWE,1960,17123.0,,,,final,"WCA 1960 round, census 1960. FAO flag A: Official figure.",,,20-50
farms.faostat-wcad.area-by-land-size,ZWE,1950,14028.62,,,,final,"WCA 1950 round, census 1950. FAO flag I: Value imputed by a receiving agency. FAO's note: Figures are for European holdings holds",,,50-100
farms.faostat-wcad.area-by-land-size,ZWE,1960,32711.0,,,,final,"WCA 1960 round, census 1960. FAO flag A: Official figure.",,,50-100
farms.faostat-wcad.area-by-land-size,ZWE,1950,25843.62,,,,final,"WCA 1950 round, census 1950. FAO flag I: Value imputed by a receiving agency. FAO's note: Figures are for European holdings holds",,,100-200
farms.faostat-wcad.area-by-land-size,ZWE,1960,66749.0,,,,final,"WCA 1960 round, census 1960. FAO flag A: Official figure.",,,100-200
farms.faostat-wcad.area-by-land-size,ZWE,1950,317696.19,,,,final,"WCA 1950 round, census 1950. FAO flag I: Value imputed by a receiving agency. FAO's note: Figures are for European holdings holds",,,200-500
farms.faostat-wcad.area-by-land-size,ZWE,1960,356021.0,,,,final,"WCA 1960 round, census 1960. FAO flag A: Official figure.",,,200-500
farms.faostat-wcad.area-by-land-size,ZWE,1950,707533.06,,,,final,"WCA 1950 round, census 1950. FAO flag I: Value imputed by a receiving agency. FAO's note: Figures are for European holdings holds",,,500-1000
farms.faostat-wcad.area-by-land-size,ZWE,1960,1121399.0,,,,final,"WCA 1960 round, census 1960. FAO flag A: Official figure.",,,500-1000
farms.faostat-wcad.area-by-land-size,ZWE,1950,10495926.46,,,,final,"WCA 1950 round, census 1950. FAO flag I: Value imputed by a receiving agency. FAO's note: Figures are for European holdings holds",,,1000-plus
farms.faostat-wcad.area-by-land-size,ZWE,1960,12358456.0,,,,final,"WCA 1960 round, census 1960. FAO flag A: Official figure.",,,1000-plus
