# Number of farms by land size, by country and census
# Indicator: farms.faostat-wcad.holdings-by-land-size (vintage 2026-04-27); unit: agricultural holdings (holdings)
# Source: Food and Agriculture Organization of the United Nations (FAO), Statistics Division <https://www.fao.org/faostat/en/#data/WCAD>
# Credit: FAO. 2026. FAOSTAT. Accessed on 8 October 2026. https://www.fao.org/faostat/en/#data Licence: CC-BY-4.0.
# Licence: CC BY 4.0 (FAO Statistical Database Terms of Use) <https://creativecommons.org/licenses/by/4.0/>
# Provenance and processing: https://environmentdashboard.org/data/farms/faostat-wcad/holdings-by-land-size
indicator_id,entity,period,value,lower,upper,interval,status,note,missing_reason,age_bp,land-size
farms.faostat-wcad.holdings-by-land-size,ALB,1995,274000.0,,,,final,"WCA 1990 round, census 1995. FAO flag A: Official figure. FAO's note: Land under crops",,,0-1
farms.faostat-wcad.holdings-by-land-size,ALB,1998,279793.0,,,,final,"WCA 2000 round, census 1998. FAO flag A: Official figure.",,,0-1
farms.faostat-wcad.holdings-by-land-size,ALB,2012,215034.0,,,,final,"WCA 2010 round, census 2012. FAO flag A: Official figure.",,,0-1
farms.faostat-wcad.holdings-by-land-size,ALB,1995,170300.0,,,,final,"WCA 1990 round, census 1995. FAO flag A: Official figure. FAO's note: Land under crops",,,1-2
farms.faostat-wcad.holdings-by-land-size,ALB,1998,140377.0,,,,final,"WCA 2000 round, census 1998. FAO flag A: Official figure.",,,1-2
farms.faostat-wcad.holdings-by-land-size,ALB,2012,76550.0,,,,final,"WCA 2010 round, census 2012. FAO flag A: Official figure.",,,1-2
farms.faostat-wcad.holdings-by-land-size,ALB,2012,20073.0,,,,final,"WCA 2010 round, census 2012. FAO flag A: Official figure.",,,2-3
farms.faostat-wcad.holdings-by-land-size,ALB,2012,3514.0,,,,final,"WCA 2010 round, census 2012. FAO flag I: Value imputed by a receiving agency.",,,3-4
farms.faostat-wcad.holdings-by-land-size,ALB,2012,2785.0,,,,final,"WCA 2010 round, census 2012. FAO flag I: Value imputed by a receiving agency.",,,4-5
farms.faostat-wcad.holdings-by-land-size,ALB,1998,46639.0,,,,final,"WCA 2000 round, census 1998. FAO flag A: Official figure.",,,2-5
farms.faostat-wcad.holdings-by-land-size,ALB,2012,1665.0,,,,final,"WCA 2010 round, census 2012. FAO flag A: Official figure.",,,5-10
farms.faostat-wcad.holdings-by-land-size,ALB,2012,1871.0,,,,final,"WCA 2010 round, census 2012. FAO flag A: Official figure.",,,10-20
farms.faostat-wcad.holdings-by-land-size,ARG,1960,18848.0,,,,final,"WCA 1960 round, census 1960. FAO flag A: Official figure.",,,0-1
farms.faostat-wcad.holdings-by-land-size,ARG,2018,7457.0,,,,final,"WCA 2020 round, census 2018. FAO flag I: Value imputed by a receiving agency.",,,0-1
farms.faostat-wcad.holdings-by-land-size,ARG,1960,18275.0,,,,final,"WCA 1960 round, census 1960. FAO flag A: Official figure.",,,1-2
farms.faostat-wcad.holdings-by-land-size,ARG,2018,6856.0,,,,final,"WCA 2020 round, census 2018. FAO flag I: Value imputed by a receiving agency.",,,1-2
farms.faostat-wcad.holdings-by-land-size,ARG,2018,6105.0,,,,final,"WCA 2020 round, census 2018. FAO flag I: Value imputed by a receiving agency.",,,2-3
farms.faostat-wcad.holdings-by-land-size,ARG,2018,5550.0,,,,final,"WCA 2020 round, census 2018. FAO flag I: Value imputed by a receiving agency.",,,3-4
farms.faostat-wcad.holdings-by-land-size,ARG,2018,5120.0,,,,final,"WCA 2020 round, census 2018. FAO flag I: Value imputed by a receiving agency.",,,4-5
farms.faostat-wcad.holdings-by-land-size,ARG,1960,49274.0,,,,final,"WCA 1960 round, census 1960. FAO flag A: Official figure.",,,2-5
farms.faostat-wcad.holdings-by-land-size,ARG,1988,57057.0,,,,final,"WCA 1990 round, census 1988. FAO flag A: Official figure.",,,2-5
farms.faostat-wcad.holdings-by-land-size,ARG,1960,40826.0,,,,final,"WCA 1960 round, census 1960. FAO flag A: Official figure.",,,5-10
farms.faostat-wcad.holdings-by-land-size,ARG,1988,31680.0,,,,final,"WCA 1990 round, census 1988. FAO flag A: Official figure.",,,5-10
farms.faostat-wcad.holdings-by-land-size,ARG,2018,15163.0,,,,final,"WCA 2020 round, census 2018. FAO flag A: Official figure.",,,5-10
farms.faostat-wcad.holdings-by-land-size,ARG,1960,50838.0,,,,final,"WCA 1960 round, census 1960. FAO flag A: Official figure.",,,10-20
farms.faostat-wcad.holdings-by-land-size,ARG,1988,39074.0,,,,final,"WCA 1990 round, census 1988. FAO flag A: Official figure.",,,10-20
farms.faostat-wcad.holdings-by-land-size,ARG,2018,20178.0,,,,final,"WCA 2020 round, census 2018. FAO flag I: Value imputed by a receiving agency.",,,10-20
farms.faostat-wcad.holdings-by-land-size,ARG,1960,82748.0,,,,final,"WCA 1960 round, census 1960. FAO flag A: Official figure.",,,20-50
farms.faostat-wcad.holdings-by-land-size,ARG,1988,59129.0,,,,final,"WCA 1990 round, census 1988. FAO flag A: Official figure.",,,20-50
farms.faostat-wcad.holdings-by-land-size,ARG,2018,32367.0,,,,final,"WCA 2020 round, census 2018. FAO flag I: Value imputed by a receiving agency.",,,20-50
farms.faostat-wcad.holdings-by-land-size,ARG,1960,62641.0,,,,final,"WCA 1960 round, census 1960. FAO flag A: Official figure.",,,50-100
farms.faostat-wcad.holdings-by-land-size,ARG,1988,48006.0,,,,final,"WCA 1990 round, census 1988. FAO flag A: Official figure.",,,50-100
farms.faostat-wcad.holdings-by-land-size,ARG,2018,25226.0,,,,final,"WCA 2020 round, census 2018. FAO flag A: Official figure.",,,50-100
farms.faostat-wcad.holdings-by-land-size,ARG,1960,58795.0,,,,final,"WCA 1960 round, census 1960. FAO flag A: Official figure.",,,100-200
farms.faostat-wcad.holdings-by-land-size,ARG,1988,47083.0,,,,final,"WCA 1990 round, census 1988. FAO flag A: Official figure.",,,100-200
farms.faostat-wcad.holdings-by-land-size,ARG,2018,25824.0,,,,final,"WCA 2020 round, census 2018. FAO flag A: Official figure.",,,100-200
farms.faostat-wcad.holdings-by-land-size,ARG,1960,45488.0,,,,final,"WCA 1960 round, census 1960. FAO flag A: Official figure.",,,200-500
farms.faostat-wcad.holdings-by-land-size,ARG,1988,47772.0,,,,final,"WCA 1990 round, census 1988. FAO flag A: Official figure.",,,200-500
farms.faostat-wcad.holdings-by-land-size,ARG,2018,32020.0,,,,final,"WCA 2020 round, census 2018. FAO flag A: Official figure.",,,200-500
farms.faostat-wcad.holdings-by-land-size,ARG,1960,17665.0,,,,final,"WCA 1960 round, census 1960. FAO flag A: Official figure.",,,500-1000
farms.faostat-wcad.holdings-by-land-size,ARG,1988,21101.0,,,,final,"WCA 1990 round, census 1988. FAO flag A: Official figure.",,,500-1000
farms.faostat-wcad.holdings-by-land-size,ARG,2018,18592.0,,,,final,"WCA 2020 round, census 2018. FAO flag A: Official figure.",,,500-1000
farms.faostat-wcad.holdings-by-land-size,ARG,2018,15400.0,,,,final,"WCA 2020 round, census 2018. FAO flag I: Value imputed by a receiving agency.",,,1000-2500
farms.faostat-wcad.holdings-by-land-size,ARG,2018,11465.0,,,,final,"WCA 2020 round, census 2018. FAO flag I: Value imputed by a receiving agency.",,,2500-plus
farms.faostat-wcad.holdings-by-land-size,ARG,1960,26358.0,,,,final,"WCA 1960 round, census 1960. FAO flag A: Official figure.",,,1000-plus
farms.faostat-wcad.holdings-by-land-size,ARG,1988,27455.0,,,,final,"WCA 1990 round, census 1988. FAO flag A: Official figure.",,,1000-plus
farms.faostat-wcad.holdings-by-land-size,ARM,2014,206338.0,,,,final,"WCA 2010 round, census 2014. FAO flag A: Official figure.",,,0-1
farms.faostat-wcad.holdings-by-land-size,ARM,2014,69908.0,,,,final,"WCA 2010 round, census 2014. FAO flag A: Official figure.",,,1-2
farms.faostat-wcad.holdings-by-land-size,ARM,2014,20796.0,,,,final,"WCA 2010 round, census 2014. FAO flag I: Value imputed by a receiving agency.",,,2-3
farms.faostat-wcad.holdings-by-land-size,ARM,2014,17564.0,,,,final,"WCA 2010 round, census 2014. FAO flag I: Value imputed by a receiving agency.",,,3-4
farms.faostat-wcad.holdings-by-land-size,ARM,2014,15198.0,,,,final,"WCA 2010 round, census 2014. FAO flag I: Value imputed by a receiving agency.",,,4-5
farms.faostat-wcad.holdings-by-land-size,ARM,2014,12394.0,,,,final,"WCA 2010 round, census 2014. FAO flag A: Official figure.",,,5-10
farms.faostat-wcad.holdings-by-land-size,ARM,2014,2901.0,,,,final,"WCA 2010 round, census 2014. FAO flag A: Official figure.",,,10-20
farms.faostat-wcad.holdings-by-land-size,ARM,2014,868.0,,,,final,"WCA 2010 round, census 2014. FAO flag A: Official figure.",,,20-50
farms.faostat-wcad.holdings-by-land-size,ARM,2014,153.0,,,,final,"WCA 2010 round, census 2014. FAO flag A: Official figure.",,,50-100
farms.faostat-wcad.holdings-by-land-size,ARM,2014,58.0,,,,final,"WCA 2010 round, census 2014. FAO flag A: Official figure.",,,100-200
farms.faostat-wcad.holdings-by-land-size,ARM,2014,38.0,,,,final,"WCA 2010 round, census 2014. FAO flag A: Official figure.",,,200-500
farms.faostat-wcad.holdings-by-land-size,ASM,1950,233.0,,,,final,"WCA 1950 round, census 1950. FAO flag I: Value imputed by a receiving agency.",,,0-1
farms.faostat-wcad.holdings-by-land-size,ASM,1960,687.0,,,,final,"WCA 1960 round, census 1960. FAO flag A: Official figure.",,,0-1
farms.faostat-wcad.holdings-by-land-size,ASM,1970,756.0,,,,final,"WCA 1970 round, census 1970. FAO flag I: Value imputed by a receiving agency.",,,0-1
farms.faostat-wcad.holdings-by-land-size,ASM,1980,529.0,,,,final,"WCA 1980 round, census 1980. FAO flag I: Value imputed by a receiving agency.",,,0-1
farms.faostat-wcad.holdings-by-land-size,ASM,1990,77.0,,,,final,"WCA 1990 round, census 1990. FAO flag A: Official figure.",,,0-1
farms.faostat-wcad.holdings-by-land-size,ASM,2003,4064.0,,,,final,"WCA 2000 round, census 2003. FAO flag I: Value imputed by a receiving agency.",,,0-1
farms.faostat-wcad.holdings-by-land-size,ASM,2008,4093.0,,,,final,"WCA 2010 round, census 2008. FAO flag I: Value imputed by a receiving agency.",,,0-1
farms.faostat-wcad.holdings-by-land-size,ASM,2018,5225.0,,,,final,"WCA 2020 round, census 2018. FAO flag I: Value imputed by a receiving agency.",,,0-1
farms.faostat-wcad.holdings-by-land-size,ASM,2023,5554.0,,,,final,"WCA 2020 round, census 2023. FAO flag I: Value imputed by a receiving agency.",,,0-1
farms.faostat-wcad.holdings-by-land-size,ASM,1950,304.0,,,,final,"WCA 1950 round, census 1950. FAO flag I: Value imputed by a receiving agency.",,,1-2
farms.faostat-wcad.holdings-by-land-size,ASM,1960,676.0,,,,final,"WCA 1960 round, census 1960. FAO flag A: Official figure.",,,1-2
farms.faostat-wcad.holdings-by-land-size,ASM,1970,461.0,,,,final,"WCA 1970 round, census 1970. FAO flag I: Value imputed by a receiving agency.",,,1-2
farms.faostat-wcad.holdings-by-land-size,ASM,1980,473.0,,,,final,"WCA 1980 round, census 1980. FAO flag I: Value imputed by a receiving agency.",,,1-2
farms.faostat-wcad.holdings-by-land-size,ASM,1990,87.0,,,,final,"WCA 1990 round, census 1990. FAO flag A: Official figure.",,,1-2
farms.faostat-wcad.holdings-by-land-size,ASM,2003,1867.0,,,,final,"WCA 2000 round, census 2003. FAO flag I: Value imputed by a receiving agency.",,,1-2
farms.faostat-wcad.holdings-by-land-size,ASM,2008,889.0,,,,final,"WCA 2010 round, census 2008. FAO flag I: Value imputed by a receiving agency.",,,1-2
farms.faostat-wcad.holdings-by-land-size,ASM,2018,670.0,,,,final,"WCA 2020 round, census 2018. FAO flag I: Value imputed by a receiving agency.",,,1-2
farms.faostat-wcad.holdings-by-land-size,ASM,2023,1363.0,,,,final,"WCA 2020 round, census 2023. FAO flag I: Value imputed by a receiving agency.",,,1-2
farms.faostat-wcad.holdings-by-land-size,ASM,2008,471.0,,,,final,"WCA 2010 round, census 2008. FAO flag I: Value imputed by a receiving agency.",,,2-3
farms.faostat-wcad.holdings-by-land-size,ASM,2018,250.0,,,,final,"WCA 2020 round, census 2018. FAO flag I: Value imputed by a receiving agency.",,,2-3
farms.faostat-wcad.holdings-by-land-size,ASM,2008,112.0,,,,final,"WCA 2010 round, census 2008. FAO flag I: Value imputed by a receiving agency.",,,3-4
farms.faostat-wcad.holdings-by-land-size,ASM,2018,61.0,,,,final,"WCA 2020 round, census 2018. FAO flag I: Value imputed by a receiving agency.",,,3-4
farms.faostat-wcad.holdings-by-land-size,ASM,2008,76.0,,,,final,"WCA 2010 round, census 2008. FAO flag I: Value imputed by a receiving agency.",,,4-5
farms.faostat-wcad.holdings-by-land-size,ASM,2018,31.0,,,,final,"WCA 2020 round, census 2018. FAO flag I: Value imputed by a receiving agency.",,,4-5
farms.faostat-wcad.holdings-by-land-size,ASM,1950,593.0,,,,final,"WCA 1950 round, census 1950. FAO flag I: Value imputed by a receiving agency.",,,2-5
farms.faostat-wcad.holdings-by-land-size,ASM,1960,605.0,,,,final,"WCA 1960 round, census 1960. FAO flag A: Official figure.",,,2-5
farms.faostat-wcad.holdings-by-land-size,ASM,1970,553.0,,,,final,"WCA 1970 round, census 1970. FAO flag I: Value imputed by a receiving agency.",,,2-5
farms.faostat-wcad.holdings-by-land-size,ASM,1980,274.0,,,,final,"WCA 1980 round, census 1980. FAO flag I: Value imputed by a receiving agency.",,,2-5
farms.faostat-wcad.holdings-by-land-size,ASM,1990,98.0,,,,final,"WCA 1990 round, census 1990. FAO flag A: Official figure.",,,2-5
farms.faostat-wcad.holdings-by-land-size,ASM,2003,926.0,,,,final,"WCA 2000 round, census 2003. FAO flag I: Value imputed by a receiving agency.",,,2-5
farms.faostat-wcad.holdings-by-land-size,ASM,2023,224.0,,,,final,"WCA 2020 round, census 2023. FAO flag I: Value imputed by a receiving agency.",,,2-5
farms.faostat-wcad.holdings-by-land-size,ASM,1950,194.0,,,,final,"WCA 1950 round, census 1950. FAO flag I: Value imputed by a receiving agency.",,,5-10
farms.faostat-wcad.holdings-by-land-size,ASM,1960,120.0,,,,final,"WCA 1960 round, census 1960. FAO flag A: Official figure.",,,5-10
farms.faostat-wcad.holdings-by-land-size,ASM,1970,74.0,,,,final,"WCA 1970 round, census 1970. FAO flag I: Value imputed by a receiving agency.",,,5-10
farms.faostat-wcad.holdings-by-land-size,ASM,1980,37.0,,,,final,"WCA 1980 round, census 1980. FAO flag I: Value imputed by a receiving agency.",,,5-10
farms.faostat-wcad.holdings-by-land-size,ASM,1990,77.0,,,,final,"WCA 1990 round, census 1990. FAO flag A: Official figure.",,,5-10
farms.faostat-wcad.holdings-by-land-size,ASM,2003,189.0,,,,final,"WCA 2000 round, census 2003. FAO flag I: Value imputed by a receiving agency.",,,5-10
farms.faostat-wcad.holdings-by-land-size,ASM,2008,155.0,,,,final,"WCA 2010 round, census 2008. FAO flag I: Value imputed by a receiving agency.",,,5-10
farms.faostat-wcad.holdings-by-land-size,ASM,2018,67.0,,,,final,"WCA 2020 round, census 2018. FAO flag I: Value imputed by a receiving agency.",,,5-10
farms.faostat-wcad.holdings-by-land-size,ASM,2023,12.0,,,,final,"WCA 2020 round, census 2023. FAO flag I: Value imputed by a receiving agency.",,,5-10
farms.faostat-wcad.holdings-by-land-size,ASM,1950,130.0,,,,final,"WCA 1950 round, census 1950. FAO flag I: Value imputed by a receiving agency.",,,10-20
farms.faostat-wcad.holdings-by-land-size,ASM,1960,33.0,,,,final,"WCA 1960 round, census 1960. FAO flag A: Official figure.",,,10-20
farms.faostat-wcad.holdings-by-land-size,ASM,1970,70.0,,,,final,"WCA 1970 round, census 1970. FAO flag I: Value imputed by a receiving agency.",,,10-20
farms.faostat-wcad.holdings-by-land-size,ASM,1980,12.0,,,,final,"WCA 1980 round, census 1980. FAO flag I: Value imputed by a receiving agency.",,,10-20
farms.faostat-wcad.holdings-by-land-size,ASM,1990,27.0,,,,final,"WCA 1990 round, census 1990. FAO flag A: Official figure.",,,10-20
farms.faostat-wcad.holdings-by-land-size,ASM,2003,40.0,,,,final,"WCA 2000 round, census 2003. FAO flag I: Value imputed by a receiving agency.",,,10-20
farms.faostat-wcad.holdings-by-land-size,ASM,2008,45.0,,,,final,"WCA 2010 round, census 2008. FAO flag I: Value imputed by a receiving agency.",,,10-20
farms.faostat-wcad.holdings-by-land-size,ASM,2018,15.0,,,,final,"WCA 2020 round, census 2018. FAO flag I: Value imputed by a receiving agency.",,,10-20
farms.faostat-wcad.holdings-by-land-size,ASM,2023,3.0,,,,final,"WCA 2020 round, census 2023. FAO flag I: Value imputed by a receiving agency.",,,10-20
farms.faostat-wcad.holdings-by-land-size,ASM,1950,36.0,,,,final,"WCA 1950 round, census 1950. FAO flag I: Value imputed by a receiving agency.",,,20-50
farms.faostat-wcad.holdings-by-land-size,ASM,1960,10.0,,,,final,"WCA 1960 round, census 1960. FAO flag A: Official figure.",,,20-50
farms.faostat-wcad.holdings-by-land-size,ASM,1970,7.0,,,,final,"WCA 1970 round, census 1970. FAO flag I: Value imputed by a receiving agency.",,,20-50
farms.faostat-wcad.holdings-by-land-size,ASM,1980,6.0,,,,final,"WCA 1980 round, census 1980. FAO flag I: Value imputed by a receiving agency.",,,20-50
farms.faostat-wcad.holdings-by-land-size,ASM,1990,18.0,,,,final,"WCA 1990 round, census 1990. FAO flag A: Official figure.",,,20-50
farms.faostat-wcad.holdings-by-land-size,ASM,2003,8.0,,,,final,"WCA 2000 round, census 2003. FAO flag I: Value imputed by a receiving agency.",,,20-50
farms.faostat-wcad.holdings-by-land-size,ASM,2018,8.0,,,,final,"WCA 2020 round, census 2018. FAO flag I: Value imputed by a receiving agency.",,,20-50
farms.faostat-wcad.holdings-by-land-size,ASM,2023,1.0,,,,final,"WCA 2020 round, census 2023. FAO flag A: Official figure.",,,20-50
farms.faostat-wcad.holdings-by-land-size,ASM,1960,4.0,,,,final,"WCA 1960 round, census 1960. FAO flag A: Official figure.",,,50-100
farms.faostat-wcad.holdings-by-land-size,ASM,1970,3.0,,,,final,"WCA 1970 round, census 1970. FAO flag I: Value imputed by a receiving agency.",,,50-100
farms.faostat-wcad.holdings-by-land-size,ATG,1961,3579.0,,,,final,"WCA 1960 round, census 1961. FAO flag A: Official figure.",,,0-1
farms.faostat-wcad.holdings-by-land-size,ATG,1961,1654.0,,,,final,"WCA 1960 round, census 1961. FAO flag A: Official figure.",,,1-2
farms.faostat-wcad.holdings-by-land-size,ATG,1961,394.0,,,,final,"WCA 1960 round, census 1961. FAO flag A: Official figure.",,,2-5
farms.faostat-wcad.holdings-by-land-size,ATG,1961,48.0,,,,final,"WCA 1960 round, census 1961. FAO flag A: Official figure.",,,5-10
farms.faostat-wcad.holdings-by-land-size,ATG,1961,23.0,,,,final,"WCA 1960 round, census 1961. FAO flag A: Official figure.",,,10-20
farms.faostat-wcad.holdings-by-land-size,ATG,1961,13.0,,,,final,"WCA 1960 round, census 1961. FAO flag A: Official figure.",,,20-50
farms.faostat-wcad.holdings-by-land-size,ATG,1961,10.0,,,,final,"WCA 1960 round, census 1961. FAO flag A: Official figure.",,,50-100
farms.faostat-wcad.holdings-by-land-size,ATG,1961,11.0,,,,final,"WCA 1960 round, census 1961. FAO flag A: Official figure.",,,100-200
farms.faostat-wcad.holdings-by-land-size,ATG,1961,15.0,,,,final,"WCA 1960 round, census 1961. FAO flag A: Official figure.",,,200-500
farms.faostat-wcad.holdings-by-land-size,AUS,1929/1930,831.0,,,,final,"WCA 1930 round, census 1929/30. FAO flag I: Value imputed by a receiving agency.",,,0-1
farms.faostat-wcad.holdings-by-land-size,AUS,1950,2110.0,,,,final,"WCA 1950 round, census 1950. FAO flag I: Value imputed by a receiving agency.",,,0-1
farms.faostat-wcad.holdings-by-land-size,AUS,1960,2685.0,,,,final,"WCA 1960 round, census 1960. FAO flag A: Official figure.",,,0-1
farms.faostat-wcad.holdings-by-land-size,AUS,1970/1971,1665.0,,,,final,"WCA 1970 round, census 1970/71. FAO flag I: Value imputed by a receiving agency.",,,0-1
farms.faostat-wcad.holdings-by-land-size,AUS,2015/2016,599.0,,,,final,"WCA 2020 round, census 2015/16. FAO flag A: Official figure.",,,0-1
farms.faostat-wcad.holdings-by-land-size,AUS,2020/2021,492.0,,,,final,"WCA 2020 round, census 2020/21. FAO flag A: Official figure.",,,0-1
farms.faostat-wcad.holdings-by-land-size,AUS,1929/1930,2012.0,,,,final,"WCA 1930 round, census 1929/30. FAO flag I: Value imputed by a receiving agency.",,,1-2
farms.faostat-wcad.holdings-by-land-size,AUS,1950,3844.0,,,,final,"WCA 1950 round, census 1950. FAO flag I: Value imputed by a receiving agency.",,,1-2
farms.faostat-wcad.holdings-by-land-size,AUS,1960,3844.0,,,,final,"WCA 1960 round, census 1960. FAO flag A: Official figure.",,,1-2
farms.faostat-wcad.holdings-by-land-size,AUS,1970/1971,3184.0,,,,final,"WCA 1970 round, census 1970/71. FAO flag I: Value imputed by a receiving agency.",,,1-2
farms.faostat-wcad.holdings-by-land-size,AUS,2015/2016,288.0,,,,final,"WCA 2020 round, census 2015/16. FAO flag A: Official figure.",,,1-2
farms.faostat-wcad.holdings-by-land-size,AUS,2020/2021,390.0,,,,final,"WCA 2020 round, census 2020/21. FAO flag A: Official figure.",,,1-2
farms.faostat-wcad.holdings-by-land-size,AUS,2015/2016,625.0,,,,final,"WCA 2020 round, census 2015/16. FAO flag I: Value imputed by a receiving agency.",,,2-3
farms.faostat-wcad.holdings-by-land-size,AUS,2015/2016,520.0,,,,final,"WCA 2020 round, census 2015/16. FAO flag I: Value imputed by a receiving agency.",,,3-4
farms.faostat-wcad.holdings-by-land-size,AUS,2015/2016,448.0,,,,final,"WCA 2020 round, census 2015/16. FAO flag I: Value imputed by a receiving agency.",,,4-5
farms.faostat-wcad.holdings-by-land-size,AUS,1929/1930,7519.0,,,,final,"WCA 1930 round, census 1929/30. FAO flag I: Value imputed by a receiving agency.",,,2-5
farms.faostat-wcad.holdings-by-land-size,AUS,1950,10143.0,,,,final,"WCA 1950 round, census 1950. FAO flag I: Value imputed by a receiving agency.",,,2-5
farms.faostat-wcad.holdings-by-land-size,AUS,1960,10219.0,,,,final,"WCA 1960 round, census 1960. FAO flag A: Official figure.",,,2-5
farms.faostat-wcad.holdings-by-land-size,AUS,1970/1971,14665.0,,,,final,"WCA 1970 round, census 1970/71. FAO flag I: Value imputed by a receiving agency.",,,2-5
farms.faostat-wcad.holdings-by-land-size,AUS,1989/1990,3368.0,,,,final,"WCA 1990 round, census 1989/90. FAO flag A: Official figure.",,,2-5
farms.faostat-wcad.holdings-by-land-size,AUS,2020/2021,1781.0,,,,final,"WCA 2020 round, census 2020/21. FAO flag A: Official figure.",,,2-5
farms.faostat-wcad.holdings-by-land-size,AUS,1929/1930,13176.0,,,,final,"WCA 1930 round, census 1929/30. FAO flag I: Value imputed by a receiving agency.",,,5-10
farms.faostat-wcad.holdings-by-land-size,AUS,1950,16778.0,,,,final,"WCA 1950 round, census 1950. FAO flag I: Value imputed by a receiving agency.",,,5-10
farms.faostat-wcad.holdings-by-land-size,AUS,1960,13672.0,,,,final,"WCA 1960 round, census 1960. FAO flag A: Official figure.",,,5-10
farms.faostat-wcad.holdings-by-land-size,AUS,1970/1971,12680.0,,,,final,"WCA 1970 round, census 1970/71. FAO flag I: Value imputed by a receiving agency.",,,5-10
farms.faostat-wcad.holdings-by-land-size,AUS,1989/1990,3052.0,,,,final,"WCA 1990 round, census 1989/90. FAO flag A: Official figure.",,,5-10
farms.faostat-wcad.holdings-by-land-size,AUS,2015/2016,1738.0,,,,final,"WCA 2020 round, census 2015/16. FAO flag A: Official figure.",,,5-10
farms.faostat-wcad.holdings-by-land-size,AUS,2020/2021,1879.0,,,,final,"WCA 2020 round, census 2020/21. FAO flag A: Official figure.",,,5-10
farms.faostat-wcad.holdings-by-land-size,AUS,1929/1930,24110.0,,,,final,"WCA 1930 round, census 1929/30. FAO flag I: Value imputed by a receiving agency.",,,10-20
farms.faostat-wcad.holdings-by-land-size,AUS,1950,15619.0,,,,final,"WCA 1950 round, census 1950. FAO flag I: Value imputed by a receiving agency.",,,10-20
farms.faostat-wcad.holdings-by-land-size,AUS,1960,16598.0,,,,final,"WCA 1960 round, census 1960. FAO flag A: Official figure.",,,10-20
farms.faostat-wcad.holdings-by-land-size,AUS,1970/1971,15677.0,,,,final,"WCA 1970 round, census 1970/71. FAO flag I: Value imputed by a receiving agency.",,,10-20
farms.faostat-wcad.holdings-by-land-size,AUS,1989/1990,4808.0,,,,final,"WCA 1990 round, census 1989/90. FAO flag A: Official figure.",,,10-20
farms.faostat-wcad.holdings-by-land-size,AUS,2015/2016,3161.0,,,,final,"WCA 2020 round, census 2015/16. FAO flag A: Official figure.",,,10-20
farms.faostat-wcad.holdings-by-land-size,AUS,2020/2021,3298.0,,,,final,"WCA 2020 round, census 2020/21. FAO flag A: Official figure.",,,10-20
farms.faostat-wcad.holdings-by-land-size,AUS,1929/1930,27814.0,,,,final,"WCA 1930 round, census 1929/30. FAO flag I: Value imputed by a receiving agency.",,,20-50
farms.faostat-wcad.holdings-by-land-size,AUS,1950,32542.0,,,,final,"WCA 1950 round, census 1950. FAO flag I: Value imputed by a receiving agency.",,,20-50
farms.faostat-wcad.holdings-by-land-size,AUS,1960,31606.0,,,,final,"WCA 1960 round, census 1960. FAO flag A: Official figure.",,,20-50
farms.faostat-wcad.holdings-by-land-size,AUS,1970/1971,29578.0,,,,final,"WCA 1970 round, census 1970/71. FAO flag I: Value imputed by a receiving agency.",,,20-50
farms.faostat-wcad.holdings-by-land-size,AUS,1989/1990,9144.0,,,,final,"WCA 1990 round, census 1989/90. FAO flag A: Official figure.",,,20-50
farms.faostat-wcad.holdings-by-land-size,AUS,2015/2016,6644.0,,,,final,"WCA 2020 round, census 2015/16. FAO flag A: Official figure.",,,20-50
farms.faostat-wcad.holdings-by-land-size,AUS,2020/2021,7590.0,,,,final,"WCA 2020 round, census 2020/21. FAO flag A: Official figure.",,,20-50
farms.faostat-wcad.holdings-by-land-size,AUS,1929/1930,26336.0,,,,final,"WCA 1930 round, census 1929/30. FAO flag I: Value imputed by a receiving agency.",,,50-100
farms.faostat-wcad.holdings-by-land-size,AUS,1950,34580.0,,,,final,"WCA 1950 round, census 1950. FAO flag I: Value imputed by a receiving agency.",,,50-100
farms.faostat-wcad.holdings-by-land-size,AUS,1960,34860.0,,,,final,"WCA 1960 round, census 1960. FAO flag A: Official figure.",,,50-100
farms.faostat-wcad.holdings-by-land-size,AUS,1970/1971,32125.0,,,,final,"WCA 1970 round, census 1970/71. FAO flag I: Value imputed by a receiving agency.",,,50-100
farms.faostat-wcad.holdings-by-land-size,AUS,1989/1990,12607.0,,,,final,"WCA 1990 round, census 1989/90. FAO flag A: Official figure.",,,50-100
farms.faostat-wcad.holdings-by-land-size,AUS,2015/2016,7034.0,,,,final,"WCA 2020 round, census 2015/16. FAO flag A: Official figure.",,,50-100
farms.faostat-wcad.holdings-by-land-size,AUS,2020/2021,8131.0,,,,final,"WCA 2020 round, census 2020/21. FAO flag A: Official figure.",,,50-100
farms.faostat-wcad.holdings-by-land-size,AUS,1929/1930,31967.0,,,,final,"WCA 1930 round, census 1929/30. FAO flag I: Value imputed by a receiving agency.",,,100-200
farms.faostat-wcad.holdings-by-land-size,AUS,1950,33756.0,,,,final,"WCA 1950 round, census 1950. FAO flag I: Value imputed by a receiving agency.",,,100-200
farms.faostat-wcad.holdings-by-land-size,AUS,1960,35238.0,,,,final,"WCA 1960 round, census 1960. FAO flag A: Official figure.",,,100-200
farms.faostat-wcad.holdings-by-land-size,AUS,1970/1971,33051.0,,,,final,"WCA 1970 round, census 1970/71. FAO flag I: Value imputed by a receiving agency.",,,100-200
farms.faostat-wcad.holdings-by-land-size,AUS,1989/1990,17415.0,,,,final,"WCA 1990 round, census 1989/90. FAO flag A: Official figure.",,,100-200
farms.faostat-wcad.holdings-by-land-size,AUS,2015/2016,10441.0,,,,final,"WCA 2020 round, census 2015/16. FAO flag A: Official figure.",,,100-200
farms.faostat-wcad.holdings-by-land-size,AUS,2020/2021,10804.0,,,,final,"WCA 2020 round, census 2020/21. FAO flag A: Official figure.",,,100-200
farms.faostat-wcad.holdings-by-land-size,AUS,1929/1930,37707.0,,,,final,"WCA 1930 round, census 1929/30. FAO flag I: Value imputed by a receiving agency.",,,200-500
farms.faostat-wcad.holdings-by-land-size,AUS,1950,43532.0,,,,final,"WCA 1950 round, census 1950. FAO flag I: Value imputed by a receiving agency.",,,200-500
farms.faostat-wcad.holdings-by-land-size,AUS,1960,47195.0,,,,final,"WCA 1960 round, census 1960. FAO flag A: Official figure.",,,200-500
farms.faostat-wcad.holdings-by-land-size,AUS,1970/1971,45482.0,,,,final,"WCA 1970 round, census 1970/71. FAO flag I: Value imputed by a receiving agency.",,,200-500
farms.faostat-wcad.holdings-by-land-size,AUS,1989/1990,27615.0,,,,final,"WCA 1990 round, census 1989/90. FAO flag A: Official figure.",,,200-500
farms.faostat-wcad.holdings-by-land-size,AUS,2015/2016,16772.0,,,,final,"WCA 2020 round, census 2015/16. FAO flag A: Official figure.",,,200-500
farms.faostat-wcad.holdings-by-land-size,AUS,2020/2021,16400.0,,,,final,"WCA 2020 round, census 2020/21. FAO flag A: Official figure.",,,200-500
farms.faostat-wcad.holdings-by-land-size,AUS,1929/1930,14470.0,,,,final,"WCA 1930 round, census 1929/30. FAO flag I: Value imputed by a receiving agency.",,,500-1000
farms.faostat-wcad.holdings-by-land-size,AUS,1950,24591.0,,,,final,"WCA 1950 round, census 1950. FAO flag I: Value imputed by a receiving agency.",,,500-1000
farms.faostat-wcad.holdings-by-land-size,AUS,1960,25704.0,,,,final,"WCA 1960 round, census 1960. FAO flag A: Official figure.",,,500-1000
farms.faostat-wcad.holdings-by-land-size,AUS,1970/1971,27133.0,,,,final,"WCA 1970 round, census 1970/71. FAO flag I: Value imputed by a receiving agency.",,,500-1000
farms.faostat-wcad.holdings-by-land-size,AUS,1989/1990,19924.0,,,,final,"WCA 1990 round, census 1989/90. FAO flag A: Official figure.",,,500-1000
farms.faostat-wcad.holdings-by-land-size,AUS,2015/2016,12016.0,,,,final,"WCA 2020 round, census 2015/16. FAO flag A: Official figure.",,,500-1000
farms.faostat-wcad.holdings-by-land-size,AUS,2020/2021,11401.0,,,,final,"WCA 2020 round, census 2020/21. FAO flag A: Official figure.",,,500-1000
farms.faostat-wcad.holdings-by-land-size,AUS,2015/2016,25394.0,,,,final,"WCA 2020 round, census 2015/16. FAO flag A: Official figure.",,,1000-2500
farms.faostat-wcad.holdings-by-land-size,AUS,1929/1930,15283.0,,,,final,"WCA 1930 round, census 1929/30. FAO flag I: Value imputed by a receiving agency.",,,1000-plus
farms.faostat-wcad.holdings-by-land-size,AUS,1950,27772.0,,,,final,"WCA 1950 round, census 1950. FAO flag I: Value imputed by a receiving agency.",,,1000-plus
farms.faostat-wcad.holdings-by-land-size,AUS,1960,30622.0,,,,final,"WCA 1960 round, census 1960. FAO flag A: Official figure.",,,1000-plus
farms.faostat-wcad.holdings-by-land-size,AUS,1970/1971,34246.0,,,,final,"WCA 1970 round, census 1970/71. FAO flag I: Value imputed by a receiving agency.",,,1000-plus
farms.faostat-wcad.holdings-by-land-size,AUS,1989/1990,31607.0,,,,final,"WCA 1990 round, census 1989/90. FAO flag A: Official figure.",,,1000-plus
farms.faostat-wcad.holdings-by-land-size,AUS,2020/2021,25236.0,,,,final,"WCA 2020 round, census 2020/21. FAO flag A: Official figure.",,,1000-plus
farms.faostat-wcad.holdings-by-land-size,AUT,1930,61114.0,,,,final,"WCA 1930 round, census 1930. FAO flag I: Value imputed by a receiving agency.",,,0-1
farms.faostat-wcad.holdings-by-land-size,AUT,1951,54132.0,,,,final,"WCA 1950 round, census 1951. FAO flag I: Value imputed by a receiving agency.",,,0-1
farms.faostat-wcad.holdings-by-land-size,AUT,1960,33455.0,,,,final,"WCA 1960 round, census 1960. FAO flag A: Official figure.",,,0-1
farms.faostat-wcad.holdings-by-land-size,AUT,1970,34171.0,,,,final,"WCA 1970 round, census 1970. FAO flag A: Official figure.",,,0-1
farms.faostat-wcad.holdings-by-land-size,AUT,1980,11068.0,,,,final,"WCA 1980 round, census 1980. FAO flag A: Official figure.",,,0-1
farms.faostat-wcad.holdings-by-land-size,AUT,1990,8890.0,,,,final,"WCA 1990 round, census 1990. FAO flag A: Official figure. FAO's note: Productive area",,,0-1
farms.faostat-wcad.holdings-by-land-size,AUT,2010,9160.0,,,,final,"WCA 2010 round, census 2010. FAO flag I: Value imputed by a receiving agency. FAO's note: UAA",,,0-1
farms.faostat-wcad.holdings-by-land-size,AUT,2020,2405.0,,,,final,"WCA 2020 round, census 2020. FAO flag I: Value imputed by a receiving agency. FAO's note: UAA",,,0-1
farms.faostat-wcad.holdings-by-land-size,AUT,1930,57669.0,,,,final,"WCA 1930 round, census 1930. FAO flag I: Value imputed by a receiving agency.",,,1-2
farms.faostat-wcad.holdings-by-land-size,AUT,1951,51081.0,,,,final,"WCA 1950 round, census 1951. FAO flag I: Value imputed by a receiving agency.",,,1-2
farms.faostat-wcad.holdings-by-land-size,AUT,1960,50477.0,,,,final,"WCA 1960 round, census 1960. FAO flag A: Official figure.",,,1-2
farms.faostat-wcad.holdings-by-land-size,AUT,1970,41669.0,,,,final,"WCA 1970 round, census 1970. FAO flag A: Official figure.",,,1-2
farms.faostat-wcad.holdings-by-land-size,AUT,1980,33641.0,,,,final,"WCA 1980 round, census 1980. FAO flag A: Official figure.",,,1-2
farms.faostat-wcad.holdings-by-land-size,AUT,1990,29804.0,,,,final,"WCA 1990 round, census 1990. FAO flag A: Official figure. FAO's note: Productive area",,,1-2
farms.faostat-wcad.holdings-by-land-size,AUT,1999/2000,29110.0,,,,final,"WCA 2000 round, census 1999/00. FAO flag A: Official figure. FAO's note: Agricultural area. < 2 ha",,,1-2
farms.faostat-wcad.holdings-by-land-size,AUT,2010,16160.0,,,,final,"WCA 2010 round, census 2010. FAO flag A: Official figure. FAO's note: UAA",,,1-2
farms.faostat-wcad.holdings-by-land-size,AUT,2020,4895.0,,,,final,"WCA 2020 round, census 2020. FAO flag I: Value imputed by a receiving agency. FAO's note: UAA",,,1-2
farms.faostat-wcad.holdings-by-land-size,AUT,2010,10243.0,,,,final,"WCA 2010 round, census 2010. FAO flag I: Value imputed by a receiving agency. FAO's note: UAA",,,2-3
farms.faostat-wcad.holdings-by-land-size,AUT,2020,5156.0,,,,final,"WCA 2020 round, census 2020. FAO flag I: Value imputed by a receiving agency. FAO's note: UAA",,,2-3
farms.faostat-wcad.holdings-by-land-size,AUT,2010,10191.0,,,,final,"WCA 2010 round, census 2010. FAO flag I: Value imputed by a receiving agency. FAO's note: UAA",,,3-4
farms.faostat-wcad.holdings-by-land-size,AUT,2020,5129.0,,,,final,"WCA 2020 round, census 2020. FAO flag I: Value imputed by a receiving agency. FAO's note: UAA",,,3-4
farms.faostat-wcad.holdings-by-land-size,AUT,2010,9786.0,,,,final,"WCA 2010 round, census 2010. FAO flag I: Value imputed by a receiving agency. FAO's note: UAA",,,4-5
farms.faostat-wcad.holdings-by-land-size,AUT,2020,4925.0,,,,final,"WCA 2020 round, census 2020. FAO flag I: Value imputed by a receiving agency. FAO's note: UAA",,,4-5
farms.faostat-wcad.holdings-by-land-size,AUT,1930,98034.0,,,,final,"WCA 1930 round, census 1930. FAO flag A: Official figure.",,,2-5
farms.faostat-wcad.holdings-by-land-size,AUT,1951,102687.0,,,,final,"WCA 1950 round, census 1951. FAO flag A: Official figure.",,,2-5
farms.faostat-wcad.holdings-by-land-size,AUT,1960,83313.0,,,,final,"WCA 1960 round, census 1960. FAO flag A: Official figure.",,,2-5
farms.faostat-wcad.holdings-by-land-size,AUT,1970,71034.0,,,,final,"WCA 1970 round, census 1970. FAO flag A: Official figure.",,,2-5
farms.faostat-wcad.holdings-by-land-size,AUT,1980,60025.0,,,,final,"WCA 1980 round, census 1980. FAO flag A: Official figure.",,,2-5
farms.faostat-wcad.holdings-by-land-size,AUT,1990,58104.0,,,,final,"WCA 1990 round, census 1990. FAO flag A: Official figure. FAO's note: Productive area",,,2-5
farms.faostat-wcad.holdings-by-land-size,AUT,1999/2000,43440.0,,,,final,"WCA 2000 round, census 1999/00. FAO flag A: Official figure. FAO's note: Agricultural area",,,2-5
farms.faostat-wcad.holdings-by-land-size,AUT,1930,76004.0,,,,final,"WCA 1930 round, census 1930. FAO flag A: Official figure.",,,5-10
farms.faostat-wcad.holdings-by-land-size,AUT,1951,81547.0,,,,final,"WCA 1950 round, census 1951. FAO flag A: Official figure.",,,5-10
farms.faostat-wcad.holdings-by-land-size,AUT,1960,72106.0,,,,final,"WCA 1960 round, census 1960. FAO flag A: Official figure.",,,5-10
farms.faostat-wcad.holdings-by-land-size,AUT,1970,62281.0,,,,final,"WCA 1970 round, census 1970. FAO flag A: Official figure.",,,5-10
farms.faostat-wcad.holdings-by-land-size,AUT,1980,52495.0,,,,final,"WCA 1980 round, census 1980. FAO flag A: Official figure.",,,5-10
farms.faostat-wcad.holdings-by-land-size,AUT,1990,48678.0,,,,final,"WCA 1990 round, census 1990. FAO flag A: Official figure. FAO's note: Productive area",,,5-10
farms.faostat-wcad.holdings-by-land-size,AUT,1999/2000,38170.0,,,,final,"WCA 2000 round, census 1999/00. FAO flag A: Official figure. FAO's note: Agricultural area",,,5-10
farms.faostat-wcad.holdings-by-land-size,AUT,2010,26590.0,,,,final,"WCA 2010 round, census 2010. FAO flag A: Official figure. FAO's note: UAA",,,5-10
farms.faostat-wcad.holdings-by-land-size,AUT,2020,18830.0,,,,final,"WCA 2020 round, census 2020. FAO flag A: Official figure. FAO's note: UAA",,,5-10
farms.faostat-wcad.holdings-by-land-size,AUT,1930,73446.0,,,,final,"WCA 1930 round, census 1930. FAO flag A: Official figure.",,,10-20
farms.faostat-wcad.holdings-by-land-size,AUT,1951,76874.0,,,,final,"WCA 1950 round, census 1951. FAO flag A: Official figure.",,,10-20
farms.faostat-wcad.holdings-by-land-size,AUT,1960,78205.0,,,,final,"WCA 1960 round, census 1960. FAO flag A: Official figure.",,,10-20
farms.faostat-wcad.holdings-by-land-size,AUT,1970,73464.0,,,,final,"WCA 1970 round, census 1970. FAO flag A: Official figure.",,,10-20
farms.faostat-wcad.holdings-by-land-size,AUT,1980,63632.0,,,,final,"WCA 1980 round, census 1980. FAO flag A: Official figure.",,,10-20
farms.faostat-wcad.holdings-by-land-size,AUT,1990,54508.0,,,,final,"WCA 1990 round, census 1990. FAO flag A: Official figure. FAO's note: Productive area",,,10-20
farms.faostat-wcad.holdings-by-land-size,AUT,1999/2000,44760.0,,,,final,"WCA 2000 round, census 1999/00. FAO flag A: Official figure. FAO's note: Agricultural area",,,10-20
farms.faostat-wcad.holdings-by-land-size,AUT,2010,32590.0,,,,final,"WCA 2010 round, census 2010. FAO flag A: Official figure. FAO's note: UAA",,,10-20
farms.faostat-wcad.holdings-by-land-size,AUT,2020,25480.0,,,,final,"WCA 2020 round, census 2020. FAO flag A: Official figure. FAO's note: UAA",,,10-20
farms.faostat-wcad.holdings-by-land-size,AUT,1930,52783.0,,,,final,"WCA 1930 round, census 1930. FAO flag A: Official figure.",,,20-50
farms.faostat-wcad.holdings-by-land-size,AUT,1951,52166.0,,,,final,"WCA 1950 round, census 1951. FAO flag A: Official figure.",,,20-50
farms.faostat-wcad.holdings-by-land-size,AUT,1960,60587.0,,,,final,"WCA 1960 round, census 1960. FAO flag A: Official figure.",,,20-50
farms.faostat-wcad.holdings-by-land-size,AUT,1970,62413.0,,,,final,"WCA 1970 round, census 1970. FAO flag A: Official figure.",,,20-50
farms.faostat-wcad.holdings-by-land-size,AUT,1980,64166.0,,,,final,"WCA 1980 round, census 1980. FAO flag A: Official figure.",,,20-50
farms.faostat-wcad.holdings-by-land-size,AUT,1990,58719.0,,,,final,"WCA 1990 round, census 1990. FAO flag A: Official figure. FAO's note: Productive area",,,20-50
farms.faostat-wcad.holdings-by-land-size,AUT,1999/2000,35080.0,,,,final,"WCA 2000 round, census 1999/00. FAO flag A: Official figure. FAO's note: Agricultural area",,,20-50
farms.faostat-wcad.holdings-by-land-size,AUT,2010,32260.0,,,,final,"WCA 2010 round, census 2010. FAO flag A: Official figure. FAO's note: UAA",,,20-50
farms.faostat-wcad.holdings-by-land-size,AUT,2020,31270.0,,,,final,"WCA 2020 round, census 2020. FAO flag A: Official figure. FAO's note: UAA",,,20-50
farms.faostat-wcad.holdings-by-land-size,AUT,1930,8290.0,,,,final,"WCA 1930 round, census 1930. FAO flag A: Official figure.",,,50-100
farms.faostat-wcad.holdings-by-land-size,AUT,1951,8083.0,,,,final,"WCA 1950 round, census 1951. FAO flag A: Official figure.",,,50-100
farms.faostat-wcad.holdings-by-land-size,AUT,1960,11571.0,,,,final,"WCA 1960 round, census 1960. FAO flag A: Official figure.",,,50-100
farms.faostat-wcad.holdings-by-land-size,AUT,1970,11597.0,,,,final,"WCA 1970 round, census 1970. FAO flag A: Official figure.",,,50-100
farms.faostat-wcad.holdings-by-land-size,AUT,1980,12059.0,,,,final,"WCA 1980 round, census 1980. FAO flag A: Official figure.",,,50-100
farms.faostat-wcad.holdings-by-land-size,AUT,1990,9958.0,,,,final,"WCA 1990 round, census 1990. FAO flag A: Official figure. FAO's note: Productive area",,,50-100
farms.faostat-wcad.holdings-by-land-size,AUT,1999/2000,5980.0,,,,final,"WCA 2000 round, census 1999/00. FAO flag A: Official figure. FAO's note: Agricultural area",,,50-100
farms.faostat-wcad.holdings-by-land-size,AUT,2010,8430.0,,,,final,"WCA 2010 round, census 2010. FAO flag A: Official figure. FAO's note: UAA",,,50-100
farms.faostat-wcad.holdings-by-land-size,AUT,2020,9760.0,,,,final,"WCA 2020 round, census 2020. FAO flag A: Official figure. FAO's note: UAA",,,50-100
farms.faostat-wcad.holdings-by-land-size,AUT,1930,3194.0,,,,final,"WCA 1930 round, census 1930. FAO flag A: Official figure.",,,100-200
farms.faostat-wcad.holdings-by-land-size,AUT,1951,3322.0,,,,final,"WCA 1950 round, census 1951. FAO flag A: Official figure.",,,100-200
farms.faostat-wcad.holdings-by-land-size,AUT,1960,4369.0,,,,final,"WCA 1960 round, census 1960. FAO flag A: Official figure.",,,100-200
farms.faostat-wcad.holdings-by-land-size,AUT,1970,3651.0,,,,final,"WCA 1970 round, census 1970. FAO flag A: Official figure.",,,100-200
farms.faostat-wcad.holdings-by-land-size,AUT,1980,3660.0,,,,final,"WCA 1980 round, census 1980. FAO flag A: Official figure.",,,100-200
farms.faostat-wcad.holdings-by-land-size,AUT,1990,2724.0,,,,final,"WCA 1990 round, census 1990. FAO flag A: Official figure. FAO's note: Productive area",,,100-200
farms.faostat-wcad.holdings-by-land-size,AUT,1999/2000,2930.0,,,,final,"WCA 2000 round, census 1999/00. FAO flag A: Official figure. FAO's note: Agricultural area",,,100-200
farms.faostat-wcad.holdings-by-land-size,AUT,2010,2850.0,,,,final,"WCA 2010 round, census 2010. FAO flag A: Official figure. FAO's note: UAA",,,100-200
farms.faostat-wcad.holdings-by-land-size,AUT,2020,2400.0,,,,final,"WCA 2020 round, census 2020. FAO flag A: Official figure. FAO's note: UAA",,,100-200
farms.faostat-wcad.holdings-by-land-size,AUT,1930,1728.0,,,,final,"WCA 1930 round, census 1930. FAO flag A: Official figure.",,,200-500
farms.faostat-wcad.holdings-by-land-size,AUT,1951,1842.0,,,,final,"WCA 1950 round, census 1951. FAO flag A: Official figure.",,,200-500
farms.faostat-wcad.holdings-by-land-size,AUT,1960,1447.0,,,,final,"WCA 1960 round, census 1960. FAO flag A: Official figure.",,,200-500
farms.faostat-wcad.holdings-by-land-size,AUT,1970,1936.0,,,,final,"WCA 1970 round, census 1970. FAO flag A: Official figure.",,,200-500
farms.faostat-wcad.holdings-by-land-size,AUT,1980,1833.0,,,,final,"WCA 1980 round, census 1980. FAO flag A: Official figure.",,,200-500
farms.faostat-wcad.holdings-by-land-size,AUT,1990,1177.0,,,,final,"WCA 1990 round, census 1990. FAO flag A: Official figure. FAO's note: Productive area",,,200-500
farms.faostat-wcad.holdings-by-land-size,AUT,1930,536.0,,,,final,"WCA 1930 round, census 1930. FAO flag A: Official figure.",,,500-1000
farms.faostat-wcad.holdings-by-land-size,AUT,1951,558.0,,,,final,"WCA 1950 round, census 1951. FAO flag A: Official figure.",,,500-1000
farms.faostat-wcad.holdings-by-land-size,AUT,1960,500.0,,,,final,"WCA 1960 round, census 1960. FAO flag A: Official figure.",,,500-1000
farms.faostat-wcad.holdings-by-land-size,AUT,1990,314.0,,,,final,"WCA 1990 round, census 1990. FAO flag A: Official figure. FAO's note: Productive area",,,500-1000
farms.faostat-wcad.holdings-by-land-size,AUT,1930,562.0,,,,final,"WCA 1930 round, census 1930. FAO flag A: Official figure.",,,1000-plus
farms.faostat-wcad.holdings-by-land-size,AUT,1951,556.0,,,,final,"WCA 1950 round, census 1951. FAO flag A: Official figure.",,,1000-plus
farms.faostat-wcad.holdings-by-land-size,AUT,1960,500.0,,,,final,"WCA 1960 round, census 1960. FAO flag A: Official figure.",,,1000-plus
farms.faostat-wcad.holdings-by-land-size,AUT,1990,334.0,,,,final,"WCA 1990 round, census 1990. FAO flag A: Official figure. FAO's note: Productive area",,,1000-plus
farms.faostat-wcad.holdings-by-land-size,AZE,2015,880114.0,,,,final,"WCA 2010 round, census 2015. FAO flag A: Official figure.",,,0-1
farms.faostat-wcad.holdings-by-land-size,AZE,2015,227796.0,,,,final,"WCA 2010 round, census 2015. FAO flag A: Official figure.",,,1-2
farms.faostat-wcad.holdings-by-land-size,AZE,2015,74153.0,,,,final,"WCA 2010 round, census 2015. FAO flag I: Value imputed by a receiving agency.",,,2-3
farms.faostat-wcad.holdings-by-land-size,AZE,2015,61706.0,,,,final,"WCA 2010 round, census 2015. FAO flag I: Value imputed by a receiving agency.",,,3-4
farms.faostat-wcad.holdings-by-land-size,AZE,2015,53160.0,,,,final,"WCA 2010 round, census 2015. FAO flag I: Value imputed by a receiving agency.",,,4-5
farms.faostat-wcad.holdings-by-land-size,AZE,2015,37553.0,,,,final,"WCA 2010 round, census 2015. FAO flag A: Official figure.",,,5-10
farms.faostat-wcad.holdings-by-land-size,AZE,2015,9857.0,,,,final,"WCA 2010 round, census 2015. FAO flag A: Official figure.",,,10-20
farms.faostat-wcad.holdings-by-land-size,AZE,2015,4426.0,,,,final,"WCA 2010 round, census 2015. FAO flag A: Official figure.",,,20-50
farms.faostat-wcad.holdings-by-land-size,AZE,2015,1716.0,,,,final,"WCA 2010 round, census 2015. FAO flag A: Official figure.",,,50-100
farms.faostat-wcad.holdings-by-land-size,AZE,2015,891.0,,,,final,"WCA 2010 round, census 2015. FAO flag A: Official figure.",,,100-200
farms.faostat-wcad.holdings-by-land-size,AZE,2015,556.0,,,,final,"WCA 2010 round, census 2015. FAO flag A: Official figure.",,,200-500
farms.faostat-wcad.holdings-by-land-size,AZE,2015,114.0,,,,final,"WCA 2010 round, census 2015. FAO flag A: Official figure.",,,500-1000
farms.faostat-wcad.holdings-by-land-size,AZE,2015,80.0,,,,final,"WCA 2010 round, census 2015. FAO flag A: Official figure.",,,1000-2500
farms.faostat-wcad.holdings-by-land-size,BEL,1929,838883.0,,,,final,"WCA 1930 round, census 1929. FAO flag A: Official figure.",,,0-1
farms.faostat-wcad.holdings-by-land-size,BEL,1950,738968.0,,,,final,"WCA 1950 round, census 1950. FAO flag A: Official figure. FAO's note: Includes 16.386 holdings without agricultural land",,,0-1
farms.faostat-wcad.holdings-by-land-size,BEL,1959,73613.0,,,,final,"WCA 1960 round, census 1959. FAO flag A: Official figure. FAO's note: Includes holdings without land",,,0-1
farms.faostat-wcad.holdings-by-land-size,BEL,1970,49065.0,,,,final,"WCA 1970 round, census 1970. FAO flag A: Official figure.",,,0-1
farms.faostat-wcad.holdings-by-land-size,BEL,1979,22585.0,,,,final,"WCA 1980 round, census 1979. FAO flag A: Official figure.",,,0-1
farms.faostat-wcad.holdings-by-land-size,BEL,1990,12698.0,,,,final,"WCA 1990 round, census 1990. FAO flag A: Official figure. FAO's note: Agricultural area",,,0-1
farms.faostat-wcad.holdings-by-land-size,BEL,2010,1407.0,,,,final,"WCA 2010 round, census 2010. FAO flag I: Value imputed by a receiving agency. FAO's note: UAA",,,0-1
farms.faostat-wcad.holdings-by-land-size,BEL,2020,389.0,,,,final,"WCA 2020 round, census 2020. FAO flag I: Value imputed by a receiving agency. FAO's note: UAA",,,0-1
farms.faostat-wcad.holdings-by-land-size,BEL,1929,52814.0,,,,final,"WCA 1930 round, census 1929. FAO flag I: Value imputed by a receiving agency.",,,1-2
farms.faostat-wcad.holdings-by-land-size,BEL,1950,51314.0,,,,final,"WCA 1950 round, census 1950. FAO flag I: Value imputed by a receiving agency.",,,1-2
farms.faostat-wcad.holdings-by-land-size,BEL,1959,37685.0,,,,final,"WCA 1960 round, census 1959. FAO flag A: Official figure.",,,1-2
farms.faostat-wcad.holdings-by-land-size,BEL,1970,15373.0,,,,final,"WCA 1970 round, census 1970. FAO flag A: Official figure.",,,1-2
farms.faostat-wcad.holdings-by-land-size,BEL,1979,10411.0,,,,final,"WCA 1980 round, census 1979. FAO flag A: Official figure.",,,1-2
farms.faostat-wcad.holdings-by-land-size,BEL,1990,7385.0,,,,final,"WCA 1990 round, census 1990. FAO flag A: Official figure. FAO's note: Agricultural area",,,1-2
farms.faostat-wcad.holdings-by-land-size,BEL,1999/2000,10610.0,,,,final,"WCA 2000 round, census 1999/00. FAO flag A: Official figure. FAO's note: Agricultural area. < 2 ha",,,1-2
farms.faostat-wcad.holdings-by-land-size,BEL,2010,2863.0,,,,final,"WCA 2010 round, census 2010. FAO flag I: Value imputed by a receiving agency. FAO's note: UAA",,,1-2
farms.faostat-wcad.holdings-by-land-size,BEL,2020,791.0,,,,final,"WCA 2020 round, census 2020. FAO flag I: Value imputed by a receiving agency. FAO's note: UAA",,,1-2
farms.faostat-wcad.holdings-by-land-size,BEL,2010,1508.0,,,,final,"WCA 2010 round, census 2010. FAO flag I: Value imputed by a receiving agency. FAO's note: UAA",,,2-3
farms.faostat-wcad.holdings-by-land-size,BEL,2020,1013.0,,,,final,"WCA 2020 round, census 2020. FAO flag I: Value imputed by a receiving agency. FAO's note: UAA",,,2-3
farms.faostat-wcad.holdings-by-land-size,BEL,2010,1501.0,,,,final,"WCA 2010 round, census 2010. FAO flag I: Value imputed by a receiving agency. FAO's note: UAA",,,3-4
farms.faostat-wcad.holdings-by-land-size,BEL,2020,1008.0,,,,final,"WCA 2020 round, census 2020. FAO flag I: Value imputed by a receiving agency. FAO's note: UAA",,,3-4
farms.faostat-wcad.holdings-by-land-size,BEL,2010,1441.0,,,,final,"WCA 2010 round, census 2010. FAO flag I: Value imputed by a receiving agency. FAO's note: UAA",,,4-5
farms.faostat-wcad.holdings-by-land-size,BEL,2020,968.0,,,,final,"WCA 2020 round, census 2020. FAO flag I: Value imputed by a receiving agency. FAO's note: UAA",,,4-5
farms.faostat-wcad.holdings-by-land-size,BEL,1929,142100.0,,,,final,"WCA 1930 round, census 1929. FAO flag I: Value imputed by a receiving agency.",,,2-5
farms.faostat-wcad.holdings-by-land-size,BEL,1950,96285.0,,,,final,"WCA 1950 round, census 1950. FAO flag I: Value imputed by a receiving agency.",,,2-5
farms.faostat-wcad.holdings-by-land-size,BEL,1959,55536.0,,,,final,"WCA 1960 round, census 1959. FAO flag A: Official figure.",,,2-5
farms.faostat-wcad.holdings-by-land-size,BEL,1970,28799.0,,,,final,"WCA 1970 round, census 1970. FAO flag A: Official figure.",,,2-5
farms.faostat-wcad.holdings-by-land-size,BEL,1979,16496.0,,,,final,"WCA 1980 round, census 1979. FAO flag A: Official figure.",,,2-5
farms.faostat-wcad.holdings-by-land-size,BEL,1990,13537.0,,,,final,"WCA 1990 round, census 1990. FAO flag A: Official figure. FAO's note: Agricultural area",,,2-5
farms.faostat-wcad.holdings-by-land-size,BEL,1999/2000,8420.0,,,,final,"WCA 2000 round, census 1999/00. FAO flag A: Official figure. FAO's note: Agricultural area",,,2-5
farms.faostat-wcad.holdings-by-land-size,BEL,1929,56311.0,,,,final,"WCA 1930 round, census 1929. FAO flag A: Official figure.",,,5-10
farms.faostat-wcad.holdings-by-land-size,BEL,1950,58307.0,,,,final,"WCA 1950 round, census 1950. FAO flag A: Official figure.",,,5-10
farms.faostat-wcad.holdings-by-land-size,BEL,1959,52583.0,,,,final,"WCA 1960 round, census 1959. FAO flag A: Official figure.",,,5-10
farms.faostat-wcad.holdings-by-land-size,BEL,1970,33059.0,,,,final,"WCA 1970 round, census 1970. FAO flag A: Official figure.",,,5-10
farms.faostat-wcad.holdings-by-land-size,BEL,1979,19031.0,,,,final,"WCA 1980 round, census 1979. FAO flag A: Official figure.",,,5-10
farms.faostat-wcad.holdings-by-land-size,BEL,1990,12922.0,,,,final,"WCA 1990 round, census 1990. FAO flag A: Official figure. FAO's note: Agricultural area",,,5-10
farms.faostat-wcad.holdings-by-land-size,BEL,1999/2000,8300.0,,,,final,"WCA 2000 round, census 1999/00. FAO flag A: Official figure. FAO's note: Agricultural area",,,5-10
farms.faostat-wcad.holdings-by-land-size,BEL,2010,5190.0,,,,final,"WCA 2010 round, census 2010. FAO flag A: Official figure. FAO's note: UAA",,,5-10
farms.faostat-wcad.holdings-by-land-size,BEL,2020,4680.0,,,,final,"WCA 2020 round, census 2020. FAO flag A: Official figure. FAO's note: UAA",,,5-10
farms.faostat-wcad.holdings-by-land-size,BEL,1929,27882.0,,,,final,"WCA 1930 round, census 1929. FAO flag A: Official figure.",,,10-20
farms.faostat-wcad.holdings-by-land-size,BEL,1950,32489.0,,,,final,"WCA 1950 round, census 1950. FAO flag A: Official figure.",,,10-20
farms.faostat-wcad.holdings-by-land-size,BEL,1959,35165.0,,,,final,"WCA 1960 round, census 1959. FAO flag A: Official figure.",,,10-20
farms.faostat-wcad.holdings-by-land-size,BEL,1970,33480.0,,,,final,"WCA 1970 round, census 1970. FAO flag A: Official figure.",,,10-20
farms.faostat-wcad.holdings-by-land-size,BEL,1979,25015.0,,,,final,"WCA 1980 round, census 1979. FAO flag A: Official figure.",,,10-20
farms.faostat-wcad.holdings-by-land-size,BEL,1990,16944.0,,,,final,"WCA 1990 round, census 1990. FAO flag A: Official figure. FAO's note: Agricultural area",,,10-20
farms.faostat-wcad.holdings-by-land-size,BEL,1999/2000,10140.0,,,,final,"WCA 2000 round, census 1999/00. FAO flag A: Official figure. FAO's note: Agricultural area",,,10-20
farms.faostat-wcad.holdings-by-land-size,BEL,2010,6800.0,,,,final,"WCA 2010 round, census 2010. FAO flag A: Official figure. FAO's note: UAA",,,10-20
farms.faostat-wcad.holdings-by-land-size,BEL,2020,6310.0,,,,final,"WCA 2020 round, census 2020. FAO flag A: Official figure. FAO's note: UAA",,,10-20
farms.faostat-wcad.holdings-by-land-size,BEL,1929,10666.0,,,,final,"WCA 1930 round, census 1929. FAO flag A: Official figure.",,,20-50
farms.faostat-wcad.holdings-by-land-size,BEL,1950,11454.0,,,,final,"WCA 1950 round, census 1950. FAO flag A: Official figure.",,,20-50
farms.faostat-wcad.holdings-by-land-size,BEL,1959,12305.0,,,,final,"WCA 1960 round, census 1959. FAO flag A: Official figure.",,,20-50
farms.faostat-wcad.holdings-by-land-size,BEL,1970,17089.0,,,,final,"WCA 1970 round, census 1970. FAO flag A: Official figure.",,,20-50
farms.faostat-wcad.holdings-by-land-size,BEL,1979,19136.0,,,,final,"WCA 1980 round, census 1979. FAO flag A: Official figure.",,,20-50
farms.faostat-wcad.holdings-by-land-size,BEL,1990,18783.0,,,,final,"WCA 1990 round, census 1990. FAO flag A: Official figure. FAO's note: Agricultural area",,,20-50
farms.faostat-wcad.holdings-by-land-size,BEL,1999/2000,16720.0,,,,final,"WCA 2000 round, census 1999/00. FAO flag A: Official figure. FAO's note: Agricultural area",,,20-50
farms.faostat-wcad.holdings-by-land-size,BEL,2010,12170.0,,,,final,"WCA 2010 round, census 2010. FAO flag A: Official figure. FAO's note: UAA",,,20-50
farms.faostat-wcad.holdings-by-land-size,BEL,2020,10630.0,,,,final,"WCA 2020 round, census 2020. FAO flag A: Official figure. FAO's note: UAA",,,20-50
farms.faostat-wcad.holdings-by-land-size,BEL,1929,2026.0,,,,final,"WCA 1930 round, census 1929. FAO flag A: Official figure.",,,50-100
farms.faostat-wcad.holdings-by-land-size,BEL,1950,1785.0,,,,final,"WCA 1950 round, census 1950. FAO flag A: Official figure.",,,50-100
farms.faostat-wcad.holdings-by-land-size,BEL,1959,1873.0,,,,final,"WCA 1960 round, census 1959. FAO flag A: Official figure.",,,50-100
farms.faostat-wcad.holdings-by-land-size,BEL,1970,2222.0,,,,final,"WCA 1970 round, census 1970. FAO flag A: Official figure.",,,50-100
farms.faostat-wcad.holdings-by-land-size,BEL,1979,3196.0,,,,final,"WCA 1980 round, census 1979. FAO flag A: Official figure.",,,50-100
farms.faostat-wcad.holdings-by-land-size,BEL,1990,4131.0,,,,final,"WCA 1990 round, census 1990. FAO flag A: Official figure. FAO's note: Agricultural area",,,50-100
farms.faostat-wcad.holdings-by-land-size,BEL,1999/2000,6230.0,,,,final,"WCA 2000 round, census 1999/00. FAO flag A: Official figure. FAO's note: Agricultural area",,,50-100
farms.faostat-wcad.holdings-by-land-size,BEL,2010,6780.0,,,,final,"WCA 2010 round, census 2010. FAO flag A: Official figure. FAO's note: UAA",,,50-100
farms.faostat-wcad.holdings-by-land-size,BEL,2020,6790.0,,,,final,"WCA 2020 round, census 2020. FAO flag A: Official figure. FAO's note: UAA",,,50-100
farms.faostat-wcad.holdings-by-land-size,BEL,1929,464.0,,,,final,"WCA 1930 round, census 1929. FAO flag A: Official figure.",,,100-200
farms.faostat-wcad.holdings-by-land-size,BEL,1950,311.0,,,,final,"WCA 1950 round, census 1950. FAO flag A: Official figure.",,,100-200
farms.faostat-wcad.holdings-by-land-size,BEL,1959,309.0,,,,final,"WCA 1960 round, census 1959. FAO flag A: Official figure.",,,100-200
farms.faostat-wcad.holdings-by-land-size,BEL,1970,375.0,,,,final,"WCA 1970 round, census 1970. FAO flag A: Official figure.",,,100-200
farms.faostat-wcad.holdings-by-land-size,BEL,1979,568.0,,,,final,"WCA 1980 round, census 1979. FAO flag A: Official figure.",,,100-200
farms.faostat-wcad.holdings-by-land-size,BEL,1990,780.0,,,,final,"WCA 1990 round, census 1990. FAO flag A: Official figure. FAO's note: Agricultural area",,,100-200
farms.faostat-wcad.holdings-by-land-size,BEL,1999/2000,1290.0,,,,final,"WCA 2000 round, census 1999/00. FAO flag A: Official figure. FAO's note: Agricultural area",,,100-200
farms.faostat-wcad.holdings-by-land-size,BEL,2010,2260.0,,,,final,"WCA 2010 round, census 2010. FAO flag A: Official figure. FAO's note: UAA",,,100-200
farms.faostat-wcad.holdings-by-land-size,BEL,2020,2720.0,,,,final,"WCA 2020 round, census 2020. FAO flag A: Official figure. FAO's note: UAA",,,100-200
farms.faostat-wcad.holdings-by-land-size,BFA,1993,114377.0,,,,final,"WCA 1990 round, census 1993. FAO flag A: Official figure. FAO's note: Cultivated area",,,0-1
farms.faostat-wcad.holdings-by-land-size,BFA,2006/2010,151955.0,,,,final,"WCA 2010 round, census 2006-2010. FAO flag A: Official figure.",,,0-1
farms.faostat-wcad.holdings-by-land-size,BFA,1993,172894.0,,,,final,"WCA 1990 round, census 1993. FAO flag A: Official figure. FAO's note: Cultivated area",,,1-2
farms.faostat-wcad.holdings-by-land-size,BFA,2006/2010,236822.0,,,,final,"WCA 2010 round, census 2006-2010. FAO flag A: Official figure.",,,1-2
farms.faostat-wcad.holdings-by-land-size,BFA,2006/2010,199795.0,,,,final,"WCA 2010 round, census 2006-2010. FAO flag I: Value imputed by a receiving agency.",,,2-3
farms.faostat-wcad.holdings-by-land-size,BFA,2006/2010,169495.0,,,,final,"WCA 2010 round, census 2006-2010. FAO flag I: Value imputed by a receiving agency.",,,3-4
farms.faostat-wcad.holdings-by-land-size,BFA,2006/2010,145270.0,,,,final,"WCA 2010 round, census 2006-2010. FAO flag I: Value imputed by a receiving agency.",,,4-5
farms.faostat-wcad.holdings-by-land-size,BFA,1993,365295.0,,,,final,"WCA 1990 round, census 1993. FAO flag A: Official figure. FAO's note: Cultivated area",,,2-5
farms.faostat-wcad.holdings-by-land-size,BFA,1993,186194.0,,,,final,"WCA 1990 round, census 1993. FAO flag A: Official figure. FAO's note: Cultivated area",,,5-10
farms.faostat-wcad.holdings-by-land-size,BFA,2006/2010,262004.0,,,,final,"WCA 2010 round, census 2006-2010. FAO flag A: Official figure.",,,5-10
farms.faostat-wcad.holdings-by-land-size,BFA,1993,47878.0,,,,final,"WCA 1990 round, census 1993. FAO flag A: Official figure. FAO's note: Cultivated area",,,10-20
farms.faostat-wcad.holdings-by-land-size,BFA,2006/2010,75144.0,,,,final,"WCA 2010 round, census 2006-2010. FAO flag A: Official figure.",,,10-20
farms.faostat-wcad.holdings-by-land-size,BFA,2006/2010,13901.0,,,,final,"WCA 2010 round, census 2006-2010. FAO flag A: Official figure.",,,20-50
farms.faostat-wcad.holdings-by-land-size,BFA,2006/2010,471.0,,,,final,"WCA 2010 round, census 2006-2010. FAO flag A: Official figure.",,,50-100
farms.faostat-wcad.holdings-by-land-size,BGD,1960,3169880.0,,,,final,"WCA 1960 round, census 1960. FAO flag A: Official figure.",,,0-1
farms.faostat-wcad.holdings-by-land-size,BGD,1977,3111882.0,,,,final,"WCA 1980 round, census 1977. FAO flag A: Official figure.",,,0-1
farms.faostat-wcad.holdings-by-land-size,BGD,1996,15414493.0,,,,final,"WCA 1990 round, census 1996. FAO flag A: Official figure.",,,0-1
farms.faostat-wcad.holdings-by-land-size,BGD,2008,12812372.0,,,,final,"WCA 2010 round, census 2008. FAO flag A: Official figure.",,,0-1
farms.faostat-wcad.holdings-by-land-size,BGD,2019,15068422.0,,,,final,"WCA 2020 round, census 2019. FAO flag I: Value imputed by a receiving agency.",,,0-1
farms.faostat-wcad.holdings-by-land-size,BGD,1960,1615020.0,,,,final,"WCA 1960 round, census 1960. FAO flag A: Official figure.",,,1-2
farms.faostat-wcad.holdings-by-land-size,BGD,1977,1401426.0,,,,final,"WCA 1980 round, census 1977. FAO flag I: Value imputed by a receiving agency.",,,1-2
farms.faostat-wcad.holdings-by-land-size,BGD,1996,1576539.0,,,,final,"WCA 1990 round, census 1996. FAO flag A: Official figure.",,,1-2
farms.faostat-wcad.holdings-by-land-size,BGD,2008,1505447.0,,,,final,"WCA 2010 round, census 2008. FAO flag I: Value imputed by a receiving agency.",,,1-2
farms.faostat-wcad.holdings-by-land-size,BGD,2019,1108914.0,,,,final,"WCA 2020 round, census 2019. FAO flag I: Value imputed by a receiving agency.",,,1-2
farms.faostat-wcad.holdings-by-land-size,BGD,1996,359991.0,,,,final,"WCA 1990 round, census 1996. FAO flag I: Value imputed by a receiving agency.",,,2-3
farms.faostat-wcad.holdings-by-land-size,BGD,2008,630968.0,,,,final,"WCA 2010 round, census 2008. FAO flag I: Value imputed by a receiving agency.",,,2-3
farms.faostat-wcad.holdings-by-land-size,BGD,1996,288904.0,,,,final,"WCA 1990 round, census 1996. FAO flag I: Value imputed by a receiving agency.",,,3-4
farms.faostat-wcad.holdings-by-land-size,BGD,2008,234396.0,,,,final,"WCA 2010 round, census 2008. FAO flag A: Official figure.",,,3-4
farms.faostat-wcad.holdings-by-land-size,BGD,1996,36667.0,,,,final,"WCA 1990 round, census 1996. FAO flag I: Value imputed by a receiving agency.",,,4-5
farms.faostat-wcad.holdings-by-land-size,BGD,1960,1140810.0,,,,final,"WCA 1960 round, census 1960. FAO flag A: Official figure.",,,2-5
farms.faostat-wcad.holdings-by-land-size,BGD,1977,1743865.0,,,,final,"WCA 1980 round, census 1977. FAO flag I: Value imputed by a receiving agency.",,,2-5
farms.faostat-wcad.holdings-by-land-size,BGD,2019,704421.0,,,,final,"WCA 2020 round, census 2019. FAO flag I: Value imputed by a receiving agency.",,,2-5
farms.faostat-wcad.holdings-by-land-size,BGD,1960,187790.0,,,,final,"WCA 1960 round, census 1960. FAO flag A: Official figure.",,,5-10
farms.faostat-wcad.holdings-by-land-size,BGD,1996,102009.0,,,,final,"WCA 1990 round, census 1996. FAO flag I: Value imputed by a receiving agency.",,,5-10
farms.faostat-wcad.holdings-by-land-size,BGD,1960,25980.0,,,,final,"WCA 1960 round, census 1960. FAO flag A: Official figure. FAO's note: 10 ha and over",,,10-20
farms.faostat-wcad.holdings-by-land-size,BGD,1996,11339.0,,,,final,"WCA 1990 round, census 1996. FAO flag I: Value imputed by a receiving agency.",,,10-20
farms.faostat-wcad.holdings-by-land-size,BGR,2003,512500.0,,,,final,"WCA 2000 round, census 2003. FAO flag A: Official figure. FAO's note: Agricultural area",,,0-1
farms.faostat-wcad.holdings-by-land-size,BGR,2010,97166.0,,,,final,"WCA 2010 round, census 2010. FAO flag I: Value imputed by a receiving agency. FAO's note: UAA",,,0-1
farms.faostat-wcad.holdings-by-land-size,BGR,2020,18859.0,,,,final,"WCA 2020 round, census 2020. FAO flag I: Value imputed by a receiving agency. FAO's note: UAA",,,0-1
farms.faostat-wcad.holdings-by-land-size,BGR,2010,197794.0,,,,final,"WCA 2010 round, census 2010. FAO flag I: Value imputed by a receiving agency. FAO's note: UAA",,,1-2
farms.faostat-wcad.holdings-by-land-size,BGR,2020,38391.0,,,,final,"WCA 2020 round, census 2020. FAO flag I: Value imputed by a receiving agency. FAO's note: UAA",,,1-2
farms.faostat-wcad.holdings-by-land-size,BGR,2010,10301.0,,,,final,"WCA 2010 round, census 2010. FAO flag I: Value imputed by a receiving agency. FAO's note: UAA",,,2-3
farms.faostat-wcad.holdings-by-land-size,BGR,2020,7552.0,,,,final,"WCA 2020 round, census 2020. FAO flag I: Value imputed by a receiving agency. FAO's note: UAA",,,2-3
farms.faostat-wcad.holdings-by-land-size,BGR,2010,10248.0,,,,final,"WCA 2010 round, census 2010. FAO flag I: Value imputed by a receiving agency. FAO's note: UAA",,,3-4
farms.faostat-wcad.holdings-by-land-size,BGR,2020,7513.0,,,,final,"WCA 2020 round, census 2020. FAO flag I: Value imputed by a receiving agency. FAO's note: UAA",,,3-4
farms.faostat-wcad.holdings-by-land-size,BGR,2010,9841.0,,,,final,"WCA 2010 round, census 2010. FAO flag I: Value imputed by a receiving agency. FAO's note: UAA",,,4-5
farms.faostat-wcad.holdings-by-land-size,BGR,2020,7215.0,,,,final,"WCA 2020 round, census 2020. FAO flag I: Value imputed by a receiving agency. FAO's note: UAA",,,4-5
farms.faostat-wcad.holdings-by-land-size,BGR,2003,131800.0,,,,final,"WCA 2000 round, census 2003. FAO flag A: Official figure. FAO's note: Agricultural area",,,2-5
farms.faostat-wcad.holdings-by-land-size,BGR,2010,10730.0,,,,final,"WCA 2010 round, census 2010. FAO flag A: Official figure. FAO's note: UAA",,,5-10
farms.faostat-wcad.holdings-by-land-size,BGR,2020,12230.0,,,,final,"WCA 2020 round, census 2020. FAO flag A: Official figure. FAO's note: UAA",,,5-10
farms.faostat-wcad.holdings-by-land-size,BGR,2010,6820.0,,,,final,"WCA 2010 round, census 2010. FAO flag A: Official figure. FAO's note: UAA",,,10-20
farms.faostat-wcad.holdings-by-land-size,BGR,2020,9810.0,,,,final,"WCA 2020 round, census 2020. FAO flag A: Official figure. FAO's note: UAA",,,10-20
farms.faostat-wcad.holdings-by-land-size,BGR,2003,16100.0,,,,final,"WCA 2000 round, census 2003. FAO flag A: Official figure. FAO's note: Agricultural area",,,20-50
farms.faostat-wcad.holdings-by-land-size,BGR,2010,6010.0,,,,final,"WCA 2010 round, census 2010. FAO flag A: Official figure. FAO's note: UAA",,,20-50
farms.faostat-wcad.holdings-by-land-size,BGR,2020,12340.0,,,,final,"WCA 2020 round, census 2020. FAO flag A: Official figure. FAO's note: UAA",,,20-50
farms.faostat-wcad.holdings-by-land-size,BGR,2003,5100.0,,,,final,"WCA 2000 round, census 2003. FAO flag A: Official figure. FAO's note: Agricultural area",,,50-100
farms.faostat-wcad.holdings-by-land-size,BGR,2010,2930.0,,,,final,"WCA 2010 round, census 2010. FAO flag A: Official figure. FAO's note: UAA",,,50-100
farms.faostat-wcad.holdings-by-land-size,BGR,2020,5740.0,,,,final,"WCA 2020 round, census 2020. FAO flag A: Official figure. FAO's note: UAA",,,50-100
farms.faostat-wcad.holdings-by-land-size,BGR,2010,5490.0,,,,final,"WCA 2010 round, census 2010. FAO flag A: Official figure. FAO's note: UAA",,,100-200
farms.faostat-wcad.holdings-by-land-size,BGR,2020,7630.0,,,,final,"WCA 2020 round, census 2020. FAO flag A: Official figure. FAO's note: UAA",,,100-200
farms.faostat-wcad.holdings-by-land-size,BHR,1973/1974,166.0,,,,final,"WCA 1970 round, census 1973/74. FAO flag A: Official figure.",,,0-1
farms.faostat-wcad.holdings-by-land-size,BHR,1980,156.0,,,,final,"WCA 1980 round, census 1980. FAO flag A: Official figure.",,,0-1
farms.faostat-wcad.holdings-by-land-size,BHR,1973/1974,176.0,,,,final,"WCA 1970 round, census 1973/74. FAO flag A: Official figure.",,,1-2
farms.faostat-wcad.holdings-by-land-size,BHR,1980,158.0,,,,final,"WCA 1980 round, census 1980. FAO flag A: Official figure.",,,1-2
farms.faostat-wcad.holdings-by-land-size,BHR,1973/1974,290.0,,,,final,"WCA 1970 round, census 1973/74. FAO flag A: Official figure.",,,2-5
farms.faostat-wcad.holdings-by-land-size,BHR,1980,269.0,,,,final,"WCA 1980 round, census 1980. FAO flag A: Official figure.",,,2-5
farms.faostat-wcad.holdings-by-land-size,BHR,1973/1974,141.0,,,,final,"WCA 1970 round, census 1973/74. FAO flag A: Official figure.",,,5-10
farms.faostat-wcad.holdings-by-land-size,BHR,1980,140.0,,,,final,"WCA 1980 round, census 1980. FAO flag A: Official figure.",,,5-10
farms.faostat-wcad.holdings-by-land-size,BHR,1973/1974,64.0,,,,final,"WCA 1970 round, census 1973/74. FAO flag A: Official figure.",,,10-20
farms.faostat-wcad.holdings-by-land-size,BHR,1980,66.0,,,,final,"WCA 1980 round, census 1980. FAO flag A: Official figure.",,,10-20
farms.faostat-wcad.holdings-by-land-size,BHR,1973/1974,16.0,,,,final,"WCA 1970 round, census 1973/74. FAO flag A: Official figure.",,,20-50
farms.faostat-wcad.holdings-by-land-size,BHR,1980,16.0,,,,final,"WCA 1980 round, census 1980. FAO flag A: Official figure.",,,20-50
farms.faostat-wcad.holdings-by-land-size,BHR,1973/1974,2.0,,,,final,"WCA 1970 round, census 1973/74. FAO flag A: Official figure.",,,50-100
farms.faostat-wcad.holdings-by-land-size,BHR,1980,1.0,,,,final,"WCA 1980 round, census 1980. FAO flag A: Official figure.",,,50-100
farms.faostat-wcad.holdings-by-land-size,BHS,1978,1805.0,,,,final,"WCA 1980 round, census 1978. FAO flag I: Value imputed by a receiving agency.",,,0-1
farms.faostat-wcad.holdings-by-land-size,BHS,1994,639.0,,,,final,"WCA 1990 round, census 1994. FAO flag A: Official figure.",,,0-1
farms.faostat-wcad.holdings-by-land-size,BHS,1978,1145.0,,,,final,"WCA 1980 round, census 1978. FAO flag I: Value imputed by a receiving agency.",,,1-2
farms.faostat-wcad.holdings-by-land-size,BHS,1994,437.0,,,,final,"WCA 1990 round, census 1994. FAO flag A: Official figure.",,,1-2
farms.faostat-wcad.holdings-by-land-size,BHS,1978,765.0,,,,final,"WCA 1980 round, census 1978. FAO flag I: Value imputed by a receiving agency.",,,2-5
farms.faostat-wcad.holdings-by-land-size,BHS,1994,360.0,,,,final,"WCA 1990 round, census 1994. FAO flag A: Official figure.",,,2-5
farms.faostat-wcad.holdings-by-land-size,BHS,1978,261.0,,,,final,"WCA 1980 round, census 1978. FAO flag I: Value imputed by a receiving agency.",,,5-10
farms.faostat-wcad.holdings-by-land-size,BHS,1994,140.0,,,,final,"WCA 1990 round, census 1994. FAO flag A: Official figure.",,,5-10
farms.faostat-wcad.holdings-by-land-size,BHS,1978,121.0,,,,final,"WCA 1980 round, census 1978. FAO flag I: Value imputed by a receiving agency.",,,10-20
farms.faostat-wcad.holdings-by-land-size,BHS,1994,78.0,,,,final,"WCA 1990 round, census 1994. FAO flag A: Official figure.",,,10-20
farms.faostat-wcad.holdings-by-land-size,BHS,1978,53.0,,,,final,"WCA 1980 round, census 1978. FAO flag I: Value imputed by a receiving agency.",,,20-50
farms.faostat-wcad.holdings-by-land-size,BHS,1994,50.0,,,,final,"WCA 1990 round, census 1994. FAO flag A: Official figure.",,,20-50
farms.faostat-wcad.holdings-by-land-size,BHS,1978,52.0,,,,final,"WCA 1980 round, census 1978. FAO flag I: Value imputed by a receiving agency.",,,50-100
farms.faostat-wcad.holdings-by-land-size,BHS,1994,56.0,,,,final,"WCA 1990 round, census 1994. FAO flag A: Official figure.",,,50-100
farms.faostat-wcad.holdings-by-land-size,BLR,2019,2242861.0,,,,final,"WCA 2020 round, census 2019. FAO flag A: Official figure.",,,0-1
farms.faostat-wcad.holdings-by-land-size,BLR,2019,15665.0,,,,final,"WCA 2020 round, census 2019. FAO flag A: Official figure.",,,1-2
farms.faostat-wcad.holdings-by-land-size,BLR,2019,4458.0,,,,final,"WCA 2020 round, census 2019. FAO flag A: Official figure.",,,2-5
farms.faostat-wcad.holdings-by-land-size,BLR,2019,435.0,,,,final,"WCA 2020 round, census 2019. FAO flag A: Official figure.",,,5-10
farms.faostat-wcad.holdings-by-land-size,BLR,2019,609.0,,,,final,"WCA 2020 round, census 2019. FAO flag A: Official figure.",,,10-20
farms.faostat-wcad.holdings-by-land-size,BLR,2019,965.0,,,,final,"WCA 2020 round, census 2019. FAO flag A: Official figure.",,,20-50
farms.faostat-wcad.holdings-by-land-size,BLR,2019,698.0,,,,final,"WCA 2020 round, census 2019. FAO flag A: Official figure.",,,50-100
farms.faostat-wcad.holdings-by-land-size,BLR,2019,362.0,,,,final,"WCA 2020 round, census 2019. FAO flag A: Official figure.",,,100-200
farms.faostat-wcad.holdings-by-land-size,BLR,2019,285.0,,,,final,"WCA 2020 round, census 2019. FAO flag A: Official figure.",,,200-500
farms.faostat-wcad.holdings-by-land-size,BLR,2019,97.0,,,,final,"WCA 2020 round, census 2019. FAO flag A: Official figure.",,,500-1000
farms.faostat-wcad.holdings-by-land-size,BLR,2019,1451.0,,,,final,"WCA 2020 round, census 2019. FAO flag A: Official figure.",,,1000-plus
farms.faostat-wcad.holdings-by-land-size,BLZ,1973/1974,3048.0,,,,final,"WCA 1970 round, census 1973/74. FAO flag I: Value imputed by a receiving agency.",,,0-1
farms.faostat-wcad.holdings-by-land-size,BLZ,1984/1985,2741.0,,,,final,"WCA 1980 round, census 1984/85. FAO flag I: Value imputed by a receiving agency.",,,0-1
farms.faostat-wcad.holdings-by-land-size,BLZ,1973/1974,843.0,,,,final,"WCA 1970 round, census 1973/74. FAO flag I: Value imputed by a receiving agency.",,,1-2
farms.faostat-wcad.holdings-by-land-size,BLZ,1984/1985,792.0,,,,final,"WCA 1980 round, census 1984/85. FAO flag I: Value imputed by a receiving agency.",,,1-2
farms.faostat-wcad.holdings-by-land-size,BLZ,1973/1974,1988.0,,,,final,"WCA 1970 round, census 1973/74. FAO flag I: Value imputed by a receiving agency.",,,2-5
farms.faostat-wcad.holdings-by-land-size,BLZ,1984/1985,2259.0,,,,final,"WCA 1980 round, census 1984/85. FAO flag I: Value imputed by a receiving agency.",,,2-5
farms.faostat-wcad.holdings-by-land-size,BLZ,1973/1974,1549.0,,,,final,"WCA 1970 round, census 1973/74. FAO flag I: Value imputed by a receiving agency.",,,5-10
farms.faostat-wcad.holdings-by-land-size,BLZ,1984/1985,1761.0,,,,final,"WCA 1980 round, census 1984/85. FAO flag I: Value imputed by a receiving agency.",,,5-10
farms.faostat-wcad.holdings-by-land-size,BLZ,1973/1974,1374.0,,,,final,"WCA 1970 round, census 1973/74. FAO flag I: Value imputed by a receiving agency.",,,10-20
farms.faostat-wcad.holdings-by-land-size,BLZ,1984/1985,1562.0,,,,final,"WCA 1980 round, census 1984/85. FAO flag I: Value imputed by a receiving agency.",,,10-20
farms.faostat-wcad.holdings-by-land-size,BLZ,1973/1974,1202.0,,,,final,"WCA 1970 round, census 1973/74. FAO flag A: Official figure.",,,20-50
farms.faostat-wcad.holdings-by-land-size,BLZ,1984/1985,1897.0,,,,final,"WCA 1980 round, census 1984/85. FAO flag A: Official figure.",,,20-50
farms.faostat-wcad.holdings-by-land-size,BOL,2013,230422.0,,,,final,"WCA 2010 round, census 2013. FAO flag A: Official figure.",,,0-1
farms.faostat-wcad.holdings-by-land-size,BOL,2013,110819.0,,,,final,"WCA 2010 round, census 2013. FAO flag A: Official figure.",,,1-2
farms.faostat-wcad.holdings-by-land-size,BOL,2013,74162.0,,,,final,"WCA 2010 round, census 2013. FAO flag A: Official figure.",,,2-3
farms.faostat-wcad.holdings-by-land-size,BOL,2013,52793.0,,,,final,"WCA 2010 round, census 2013. FAO flag A: Official figure.",,,3-4
farms.faostat-wcad.holdings-by-land-size,BOL,2013,39047.0,,,,final,"WCA 2010 round, census 2013. FAO flag A: Official figure.",,,4-5
farms.faostat-wcad.holdings-by-land-size,BOL,2013,115909.0,,,,final,"WCA 2010 round, census 2013. FAO flag A: Official figure.",,,5-10
farms.faostat-wcad.holdings-by-land-size,BOL,2013,95167.0,,,,final,"WCA 2010 round, census 2013. FAO flag A: Official figure.",,,10-20
farms.faostat-wcad.holdings-by-land-size,BOL,2013,69401.0,,,,final,"WCA 2010 round, census 2013. FAO flag A: Official figure.",,,20-50
farms.faostat-wcad.holdings-by-land-size,BOL,2013,39890.0,,,,final,"WCA 2010 round, census 2013. FAO flag A: Official figure.",,,50-100
farms.faostat-wcad.holdings-by-land-size,BOL,2013,12887.0,,,,final,"WCA 2010 round, census 2013. FAO flag A: Official figure.",,,100-200
farms.faostat-wcad.holdings-by-land-size,BOL,2013,9833.0,,,,final,"WCA 2010 round, census 2013. FAO flag A: Official figure.",,,200-500
farms.faostat-wcad.holdings-by-land-size,BOL,2013,5503.0,,,,final,"WCA 2010 round, census 2013. FAO flag A: Official figure.",,,500-1000
farms.faostat-wcad.holdings-by-land-size,BOL,2013,3111.0,,,,final,"WCA 2010 round, census 2013. FAO flag A: Official figure.",,,1000-2500
farms.faostat-wcad.holdings-by-land-size,BOL,2013,2664.0,,,,final,"WCA 2010 round, census 2013. FAO flag A: Official figure.",,,2500-plus
farms.faostat-wcad.holdings-by-land-size,BRA,1960,133477.0,,,,final,"WCA 1960 round, census 1960. FAO flag A: Official figure.",,,0-1
farms.faostat-wcad.holdings-by-land-size,BRA,1970,396846.0,,,,final,"WCA 1970 round, census 1970. FAO flag A: Official figure. FAO's note: Excludes 18377 holdings of size not reported.",,,0-1
farms.faostat-wcad.holdings-by-land-size,BRA,1985,469097.0,,,,final,"WCA 1980 round, census 1985. FAO flag A: Official figure. FAO's note: Excludes 8 696 holdings size not reported.",,,0-1
farms.faostat-wcad.holdings-by-land-size,BRA,1986,645624.0,,,,final,"WCA 1990 round, census 1986. FAO flag A: Official figure. FAO's note: Due to lack of data for the period 1986 - 95. data from 1985 Agricultural Census are presented.",,,0-1
farms.faostat-wcad.holdings-by-land-size,BRA,1996,512032.0,,,,final,"WCA 2000 round, census 1996. FAO flag A: Official figure.",,,0-1
farms.faostat-wcad.holdings-by-land-size,BRA,2006,606837.0,,,,final,"WCA 2010 round, census 2006. FAO flag A: Official figure.",,,0-1
farms.faostat-wcad.holdings-by-land-size,BRA,2017,606432.0,,,,final,"WCA 2020 round, census 2017. FAO flag A: Official figure.",,,0-1
farms.faostat-wcad.holdings-by-land-size,BRA,1960,280763.0,,,,final,"WCA 1960 round, census 1960. FAO flag A: Official figure.",,,1-2
farms.faostat-wcad.holdings-by-land-size,BRA,1970,488562.0,,,,final,"WCA 1970 round, census 1970. FAO flag A: Official figure. FAO's note: Excludes 18377 holdings of size not reported.",,,1-2
farms.faostat-wcad.holdings-by-land-size,BRA,1985,515515.0,,,,final,"WCA 1980 round, census 1985. FAO flag A: Official figure. FAO's note: Excludes 8 696 holdings size not reported.",,,1-2
farms.faostat-wcad.holdings-by-land-size,BRA,1986,619828.0,,,,final,"WCA 1990 round, census 1986. FAO flag A: Official figure. FAO's note: Due to lack of data for the period 1986 - 95. data from 1985 Agricultural Census are presented.",,,1-2
farms.faostat-wcad.holdings-by-land-size,BRA,1996,471298.0,,,,final,"WCA 2000 round, census 1996. FAO flag A: Official figure.",,,1-2
farms.faostat-wcad.holdings-by-land-size,BRA,2006,442163.0,,,,final,"WCA 2010 round, census 2006. FAO flag A: Official figure.",,,1-2
farms.faostat-wcad.holdings-by-land-size,BRA,2017,468288.0,,,,final,"WCA 2020 round, census 2017. FAO flag A: Official figure.",,,1-2
farms.faostat-wcad.holdings-by-land-size,BRA,2006,319671.0,,,,final,"WCA 2010 round, census 2006. FAO flag A: Official figure.",,,2-3
farms.faostat-wcad.holdings-by-land-size,BRA,2017,336993.0,,,,final,"WCA 2020 round, census 2017. FAO flag A: Official figure.",,,2-3
farms.faostat-wcad.holdings-by-land-size,BRA,2006,256148.0,,,,final,"WCA 2010 round, census 2006. FAO flag A: Official figure.",,,3-4
farms.faostat-wcad.holdings-by-land-size,BRA,2017,260945.0,,,,final,"WCA 2020 round, census 2017. FAO flag A: Official figure.",,,3-4
farms.faostat-wcad.holdings-by-land-size,BRA,2006,215988.0,,,,final,"WCA 2010 round, census 2006. FAO flag A: Official figure.",,,4-5
farms.faostat-wcad.holdings-by-land-size,BRA,2017,220309.0,,,,final,"WCA 2020 round, census 2017. FAO flag A: Official figure.",,,4-5
farms.faostat-wcad.holdings-by-land-size,BRA,1960,619119.0,,,,final,"WCA 1960 round, census 1960. FAO flag A: Official figure.",,,2-5
farms.faostat-wcad.holdings-by-land-size,BRA,1970,914835.0,,,,final,"WCA 1970 round, census 1970. FAO flag A: Official figure. FAO's note: Excludes 18377 holdings of size not reported.",,,2-5
farms.faostat-wcad.holdings-by-land-size,BRA,1985,903590.0,,,,final,"WCA 1980 round, census 1985. FAO flag A: Official figure. FAO's note: Excludes 8 696 holdings size not reported.",,,2-5
farms.faostat-wcad.holdings-by-land-size,BRA,1986,1049666.0,,,,final,"WCA 1990 round, census 1986. FAO flag A: Official figure. FAO's note: Due to lack of data for the period 1986 - 95. data from 1985 Agricultural Census are presented.",,,2-5
farms.faostat-wcad.holdings-by-land-size,BRA,1996,796723.0,,,,final,"WCA 2000 round, census 1996. FAO flag A: Official figure.",,,2-5
farms.faostat-wcad.holdings-by-land-size,BRA,1960,465684.0,,,,final,"WCA 1960 round, census 1960. FAO flag A: Official figure.",,,5-10
farms.faostat-wcad.holdings-by-land-size,BRA,1970,719387.0,,,,final,"WCA 1970 round, census 1970. FAO flag A: Official figure. FAO's note: Excludes 18377 holdings of size not reported.",,,5-10
farms.faostat-wcad.holdings-by-land-size,BRA,1985,709823.0,,,,final,"WCA 1980 round, census 1985. FAO flag A: Official figure. FAO's note: Excludes 8 696 holdings size not reported.",,,5-10
farms.faostat-wcad.holdings-by-land-size,BRA,1986,770723.0,,,,final,"WCA 1990 round, census 1986. FAO flag A: Official figure. FAO's note: Due to lack of data for the period 1986 - 95. data from 1985 Agricultural Census are presented.",,,5-10
farms.faostat-wcad.holdings-by-land-size,BRA,1996,622320.0,,,,final,"WCA 2000 round, census 1996. FAO flag A: Official figure.",,,5-10
farms.faostat-wcad.holdings-by-land-size,BRA,2006,636344.0,,,,final,"WCA 2010 round, census 2006. FAO flag A: Official figure.",,,5-10
farms.faostat-wcad.holdings-by-land-size,BRA,2017,650714.0,,,,final,"WCA 2020 round, census 2017. FAO flag A: Official figure.",,,5-10
farms.faostat-wcad.holdings-by-land-size,BRA,1960,546079.0,,,,final,"WCA 1960 round, census 1960. FAO flag A: Official figure.",,,10-20
farms.faostat-wcad.holdings-by-land-size,BRA,1970,768448.0,,,,final,"WCA 1970 round, census 1970. FAO flag A: Official figure. FAO's note: Excludes 18377 holdings of size not reported.",,,10-20
farms.faostat-wcad.holdings-by-land-size,BRA,1985,771330.0,,,,final,"WCA 1980 round, census 1985. FAO flag A: Official figure. FAO's note: Excludes 8 696 holdings size not reported.",,,10-20
farms.faostat-wcad.holdings-by-land-size,BRA,1986,818157.0,,,,final,"WCA 1990 round, census 1986. FAO flag A: Official figure. FAO's note: Due to lack of data for the period 1986 - 95. data from 1985 Agricultural Census are presented.",,,10-20
farms.faostat-wcad.holdings-by-land-size,BRA,1996,701417.0,,,,final,"WCA 2000 round, census 1996. FAO flag A: Official figure.",,,10-20
farms.faostat-wcad.holdings-by-land-size,BRA,2006,736798.0,,,,final,"WCA 2010 round, census 2006. FAO flag A: Official figure.",,,10-20
farms.faostat-wcad.holdings-by-land-size,BRA,2017,730662.0,,,,final,"WCA 2020 round, census 2017. FAO flag A: Official figure.",,,10-20
farms.faostat-wcad.holdings-by-land-size,BRA,1960,672675.0,,,,final,"WCA 1960 round, census 1960. FAO flag A: Official figure.",,,20-50
farms.faostat-wcad.holdings-by-land-size,BRA,1970,824090.0,,,,final,"WCA 1970 round, census 1970. FAO flag A: Official figure. FAO's note: Excludes 18377 holdings of size not reported.",,,20-50
farms.faostat-wcad.holdings-by-land-size,BRA,1985,854051.0,,,,final,"WCA 1980 round, census 1985. FAO flag A: Official figure. FAO's note: Excludes 8 696 holdings size not reported.",,,20-50
farms.faostat-wcad.holdings-by-land-size,BRA,1986,910075.0,,,,final,"WCA 1990 round, census 1986. FAO flag A: Official figure. FAO's note: Due to lack of data for the period 1986 - 95. data from 1985 Agricultural Census are presented.",,,20-50
farms.faostat-wcad.holdings-by-land-size,BRA,1996,814695.0,,,,final,"WCA 2000 round, census 1996. FAO flag A: Official figure.",,,20-50
farms.faostat-wcad.holdings-by-land-size,BRA,2006,843920.0,,,,final,"WCA 2010 round, census 2006. FAO flag A: Official figure.",,,20-50
farms.faostat-wcad.holdings-by-land-size,BRA,2017,855865.0,,,,final,"WCA 2020 round, census 2017. FAO flag A: Official figure.",,,20-50
farms.faostat-wcad.holdings-by-land-size,BRA,1960,272661.0,,,,final,"WCA 1960 round, census 1960. FAO flag A: Official figure.",,,50-100
farms.faostat-wcad.holdings-by-land-size,BRA,1970,341854.0,,,,final,"WCA 1970 round, census 1970. FAO flag A: Official figure. FAO's note: Excludes 18377 holdings of size not reported.",,,50-100
farms.faostat-wcad.holdings-by-land-size,BRA,1985,391393.0,,,,final,"WCA 1980 round, census 1985. FAO flag A: Official figure. FAO's note: Excludes 8 696 holdings size not reported.",,,50-100
farms.faostat-wcad.holdings-by-land-size,BRA,1986,438192.0,,,,final,"WCA 1990 round, census 1986. FAO flag A: Official figure. FAO's note: Due to lack of data for the period 1986 - 95. data from 1985 Agricultural Census are presented.",,,50-100
farms.faostat-wcad.holdings-by-land-size,BRA,1996,400375.0,,,,final,"WCA 2000 round, census 1996. FAO flag A: Official figure.",,,50-100
farms.faostat-wcad.holdings-by-land-size,BRA,2006,390882.0,,,,final,"WCA 2010 round, census 2006. FAO flag A: Official figure.",,,50-100
farms.faostat-wcad.holdings-by-land-size,BRA,2017,394157.0,,,,final,"WCA 2020 round, census 2017. FAO flag A: Official figure.",,,50-100
farms.faostat-wcad.holdings-by-land-size,BRA,1960,157422.0,,,,final,"WCA 1960 round, census 1960. FAO flag A: Official figure.",,,100-200
farms.faostat-wcad.holdings-by-land-size,BRA,1970,215329.0,,,,final,"WCA 1970 round, census 1970. FAO flag A: Official figure. FAO's note: Excludes 18377 holdings of size not reported.",,,100-200
farms.faostat-wcad.holdings-by-land-size,BRA,1985,260714.0,,,,final,"WCA 1980 round, census 1985. FAO flag A: Official figure. FAO's note: Excludes 8 696 holdings size not reported.",,,100-200
farms.faostat-wcad.holdings-by-land-size,BRA,1986,283503.0,,,,final,"WCA 1990 round, census 1986. FAO flag A: Official figure. FAO's note: Due to lack of data for the period 1986 - 95. data from 1985 Agricultural Census are presented.",,,100-200
farms.faostat-wcad.holdings-by-land-size,BRA,1996,246314.0,,,,final,"WCA 2000 round, census 1996. FAO flag A: Official figure.",,,100-200
farms.faostat-wcad.holdings-by-land-size,BRA,2006,219432.0,,,,final,"WCA 2010 round, census 2006. FAO flag A: Official figure.",,,100-200
farms.faostat-wcad.holdings-by-land-size,BRA,2017,218758.0,,,,final,"WCA 2020 round, census 2017. FAO flag A: Official figure.",,,100-200
farms.faostat-wcad.holdings-by-land-size,BRA,1960,116645.0,,,,final,"WCA 1960 round, census 1960. FAO flag A: Official figure.",,,200-500
farms.faostat-wcad.holdings-by-land-size,BRA,1970,151514.0,,,,final,"WCA 1970 round, census 1970. FAO flag A: Official figure. FAO's note: Excludes 18377 holdings of size not reported.",,,200-500
farms.faostat-wcad.holdings-by-land-size,BRA,1985,169455.0,,,,final,"WCA 1980 round, census 1985. FAO flag A: Official figure. FAO's note: Excludes 8 696 holdings size not reported.",,,200-500
farms.faostat-wcad.holdings-by-land-size,BRA,1986,175003.0,,,,final,"WCA 1990 round, census 1986. FAO flag A: Official figure. FAO's note: Due to lack of data for the period 1986 - 95. data from 1985 Agricultural Census are presented.",,,200-500
farms.faostat-wcad.holdings-by-land-size,BRA,1996,165243.0,,,,final,"WCA 2000 round, census 1996. FAO flag A: Official figure.",,,200-500
farms.faostat-wcad.holdings-by-land-size,BRA,2006,150698.0,,,,final,"WCA 2010 round, census 2006. FAO flag A: Official figure.",,,200-500
farms.faostat-wcad.holdings-by-land-size,BRA,2017,147083.0,,,,final,"WCA 2020 round, census 2017. FAO flag A: Official figure.",,,200-500
farms.faostat-wcad.holdings-by-land-size,BRA,1960,40764.0,,,,final,"WCA 1960 round, census 1960. FAO flag A: Official figure.",,,500-1000
farms.faostat-wcad.holdings-by-land-size,BRA,1970,47903.0,,,,final,"WCA 1970 round, census 1970. FAO flag A: Official figure. FAO's note: Excludes 18377 holdings of size not reported.",,,500-1000
farms.faostat-wcad.holdings-by-land-size,BRA,1985,58352.0,,,,final,"WCA 1980 round, census 1985. FAO flag A: Official figure. FAO's note: Excludes 8 696 holdings size not reported.",,,500-1000
farms.faostat-wcad.holdings-by-land-size,BRA,1986,60112.0,,,,final,"WCA 1990 round, census 1986. FAO flag A: Official figure. FAO's note: Due to lack of data for the period 1986 - 95. data from 1985 Agricultural Census are presented.",,,500-1000
farms.faostat-wcad.holdings-by-land-size,BRA,1996,58407.0,,,,final,"WCA 2000 round, census 1996. FAO flag A: Official figure.",,,500-1000
farms.faostat-wcad.holdings-by-land-size,BRA,2006,54158.0,,,,final,"WCA 2010 round, census 2006. FAO flag A: Official figure.",,,500-1000
farms.faostat-wcad.holdings-by-land-size,BRA,2017,54878.0,,,,final,"WCA 2020 round, census 2017. FAO flag A: Official figure.",,,500-1000
farms.faostat-wcad.holdings-by-land-size,BRA,2006,32242.0,,,,final,"WCA 2010 round, census 2006. FAO flag A: Official figure.",,,1000-2500
farms.faostat-wcad.holdings-by-land-size,BRA,2017,34338.0,,,,final,"WCA 2020 round, census 2017. FAO flag A: Official figure.",,,1000-2500
farms.faostat-wcad.holdings-by-land-size,BRA,2006,15336.0,,,,final,"WCA 2010 round, census 2006. FAO flag A: Official figure.",,,2500-plus
farms.faostat-wcad.holdings-by-land-size,BRA,2017,16865.0,,,,final,"WCA 2020 round, census 2017. FAO flag A: Official figure.",,,2500-plus
farms.faostat-wcad.holdings-by-land-size,BRA,1960,32480.0,,,,final,"WCA 1960 round, census 1960. FAO flag A: Official figure.",,,1000-plus
farms.faostat-wcad.holdings-by-land-size,BRA,1970,36874.0,,,,final,"WCA 1970 round, census 1970. FAO flag A: Official figure. FAO's note: Excludes 18377 holdings of size not reported.",,,1000-plus
farms.faostat-wcad.holdings-by-land-size,BRA,1985,47841.0,,,,final,"WCA 1980 round, census 1985. FAO flag A: Official figure. FAO's note: Excludes 8 696 holdings size not reported.",,,1000-plus
farms.faostat-wcad.holdings-by-land-size,BRA,1986,50105.0,,,,final,"WCA 1990 round, census 1986. FAO flag A: Official figure. FAO's note: Due to lack of data for the period 1986 - 95. data from 1985 Agricultural Census are presented.",,,1000-plus
farms.faostat-wcad.holdings-by-land-size,BRA,1996,49359.0,,,,final,"WCA 2000 round, census 1996. FAO flag A: Official figure.",,,1000-plus
farms.faostat-wcad.holdings-by-land-size,BRB,1961,26500.0,,,,final,"WCA 1960 round, census 1961. FAO flag A: Official figure.",,,0-1
farms.faostat-wcad.holdings-by-land-size,BRB,1989,16315.0,,,,final,"WCA 1990 round, census 1989. FAO flag A: Official figure.",,,0-1
farms.faostat-wcad.holdings-by-land-size,BRB,1961,927.0,,,,final,"WCA 1960 round, census 1961. FAO flag A: Official figure.",,,1-2
farms.faostat-wcad.holdings-by-land-size,BRB,1989,485.0,,,,final,"WCA 1990 round, census 1989. FAO flag A: Official figure.",,,1-2
farms.faostat-wcad.holdings-by-land-size,BRB,1961,210.0,,,,final,"WCA 1960 round, census 1961. FAO flag A: Official figure.",,,2-5
farms.faostat-wcad.holdings-by-land-size,BRB,1989,190.0,,,,final,"WCA 1990 round, census 1989. FAO flag A: Official figure.",,,2-5
farms.faostat-wcad.holdings-by-land-size,BRB,1961,36.0,,,,final,"WCA 1960 round, census 1961. FAO flag A: Official figure.",,,5-10
farms.faostat-wcad.holdings-by-land-size,BRB,1989,44.0,,,,final,"WCA 1990 round, census 1989. FAO flag A: Official figure.",,,5-10
farms.faostat-wcad.holdings-by-land-size,BRB,1961,29.0,,,,final,"WCA 1960 round, census 1961. FAO flag A: Official figure.",,,10-20
farms.faostat-wcad.holdings-by-land-size,BRB,1989,27.0,,,,final,"WCA 1990 round, census 1989. FAO flag A: Official figure.",,,10-20
farms.faostat-wcad.holdings-by-land-size,BRB,1961,32.0,,,,final,"WCA 1960 round, census 1961. FAO flag A: Official figure.",,,20-50
farms.faostat-wcad.holdings-by-land-size,BRB,1989,23.0,,,,final,"WCA 1990 round, census 1989. FAO flag A: Official figure.",,,20-50
farms.faostat-wcad.holdings-by-land-size,BRB,1961,66.0,,,,final,"WCA 1960 round, census 1961. FAO flag A: Official figure.",,,50-100
farms.faostat-wcad.holdings-by-land-size,BRB,1989,26.0,,,,final,"WCA 1990 round, census 1989. FAO flag A: Official figure.",,,50-100
farms.faostat-wcad.holdings-by-land-size,BRB,1961,71.0,,,,final,"WCA 1960 round, census 1961. FAO flag A: Official figure.",,,100-200
farms.faostat-wcad.holdings-by-land-size,BRB,1989,33.0,,,,final,"WCA 1990 round, census 1989. FAO flag A: Official figure.",,,100-200
farms.faostat-wcad.holdings-by-land-size,BRB,1961,41.0,,,,final,"WCA 1960 round, census 1961. FAO flag A: Official figure.",,,200-500
farms.faostat-wcad.holdings-by-land-size,BRB,1989,34.0,,,,final,"WCA 1990 round, census 1989. FAO flag A: Official figure.",,,200-500
farms.faostat-wcad.holdings-by-land-size,BRB,1989,1.0,,,,final,"WCA 1990 round, census 1989. FAO flag A: Official figure.",,,500-1000
farms.faostat-wcad.holdings-by-land-size,BRN,1964,2494.0,,,,final,"WCA 1960 round, census 1964. FAO flag A: Official figure. FAO's note: Includes holdings without land",,,0-1
farms.faostat-wcad.holdings-by-land-size,BRN,1964,1214.0,,,,final,"WCA 1960 round, census 1964. FAO flag A: Official figure.",,,1-2
farms.faostat-wcad.holdings-by-land-size,BRN,1964,1764.0,,,,final,"WCA 1960 round, census 1964. FAO flag A: Official figure.",,,2-5
farms.faostat-wcad.holdings-by-land-size,BRN,1964,619.0,,,,final,"WCA 1960 round, census 1964. FAO flag A: Official figure.",,,5-10
farms.faostat-wcad.holdings-by-land-size,BRN,1964,172.0,,,,final,"WCA 1960 round, census 1964. FAO flag A: Official figure.",,,10-20
farms.faostat-wcad.holdings-by-land-size,BRN,1964,32.0,,,,final,"WCA 1960 round, census 1964. FAO flag A: Official figure.",,,20-50
farms.faostat-wcad.holdings-by-land-size,BRN,1964,8.0,,,,final,"WCA 1960 round, census 1964. FAO flag A: Official figure.",,,50-100
farms.faostat-wcad.holdings-by-land-size,BRN,1964,2.0,,,,final,"WCA 1960 round, census 1964. FAO flag A: Official figure.",,,200-500
farms.faostat-wcad.holdings-by-land-size,BRN,1964,1.0,,,,final,"WCA 1960 round, census 1964. FAO flag A: Official figure.",,,500-1000
farms.faostat-wcad.holdings-by-land-size,BTN,2019,29286.0,,,,final,"WCA 2020 round, census 2019. FAO flag A: Official figure.",,,0-1
farms.faostat-wcad.holdings-by-land-size,BTN,2019,19524.0,,,,final,"WCA 2020 round, census 2019. FAO flag A: Official figure.",,,1-2
farms.faostat-wcad.holdings-by-land-size,BTN,2019,15227.0,,,,final,"WCA 2020 round, census 2019. FAO flag A: Official figure.",,,2-5
farms.faostat-wcad.holdings-by-land-size,BTN,2019,2087.0,,,,final,"WCA 2020 round, census 2019. FAO flag A: Official figure.",,,5-10
farms.faostat-wcad.holdings-by-land-size,BTN,2019,81.0,,,,final,"WCA 2020 round, census 2019. FAO flag A: Official figure.",,,10-20
farms.faostat-wcad.holdings-by-land-size,BTN,2019,14.0,,,,final,"WCA 2020 round, census 2019. FAO flag A: Official figure.",,,20-50
farms.faostat-wcad.holdings-by-land-size,BTN,2019,3.0,,,,final,"WCA 2020 round, census 2019. FAO flag A: Official figure.",,,50-100
farms.faostat-wcad.holdings-by-land-size,BWA,1968/1969,809.0,,,,final,"WCA 1970 round, census 1968/69. FAO flag I: Value imputed by a receiving agency.",,,0-1
farms.faostat-wcad.holdings-by-land-size,BWA,1968/1969,10713.0,,,,final,"WCA 1970 round, census 1968/69. FAO flag I: Value imputed by a receiving agency.",,,1-2
farms.faostat-wcad.holdings-by-land-size,BWA,1968/1969,14088.0,,,,final,"WCA 1970 round, census 1968/69. FAO flag I: Value imputed by a receiving agency.",,,2-5
farms.faostat-wcad.holdings-by-land-size,BWA,1968/1969,12763.0,,,,final,"WCA 1970 round, census 1968/69. FAO flag I: Value imputed by a receiving agency.",,,5-10
farms.faostat-wcad.holdings-by-land-size,CAN,1931,6345.0,,,,final,"WCA 1930 round, census 1931. FAO flag I: Value imputed by a receiving agency.",,,0-1
farms.faostat-wcad.holdings-by-land-size,CAN,1951,1889.0,,,,final,"WCA 1950 round, census 1951. FAO flag I: Value imputed by a receiving agency.",,,0-1
farms.faostat-wcad.holdings-by-land-size,CAN,1961,3697.0,,,,final,"WCA 1960 round, census 1961. FAO flag A: Official figure.",,,0-1
farms.faostat-wcad.holdings-by-land-size,CAN,1971,3376.0,,,,final,"WCA 1970 round, census 1971. FAO flag I: Value imputed by a receiving agency.",,,0-1
farms.faostat-wcad.holdings-by-land-size,CAN,1981,3851.0,,,,final,"WCA 1980 round, census 1981. FAO flag I: Value imputed by a receiving agency.",,,0-1
farms.faostat-wcad.holdings-by-land-size,CAN,2011,1061.0,,,,final,"WCA 2010 round, census 2011. FAO flag I: Value imputed by a receiving agency.",,,0-1
farms.faostat-wcad.holdings-by-land-size,CAN,2016,1078.0,,,,final,"WCA 2020 round, census 2016. FAO flag I: Value imputed by a receiving agency.",,,0-1
farms.faostat-wcad.holdings-by-land-size,CAN,2021,1112.0,,,,final,"WCA 2020 round, census 2021. FAO flag I: Value imputed by a receiving agency.",,,0-1
farms.faostat-wcad.holdings-by-land-size,CAN,1931,13057.0,,,,final,"WCA 1930 round, census 1931. FAO flag I: Value imputed by a receiving agency.",,,1-2
farms.faostat-wcad.holdings-by-land-size,CAN,1951,7810.0,,,,final,"WCA 1950 round, census 1951. FAO flag I: Value imputed by a receiving agency.",,,1-2
farms.faostat-wcad.holdings-by-land-size,CAN,1961,6094.0,,,,final,"WCA 1960 round, census 1961. FAO flag A: Official figure.",,,1-2
farms.faostat-wcad.holdings-by-land-size,CAN,1971,4065.0,,,,final,"WCA 1970 round, census 1971. FAO flag I: Value imputed by a receiving agency.",,,1-2
farms.faostat-wcad.holdings-by-land-size,CAN,1981,4483.0,,,,final,"WCA 1980 round, census 1981. FAO flag I: Value imputed by a receiving agency.",,,1-2
farms.faostat-wcad.holdings-by-land-size,CAN,1991,6911.0,,,,final,"WCA 1990 round, census 1991. FAO flag A: Official figure.",,,1-2
farms.faostat-wcad.holdings-by-land-size,CAN,2011,2949.0,,,,final,"WCA 2010 round, census 2011. FAO flag I: Value imputed by a receiving agency.",,,1-2
farms.faostat-wcad.holdings-by-land-size,CAN,2016,2994.0,,,,final,"WCA 2020 round, census 2016. FAO flag I: Value imputed by a receiving agency.",,,1-2
farms.faostat-wcad.holdings-by-land-size,CAN,2021,3088.0,,,,final,"WCA 2020 round, census 2021. FAO flag I: Value imputed by a receiving agency.",,,1-2
farms.faostat-wcad.holdings-by-land-size,CAN,2011,4115.0,,,,final,"WCA 2010 round, census 2011. FAO flag I: Value imputed by a receiving agency.",,,2-3
farms.faostat-wcad.holdings-by-land-size,CAN,2016,4179.0,,,,final,"WCA 2020 round, census 2016. FAO flag I: Value imputed by a receiving agency.",,,2-3
farms.faostat-wcad.holdings-by-land-size,CAN,2011,4867.0,,,,final,"WCA 2010 round, census 2011. FAO flag I: Value imputed by a receiving agency.",,,3-4
farms.faostat-wcad.holdings-by-land-size,CAN,2016,4942.0,,,,final,"WCA 2020 round, census 2016. FAO flag I: Value imputed by a receiving agency.",,,3-4
farms.faostat-wcad.holdings-by-land-size,CAN,2011,1202.0,,,,final,"WCA 2010 round, census 2011. FAO flag I: Value imputed by a receiving agency.",,,4-5
farms.faostat-wcad.holdings-by-land-size,CAN,2016,1177.0,,,,final,"WCA 2020 round, census 2016. FAO flag I: Value imputed by a receiving agency.",,,4-5
farms.faostat-wcad.holdings-by-land-size,CAN,1931,28192.0,,,,final,"WCA 1930 round, census 1931. FAO flag I: Value imputed by a receiving agency.",,,2-5
farms.faostat-wcad.holdings-by-land-size,CAN,1951,21778.0,,,,final,"WCA 1950 round, census 1951. FAO flag I: Value imputed by a receiving agency.",,,2-5
farms.faostat-wcad.holdings-by-land-size,CAN,1961,9162.0,,,,final,"WCA 1960 round, census 1961. FAO flag A: Official figure.",,,2-5
farms.faostat-wcad.holdings-by-land-size,CAN,1971,9968.0,,,,final,"WCA 1970 round, census 1971. FAO flag I: Value imputed by a receiving agency.",,,2-5
farms.faostat-wcad.holdings-by-land-size,CAN,1981,10860.0,,,,final,"WCA 1980 round, census 1981. FAO flag I: Value imputed by a receiving agency.",,,2-5
farms.faostat-wcad.holdings-by-land-size,CAN,1991,9250.0,,,,final,"WCA 1990 round, census 1991. FAO flag A: Official figure.",,,2-5
farms.faostat-wcad.holdings-by-land-size,CAN,2021,10583.0,,,,final,"WCA 2020 round, census 2021. FAO flag I: Value imputed by a receiving agency.",,,2-5
farms.faostat-wcad.holdings-by-land-size,CAN,1931,30484.0,,,,final,"WCA 1930 round, census 1931. FAO flag I: Value imputed by a receiving agency.",,,5-10
farms.faostat-wcad.holdings-by-land-size,CAN,1951,25860.0,,,,final,"WCA 1950 round, census 1951. FAO flag I: Value imputed by a receiving agency.",,,5-10
farms.faostat-wcad.holdings-by-land-size,CAN,1961,10733.0,,,,final,"WCA 1960 round, census 1961. FAO flag A: Official figure.",,,5-10
farms.faostat-wcad.holdings-by-land-size,CAN,1971,12051.0,,,,final,"WCA 1970 round, census 1971. FAO flag I: Value imputed by a receiving agency.",,,5-10
farms.faostat-wcad.holdings-by-land-size,CAN,1981,11520.0,,,,final,"WCA 1980 round, census 1981. FAO flag I: Value imputed by a receiving agency.",,,5-10
farms.faostat-wcad.holdings-by-land-size,CAN,1991,10039.0,,,,final,"WCA 1990 round, census 1991. FAO flag A: Official figure.",,,5-10
farms.faostat-wcad.holdings-by-land-size,CAN,2011,6800.0,,,,final,"WCA 2010 round, census 2011. FAO flag I: Value imputed by a receiving agency.",,,5-10
farms.faostat-wcad.holdings-by-land-size,CAN,2016,6661.0,,,,final,"WCA 2020 round, census 2016. FAO flag I: Value imputed by a receiving agency.",,,5-10
farms.faostat-wcad.holdings-by-land-size,CAN,2021,6653.0,,,,final,"WCA 2020 round, census 2021. FAO flag I: Value imputed by a receiving agency.",,,5-10
farms.faostat-wcad.holdings-by-land-size,CAN,1931,43487.0,,,,final,"WCA 1930 round, census 1931. FAO flag I: Value imputed by a receiving agency.",,,10-20
farms.faostat-wcad.holdings-by-land-size,CAN,1951,32491.0,,,,final,"WCA 1950 round, census 1951. FAO flag I: Value imputed by a receiving agency.",,,10-20
farms.faostat-wcad.holdings-by-land-size,CAN,1961,21157.0,,,,final,"WCA 1960 round, census 1961. FAO flag A: Official figure.",,,10-20
farms.faostat-wcad.holdings-by-land-size,CAN,1971,15000.0,,,,final,"WCA 1970 round, census 1971. FAO flag I: Value imputed by a receiving agency.",,,10-20
farms.faostat-wcad.holdings-by-land-size,CAN,1981,16205.0,,,,final,"WCA 1980 round, census 1981. FAO flag I: Value imputed by a receiving agency.",,,10-20
farms.faostat-wcad.holdings-by-land-size,CAN,1991,14030.0,,,,final,"WCA 1990 round, census 1991. FAO flag A: Official figure.",,,10-20
farms.faostat-wcad.holdings-by-land-size,CAN,2011,14129.0,,,,final,"WCA 2010 round, census 2011. FAO flag I: Value imputed by a receiving agency.",,,10-20
farms.faostat-wcad.holdings-by-land-size,CAN,2016,13840.0,,,,final,"WCA 2020 round, census 2016. FAO flag I: Value imputed by a receiving agency.",,,10-20
farms.faostat-wcad.holdings-by-land-size,CAN,2021,13825.0,,,,final,"WCA 2020 round, census 2021. FAO flag I: Value imputed by a receiving agency.",,,10-20
farms.faostat-wcad.holdings-by-land-size,CAN,1931,219357.0,,,,final,"WCA 1930 round, census 1931. FAO flag I: Value imputed by a receiving agency.",,,20-50
farms.faostat-wcad.holdings-by-land-size,CAN,1951,154287.0,,,,final,"WCA 1950 round, census 1951. FAO flag I: Value imputed by a receiving agency.",,,20-50
farms.faostat-wcad.holdings-by-land-size,CAN,1961,114115.0,,,,final,"WCA 1960 round, census 1961. FAO flag A: Official figure.",,,20-50
farms.faostat-wcad.holdings-by-land-size,CAN,1971,67076.0,,,,final,"WCA 1970 round, census 1971. FAO flag I: Value imputed by a receiving agency.",,,20-50
farms.faostat-wcad.holdings-by-land-size,CAN,1981,53551.0,,,,final,"WCA 1980 round, census 1981. FAO flag I: Value imputed by a receiving agency.",,,20-50
farms.faostat-wcad.holdings-by-land-size,CAN,1991,38329.0,,,,final,"WCA 1990 round, census 1991. FAO flag A: Official figure.",,,20-50
farms.faostat-wcad.holdings-by-land-size,CAN,2011,32187.0,,,,final,"WCA 2010 round, census 2011. FAO flag I: Value imputed by a receiving agency.",,,20-50
farms.faostat-wcad.holdings-by-land-size,CAN,2016,30443.0,,,,final,"WCA 2020 round, census 2016. FAO flag I: Value imputed by a receiving agency.",,,20-50
farms.faostat-wcad.holdings-by-land-size,CAN,2021,31303.0,,,,final,"WCA 2020 round, census 2021. FAO flag I: Value imputed by a receiving agency.",,,20-50
farms.faostat-wcad.holdings-by-land-size,CAN,1931,183215.0,,,,final,"WCA 1930 round, census 1931. FAO flag I: Value imputed by a receiving agency.",,,50-100
farms.faostat-wcad.holdings-by-land-size,CAN,1951,163421.0,,,,final,"WCA 1950 round, census 1951. FAO flag I: Value imputed by a receiving agency.",,,50-100
farms.faostat-wcad.holdings-by-land-size,CAN,1961,112699.0,,,,final,"WCA 1960 round, census 1961. FAO flag A: Official figure.",,,50-100
farms.faostat-wcad.holdings-by-land-size,CAN,1971,72393.0,,,,final,"WCA 1970 round, census 1971. FAO flag I: Value imputed by a receiving agency.",,,50-100
farms.faostat-wcad.holdings-by-land-size,CAN,1981,57988.0,,,,final,"WCA 1980 round, census 1981. FAO flag I: Value imputed by a receiving agency.",,,50-100
farms.faostat-wcad.holdings-by-land-size,CAN,1991,55843.0,,,,final,"WCA 1990 round, census 1991. FAO flag A: Official figure.",,,50-100
farms.faostat-wcad.holdings-by-land-size,CAN,2011,37423.0,,,,final,"WCA 2010 round, census 2011. FAO flag I: Value imputed by a receiving agency.",,,50-100
farms.faostat-wcad.holdings-by-land-size,CAN,2016,34496.0,,,,final,"WCA 2020 round, census 2016. FAO flag I: Value imputed by a receiving agency.",,,50-100
farms.faostat-wcad.holdings-by-land-size,CAN,2021,33933.0,,,,final,"WCA 2020 round, census 2021. FAO flag I: Value imputed by a receiving agency.",,,50-100
farms.faostat-wcad.holdings-by-land-size,CAN,1931,124059.0,,,,final,"WCA 1930 round, census 1931. FAO flag I: Value imputed by a receiving agency.",,,100-200
farms.faostat-wcad.holdings-by-land-size,CAN,1951,125143.0,,,,final,"WCA 1950 round, census 1951. FAO flag I: Value imputed by a receiving agency.",,,100-200
farms.faostat-wcad.holdings-by-land-size,CAN,1961,121071.0,,,,final,"WCA 1960 round, census 1961. FAO flag A: Official figure.",,,100-200
farms.faostat-wcad.holdings-by-land-size,CAN,1971,79076.0,,,,final,"WCA 1970 round, census 1971. FAO flag I: Value imputed by a receiving agency.",,,100-200
farms.faostat-wcad.holdings-by-land-size,CAN,1981,61967.0,,,,final,"WCA 1980 round, census 1981. FAO flag I: Value imputed by a receiving agency.",,,100-200
farms.faostat-wcad.holdings-by-land-size,CAN,1991,51621.0,,,,final,"WCA 1990 round, census 1991. FAO flag A: Official figure.",,,100-200
farms.faostat-wcad.holdings-by-land-size,CAN,2011,32947.0,,,,final,"WCA 2010 round, census 2011. FAO flag I: Value imputed by a receiving agency.",,,100-200
farms.faostat-wcad.holdings-by-land-size,CAN,2016,30193.0,,,,final,"WCA 2020 round, census 2016. FAO flag I: Value imputed by a receiving agency.",,,100-200
farms.faostat-wcad.holdings-by-land-size,CAN,2021,28618.0,,,,final,"WCA 2020 round, census 2021. FAO flag I: Value imputed by a receiving agency.",,,100-200
farms.faostat-wcad.holdings-by-land-size,CAN,1931,80426.0,,,,final,"WCA 1930 round, census 1931. FAO flag I: Value imputed by a receiving agency.",,,200-500
farms.faostat-wcad.holdings-by-land-size,CAN,1951,90412.0,,,,final,"WCA 1950 round, census 1951. FAO flag I: Value imputed by a receiving agency.",,,200-500
farms.faostat-wcad.holdings-by-land-size,CAN,1961,64904.0,,,,final,"WCA 1960 round, census 1961. FAO flag A: Official figure.",,,200-500
farms.faostat-wcad.holdings-by-land-size,CAN,1971,76517.0,,,,final,"WCA 1970 round, census 1971. FAO flag I: Value imputed by a receiving agency.",,,200-500
farms.faostat-wcad.holdings-by-land-size,CAN,1981,66958.0,,,,final,"WCA 1980 round, census 1981. FAO flag I: Value imputed by a receiving agency.",,,200-500
farms.faostat-wcad.holdings-by-land-size,CAN,1991,58577.0,,,,final,"WCA 1990 round, census 1991. FAO flag A: Official figure.",,,200-500
farms.faostat-wcad.holdings-by-land-size,CAN,2011,33987.0,,,,final,"WCA 2010 round, census 2011. FAO flag I: Value imputed by a receiving agency.",,,200-500
farms.faostat-wcad.holdings-by-land-size,CAN,2016,30854.0,,,,final,"WCA 2020 round, census 2016. FAO flag I: Value imputed by a receiving agency.",,,200-500
farms.faostat-wcad.holdings-by-land-size,CAN,2021,29591.0,,,,final,"WCA 2020 round, census 2021. FAO flag I: Value imputed by a receiving agency.",,,200-500
farms.faostat-wcad.holdings-by-land-size,CAN,1961,13570.0,,,,final,"WCA 1960 round, census 1961. FAO flag A: Official figure.",,,500-1000
farms.faostat-wcad.holdings-by-land-size,CAN,1971,26606.0,,,,final,"WCA 1970 round, census 1971. FAO flag I: Value imputed by a receiving agency.",,,500-1000
farms.faostat-wcad.holdings-by-land-size,CAN,1981,30977.0,,,,final,"WCA 1980 round, census 1981. FAO flag I: Value imputed by a receiving agency.",,,500-1000
farms.faostat-wcad.holdings-by-land-size,CAN,1991,35443.0,,,,final,"WCA 1990 round, census 1991. FAO flag A: Official figure.",,,500-1000
farms.faostat-wcad.holdings-by-land-size,CAN,2011,19071.0,,,,final,"WCA 2010 round, census 2011. FAO flag I: Value imputed by a receiving agency.",,,500-1000
farms.faostat-wcad.holdings-by-land-size,CAN,2016,17235.0,,,,final,"WCA 2020 round, census 2016. FAO flag I: Value imputed by a receiving agency.",,,500-1000
farms.faostat-wcad.holdings-by-land-size,CAN,2021,16090.0,,,,final,"WCA 2020 round, census 2021. FAO flag I: Value imputed by a receiving agency.",,,500-1000
farms.faostat-wcad.holdings-by-land-size,CAN,2011,14993.0,,,,final,"WCA 2010 round, census 2011. FAO flag I: Value imputed by a receiving agency.",,,1000-2500
farms.faostat-wcad.holdings-by-land-size,CAN,2016,15400.0,,,,final,"WCA 2020 round, census 2016. FAO flag I: Value imputed by a receiving agency.",,,1000-2500
farms.faostat-wcad.holdings-by-land-size,CAN,1961,3701.0,,,,final,"WCA 1960 round, census 1961. FAO flag A: Official figure.",,,1000-plus
farms.faostat-wcad.holdings-by-land-size,CAN,2021,15078.0,,,,final,"WCA 2020 round, census 2021. FAO flag I: Value imputed by a receiving agency.",,,1000-plus
farms.faostat-wcad.holdings-by-land-size,CHE,1929,39870.0,,,,final,"WCA 1930 round, census 1929. FAO flag A: Official figure.",,,0-1
farms.faostat-wcad.holdings-by-land-size,CHE,1969,32378.0,,,,final,"WCA 1970 round, census 1969. FAO flag I: Value imputed by a receiving agency.",,,0-1
farms.faostat-wcad.holdings-by-land-size,CHE,1980,27094.0,,,,final,"WCA 1980 round, census 1980. FAO flag A: Official figure.",,,0-1
farms.faostat-wcad.holdings-by-land-size,CHE,1990,21381.0,,,,final,"WCA 1990 round, census 1990. FAO flag I: Value imputed by a receiving agency. FAO's note: Productive area.",,,0-1
farms.faostat-wcad.holdings-by-land-size,CHE,2010,3260.0,,,,final,"WCA 2010 round, census 2010. FAO flag I: Value imputed by a receiving agency. FAO's note: UAA",,,0-1
farms.faostat-wcad.holdings-by-land-size,CHE,1929,31889.0,,,,final,"WCA 1930 round, census 1929. FAO flag I: Value imputed by a receiving agency.",,,1-2
farms.faostat-wcad.holdings-by-land-size,CHE,1969,13636.0,,,,final,"WCA 1970 round, census 1969. FAO flag I: Value imputed by a receiving agency.",,,1-2
farms.faostat-wcad.holdings-by-land-size,CHE,1980,9891.0,,,,final,"WCA 1980 round, census 1980. FAO flag A: Official figure.",,,1-2
farms.faostat-wcad.holdings-by-land-size,CHE,1990,7724.0,,,,final,"WCA 1990 round, census 1990. FAO flag I: Value imputed by a receiving agency. FAO's note: Productive area.",,,1-2
farms.faostat-wcad.holdings-by-land-size,CHE,2010,3840.0,,,,final,"WCA 2010 round, census 2010. FAO flag A: Official figure. FAO's note: UAA",,,1-2
farms.faostat-wcad.holdings-by-land-size,CHE,2010,1654.0,,,,final,"WCA 2010 round, census 2010. FAO flag I: Value imputed by a receiving agency. FAO's note: UAA",,,2-3
farms.faostat-wcad.holdings-by-land-size,CHE,2010,1646.0,,,,final,"WCA 2010 round, census 2010. FAO flag I: Value imputed by a receiving agency. FAO's note: UAA",,,3-4
farms.faostat-wcad.holdings-by-land-size,CHE,2010,1580.0,,,,final,"WCA 2010 round, census 2010. FAO flag I: Value imputed by a receiving agency. FAO's note: UAA",,,4-5
farms.faostat-wcad.holdings-by-land-size,CHE,1929,69008.0,,,,final,"WCA 1930 round, census 1929. FAO flag I: Value imputed by a receiving agency.",,,2-5
farms.faostat-wcad.holdings-by-land-size,CHE,1969,22999.0,,,,final,"WCA 1970 round, census 1969. FAO flag I: Value imputed by a receiving agency.",,,2-5
farms.faostat-wcad.holdings-by-land-size,CHE,1980,15680.0,,,,final,"WCA 1980 round, census 1980. FAO flag A: Official figure.",,,2-5
farms.faostat-wcad.holdings-by-land-size,CHE,1990,11988.0,,,,final,"WCA 1990 round, census 1990. FAO flag I: Value imputed by a receiving agency. FAO's note: Productive area.",,,2-5
farms.faostat-wcad.holdings-by-land-size,CHE,1929,57236.0,,,,final,"WCA 1930 round, census 1929. FAO flag A: Official figure.",,,5-10
farms.faostat-wcad.holdings-by-land-size,CHE,1969,33477.0,,,,final,"WCA 1970 round, census 1969. FAO flag I: Value imputed by a receiving agency.",,,5-10
farms.faostat-wcad.holdings-by-land-size,CHE,1980,20158.0,,,,final,"WCA 1980 round, census 1980. FAO flag A: Official figure.",,,5-10
farms.faostat-wcad.holdings-by-land-size,CHE,1990,15543.0,,,,final,"WCA 1990 round, census 1990. FAO flag A: Official figure. FAO's note: Productive area",,,5-10
farms.faostat-wcad.holdings-by-land-size,CHE,2010,9330.0,,,,final,"WCA 2010 round, census 2010. FAO flag A: Official figure. FAO's note: UAA",,,5-10
farms.faostat-wcad.holdings-by-land-size,CHE,1929,29487.0,,,,final,"WCA 1930 round, census 1929. FAO flag A: Official figure.",,,10-20
farms.faostat-wcad.holdings-by-land-size,CHE,1969,38047.0,,,,final,"WCA 1970 round, census 1969. FAO flag I: Value imputed by a receiving agency.",,,10-20
farms.faostat-wcad.holdings-by-land-size,CHE,1980,34638.0,,,,final,"WCA 1980 round, census 1980. FAO flag A: Official figure.",,,10-20
farms.faostat-wcad.holdings-by-land-size,CHE,1990,31006.0,,,,final,"WCA 1990 round, census 1990. FAO flag A: Official figure. FAO's note: Productive area",,,10-20
farms.faostat-wcad.holdings-by-land-size,CHE,2010,19350.0,,,,final,"WCA 2010 round, census 2010. FAO flag A: Official figure. FAO's note: UAA",,,10-20
farms.faostat-wcad.holdings-by-land-size,CHE,1929,7955.0,,,,final,"WCA 1930 round, census 1929. FAO flag A: Official figure.",,,20-50
farms.faostat-wcad.holdings-by-land-size,CHE,1969,11500.0,,,,final,"WCA 1970 round, census 1969. FAO flag I: Value imputed by a receiving agency.",,,20-50
farms.faostat-wcad.holdings-by-land-size,CHE,1980,16783.0,,,,final,"WCA 1980 round, census 1980. FAO flag A: Official figure.",,,20-50
farms.faostat-wcad.holdings-by-land-size,CHE,1990,19432.0,,,,final,"WCA 1990 round, census 1990. FAO flag A: Official figure. FAO's note: Productive area",,,20-50
farms.faostat-wcad.holdings-by-land-size,CHE,2010,18380.0,,,,final,"WCA 2010 round, census 2010. FAO flag A: Official figure. FAO's note: UAA",,,20-50
farms.faostat-wcad.holdings-by-land-size,CHE,1929,1485.0,,,,final,"WCA 1930 round, census 1929. FAO flag A: Official figure.",,,50-100
farms.faostat-wcad.holdings-by-land-size,CHE,1969,708.0,,,,final,"WCA 1970 round, census 1969. FAO flag I: Value imputed by a receiving agency.",,,50-100
farms.faostat-wcad.holdings-by-land-size,CHE,1980,925.0,,,,final,"WCA 1980 round, census 1980. FAO flag A: Official figure.",,,50-100
farms.faostat-wcad.holdings-by-land-size,CHE,1990,1115.0,,,,final,"WCA 1990 round, census 1990. FAO flag A: Official figure. FAO's note: Productive area",,,50-100
farms.faostat-wcad.holdings-by-land-size,CHE,2010,1830.0,,,,final,"WCA 2010 round, census 2010. FAO flag A: Official figure. FAO's note: UAA",,,50-100
farms.faostat-wcad.holdings-by-land-size,CHE,1969,88.0,,,,final,"WCA 1970 round, census 1969. FAO flag I: Value imputed by a receiving agency.",,,100-200
farms.faostat-wcad.holdings-by-land-size,CHE,1980,90.0,,,,final,"WCA 1980 round, census 1980. FAO flag A: Official figure.",,,100-200
farms.faostat-wcad.holdings-by-land-size,CHE,1990,107.0,,,,final,"WCA 1990 round, census 1990. FAO flag A: Official figure. FAO's note: Productive area",,,100-200
farms.faostat-wcad.holdings-by-land-size,CHE,2010,120.0,,,,final,"WCA 2010 round, census 2010. FAO flag A: Official figure. FAO's note: UAA",,,100-200
farms.faostat-wcad.holdings-by-land-size,CHE,1969,26.0,,,,final,"WCA 1970 round, census 1969. FAO flag I: Value imputed by a receiving agency.",,,200-500
farms.faostat-wcad.holdings-by-land-size,CHE,1980,15.0,,,,final,"WCA 1980 round, census 1980. FAO flag A: Official figure.",,,200-500
farms.faostat-wcad.holdings-by-land-size,CHL,1929/1930,10418.0,,,,final,"WCA 1930 round, census 1929/30. FAO flag I: Value imputed by a receiving agency.",,,0-1
farms.faostat-wcad.holdings-by-land-size,CHL,1964/1965,50358.0,,,,final,"WCA 1960 round, census 1964/65. FAO flag A: Official figure. FAO's note: Includes holdings without land",,,0-1
farms.faostat-wcad.holdings-by-land-size,CHL,1997,46295.0,,,,final,"WCA 2000 round, census 1997. FAO flag I: Value imputed by a receiving agency.",,,0-1
farms.faostat-wcad.holdings-by-land-size,CHL,2006/2007,34699.0,,,,final,"WCA 2010 round, census 2006/07. FAO flag A: Official figure.",,,0-1
farms.faostat-wcad.holdings-by-land-size,CHL,2021,9760.0,,,,final,"WCA 2020 round, census 2021. FAO flag A: Official figure.",,,0-1
farms.faostat-wcad.holdings-by-land-size,CHL,1929/1930,12593.0,,,,final,"WCA 1930 round, census 1929/30. FAO flag I: Value imputed by a receiving agency.",,,1-2
farms.faostat-wcad.holdings-by-land-size,CHL,1964/1965,34699.0,,,,final,"WCA 1960 round, census 1964/65. FAO flag A: Official figure.",,,1-2
farms.faostat-wcad.holdings-by-land-size,CHL,1997,32175.0,,,,final,"WCA 2000 round, census 1997. FAO flag I: Value imputed by a receiving agency.",,,1-2
farms.faostat-wcad.holdings-by-land-size,CHL,2006/2007,26756.0,,,,final,"WCA 2010 round, census 2006/07. FAO flag I: Value imputed by a receiving agency.",,,1-2
farms.faostat-wcad.holdings-by-land-size,CHL,2021,13055.0,,,,final,"WCA 2020 round, census 2021. FAO flag I: Value imputed by a receiving agency.",,,1-2
farms.faostat-wcad.holdings-by-land-size,CHL,2006/2007,22164.0,,,,final,"WCA 2010 round, census 2006/07. FAO flag I: Value imputed by a receiving agency.",,,2-3
farms.faostat-wcad.holdings-by-land-size,CHL,2006/2007,19127.0,,,,final,"WCA 2010 round, census 2006/07. FAO flag I: Value imputed by a receiving agency.",,,3-4
farms.faostat-wcad.holdings-by-land-size,CHL,2006/2007,16928.0,,,,final,"WCA 2010 round, census 2006/07. FAO flag I: Value imputed by a receiving agency.",,,4-5
farms.faostat-wcad.holdings-by-land-size,CHL,1929/1930,34349.0,,,,final,"WCA 1930 round, census 1929/30. FAO flag I: Value imputed by a receiving agency.",,,2-5
farms.faostat-wcad.holdings-by-land-size,CHL,1964/1965,43761.0,,,,final,"WCA 1960 round, census 1964/65. FAO flag A: Official figure.",,,2-5
farms.faostat-wcad.holdings-by-land-size,CHL,1997,55949.0,,,,final,"WCA 2000 round, census 1997. FAO flag I: Value imputed by a receiving agency.",,,2-5
farms.faostat-wcad.holdings-by-land-size,CHL,2021,28308.0,,,,final,"WCA 2020 round, census 2021. FAO flag I: Value imputed by a receiving agency.",,,2-5
farms.faostat-wcad.holdings-by-land-size,CHL,1929/1930,11848.0,,,,final,"WCA 1930 round, census 1929/30. FAO flag I: Value imputed by a receiving agency.",,,5-10
farms.faostat-wcad.holdings-by-land-size,CHL,1964/1965,33076.0,,,,final,"WCA 1960 round, census 1964/65. FAO flag A: Official figure.",,,5-10
farms.faostat-wcad.holdings-by-land-size,CHL,1997,50176.0,,,,final,"WCA 2000 round, census 1997. FAO flag A: Official figure.",,,5-10
farms.faostat-wcad.holdings-by-land-size,CHL,2006/2007,46139.0,,,,final,"WCA 2010 round, census 2006/07. FAO flag A: Official figure.",,,5-10
farms.faostat-wcad.holdings-by-land-size,CHL,2021,26782.0,,,,final,"WCA 2020 round, census 2021. FAO flag A: Official figure.",,,5-10
farms.faostat-wcad.holdings-by-land-size,CHL,1929/1930,17643.0,,,,final,"WCA 1930 round, census 1929/30. FAO flag I: Value imputed by a receiving agency.",,,10-20
farms.faostat-wcad.holdings-by-land-size,CHL,1964/1965,29976.0,,,,final,"WCA 1960 round, census 1964/65. FAO flag A: Official figure.",,,10-20
farms.faostat-wcad.holdings-by-land-size,CHL,1997,47936.0,,,,final,"WCA 2000 round, census 1997. FAO flag A: Official figure.",,,10-20
farms.faostat-wcad.holdings-by-land-size,CHL,2006/2007,42611.0,,,,final,"WCA 2010 round, census 2006/07. FAO flag A: Official figure.",,,10-20
farms.faostat-wcad.holdings-by-land-size,CHL,2021,23827.0,,,,final,"WCA 2020 round, census 2021. FAO flag A: Official figure.",,,10-20
farms.faostat-wcad.holdings-by-land-size,CHL,1929/1930,32699.0,,,,final,"WCA 1930 round, census 1929/30. FAO flag I: Value imputed by a receiving agency.",,,20-50
farms.faostat-wcad.holdings-by-land-size,CHL,1964/1965,29360.0,,,,final,"WCA 1960 round, census 1964/65. FAO flag A: Official figure.",,,20-50
farms.faostat-wcad.holdings-by-land-size,CHL,1997,43751.0,,,,final,"WCA 2000 round, census 1997. FAO flag A: Official figure.",,,20-50
farms.faostat-wcad.holdings-by-land-size,CHL,2006/2007,36965.0,,,,final,"WCA 2010 round, census 2006/07. FAO flag A: Official figure.",,,20-50
farms.faostat-wcad.holdings-by-land-size,CHL,2021,18987.0,,,,final,"WCA 2020 round, census 2021. FAO flag A: Official figure.",,,20-50
farms.faostat-wcad.holdings-by-land-size,CHL,1929/1930,8445.0,,,,final,"WCA 1930 round, census 1929/30. FAO flag I: Value imputed by a receiving agency.",,,50-100
farms.faostat-wcad.holdings-by-land-size,CHL,1964/1965,14785.0,,,,final,"WCA 1960 round, census 1964/65. FAO flag A: Official figure.",,,50-100
farms.faostat-wcad.holdings-by-land-size,CHL,1997,18771.0,,,,final,"WCA 2000 round, census 1997. FAO flag A: Official figure.",,,50-100
farms.faostat-wcad.holdings-by-land-size,CHL,2006/2007,14911.0,,,,final,"WCA 2010 round, census 2006/07. FAO flag A: Official figure.",,,50-100
farms.faostat-wcad.holdings-by-land-size,CHL,2021,7771.0,,,,final,"WCA 2020 round, census 2021. FAO flag A: Official figure.",,,50-100
farms.faostat-wcad.holdings-by-land-size,CHL,1929/1930,8429.0,,,,final,"WCA 1930 round, census 1929/30. FAO flag I: Value imputed by a receiving agency.",,,100-200
farms.faostat-wcad.holdings-by-land-size,CHL,1964/1965,9164.0,,,,final,"WCA 1960 round, census 1964/65. FAO flag A: Official figure.",,,100-200
farms.faostat-wcad.holdings-by-land-size,CHL,1997,9855.0,,,,final,"WCA 2000 round, census 1997. FAO flag A: Official figure.",,,100-200
farms.faostat-wcad.holdings-by-land-size,CHL,2006/2007,8149.0,,,,final,"WCA 2010 round, census 2006/07. FAO flag A: Official figure.",,,100-200
farms.faostat-wcad.holdings-by-land-size,CHL,2021,4352.0,,,,final,"WCA 2020 round, census 2021. FAO flag A: Official figure.",,,100-200
farms.faostat-wcad.holdings-by-land-size,CHL,1929/1930,4404.0,,,,final,"WCA 1930 round, census 1929/30. FAO flag I: Value imputed by a receiving agency.",,,200-500
farms.faostat-wcad.holdings-by-land-size,CHL,1964/1965,6998.0,,,,final,"WCA 1960 round, census 1964/65. FAO flag A: Official figure.",,,200-500
farms.faostat-wcad.holdings-by-land-size,CHL,1997,6475.0,,,,final,"WCA 2000 round, census 1997. FAO flag A: Official figure.",,,200-500
farms.faostat-wcad.holdings-by-land-size,CHL,2006/2007,5677.0,,,,final,"WCA 2010 round, census 2006/07. FAO flag A: Official figure.",,,200-500
farms.faostat-wcad.holdings-by-land-size,CHL,2021,3079.0,,,,final,"WCA 2020 round, census 2021. FAO flag A: Official figure.",,,200-500
farms.faostat-wcad.holdings-by-land-size,CHL,1929/1930,2792.0,,,,final,"WCA 1930 round, census 1929/30. FAO flag I: Value imputed by a receiving agency.",,,500-1000
farms.faostat-wcad.holdings-by-land-size,CHL,1964/1965,3156.0,,,,final,"WCA 1960 round, census 1964/65. FAO flag A: Official figure.",,,500-1000
farms.faostat-wcad.holdings-by-land-size,CHL,1997,2355.0,,,,final,"WCA 2000 round, census 1997. FAO flag A: Official figure.",,,500-1000
farms.faostat-wcad.holdings-by-land-size,CHL,2006/2007,2056.0,,,,final,"WCA 2010 round, census 2006/07. FAO flag A: Official figure.",,,500-1000
farms.faostat-wcad.holdings-by-land-size,CHL,2021,1241.0,,,,final,"WCA 2020 round, census 2021. FAO flag A: Official figure.",,,500-1000
farms.faostat-wcad.holdings-by-land-size,CHL,2006/2007,2478.0,,,,final,"WCA 2010 round, census 2006/07. FAO flag A: Official figure.",,,1000-2500
farms.faostat-wcad.holdings-by-land-size,CHL,1929/1930,2624.0,,,,final,"WCA 1930 round, census 1929/30. FAO flag I: Value imputed by a receiving agency.",,,1000-plus
farms.faostat-wcad.holdings-by-land-size,CHL,1964/1965,3324.0,,,,final,"WCA 1960 round, census 1964/65. FAO flag A: Official figure.",,,1000-plus
farms.faostat-wcad.holdings-by-land-size,CHL,1997,2754.0,,,,final,"WCA 2000 round, census 1997. FAO flag A: Official figure.",,,1000-plus
farms.faostat-wcad.holdings-by-land-size,CHL,2021,1465.0,,,,final,"WCA 2020 round, census 2021. FAO flag A: Official figure.",,,1000-plus
farms.faostat-wcad.holdings-by-land-size,CIV,1973/1974,52421.0,,,,final,"WCA 1970 round, census 1973/74. FAO flag A: Official figure.",,,0-1
farms.faostat-wcad.holdings-by-land-size,CIV,2001,470433.0,,,,final,"WCA 2000 round, census 2001. FAO flag I: Value imputed by a receiving agency. FAO's note: Cultivated land.",,,0-1
farms.faostat-wcad.holdings-by-land-size,CIV,1973/1974,89656.0,,,,final,"WCA 1970 round, census 1973/74. FAO flag A: Official figure.",,,1-2
farms.faostat-wcad.holdings-by-land-size,CIV,2001,158933.0,,,,final,"WCA 2000 round, census 2001. FAO flag A: Official figure. FAO's note: Cultivated land",,,1-2
farms.faostat-wcad.holdings-by-land-size,CIV,1973/1974,209414.0,,,,final,"WCA 1970 round, census 1973/74. FAO flag A: Official figure.",,,2-5
farms.faostat-wcad.holdings-by-land-size,CIV,2001,215974.0,,,,final,"WCA 2000 round, census 2001. FAO flag I: Value imputed by a receiving agency. FAO's note: Cultivated land.",,,2-5
farms.faostat-wcad.holdings-by-land-size,CIV,1973/1974,136900.0,,,,final,"WCA 1970 round, census 1973/74. FAO flag A: Official figure.",,,5-10
farms.faostat-wcad.holdings-by-land-size,CIV,2001,148516.0,,,,final,"WCA 2000 round, census 2001. FAO flag A: Official figure. FAO's note: Cultivated land",,,5-10
farms.faostat-wcad.holdings-by-land-size,CIV,1973/1974,51468.0,,,,final,"WCA 1970 round, census 1973/74. FAO flag A: Official figure.",,,10-20
farms.faostat-wcad.holdings-by-land-size,CIV,2001,91416.0,,,,final,"WCA 2000 round, census 2001. FAO flag A: Official figure. FAO's note: Cultivated land",,,10-20
farms.faostat-wcad.holdings-by-land-size,CIV,1973/1974,9564.0,,,,final,"WCA 1970 round, census 1973/74. FAO flag A: Official figure.",,,20-50
farms.faostat-wcad.holdings-by-land-size,CIV,2001,32395.0,,,,final,"WCA 2000 round, census 2001. FAO flag A: Official figure. FAO's note: Cultivated land",,,20-50
farms.faostat-wcad.holdings-by-land-size,CIV,1973/1974,285.0,,,,final,"WCA 1970 round, census 1973/74. FAO flag A: Official figure.",,,50-100
farms.faostat-wcad.holdings-by-land-size,CMR,1972/1973,395141.0,,,,final,"WCA 1970 round, census 1972/73. FAO flag A: Official figure.",,,0-1
farms.faostat-wcad.holdings-by-land-size,CMR,1972/1973,282330.0,,,,final,"WCA 1970 round, census 1972/73. FAO flag A: Official figure.",,,1-2
farms.faostat-wcad.holdings-by-land-size,CMR,1972/1973,215791.0,,,,final,"WCA 1970 round, census 1972/73. FAO flag A: Official figure.",,,2-5
farms.faostat-wcad.holdings-by-land-size,CMR,1972/1973,29555.0,,,,final,"WCA 1970 round, census 1972/73. FAO flag A: Official figure.",,,5-10
farms.faostat-wcad.holdings-by-land-size,CMR,1972/1973,3078.0,,,,final,"WCA 1970 round, census 1972/73. FAO flag A: Official figure.",,,10-20
farms.faostat-wcad.holdings-by-land-size,COD,1971,1052684.0,,,,final,"WCA 1970 round, census 1971. FAO flag A: Official figure.",,,0-1
farms.faostat-wcad.holdings-by-land-size,COD,1990,3882900.0,,,,final,"WCA 1990 round, census 1990. FAO flag A: Official figure. FAO's note: Cultivated area",,,0-1
farms.faostat-wcad.holdings-by-land-size,COD,1971,974056.0,,,,final,"WCA 1970 round, census 1971. FAO flag A: Official figure.",,,1-2
farms.faostat-wcad.holdings-by-land-size,COD,1990,468100.0,,,,final,"WCA 1990 round, census 1990. FAO flag A: Official figure. FAO's note: Cultivated area",,,1-2
farms.faostat-wcad.holdings-by-land-size,COD,1971,479157.0,,,,final,"WCA 1970 round, census 1971. FAO flag A: Official figure.",,,2-5
farms.faostat-wcad.holdings-by-land-size,COD,1990,128600.0,,,,final,"WCA 1990 round, census 1990. FAO flag A: Official figure. FAO's note: Cultivated area",,,2-5
farms.faostat-wcad.holdings-by-land-size,COD,1971,25962.0,,,,final,"WCA 1970 round, census 1971. FAO flag A: Official figure.",,,5-10
farms.faostat-wcad.holdings-by-land-size,COD,1971,4757.0,,,,final,"WCA 1970 round, census 1971. FAO flag A: Official figure.",,,10-20
farms.faostat-wcad.holdings-by-land-size,COD,1971,121.0,,,,final,"WCA 1970 round, census 1971. FAO flag A: Official figure.",,,20-50
farms.faostat-wcad.holdings-by-land-size,COD,1971,144.0,,,,final,"WCA 1970 round, census 1971. FAO flag A: Official figure.",,,50-100
farms.faostat-wcad.holdings-by-land-size,COD,1971,213.0,,,,final,"WCA 1970 round, census 1971. FAO flag I: Value imputed by a receiving agency.",,,100-200
farms.faostat-wcad.holdings-by-land-size,COD,1971,177.0,,,,final,"WCA 1970 round, census 1971. FAO flag I: Value imputed by a receiving agency.",,,200-500
farms.faostat-wcad.holdings-by-land-size,COD,1971,82.0,,,,final,"WCA 1970 round, census 1971. FAO flag A: Official figure.",,,500-1000
farms.faostat-wcad.holdings-by-land-size,COD,1971,149.0,,,,final,"WCA 1970 round, census 1971. FAO flag A: Official figure.",,,1000-plus
farms.faostat-wcad.holdings-by-land-size,COG,1972/1973,53570.0,,,,final,"WCA 1970 round, census 1972/73. FAO flag A: Official figure.",,,0-1
farms.faostat-wcad.holdings-by-land-size,COG,2014/2015,145268.0,,,,final,"WCA 2010 round, census 2014/15. FAO flag A: Official figure.",,,0-1
farms.faostat-wcad.holdings-by-land-size,COG,1972/1973,64552.0,,,,final,"WCA 1970 round, census 1972/73. FAO flag A: Official figure.",,,1-2
farms.faostat-wcad.holdings-by-land-size,COG,2014/2015,63257.0,,,,final,"WCA 2010 round, census 2014/15. FAO flag A: Official figure.",,,1-2
farms.faostat-wcad.holdings-by-land-size,COG,2014/2015,28684.0,,,,final,"WCA 2010 round, census 2014/15. FAO flag A: Official figure.",,,2-3
farms.faostat-wcad.holdings-by-land-size,COG,2014/2015,9939.0,,,,final,"WCA 2010 round, census 2014/15. FAO flag I: Value imputed by a receiving agency.",,,3-4
farms.faostat-wcad.holdings-by-land-size,COG,2014/2015,7092.0,,,,final,"WCA 2010 round, census 2014/15. FAO flag I: Value imputed by a receiving agency.",,,4-5
farms.faostat-wcad.holdings-by-land-size,COG,1972/1973,24716.0,,,,final,"WCA 1970 round, census 1972/73. FAO flag A: Official figure.",,,2-5
farms.faostat-wcad.holdings-by-land-size,COG,1972/1973,647.0,,,,final,"WCA 1970 round, census 1972/73. FAO flag A: Official figure.",,,5-10
farms.faostat-wcad.holdings-by-land-size,COG,2014/2015,7080.0,,,,final,"WCA 2010 round, census 2014/15. FAO flag A: Official figure.",,,5-10
farms.faostat-wcad.holdings-by-land-size,COG,2014/2015,3454.0,,,,final,"WCA 2010 round, census 2014/15. FAO flag A: Official figure.",,,10-20
farms.faostat-wcad.holdings-by-land-size,COK,1988,1286.0,,,,final,"WCA 1990 round, census 1988. FAO flag A: Official figure.",,,0-1
farms.faostat-wcad.holdings-by-land-size,COK,2000,1403.0,,,,final,"WCA 2000 round, census 2000. FAO flag I: Value imputed by a receiving agency. FAO's note: Agricultural area.",,,0-1
farms.faostat-wcad.holdings-by-land-size,COK,2011,792.0,,,,final,"WCA 2010 round, census 2011. FAO flag A: Official figure.",,,0-1
farms.faostat-wcad.holdings-by-land-size,COK,1988,497.0,,,,final,"WCA 1990 round, census 1988. FAO flag A: Official figure.",,,1-2
farms.faostat-wcad.holdings-by-land-size,COK,2000,236.0,,,,final,"WCA 2000 round, census 2000. FAO flag I: Value imputed by a receiving agency. FAO's note: Agricultural area.",,,1-2
farms.faostat-wcad.holdings-by-land-size,COK,2011,257.0,,,,final,"WCA 2010 round, census 2011. FAO flag A: Official figure.",,,1-2
farms.faostat-wcad.holdings-by-land-size,COK,2011,79.0,,,,final,"WCA 2010 round, census 2011. FAO flag I: Value imputed by a receiving agency.",,,2-3
farms.faostat-wcad.holdings-by-land-size,COK,2011,59.0,,,,final,"WCA 2010 round, census 2011. FAO flag I: Value imputed by a receiving agency.",,,3-4
farms.faostat-wcad.holdings-by-land-size,COK,2011,42.0,,,,final,"WCA 2010 round, census 2011. FAO flag I: Value imputed by a receiving agency.",,,4-5
farms.faostat-wcad.holdings-by-land-size,COK,1988,406.0,,,,final,"WCA 1990 round, census 1988. FAO flag A: Official figure.",,,2-5
farms.faostat-wcad.holdings-by-land-size,COK,2000,82.0,,,,final,"WCA 2000 round, census 2000. FAO flag I: Value imputed by a receiving agency. FAO's note: Agricultural area.",,,2-5
farms.faostat-wcad.holdings-by-land-size,COK,2011,40.0,,,,final,"WCA 2010 round, census 2011. FAO flag A: Official figure.",,,5-10
farms.faostat-wcad.holdings-by-land-size,COL,1960,298071.0,,,,final,"WCA 1960 round, census 1960. FAO flag A: Official figure.",,,0-1
farms.faostat-wcad.holdings-by-land-size,COL,1988,297681.0,,,,final,"WCA 1990 round, census 1988. FAO flag A: Official figure.",,,0-1
farms.faostat-wcad.holdings-by-land-size,COL,2001,366244.0,,,,final,"WCA 2000 round, census 2001. FAO flag A: Official figure.",,,0-1
farms.faostat-wcad.holdings-by-land-size,COL,2014,319396.0,,,,final,"WCA 2010 round, census 2014. FAO flag I: Value imputed by a receiving agency.",,,0-1
farms.faostat-wcad.holdings-by-land-size,COL,1960,191347.0,,,,final,"WCA 1960 round, census 1960. FAO flag A: Official figure.",,,1-2
farms.faostat-wcad.holdings-by-land-size,COL,1988,185142.0,,,,final,"WCA 1990 round, census 1988. FAO flag A: Official figure.",,,1-2
farms.faostat-wcad.holdings-by-land-size,COL,2001,273360.0,,,,final,"WCA 2000 round, census 2001. FAO flag I: Value imputed by a receiving agency.",,,1-2
farms.faostat-wcad.holdings-by-land-size,COL,2014,371466.0,,,,final,"WCA 2010 round, census 2014. FAO flag I: Value imputed by a receiving agency.",,,1-2
farms.faostat-wcad.holdings-by-land-size,COL,2014,349587.0,,,,final,"WCA 2010 round, census 2014. FAO flag I: Value imputed by a receiving agency.",,,2-3
farms.faostat-wcad.holdings-by-land-size,COL,2014,325361.0,,,,final,"WCA 2010 round, census 2014. FAO flag I: Value imputed by a receiving agency.",,,3-4
farms.faostat-wcad.holdings-by-land-size,COL,2014,303478.0,,,,final,"WCA 2010 round, census 2014. FAO flag I: Value imputed by a receiving agency.",,,4-5
farms.faostat-wcad.holdings-by-land-size,COL,1960,267187.0,,,,final,"WCA 1960 round, census 1960. FAO flag A: Official figure.",,,2-5
farms.faostat-wcad.holdings-by-land-size,COL,1988,315796.0,,,,final,"WCA 1990 round, census 1988. FAO flag A: Official figure.",,,2-5
farms.faostat-wcad.holdings-by-land-size,COL,2001,428302.0,,,,final,"WCA 2000 round, census 2001. FAO flag I: Value imputed by a receiving agency.",,,2-5
farms.faostat-wcad.holdings-by-land-size,COL,1960,169145.0,,,,final,"WCA 1960 round, census 1960. FAO flag A: Official figure.",,,5-10
farms.faostat-wcad.holdings-by-land-size,COL,1988,232498.0,,,,final,"WCA 1990 round, census 1988. FAO flag A: Official figure.",,,5-10
farms.faostat-wcad.holdings-by-land-size,COL,2001,291752.0,,,,final,"WCA 2000 round, census 2001. FAO flag A: Official figure.",,,5-10
farms.faostat-wcad.holdings-by-land-size,COL,2014,253349.0,,,,final,"WCA 2010 round, census 2014. FAO flag A: Official figure.",,,5-10
farms.faostat-wcad.holdings-by-land-size,COL,1960,114231.0,,,,final,"WCA 1960 round, census 1960. FAO flag A: Official figure.",,,10-20
farms.faostat-wcad.holdings-by-land-size,COL,1988,182621.0,,,,final,"WCA 1990 round, census 1988. FAO flag A: Official figure.",,,10-20
farms.faostat-wcad.holdings-by-land-size,COL,2001,225238.0,,,,final,"WCA 2000 round, census 2001. FAO flag A: Official figure.",,,10-20
farms.faostat-wcad.holdings-by-land-size,COL,2014,118605.0,,,,final,"WCA 2010 round, census 2014. FAO flag I: Value imputed by a receiving agency.",,,10-20
farms.faostat-wcad.holdings-by-land-size,COL,1960,86789.0,,,,final,"WCA 1960 round, census 1960. FAO flag A: Official figure.",,,20-50
farms.faostat-wcad.holdings-by-land-size,COL,1988,167864.0,,,,final,"WCA 1990 round, census 1988. FAO flag A: Official figure.",,,20-50
farms.faostat-wcad.holdings-by-land-size,COL,2001,219912.0,,,,final,"WCA 2000 round, census 2001. FAO flag A: Official figure.",,,20-50
farms.faostat-wcad.holdings-by-land-size,COL,2014,209547.0,,,,final,"WCA 2010 round, census 2014. FAO flag I: Value imputed by a receiving agency.",,,20-50
farms.faostat-wcad.holdings-by-land-size,COL,1960,39990.0,,,,final,"WCA 1960 round, census 1960. FAO flag A: Official figure.",,,50-100
farms.faostat-wcad.holdings-by-land-size,COL,1988,88304.0,,,,final,"WCA 1990 round, census 1988. FAO flag A: Official figure.",,,50-100
farms.faostat-wcad.holdings-by-land-size,COL,2001,108715.0,,,,final,"WCA 2000 round, census 2001. FAO flag A: Official figure.",,,50-100
farms.faostat-wcad.holdings-by-land-size,COL,2014,60394.0,,,,final,"WCA 2010 round, census 2014. FAO flag A: Official figure.",,,50-100
farms.faostat-wcad.holdings-by-land-size,COL,1960,22317.0,,,,final,"WCA 1960 round, census 1960. FAO flag A: Official figure.",,,100-200
farms.faostat-wcad.holdings-by-land-size,COL,1988,48230.0,,,,final,"WCA 1990 round, census 1988. FAO flag A: Official figure.",,,100-200
farms.faostat-wcad.holdings-by-land-size,COL,2001,55906.0,,,,final,"WCA 2000 round, census 2001. FAO flag A: Official figure.",,,100-200
farms.faostat-wcad.holdings-by-land-size,COL,2014,21712.0,,,,final,"WCA 2010 round, census 2014. FAO flag I: Value imputed by a receiving agency.",,,100-200
farms.faostat-wcad.holdings-by-land-size,COL,1960,13693.0,,,,final,"WCA 1960 round, census 1960. FAO flag A: Official figure.",,,200-500
farms.faostat-wcad.holdings-by-land-size,COL,1988,23707.0,,,,final,"WCA 1990 round, census 1988. FAO flag A: Official figure.",,,200-500
farms.faostat-wcad.holdings-by-land-size,COL,2001,40797.0,,,,final,"WCA 2000 round, census 2001. FAO flag A: Official figure.",,,200-500
farms.faostat-wcad.holdings-by-land-size,COL,2014,25915.0,,,,final,"WCA 2010 round, census 2014. FAO flag I: Value imputed by a receiving agency.",,,200-500
farms.faostat-wcad.holdings-by-land-size,COL,1960,4141.0,,,,final,"WCA 1960 round, census 1960. FAO flag A: Official figure.",,,500-1000
farms.faostat-wcad.holdings-by-land-size,COL,1988,4233.0,,,,final,"WCA 1990 round, census 1988. FAO flag A: Official figure.",,,500-1000
farms.faostat-wcad.holdings-by-land-size,COL,2001,11669.0,,,,final,"WCA 2000 round, census 2001. FAO flag A: Official figure.",,,500-1000
farms.faostat-wcad.holdings-by-land-size,COL,2014,5448.0,,,,final,"WCA 2010 round, census 2014. FAO flag A: Official figure.",,,500-1000
farms.faostat-wcad.holdings-by-land-size,COL,2014,5842.0,,,,final,"WCA 2010 round, census 2014. FAO flag A: Official figure.",,,1000-2500
farms.faostat-wcad.holdings-by-land-size,COL,1960,2761.0,,,,final,"WCA 1960 round, census 1960. FAO flag A: Official figure.",,,1000-plus
farms.faostat-wcad.holdings-by-land-size,COL,1988,1770.0,,,,final,"WCA 1990 round, census 1988. FAO flag A: Official figure.",,,1000-plus
farms.faostat-wcad.holdings-by-land-size,CPV,2015,23005.0,,,,final,"WCA 2010 round, census 2015. FAO flag A: Official figure.",,,0-1
farms.faostat-wcad.holdings-by-land-size,CPV,2015,7019.0,,,,final,"WCA 2010 round, census 2015. FAO flag A: Official figure.",,,1-2
farms.faostat-wcad.holdings-by-land-size,CPV,2015,1361.0,,,,final,"WCA 2010 round, census 2015. FAO flag I: Value imputed by a receiving agency.",,,2-3
farms.faostat-wcad.holdings-by-land-size,CPV,2015,1149.0,,,,final,"WCA 2010 round, census 2015. FAO flag I: Value imputed by a receiving agency.",,,3-4
farms.faostat-wcad.holdings-by-land-size,CPV,2015,995.0,,,,final,"WCA 2010 round, census 2015. FAO flag I: Value imputed by a receiving agency.",,,4-5
farms.faostat-wcad.holdings-by-land-size,CPV,2015,380.0,,,,final,"WCA 2010 round, census 2015. FAO flag A: Official figure.",,,5-10
farms.faostat-wcad.holdings-by-land-size,CPV,2015,90.0,,,,final,"WCA 2010 round, census 2015. FAO flag A: Official figure.",,,10-20
farms.faostat-wcad.holdings-by-land-size,CPV,2015,23.0,,,,final,"WCA 2010 round, census 2015. FAO flag A: Official figure.",,,20-50
farms.faostat-wcad.holdings-by-land-size,CPV,2015,7.0,,,,final,"WCA 2010 round, census 2015. FAO flag A: Official figure.",,,50-100
farms.faostat-wcad.holdings-by-land-size,CPV,2015,1.0,,,,final,"WCA 2010 round, census 2015. FAO flag A: Official figure.",,,100-200
farms.faostat-wcad.holdings-by-land-size,CPV,2015,3.0,,,,final,"WCA 2010 round, census 2015. FAO flag A: Official figure.",,,200-500
farms.faostat-wcad.holdings-by-land-size,CRI,1950,805.0,,,,final,"WCA 1950 round, census 1950. FAO flag I: Value imputed by a receiving agency.",,,0-1
farms.faostat-wcad.holdings-by-land-size,CRI,1963,3472.0,,,,final,"WCA 1960 round, census 1963. FAO flag A: Official figure.",,,0-1
farms.faostat-wcad.holdings-by-land-size,CRI,1973,14413.0,,,,final,"WCA 1970 round, census 1973. FAO flag A: Official figure.",,,0-1
farms.faostat-wcad.holdings-by-land-size,CRI,2014,13683.0,,,,final,"WCA 2010 round, census 2014. FAO flag A: Official figure.",,,0-1
farms.faostat-wcad.holdings-by-land-size,CRI,1950,3019.0,,,,final,"WCA 1950 round, census 1950. FAO flag I: Value imputed by a receiving agency.",,,1-2
farms.faostat-wcad.holdings-by-land-size,CRI,1963,6622.0,,,,final,"WCA 1960 round, census 1963. FAO flag A: Official figure.",,,1-2
farms.faostat-wcad.holdings-by-land-size,CRI,1973,7522.0,,,,final,"WCA 1970 round, census 1973. FAO flag A: Official figure.",,,1-2
farms.faostat-wcad.holdings-by-land-size,CRI,2014,11356.0,,,,final,"WCA 2010 round, census 2014. FAO flag A: Official figure.",,,1-2
farms.faostat-wcad.holdings-by-land-size,CRI,2014,8673.0,,,,final,"WCA 2010 round, census 2014. FAO flag A: Official figure.",,,2-3
farms.faostat-wcad.holdings-by-land-size,CRI,2014,6089.0,,,,final,"WCA 2010 round, census 2014. FAO flag A: Official figure.",,,3-4
farms.faostat-wcad.holdings-by-land-size,CRI,2014,5556.0,,,,final,"WCA 2010 round, census 2014. FAO flag A: Official figure.",,,4-5
farms.faostat-wcad.holdings-by-land-size,CRI,1950,9345.0,,,,final,"WCA 1950 round, census 1950. FAO flag I: Value imputed by a receiving agency.",,,2-5
farms.faostat-wcad.holdings-by-land-size,CRI,1963,13376.0,,,,final,"WCA 1960 round, census 1963. FAO flag A: Official figure.",,,2-5
farms.faostat-wcad.holdings-by-land-size,CRI,1973,13308.0,,,,final,"WCA 1970 round, census 1973. FAO flag A: Official figure.",,,2-5
farms.faostat-wcad.holdings-by-land-size,CRI,1950,9060.0,,,,final,"WCA 1950 round, census 1950. FAO flag I: Value imputed by a receiving agency.",,,5-10
farms.faostat-wcad.holdings-by-land-size,CRI,1963,9616.0,,,,final,"WCA 1960 round, census 1963. FAO flag A: Official figure.",,,5-10
farms.faostat-wcad.holdings-by-land-size,CRI,1973,9095.0,,,,final,"WCA 1970 round, census 1973. FAO flag A: Official figure.",,,5-10
farms.faostat-wcad.holdings-by-land-size,CRI,2014,14453.0,,,,final,"WCA 2010 round, census 2014. FAO flag A: Official figure.",,,5-10
farms.faostat-wcad.holdings-by-land-size,CRI,1950,6672.0,,,,final,"WCA 1950 round, census 1950. FAO flag I: Value imputed by a receiving agency.",,,10-20
farms.faostat-wcad.holdings-by-land-size,CRI,1963,9480.0,,,,final,"WCA 1960 round, census 1963. FAO flag A: Official figure.",,,10-20
farms.faostat-wcad.holdings-by-land-size,CRI,1973,8777.0,,,,final,"WCA 1970 round, census 1973. FAO flag A: Official figure.",,,10-20
farms.faostat-wcad.holdings-by-land-size,CRI,2014,10755.0,,,,final,"WCA 2010 round, census 2014. FAO flag A: Official figure.",,,10-20
farms.faostat-wcad.holdings-by-land-size,CRI,1950,8059.0,,,,final,"WCA 1950 round, census 1950. FAO flag I: Value imputed by a receiving agency.",,,20-50
farms.faostat-wcad.holdings-by-land-size,CRI,1963,12265.0,,,,final,"WCA 1960 round, census 1963. FAO flag A: Official figure.",,,20-50
farms.faostat-wcad.holdings-by-land-size,CRI,1973,12436.0,,,,final,"WCA 1970 round, census 1973. FAO flag A: Official figure.",,,20-50
farms.faostat-wcad.holdings-by-land-size,CRI,2014,10034.0,,,,final,"WCA 2010 round, census 2014. FAO flag A: Official figure.",,,20-50
farms.faostat-wcad.holdings-by-land-size,CRI,1950,3486.0,,,,final,"WCA 1950 round, census 1950. FAO flag I: Value imputed by a receiving agency.",,,50-100
farms.faostat-wcad.holdings-by-land-size,CRI,1963,5473.0,,,,final,"WCA 1960 round, census 1963. FAO flag A: Official figure.",,,50-100
farms.faostat-wcad.holdings-by-land-size,CRI,1973,5801.0,,,,final,"WCA 1970 round, census 1973. FAO flag A: Official figure.",,,50-100
farms.faostat-wcad.holdings-by-land-size,CRI,2014,4774.0,,,,final,"WCA 2010 round, census 2014. FAO flag A: Official figure.",,,50-100
farms.faostat-wcad.holdings-by-land-size,CRI,1950,1559.0,,,,final,"WCA 1950 round, census 1950. FAO flag I: Value imputed by a receiving agency.",,,100-200
farms.faostat-wcad.holdings-by-land-size,CRI,1963,2333.0,,,,final,"WCA 1960 round, census 1963. FAO flag A: Official figure.",,,100-200
farms.faostat-wcad.holdings-by-land-size,CRI,1973,2922.0,,,,final,"WCA 1970 round, census 1973. FAO flag A: Official figure.",,,100-200
farms.faostat-wcad.holdings-by-land-size,CRI,2014,2383.0,,,,final,"WCA 2010 round, census 2014. FAO flag A: Official figure.",,,100-200
farms.faostat-wcad.holdings-by-land-size,CRI,1950,665.0,,,,final,"WCA 1950 round, census 1950. FAO flag I: Value imputed by a receiving agency.",,,200-500
farms.faostat-wcad.holdings-by-land-size,CRI,1963,1376.0,,,,final,"WCA 1960 round, census 1963. FAO flag A: Official figure.",,,200-500
farms.faostat-wcad.holdings-by-land-size,CRI,1973,1929.0,,,,final,"WCA 1970 round, census 1973. FAO flag A: Official figure.",,,200-500
farms.faostat-wcad.holdings-by-land-size,CRI,2014,2146.0,,,,final,"WCA 2010 round, census 2014. FAO flag A: Official figure.",,,200-500
farms.faostat-wcad.holdings-by-land-size,CRI,1950,249.0,,,,final,"WCA 1950 round, census 1950. FAO flag I: Value imputed by a receiving agency.",,,500-1000
farms.faostat-wcad.holdings-by-land-size,CRI,1963,362.0,,,,final,"WCA 1960 round, census 1963. FAO flag A: Official figure.",,,500-1000
farms.faostat-wcad.holdings-by-land-size,CRI,1973,495.0,,,,final,"WCA 1970 round, census 1973. FAO flag A: Official figure.",,,500-1000
farms.faostat-wcad.holdings-by-land-size,CRI,1950,169.0,,,,final,"WCA 1950 round, census 1950. FAO flag I: Value imputed by a receiving agency.",,,1000-plus
farms.faostat-wcad.holdings-by-land-size,CRI,1963,246.0,,,,final,"WCA 1960 round, census 1963. FAO flag A: Official figure.",,,1000-plus
farms.faostat-wcad.holdings-by-land-size,CRI,1973,300.0,,,,final,"WCA 1970 round, census 1973. FAO flag A: Official figure.",,,1000-plus
farms.faostat-wcad.holdings-by-land-size,CYP,1977,14286.0,,,,final,"WCA 1980 round, census 1977. FAO flag A: Official figure.",,,0-1
farms.faostat-wcad.holdings-by-land-size,CYP,2003,24780.0,,,,final,"WCA 2000 round, census 2003. FAO flag I: Value imputed by a receiving agency. FAO's note: Agricultural area. Utilized agricultural area",,,0-1
farms.faostat-wcad.holdings-by-land-size,CYP,2010,9458.0,,,,final,"WCA 2010 round, census 2010. FAO flag I: Value imputed by a receiving agency. FAO's note: UAA",,,0-1
farms.faostat-wcad.holdings-by-land-size,CYP,2020,7906.0,,,,final,"WCA 2020 round, census 2020. FAO flag I: Value imputed by a receiving agency. FAO's note: UAA",,,0-1
farms.faostat-wcad.holdings-by-land-size,CYP,1977,5228.0,,,,final,"WCA 1980 round, census 1977. FAO flag A: Official figure.",,,1-2
farms.faostat-wcad.holdings-by-land-size,CYP,1994,31308.0,,,,final,"WCA 1990 round, census 1994. FAO flag A: Official figure.",,,1-2
farms.faostat-wcad.holdings-by-land-size,CYP,2003,7546.0,,,,final,"WCA 2000 round, census 2003. FAO flag I: Value imputed by a receiving agency. FAO's note: Agricultural area. Utilized agricultural area",,,1-2
farms.faostat-wcad.holdings-by-land-size,CYP,2010,19252.0,,,,final,"WCA 2010 round, census 2010. FAO flag I: Value imputed by a receiving agency. FAO's note: UAA",,,1-2
farms.faostat-wcad.holdings-by-land-size,CYP,2020,16094.0,,,,final,"WCA 2020 round, census 2020. FAO flag I: Value imputed by a receiving agency. FAO's note: UAA",,,1-2
farms.faostat-wcad.holdings-by-land-size,CYP,2010,1905.0,,,,final,"WCA 2010 round, census 2010. FAO flag I: Value imputed by a receiving agency. FAO's note: UAA",,,2-3
farms.faostat-wcad.holdings-by-land-size,CYP,2020,1834.0,,,,final,"WCA 2020 round, census 2020. FAO flag I: Value imputed by a receiving agency. FAO's note: UAA",,,2-3
farms.faostat-wcad.holdings-by-land-size,CYP,2010,1895.0,,,,final,"WCA 2010 round, census 2010. FAO flag I: Value imputed by a receiving agency. FAO's note: UAA",,,3-4
farms.faostat-wcad.holdings-by-land-size,CYP,2020,1824.0,,,,final,"WCA 2020 round, census 2020. FAO flag I: Value imputed by a receiving agency. FAO's note: UAA",,,3-4
farms.faostat-wcad.holdings-by-land-size,CYP,2010,1820.0,,,,final,"WCA 2010 round, census 2010. FAO flag I: Value imputed by a receiving agency. FAO's note: UAA",,,4-5
farms.faostat-wcad.holdings-by-land-size,CYP,2020,1752.0,,,,final,"WCA 2020 round, census 2020. FAO flag I: Value imputed by a receiving agency. FAO's note: UAA",,,4-5
farms.faostat-wcad.holdings-by-land-size,CYP,1977,13782.0,,,,final,"WCA 1980 round, census 1977. FAO flag A: Official figure.",,,2-5
farms.faostat-wcad.holdings-by-land-size,CYP,1994,12336.0,,,,final,"WCA 1990 round, census 1994. FAO flag A: Official figure.",,,2-5
farms.faostat-wcad.holdings-by-land-size,CYP,2003,7240.0,,,,final,"WCA 2000 round, census 2003. FAO flag I: Value imputed by a receiving agency. FAO's note: Agricultural area. Utilized agricultural area",,,2-5
farms.faostat-wcad.holdings-by-land-size,CYP,1977,6998.0,,,,final,"WCA 1980 round, census 1977. FAO flag A: Official figure.",,,5-10
farms.faostat-wcad.holdings-by-land-size,CYP,1994,5427.0,,,,final,"WCA 1990 round, census 1994. FAO flag A: Official figure.",,,5-10
farms.faostat-wcad.holdings-by-land-size,CYP,2003,2850.0,,,,final,"WCA 2000 round, census 2003. FAO flag I: Value imputed by a receiving agency. FAO's note: Agricultural area. Utilized agricultural area",,,5-10
farms.faostat-wcad.holdings-by-land-size,CYP,2010,2030.0,,,,final,"WCA 2010 round, census 2010. FAO flag A: Official figure. FAO's note: UAA",,,5-10
farms.faostat-wcad.holdings-by-land-size,CYP,2020,2010.0,,,,final,"WCA 2020 round, census 2020. FAO flag A: Official figure. FAO's note: UAA",,,5-10
farms.faostat-wcad.holdings-by-land-size,CYP,1977,2673.0,,,,final,"WCA 1980 round, census 1977. FAO flag A: Official figure.",,,10-20
farms.faostat-wcad.holdings-by-land-size,CYP,1994,1982.0,,,,final,"WCA 1990 round, census 1994. FAO flag A: Official figure.",,,10-20
farms.faostat-wcad.holdings-by-land-size,CYP,2003,1522.0,,,,final,"WCA 2000 round, census 2003. FAO flag I: Value imputed by a receiving agency. FAO's note: Agricultural area. Utilized agricultural area",,,10-20
farms.faostat-wcad.holdings-by-land-size,CYP,2010,1010.0,,,,final,"WCA 2010 round, census 2010. FAO flag A: Official figure. FAO's note: UAA",,,10-20
farms.faostat-wcad.holdings-by-land-size,CYP,2020,1040.0,,,,final,"WCA 2020 round, census 2020. FAO flag A: Official figure. FAO's note: UAA",,,10-20
farms.faostat-wcad.holdings-by-land-size,CYP,1977,588.0,,,,final,"WCA 1980 round, census 1977. FAO flag I: Value imputed by a receiving agency.",,,20-50
farms.faostat-wcad.holdings-by-land-size,CYP,1994,789.0,,,,final,"WCA 1990 round, census 1994. FAO flag A: Official figure.",,,20-50
farms.faostat-wcad.holdings-by-land-size,CYP,2003,845.0,,,,final,"WCA 2000 round, census 2003. FAO flag A: Official figure. FAO's note: Agricultural area. Utilized agricultural area",,,20-50
farms.faostat-wcad.holdings-by-land-size,CYP,2010,660.0,,,,final,"WCA 2010 round, census 2010. FAO flag A: Official figure. FAO's note: UAA",,,20-50
farms.faostat-wcad.holdings-by-land-size,CYP,2020,760.0,,,,final,"WCA 2020 round, census 2020. FAO flag A: Official figure. FAO's note: UAA",,,20-50
farms.faostat-wcad.holdings-by-land-size,CYP,1977,185.0,,,,final,"WCA 1980 round, census 1977. FAO flag I: Value imputed by a receiving agency.",,,50-100
farms.faostat-wcad.holdings-by-land-size,CYP,1994,170.0,,,,final,"WCA 1990 round, census 1994. FAO flag A: Official figure.",,,50-100
farms.faostat-wcad.holdings-by-land-size,CYP,2003,256.0,,,,final,"WCA 2000 round, census 2003. FAO flag A: Official figure. FAO's note: Agricultural area. Utilized agricultural area",,,50-100
farms.faostat-wcad.holdings-by-land-size,CYP,2010,220.0,,,,final,"WCA 2010 round, census 2010. FAO flag A: Official figure. FAO's note: UAA",,,50-100
farms.faostat-wcad.holdings-by-land-size,CYP,2020,300.0,,,,final,"WCA 2020 round, census 2020. FAO flag A: Official figure. FAO's note: UAA",,,50-100
farms.faostat-wcad.holdings-by-land-size,CYP,1977,67.0,,,,final,"WCA 1980 round, census 1977. FAO flag I: Value imputed by a receiving agency.",,,100-200
farms.faostat-wcad.holdings-by-land-size,CYP,1994,77.0,,,,final,"WCA 1990 round, census 1994. FAO flag A: Official figure.",,,100-200
farms.faostat-wcad.holdings-by-land-size,CYP,2003,160.0,,,,final,"WCA 2000 round, census 2003. FAO flag A: Official figure. FAO's note: Agricultural area. Utilized agricultural area",,,100-200
farms.faostat-wcad.holdings-by-land-size,CYP,2010,120.0,,,,final,"WCA 2010 round, census 2010. FAO flag A: Official figure. FAO's note: UAA",,,100-200
farms.faostat-wcad.holdings-by-land-size,CYP,2020,160.0,,,,final,"WCA 2020 round, census 2020. FAO flag A: Official figure. FAO's note: UAA",,,100-200
farms.faostat-wcad.holdings-by-land-size,CZE,2000,16368.0,,,,final,"WCA 2000 round, census 2000. FAO flag A: Official figure. FAO's note: Agricultural area",,,0-1
farms.faostat-wcad.holdings-by-land-size,CZE,2010,652.0,,,,final,"WCA 2010 round, census 2010. FAO flag I: Value imputed by a receiving agency. FAO's note: UAA",,,0-1
farms.faostat-wcad.holdings-by-land-size,CZE,2020,1354.0,,,,final,"WCA 2020 round, census 2020. FAO flag I: Value imputed by a receiving agency. FAO's note: UAA",,,0-1
farms.faostat-wcad.holdings-by-land-size,CZE,2000,8697.0,,,,final,"WCA 2000 round, census 2000. FAO flag A: Official figure. FAO's note: Agricultural area",,,1-2
farms.faostat-wcad.holdings-by-land-size,CZE,2010,1328.0,,,,final,"WCA 2010 round, census 2010. FAO flag I: Value imputed by a receiving agency. FAO's note: UAA",,,1-2
farms.faostat-wcad.holdings-by-land-size,CZE,2020,2756.0,,,,final,"WCA 2020 round, census 2020. FAO flag I: Value imputed by a receiving agency. FAO's note: UAA",,,1-2
farms.faostat-wcad.holdings-by-land-size,CZE,2010,427.0,,,,final,"WCA 2010 round, census 2010. FAO flag I: Value imputed by a receiving agency. FAO's note: UAA",,,2-3
farms.faostat-wcad.holdings-by-land-size,CZE,2020,922.0,,,,final,"WCA 2020 round, census 2020. FAO flag I: Value imputed by a receiving agency. FAO's note: UAA",,,2-3
farms.faostat-wcad.holdings-by-land-size,CZE,2010,425.0,,,,final,"WCA 2010 round, census 2010. FAO flag I: Value imputed by a receiving agency. FAO's note: UAA",,,3-4
farms.faostat-wcad.holdings-by-land-size,CZE,2020,917.0,,,,final,"WCA 2020 round, census 2020. FAO flag I: Value imputed by a receiving agency. FAO's note: UAA",,,3-4
farms.faostat-wcad.holdings-by-land-size,CZE,2010,408.0,,,,final,"WCA 2010 round, census 2010. FAO flag I: Value imputed by a receiving agency. FAO's note: UAA",,,4-5
farms.faostat-wcad.holdings-by-land-size,CZE,2020,881.0,,,,final,"WCA 2020 round, census 2020. FAO flag I: Value imputed by a receiving agency. FAO's note: UAA",,,4-5
farms.faostat-wcad.holdings-by-land-size,CZE,2000,9722.0,,,,final,"WCA 2000 round, census 2000. FAO flag A: Official figure. FAO's note: Agricultural area",,,2-5
farms.faostat-wcad.holdings-by-land-size,CZE,2000,6225.0,,,,final,"WCA 2000 round, census 2000. FAO flag A: Official figure. FAO's note: Agricultural area",,,5-10
farms.faostat-wcad.holdings-by-land-size,CZE,2010,4180.0,,,,final,"WCA 2010 round, census 2010. FAO flag A: Official figure. FAO's note: UAA",,,5-10
farms.faostat-wcad.holdings-by-land-size,CZE,2020,4390.0,,,,final,"WCA 2020 round, census 2020. FAO flag A: Official figure. FAO's note: UAA",,,5-10
farms.faostat-wcad.holdings-by-land-size,CZE,2000,5345.0,,,,final,"WCA 2000 round, census 2000. FAO flag A: Official figure. FAO's note: Agricultural area",,,10-20
farms.faostat-wcad.holdings-by-land-size,CZE,2010,3950.0,,,,final,"WCA 2010 round, census 2010. FAO flag A: Official figure. FAO's note: UAA",,,10-20
farms.faostat-wcad.holdings-by-land-size,CZE,2020,4300.0,,,,final,"WCA 2020 round, census 2020. FAO flag A: Official figure. FAO's note: UAA",,,10-20
farms.faostat-wcad.holdings-by-land-size,CZE,2000,4379.0,,,,final,"WCA 2000 round, census 2000. FAO flag A: Official figure. FAO's note: Agricultural area",,,20-50
farms.faostat-wcad.holdings-by-land-size,CZE,2010,4370.0,,,,final,"WCA 2010 round, census 2010. FAO flag A: Official figure. FAO's note: UAA",,,20-50
farms.faostat-wcad.holdings-by-land-size,CZE,2020,4890.0,,,,final,"WCA 2020 round, census 2020. FAO flag A: Official figure. FAO's note: UAA",,,20-50
farms.faostat-wcad.holdings-by-land-size,CZE,2000,1844.0,,,,final,"WCA 2000 round, census 2000. FAO flag A: Official figure. FAO's note: Agricultural area",,,50-100
farms.faostat-wcad.holdings-by-land-size,CZE,2010,2420.0,,,,final,"WCA 2010 round, census 2010. FAO flag A: Official figure. FAO's note: UAA",,,50-100
farms.faostat-wcad.holdings-by-land-size,CZE,2020,3030.0,,,,final,"WCA 2020 round, census 2020. FAO flag A: Official figure. FAO's note: UAA",,,50-100
farms.faostat-wcad.holdings-by-land-size,CZE,2000,1105.0,,,,final,"WCA 2000 round, census 2000. FAO flag A: Official figure. FAO's note: Agricultural area",,,100-200
farms.faostat-wcad.holdings-by-land-size,CZE,2010,4420.0,,,,final,"WCA 2010 round, census 2010. FAO flag A: Official figure. FAO's note: UAA",,,100-200
farms.faostat-wcad.holdings-by-land-size,CZE,2020,5000.0,,,,final,"WCA 2020 round, census 2020. FAO flag A: Official figure. FAO's note: UAA",,,100-200
farms.faostat-wcad.holdings-by-land-size,CZE,2000,902.0,,,,final,"WCA 2000 round, census 2000. FAO flag A: Official figure. FAO's note: Agricultural area",,,200-500
farms.faostat-wcad.holdings-by-land-size,CZE,2000,752.0,,,,final,"WCA 2000 round, census 2000. FAO flag A: Official figure. FAO's note: Agricultural area",,,500-1000
farms.faostat-wcad.holdings-by-land-size,CZE,2000,1148.0,,,,final,"WCA 2000 round, census 2000. FAO flag A: Official figure. FAO's note: Agricultural area",,,1000-plus
farms.faostat-wcad.holdings-by-land-size,DEU,1933,5745302.0,,,,final,"WCA 1930 round, census 1933. FAO flag A: Official figure.",,,0-1
farms.faostat-wcad.holdings-by-land-size,DEU,1949,287923.0,,,,final,"WCA 1950 round, census 1949. FAO flag A: Official figure. FAO's note: Figures pertain to only Germany excluding The Saar",,,0-1
farms.faostat-wcad.holdings-by-land-size,DEU,1960,318312.0,,,,final,"WCA 1960 round, census 1960. FAO flag A: Official figure.",,,0-1
farms.faostat-wcad.holdings-by-land-size,DEU,1971,53265.0,,,,final,"WCA 1970 round, census 1971. FAO flag A: Official figure.",,,0-1
farms.faostat-wcad.holdings-by-land-size,DEU,1979,39274.0,,,,final,"WCA 1980 round, census 1979. FAO flag A: Official figure.",,,0-1
farms.faostat-wcad.holdings-by-land-size,DEU,2010,4698.0,,,,final,"WCA 2010 round, census 2010. FAO flag I: Value imputed by a receiving agency. FAO's note: UAA",,,0-1
farms.faostat-wcad.holdings-by-land-size,DEU,2020,3153.0,,,,final,"WCA 2020 round, census 2020. FAO flag I: Value imputed by a receiving agency. FAO's note: UAA",,,0-1
farms.faostat-wcad.holdings-by-land-size,DEU,1933,482379.0,,,,final,"WCA 1930 round, census 1933. FAO flag A: Official figure.",,,1-2
farms.faostat-wcad.holdings-by-land-size,DEU,1949,250742.0,,,,final,"WCA 1950 round, census 1949. FAO flag I: Value imputed by a receiving agency. FAO's note: Figures pertain to only Germany excluding The Saar",,,1-2
farms.faostat-wcad.holdings-by-land-size,DEU,1960,232431.0,,,,final,"WCA 1960 round, census 1960. FAO flag A: Official figure.",,,1-2
farms.faostat-wcad.holdings-by-land-size,DEU,1971,138255.0,,,,final,"WCA 1970 round, census 1971. FAO flag A: Official figure.",,,1-2
farms.faostat-wcad.holdings-by-land-size,DEU,1979,102536.0,,,,final,"WCA 1980 round, census 1979. FAO flag A: Official figure.",,,1-2
farms.faostat-wcad.holdings-by-land-size,DEU,1995,90600.0,,,,final,"WCA 1990 round, census 1995. FAO flag A: Official figure. FAO's note: Agricultural area. < 2 ha. Data source: Eurostat - Farm Structure - 1995 Sample Survey.",,,1-2
farms.faostat-wcad.holdings-by-land-size,DEU,1999/2000,37830.0,,,,final,"WCA 2000 round, census 1999/00. FAO flag A: Official figure. FAO's note: Agricultural area. < 2 ha",,,1-2
farms.faostat-wcad.holdings-by-land-size,DEU,2010,9562.0,,,,final,"WCA 2010 round, census 2010. FAO flag I: Value imputed by a receiving agency. FAO's note: UAA",,,1-2
farms.faostat-wcad.holdings-by-land-size,DEU,2020,6417.0,,,,final,"WCA 2020 round, census 2020. FAO flag I: Value imputed by a receiving agency. FAO's note: UAA",,,1-2
farms.faostat-wcad.holdings-by-land-size,DEU,2010,3962.0,,,,final,"WCA 2010 round, census 2010. FAO flag I: Value imputed by a receiving agency. FAO's note: UAA",,,2-3
farms.faostat-wcad.holdings-by-land-size,DEU,2020,2708.0,,,,final,"WCA 2020 round, census 2020. FAO flag I: Value imputed by a receiving agency. FAO's note: UAA",,,2-3
farms.faostat-wcad.holdings-by-land-size,DEU,2010,3942.0,,,,final,"WCA 2010 round, census 2010. FAO flag I: Value imputed by a receiving agency. FAO's note: UAA",,,3-4
farms.faostat-wcad.holdings-by-land-size,DEU,2020,2694.0,,,,final,"WCA 2020 round, census 2020. FAO flag I: Value imputed by a receiving agency. FAO's note: UAA",,,3-4
farms.faostat-wcad.holdings-by-land-size,DEU,2010,3785.0,,,,final,"WCA 2010 round, census 2010. FAO flag I: Value imputed by a receiving agency. FAO's note: UAA",,,4-5
farms.faostat-wcad.holdings-by-land-size,DEU,2020,2587.0,,,,final,"WCA 2020 round, census 2020. FAO flag I: Value imputed by a receiving agency. FAO's note: UAA",,,4-5
farms.faostat-wcad.holdings-by-land-size,DEU,1933,796790.0,,,,final,"WCA 1930 round, census 1933. FAO flag A: Official figure.",,,2-5
farms.faostat-wcad.holdings-by-land-size,DEU,1949,585572.0,,,,final,"WCA 1950 round, census 1949. FAO flag I: Value imputed by a receiving agency. FAO's note: Figures pertain to only Germany excluding The Saar",,,2-5
farms.faostat-wcad.holdings-by-land-size,DEU,1960,388749.0,,,,final,"WCA 1960 round, census 1960. FAO flag A: Official figure.",,,2-5
farms.faostat-wcad.holdings-by-land-size,DEU,1971,225420.0,,,,final,"WCA 1970 round, census 1971. FAO flag A: Official figure.",,,2-5
farms.faostat-wcad.holdings-by-land-size,DEU,1979,156829.0,,,,final,"WCA 1980 round, census 1979. FAO flag A: Official figure.",,,2-5
farms.faostat-wcad.holdings-by-land-size,DEU,1995,88600.0,,,,final,"WCA 1990 round, census 1995. FAO flag A: Official figure. FAO's note: Agricultural area. Data source: Eurostat - Farm Structure - 1995 Sample Survey.",,,2-5
farms.faostat-wcad.holdings-by-land-size,DEU,1999/2000,79797.0,,,,final,"WCA 2000 round, census 1999/00. FAO flag A: Official figure. FAO's note: Agricultural area",,,2-5
farms.faostat-wcad.holdings-by-land-size,DEU,1933,621952.0,,,,final,"WCA 1930 round, census 1933. FAO flag A: Official figure.",,,5-10
farms.faostat-wcad.holdings-by-land-size,DEU,1949,404641.0,,,,final,"WCA 1950 round, census 1949. FAO flag A: Official figure. FAO's note: Figures pertain to only Germany excluding The Saar",,,5-10
farms.faostat-wcad.holdings-by-land-size,DEU,1960,343769.0,,,,final,"WCA 1960 round, census 1960. FAO flag A: Official figure.",,,5-10
farms.faostat-wcad.holdings-by-land-size,DEU,1971,213417.0,,,,final,"WCA 1970 round, census 1971. FAO flag A: Official figure.",,,5-10
farms.faostat-wcad.holdings-by-land-size,DEU,1979,152971.0,,,,final,"WCA 1980 round, census 1979. FAO flag A: Official figure.",,,5-10
farms.faostat-wcad.holdings-by-land-size,DEU,1995,84000.0,,,,final,"WCA 1990 round, census 1995. FAO flag A: Official figure. FAO's note: Agricultural area. Data source: Eurostat - Farm Structure - 1995 Sample Survey.",,,5-10
farms.faostat-wcad.holdings-by-land-size,DEU,1999/2000,73949.0,,,,final,"WCA 2000 round, census 1999/00. FAO flag A: Official figure. FAO's note: Agricultural area",,,5-10
farms.faostat-wcad.holdings-by-land-size,DEU,2010,47310.0,,,,final,"WCA 2010 round, census 2010. FAO flag A: Official figure. FAO's note: UAA",,,5-10
farms.faostat-wcad.holdings-by-land-size,DEU,2020,44760.0,,,,final,"WCA 2020 round, census 2020. FAO flag A: Official figure. FAO's note: UAA",,,5-10
farms.faostat-wcad.holdings-by-land-size,DEU,1933,451663.0,,,,final,"WCA 1930 round, census 1933. FAO flag A: Official figure.",,,10-20
farms.faostat-wcad.holdings-by-land-size,DEU,1949,280380.0,,,,final,"WCA 1950 round, census 1949. FAO flag A: Official figure. FAO's note: Figures pertain to only Germany excluding The Saar",,,10-20
farms.faostat-wcad.holdings-by-land-size,DEU,1960,287037.0,,,,final,"WCA 1960 round, census 1960. FAO flag A: Official figure.",,,10-20
farms.faostat-wcad.holdings-by-land-size,DEU,1971,252773.0,,,,final,"WCA 1970 round, census 1971. FAO flag A: Official figure.",,,10-20
farms.faostat-wcad.holdings-by-land-size,DEU,1979,186425.0,,,,final,"WCA 1980 round, census 1979. FAO flag A: Official figure.",,,10-20
farms.faostat-wcad.holdings-by-land-size,DEU,1995,100000.0,,,,final,"WCA 1990 round, census 1995. FAO flag A: Official figure. FAO's note: Agricultural area. Data source: Eurostat - Farm Structure - 1995 Sample Survey.",,,10-20
farms.faostat-wcad.holdings-by-land-size,DEU,1999/2000,87368.0,,,,final,"WCA 2000 round, census 1999/00. FAO flag A: Official figure. FAO's note: Agricultural area",,,10-20
farms.faostat-wcad.holdings-by-land-size,DEU,2010,63160.0,,,,final,"WCA 2010 round, census 2010. FAO flag A: Official figure. FAO's note: UAA",,,10-20
farms.faostat-wcad.holdings-by-land-size,DEU,2020,52520.0,,,,final,"WCA 2020 round, census 2020. FAO flag A: Official figure. FAO's note: UAA",,,10-20
farms.faostat-wcad.holdings-by-land-size,DEU,1933,267310.0,,,,final,"WCA 1930 round, census 1933. FAO flag A: Official figure.",,,20-50
farms.faostat-wcad.holdings-by-land-size,DEU,1949,159092.0,,,,final,"WCA 1950 round, census 1949. FAO flag A: Official figure. FAO's note: Figures pertain to only Germany excluding The Saar",,,20-50
farms.faostat-wcad.holdings-by-land-size,DEU,1960,122296.0,,,,final,"WCA 1960 round, census 1960. FAO flag A: Official figure.",,,20-50
farms.faostat-wcad.holdings-by-land-size,DEU,1971,166691.0,,,,final,"WCA 1970 round, census 1971. FAO flag A: Official figure.",,,20-50
farms.faostat-wcad.holdings-by-land-size,DEU,1979,178454.0,,,,final,"WCA 1980 round, census 1979. FAO flag A: Official figure.",,,20-50
farms.faostat-wcad.holdings-by-land-size,DEU,1995,132300.0,,,,final,"WCA 1990 round, census 1995. FAO flag A: Official figure. FAO's note: Agricultural area. Data source: Eurostat - Farm Structure - 1995 Sample Survey.",,,20-50
farms.faostat-wcad.holdings-by-land-size,DEU,1999/2000,114347.0,,,,final,"WCA 2000 round, census 1999/00. FAO flag A: Official figure. FAO's note: Agricultural area",,,20-50
farms.faostat-wcad.holdings-by-land-size,DEU,2010,76070.0,,,,final,"WCA 2010 round, census 2010. FAO flag A: Official figure. FAO's note: UAA",,,20-50
farms.faostat-wcad.holdings-by-land-size,DEU,2020,60990.0,,,,final,"WCA 2020 round, census 2020. FAO flag A: Official figure. FAO's note: UAA",,,20-50
farms.faostat-wcad.holdings-by-land-size,DEU,1933,54572.0,,,,final,"WCA 1930 round, census 1933. FAO flag A: Official figure.",,,50-100
farms.faostat-wcad.holdings-by-land-size,DEU,1949,29228.0,,,,final,"WCA 1950 round, census 1949. FAO flag A: Official figure. FAO's note: Figures pertain to only Germany excluding The Saar",,,50-100
farms.faostat-wcad.holdings-by-land-size,DEU,1960,13771.0,,,,final,"WCA 1960 round, census 1960. FAO flag A: Official figure.",,,50-100
farms.faostat-wcad.holdings-by-land-size,DEU,1971,17898.0,,,,final,"WCA 1970 round, census 1971. FAO flag A: Official figure.",,,50-100
farms.faostat-wcad.holdings-by-land-size,DEU,1979,25983.0,,,,final,"WCA 1980 round, census 1979. FAO flag A: Official figure.",,,50-100
farms.faostat-wcad.holdings-by-land-size,DEU,1995,51600.0,,,,final,"WCA 1990 round, census 1995. FAO flag A: Official figure. FAO's note: Agricultural area. Data source: Eurostat - Farm Structure - 1995 Sample Survey.",,,50-100
farms.faostat-wcad.holdings-by-land-size,DEU,1999/2000,54311.0,,,,final,"WCA 2000 round, census 1999/00. FAO flag A: Official figure. FAO's note: Agricultural area",,,50-100
farms.faostat-wcad.holdings-by-land-size,DEU,2010,51620.0,,,,final,"WCA 2010 round, census 2010. FAO flag A: Official figure. FAO's note: UAA",,,50-100
farms.faostat-wcad.holdings-by-land-size,DEU,2020,44690.0,,,,final,"WCA 2020 round, census 2020. FAO flag A: Official figure. FAO's note: UAA",,,50-100
farms.faostat-wcad.holdings-by-land-size,DEU,1933,16600.0,,,,final,"WCA 1930 round, census 1933. FAO flag A: Official figure.",,,100-200
farms.faostat-wcad.holdings-by-land-size,DEU,1949,7994.0,,,,final,"WCA 1950 round, census 1949. FAO flag A: Official figure. FAO's note: Figures pertain to only Germany excluding The Saar",,,100-200
farms.faostat-wcad.holdings-by-land-size,DEU,1960,2102.0,,,,final,"WCA 1960 round, census 1960. FAO flag A: Official figure.",,,100-200
farms.faostat-wcad.holdings-by-land-size,DEU,1971,3240.0,,,,final,"WCA 1970 round, census 1971. FAO flag A: Official figure.",,,100-200
farms.faostat-wcad.holdings-by-land-size,DEU,1979,4269.0,,,,final,"WCA 1980 round, census 1979. FAO flag A: Official figure.",,,100-200
farms.faostat-wcad.holdings-by-land-size,DEU,1995,19800.0,,,,final,"WCA 1990 round, census 1995. FAO flag A: Official figure. FAO's note: Agricultural area. Data source: Eurostat - Farm Structure - 1995 Sample Survey.",,,100-200
farms.faostat-wcad.holdings-by-land-size,DEU,1999/2000,16335.0,,,,final,"WCA 2000 round, census 1999/00. FAO flag A: Official figure. FAO's note: Agricultural area",,,100-200
farms.faostat-wcad.holdings-by-land-size,DEU,2010,33620.0,,,,final,"WCA 2010 round, census 2010. FAO flag A: Official figure. FAO's note: UAA",,,100-200
farms.faostat-wcad.holdings-by-land-size,DEU,2020,38100.0,,,,final,"WCA 2020 round, census 2020. FAO flag A: Official figure. FAO's note: UAA",,,100-200
farms.faostat-wcad.holdings-by-land-size,DEU,1933,10623.0,,,,final,"WCA 1930 round, census 1933. FAO flag A: Official figure.",,,200-500
farms.faostat-wcad.holdings-by-land-size,DEU,1949,6420.0,,,,final,"WCA 1950 round, census 1949. FAO flag A: Official figure. FAO's note: Figures pertain to only Germany excluding The Saar",,,200-500
farms.faostat-wcad.holdings-by-land-size,DEU,1960,617.0,,,,final,"WCA 1960 round, census 1960. FAO flag A: Official figure.",,,200-500
farms.faostat-wcad.holdings-by-land-size,DEU,1999/2000,4787.0,,,,final,"WCA 2000 round, census 1999/00. FAO flag A: Official figure. FAO's note: Agricultural area",,,200-500
farms.faostat-wcad.holdings-by-land-size,DEU,1933,3919.0,,,,final,"WCA 1930 round, census 1933. FAO flag A: Official figure.",,,500-1000
farms.faostat-wcad.holdings-by-land-size,DEU,1999/2000,1599.0,,,,final,"WCA 2000 round, census 1999/00. FAO flag A: Official figure. FAO's note: Agricultural area",,,500-1000
farms.faostat-wcad.holdings-by-land-size,DEU,1933,2807.0,,,,final,"WCA 1930 round, census 1933. FAO flag A: Official figure.",,,1000-plus
farms.faostat-wcad.holdings-by-land-size,DEU,1999/2000,1637.0,,,,final,"WCA 2000 round, census 1999/00. FAO flag A: Official figure. FAO's note: Agricultural area",,,1000-plus
farms.faostat-wcad.holdings-by-land-size,DJI,1995,944.0,,,,final,"WCA 1990 round, census 1995. FAO flag A: Official figure.",,,0-1
farms.faostat-wcad.holdings-by-land-size,DJI,1995,191.0,,,,final,"WCA 1990 round, census 1995. FAO flag A: Official figure.",,,1-2
farms.faostat-wcad.holdings-by-land-size,DMA,1995,4800.0,,,,final,"WCA 1990 round, census 1995. FAO flag A: Official figure.",,,0-1
farms.faostat-wcad.holdings-by-land-size,DMA,1995,1922.0,,,,final,"WCA 1990 round, census 1995. FAO flag A: Official figure.",,,1-2
farms.faostat-wcad.holdings-by-land-size,DMA,1995,1654.0,,,,final,"WCA 1990 round, census 1995. FAO flag A: Official figure.",,,2-5
farms.faostat-wcad.holdings-by-land-size,DMA,1995,443.0,,,,final,"WCA 1990 round, census 1995. FAO flag A: Official figure.",,,5-10
farms.faostat-wcad.holdings-by-land-size,DMA,1995,89.0,,,,final,"WCA 1990 round, census 1995. FAO flag A: Official figure.",,,10-20
farms.faostat-wcad.holdings-by-land-size,DMA,1995,69.0,,,,final,"WCA 1990 round, census 1995. FAO flag A: Official figure.",,,20-50
farms.faostat-wcad.holdings-by-land-size,DMA,1995,30.0,,,,final,"WCA 1990 round, census 1995. FAO flag A: Official figure.",,,50-100
farms.faostat-wcad.holdings-by-land-size,DMA,1995,14.0,,,,final,"WCA 1990 round, census 1995. FAO flag A: Official figure.",,,100-200
farms.faostat-wcad.holdings-by-land-size,DMA,1995,5.0,,,,final,"WCA 1990 round, census 1995. FAO flag A: Official figure.",,,200-500
farms.faostat-wcad.holdings-by-land-size,DNK,1929,5699.0,,,,final,"WCA 1930 round, census 1929. FAO flag I: Value imputed by a receiving agency.",,,0-1
farms.faostat-wcad.holdings-by-land-size,DNK,1959,3263.0,,,,final,"WCA 1960 round, census 1959. FAO flag A: Official figure.",,,0-1
farms.faostat-wcad.holdings-by-land-size,DNK,1970,571.0,,,,final,"WCA 1970 round, census 1970. FAO flag I: Value imputed by a receiving agency.",,,0-1
farms.faostat-wcad.holdings-by-land-size,DNK,1979,786.0,,,,final,"WCA 1980 round, census 1979. FAO flag I: Value imputed by a receiving agency.",,,0-1
farms.faostat-wcad.holdings-by-land-size,DNK,2010,171.0,,,,final,"WCA 2010 round, census 2010. FAO flag I: Value imputed by a receiving agency. FAO's note: UAA",,,0-1
farms.faostat-wcad.holdings-by-land-size,DNK,2020,497.0,,,,final,"WCA 2020 round, census 2020. FAO flag I: Value imputed by a receiving agency. FAO's note: UAA",,,0-1
farms.faostat-wcad.holdings-by-land-size,DNK,1929,13689.0,,,,final,"WCA 1930 round, census 1929. FAO flag I: Value imputed by a receiving agency.",,,1-2
farms.faostat-wcad.holdings-by-land-size,DNK,1959,7978.0,,,,final,"WCA 1960 round, census 1959. FAO flag A: Official figure.",,,1-2
farms.faostat-wcad.holdings-by-land-size,DNK,1970,2365.0,,,,final,"WCA 1970 round, census 1970. FAO flag I: Value imputed by a receiving agency.",,,1-2
farms.faostat-wcad.holdings-by-land-size,DNK,1979,2690.0,,,,final,"WCA 1980 round, census 1979. FAO flag I: Value imputed by a receiving agency.",,,1-2
farms.faostat-wcad.holdings-by-land-size,DNK,1999/2000,980.0,,,,final,"WCA 2000 round, census 1999/00. FAO flag A: Official figure. FAO's note: Agricultural area. < 2 ha",,,1-2
farms.faostat-wcad.holdings-by-land-size,DNK,2010,349.0,,,,final,"WCA 2010 round, census 2010. FAO flag I: Value imputed by a receiving agency. FAO's note: UAA",,,1-2
farms.faostat-wcad.holdings-by-land-size,DNK,2020,1013.0,,,,final,"WCA 2020 round, census 2020. FAO flag I: Value imputed by a receiving agency. FAO's note: UAA",,,1-2
farms.faostat-wcad.holdings-by-land-size,DNK,2010,322.0,,,,final,"WCA 2010 round, census 2010. FAO flag I: Value imputed by a receiving agency. FAO's note: UAA",,,2-3
farms.faostat-wcad.holdings-by-land-size,DNK,2020,1502.0,,,,final,"WCA 2020 round, census 2020. FAO flag I: Value imputed by a receiving agency. FAO's note: UAA",,,2-3
farms.faostat-wcad.holdings-by-land-size,DNK,2010,320.0,,,,final,"WCA 2010 round, census 2010. FAO flag I: Value imputed by a receiving agency. FAO's note: UAA",,,3-4
farms.faostat-wcad.holdings-by-land-size,DNK,2020,1494.0,,,,final,"WCA 2020 round, census 2020. FAO flag I: Value imputed by a receiving agency. FAO's note: UAA",,,3-4
farms.faostat-wcad.holdings-by-land-size,DNK,2010,308.0,,,,final,"WCA 2010 round, census 2010. FAO flag I: Value imputed by a receiving agency. FAO's note: UAA",,,4-5
farms.faostat-wcad.holdings-by-land-size,DNK,2020,1435.0,,,,final,"WCA 2020 round, census 2020. FAO flag I: Value imputed by a receiving agency. FAO's note: UAA",,,4-5
farms.faostat-wcad.holdings-by-land-size,DNK,1929,41695.0,,,,final,"WCA 1930 round, census 1929. FAO flag I: Value imputed by a receiving agency.",,,2-5
farms.faostat-wcad.holdings-by-land-size,DNK,1959,26343.0,,,,final,"WCA 1960 round, census 1959. FAO flag A: Official figure.",,,2-5
farms.faostat-wcad.holdings-by-land-size,DNK,1970,11591.0,,,,final,"WCA 1970 round, census 1970. FAO flag I: Value imputed by a receiving agency.",,,2-5
farms.faostat-wcad.holdings-by-land-size,DNK,1979,13184.0,,,,final,"WCA 1980 round, census 1979. FAO flag I: Value imputed by a receiving agency.",,,2-5
farms.faostat-wcad.holdings-by-land-size,DNK,1999/2000,1020.0,,,,final,"WCA 2000 round, census 1999/00. FAO flag A: Official figure. FAO's note: Agricultural area",,,2-5
farms.faostat-wcad.holdings-by-land-size,DNK,1929,49450.0,,,,final,"WCA 1930 round, census 1929. FAO flag A: Official figure.",,,5-10
farms.faostat-wcad.holdings-by-land-size,DNK,1959,54405.0,,,,final,"WCA 1960 round, census 1959. FAO flag A: Official figure.",,,5-10
farms.faostat-wcad.holdings-by-land-size,DNK,1970,29510.0,,,,final,"WCA 1970 round, census 1970. FAO flag A: Official figure.",,,5-10
farms.faostat-wcad.holdings-by-land-size,DNK,1979,21588.0,,,,final,"WCA 1980 round, census 1979. FAO flag A: Official figure.",,,5-10
farms.faostat-wcad.holdings-by-land-size,DNK,1989,14749.0,,,,final,"WCA 1990 round, census 1989. FAO flag A: Official figure. FAO's note: Agricultural area. <10 ha",,,5-10
farms.faostat-wcad.holdings-by-land-size,DNK,1999/2000,9460.0,,,,final,"WCA 2000 round, census 1999/00. FAO flag A: Official figure. FAO's note: Agricultural area",,,5-10
farms.faostat-wcad.holdings-by-land-size,DNK,2010,8050.0,,,,final,"WCA 2010 round, census 2010. FAO flag A: Official figure. FAO's note: UAA",,,5-10
farms.faostat-wcad.holdings-by-land-size,DNK,2020,6890.0,,,,final,"WCA 2020 round, census 2020. FAO flag A: Official figure. FAO's note: UAA",,,5-10
farms.faostat-wcad.holdings-by-land-size,DNK,1929,44739.0,,,,final,"WCA 1930 round, census 1929. FAO flag I: Value imputed by a receiving agency.",,,10-20
farms.faostat-wcad.holdings-by-land-size,DNK,1959,56356.0,,,,final,"WCA 1960 round, census 1959. FAO flag A: Official figure.",,,10-20
farms.faostat-wcad.holdings-by-land-size,DNK,1970,43589.0,,,,final,"WCA 1970 round, census 1970. FAO flag A: Official figure.",,,10-20
farms.faostat-wcad.holdings-by-land-size,DNK,1979,32098.0,,,,final,"WCA 1980 round, census 1979. FAO flag A: Official figure.",,,10-20
farms.faostat-wcad.holdings-by-land-size,DNK,1989,19605.0,,,,final,"WCA 1990 round, census 1989. FAO flag A: Official figure. FAO's note: Agricultural area",,,10-20
farms.faostat-wcad.holdings-by-land-size,DNK,1999/2000,11530.0,,,,final,"WCA 2000 round, census 1999/00. FAO flag A: Official figure. FAO's note: Agricultural area",,,10-20
farms.faostat-wcad.holdings-by-land-size,DNK,2010,7790.0,,,,final,"WCA 2010 round, census 2010. FAO flag A: Official figure. FAO's note: UAA",,,10-20
farms.faostat-wcad.holdings-by-land-size,DNK,2020,5490.0,,,,final,"WCA 2020 round, census 2020. FAO flag A: Official figure. FAO's note: UAA",,,10-20
farms.faostat-wcad.holdings-by-land-size,DNK,1929,41058.0,,,,final,"WCA 1930 round, census 1929. FAO flag I: Value imputed by a receiving agency.",,,20-50
farms.faostat-wcad.holdings-by-land-size,DNK,1959,41677.0,,,,final,"WCA 1960 round, census 1959. FAO flag A: Official figure.",,,20-50
farms.faostat-wcad.holdings-by-land-size,DNK,1970,43904.0,,,,final,"WCA 1970 round, census 1970. FAO flag A: Official figure.",,,20-50
farms.faostat-wcad.holdings-by-land-size,DNK,1979,40928.0,,,,final,"WCA 1980 round, census 1979. FAO flag A: Official figure.",,,20-50
farms.faostat-wcad.holdings-by-land-size,DNK,1989,31348.0,,,,final,"WCA 1990 round, census 1989. FAO flag A: Official figure. FAO's note: Agricultural area",,,20-50
farms.faostat-wcad.holdings-by-land-size,DNK,1999/2000,17170.0,,,,final,"WCA 2000 round, census 1999/00. FAO flag A: Official figure. FAO's note: Agricultural area",,,20-50
farms.faostat-wcad.holdings-by-land-size,DNK,2010,9210.0,,,,final,"WCA 2010 round, census 2010. FAO flag A: Official figure. FAO's note: UAA",,,20-50
farms.faostat-wcad.holdings-by-land-size,DNK,2020,6310.0,,,,final,"WCA 2020 round, census 2020. FAO flag A: Official figure. FAO's note: UAA",,,20-50
farms.faostat-wcad.holdings-by-land-size,DNK,1929,7754.0,,,,final,"WCA 1930 round, census 1929. FAO flag I: Value imputed by a receiving agency.",,,50-100
farms.faostat-wcad.holdings-by-land-size,DNK,1959,5188.0,,,,final,"WCA 1960 round, census 1959. FAO flag A: Official figure.",,,50-100
farms.faostat-wcad.holdings-by-land-size,DNK,1970,7055.0,,,,final,"WCA 1970 round, census 1970. FAO flag A: Official figure.",,,50-100
farms.faostat-wcad.holdings-by-land-size,DNK,1979,9363.0,,,,final,"WCA 1980 round, census 1979. FAO flag A: Official figure.",,,50-100
farms.faostat-wcad.holdings-by-land-size,DNK,1989,12162.0,,,,final,"WCA 1990 round, census 1989. FAO flag A: Official figure. FAO's note: Agricultural area",,,50-100
farms.faostat-wcad.holdings-by-land-size,DNK,1999/2000,11510.0,,,,final,"WCA 2000 round, census 1999/00. FAO flag A: Official figure. FAO's note: Agricultural area",,,50-100
farms.faostat-wcad.holdings-by-land-size,DNK,2010,5920.0,,,,final,"WCA 2010 round, census 2010. FAO flag A: Official figure. FAO's note: UAA",,,50-100
farms.faostat-wcad.holdings-by-land-size,DNK,2020,4160.0,,,,final,"WCA 2020 round, census 2020. FAO flag A: Official figure. FAO's note: UAA",,,50-100
farms.faostat-wcad.holdings-by-land-size,DNK,1929,1409.0,,,,final,"WCA 1930 round, census 1929. FAO flag I: Value imputed by a receiving agency.",,,100-200
farms.faostat-wcad.holdings-by-land-size,DNK,1959,1041.0,,,,final,"WCA 1960 round, census 1959. FAO flag A: Official figure.",,,100-200
farms.faostat-wcad.holdings-by-land-size,DNK,1970,1611.0,,,,final,"WCA 1970 round, census 1970. FAO flag A: Official figure.",,,100-200
farms.faostat-wcad.holdings-by-land-size,DNK,1979,2085.0,,,,final,"WCA 1980 round, census 1979. FAO flag A: Official figure.",,,100-200
farms.faostat-wcad.holdings-by-land-size,DNK,1989,3403.0,,,,final,"WCA 1990 round, census 1989. FAO flag A: Official figure. FAO's note: Agricultural area",,,100-200
farms.faostat-wcad.holdings-by-land-size,DNK,1999/2000,6160.0,,,,final,"WCA 2000 round, census 1999/00. FAO flag A: Official figure. FAO's note: Agricultural area",,,100-200
farms.faostat-wcad.holdings-by-land-size,DNK,2010,8080.0,,,,final,"WCA 2010 round, census 2010. FAO flag A: Official figure. FAO's note: UAA",,,100-200
farms.faostat-wcad.holdings-by-land-size,DNK,2020,7300.0,,,,final,"WCA 2020 round, census 2020. FAO flag A: Official figure. FAO's note: UAA",,,100-200
farms.faostat-wcad.holdings-by-land-size,DNK,1929,478.0,,,,final,"WCA 1930 round, census 1929. FAO flag I: Value imputed by a receiving agency.",,,200-500
farms.faostat-wcad.holdings-by-land-size,DNK,1959,255.0,,,,final,"WCA 1960 round, census 1959. FAO flag A: Official figure.",,,200-500
farms.faostat-wcad.holdings-by-land-size,DOM,1950,94184.0,,,,final,"WCA 1950 round, census 1950. FAO flag I: Value imputed by a receiving agency.",,,0-1
farms.faostat-wcad.holdings-by-land-size,DOM,1960,201507.0,,,,final,"WCA 1960 round, census 1960. FAO flag A: Official figure.",,,0-1
farms.faostat-wcad.holdings-by-land-size,DOM,1971,82523.0,,,,final,"WCA 1970 round, census 1971. FAO flag I: Value imputed by a receiving agency.",,,0-1
farms.faostat-wcad.holdings-by-land-size,DOM,1950,37840.0,,,,final,"WCA 1950 round, census 1950. FAO flag I: Value imputed by a receiving agency.",,,1-2
farms.faostat-wcad.holdings-by-land-size,DOM,1960,94829.0,,,,final,"WCA 1960 round, census 1960. FAO flag A: Official figure.",,,1-2
farms.faostat-wcad.holdings-by-land-size,DOM,1971,50751.0,,,,final,"WCA 1970 round, census 1971. FAO flag I: Value imputed by a receiving agency.",,,1-2
farms.faostat-wcad.holdings-by-land-size,DOM,1950,78871.0,,,,final,"WCA 1950 round, census 1950. FAO flag I: Value imputed by a receiving agency.",,,2-5
farms.faostat-wcad.holdings-by-land-size,DOM,1960,88124.0,,,,final,"WCA 1960 round, census 1960. FAO flag A: Official figure.",,,2-5
farms.faostat-wcad.holdings-by-land-size,DOM,1971,101668.0,,,,final,"WCA 1970 round, census 1971. FAO flag I: Value imputed by a receiving agency.",,,2-5
farms.faostat-wcad.holdings-by-land-size,DOM,1950,33183.0,,,,final,"WCA 1950 round, census 1950. FAO flag I: Value imputed by a receiving agency.",,,5-10
farms.faostat-wcad.holdings-by-land-size,DOM,1960,30403.0,,,,final,"WCA 1960 round, census 1960. FAO flag A: Official figure.",,,5-10
farms.faostat-wcad.holdings-by-land-size,DOM,1971,33803.0,,,,final,"WCA 1970 round, census 1971. FAO flag A: Official figure.",,,5-10
farms.faostat-wcad.holdings-by-land-size,DOM,1950,17447.0,,,,final,"WCA 1950 round, census 1950. FAO flag I: Value imputed by a receiving agency.",,,10-20
farms.faostat-wcad.holdings-by-land-size,DOM,1960,17526.0,,,,final,"WCA 1960 round, census 1960. FAO flag A: Official figure.",,,10-20
farms.faostat-wcad.holdings-by-land-size,DOM,1971,11468.0,,,,final,"WCA 1970 round, census 1971. FAO flag I: Value imputed by a receiving agency.",,,10-20
farms.faostat-wcad.holdings-by-land-size,DOM,1950,9871.0,,,,final,"WCA 1950 round, census 1950. FAO flag I: Value imputed by a receiving agency.",,,20-50
farms.faostat-wcad.holdings-by-land-size,DOM,1960,10149.0,,,,final,"WCA 1960 round, census 1960. FAO flag A: Official figure.",,,20-50
farms.faostat-wcad.holdings-by-land-size,DOM,1971,17401.0,,,,final,"WCA 1970 round, census 1971. FAO flag I: Value imputed by a receiving agency.",,,20-50
farms.faostat-wcad.holdings-by-land-size,DOM,1950,3290.0,,,,final,"WCA 1950 round, census 1950. FAO flag I: Value imputed by a receiving agency.",,,50-100
farms.faostat-wcad.holdings-by-land-size,DOM,1960,2593.0,,,,final,"WCA 1960 round, census 1960. FAO flag A: Official figure.",,,50-100
farms.faostat-wcad.holdings-by-land-size,DOM,1971,4058.0,,,,final,"WCA 1970 round, census 1971. FAO flag I: Value imputed by a receiving agency.",,,50-100
farms.faostat-wcad.holdings-by-land-size,DOM,1950,1232.0,,,,final,"WCA 1950 round, census 1950. FAO flag I: Value imputed by a receiving agency.",,,100-200
farms.faostat-wcad.holdings-by-land-size,DOM,1960,1118.0,,,,final,"WCA 1960 round, census 1960. FAO flag A: Official figure.",,,100-200
farms.faostat-wcad.holdings-by-land-size,DOM,1971,1810.0,,,,final,"WCA 1970 round, census 1971. FAO flag I: Value imputed by a receiving agency.",,,100-200
farms.faostat-wcad.holdings-by-land-size,DOM,1950,585.0,,,,final,"WCA 1950 round, census 1950. FAO flag I: Value imputed by a receiving agency.",,,200-500
farms.faostat-wcad.holdings-by-land-size,DOM,1960,573.0,,,,final,"WCA 1960 round, census 1960. FAO flag A: Official figure.",,,200-500
farms.faostat-wcad.holdings-by-land-size,DOM,1971,893.0,,,,final,"WCA 1970 round, census 1971. FAO flag I: Value imputed by a receiving agency.",,,200-500
farms.faostat-wcad.holdings-by-land-size,DOM,1950,159.0,,,,final,"WCA 1950 round, census 1950. FAO flag I: Value imputed by a receiving agency.",,,500-1000
farms.faostat-wcad.holdings-by-land-size,DOM,1960,156.0,,,,final,"WCA 1960 round, census 1960. FAO flag A: Official figure.",,,500-1000
farms.faostat-wcad.holdings-by-land-size,DOM,1971,226.0,,,,final,"WCA 1970 round, census 1971. FAO flag I: Value imputed by a receiving agency.",,,500-1000
farms.faostat-wcad.holdings-by-land-size,DOM,1950,187.0,,,,final,"WCA 1950 round, census 1950. FAO flag I: Value imputed by a receiving agency.",,,1000-plus
farms.faostat-wcad.holdings-by-land-size,DOM,1960,120.0,,,,final,"WCA 1960 round, census 1960. FAO flag A: Official figure.",,,1000-plus
farms.faostat-wcad.holdings-by-land-size,DOM,1971,218.0,,,,final,"WCA 1970 round, census 1971. FAO flag I: Value imputed by a receiving agency.",,,1000-plus
farms.faostat-wcad.holdings-by-land-size,DZA,1973,161667.0,,,,final,"WCA 1970 round, census 1973. FAO flag A: Official figure.",,,0-1
farms.faostat-wcad.holdings-by-land-size,DZA,2001,223115.0,,,,final,"WCA 2000 round, census 2001. FAO flag A: Official figure. FAO's note: Agricultural area",,,0-1
farms.faostat-wcad.holdings-by-land-size,DZA,1973,108448.0,,,,final,"WCA 1970 round, census 1973. FAO flag A: Official figure.",,,1-2
farms.faostat-wcad.holdings-by-land-size,DZA,2001,128864.0,,,,final,"WCA 2000 round, census 2001. FAO flag A: Official figure. FAO's note: Agricultural area",,,1-2
farms.faostat-wcad.holdings-by-land-size,DZA,1973,180277.0,,,,final,"WCA 1970 round, census 1973. FAO flag A: Official figure.",,,2-5
farms.faostat-wcad.holdings-by-land-size,DZA,2001,239844.0,,,,final,"WCA 2000 round, census 2001. FAO flag A: Official figure. FAO's note: Agricultural area",,,2-5
farms.faostat-wcad.holdings-by-land-size,DZA,1973,128496.0,,,,final,"WCA 1970 round, census 1973. FAO flag A: Official figure.",,,5-10
farms.faostat-wcad.holdings-by-land-size,DZA,2001,181267.0,,,,final,"WCA 2000 round, census 2001. FAO flag A: Official figure. FAO's note: Agricultural area",,,5-10
farms.faostat-wcad.holdings-by-land-size,DZA,1973,89312.0,,,,final,"WCA 1970 round, census 1973. FAO flag A: Official figure.",,,10-20
farms.faostat-wcad.holdings-by-land-size,DZA,2001,142980.0,,,,final,"WCA 2000 round, census 2001. FAO flag A: Official figure. FAO's note: Agricultural area",,,10-20
farms.faostat-wcad.holdings-by-land-size,DZA,1973,49216.0,,,,final,"WCA 1970 round, census 1973. FAO flag A: Official figure.",,,20-50
farms.faostat-wcad.holdings-by-land-size,DZA,2001,88130.0,,,,final,"WCA 2000 round, census 2001. FAO flag A: Official figure. FAO's note: Agricultural area",,,20-50
farms.faostat-wcad.holdings-by-land-size,DZA,1973,10007.0,,,,final,"WCA 1970 round, census 1973. FAO flag A: Official figure.",,,50-100
farms.faostat-wcad.holdings-by-land-size,DZA,2001,14294.0,,,,final,"WCA 2000 round, census 2001. FAO flag A: Official figure. FAO's note: Agricultural area",,,50-100
farms.faostat-wcad.holdings-by-land-size,DZA,1973,2637.0,,,,final,"WCA 1970 round, census 1973. FAO flag A: Official figure.",,,100-200
farms.faostat-wcad.holdings-by-land-size,DZA,2001,4063.0,,,,final,"WCA 2000 round, census 2001. FAO flag A: Official figure. FAO's note: Agricultural area",,,100-200
farms.faostat-wcad.holdings-by-land-size,DZA,1973,802.0,,,,final,"WCA 1970 round, census 1973. FAO flag A: Official figure.",,,200-500
farms.faostat-wcad.holdings-by-land-size,DZA,2001,1242.0,,,,final,"WCA 2000 round, census 2001. FAO flag A: Official figure. FAO's note: Agricultural area",,,200-500
farms.faostat-wcad.holdings-by-land-size,ECU,1974,134635.0,,,,final,"WCA 1970 round, census 1974. FAO flag A: Official figure.",,,0-1
farms.faostat-wcad.holdings-by-land-size,ECU,1999/2000,248398.0,,,,final,"WCA 2000 round, census 1999/00. FAO flag A: Official figure.",,,0-1
farms.faostat-wcad.holdings-by-land-size,ECU,1974,83145.0,,,,final,"WCA 1970 round, census 1974. FAO flag A: Official figure.",,,1-2
farms.faostat-wcad.holdings-by-land-size,ECU,1999/2000,117660.0,,,,final,"WCA 2000 round, census 1999/00. FAO flag A: Official figure.",,,1-2
farms.faostat-wcad.holdings-by-land-size,ECU,1974,117437.0,,,,final,"WCA 1970 round, census 1974. FAO flag A: Official figure.",,,2-5
farms.faostat-wcad.holdings-by-land-size,ECU,1999/2000,169251.0,,,,final,"WCA 2000 round, census 1999/00. FAO flag A: Official figure.",,,2-5
farms.faostat-wcad.holdings-by-land-size,ECU,1974,55022.0,,,,final,"WCA 1970 round, census 1974. FAO flag A: Official figure.",,,5-10
farms.faostat-wcad.holdings-by-land-size,ECU,1999/2000,101066.0,,,,final,"WCA 2000 round, census 1999/00. FAO flag A: Official figure.",,,5-10
farms.faostat-wcad.holdings-by-land-size,ECU,1974,41325.0,,,,final,"WCA 1970 round, census 1974. FAO flag A: Official figure.",,,10-20
farms.faostat-wcad.holdings-by-land-size,ECU,1999/2000,75660.0,,,,final,"WCA 2000 round, census 1999/00. FAO flag A: Official figure.",,,10-20
farms.faostat-wcad.holdings-by-land-size,ECU,1974,42617.0,,,,final,"WCA 1970 round, census 1974. FAO flag A: Official figure.",,,20-50
farms.faostat-wcad.holdings-by-land-size,ECU,1999/2000,76792.0,,,,final,"WCA 2000 round, census 1999/00. FAO flag A: Official figure.",,,20-50
farms.faostat-wcad.holdings-by-land-size,ECU,1974,22216.0,,,,final,"WCA 1970 round, census 1974. FAO flag A: Official figure.",,,50-100
farms.faostat-wcad.holdings-by-land-size,ECU,1999/2000,34498.0,,,,final,"WCA 2000 round, census 1999/00. FAO flag A: Official figure.",,,50-100
farms.faostat-wcad.holdings-by-land-size,ECU,1974,6525.0,,,,final,"WCA 1970 round, census 1974. FAO flag A: Official figure.",,,100-200
farms.faostat-wcad.holdings-by-land-size,ECU,1999/2000,12941.0,,,,final,"WCA 2000 round, census 1999/00. FAO flag A: Official figure.",,,100-200
farms.faostat-wcad.holdings-by-land-size,ECU,1974,3008.0,,,,final,"WCA 1970 round, census 1974. FAO flag A: Official figure.",,,200-500
farms.faostat-wcad.holdings-by-land-size,ECU,1999/2000,6616.0,,,,final,"WCA 2000 round, census 1999/00. FAO flag A: Official figure.",,,200-500
farms.faostat-wcad.holdings-by-land-size,ECU,1974,829.0,,,,final,"WCA 1970 round, census 1974. FAO flag A: Official figure.",,,500-1000
farms.faostat-wcad.holdings-by-land-size,ECU,1974,610.0,,,,final,"WCA 1970 round, census 1974. FAO flag A: Official figure.",,,1000-plus
farms.faostat-wcad.holdings-by-land-size,EGY,1929,779372.0,,,,final,"WCA 1930 round, census 1929. FAO flag I: Value imputed by a receiving agency.",,,0-1
farms.faostat-wcad.holdings-by-land-size,EGY,1990,2579426.0,,,,final,"WCA 1990 round, census 1990. FAO flag A: Official figure.",,,0-1
farms.faostat-wcad.holdings-by-land-size,EGY,1999/2000,3955941.0,,,,final,"WCA 2000 round, census 1999/00. FAO flag I: Value imputed by a receiving agency.",,,0-1
farms.faostat-wcad.holdings-by-land-size,EGY,2009/2010,3428424.0,,,,final,"WCA 2010 round, census 2009/10. FAO flag I: Value imputed by a receiving agency.",,,0-1
farms.faostat-wcad.holdings-by-land-size,EGY,1929,215222.0,,,,final,"WCA 1930 round, census 1929. FAO flag I: Value imputed by a receiving agency.",,,1-2
farms.faostat-wcad.holdings-by-land-size,EGY,1990,579415.0,,,,final,"WCA 1990 round, census 1990. FAO flag A: Official figure.",,,1-2
farms.faostat-wcad.holdings-by-land-size,EGY,1999/2000,365362.0,,,,final,"WCA 2000 round, census 1999/00. FAO flag I: Value imputed by a receiving agency.",,,1-2
farms.faostat-wcad.holdings-by-land-size,EGY,2009/2010,622844.0,,,,final,"WCA 2010 round, census 2009/10. FAO flag I: Value imputed by a receiving agency.",,,1-2
farms.faostat-wcad.holdings-by-land-size,EGY,2009/2010,196031.0,,,,final,"WCA 2010 round, census 2009/10. FAO flag I: Value imputed by a receiving agency.",,,2-3
farms.faostat-wcad.holdings-by-land-size,EGY,2009/2010,49058.0,,,,final,"WCA 2010 round, census 2009/10. FAO flag I: Value imputed by a receiving agency.",,,3-4
farms.faostat-wcad.holdings-by-land-size,EGY,2009/2010,36551.0,,,,final,"WCA 2010 round, census 2009/10. FAO flag I: Value imputed by a receiving agency.",,,4-5
farms.faostat-wcad.holdings-by-land-size,EGY,1929,136054.0,,,,final,"WCA 1930 round, census 1929. FAO flag I: Value imputed by a receiving agency.",,,2-5
farms.faostat-wcad.holdings-by-land-size,EGY,1990,243402.0,,,,final,"WCA 1990 round, census 1990. FAO flag A: Official figure.",,,2-5
farms.faostat-wcad.holdings-by-land-size,EGY,1999/2000,170625.0,,,,final,"WCA 2000 round, census 1999/00. FAO flag I: Value imputed by a receiving agency.",,,2-5
farms.faostat-wcad.holdings-by-land-size,EGY,1929,45510.0,,,,final,"WCA 1930 round, census 1929. FAO flag I: Value imputed by a receiving agency.",,,5-10
farms.faostat-wcad.holdings-by-land-size,EGY,1990,48318.0,,,,final,"WCA 1990 round, census 1990. FAO flag A: Official figure.",,,5-10
farms.faostat-wcad.holdings-by-land-size,EGY,1999/2000,35996.0,,,,final,"WCA 2000 round, census 1999/00. FAO flag I: Value imputed by a receiving agency.",,,5-10
farms.faostat-wcad.holdings-by-land-size,EGY,2009/2010,72897.0,,,,final,"WCA 2010 round, census 2009/10. FAO flag I: Value imputed by a receiving agency.",,,5-10
farms.faostat-wcad.holdings-by-land-size,EGY,1929,20871.0,,,,final,"WCA 1930 round, census 1929. FAO flag I: Value imputed by a receiving agency.",,,10-20
farms.faostat-wcad.holdings-by-land-size,EGY,1990,18157.0,,,,final,"WCA 1990 round, census 1990. FAO flag A: Official figure.",,,10-20
farms.faostat-wcad.holdings-by-land-size,EGY,1999/2000,10953.0,,,,final,"WCA 2000 round, census 1999/00. FAO flag I: Value imputed by a receiving agency.",,,10-20
farms.faostat-wcad.holdings-by-land-size,EGY,2009/2010,24300.0,,,,final,"WCA 2010 round, census 2009/10. FAO flag I: Value imputed by a receiving agency.",,,10-20
farms.faostat-wcad.holdings-by-land-size,EGY,1929,10869.0,,,,final,"WCA 1930 round, census 1929. FAO flag I: Value imputed by a receiving agency.",,,20-50
farms.faostat-wcad.holdings-by-land-size,EGY,1990,6784.0,,,,final,"WCA 1990 round, census 1990. FAO flag A: Official figure.",,,20-50
farms.faostat-wcad.holdings-by-land-size,EGY,1999/2000,3007.0,,,,final,"WCA 2000 round, census 1999/00. FAO flag I: Value imputed by a receiving agency.",,,20-50
farms.faostat-wcad.holdings-by-land-size,EGY,2009/2010,6897.0,,,,final,"WCA 2010 round, census 2009/10. FAO flag I: Value imputed by a receiving agency.",,,20-50
farms.faostat-wcad.holdings-by-land-size,EGY,1929,3341.0,,,,final,"WCA 1930 round, census 1929. FAO flag I: Value imputed by a receiving agency.",,,50-100
farms.faostat-wcad.holdings-by-land-size,EGY,2009/2010,1202.0,,,,final,"WCA 2010 round, census 2009/10. FAO flag I: Value imputed by a receiving agency.",,,50-100
farms.faostat-wcad.holdings-by-land-size,EGY,1929,1673.0,,,,final,"WCA 1930 round, census 1929. FAO flag I: Value imputed by a receiving agency.",,,100-200
farms.faostat-wcad.holdings-by-land-size,EGY,2009/2010,850.0,,,,final,"WCA 2010 round, census 2009/10. FAO flag I: Value imputed by a receiving agency.",,,100-200
farms.faostat-wcad.holdings-by-land-size,EGY,1929,1004.0,,,,final,"WCA 1930 round, census 1929. FAO flag I: Value imputed by a receiving agency.",,,200-500
farms.faostat-wcad.holdings-by-land-size,EGY,2009/2010,478.0,,,,final,"WCA 2010 round, census 2009/10. FAO flag I: Value imputed by a receiving agency.",,,200-500
farms.faostat-wcad.holdings-by-land-size,ESP,1962,956762.0,,,,final,"WCA 1960 round, census 1962. FAO flag A: Official figure. FAO's note: Includes holdings without land",,,0-1
farms.faostat-wcad.holdings-by-land-size,ESP,1972,586480.0,,,,final,"WCA 1970 round, census 1972. FAO flag A: Official figure.",,,0-1
farms.faostat-wcad.holdings-by-land-size,ESP,1982,594929.0,,,,final,"WCA 1980 round, census 1982. FAO flag A: Official figure.",,,0-1
farms.faostat-wcad.holdings-by-land-size,ESP,1989,654441.0,,,,final,"WCA 1990 round, census 1989. FAO flag A: Official figure.",,,0-1
farms.faostat-wcad.holdings-by-land-size,ESP,1999,455424.0,,,,final,"WCA 2000 round, census 1999. FAO flag A: Official figure.",,,0-1
farms.faostat-wcad.holdings-by-land-size,ESP,2009,157640.0,,,,final,"WCA 2010 round, census 2009. FAO flag I: Value imputed by a receiving agency. FAO's note: UAA",,,0-1
farms.faostat-wcad.holdings-by-land-size,ESP,2020,86585.0,,,,final,"WCA 2020 round, census 2020. FAO flag I: Value imputed by a receiving agency. FAO's note: UAA",,,0-1
farms.faostat-wcad.holdings-by-land-size,ESP,1962,411783.0,,,,final,"WCA 1960 round, census 1962. FAO flag A: Official figure.",,,1-2
farms.faostat-wcad.holdings-by-land-size,ESP,1972,394567.0,,,,final,"WCA 1970 round, census 1972. FAO flag A: Official figure.",,,1-2
farms.faostat-wcad.holdings-by-land-size,ESP,1982,362347.0,,,,final,"WCA 1980 round, census 1982. FAO flag A: Official figure.",,,1-2
farms.faostat-wcad.holdings-by-land-size,ESP,1989,355839.0,,,,final,"WCA 1990 round, census 1989. FAO flag A: Official figure.",,,1-2
farms.faostat-wcad.holdings-by-land-size,ESP,1999,262835.0,,,,final,"WCA 2000 round, census 1999. FAO flag I: Value imputed by a receiving agency.",,,1-2
farms.faostat-wcad.holdings-by-land-size,ESP,2009,270280.0,,,,final,"WCA 2010 round, census 2009. FAO flag A: Official figure. FAO's note: UAA",,,1-2
farms.faostat-wcad.holdings-by-land-size,ESP,2020,176255.0,,,,final,"WCA 2020 round, census 2020. FAO flag I: Value imputed by a receiving agency. FAO's note: UAA",,,1-2
farms.faostat-wcad.holdings-by-land-size,ESP,2009,78909.0,,,,final,"WCA 2010 round, census 2009. FAO flag I: Value imputed by a receiving agency. FAO's note: UAA",,,2-3
farms.faostat-wcad.holdings-by-land-size,ESP,2020,68073.0,,,,final,"WCA 2020 round, census 2020. FAO flag I: Value imputed by a receiving agency. FAO's note: UAA",,,2-3
farms.faostat-wcad.holdings-by-land-size,ESP,2009,78506.0,,,,final,"WCA 2010 round, census 2009. FAO flag I: Value imputed by a receiving agency. FAO's note: UAA",,,3-4
farms.faostat-wcad.holdings-by-land-size,ESP,2020,67725.0,,,,final,"WCA 2020 round, census 2020. FAO flag I: Value imputed by a receiving agency. FAO's note: UAA",,,3-4
farms.faostat-wcad.holdings-by-land-size,ESP,2009,75385.0,,,,final,"WCA 2010 round, census 2009. FAO flag I: Value imputed by a receiving agency. FAO's note: UAA",,,4-5
farms.faostat-wcad.holdings-by-land-size,ESP,2020,65033.0,,,,final,"WCA 2020 round, census 2020. FAO flag I: Value imputed by a receiving agency. FAO's note: UAA",,,4-5
farms.faostat-wcad.holdings-by-land-size,ESP,1962,620018.0,,,,final,"WCA 1960 round, census 1962. FAO flag A: Official figure.",,,2-5
farms.faostat-wcad.holdings-by-land-size,ESP,1972,584333.0,,,,final,"WCA 1970 round, census 1972. FAO flag A: Official figure.",,,2-5
farms.faostat-wcad.holdings-by-land-size,ESP,1982,518439.0,,,,final,"WCA 1980 round, census 1982. FAO flag A: Official figure.",,,2-5
farms.faostat-wcad.holdings-by-land-size,ESP,1989,481345.0,,,,final,"WCA 1990 round, census 1989. FAO flag A: Official figure.",,,2-5
farms.faostat-wcad.holdings-by-land-size,ESP,1999,380293.0,,,,final,"WCA 2000 round, census 1999. FAO flag I: Value imputed by a receiving agency.",,,2-5
farms.faostat-wcad.holdings-by-land-size,ESP,1962,417125.0,,,,final,"WCA 1960 round, census 1962. FAO flag A: Official figure.",,,5-10
farms.faostat-wcad.holdings-by-land-size,ESP,1972,388002.0,,,,final,"WCA 1970 round, census 1972. FAO flag A: Official figure.",,,5-10
farms.faostat-wcad.holdings-by-land-size,ESP,1982,334285.0,,,,final,"WCA 1980 round, census 1982. FAO flag A: Official figure.",,,5-10
farms.faostat-wcad.holdings-by-land-size,ESP,1989,302253.0,,,,final,"WCA 1990 round, census 1989. FAO flag A: Official figure.",,,5-10
farms.faostat-wcad.holdings-by-land-size,ESP,1999,226005.0,,,,final,"WCA 2000 round, census 1999. FAO flag I: Value imputed by a receiving agency.",,,5-10
farms.faostat-wcad.holdings-by-land-size,ESP,2009,141850.0,,,,final,"WCA 2010 round, census 2009. FAO flag A: Official figure. FAO's note: UAA",,,5-10
farms.faostat-wcad.holdings-by-land-size,ESP,2020,131900.0,,,,final,"WCA 2020 round, census 2020. FAO flag A: Official figure. FAO's note: UAA",,,5-10
farms.faostat-wcad.holdings-by-land-size,ESP,1962,300996.0,,,,final,"WCA 1960 round, census 1962. FAO flag A: Official figure.",,,10-20
farms.faostat-wcad.holdings-by-land-size,ESP,1972,271160.0,,,,final,"WCA 1970 round, census 1972. FAO flag A: Official figure.",,,10-20
farms.faostat-wcad.holdings-by-land-size,ESP,1982,241925.0,,,,final,"WCA 1980 round, census 1982. FAO flag A: Official figure.",,,10-20
farms.faostat-wcad.holdings-by-land-size,ESP,1989,216649.0,,,,final,"WCA 1990 round, census 1989. FAO flag A: Official figure.",,,10-20
farms.faostat-wcad.holdings-by-land-size,ESP,1999,177104.0,,,,final,"WCA 2000 round, census 1999. FAO flag I: Value imputed by a receiving agency.",,,10-20
farms.faostat-wcad.holdings-by-land-size,ESP,2009,110960.0,,,,final,"WCA 2010 round, census 2009. FAO flag A: Official figure. FAO's note: UAA",,,10-20
farms.faostat-wcad.holdings-by-land-size,ESP,2020,103590.0,,,,final,"WCA 2020 round, census 2020. FAO flag A: Official figure. FAO's note: UAA",,,10-20
farms.faostat-wcad.holdings-by-land-size,ESP,1962,196001.0,,,,final,"WCA 1960 round, census 1962. FAO flag A: Official figure.",,,20-50
farms.faostat-wcad.holdings-by-land-size,ESP,1972,181443.0,,,,final,"WCA 1970 round, census 1972. FAO flag A: Official figure.",,,20-50
farms.faostat-wcad.holdings-by-land-size,ESP,1982,168253.0,,,,final,"WCA 1980 round, census 1982. FAO flag A: Official figure.",,,20-50
farms.faostat-wcad.holdings-by-land-size,ESP,1989,154712.0,,,,final,"WCA 1990 round, census 1989. FAO flag A: Official figure.",,,20-50
farms.faostat-wcad.holdings-by-land-size,ESP,1999,137010.0,,,,final,"WCA 2000 round, census 1999. FAO flag A: Official figure.",,,20-50
farms.faostat-wcad.holdings-by-land-size,ESP,2009,107740.0,,,,final,"WCA 2010 round, census 2009. FAO flag A: Official figure. FAO's note: UAA",,,20-50
farms.faostat-wcad.holdings-by-land-size,ESP,2020,101480.0,,,,final,"WCA 2020 round, census 2020. FAO flag A: Official figure. FAO's note: UAA",,,20-50
farms.faostat-wcad.holdings-by-land-size,ESP,1962,51672.0,,,,final,"WCA 1960 round, census 1962. FAO flag A: Official figure.",,,50-100
farms.faostat-wcad.holdings-by-land-size,ESP,1972,59102.0,,,,final,"WCA 1970 round, census 1972. FAO flag A: Official figure.",,,50-100
farms.faostat-wcad.holdings-by-land-size,ESP,1982,61618.0,,,,final,"WCA 1980 round, census 1982. FAO flag A: Official figure.",,,50-100
farms.faostat-wcad.holdings-by-land-size,ESP,1989,59040.0,,,,final,"WCA 1990 round, census 1989. FAO flag A: Official figure.",,,50-100
farms.faostat-wcad.holdings-by-land-size,ESP,1999,58994.0,,,,final,"WCA 2000 round, census 1999. FAO flag A: Official figure.",,,50-100
farms.faostat-wcad.holdings-by-land-size,ESP,2009,52470.0,,,,final,"WCA 2010 round, census 2009. FAO flag A: Official figure. FAO's note: UAA",,,50-100
farms.faostat-wcad.holdings-by-land-size,ESP,2020,50490.0,,,,final,"WCA 2020 round, census 2020. FAO flag A: Official figure. FAO's note: UAA",,,50-100
farms.faostat-wcad.holdings-by-land-size,ESP,1962,24556.0,,,,final,"WCA 1960 round, census 1962. FAO flag A: Official figure.",,,100-200
farms.faostat-wcad.holdings-by-land-size,ESP,1972,29063.0,,,,final,"WCA 1970 round, census 1972. FAO flag A: Official figure.",,,100-200
farms.faostat-wcad.holdings-by-land-size,ESP,1982,31118.0,,,,final,"WCA 1980 round, census 1982. FAO flag A: Official figure.",,,100-200
farms.faostat-wcad.holdings-by-land-size,ESP,1989,29544.0,,,,final,"WCA 1990 round, census 1989. FAO flag A: Official figure.",,,100-200
farms.faostat-wcad.holdings-by-land-size,ESP,1999,33278.0,,,,final,"WCA 2000 round, census 1999. FAO flag I: Value imputed by a receiving agency.",,,100-200
farms.faostat-wcad.holdings-by-land-size,ESP,2009,51190.0,,,,final,"WCA 2010 round, census 2009. FAO flag A: Official figure. FAO's note: UAA",,,100-200
farms.faostat-wcad.holdings-by-land-size,ESP,2020,55780.0,,,,final,"WCA 2020 round, census 2020. FAO flag A: Official figure. FAO's note: UAA",,,100-200
farms.faostat-wcad.holdings-by-land-size,ESP,1962,17151.0,,,,final,"WCA 1960 round, census 1962. FAO flag A: Official figure.",,,200-500
farms.faostat-wcad.holdings-by-land-size,ESP,1972,19452.0,,,,final,"WCA 1970 round, census 1972. FAO flag A: Official figure.",,,200-500
farms.faostat-wcad.holdings-by-land-size,ESP,1982,19240.0,,,,final,"WCA 1980 round, census 1982. FAO flag A: Official figure.",,,200-500
farms.faostat-wcad.holdings-by-land-size,ESP,1989,18934.0,,,,final,"WCA 1990 round, census 1989. FAO flag A: Official figure.",,,200-500
farms.faostat-wcad.holdings-by-land-size,ESP,1999,21594.0,,,,final,"WCA 2000 round, census 1999. FAO flag I: Value imputed by a receiving agency.",,,200-500
farms.faostat-wcad.holdings-by-land-size,ESP,1962,6728.0,,,,final,"WCA 1960 round, census 1962. FAO flag A: Official figure.",,,500-1000
farms.faostat-wcad.holdings-by-land-size,ESP,1972,6955.0,,,,final,"WCA 1970 round, census 1972. FAO flag A: Official figure.",,,500-1000
farms.faostat-wcad.holdings-by-land-size,ESP,1982,6947.0,,,,final,"WCA 1980 round, census 1982. FAO flag A: Official figure.",,,500-1000
farms.faostat-wcad.holdings-by-land-size,ESP,1989,7104.0,,,,final,"WCA 1990 round, census 1989. FAO flag A: Official figure.",,,500-1000
farms.faostat-wcad.holdings-by-land-size,ESP,1999,11919.0,,,,final,"WCA 2000 round, census 1999. FAO flag A: Official figure.",,,500-1000
farms.faostat-wcad.holdings-by-land-size,ESP,1962,4834.0,,,,final,"WCA 1960 round, census 1962. FAO flag A: Official figure.",,,1000-plus
farms.faostat-wcad.holdings-by-land-size,ESP,1972,5045.0,,,,final,"WCA 1970 round, census 1972. FAO flag A: Official figure.",,,1000-plus
farms.faostat-wcad.holdings-by-land-size,ESP,1982,4911.0,,,,final,"WCA 1980 round, census 1982. FAO flag A: Official figure.",,,1000-plus
farms.faostat-wcad.holdings-by-land-size,ESP,1989,5083.0,,,,final,"WCA 1990 round, census 1989. FAO flag A: Official figure.",,,1000-plus
farms.faostat-wcad.holdings-by-land-size,EST,2001,13450.0,,,,final,"WCA 2000 round, census 2001. FAO flag A: Official figure. FAO's note: Agricultural area",,,0-1
farms.faostat-wcad.holdings-by-land-size,EST,2010,728.0,,,,final,"WCA 2010 round, census 2010. FAO flag I: Value imputed by a receiving agency. FAO's note: UAA",,,0-1
farms.faostat-wcad.holdings-by-land-size,EST,2020,72.0,,,,final,"WCA 2020 round, census 2020. FAO flag I: Value imputed by a receiving agency. FAO's note: UAA",,,0-1
farms.faostat-wcad.holdings-by-land-size,EST,1929,3975.0,,,,final,"WCA 1930 round, census 1929. FAO flag I: Value imputed by a receiving agency.",,,1-2
farms.faostat-wcad.holdings-by-land-size,EST,2001,14065.0,,,,final,"WCA 2000 round, census 2001. FAO flag A: Official figure. FAO's note: Agricultural area",,,1-2
farms.faostat-wcad.holdings-by-land-size,EST,2010,1482.0,,,,final,"WCA 2010 round, census 2010. FAO flag I: Value imputed by a receiving agency. FAO's note: UAA",,,1-2
farms.faostat-wcad.holdings-by-land-size,EST,2020,148.0,,,,final,"WCA 2020 round, census 2020. FAO flag I: Value imputed by a receiving agency. FAO's note: UAA",,,1-2
farms.faostat-wcad.holdings-by-land-size,EST,2010,1441.0,,,,final,"WCA 2010 round, census 2010. FAO flag I: Value imputed by a receiving agency. FAO's note: UAA",,,2-3
farms.faostat-wcad.holdings-by-land-size,EST,2020,244.0,,,,final,"WCA 2020 round, census 2020. FAO flag I: Value imputed by a receiving agency. FAO's note: UAA",,,2-3
farms.faostat-wcad.holdings-by-land-size,EST,2010,1433.0,,,,final,"WCA 2010 round, census 2010. FAO flag I: Value imputed by a receiving agency. FAO's note: UAA",,,3-4
farms.faostat-wcad.holdings-by-land-size,EST,2020,243.0,,,,final,"WCA 2020 round, census 2020. FAO flag I: Value imputed by a receiving agency. FAO's note: UAA",,,3-4
farms.faostat-wcad.holdings-by-land-size,EST,2010,1376.0,,,,final,"WCA 2010 round, census 2010. FAO flag I: Value imputed by a receiving agency. FAO's note: UAA",,,4-5
farms.faostat-wcad.holdings-by-land-size,EST,2020,233.0,,,,final,"WCA 2020 round, census 2020. FAO flag I: Value imputed by a receiving agency. FAO's note: UAA",,,4-5
farms.faostat-wcad.holdings-by-land-size,EST,1929,19481.0,,,,final,"WCA 1930 round, census 1929. FAO flag I: Value imputed by a receiving agency.",,,2-5
farms.faostat-wcad.holdings-by-land-size,EST,2001,16545.0,,,,final,"WCA 2000 round, census 2001. FAO flag A: Official figure. FAO's note: Agricultural area",,,2-5
farms.faostat-wcad.holdings-by-land-size,EST,1929,21600.0,,,,final,"WCA 1930 round, census 1929. FAO flag A: Official figure.",,,5-10
farms.faostat-wcad.holdings-by-land-size,EST,2001,10818.0,,,,final,"WCA 2000 round, census 2001. FAO flag A: Official figure. FAO's note: Agricultural area",,,5-10
farms.faostat-wcad.holdings-by-land-size,EST,2010,4070.0,,,,final,"WCA 2010 round, census 2010. FAO flag A: Official figure. FAO's note: UAA",,,5-10
farms.faostat-wcad.holdings-by-land-size,EST,2020,2910.0,,,,final,"WCA 2020 round, census 2020. FAO flag A: Official figure. FAO's note: UAA",,,5-10
farms.faostat-wcad.holdings-by-land-size,EST,1929,34977.0,,,,final,"WCA 1930 round, census 1929. FAO flag A: Official figure.",,,10-20
farms.faostat-wcad.holdings-by-land-size,EST,2001,7759.0,,,,final,"WCA 2000 round, census 2001. FAO flag A: Official figure. FAO's note: Agricultural area",,,10-20
farms.faostat-wcad.holdings-by-land-size,EST,2010,3470.0,,,,final,"WCA 2010 round, census 2010. FAO flag A: Official figure. FAO's note: UAA",,,10-20
farms.faostat-wcad.holdings-by-land-size,EST,2020,2260.0,,,,final,"WCA 2020 round, census 2020. FAO flag A: Official figure. FAO's note: UAA",,,10-20
farms.faostat-wcad.holdings-by-land-size,EST,1929,46420.0,,,,final,"WCA 1930 round, census 1929. FAO flag A: Official figure.",,,20-50
farms.faostat-wcad.holdings-by-land-size,EST,2001,4239.0,,,,final,"WCA 2000 round, census 2001. FAO flag A: Official figure. FAO's note: Agricultural area",,,20-50
farms.faostat-wcad.holdings-by-land-size,EST,2010,2650.0,,,,final,"WCA 2010 round, census 2010. FAO flag A: Official figure. FAO's note: UAA",,,20-50
farms.faostat-wcad.holdings-by-land-size,EST,2020,2040.0,,,,final,"WCA 2020 round, census 2020. FAO flag A: Official figure. FAO's note: UAA",,,20-50
farms.faostat-wcad.holdings-by-land-size,EST,1929,6433.0,,,,final,"WCA 1930 round, census 1929. FAO flag A: Official figure.",,,50-100
farms.faostat-wcad.holdings-by-land-size,EST,2001,973.0,,,,final,"WCA 2000 round, census 2001. FAO flag A: Official figure. FAO's note: Agricultural area",,,50-100
farms.faostat-wcad.holdings-by-land-size,EST,2010,1090.0,,,,final,"WCA 2010 round, census 2010. FAO flag A: Official figure. FAO's note: UAA",,,50-100
farms.faostat-wcad.holdings-by-land-size,EST,2020,1040.0,,,,final,"WCA 2020 round, census 2020. FAO flag A: Official figure. FAO's note: UAA",,,50-100
farms.faostat-wcad.holdings-by-land-size,EST,1929,471.0,,,,final,"WCA 1930 round, census 1929. FAO flag A: Official figure.",,,100-200
farms.faostat-wcad.holdings-by-land-size,EST,2001,1020.0,,,,final,"WCA 2000 round, census 2001. FAO flag A: Official figure. FAO's note: Agricultural area",,,100-200
farms.faostat-wcad.holdings-by-land-size,EST,2010,1720.0,,,,final,"WCA 2010 round, census 2010. FAO flag A: Official figure. FAO's note: UAA",,,100-200
farms.faostat-wcad.holdings-by-land-size,EST,2020,1930.0,,,,final,"WCA 2020 round, census 2020. FAO flag A: Official figure. FAO's note: UAA",,,100-200
farms.faostat-wcad.holdings-by-land-size,ETH,1977,2237400.0,,,,final,"WCA 1980 round, census 1977. FAO flag A: Official figure. FAO's note: Data refer to individual holdings only.",,,0-1
farms.faostat-wcad.holdings-by-land-size,ETH,1989/1992,4392500.0,,,,final,"WCA 1990 round, census 1989-1992. FAO flag A: Official figure.",,,0-1
farms.faostat-wcad.holdings-by-land-size,ETH,2001/2002,6762166.0,,,,final,"WCA 2000 round, census 2001/02. FAO flag A: Official figure.",,,0-1
farms.faostat-wcad.holdings-by-land-size,ETH,1977,1278200.0,,,,final,"WCA 1980 round, census 1977. FAO flag A: Official figure. FAO's note: Data refer to individual holdings only.",,,1-2
farms.faostat-wcad.holdings-by-land-size,ETH,1989/1992,1227640.0,,,,final,"WCA 1990 round, census 1989-1992. FAO flag A: Official figure.",,,1-2
farms.faostat-wcad.holdings-by-land-size,ETH,2001/2002,2612288.0,,,,final,"WCA 2000 round, census 2001/02. FAO flag A: Official figure.",,,1-2
farms.faostat-wcad.holdings-by-land-size,ETH,1977,949600.0,,,,final,"WCA 1980 round, census 1977. FAO flag A: Official figure. FAO's note: Data refer to individual holdings only.",,,2-5
farms.faostat-wcad.holdings-by-land-size,ETH,1989/1992,452670.0,,,,final,"WCA 1990 round, census 1989-1992. FAO flag A: Official figure.",,,2-5
farms.faostat-wcad.holdings-by-land-size,ETH,2001/2002,1276773.0,,,,final,"WCA 2000 round, census 2001/02. FAO flag A: Official figure.",,,2-5
farms.faostat-wcad.holdings-by-land-size,ETH,1977,164000.0,,,,final,"WCA 1980 round, census 1977. FAO flag A: Official figure. FAO's note: Data refer to individual holdings only.",,,5-10
farms.faostat-wcad.holdings-by-land-size,ETH,1989/1992,18040.0,,,,final,"WCA 1990 round, census 1989-1992. FAO flag A: Official figure.",,,5-10
farms.faostat-wcad.holdings-by-land-size,ETH,2001/2002,97037.0,,,,final,"WCA 2000 round, census 2001/02. FAO flag A: Official figure.",,,5-10
farms.faostat-wcad.holdings-by-land-size,ETH,1977,8200.0,,,,final,"WCA 1980 round, census 1977. FAO flag A: Official figure. FAO's note: Data refer to individual holdings only.",,,10-20
farms.faostat-wcad.holdings-by-land-size,ETH,1989/1992,990.0,,,,final,"WCA 1990 round, census 1989-1992. FAO flag A: Official figure.",,,10-20
farms.faostat-wcad.holdings-by-land-size,ETH,2001/2002,10333.0,,,,final,"WCA 2000 round, census 2001/02. FAO flag A: Official figure.",,,10-20
farms.faostat-wcad.holdings-by-land-size,FIN,1929/1930,37987.0,,,,final,"WCA 1930 round, census 1929/30. FAO flag A: Official figure.",,,0-1
farms.faostat-wcad.holdings-by-land-size,FIN,1950,76227.0,,,,final,"WCA 1950 round, census 1950. FAO flag I: Value imputed by a receiving agency.",,,0-1
farms.faostat-wcad.holdings-by-land-size,FIN,1959/1960,56699.0,,,,final,"WCA 1960 round, census 1959/60. FAO flag A: Official figure.",,,0-1
farms.faostat-wcad.holdings-by-land-size,FIN,2010,474.0,,,,final,"WCA 2010 round, census 2010. FAO flag I: Value imputed by a receiving agency. FAO's note: UAA",,,0-1
farms.faostat-wcad.holdings-by-land-size,FIN,2020,194.0,,,,final,"WCA 2020 round, census 2020. FAO flag I: Value imputed by a receiving agency. FAO's note: UAA",,,0-1
farms.faostat-wcad.holdings-by-land-size,FIN,1929/1930,40114.0,,,,final,"WCA 1930 round, census 1929/30. FAO flag A: Official figure.",,,1-2
farms.faostat-wcad.holdings-by-land-size,FIN,1950,127678.0,,,,final,"WCA 1950 round, census 1950. FAO flag I: Value imputed by a receiving agency.",,,1-2
farms.faostat-wcad.holdings-by-land-size,FIN,1959/1960,46485.0,,,,final,"WCA 1960 round, census 1959/60. FAO flag A: Official figure.",,,1-2
farms.faostat-wcad.holdings-by-land-size,FIN,1969/1970,33573.0,,,,final,"WCA 1970 round, census 1969/70. FAO flag A: Official figure.",,,1-2
farms.faostat-wcad.holdings-by-land-size,FIN,1980,20673.0,,,,final,"WCA 1980 round, census 1980. FAO flag A: Official figure.",,,1-2
farms.faostat-wcad.holdings-by-land-size,FIN,1990,27114.0,,,,final,"WCA 1990 round, census 1990. FAO flag A: Official figure. FAO's note: Arable area. < 2 ha",,,1-2
farms.faostat-wcad.holdings-by-land-size,FIN,1999/2000,2750.0,,,,final,"WCA 2000 round, census 1999/00. FAO flag A: Official figure. FAO's note: Agricultural area. < 2 ha",,,1-2
farms.faostat-wcad.holdings-by-land-size,FIN,2010,966.0,,,,final,"WCA 2010 round, census 2010. FAO flag I: Value imputed by a receiving agency. FAO's note: UAA",,,1-2
farms.faostat-wcad.holdings-by-land-size,FIN,2020,396.0,,,,final,"WCA 2020 round, census 2020. FAO flag I: Value imputed by a receiving agency. FAO's note: UAA",,,1-2
farms.faostat-wcad.holdings-by-land-size,FIN,2010,1471.0,,,,final,"WCA 2010 round, census 2010. FAO flag I: Value imputed by a receiving agency. FAO's note: UAA",,,2-3
farms.faostat-wcad.holdings-by-land-size,FIN,2020,190.0,,,,final,"WCA 2020 round, census 2020. FAO flag I: Value imputed by a receiving agency. FAO's note: UAA",,,2-3
farms.faostat-wcad.holdings-by-land-size,FIN,2010,1464.0,,,,final,"WCA 2010 round, census 2010. FAO flag I: Value imputed by a receiving agency. FAO's note: UAA",,,3-4
farms.faostat-wcad.holdings-by-land-size,FIN,2020,189.0,,,,final,"WCA 2020 round, census 2020. FAO flag I: Value imputed by a receiving agency. FAO's note: UAA",,,3-4
farms.faostat-wcad.holdings-by-land-size,FIN,2010,1405.0,,,,final,"WCA 2010 round, census 2010. FAO flag I: Value imputed by a receiving agency. FAO's note: UAA",,,4-5
farms.faostat-wcad.holdings-by-land-size,FIN,2020,181.0,,,,final,"WCA 2020 round, census 2020. FAO flag I: Value imputed by a receiving agency. FAO's note: UAA",,,4-5
farms.faostat-wcad.holdings-by-land-size,FIN,1929/1930,78792.0,,,,final,"WCA 1930 round, census 1929/30. FAO flag A: Official figure.",,,2-5
farms.faostat-wcad.holdings-by-land-size,FIN,1950,99400.0,,,,final,"WCA 1950 round, census 1950. FAO flag A: Official figure.",,,2-5
farms.faostat-wcad.holdings-by-land-size,FIN,1959/1960,101173.0,,,,final,"WCA 1960 round, census 1959/60. FAO flag A: Official figure.",,,2-5
farms.faostat-wcad.holdings-by-land-size,FIN,1969/1970,75223.0,,,,final,"WCA 1970 round, census 1969/70. FAO flag A: Official figure.",,,2-5
farms.faostat-wcad.holdings-by-land-size,FIN,1980,48771.0,,,,final,"WCA 1980 round, census 1980. FAO flag A: Official figure.",,,2-5
farms.faostat-wcad.holdings-by-land-size,FIN,1990,41901.0,,,,final,"WCA 1990 round, census 1990. FAO flag A: Official figure. FAO's note: Arable area",,,2-5
farms.faostat-wcad.holdings-by-land-size,FIN,1999/2000,5780.0,,,,final,"WCA 2000 round, census 1999/00. FAO flag A: Official figure. FAO's note: Agricultural area",,,2-5
farms.faostat-wcad.holdings-by-land-size,FIN,1929/1930,62584.0,,,,final,"WCA 1930 round, census 1929/30. FAO flag A: Official figure.",,,5-10
farms.faostat-wcad.holdings-by-land-size,FIN,1950,88434.0,,,,final,"WCA 1950 round, census 1950. FAO flag A: Official figure.",,,5-10
farms.faostat-wcad.holdings-by-land-size,FIN,1959/1960,101848.0,,,,final,"WCA 1960 round, census 1959/60. FAO flag A: Official figure.",,,5-10
farms.faostat-wcad.holdings-by-land-size,FIN,1969/1970,97935.0,,,,final,"WCA 1970 round, census 1969/70. FAO flag A: Official figure.",,,5-10
farms.faostat-wcad.holdings-by-land-size,FIN,1980,69172.0,,,,final,"WCA 1980 round, census 1980. FAO flag A: Official figure.",,,5-10
farms.faostat-wcad.holdings-by-land-size,FIN,1990,42786.0,,,,final,"WCA 1990 round, census 1990. FAO flag A: Official figure. FAO's note: Arable area",,,5-10
farms.faostat-wcad.holdings-by-land-size,FIN,1999/2000,11120.0,,,,final,"WCA 2000 round, census 1999/00. FAO flag A: Official figure. FAO's note: Agricultural area",,,5-10
farms.faostat-wcad.holdings-by-land-size,FIN,2010,7970.0,,,,final,"WCA 2010 round, census 2010. FAO flag A: Official figure. FAO's note: UAA",,,5-10
farms.faostat-wcad.holdings-by-land-size,FIN,2020,6140.0,,,,final,"WCA 2020 round, census 2020. FAO flag A: Official figure. FAO's note: UAA",,,5-10
farms.faostat-wcad.holdings-by-land-size,FIN,1929/1930,41941.0,,,,final,"WCA 1930 round, census 1929/30. FAO flag I: Value imputed by a receiving agency.",,,10-20
farms.faostat-wcad.holdings-by-land-size,FIN,1950,54276.0,,,,final,"WCA 1950 round, census 1950. FAO flag A: Official figure.",,,10-20
farms.faostat-wcad.holdings-by-land-size,FIN,1959/1960,62224.0,,,,final,"WCA 1960 round, census 1959/60. FAO flag A: Official figure.",,,10-20
farms.faostat-wcad.holdings-by-land-size,FIN,1969/1970,67989.0,,,,final,"WCA 1970 round, census 1969/70. FAO flag A: Official figure.",,,10-20
farms.faostat-wcad.holdings-by-land-size,FIN,1980,56806.0,,,,final,"WCA 1980 round, census 1980. FAO flag A: Official figure.",,,10-20
farms.faostat-wcad.holdings-by-land-size,FIN,1990,47665.0,,,,final,"WCA 1990 round, census 1990. FAO flag A: Official figure. FAO's note: Arable area",,,10-20
farms.faostat-wcad.holdings-by-land-size,FIN,1999/2000,20220.0,,,,final,"WCA 2000 round, census 1999/00. FAO flag A: Official figure. FAO's note: Agricultural area",,,10-20
farms.faostat-wcad.holdings-by-land-size,FIN,2010,13340.0,,,,final,"WCA 2010 round, census 2010. FAO flag A: Official figure. FAO's note: UAA",,,10-20
farms.faostat-wcad.holdings-by-land-size,FIN,2020,8810.0,,,,final,"WCA 2020 round, census 2020. FAO flag A: Official figure. FAO's note: UAA",,,10-20
farms.faostat-wcad.holdings-by-land-size,FIN,1929/1930,22056.0,,,,final,"WCA 1930 round, census 1929/30. FAO flag I: Value imputed by a receiving agency.",,,20-50
farms.faostat-wcad.holdings-by-land-size,FIN,1950,18133.0,,,,final,"WCA 1950 round, census 1950. FAO flag A: Official figure.",,,20-50
farms.faostat-wcad.holdings-by-land-size,FIN,1959/1960,17961.0,,,,final,"WCA 1960 round, census 1959/60. FAO flag A: Official figure.",,,20-50
farms.faostat-wcad.holdings-by-land-size,FIN,1969/1970,20625.0,,,,final,"WCA 1970 round, census 1969/70. FAO flag A: Official figure.",,,20-50
farms.faostat-wcad.holdings-by-land-size,FIN,1980,26346.0,,,,final,"WCA 1980 round, census 1980. FAO flag A: Official figure.",,,20-50
farms.faostat-wcad.holdings-by-land-size,FIN,1990,35108.0,,,,final,"WCA 1990 round, census 1990. FAO flag A: Official figure. FAO's note: Arable area",,,20-50
farms.faostat-wcad.holdings-by-land-size,FIN,1999/2000,30360.0,,,,final,"WCA 2000 round, census 1999/00. FAO flag A: Official figure. FAO's note: Agricultural area",,,20-50
farms.faostat-wcad.holdings-by-land-size,FIN,2010,21730.0,,,,final,"WCA 2010 round, census 2010. FAO flag A: Official figure. FAO's note: UAA",,,20-50
farms.faostat-wcad.holdings-by-land-size,FIN,2020,14090.0,,,,final,"WCA 2020 round, census 2020. FAO flag A: Official figure. FAO's note: UAA",,,20-50
farms.faostat-wcad.holdings-by-land-size,FIN,1929/1930,2865.0,,,,final,"WCA 1930 round, census 1929/30. FAO flag A: Official figure.",,,50-100
farms.faostat-wcad.holdings-by-land-size,FIN,1950,1284.0,,,,final,"WCA 1950 round, census 1950. FAO flag A: Official figure.",,,50-100
farms.faostat-wcad.holdings-by-land-size,FIN,1959/1960,1335.0,,,,final,"WCA 1960 round, census 1959/60. FAO flag A: Official figure.",,,50-100
farms.faostat-wcad.holdings-by-land-size,FIN,1969/1970,1620.0,,,,final,"WCA 1970 round, census 1969/70. FAO flag A: Official figure.",,,50-100
farms.faostat-wcad.holdings-by-land-size,FIN,1980,2566.0,,,,final,"WCA 1980 round, census 1980. FAO flag A: Official figure.",,,50-100
farms.faostat-wcad.holdings-by-land-size,FIN,1990,4311.0,,,,final,"WCA 1990 round, census 1990. FAO flag A: Official figure. FAO's note: Arable area",,,50-100
farms.faostat-wcad.holdings-by-land-size,FIN,1999/2000,9270.0,,,,final,"WCA 2000 round, census 1999/00. FAO flag A: Official figure. FAO's note: Agricultural area",,,50-100
farms.faostat-wcad.holdings-by-land-size,FIN,2010,10840.0,,,,final,"WCA 2010 round, census 2010. FAO flag A: Official figure. FAO's note: UAA",,,50-100
farms.faostat-wcad.holdings-by-land-size,FIN,2020,9250.0,,,,final,"WCA 2020 round, census 2020. FAO flag A: Official figure. FAO's note: UAA",,,50-100
farms.faostat-wcad.holdings-by-land-size,FIN,1929/1930,832.0,,,,final,"WCA 1930 round, census 1929/30. FAO flag A: Official figure.",,,100-200
farms.faostat-wcad.holdings-by-land-size,FIN,1950,223.0,,,,final,"WCA 1950 round, census 1950. FAO flag A: Official figure.",,,100-200
farms.faostat-wcad.holdings-by-land-size,FIN,1959/1960,237.0,,,,final,"WCA 1960 round, census 1959/60. FAO flag A: Official figure.",,,100-200
farms.faostat-wcad.holdings-by-land-size,FIN,1969/1970,292.0,,,,final,"WCA 1970 round, census 1969/70. FAO flag A: Official figure.",,,100-200
farms.faostat-wcad.holdings-by-land-size,FIN,1980,387.0,,,,final,"WCA 1980 round, census 1980. FAO flag A: Official figure.",,,100-200
farms.faostat-wcad.holdings-by-land-size,FIN,1990,500.0,,,,final,"WCA 1990 round, census 1990. FAO flag A: Official figure. FAO's note: Arable area",,,100-200
farms.faostat-wcad.holdings-by-land-size,FIN,1999/2000,1700.0,,,,final,"WCA 2000 round, census 1999/00. FAO flag A: Official figure. FAO's note: Agricultural area",,,100-200
farms.faostat-wcad.holdings-by-land-size,FIN,2010,3820.0,,,,final,"WCA 2010 round, census 2010. FAO flag A: Official figure. FAO's note: UAA",,,100-200
farms.faostat-wcad.holdings-by-land-size,FIN,2020,5950.0,,,,final,"WCA 2020 round, census 2020. FAO flag A: Official figure. FAO's note: UAA",,,100-200
farms.faostat-wcad.holdings-by-land-size,FJI,1968/1969,8156.0,,,,final,"WCA 1970 round, census 1968/69. FAO flag I: Value imputed by a receiving agency.",,,0-1
farms.faostat-wcad.holdings-by-land-size,FJI,1978/1979,42662.0,,,,final,"WCA 1980 round, census 1978/79. FAO flag A: Official figure.",,,0-1
farms.faostat-wcad.holdings-by-land-size,FJI,1991,41320.0,,,,final,"WCA 1990 round, census 1991. FAO flag A: Official figure.",,,0-1
farms.faostat-wcad.holdings-by-land-size,FJI,2009,28564.0,,,,final,"WCA 2010 round, census 2009. FAO flag A: Official figure.",,,0-1
farms.faostat-wcad.holdings-by-land-size,FJI,2020,44477.0,,,,final,"WCA 2020 round, census 2020. FAO flag A: Official figure.",,,0-1
farms.faostat-wcad.holdings-by-land-size,FJI,1968/1969,3697.0,,,,final,"WCA 1970 round, census 1968/69. FAO flag I: Value imputed by a receiving agency.",,,1-2
farms.faostat-wcad.holdings-by-land-size,FJI,1978/1979,4427.0,,,,final,"WCA 1980 round, census 1978/79. FAO flag A: Official figure.",,,1-2
farms.faostat-wcad.holdings-by-land-size,FJI,1991,11211.0,,,,final,"WCA 1990 round, census 1991. FAO flag A: Official figure.",,,1-2
farms.faostat-wcad.holdings-by-land-size,FJI,2009,9212.0,,,,final,"WCA 2010 round, census 2009. FAO flag I: Value imputed by a receiving agency.",,,1-2
farms.faostat-wcad.holdings-by-land-size,FJI,2020,7701.0,,,,final,"WCA 2020 round, census 2020. FAO flag I: Value imputed by a receiving agency.",,,1-2
farms.faostat-wcad.holdings-by-land-size,FJI,2009,7991.0,,,,final,"WCA 2010 round, census 2009. FAO flag I: Value imputed by a receiving agency.",,,2-3
farms.faostat-wcad.holdings-by-land-size,FJI,2020,6680.0,,,,final,"WCA 2020 round, census 2020. FAO flag I: Value imputed by a receiving agency.",,,2-3
farms.faostat-wcad.holdings-by-land-size,FJI,2009,4221.0,,,,final,"WCA 2010 round, census 2009. FAO flag I: Value imputed by a receiving agency.",,,3-4
farms.faostat-wcad.holdings-by-land-size,FJI,2020,2270.0,,,,final,"WCA 2020 round, census 2020. FAO flag I: Value imputed by a receiving agency.",,,3-4
farms.faostat-wcad.holdings-by-land-size,FJI,2009,3691.0,,,,final,"WCA 2010 round, census 2009. FAO flag I: Value imputed by a receiving agency.",,,4-5
farms.faostat-wcad.holdings-by-land-size,FJI,2020,1985.0,,,,final,"WCA 2020 round, census 2020. FAO flag I: Value imputed by a receiving agency.",,,4-5
farms.faostat-wcad.holdings-by-land-size,FJI,1968/1969,8037.0,,,,final,"WCA 1970 round, census 1968/69. FAO flag I: Value imputed by a receiving agency.",,,2-5
farms.faostat-wcad.holdings-by-land-size,FJI,1978/1979,9283.0,,,,final,"WCA 1980 round, census 1978/79. FAO flag A: Official figure.",,,2-5
farms.faostat-wcad.holdings-by-land-size,FJI,1991,18703.0,,,,final,"WCA 1990 round, census 1991. FAO flag A: Official figure.",,,2-5
farms.faostat-wcad.holdings-by-land-size,FJI,1968/1969,7981.0,,,,final,"WCA 1970 round, census 1968/69. FAO flag I: Value imputed by a receiving agency.",,,5-10
farms.faostat-wcad.holdings-by-land-size,FJI,1978/1979,5382.0,,,,final,"WCA 1980 round, census 1978/79. FAO flag A: Official figure.",,,5-10
farms.faostat-wcad.holdings-by-land-size,FJI,1991,12703.0,,,,final,"WCA 1990 round, census 1991. FAO flag A: Official figure.",,,5-10
farms.faostat-wcad.holdings-by-land-size,FJI,2009,6917.0,,,,final,"WCA 2010 round, census 2009. FAO flag A: Official figure.",,,5-10
farms.faostat-wcad.holdings-by-land-size,FJI,2020,3000.0,,,,final,"WCA 2020 round, census 2020. FAO flag A: Official figure.",,,5-10
farms.faostat-wcad.holdings-by-land-size,FJI,1968/1969,3671.0,,,,final,"WCA 1970 round, census 1968/69. FAO flag I: Value imputed by a receiving agency.",,,10-20
farms.faostat-wcad.holdings-by-land-size,FJI,1978/1979,2427.0,,,,final,"WCA 1980 round, census 1978/79. FAO flag A: Official figure.",,,10-20
farms.faostat-wcad.holdings-by-land-size,FJI,1991,6332.0,,,,final,"WCA 1990 round, census 1991. FAO flag A: Official figure.",,,10-20
farms.faostat-wcad.holdings-by-land-size,FJI,2009,3041.0,,,,final,"WCA 2010 round, census 2009. FAO flag A: Official figure.",,,10-20
farms.faostat-wcad.holdings-by-land-size,FJI,2020,1355.0,,,,final,"WCA 2020 round, census 2020. FAO flag A: Official figure.",,,10-20
farms.faostat-wcad.holdings-by-land-size,FJI,1968/1969,1478.0,,,,final,"WCA 1970 round, census 1968/69. FAO flag I: Value imputed by a receiving agency.",,,20-50
farms.faostat-wcad.holdings-by-land-size,FJI,1978/1979,1409.0,,,,final,"WCA 1980 round, census 1978/79. FAO flag A: Official figure.",,,20-50
farms.faostat-wcad.holdings-by-land-size,FJI,1991,3173.0,,,,final,"WCA 1990 round, census 1991. FAO flag A: Official figure.",,,20-50
farms.faostat-wcad.holdings-by-land-size,FJI,2009,990.0,,,,final,"WCA 2010 round, census 2009. FAO flag A: Official figure.",,,20-50
farms.faostat-wcad.holdings-by-land-size,FJI,2020,598.0,,,,final,"WCA 2020 round, census 2020. FAO flag A: Official figure.",,,20-50
farms.faostat-wcad.holdings-by-land-size,FJI,1968/1969,501.0,,,,final,"WCA 1970 round, census 1968/69. FAO flag I: Value imputed by a receiving agency.",,,50-100
farms.faostat-wcad.holdings-by-land-size,FJI,1978/1979,786.0,,,,final,"WCA 1980 round, census 1978/79. FAO flag A: Official figure.",,,50-100
farms.faostat-wcad.holdings-by-land-size,FJI,1991,1407.0,,,,final,"WCA 1990 round, census 1991. FAO flag A: Official figure.",,,50-100
farms.faostat-wcad.holdings-by-land-size,FJI,2009,285.0,,,,final,"WCA 2010 round, census 2009. FAO flag A: Official figure.",,,50-100
farms.faostat-wcad.holdings-by-land-size,FJI,2020,145.0,,,,final,"WCA 2020 round, census 2020. FAO flag A: Official figure.",,,50-100
farms.faostat-wcad.holdings-by-land-size,FJI,1991,551.0,,,,final,"WCA 1990 round, census 1991. FAO flag A: Official figure.",,,100-200
farms.faostat-wcad.holdings-by-land-size,FJI,2009,126.0,,,,final,"WCA 2010 round, census 2009. FAO flag A: Official figure.",,,100-200
farms.faostat-wcad.holdings-by-land-size,FJI,2020,213.0,,,,final,"WCA 2020 round, census 2020. FAO flag A: Official figure.",,,100-200
farms.faostat-wcad.holdings-by-land-size,FRA,1963,94010.0,,,,final,"WCA 1960 round, census 1963. FAO flag A: Official figure.",,,0-1
farms.faostat-wcad.holdings-by-land-size,FRA,1970/1971,166719.0,,,,final,"WCA 1970 round, census 1970/71. FAO flag A: Official figure.",,,0-1
farms.faostat-wcad.holdings-by-land-size,FRA,1980,119671.0,,,,final,"WCA 1980 round, census 1980. FAO flag A: Official figure.",,,0-1
farms.faostat-wcad.holdings-by-land-size,FRA,1988,78685.0,,,,final,"WCA 1990 round, census 1988. FAO flag A: Official figure. FAO's note: Agricultural area",,,0-1
farms.faostat-wcad.holdings-by-land-size,FRA,2010,21933.0,,,,final,"WCA 2010 round, census 2010. FAO flag I: Value imputed by a receiving agency. FAO's note: UAA",,,0-1
farms.faostat-wcad.holdings-by-land-size,FRA,2020,12590.0,,,,final,"WCA 2020 round, census 2020. FAO flag I: Value imputed by a receiving agency. FAO's note: UAA",,,0-1
farms.faostat-wcad.holdings-by-land-size,FRA,1963,153740.0,,,,final,"WCA 1960 round, census 1963. FAO flag A: Official figure.",,,1-2
farms.faostat-wcad.holdings-by-land-size,FRA,1970/1971,115873.0,,,,final,"WCA 1970 round, census 1970/71. FAO flag A: Official figure.",,,1-2
farms.faostat-wcad.holdings-by-land-size,FRA,1980,87930.0,,,,final,"WCA 1980 round, census 1980. FAO flag A: Official figure.",,,1-2
farms.faostat-wcad.holdings-by-land-size,FRA,1988,72248.0,,,,final,"WCA 1990 round, census 1988. FAO flag A: Official figure. FAO's note: Agricultural area",,,1-2
farms.faostat-wcad.holdings-by-land-size,FRA,1999/2000,111740.0,,,,final,"WCA 2000 round, census 1999/00. FAO flag A: Official figure. FAO's note: Agricultural area. < 2 ha",,,1-2
farms.faostat-wcad.holdings-by-land-size,FRA,2010,44647.0,,,,final,"WCA 2010 round, census 2010. FAO flag I: Value imputed by a receiving agency. FAO's note: UAA",,,1-2
farms.faostat-wcad.holdings-by-land-size,FRA,2020,25630.0,,,,final,"WCA 2020 round, census 2020. FAO flag I: Value imputed by a receiving agency. FAO's note: UAA",,,1-2
farms.faostat-wcad.holdings-by-land-size,FRA,2010,21249.0,,,,final,"WCA 2010 round, census 2010. FAO flag I: Value imputed by a receiving agency. FAO's note: UAA",,,2-3
farms.faostat-wcad.holdings-by-land-size,FRA,2020,11694.0,,,,final,"WCA 2020 round, census 2020. FAO flag I: Value imputed by a receiving agency. FAO's note: UAA",,,2-3
farms.faostat-wcad.holdings-by-land-size,FRA,2010,21141.0,,,,final,"WCA 2010 round, census 2010. FAO flag I: Value imputed by a receiving agency. FAO's note: UAA",,,3-4
farms.faostat-wcad.holdings-by-land-size,FRA,2020,11634.0,,,,final,"WCA 2020 round, census 2020. FAO flag I: Value imputed by a receiving agency. FAO's note: UAA",,,3-4
farms.faostat-wcad.holdings-by-land-size,FRA,2010,20300.0,,,,final,"WCA 2010 round, census 2010. FAO flag I: Value imputed by a receiving agency. FAO's note: UAA",,,4-5
farms.faostat-wcad.holdings-by-land-size,FRA,2020,11172.0,,,,final,"WCA 2020 round, census 2020. FAO flag I: Value imputed by a receiving agency. FAO's note: UAA",,,4-5
farms.faostat-wcad.holdings-by-land-size,FRA,1963,300150.0,,,,final,"WCA 1960 round, census 1963. FAO flag A: Official figure.",,,2-5
farms.faostat-wcad.holdings-by-land-size,FRA,1970/1971,209798.0,,,,final,"WCA 1970 round, census 1970/71. FAO flag A: Official figure.",,,2-5
farms.faostat-wcad.holdings-by-land-size,FRA,1980,149212.0,,,,final,"WCA 1980 round, census 1980. FAO flag A: Official figure.",,,2-5
farms.faostat-wcad.holdings-by-land-size,FRA,1988,116684.0,,,,final,"WCA 1990 round, census 1988. FAO flag A: Official figure. FAO's note: Agricultural area",,,2-5
farms.faostat-wcad.holdings-by-land-size,FRA,1999/2000,81620.0,,,,final,"WCA 2000 round, census 1999/00. FAO flag A: Official figure. FAO's note: Agricultural area",,,2-5
farms.faostat-wcad.holdings-by-land-size,FRA,1963,364020.0,,,,final,"WCA 1960 round, census 1963. FAO flag A: Official figure.",,,5-10
farms.faostat-wcad.holdings-by-land-size,FRA,1970/1971,250466.0,,,,final,"WCA 1970 round, census 1970/71. FAO flag A: Official figure.",,,5-10
farms.faostat-wcad.holdings-by-land-size,FRA,1980,166719.0,,,,final,"WCA 1980 round, census 1980. FAO flag A: Official figure.",,,5-10
farms.faostat-wcad.holdings-by-land-size,FRA,1988,111925.0,,,,final,"WCA 1990 round, census 1988. FAO flag A: Official figure. FAO's note: Agricultural area",,,5-10
farms.faostat-wcad.holdings-by-land-size,FRA,1999/2000,60510.0,,,,final,"WCA 2000 round, census 1999/00. FAO flag A: Official figure. FAO's note: Agricultural area",,,5-10
farms.faostat-wcad.holdings-by-land-size,FRA,2010,46640.0,,,,final,"WCA 2010 round, census 2010. FAO flag A: Official figure. FAO's note: UAA",,,5-10
farms.faostat-wcad.holdings-by-land-size,FRA,2020,34280.0,,,,final,"WCA 2020 round, census 2020. FAO flag A: Official figure. FAO's note: UAA",,,5-10
farms.faostat-wcad.holdings-by-land-size,FRA,1963,484980.0,,,,final,"WCA 1960 round, census 1963. FAO flag A: Official figure.",,,10-20
farms.faostat-wcad.holdings-by-land-size,FRA,1970/1971,354826.0,,,,final,"WCA 1970 round, census 1970/71. FAO flag A: Official figure.",,,10-20
farms.faostat-wcad.holdings-by-land-size,FRA,1980,243204.0,,,,final,"WCA 1980 round, census 1980. FAO flag A: Official figure.",,,10-20
farms.faostat-wcad.holdings-by-land-size,FRA,1988,166548.0,,,,final,"WCA 1990 round, census 1988. FAO flag A: Official figure. FAO's note: Agricultural area",,,10-20
farms.faostat-wcad.holdings-by-land-size,FRA,1999/2000,71240.0,,,,final,"WCA 2000 round, census 1999/00. FAO flag A: Official figure. FAO's note: Agricultural area",,,10-20
farms.faostat-wcad.holdings-by-land-size,FRA,2010,50150.0,,,,final,"WCA 2010 round, census 2010. FAO flag A: Official figure. FAO's note: UAA",,,10-20
farms.faostat-wcad.holdings-by-land-size,FRA,2020,36990.0,,,,final,"WCA 2020 round, census 2020. FAO flag A: Official figure. FAO's note: UAA",,,10-20
farms.faostat-wcad.holdings-by-land-size,FRA,1963,393900.0,,,,final,"WCA 1960 round, census 1963. FAO flag A: Official figure.",,,20-50
farms.faostat-wcad.holdings-by-land-size,FRA,1970/1971,369610.0,,,,final,"WCA 1970 round, census 1970/71. FAO flag A: Official figure.",,,20-50
farms.faostat-wcad.holdings-by-land-size,FRA,1980,347319.0,,,,final,"WCA 1980 round, census 1980. FAO flag A: Official figure.",,,20-50
farms.faostat-wcad.holdings-by-land-size,FRA,1988,288055.0,,,,final,"WCA 1990 round, census 1988. FAO flag A: Official figure. FAO's note: Agricultural area",,,20-50
farms.faostat-wcad.holdings-by-land-size,FRA,1999/2000,137800.0,,,,final,"WCA 2000 round, census 1999/00. FAO flag A: Official figure. FAO's note: Agricultural area",,,20-50
farms.faostat-wcad.holdings-by-land-size,FRA,2010,88520.0,,,,final,"WCA 2010 round, census 2010. FAO flag A: Official figure. FAO's note: UAA",,,20-50
farms.faostat-wcad.holdings-by-land-size,FRA,2020,63920.0,,,,final,"WCA 2020 round, census 2020. FAO flag A: Official figure. FAO's note: UAA",,,20-50
farms.faostat-wcad.holdings-by-land-size,FRA,1963,84900.0,,,,final,"WCA 1960 round, census 1963. FAO flag A: Official figure.",,,50-100
farms.faostat-wcad.holdings-by-land-size,FRA,1970/1971,93222.0,,,,final,"WCA 1970 round, census 1970/71. FAO flag A: Official figure.",,,50-100
farms.faostat-wcad.holdings-by-land-size,FRA,1980,114079.0,,,,final,"WCA 1980 round, census 1980. FAO flag A: Official figure.",,,50-100
farms.faostat-wcad.holdings-by-land-size,FRA,1988,128261.0,,,,final,"WCA 1990 round, census 1988. FAO flag A: Official figure. FAO's note: Agricultural area",,,50-100
farms.faostat-wcad.holdings-by-land-size,FRA,1999/2000,122150.0,,,,final,"WCA 2000 round, census 1999/00. FAO flag A: Official figure. FAO's note: Agricultural area",,,50-100
farms.faostat-wcad.holdings-by-land-size,FRA,2010,97780.0,,,,final,"WCA 2010 round, census 2010. FAO flag A: Official figure. FAO's note: UAA",,,50-100
farms.faostat-wcad.holdings-by-land-size,FRA,2020,77880.0,,,,final,"WCA 2020 round, census 2020. FAO flag A: Official figure. FAO's note: UAA",,,50-100
farms.faostat-wcad.holdings-by-land-size,FRA,1963,19390.0,,,,final,"WCA 1960 round, census 1963. FAO flag A: Official figure.",,,100-200
farms.faostat-wcad.holdings-by-land-size,FRA,1970/1971,27129.0,,,,final,"WCA 1970 round, census 1970/71. FAO flag A: Official figure.",,,100-200
farms.faostat-wcad.holdings-by-land-size,FRA,1980,34538.0,,,,final,"WCA 1980 round, census 1980. FAO flag A: Official figure.",,,100-200
farms.faostat-wcad.holdings-by-land-size,FRA,1988,43714.0,,,,final,"WCA 1990 round, census 1988. FAO flag A: Official figure. FAO's note: Agricultural area",,,100-200
farms.faostat-wcad.holdings-by-land-size,FRA,1999/2000,78750.0,,,,final,"WCA 2000 round, census 1999/00. FAO flag A: Official figure. FAO's note: Agricultural area",,,100-200
farms.faostat-wcad.holdings-by-land-size,FRA,2010,94250.0,,,,final,"WCA 2010 round, census 2010. FAO flag A: Official figure. FAO's note: UAA",,,100-200
farms.faostat-wcad.holdings-by-land-size,FRA,2020,102740.0,,,,final,"WCA 2020 round, census 2020. FAO flag A: Official figure. FAO's note: UAA",,,100-200
farms.faostat-wcad.holdings-by-land-size,FRA,1963,4080.0,,,,final,"WCA 1960 round, census 1963. FAO flag A: Official figure.",,,200-500
farms.faostat-wcad.holdings-by-land-size,FSM,2016/2017,10577.0,,,,final,"WCA 2020 round, census 2016/17. FAO flag I: Value imputed by a receiving agency. FAO's note: 424 holdings not disaggregated by land size",,,0-1
farms.faostat-wcad.holdings-by-land-size,FSM,2016/2017,1095.0,,,,final,"WCA 2020 round, census 2016/17. FAO flag I: Value imputed by a receiving agency. FAO's note: 424 holdings not disaggregated by land size",,,1-2
farms.faostat-wcad.holdings-by-land-size,FSM,2016/2017,495.0,,,,final,"WCA 2020 round, census 2016/17. FAO flag I: Value imputed by a receiving agency. FAO's note: 424 holdings not disaggregated by land size",,,2-3
farms.faostat-wcad.holdings-by-land-size,FSM,2016/2017,391.0,,,,final,"WCA 2020 round, census 2016/17. FAO flag I: Value imputed by a receiving agency. FAO's note: 424 holdings not disaggregated by land size",,,3-4
farms.faostat-wcad.holdings-by-land-size,FSM,2016/2017,156.0,,,,final,"WCA 2020 round, census 2016/17. FAO flag I: Value imputed by a receiving agency. FAO's note: 424 holdings not disaggregated by land size",,,4-5
farms.faostat-wcad.holdings-by-land-size,FSM,2016/2017,338.0,,,,final,"WCA 2020 round, census 2016/17. FAO flag I: Value imputed by a receiving agency. FAO's note: 424 holdings not disaggregated by land size",,,5-10
farms.faostat-wcad.holdings-by-land-size,FSM,2016/2017,157.0,,,,final,"WCA 2020 round, census 2016/17. FAO flag I: Value imputed by a receiving agency. FAO's note: 424 holdings not disaggregated by land size",,,10-20
farms.faostat-wcad.holdings-by-land-size,FSM,2016/2017,393.0,,,,final,"WCA 2020 round, census 2016/17. FAO flag I: Value imputed by a receiving agency. FAO's note: 424 holdings not disaggregated by land size",,,20-50
farms.faostat-wcad.holdings-by-land-size,GAB,1974/1975,48288.0,,,,final,"WCA 1970 round, census 1974/75. FAO flag A: Official figure.",,,0-1
farms.faostat-wcad.holdings-by-land-size,GAB,1974/1975,12750.0,,,,final,"WCA 1970 round, census 1974/75. FAO flag A: Official figure.",,,1-2
farms.faostat-wcad.holdings-by-land-size,GAB,1974/1975,10036.0,,,,final,"WCA 1970 round, census 1974/75. FAO flag A: Official figure.",,,2-5
farms.faostat-wcad.holdings-by-land-size,GBR,1930,55537.0,,,,final,"WCA 1930 round, census 1930. FAO flag I: Value imputed by a receiving agency. FAO's note: Figure pertains to Scotland only. Excludes 975 holdings of mountain and heath land.",,,0-1
farms.faostat-wcad.holdings-by-land-size,GBR,1950,39117.0,,,,final,"WCA 1950 round, census 1950. FAO flag I: Value imputed by a receiving agency.",,,0-1
farms.faostat-wcad.holdings-by-land-size,GBR,1960,28930.0,,,,final,"WCA 1960 round, census 1960. FAO flag A: Official figure.",,,0-1
farms.faostat-wcad.holdings-by-land-size,GBR,1970,14213.0,,,,final,"WCA 1970 round, census 1970. FAO flag A: Official figure.",,,0-1
farms.faostat-wcad.holdings-by-land-size,GBR,1979,7830.0,,,,final,"WCA 1980 round, census 1979. FAO flag A: Official figure.",,,0-1
farms.faostat-wcad.holdings-by-land-size,GBR,2010,1482.0,,,,final,"WCA 2010 round, census 2010. FAO flag I: Value imputed by a receiving agency. FAO's note: UAA",,,0-1
farms.faostat-wcad.holdings-by-land-size,GBR,2021,9022.0,,,,final,"WCA 2020 round, census 2021. FAO flag A: Official figure.",,,0-1
farms.faostat-wcad.holdings-by-land-size,GBR,1930,70154.0,,,,final,"WCA 1930 round, census 1930. FAO flag I: Value imputed by a receiving agency. FAO's note: Figure pertains to Scotland only. Excludes 975 holdings of mountain and heath land.",,,1-2
farms.faostat-wcad.holdings-by-land-size,GBR,1950,65695.0,,,,final,"WCA 1950 round, census 1950. FAO flag I: Value imputed by a receiving agency.",,,1-2
farms.faostat-wcad.holdings-by-land-size,GBR,1960,42736.0,,,,final,"WCA 1960 round, census 1960. FAO flag A: Official figure.",,,1-2
farms.faostat-wcad.holdings-by-land-size,GBR,1970,17568.0,,,,final,"WCA 1970 round, census 1970. FAO flag A: Official figure.",,,1-2
farms.faostat-wcad.holdings-by-land-size,GBR,1979,9820.0,,,,final,"WCA 1980 round, census 1979. FAO flag A: Official figure.",,,1-2
farms.faostat-wcad.holdings-by-land-size,GBR,1993,13777.0,,,,final,"WCA 1990 round, census 1993. FAO flag A: Official figure. FAO's note: Area classified by size of holding excludes 156 223 Ha reported by Minor Holdings.",,,1-2
farms.faostat-wcad.holdings-by-land-size,GBR,1999/2000,32380.0,,,,final,"WCA 2000 round, census 1999/00. FAO flag A: Official figure. FAO's note: Agricultural area. < 2 ha",,,1-2
farms.faostat-wcad.holdings-by-land-size,GBR,2010,3018.0,,,,final,"WCA 2010 round, census 2010. FAO flag I: Value imputed by a receiving agency. FAO's note: UAA",,,1-2
farms.faostat-wcad.holdings-by-land-size,GBR,2021,11897.0,,,,final,"WCA 2020 round, census 2021. FAO flag A: Official figure.",,,1-2
farms.faostat-wcad.holdings-by-land-size,GBR,2010,2718.0,,,,final,"WCA 2010 round, census 2010. FAO flag I: Value imputed by a receiving agency. FAO's note: UAA",,,2-3
farms.faostat-wcad.holdings-by-land-size,GBR,2010,2705.0,,,,final,"WCA 2010 round, census 2010. FAO flag I: Value imputed by a receiving agency. FAO's note: UAA",,,3-4
farms.faostat-wcad.holdings-by-land-size,GBR,2010,2597.0,,,,final,"WCA 2010 round, census 2010. FAO flag I: Value imputed by a receiving agency. FAO's note: UAA",,,4-5
farms.faostat-wcad.holdings-by-land-size,GBR,1930,91119.0,,,,final,"WCA 1930 round, census 1930. FAO flag I: Value imputed by a receiving agency. FAO's note: Figure pertains to Scotland only. Excludes 975 holdings of mountain and heath land.",,,2-5
farms.faostat-wcad.holdings-by-land-size,GBR,1950,56392.0,,,,final,"WCA 1950 round, census 1950. FAO flag I: Value imputed by a receiving agency.",,,2-5
farms.faostat-wcad.holdings-by-land-size,GBR,1960,77809.0,,,,final,"WCA 1960 round, census 1960. FAO flag A: Official figure.",,,2-5
farms.faostat-wcad.holdings-by-land-size,GBR,1970,40104.0,,,,final,"WCA 1970 round, census 1970. FAO flag A: Official figure.",,,2-5
farms.faostat-wcad.holdings-by-land-size,GBR,1979,27380.0,,,,final,"WCA 1980 round, census 1979. FAO flag A: Official figure.",,,2-5
farms.faostat-wcad.holdings-by-land-size,GBR,1993,21615.0,,,,final,"WCA 1990 round, census 1993. FAO flag A: Official figure. FAO's note: Area classified by size of holding excludes 156 223 Ha reported by Minor Holdings.",,,2-5
farms.faostat-wcad.holdings-by-land-size,GBR,1999/2000,21480.0,,,,final,"WCA 2000 round, census 1999/00. FAO flag A: Official figure. FAO's note: Agricultural area",,,2-5
farms.faostat-wcad.holdings-by-land-size,GBR,2021,23645.0,,,,final,"WCA 2020 round, census 2021. FAO flag A: Official figure.",,,2-5
farms.faostat-wcad.holdings-by-land-size,GBR,1930,103280.0,,,,final,"WCA 1930 round, census 1930. FAO flag I: Value imputed by a receiving agency. FAO's note: Figure pertains to Scotland only. Excludes 975 holdings of mountain and heath land.",,,5-10
farms.faostat-wcad.holdings-by-land-size,GBR,1950,75161.0,,,,final,"WCA 1950 round, census 1950. FAO flag I: Value imputed by a receiving agency.",,,5-10
farms.faostat-wcad.holdings-by-land-size,GBR,1960,58582.0,,,,final,"WCA 1960 round, census 1960. FAO flag A: Official figure.",,,5-10
farms.faostat-wcad.holdings-by-land-size,GBR,1970,39517.0,,,,final,"WCA 1970 round, census 1970. FAO flag A: Official figure.",,,5-10
farms.faostat-wcad.holdings-by-land-size,GBR,1979,32480.0,,,,final,"WCA 1980 round, census 1979. FAO flag A: Official figure.",,,5-10
farms.faostat-wcad.holdings-by-land-size,GBR,1993,29399.0,,,,final,"WCA 1990 round, census 1993. FAO flag A: Official figure. FAO's note: Area classified by size of holding excludes 156 223 Ha reported by Minor Holdings.",,,5-10
farms.faostat-wcad.holdings-by-land-size,GBR,1999/2000,25670.0,,,,final,"WCA 2000 round, census 1999/00. FAO flag A: Official figure. FAO's note: Agricultural area",,,5-10
farms.faostat-wcad.holdings-by-land-size,GBR,2010,26850.0,,,,final,"WCA 2010 round, census 2010. FAO flag A: Official figure. FAO's note: UAA",,,5-10
farms.faostat-wcad.holdings-by-land-size,GBR,2021,26818.0,,,,final,"WCA 2020 round, census 2021. FAO flag A: Official figure.",,,5-10
farms.faostat-wcad.holdings-by-land-size,GBR,1930,94678.0,,,,final,"WCA 1930 round, census 1930. FAO flag I: Value imputed by a receiving agency. FAO's note: Figure pertains to Scotland only. Excludes 975 holdings of mountain and heath land.",,,10-20
farms.faostat-wcad.holdings-by-land-size,GBR,1950,108083.0,,,,final,"WCA 1950 round, census 1950. FAO flag I: Value imputed by a receiving agency.",,,10-20
farms.faostat-wcad.holdings-by-land-size,GBR,1960,72192.0,,,,final,"WCA 1960 round, census 1960. FAO flag A: Official figure.",,,10-20
farms.faostat-wcad.holdings-by-land-size,GBR,1970,49576.0,,,,final,"WCA 1970 round, census 1970. FAO flag A: Official figure.",,,10-20
farms.faostat-wcad.holdings-by-land-size,GBR,1979,40080.0,,,,final,"WCA 1980 round, census 1979. FAO flag A: Official figure.",,,10-20
farms.faostat-wcad.holdings-by-land-size,GBR,1993,37062.0,,,,final,"WCA 1990 round, census 1993. FAO flag A: Official figure. FAO's note: Area classified by size of holding excludes 156 223 Ha reported by Minor Holdings.",,,10-20
farms.faostat-wcad.holdings-by-land-size,GBR,1999/2000,30420.0,,,,final,"WCA 2000 round, census 1999/00. FAO flag A: Official figure. FAO's note: Agricultural area",,,10-20
farms.faostat-wcad.holdings-by-land-size,GBR,2010,28690.0,,,,final,"WCA 2010 round, census 2010. FAO flag A: Official figure. FAO's note: UAA",,,10-20
farms.faostat-wcad.holdings-by-land-size,GBR,2021,29172.0,,,,final,"WCA 2020 round, census 2021. FAO flag A: Official figure.",,,10-20
farms.faostat-wcad.holdings-by-land-size,GBR,1930,106306.0,,,,final,"WCA 1930 round, census 1930. FAO flag I: Value imputed by a receiving agency. FAO's note: Figure pertains to Scotland only. Excludes 975 holdings of mountain and heath land.",,,20-50
farms.faostat-wcad.holdings-by-land-size,GBR,1950,102467.0,,,,final,"WCA 1950 round, census 1950. FAO flag I: Value imputed by a receiving agency.",,,20-50
farms.faostat-wcad.holdings-by-land-size,GBR,1960,97467.0,,,,final,"WCA 1960 round, census 1960. FAO flag A: Official figure.",,,20-50
farms.faostat-wcad.holdings-by-land-size,GBR,1970,80399.0,,,,final,"WCA 1970 round, census 1970. FAO flag A: Official figure.",,,20-50
farms.faostat-wcad.holdings-by-land-size,GBR,1979,68040.0,,,,final,"WCA 1980 round, census 1979. FAO flag A: Official figure.",,,20-50
farms.faostat-wcad.holdings-by-land-size,GBR,1993,59539.0,,,,final,"WCA 1990 round, census 1993. FAO flag A: Official figure. FAO's note: Area classified by size of holding excludes 156 223 Ha reported by Minor Holdings.",,,20-50
farms.faostat-wcad.holdings-by-land-size,GBR,1999/2000,47830.0,,,,final,"WCA 2000 round, census 1999/00. FAO flag A: Official figure. FAO's note: Agricultural area",,,20-50
farms.faostat-wcad.holdings-by-land-size,GBR,2010,42380.0,,,,final,"WCA 2010 round, census 2010. FAO flag A: Official figure. FAO's note: UAA",,,20-50
farms.faostat-wcad.holdings-by-land-size,GBR,2021,40997.0,,,,final,"WCA 2020 round, census 2021. FAO flag A: Official figure.",,,20-50
farms.faostat-wcad.holdings-by-land-size,GBR,1930,51442.0,,,,final,"WCA 1930 round, census 1930. FAO flag I: Value imputed by a receiving agency. FAO's note: Figure pertains to Scotland only. Excludes 975 holdings of mountain and heath land.",,,50-100
farms.faostat-wcad.holdings-by-land-size,GBR,1950,61081.0,,,,final,"WCA 1950 round, census 1950. FAO flag I: Value imputed by a receiving agency.",,,50-100
farms.faostat-wcad.holdings-by-land-size,GBR,1960,53673.0,,,,final,"WCA 1960 round, census 1960. FAO flag A: Official figure.",,,50-100
farms.faostat-wcad.holdings-by-land-size,GBR,1970,47318.0,,,,final,"WCA 1970 round, census 1970. FAO flag A: Official figure.",,,50-100
farms.faostat-wcad.holdings-by-land-size,GBR,1979,43580.0,,,,final,"WCA 1980 round, census 1979. FAO flag A: Official figure.",,,50-100
farms.faostat-wcad.holdings-by-land-size,GBR,1993,42374.0,,,,final,"WCA 1990 round, census 1993. FAO flag A: Official figure. FAO's note: Area classified by size of holding excludes 156 223 Ha reported by Minor Holdings.",,,50-100
farms.faostat-wcad.holdings-by-land-size,GBR,1999/2000,36600.0,,,,final,"WCA 2000 round, census 1999/00. FAO flag A: Official figure. FAO's note: Agricultural area",,,50-100
farms.faostat-wcad.holdings-by-land-size,GBR,2010,32990.0,,,,final,"WCA 2010 round, census 2010. FAO flag A: Official figure. FAO's note: UAA",,,50-100
farms.faostat-wcad.holdings-by-land-size,GBR,2021,29585.0,,,,final,"WCA 2020 round, census 2021. FAO flag A: Official figure.",,,50-100
farms.faostat-wcad.holdings-by-land-size,GBR,1930,25326.0,,,,final,"WCA 1930 round, census 1930. FAO flag I: Value imputed by a receiving agency. FAO's note: Figure pertains to Scotland only. Excludes 975 holdings of mountain and heath land.",,,100-200
farms.faostat-wcad.holdings-by-land-size,GBR,1950,24836.0,,,,final,"WCA 1950 round, census 1950. FAO flag I: Value imputed by a receiving agency.",,,100-200
farms.faostat-wcad.holdings-by-land-size,GBR,1960,25026.0,,,,final,"WCA 1960 round, census 1960. FAO flag A: Official figure.",,,100-200
farms.faostat-wcad.holdings-by-land-size,GBR,1970,24669.0,,,,final,"WCA 1970 round, census 1970. FAO flag A: Official figure.",,,100-200
farms.faostat-wcad.holdings-by-land-size,GBR,1979,24050.0,,,,final,"WCA 1980 round, census 1979. FAO flag A: Official figure.",,,100-200
farms.faostat-wcad.holdings-by-land-size,GBR,1993,25502.0,,,,final,"WCA 1990 round, census 1993. FAO flag A: Official figure. FAO's note: Area classified by size of holding excludes 156 223 Ha reported by Minor Holdings.",,,100-200
farms.faostat-wcad.holdings-by-land-size,GBR,1999/2000,38870.0,,,,final,"WCA 2000 round, census 1999/00. FAO flag A: Official figure. FAO's note: Agricultural area",,,100-200
farms.faostat-wcad.holdings-by-land-size,GBR,2010,39240.0,,,,final,"WCA 2010 round, census 2010. FAO flag A: Official figure. FAO's note: UAA",,,100-200
farms.faostat-wcad.holdings-by-land-size,GBR,2021,22941.0,,,,final,"WCA 2020 round, census 2021. FAO flag A: Official figure.",,,100-200
farms.faostat-wcad.holdings-by-land-size,GBR,1930,205.0,,,,final,"WCA 1930 round, census 1930. FAO flag I: Value imputed by a receiving agency. FAO's note: Figure pertains to Scotland only. Excludes 975 holdings of mountain and heath land.",,,200-500
farms.faostat-wcad.holdings-by-land-size,GBR,1950,10654.0,,,,final,"WCA 1950 round, census 1950. FAO flag I: Value imputed by a receiving agency.",,,200-500
farms.faostat-wcad.holdings-by-land-size,GBR,1960,8360.0,,,,final,"WCA 1960 round, census 1960. FAO flag A: Official figure.",,,200-500
farms.faostat-wcad.holdings-by-land-size,GBR,1970,10295.0,,,,final,"WCA 1970 round, census 1970. FAO flag A: Official figure.",,,200-500
farms.faostat-wcad.holdings-by-land-size,GBR,1979,10640.0,,,,final,"WCA 1980 round, census 1979. FAO flag A: Official figure.",,,200-500
farms.faostat-wcad.holdings-by-land-size,GBR,1993,11625.0,,,,final,"WCA 1990 round, census 1993. FAO flag A: Official figure. FAO's note: Area classified by size of holding excludes 156 223 Ha reported by Minor Holdings.",,,200-500
farms.faostat-wcad.holdings-by-land-size,GBR,2021,13251.0,,,,final,"WCA 2020 round, census 2021. FAO flag A: Official figure.",,,200-500
farms.faostat-wcad.holdings-by-land-size,GBR,1960,1635.0,,,,final,"WCA 1960 round, census 1960. FAO flag A: Official figure.",,,500-1000
farms.faostat-wcad.holdings-by-land-size,GBR,1970,1890.0,,,,final,"WCA 1970 round, census 1970. FAO flag A: Official figure.",,,500-1000
farms.faostat-wcad.holdings-by-land-size,GBR,1979,3070.0,,,,final,"WCA 1980 round, census 1979. FAO flag A: Official figure.",,,500-1000
farms.faostat-wcad.holdings-by-land-size,GBR,1993,3312.0,,,,final,"WCA 1990 round, census 1993. FAO flag A: Official figure. FAO's note: Area classified by size of holding excludes 156 223 Ha reported by Minor Holdings.",,,500-1000
farms.faostat-wcad.holdings-by-land-size,GBR,2021,3080.0,,,,final,"WCA 2020 round, census 2021. FAO flag A: Official figure.",,,500-1000
farms.faostat-wcad.holdings-by-land-size,GBR,1960,1170.0,,,,final,"WCA 1960 round, census 1960. FAO flag A: Official figure.",,,1000-plus
farms.faostat-wcad.holdings-by-land-size,GBR,1970,1149.0,,,,final,"WCA 1970 round, census 1970. FAO flag A: Official figure.",,,1000-plus
farms.faostat-wcad.holdings-by-land-size,GBR,2021,1500.0,,,,final,"WCA 2020 round, census 2021. FAO flag A: Official figure.",,,1000-plus
farms.faostat-wcad.holdings-by-land-size,GEO,2003/2004,512445.0,,,,final,"WCA 2000 round, census 2003/04. FAO flag A: Official figure.",,,0-1
farms.faostat-wcad.holdings-by-land-size,GEO,2014,468890.0,,,,final,"WCA 2010 round, census 2014. FAO flag A: Official figure.",,,0-1
farms.faostat-wcad.holdings-by-land-size,GEO,2003/2004,167656.0,,,,final,"WCA 2000 round, census 2003/04. FAO flag A: Official figure.",,,1-2
farms.faostat-wcad.holdings-by-land-size,GEO,2014,129989.0,,,,final,"WCA 2010 round, census 2014. FAO flag A: Official figure.",,,1-2
farms.faostat-wcad.holdings-by-land-size,GEO,2014,22238.0,,,,final,"WCA 2010 round, census 2014. FAO flag A: Official figure.",,,2-3
farms.faostat-wcad.holdings-by-land-size,GEO,2014,7835.0,,,,final,"WCA 2010 round, census 2014. FAO flag A: Official figure.",,,3-4
farms.faostat-wcad.holdings-by-land-size,GEO,2014,3490.0,,,,final,"WCA 2010 round, census 2014. FAO flag A: Official figure.",,,4-5
farms.faostat-wcad.holdings-by-land-size,GEO,2003/2004,37872.0,,,,final,"WCA 2000 round, census 2003/04. FAO flag A: Official figure.",,,2-5
farms.faostat-wcad.holdings-by-land-size,GEO,2003/2004,6541.0,,,,final,"WCA 2000 round, census 2003/04. FAO flag A: Official figure.",,,5-10
farms.faostat-wcad.holdings-by-land-size,GEO,2014,5099.0,,,,final,"WCA 2010 round, census 2014. FAO flag A: Official figure.",,,5-10
farms.faostat-wcad.holdings-by-land-size,GEO,2003/2004,2685.0,,,,final,"WCA 2000 round, census 2003/04. FAO flag A: Official figure.",,,10-20
farms.faostat-wcad.holdings-by-land-size,GEO,2014,1743.0,,,,final,"WCA 2010 round, census 2014. FAO flag A: Official figure.",,,10-20
farms.faostat-wcad.holdings-by-land-size,GEO,2003/2004,1217.0,,,,final,"WCA 2000 round, census 2003/04. FAO flag A: Official figure.",,,20-50
farms.faostat-wcad.holdings-by-land-size,GEO,2014,1011.0,,,,final,"WCA 2010 round, census 2014. FAO flag A: Official figure.",,,20-50
farms.faostat-wcad.holdings-by-land-size,GEO,2003/2004,497.0,,,,final,"WCA 2000 round, census 2003/04. FAO flag A: Official figure.",,,50-100
farms.faostat-wcad.holdings-by-land-size,GEO,2014,546.0,,,,final,"WCA 2010 round, census 2014. FAO flag A: Official figure.",,,50-100
farms.faostat-wcad.holdings-by-land-size,GEO,2003/2004,315.0,,,,final,"WCA 2000 round, census 2003/04. FAO flag A: Official figure.",,,100-200
farms.faostat-wcad.holdings-by-land-size,GEO,2014,434.0,,,,final,"WCA 2010 round, census 2014. FAO flag A: Official figure.",,,100-200
farms.faostat-wcad.holdings-by-land-size,GEO,2003/2004,236.0,,,,final,"WCA 2000 round, census 2003/04. FAO flag A: Official figure.",,,200-500
farms.faostat-wcad.holdings-by-land-size,GEO,2014,393.0,,,,final,"WCA 2010 round, census 2014. FAO flag A: Official figure.",,,200-500
farms.faostat-wcad.holdings-by-land-size,GEO,2003/2004,78.0,,,,final,"WCA 2000 round, census 2003/04. FAO flag A: Official figure.",,,500-1000
farms.faostat-wcad.holdings-by-land-size,GEO,2014,127.0,,,,final,"WCA 2010 round, census 2014. FAO flag A: Official figure.",,,500-1000
farms.faostat-wcad.holdings-by-land-size,GHA,1970,292398.0,,,,final,"WCA 1970 round, census 1970. FAO flag I: Value imputed by a receiving agency.",,,0-1
farms.faostat-wcad.holdings-by-land-size,GHA,1970,201862.0,,,,final,"WCA 1970 round, census 1970. FAO flag I: Value imputed by a receiving agency.",,,1-2
farms.faostat-wcad.holdings-by-land-size,GHA,1970,194018.0,,,,final,"WCA 1970 round, census 1970. FAO flag I: Value imputed by a receiving agency.",,,2-5
farms.faostat-wcad.holdings-by-land-size,GHA,1970,72595.0,,,,final,"WCA 1970 round, census 1970. FAO flag I: Value imputed by a receiving agency.",,,5-10
farms.faostat-wcad.holdings-by-land-size,GHA,1970,29946.0,,,,final,"WCA 1970 round, census 1970. FAO flag I: Value imputed by a receiving agency.",,,10-20
farms.faostat-wcad.holdings-by-land-size,GHA,1970,14380.0,,,,final,"WCA 1970 round, census 1970. FAO flag I: Value imputed by a receiving agency.",,,20-50
farms.faostat-wcad.holdings-by-land-size,GIN,1995,150950.0,,,,final,"WCA 1990 round, census 1995. FAO flag A: Official figure. FAO's note: Cultivated area",,,0-1
farms.faostat-wcad.holdings-by-land-size,GIN,1995,137247.0,,,,final,"WCA 1990 round, census 1995. FAO flag A: Official figure. FAO's note: Cultivated area",,,1-2
farms.faostat-wcad.holdings-by-land-size,GIN,1995,123732.0,,,,final,"WCA 1990 round, census 1995. FAO flag A: Official figure. FAO's note: Cultivated area",,,2-5
farms.faostat-wcad.holdings-by-land-size,GIN,1995,30239.0,,,,final,"WCA 1990 round, census 1995. FAO flag A: Official figure. FAO's note: Cultivated area",,,5-10
farms.faostat-wcad.holdings-by-land-size,GLP,1969/1972,9267.0,,,,final,"WCA 1970 round, census 1969-1972. FAO flag A: Official figure.",,,0-1
farms.faostat-wcad.holdings-by-land-size,GLP,1980,6078.0,,,,final,"WCA 1980 round, census 1980. FAO flag A: Official figure.",,,0-1
farms.faostat-wcad.holdings-by-land-size,GLP,1989,5043.0,,,,final,"WCA 1990 round, census 1989. FAO flag A: Official figure. FAO's note: Agricultural area",,,0-1
farms.faostat-wcad.holdings-by-land-size,GLP,1969/1972,6716.0,,,,final,"WCA 1970 round, census 1969-1972. FAO flag A: Official figure.",,,1-2
farms.faostat-wcad.holdings-by-land-size,GLP,1980,4726.0,,,,final,"WCA 1980 round, census 1980. FAO flag A: Official figure.",,,1-2
farms.faostat-wcad.holdings-by-land-size,GLP,1989,4441.0,,,,final,"WCA 1990 round, census 1989. FAO flag A: Official figure. FAO's note: Agricultural area",,,1-2
farms.faostat-wcad.holdings-by-land-size,GLP,1969/1972,5371.0,,,,final,"WCA 1970 round, census 1969-1972. FAO flag A: Official figure.",,,2-5
farms.faostat-wcad.holdings-by-land-size,GLP,1980,6374.0,,,,final,"WCA 1980 round, census 1980. FAO flag A: Official figure.",,,2-5
farms.faostat-wcad.holdings-by-land-size,GLP,1989,5204.0,,,,final,"WCA 1990 round, census 1989. FAO flag A: Official figure. FAO's note: Agricultural area",,,2-5
farms.faostat-wcad.holdings-by-land-size,GLP,1969/1972,917.0,,,,final,"WCA 1970 round, census 1969-1972. FAO flag A: Official figure.",,,5-10
farms.faostat-wcad.holdings-by-land-size,GLP,1980,1343.0,,,,final,"WCA 1980 round, census 1980. FAO flag A: Official figure.",,,5-10
farms.faostat-wcad.holdings-by-land-size,GLP,1989,1163.0,,,,final,"WCA 1990 round, census 1989. FAO flag A: Official figure. FAO's note: Agricultural area",,,5-10
farms.faostat-wcad.holdings-by-land-size,GLP,1969/1972,177.0,,,,final,"WCA 1970 round, census 1969-1972. FAO flag A: Official figure.",,,10-20
farms.faostat-wcad.holdings-by-land-size,GLP,1980,266.0,,,,final,"WCA 1980 round, census 1980. FAO flag A: Official figure.",,,10-20
farms.faostat-wcad.holdings-by-land-size,GLP,1989,272.0,,,,final,"WCA 1990 round, census 1989. FAO flag A: Official figure. FAO's note: Agricultural area",,,10-20
farms.faostat-wcad.holdings-by-land-size,GLP,1969/1972,75.0,,,,final,"WCA 1970 round, census 1969-1972. FAO flag A: Official figure.",,,20-50
farms.faostat-wcad.holdings-by-land-size,GLP,1980,170.0,,,,final,"WCA 1980 round, census 1980. FAO flag A: Official figure.",,,20-50
farms.faostat-wcad.holdings-by-land-size,GLP,1989,149.0,,,,final,"WCA 1990 round, census 1989. FAO flag A: Official figure. FAO's note: Agricultural area",,,20-50
farms.faostat-wcad.holdings-by-land-size,GLP,1969/1972,30.0,,,,final,"WCA 1970 round, census 1969-1972. FAO flag A: Official figure.",,,50-100
farms.faostat-wcad.holdings-by-land-size,GLP,1969/1972,24.0,,,,final,"WCA 1970 round, census 1969-1972. FAO flag A: Official figure.",,,100-200
farms.faostat-wcad.holdings-by-land-size,GNB,1960/1961,11691.0,,,,final,"WCA 1960 round, census 1960/61. FAO flag A: Official figure.",,,0-1
farms.faostat-wcad.holdings-by-land-size,GNB,1988,59120.0,,,,final,"WCA 1990 round, census 1988. FAO flag A: Official figure.",,,0-1
farms.faostat-wcad.holdings-by-land-size,GNB,1960/1961,25385.0,,,,final,"WCA 1960 round, census 1960/61. FAO flag A: Official figure. FAO's note: Portuguese Guinea currently called Guinea Bissau",,,1-2
farms.faostat-wcad.holdings-by-land-size,GNB,1988,14809.0,,,,final,"WCA 1990 round, census 1988. FAO flag A: Official figure.",,,1-2
farms.faostat-wcad.holdings-by-land-size,GNB,1960/1961,38198.0,,,,final,"WCA 1960 round, census 1960/61. FAO flag A: Official figure. FAO's note: Portuguese Guinea currently called Guinea Bissau",,,2-5
farms.faostat-wcad.holdings-by-land-size,GNB,1988,8531.0,,,,final,"WCA 1990 round, census 1988. FAO flag A: Official figure.",,,2-5
farms.faostat-wcad.holdings-by-land-size,GNB,1960/1961,8735.0,,,,final,"WCA 1960 round, census 1960/61. FAO flag A: Official figure. FAO's note: Portuguese Guinea currently called Guinea Bissau",,,5-10
farms.faostat-wcad.holdings-by-land-size,GNB,1988,1590.0,,,,final,"WCA 1990 round, census 1988. FAO flag A: Official figure.",,,5-10
farms.faostat-wcad.holdings-by-land-size,GNB,1960/1961,2639.0,,,,final,"WCA 1960 round, census 1960/61. FAO flag A: Official figure. FAO's note: Portuguese Guinea currently called Guinea Bissau",,,10-20
farms.faostat-wcad.holdings-by-land-size,GNB,1988,171.0,,,,final,"WCA 1990 round, census 1988. FAO flag A: Official figure.",,,10-20
farms.faostat-wcad.holdings-by-land-size,GNB,1960/1961,303.0,,,,final,"WCA 1960 round, census 1960/61. FAO flag A: Official figure. FAO's note: Portuguese Guinea currently called Guinea Bissau",,,20-50
farms.faostat-wcad.holdings-by-land-size,GRC,1971,225820.0,,,,final,"WCA 1970 round, census 1971. FAO flag A: Official figure.",,,0-1
farms.faostat-wcad.holdings-by-land-size,GRC,2009/2010,120950.0,,,,final,"WCA 2010 round, census 2009/10. FAO flag I: Value imputed by a receiving agency. FAO's note: UAA",,,0-1
farms.faostat-wcad.holdings-by-land-size,GRC,2020,81482.0,,,,final,"WCA 2020 round, census 2020. FAO flag I: Value imputed by a receiving agency. FAO's note: UAA",,,0-1
farms.faostat-wcad.holdings-by-land-size,GRC,1971,203138.0,,,,final,"WCA 1970 round, census 1971. FAO flag I: Value imputed by a receiving agency.",,,1-2
farms.faostat-wcad.holdings-by-land-size,GRC,1995,354500.0,,,,final,"WCA 1990 round, census 1995. FAO flag A: Official figure. FAO's note: Agricultural area. < 2 ha. Data source: Eurostat - Farm Structure - 1995 Sample Survey.",,,1-2
farms.faostat-wcad.holdings-by-land-size,GRC,1999/2000,400690.0,,,,final,"WCA 2000 round, census 1999/00. FAO flag A: Official figure. FAO's note: Agricultural area. < 2 ha",,,1-2
farms.faostat-wcad.holdings-by-land-size,GRC,2009/2010,246210.0,,,,final,"WCA 2010 round, census 2009/10. FAO flag I: Value imputed by a receiving agency. FAO's note: UAA",,,1-2
farms.faostat-wcad.holdings-by-land-size,GRC,2020,165868.0,,,,final,"WCA 2020 round, census 2020. FAO flag I: Value imputed by a receiving agency. FAO's note: UAA",,,1-2
farms.faostat-wcad.holdings-by-land-size,GRC,2009/2010,62307.0,,,,final,"WCA 2010 round, census 2009/10. FAO flag I: Value imputed by a receiving agency. FAO's note: UAA",,,2-3
farms.faostat-wcad.holdings-by-land-size,GRC,2020,47532.0,,,,final,"WCA 2020 round, census 2020. FAO flag I: Value imputed by a receiving agency. FAO's note: UAA",,,2-3
farms.faostat-wcad.holdings-by-land-size,GRC,2009/2010,61988.0,,,,final,"WCA 2010 round, census 2009/10. FAO flag I: Value imputed by a receiving agency. FAO's note: UAA",,,3-4
farms.faostat-wcad.holdings-by-land-size,GRC,2020,47289.0,,,,final,"WCA 2020 round, census 2020. FAO flag I: Value imputed by a receiving agency. FAO's note: UAA",,,3-4
farms.faostat-wcad.holdings-by-land-size,GRC,2009/2010,59525.0,,,,final,"WCA 2010 round, census 2009/10. FAO flag I: Value imputed by a receiving agency. FAO's note: UAA",,,4-5
farms.faostat-wcad.holdings-by-land-size,GRC,2020,45409.0,,,,final,"WCA 2020 round, census 2020. FAO flag I: Value imputed by a receiving agency. FAO's note: UAA",,,4-5
farms.faostat-wcad.holdings-by-land-size,GRC,1971,390822.0,,,,final,"WCA 1970 round, census 1971. FAO flag I: Value imputed by a receiving agency.",,,2-5
farms.faostat-wcad.holdings-by-land-size,GRC,1995,248700.0,,,,final,"WCA 1990 round, census 1995. FAO flag A: Official figure. FAO's note: Agricultural area. Data source: Eurostat - Farm Structure - 1995 Sample Survey.",,,2-5
farms.faostat-wcad.holdings-by-land-size,GRC,1999/2000,226500.0,,,,final,"WCA 2000 round, census 1999/00. FAO flag A: Official figure. FAO's note: Agricultural area",,,2-5
farms.faostat-wcad.holdings-by-land-size,GRC,1971,164340.0,,,,final,"WCA 1970 round, census 1971. FAO flag A: Official figure.",,,5-10
farms.faostat-wcad.holdings-by-land-size,GRC,1995,120000.0,,,,final,"WCA 1990 round, census 1995. FAO flag A: Official figure. FAO's note: Agricultural area. Data source: Eurostat - Farm Structure - 1995 Sample Survey.",,,5-10
farms.faostat-wcad.holdings-by-land-size,GRC,1999/2000,109000.0,,,,final,"WCA 2000 round, census 1999/00. FAO flag A: Official figure. FAO's note: Agricultural area",,,5-10
farms.faostat-wcad.holdings-by-land-size,GRC,2009/2010,87770.0,,,,final,"WCA 2010 round, census 2009/10. FAO flag A: Official figure. FAO's note: UAA",,,5-10
farms.faostat-wcad.holdings-by-land-size,GRC,2020,71080.0,,,,final,"WCA 2020 round, census 2020. FAO flag A: Official figure. FAO's note: UAA",,,5-10
farms.faostat-wcad.holdings-by-land-size,GRC,1971,42760.0,,,,final,"WCA 1970 round, census 1971. FAO flag A: Official figure.",,,10-20
farms.faostat-wcad.holdings-by-land-size,GRC,1995,54000.0,,,,final,"WCA 1990 round, census 1995. FAO flag A: Official figure. FAO's note: Agricultural area. Data source: Eurostat - Farm Structure - 1995 Sample Survey.",,,10-20
farms.faostat-wcad.holdings-by-land-size,GRC,1999/2000,52670.0,,,,final,"WCA 2000 round, census 1999/00. FAO flag A: Official figure. FAO's note: Agricultural area",,,10-20
farms.faostat-wcad.holdings-by-land-size,GRC,2009/2010,45580.0,,,,final,"WCA 2010 round, census 2009/10. FAO flag A: Official figure. FAO's note: UAA",,,10-20
farms.faostat-wcad.holdings-by-land-size,GRC,2020,37250.0,,,,final,"WCA 2020 round, census 2020. FAO flag A: Official figure. FAO's note: UAA",,,10-20
farms.faostat-wcad.holdings-by-land-size,GRC,1971,8840.0,,,,final,"WCA 1970 round, census 1971. FAO flag A: Official figure.",,,20-50
farms.faostat-wcad.holdings-by-land-size,GRC,1995,21800.0,,,,final,"WCA 1990 round, census 1995. FAO flag A: Official figure. FAO's note: Agricultural area. Data source: Eurostat - Farm Structure - 1995 Sample Survey.",,,20-50
farms.faostat-wcad.holdings-by-land-size,GRC,1999/2000,23920.0,,,,final,"WCA 2000 round, census 1999/00. FAO flag A: Official figure. FAO's note: Agricultural area",,,20-50
farms.faostat-wcad.holdings-by-land-size,GRC,2009/2010,25520.0,,,,final,"WCA 2010 round, census 2009/10. FAO flag A: Official figure. FAO's note: UAA",,,20-50
farms.faostat-wcad.holdings-by-land-size,GRC,2020,23640.0,,,,final,"WCA 2020 round, census 2020. FAO flag A: Official figure. FAO's note: UAA",,,20-50
farms.faostat-wcad.holdings-by-land-size,GRC,1971,880.0,,,,final,"WCA 1970 round, census 1971. FAO flag A: Official figure.",,,50-100
farms.faostat-wcad.holdings-by-land-size,GRC,1995,2700.0,,,,final,"WCA 1990 round, census 1995. FAO flag A: Official figure. FAO's note: Agricultural area. Data source: Eurostat - Farm Structure - 1995 Sample Survey.",,,50-100
farms.faostat-wcad.holdings-by-land-size,GRC,1999/2000,3350.0,,,,final,"WCA 2000 round, census 1999/00. FAO flag A: Official figure. FAO's note: Agricultural area",,,50-100
farms.faostat-wcad.holdings-by-land-size,GRC,2009/2010,5480.0,,,,final,"WCA 2010 round, census 2009/10. FAO flag A: Official figure. FAO's note: UAA",,,50-100
farms.faostat-wcad.holdings-by-land-size,GRC,2020,4760.0,,,,final,"WCA 2020 round, census 2020. FAO flag A: Official figure. FAO's note: UAA",,,50-100
farms.faostat-wcad.holdings-by-land-size,GRC,1995,700.0,,,,final,"WCA 1990 round, census 1995. FAO flag A: Official figure. FAO's note: Agricultural area. Data source: Eurostat - Farm Structure - 1995 Sample Survey.",,,100-200
farms.faostat-wcad.holdings-by-land-size,GRC,1999/2000,930.0,,,,final,"WCA 2000 round, census 1999/00. FAO flag A: Official figure. FAO's note: Agricultural area",,,100-200
farms.faostat-wcad.holdings-by-land-size,GRC,2009/2010,1540.0,,,,final,"WCA 2010 round, census 2009/10. FAO flag A: Official figure. FAO's note: UAA",,,100-200
farms.faostat-wcad.holdings-by-land-size,GRC,2020,990.0,,,,final,"WCA 2020 round, census 2020. FAO flag A: Official figure. FAO's note: UAA",,,100-200
farms.faostat-wcad.holdings-by-land-size,GRD,1981,5559.0,,,,final,"WCA 1980 round, census 1981. FAO flag I: Value imputed by a receiving agency.",,,0-1
farms.faostat-wcad.holdings-by-land-size,GRD,1995,15534.0,,,,final,"WCA 1990 round, census 1995. FAO flag A: Official figure.",,,0-1
farms.faostat-wcad.holdings-by-land-size,GRD,1981,1391.0,,,,final,"WCA 1980 round, census 1981. FAO flag I: Value imputed by a receiving agency.",,,1-2
farms.faostat-wcad.holdings-by-land-size,GRD,1995,1372.0,,,,final,"WCA 1990 round, census 1995. FAO flag A: Official figure.",,,1-2
farms.faostat-wcad.holdings-by-land-size,GRD,1981,654.0,,,,final,"WCA 1980 round, census 1981. FAO flag I: Value imputed by a receiving agency.",,,2-5
farms.faostat-wcad.holdings-by-land-size,GRD,1995,978.0,,,,final,"WCA 1990 round, census 1995. FAO flag A: Official figure.",,,2-5
farms.faostat-wcad.holdings-by-land-size,GRD,1981,183.0,,,,final,"WCA 1980 round, census 1981. FAO flag I: Value imputed by a receiving agency.",,,5-10
farms.faostat-wcad.holdings-by-land-size,GRD,1995,243.0,,,,final,"WCA 1990 round, census 1995. FAO flag A: Official figure.",,,5-10
farms.faostat-wcad.holdings-by-land-size,GRD,1981,59.0,,,,final,"WCA 1980 round, census 1981. FAO flag A: Official figure.",,,10-20
farms.faostat-wcad.holdings-by-land-size,GRD,1995,74.0,,,,final,"WCA 1990 round, census 1995. FAO flag A: Official figure.",,,10-20
farms.faostat-wcad.holdings-by-land-size,GRD,1981,61.0,,,,final,"WCA 1980 round, census 1981. FAO flag I: Value imputed by a receiving agency.",,,20-50
farms.faostat-wcad.holdings-by-land-size,GRD,1995,76.0,,,,final,"WCA 1990 round, census 1995. FAO flag A: Official figure.",,,20-50
farms.faostat-wcad.holdings-by-land-size,GTM,1950,128745.0,,,,final,"WCA 1950 round, census 1950. FAO flag I: Value imputed by a receiving agency.",,,0-1
farms.faostat-wcad.holdings-by-land-size,GTM,1964,131878.0,,,,final,"WCA 1960 round, census 1964. FAO flag A: Official figure.",,,0-1
farms.faostat-wcad.holdings-by-land-size,GTM,1979,224656.0,,,,final,"WCA 1980 round, census 1979. FAO flag I: Value imputed by a receiving agency.",,,0-1
farms.faostat-wcad.holdings-by-land-size,GTM,2003,651874.0,,,,final,"WCA 2000 round, census 2003. FAO flag I: Value imputed by a receiving agency.",,,0-1
farms.faostat-wcad.holdings-by-land-size,GTM,1950,70571.0,,,,final,"WCA 1950 round, census 1950. FAO flag I: Value imputed by a receiving agency.",,,1-2
farms.faostat-wcad.holdings-by-land-size,GTM,1964,104975.0,,,,final,"WCA 1960 round, census 1964. FAO flag A: Official figure.",,,1-2
farms.faostat-wcad.holdings-by-land-size,GTM,1979,108699.0,,,,final,"WCA 1980 round, census 1979. FAO flag I: Value imputed by a receiving agency.",,,1-2
farms.faostat-wcad.holdings-by-land-size,GTM,2003,86759.0,,,,final,"WCA 2000 round, census 2003. FAO flag I: Value imputed by a receiving agency.",,,1-2
farms.faostat-wcad.holdings-by-land-size,GTM,1950,76468.0,,,,final,"WCA 1950 round, census 1950. FAO flag I: Value imputed by a receiving agency.",,,2-5
farms.faostat-wcad.holdings-by-land-size,GTM,1964,105012.0,,,,final,"WCA 1960 round, census 1964. FAO flag A: Official figure.",,,2-5
farms.faostat-wcad.holdings-by-land-size,GTM,1979,108266.0,,,,final,"WCA 1980 round, census 1979. FAO flag I: Value imputed by a receiving agency.",,,2-5
farms.faostat-wcad.holdings-by-land-size,GTM,2003,49570.0,,,,final,"WCA 2000 round, census 2003. FAO flag I: Value imputed by a receiving agency.",,,2-5
farms.faostat-wcad.holdings-by-land-size,GTM,1950,24074.0,,,,final,"WCA 1950 round, census 1950. FAO flag I: Value imputed by a receiving agency.",,,5-10
farms.faostat-wcad.holdings-by-land-size,GTM,1964,37607.0,,,,final,"WCA 1960 round, census 1964. FAO flag A: Official figure.",,,5-10
farms.faostat-wcad.holdings-by-land-size,GTM,1979,38014.0,,,,final,"WCA 1980 round, census 1979. FAO flag I: Value imputed by a receiving agency.",,,5-10
farms.faostat-wcad.holdings-by-land-size,GTM,2003,19833.0,,,,final,"WCA 2000 round, census 2003. FAO flag I: Value imputed by a receiving agency.",,,5-10
farms.faostat-wcad.holdings-by-land-size,GTM,1950,29840.0,,,,final,"WCA 1950 round, census 1950. FAO flag I: Value imputed by a receiving agency.",,,10-20
farms.faostat-wcad.holdings-by-land-size,GTM,1964,20016.0,,,,final,"WCA 1960 round, census 1964. FAO flag A: Official figure.",,,10-20
farms.faostat-wcad.holdings-by-land-size,GTM,1979,24638.0,,,,final,"WCA 1980 round, census 1979. FAO flag I: Value imputed by a receiving agency.",,,10-20
farms.faostat-wcad.holdings-by-land-size,GTM,2003,6243.0,,,,final,"WCA 2000 round, census 2003. FAO flag I: Value imputed by a receiving agency.",,,10-20
farms.faostat-wcad.holdings-by-land-size,GTM,1950,11729.0,,,,final,"WCA 1950 round, census 1950. FAO flag I: Value imputed by a receiving agency.",,,20-50
farms.faostat-wcad.holdings-by-land-size,GTM,1964,9766.0,,,,final,"WCA 1960 round, census 1964. FAO flag A: Official figure.",,,20-50
farms.faostat-wcad.holdings-by-land-size,GTM,1979,14280.0,,,,final,"WCA 1980 round, census 1979. FAO flag I: Value imputed by a receiving agency.",,,20-50
farms.faostat-wcad.holdings-by-land-size,GTM,2003,15569.0,,,,final,"WCA 2000 round, census 2003. FAO flag I: Value imputed by a receiving agency.",,,20-50
farms.faostat-wcad.holdings-by-land-size,GTM,1950,2003.0,,,,final,"WCA 1950 round, census 1950. FAO flag I: Value imputed by a receiving agency.",,,50-100
farms.faostat-wcad.holdings-by-land-size,GTM,1964,3744.0,,,,final,"WCA 1960 round, census 1964. FAO flag A: Official figure.",,,50-100
farms.faostat-wcad.holdings-by-land-size,GTM,1979,3975.0,,,,final,"WCA 1980 round, census 1979. FAO flag I: Value imputed by a receiving agency.",,,50-100
farms.faostat-wcad.holdings-by-land-size,GTM,2003,245.0,,,,final,"WCA 2000 round, census 2003. FAO flag I: Value imputed by a receiving agency.",,,50-100
farms.faostat-wcad.holdings-by-land-size,GTM,1950,2005.0,,,,final,"WCA 1950 round, census 1950. FAO flag I: Value imputed by a receiving agency.",,,100-200
farms.faostat-wcad.holdings-by-land-size,GTM,1964,2174.0,,,,final,"WCA 1960 round, census 1964. FAO flag A: Official figure.",,,100-200
farms.faostat-wcad.holdings-by-land-size,GTM,1979,3777.0,,,,final,"WCA 1980 round, census 1979. FAO flag I: Value imputed by a receiving agency.",,,100-200
farms.faostat-wcad.holdings-by-land-size,GTM,2003,177.0,,,,final,"WCA 2000 round, census 2003. FAO flag I: Value imputed by a receiving agency.",,,100-200
farms.faostat-wcad.holdings-by-land-size,GTM,1950,2264.0,,,,final,"WCA 1950 round, census 1950. FAO flag I: Value imputed by a receiving agency.",,,200-500
farms.faostat-wcad.holdings-by-land-size,GTM,1964,1352.0,,,,final,"WCA 1960 round, census 1964. FAO flag A: Official figure.",,,200-500
farms.faostat-wcad.holdings-by-land-size,GTM,1979,4098.0,,,,final,"WCA 1980 round, census 1979. FAO flag I: Value imputed by a receiving agency.",,,200-500
farms.faostat-wcad.holdings-by-land-size,GTM,2003,203.0,,,,final,"WCA 2000 round, census 2003. FAO flag I: Value imputed by a receiving agency.",,,200-500
farms.faostat-wcad.holdings-by-land-size,GTM,1950,521.0,,,,final,"WCA 1950 round, census 1950. FAO flag I: Value imputed by a receiving agency.",,,500-1000
farms.faostat-wcad.holdings-by-land-size,GTM,1964,567.0,,,,final,"WCA 1960 round, census 1964. FAO flag A: Official figure.",,,500-1000
farms.faostat-wcad.holdings-by-land-size,GTM,1979,792.0,,,,final,"WCA 1980 round, census 1979. FAO flag I: Value imputed by a receiving agency.",,,500-1000
farms.faostat-wcad.holdings-by-land-size,GTM,2003,171.0,,,,final,"WCA 2000 round, census 2003. FAO flag I: Value imputed by a receiving agency.",,,500-1000
farms.faostat-wcad.holdings-by-land-size,GTM,1950,466.0,,,,final,"WCA 1950 round, census 1950. FAO flag I: Value imputed by a receiving agency.",,,1000-plus
farms.faostat-wcad.holdings-by-land-size,GTM,1964,253.0,,,,final,"WCA 1960 round, census 1964. FAO flag A: Official figure.",,,1000-plus
farms.faostat-wcad.holdings-by-land-size,GTM,1979,429.0,,,,final,"WCA 1980 round, census 1979. FAO flag I: Value imputed by a receiving agency.",,,1000-plus
farms.faostat-wcad.holdings-by-land-size,GTM,2003,40.0,,,,final,"WCA 2000 round, census 2003. FAO flag I: Value imputed by a receiving agency.",,,1000-plus
farms.faostat-wcad.holdings-by-land-size,GUF,1980,1113.0,,,,final,"WCA 1980 round, census 1980. FAO flag A: Official figure.",,,0-1
farms.faostat-wcad.holdings-by-land-size,GUF,1989,729.0,,,,final,"WCA 1990 round, census 1989. FAO flag A: Official figure. FAO's note: Agricultural area",,,0-1
farms.faostat-wcad.holdings-by-land-size,GUF,2000,1108.0,,,,final,"WCA 2000 round, census 2000. FAO flag A: Official figure. FAO's note: Agricultural area",,,0-1
farms.faostat-wcad.holdings-by-land-size,GUF,1980,612.0,,,,final,"WCA 1980 round, census 1980. FAO flag A: Official figure.",,,1-2
farms.faostat-wcad.holdings-by-land-size,GUF,1989,1403.0,,,,final,"WCA 1990 round, census 1989. FAO flag A: Official figure. FAO's note: Agricultural area",,,1-2
farms.faostat-wcad.holdings-by-land-size,GUF,2000,1886.0,,,,final,"WCA 2000 round, census 2000. FAO flag A: Official figure. FAO's note: Agricultural area",,,1-2
farms.faostat-wcad.holdings-by-land-size,GUF,1980,298.0,,,,final,"WCA 1980 round, census 1980. FAO flag A: Official figure.",,,2-5
farms.faostat-wcad.holdings-by-land-size,GUF,1989,1902.0,,,,final,"WCA 1990 round, census 1989. FAO flag A: Official figure. FAO's note: Agricultural area",,,2-5
farms.faostat-wcad.holdings-by-land-size,GUF,2000,1850.0,,,,final,"WCA 2000 round, census 2000. FAO flag A: Official figure. FAO's note: Agricultural area",,,2-5
farms.faostat-wcad.holdings-by-land-size,GUF,1980,97.0,,,,final,"WCA 1980 round, census 1980. FAO flag A: Official figure.",,,5-10
farms.faostat-wcad.holdings-by-land-size,GUF,1989,269.0,,,,final,"WCA 1990 round, census 1989. FAO flag A: Official figure. FAO's note: Agricultural area",,,5-10
farms.faostat-wcad.holdings-by-land-size,GUF,2000,293.0,,,,final,"WCA 2000 round, census 2000. FAO flag A: Official figure. FAO's note: Agricultural area",,,5-10
farms.faostat-wcad.holdings-by-land-size,GUF,1980,32.0,,,,final,"WCA 1980 round, census 1980. FAO flag I: Value imputed by a receiving agency.",,,10-20
farms.faostat-wcad.holdings-by-land-size,GUF,1989,68.0,,,,final,"WCA 1990 round, census 1989. FAO flag A: Official figure. FAO's note: Agricultural area",,,10-20
farms.faostat-wcad.holdings-by-land-size,GUF,2000,94.0,,,,final,"WCA 2000 round, census 2000. FAO flag A: Official figure. FAO's note: Agricultural area",,,10-20
farms.faostat-wcad.holdings-by-land-size,GUF,1980,32.0,,,,final,"WCA 1980 round, census 1980. FAO flag I: Value imputed by a receiving agency.",,,20-50
farms.faostat-wcad.holdings-by-land-size,GUF,1989,109.0,,,,final,"WCA 1990 round, census 1989. FAO flag A: Official figure. FAO's note: Agricultural area",,,20-50
farms.faostat-wcad.holdings-by-land-size,GUF,2000,87.0,,,,final,"WCA 2000 round, census 2000. FAO flag A: Official figure. FAO's note: Agricultural area",,,20-50
farms.faostat-wcad.holdings-by-land-size,GUF,1980,25.0,,,,final,"WCA 1980 round, census 1980. FAO flag A: Official figure.",,,50-100
farms.faostat-wcad.holdings-by-land-size,GUM,1950,860.0,,,,final,"WCA 1950 round, census 1950. FAO flag A: Official figure.",,,0-1
farms.faostat-wcad.holdings-by-land-size,GUM,1959,815.0,,,,final,"WCA 1960 round, census 1959. FAO flag A: Official figure.",,,0-1
farms.faostat-wcad.holdings-by-land-size,GUM,1969,535.0,,,,final,"WCA 1970 round, census 1969. FAO flag A: Official figure.",,,0-1
farms.faostat-wcad.holdings-by-land-size,GUM,1978,1525.0,,,,final,"WCA 1980 round, census 1978. FAO flag A: Official figure.",,,0-1
farms.faostat-wcad.holdings-by-land-size,GUM,1987,118.0,,,,final,"WCA 1990 round, census 1987. FAO flag A: Official figure.",,,0-1
farms.faostat-wcad.holdings-by-land-size,GUM,2002,46.0,,,,final,"WCA 2000 round, census 2002. FAO flag I: Value imputed by a receiving agency.",,,0-1
farms.faostat-wcad.holdings-by-land-size,GUM,2007,43.0,,,,final,"WCA 2010 round, census 2007. FAO flag I: Value imputed by a receiving agency.",,,0-1
farms.faostat-wcad.holdings-by-land-size,GUM,2018,149.0,,,,final,"WCA 2020 round, census 2018. FAO flag I: Value imputed by a receiving agency.",,,0-1
farms.faostat-wcad.holdings-by-land-size,GUM,2023,341.0,,,,final,"WCA 2020 round, census 2023. FAO flag I: Value imputed by a receiving agency.",,,0-1
farms.faostat-wcad.holdings-by-land-size,GUM,1950,288.0,,,,final,"WCA 1950 round, census 1950. FAO flag I: Value imputed by a receiving agency.",,,1-2
farms.faostat-wcad.holdings-by-land-size,GUM,1959,448.0,,,,final,"WCA 1960 round, census 1959. FAO flag A: Official figure.",,,1-2
farms.faostat-wcad.holdings-by-land-size,GUM,1969,178.0,,,,final,"WCA 1970 round, census 1969. FAO flag I: Value imputed by a receiving agency.",,,1-2
farms.faostat-wcad.holdings-by-land-size,GUM,1978,166.0,,,,final,"WCA 1980 round, census 1978. FAO flag I: Value imputed by a receiving agency.",,,1-2
farms.faostat-wcad.holdings-by-land-size,GUM,1987,86.0,,,,final,"WCA 1990 round, census 1987. FAO flag A: Official figure.",,,1-2
farms.faostat-wcad.holdings-by-land-size,GUM,2002,24.0,,,,final,"WCA 2000 round, census 2002. FAO flag I: Value imputed by a receiving agency.",,,1-2
farms.faostat-wcad.holdings-by-land-size,GUM,2007,15.0,,,,final,"WCA 2010 round, census 2007. FAO flag I: Value imputed by a receiving agency.",,,1-2
farms.faostat-wcad.holdings-by-land-size,GUM,2018,40.0,,,,final,"WCA 2020 round, census 2018. FAO flag I: Value imputed by a receiving agency.",,,1-2
farms.faostat-wcad.holdings-by-land-size,GUM,2023,97.0,,,,final,"WCA 2020 round, census 2023. FAO flag I: Value imputed by a receiving agency.",,,1-2
farms.faostat-wcad.holdings-by-land-size,GUM,2007,10.0,,,,final,"WCA 2010 round, census 2007. FAO flag I: Value imputed by a receiving agency.",,,2-3
farms.faostat-wcad.holdings-by-land-size,GUM,2018,24.0,,,,final,"WCA 2020 round, census 2018. FAO flag I: Value imputed by a receiving agency.",,,2-3
farms.faostat-wcad.holdings-by-land-size,GUM,2007,5.0,,,,final,"WCA 2010 round, census 2007. FAO flag I: Value imputed by a receiving agency.",,,3-4
farms.faostat-wcad.holdings-by-land-size,GUM,2018,8.0,,,,final,"WCA 2020 round, census 2018. FAO flag I: Value imputed by a receiving agency.",,,3-4
farms.faostat-wcad.holdings-by-land-size,GUM,2007,5.0,,,,final,"WCA 2010 round, census 2007. FAO flag I: Value imputed by a receiving agency.",,,4-5
farms.faostat-wcad.holdings-by-land-size,GUM,2018,5.0,,,,final,"WCA 2020 round, census 2018. FAO flag I: Value imputed by a receiving agency.",,,4-5
farms.faostat-wcad.holdings-by-land-size,GUM,1950,713.0,,,,final,"WCA 1950 round, census 1950. FAO flag I: Value imputed by a receiving agency.",,,2-5
farms.faostat-wcad.holdings-by-land-size,GUM,1959,469.0,,,,final,"WCA 1960 round, census 1959. FAO flag A: Official figure.",,,2-5
farms.faostat-wcad.holdings-by-land-size,GUM,1969,273.0,,,,final,"WCA 1970 round, census 1969. FAO flag I: Value imputed by a receiving agency.",,,2-5
farms.faostat-wcad.holdings-by-land-size,GUM,1978,216.0,,,,final,"WCA 1980 round, census 1978. FAO flag I: Value imputed by a receiving agency.",,,2-5
farms.faostat-wcad.holdings-by-land-size,GUM,1987,76.0,,,,final,"WCA 1990 round, census 1987. FAO flag A: Official figure.",,,2-5
farms.faostat-wcad.holdings-by-land-size,GUM,2002,42.0,,,,final,"WCA 2000 round, census 2002. FAO flag I: Value imputed by a receiving agency.",,,2-5
farms.faostat-wcad.holdings-by-land-size,GUM,2023,85.0,,,,final,"WCA 2020 round, census 2023. FAO flag I: Value imputed by a receiving agency.",,,2-5
farms.faostat-wcad.holdings-by-land-size,GUM,1950,211.0,,,,final,"WCA 1950 round, census 1950. FAO flag A: Official figure.",,,5-10
farms.faostat-wcad.holdings-by-land-size,GUM,1959,130.0,,,,final,"WCA 1960 round, census 1959. FAO flag A: Official figure.",,,5-10
farms.faostat-wcad.holdings-by-land-size,GUM,1969,56.0,,,,final,"WCA 1970 round, census 1969. FAO flag A: Official figure.",,,5-10
farms.faostat-wcad.holdings-by-land-size,GUM,1978,47.0,,,,final,"WCA 1980 round, census 1978. FAO flag A: Official figure.",,,5-10
farms.faostat-wcad.holdings-by-land-size,GUM,1987,34.0,,,,final,"WCA 1990 round, census 1987. FAO flag A: Official figure.",,,5-10
farms.faostat-wcad.holdings-by-land-size,GUM,2002,24.0,,,,final,"WCA 2000 round, census 2002. FAO flag I: Value imputed by a receiving agency.",,,5-10
farms.faostat-wcad.holdings-by-land-size,GUM,2007,25.0,,,,final,"WCA 2010 round, census 2007. FAO flag I: Value imputed by a receiving agency.",,,5-10
farms.faostat-wcad.holdings-by-land-size,GUM,2018,38.0,,,,final,"WCA 2020 round, census 2018. FAO flag I: Value imputed by a receiving agency.",,,5-10
farms.faostat-wcad.holdings-by-land-size,GUM,2023,35.0,,,,final,"WCA 2020 round, census 2023. FAO flag I: Value imputed by a receiving agency.",,,5-10
farms.faostat-wcad.holdings-by-land-size,GUM,1950,119.0,,,,final,"WCA 1950 round, census 1950. FAO flag A: Official figure.",,,10-20
farms.faostat-wcad.holdings-by-land-size,GUM,1959,86.0,,,,final,"WCA 1960 round, census 1959. FAO flag A: Official figure.",,,10-20
farms.faostat-wcad.holdings-by-land-size,GUM,1969,36.0,,,,final,"WCA 1970 round, census 1969. FAO flag A: Official figure.",,,10-20
farms.faostat-wcad.holdings-by-land-size,GUM,1978,19.0,,,,final,"WCA 1980 round, census 1978. FAO flag A: Official figure.",,,10-20
farms.faostat-wcad.holdings-by-land-size,GUM,1987,21.0,,,,final,"WCA 1990 round, census 1987. FAO flag A: Official figure.",,,10-20
farms.faostat-wcad.holdings-by-land-size,GUM,2002,10.0,,,,final,"WCA 2000 round, census 2002. FAO flag I: Value imputed by a receiving agency.",,,10-20
farms.faostat-wcad.holdings-by-land-size,GUM,2023,25.0,,,,final,"WCA 2020 round, census 2023. FAO flag I: Value imputed by a receiving agency.",,,10-20
farms.faostat-wcad.holdings-by-land-size,GUM,1950,55.0,,,,final,"WCA 1950 round, census 1950. FAO flag A: Official figure.",,,20-50
farms.faostat-wcad.holdings-by-land-size,GUM,1959,56.0,,,,final,"WCA 1960 round, census 1959. FAO flag A: Official figure.",,,20-50
farms.faostat-wcad.holdings-by-land-size,GUM,1969,25.0,,,,final,"WCA 1970 round, census 1969. FAO flag A: Official figure.",,,20-50
farms.faostat-wcad.holdings-by-land-size,GUM,1978,14.0,,,,final,"WCA 1980 round, census 1978. FAO flag A: Official figure.",,,20-50
farms.faostat-wcad.holdings-by-land-size,GUM,1987,16.0,,,,final,"WCA 1990 round, census 1987. FAO flag A: Official figure.",,,20-50
farms.faostat-wcad.holdings-by-land-size,GUM,2002,7.0,,,,final,"WCA 2000 round, census 2002. FAO flag I: Value imputed by a receiving agency.",,,20-50
farms.faostat-wcad.holdings-by-land-size,GUM,1950,16.0,,,,final,"WCA 1950 round, census 1950. FAO flag A: Official figure.",,,50-100
farms.faostat-wcad.holdings-by-land-size,GUM,1959,24.0,,,,final,"WCA 1960 round, census 1959. FAO flag A: Official figure.",,,50-100
farms.faostat-wcad.holdings-by-land-size,GUM,1969,18.0,,,,final,"WCA 1970 round, census 1969. FAO flag A: Official figure.",,,50-100
farms.faostat-wcad.holdings-by-land-size,GUM,1978,12.0,,,,final,"WCA 1980 round, census 1978. FAO flag A: Official figure.",,,50-100
farms.faostat-wcad.holdings-by-land-size,HND,1952,15394.0,,,,final,"WCA 1950 round, census 1952. FAO flag A: Official figure.",,,0-1
farms.faostat-wcad.holdings-by-land-size,HND,1974,33771.0,,,,final,"WCA 1970 round, census 1974. FAO flag A: Official figure.",,,0-1
farms.faostat-wcad.holdings-by-land-size,HND,1952,23729.0,,,,final,"WCA 1950 round, census 1952. FAO flag I: Value imputed by a receiving agency.",,,1-2
farms.faostat-wcad.holdings-by-land-size,HND,1974,38650.0,,,,final,"WCA 1970 round, census 1974. FAO flag A: Official figure.",,,1-2
farms.faostat-wcad.holdings-by-land-size,HND,1952,49888.0,,,,final,"WCA 1950 round, census 1952. FAO flag I: Value imputed by a receiving agency.",,,2-5
farms.faostat-wcad.holdings-by-land-size,HND,1974,52360.0,,,,final,"WCA 1970 round, census 1974. FAO flag A: Official figure.",,,2-5
farms.faostat-wcad.holdings-by-land-size,HND,1993,178250.0,,,,final,"WCA 1990 round, census 1993. FAO flag A: Official figure.",,,2-5
farms.faostat-wcad.holdings-by-land-size,HND,1952,28092.0,,,,final,"WCA 1950 round, census 1952. FAO flag A: Official figure.",,,5-10
farms.faostat-wcad.holdings-by-land-size,HND,1974,28264.0,,,,final,"WCA 1970 round, census 1974. FAO flag A: Official figure.",,,5-10
farms.faostat-wcad.holdings-by-land-size,HND,1993,52770.0,,,,final,"WCA 1990 round, census 1993. FAO flag A: Official figure.",,,5-10
farms.faostat-wcad.holdings-by-land-size,HND,1952,18620.0,,,,final,"WCA 1950 round, census 1952. FAO flag A: Official figure.",,,10-20
farms.faostat-wcad.holdings-by-land-size,HND,1974,19220.0,,,,final,"WCA 1970 round, census 1974. FAO flag A: Official figure.",,,10-20
farms.faostat-wcad.holdings-by-land-size,HND,1993,38770.0,,,,final,"WCA 1990 round, census 1993. FAO flag A: Official figure.",,,10-20
farms.faostat-wcad.holdings-by-land-size,HND,1952,13752.0,,,,final,"WCA 1950 round, census 1952. FAO flag A: Official figure.",,,20-50
farms.faostat-wcad.holdings-by-land-size,HND,1974,15170.0,,,,final,"WCA 1970 round, census 1974. FAO flag A: Official figure.",,,20-50
farms.faostat-wcad.holdings-by-land-size,HND,1993,55960.0,,,,final,"WCA 1990 round, census 1993. FAO flag A: Official figure.",,,20-50
farms.faostat-wcad.holdings-by-land-size,HND,1952,3865.0,,,,final,"WCA 1950 round, census 1952. FAO flag A: Official figure.",,,50-100
farms.faostat-wcad.holdings-by-land-size,HND,1974,4433.0,,,,final,"WCA 1970 round, census 1974. FAO flag A: Official figure.",,,50-100
farms.faostat-wcad.holdings-by-land-size,HND,1952,1514.0,,,,final,"WCA 1950 round, census 1952. FAO flag A: Official figure.",,,100-200
farms.faostat-wcad.holdings-by-land-size,HND,1974,1971.0,,,,final,"WCA 1970 round, census 1974. FAO flag A: Official figure.",,,100-200
farms.faostat-wcad.holdings-by-land-size,HND,1952,803.0,,,,final,"WCA 1950 round, census 1952. FAO flag A: Official figure.",,,200-500
farms.faostat-wcad.holdings-by-land-size,HND,1974,1057.0,,,,final,"WCA 1970 round, census 1974. FAO flag A: Official figure.",,,200-500
farms.faostat-wcad.holdings-by-land-size,HND,1952,284.0,,,,final,"WCA 1950 round, census 1952. FAO flag A: Official figure.",,,500-1000
farms.faostat-wcad.holdings-by-land-size,HND,1974,276.0,,,,final,"WCA 1970 round, census 1974. FAO flag A: Official figure.",,,500-1000
farms.faostat-wcad.holdings-by-land-size,HND,1952,194.0,,,,final,"WCA 1950 round, census 1952. FAO flag A: Official figure.",,,1000-plus
farms.faostat-wcad.holdings-by-land-size,HND,1974,169.0,,,,final,"WCA 1970 round, census 1974. FAO flag A: Official figure.",,,1000-plus
farms.faostat-wcad.holdings-by-land-size,HRV,2003,227761.0,,,,final,"WCA 2000 round, census 2003. FAO flag A: Official figure. FAO's note: Agricultural Households",,,0-1
farms.faostat-wcad.holdings-by-land-size,HRV,2010,40374.0,,,,final,"WCA 2010 round, census 2010. FAO flag I: Value imputed by a receiving agency. FAO's note: UAA",,,0-1
farms.faostat-wcad.holdings-by-land-size,HRV,2020,18405.0,,,,final,"WCA 2020 round, census 2020. FAO flag I: Value imputed by a receiving agency. FAO's note: UAA",,,0-1
farms.faostat-wcad.holdings-by-land-size,HRV,2003,71984.0,,,,final,"WCA 2000 round, census 2003. FAO flag A: Official figure. FAO's note: Agricultural Households",,,1-2
farms.faostat-wcad.holdings-by-land-size,HRV,2010,82186.0,,,,final,"WCA 2010 round, census 2010. FAO flag I: Value imputed by a receiving agency. FAO's note: UAA",,,1-2
farms.faostat-wcad.holdings-by-land-size,HRV,2020,37465.0,,,,final,"WCA 2020 round, census 2020. FAO flag I: Value imputed by a receiving agency. FAO's note: UAA",,,1-2
farms.faostat-wcad.holdings-by-land-size,HRV,2010,18788.0,,,,final,"WCA 2010 round, census 2010. FAO flag I: Value imputed by a receiving agency. FAO's note: UAA",,,2-3
farms.faostat-wcad.holdings-by-land-size,HRV,2020,14497.0,,,,final,"WCA 2020 round, census 2020. FAO flag I: Value imputed by a receiving agency. FAO's note: UAA",,,2-3
farms.faostat-wcad.holdings-by-land-size,HRV,2010,18692.0,,,,final,"WCA 2010 round, census 2010. FAO flag I: Value imputed by a receiving agency. FAO's note: UAA",,,3-4
farms.faostat-wcad.holdings-by-land-size,HRV,2020,14423.0,,,,final,"WCA 2020 round, census 2020. FAO flag I: Value imputed by a receiving agency. FAO's note: UAA",,,3-4
farms.faostat-wcad.holdings-by-land-size,HRV,2010,17949.0,,,,final,"WCA 2010 round, census 2010. FAO flag I: Value imputed by a receiving agency. FAO's note: UAA",,,4-5
farms.faostat-wcad.holdings-by-land-size,HRV,2020,13850.0,,,,final,"WCA 2020 round, census 2020. FAO flag I: Value imputed by a receiving agency. FAO's note: UAA",,,4-5
farms.faostat-wcad.holdings-by-land-size,HRV,2003,85985.0,,,,final,"WCA 2000 round, census 2003. FAO flag A: Official figure. FAO's note: Agricultural Households",,,2-5
farms.faostat-wcad.holdings-by-land-size,HRV,2003,42553.0,,,,final,"WCA 2000 round, census 2003. FAO flag A: Official figure. FAO's note: Agricultural Households",,,5-10
farms.faostat-wcad.holdings-by-land-size,HRV,2010,30240.0,,,,final,"WCA 2010 round, census 2010. FAO flag A: Official figure. FAO's note: UAA",,,5-10
farms.faostat-wcad.holdings-by-land-size,HRV,2020,21340.0,,,,final,"WCA 2020 round, census 2020. FAO flag A: Official figure. FAO's note: UAA",,,5-10
farms.faostat-wcad.holdings-by-land-size,HRV,2003,15765.0,,,,final,"WCA 2000 round, census 2003. FAO flag A: Official figure. FAO's note: Agricultural Households",,,10-20
farms.faostat-wcad.holdings-by-land-size,HRV,2010,13880.0,,,,final,"WCA 2010 round, census 2010. FAO flag A: Official figure. FAO's note: UAA",,,10-20
farms.faostat-wcad.holdings-by-land-size,HRV,2020,10210.0,,,,final,"WCA 2020 round, census 2020. FAO flag A: Official figure. FAO's note: UAA",,,10-20
farms.faostat-wcad.holdings-by-land-size,HRV,2003,5848.0,,,,final,"WCA 2000 round, census 2003. FAO flag A: Official figure. FAO's note: Agricultural Households",,,20-50
farms.faostat-wcad.holdings-by-land-size,HRV,2010,7800.0,,,,final,"WCA 2010 round, census 2010. FAO flag A: Official figure. FAO's note: UAA",,,20-50
farms.faostat-wcad.holdings-by-land-size,HRV,2020,6690.0,,,,final,"WCA 2020 round, census 2020. FAO flag A: Official figure. FAO's note: UAA",,,20-50
farms.faostat-wcad.holdings-by-land-size,HRV,2010,2290.0,,,,final,"WCA 2010 round, census 2010. FAO flag A: Official figure. FAO's note: UAA",,,50-100
farms.faostat-wcad.holdings-by-land-size,HRV,2020,2570.0,,,,final,"WCA 2020 round, census 2020. FAO flag A: Official figure. FAO's note: UAA",,,50-100
farms.faostat-wcad.holdings-by-land-size,HRV,2010,850.0,,,,final,"WCA 2010 round, census 2010. FAO flag A: Official figure. FAO's note: UAA",,,100-200
farms.faostat-wcad.holdings-by-land-size,HRV,2020,1490.0,,,,final,"WCA 2020 round, census 2020. FAO flag A: Official figure. FAO's note: UAA",,,100-200
farms.faostat-wcad.holdings-by-land-size,HTI,2008/2009,649477.0,,,,final,"WCA 2010 round, census 2008/09. FAO flag I: Value imputed by a receiving agency. FAO's note: UAA",,,0-1
farms.faostat-wcad.holdings-by-land-size,HTI,2008/2009,193293.0,,,,final,"WCA 2010 round, census 2008/09. FAO flag I: Value imputed by a receiving agency. FAO's note: UAA",,,1-2
farms.faostat-wcad.holdings-by-land-size,HTI,2008/2009,79149.0,,,,final,"WCA 2010 round, census 2008/09. FAO flag I: Value imputed by a receiving agency. FAO's note: UAA",,,2-3
farms.faostat-wcad.holdings-by-land-size,HTI,2008/2009,34974.0,,,,final,"WCA 2010 round, census 2008/09. FAO flag A: Official figure. FAO's note: UAA",,,3-4
farms.faostat-wcad.holdings-by-land-size,HTI,2008/2009,9901.0,,,,final,"WCA 2010 round, census 2008/09. FAO flag A: Official figure. FAO's note: UAA",,,4-5
farms.faostat-wcad.holdings-by-land-size,HTI,2008/2009,6435.0,,,,final,"WCA 2010 round, census 2008/09. FAO flag I: Value imputed by a receiving agency. FAO's note: UAA",,,5-10
farms.faostat-wcad.holdings-by-land-size,HTI,2008/2009,1554.0,,,,final,"WCA 2010 round, census 2008/09. FAO flag I: Value imputed by a receiving agency. FAO's note: UAA",,,10-20
farms.faostat-wcad.holdings-by-land-size,HUN,1972,690114.0,,,,final,"WCA 1970 round, census 1972. FAO flag A: Official figure.",,,0-1
farms.faostat-wcad.holdings-by-land-size,HUN,1981,740658.0,,,,final,"WCA 1980 round, census 1981. FAO flag A: Official figure.",,,0-1
farms.faostat-wcad.holdings-by-land-size,HUN,2000,260987.0,,,,final,"WCA 2000 round, census 2000. FAO flag A: Official figure. FAO's note: Productive area",,,0-1
farms.faostat-wcad.holdings-by-land-size,HUN,2010,135965.0,,,,final,"WCA 2010 round, census 2010. FAO flag I: Value imputed by a receiving agency. FAO's note: UAA",,,0-1
farms.faostat-wcad.holdings-by-land-size,HUN,2020,29928.0,,,,final,"WCA 2020 round, census 2020. FAO flag I: Value imputed by a receiving agency. FAO's note: UAA",,,0-1
farms.faostat-wcad.holdings-by-land-size,HUN,1972,47908.0,,,,final,"WCA 1970 round, census 1972. FAO flag A: Official figure.",,,1-2
farms.faostat-wcad.holdings-by-land-size,HUN,1981,37238.0,,,,final,"WCA 1980 round, census 1981. FAO flag A: Official figure.",,,1-2
farms.faostat-wcad.holdings-by-land-size,HUN,2000,128417.0,,,,final,"WCA 2000 round, census 2000. FAO flag I: Value imputed by a receiving agency. FAO's note: Productive area.",,,1-2
farms.faostat-wcad.holdings-by-land-size,HUN,2010,276775.0,,,,final,"WCA 2010 round, census 2010. FAO flag I: Value imputed by a receiving agency. FAO's note: UAA",,,1-2
farms.faostat-wcad.holdings-by-land-size,HUN,2020,60922.0,,,,final,"WCA 2020 round, census 2020. FAO flag I: Value imputed by a receiving agency. FAO's note: UAA",,,1-2
farms.faostat-wcad.holdings-by-land-size,HUN,2010,15612.0,,,,final,"WCA 2010 round, census 2010. FAO flag I: Value imputed by a receiving agency. FAO's note: UAA",,,2-3
farms.faostat-wcad.holdings-by-land-size,HUN,2020,14057.0,,,,final,"WCA 2020 round, census 2020. FAO flag I: Value imputed by a receiving agency. FAO's note: UAA",,,2-3
farms.faostat-wcad.holdings-by-land-size,HUN,2010,15532.0,,,,final,"WCA 2010 round, census 2010. FAO flag I: Value imputed by a receiving agency. FAO's note: UAA",,,3-4
farms.faostat-wcad.holdings-by-land-size,HUN,2020,13985.0,,,,final,"WCA 2020 round, census 2020. FAO flag I: Value imputed by a receiving agency. FAO's note: UAA",,,3-4
farms.faostat-wcad.holdings-by-land-size,HUN,2010,14915.0,,,,final,"WCA 2010 round, census 2010. FAO flag I: Value imputed by a receiving agency. FAO's note: UAA",,,4-5
farms.faostat-wcad.holdings-by-land-size,HUN,2020,13429.0,,,,final,"WCA 2020 round, census 2020. FAO flag I: Value imputed by a receiving agency. FAO's note: UAA",,,4-5
farms.faostat-wcad.holdings-by-land-size,HUN,1972,19956.0,,,,final,"WCA 1970 round, census 1972. FAO flag A: Official figure.",,,2-5
farms.faostat-wcad.holdings-by-land-size,HUN,1981,19086.0,,,,final,"WCA 1980 round, census 1981. FAO flag A: Official figure.",,,2-5
farms.faostat-wcad.holdings-by-land-size,HUN,2000,185208.0,,,,final,"WCA 2000 round, census 2000. FAO flag I: Value imputed by a receiving agency. FAO's note: Productive area.",,,2-5
farms.faostat-wcad.holdings-by-land-size,HUN,1972,2813.0,,,,final,"WCA 1970 round, census 1972. FAO flag A: Official figure.",,,5-10
farms.faostat-wcad.holdings-by-land-size,HUN,1981,10.0,,,,final,"WCA 1980 round, census 1981. FAO flag A: Official figure.",,,5-10
farms.faostat-wcad.holdings-by-land-size,HUN,2000,108278.0,,,,final,"WCA 2000 round, census 2000. FAO flag A: Official figure. FAO's note: Productive area",,,5-10
farms.faostat-wcad.holdings-by-land-size,HUN,2010,26540.0,,,,final,"WCA 2010 round, census 2010. FAO flag A: Official figure. FAO's note: UAA",,,5-10
farms.faostat-wcad.holdings-by-land-size,HUN,2020,27420.0,,,,final,"WCA 2020 round, census 2020. FAO flag A: Official figure. FAO's note: UAA",,,5-10
farms.faostat-wcad.holdings-by-land-size,HUN,1972,162.0,,,,final,"WCA 1970 round, census 1972. FAO flag A: Official figure.",,,10-20
farms.faostat-wcad.holdings-by-land-size,HUN,1981,6.0,,,,final,"WCA 1980 round, census 1981. FAO flag A: Official figure.",,,10-20
farms.faostat-wcad.holdings-by-land-size,HUN,2000,131302.0,,,,final,"WCA 2000 round, census 2000. FAO flag I: Value imputed by a receiving agency. FAO's note: Productive area.",,,10-20
farms.faostat-wcad.holdings-by-land-size,HUN,2010,19430.0,,,,final,"WCA 2010 round, census 2010. FAO flag A: Official figure. FAO's note: UAA",,,10-20
farms.faostat-wcad.holdings-by-land-size,HUN,2020,19540.0,,,,final,"WCA 2020 round, census 2020. FAO flag A: Official figure. FAO's note: UAA",,,10-20
farms.faostat-wcad.holdings-by-land-size,HUN,1972,65.0,,,,final,"WCA 1970 round, census 1972. FAO flag A: Official figure.",,,20-50
farms.faostat-wcad.holdings-by-land-size,HUN,1981,11.0,,,,final,"WCA 1980 round, census 1981. FAO flag A: Official figure.",,,20-50
farms.faostat-wcad.holdings-by-land-size,HUN,2000,98958.0,,,,final,"WCA 2000 round, census 2000. FAO flag I: Value imputed by a receiving agency. FAO's note: Productive area.",,,20-50
farms.faostat-wcad.holdings-by-land-size,HUN,2010,15390.0,,,,final,"WCA 2010 round, census 2010. FAO flag A: Official figure. FAO's note: UAA",,,20-50
farms.faostat-wcad.holdings-by-land-size,HUN,2020,16310.0,,,,final,"WCA 2020 round, census 2020. FAO flag A: Official figure. FAO's note: UAA",,,20-50
farms.faostat-wcad.holdings-by-land-size,HUN,1972,67.0,,,,final,"WCA 1970 round, census 1972. FAO flag A: Official figure.",,,50-100
farms.faostat-wcad.holdings-by-land-size,HUN,1981,5.0,,,,final,"WCA 1980 round, census 1981. FAO flag A: Official figure.",,,50-100
farms.faostat-wcad.holdings-by-land-size,HUN,2000,45738.0,,,,final,"WCA 2000 round, census 2000. FAO flag A: Official figure. FAO's note: Productive area",,,50-100
farms.faostat-wcad.holdings-by-land-size,HUN,2010,6410.0,,,,final,"WCA 2010 round, census 2010. FAO flag A: Official figure. FAO's note: UAA",,,50-100
farms.faostat-wcad.holdings-by-land-size,HUN,2020,7980.0,,,,final,"WCA 2020 round, census 2020. FAO flag A: Official figure. FAO's note: UAA",,,50-100
farms.faostat-wcad.holdings-by-land-size,HUN,1972,85.0,,,,final,"WCA 1970 round, census 1972. FAO flag A: Official figure.",,,100-200
farms.faostat-wcad.holdings-by-land-size,HUN,1981,7.0,,,,final,"WCA 1980 round, census 1981. FAO flag A: Official figure.",,,100-200
farms.faostat-wcad.holdings-by-land-size,HUN,2000,8028.0,,,,final,"WCA 2000 round, census 2000. FAO flag A: Official figure. FAO's note: Productive area",,,100-200
farms.faostat-wcad.holdings-by-land-size,HUN,2010,7450.0,,,,final,"WCA 2010 round, census 2010. FAO flag A: Official figure. FAO's note: UAA",,,100-200
farms.faostat-wcad.holdings-by-land-size,HUN,2020,10230.0,,,,final,"WCA 2020 round, census 2020. FAO flag A: Official figure. FAO's note: UAA",,,100-200
farms.faostat-wcad.holdings-by-land-size,HUN,1972,131.0,,,,final,"WCA 1970 round, census 1972. FAO flag A: Official figure.",,,200-500
farms.faostat-wcad.holdings-by-land-size,HUN,1981,13.0,,,,final,"WCA 1980 round, census 1981. FAO flag A: Official figure.",,,200-500
farms.faostat-wcad.holdings-by-land-size,HUN,1972,323.0,,,,final,"WCA 1970 round, census 1972. FAO flag A: Official figure.",,,500-1000
farms.faostat-wcad.holdings-by-land-size,HUN,1981,21.0,,,,final,"WCA 1980 round, census 1981. FAO flag A: Official figure.",,,500-1000
farms.faostat-wcad.holdings-by-land-size,HUN,1972,2356.0,,,,final,"WCA 1970 round, census 1972. FAO flag A: Official figure.",,,1000-plus
farms.faostat-wcad.holdings-by-land-size,HUN,1981,1490.0,,,,final,"WCA 1980 round, census 1981. FAO flag A: Official figure.",,,1000-plus
farms.faostat-wcad.holdings-by-land-size,IDN,1963,8576756.0,,,,final,"WCA 1960 round, census 1963. FAO flag A: Official figure.",,,0-1
farms.faostat-wcad.holdings-by-land-size,IDN,1973,10115055.0,,,,final,"WCA 1970 round, census 1973. FAO flag A: Official figure. FAO's note: Household sector.",,,0-1
farms.faostat-wcad.holdings-by-land-size,IDN,1993,13955905.0,,,,final,"WCA 1990 round, census 1993. FAO flag A: Official figure.",,,0-1
farms.faostat-wcad.holdings-by-land-size,IDN,2003,18606642.0,,,,final,"WCA 2000 round, census 2003. FAO flag A: Official figure.",,,0-1
farms.faostat-wcad.holdings-by-land-size,IDN,2013,19339055.0,,,,final,"WCA 2010 round, census 2013. FAO flag A: Official figure.",,,0-1
farms.faostat-wcad.holdings-by-land-size,IDN,1963,2222941.0,,,,final,"WCA 1960 round, census 1963. FAO flag A: Official figure.",,,1-2
farms.faostat-wcad.holdings-by-land-size,IDN,1973,2597636.0,,,,final,"WCA 1970 round, census 1973. FAO flag A: Official figure.",,,1-2
farms.faostat-wcad.holdings-by-land-size,IDN,1993,3312218.0,,,,final,"WCA 1990 round, census 1993. FAO flag A: Official figure.",,,1-2
farms.faostat-wcad.holdings-by-land-size,IDN,2003,3460406.0,,,,final,"WCA 2000 round, census 2003. FAO flag A: Official figure.",,,1-2
farms.faostat-wcad.holdings-by-land-size,IDN,2013,3648448.0,,,,final,"WCA 2010 round, census 2013. FAO flag A: Official figure.",,,1-2
farms.faostat-wcad.holdings-by-land-size,IDN,2013,1584732.0,,,,final,"WCA 2010 round, census 2013. FAO flag A: Official figure.",,,2-3
farms.faostat-wcad.holdings-by-land-size,IDN,2013,633259.0,,,,final,"WCA 2010 round, census 2013. FAO flag A: Official figure.",,,3-4
farms.faostat-wcad.holdings-by-land-size,IDN,2013,358040.0,,,,final,"WCA 2010 round, census 2013. FAO flag A: Official figure.",,,4-5
farms.faostat-wcad.holdings-by-land-size,IDN,1963,1124147.0,,,,final,"WCA 1960 round, census 1963. FAO flag A: Official figure.",,,2-5
farms.faostat-wcad.holdings-by-land-size,IDN,1973,1353483.0,,,,final,"WCA 1970 round, census 1973. FAO flag A: Official figure. FAO's note: Household sector.",,,2-5
farms.faostat-wcad.holdings-by-land-size,IDN,1993,2175575.0,,,,final,"WCA 1990 round, census 1993. FAO flag A: Official figure.",,,2-5
farms.faostat-wcad.holdings-by-land-size,IDN,2003,2801627.0,,,,final,"WCA 2000 round, census 2003. FAO flag A: Official figure.",,,2-5
farms.faostat-wcad.holdings-by-land-size,IDN,1963,222095.0,,,,final,"WCA 1960 round, census 1963. FAO flag A: Official figure.",,,5-10
farms.faostat-wcad.holdings-by-land-size,IDN,1973,223604.0,,,,final,"WCA 1970 round, census 1973. FAO flag A: Official figure.",,,5-10
farms.faostat-wcad.holdings-by-land-size,IDN,1993,232200.0,,,,final,"WCA 1990 round, census 1993. FAO flag A: Official figure.",,,5-10
farms.faostat-wcad.holdings-by-land-size,IDN,2013,451460.0,,,,final,"WCA 2010 round, census 2013. FAO flag A: Official figure.",,,5-10
farms.faostat-wcad.holdings-by-land-size,IDN,1963,68963.0,,,,final,"WCA 1960 round, census 1963. FAO flag A: Official figure.",,,10-20
farms.faostat-wcad.holdings-by-land-size,IDN,1973,83764.0,,,,final,"WCA 1970 round, census 1973. FAO flag A: Official figure.",,,10-20
farms.faostat-wcad.holdings-by-land-size,IDN,1993,37908.0,,,,final,"WCA 1990 round, census 1993. FAO flag A: Official figure.",,,10-20
farms.faostat-wcad.holdings-by-land-size,IDN,2013,94898.0,,,,final,"WCA 2010 round, census 2013. FAO flag A: Official figure.",,,10-20
farms.faostat-wcad.holdings-by-land-size,IDN,1963,21568.0,,,,final,"WCA 1960 round, census 1963. FAO flag A: Official figure.",,,20-50
farms.faostat-wcad.holdings-by-land-size,IDN,2013,21113.0,,,,final,"WCA 2010 round, census 2013. FAO flag A: Official figure.",,,20-50
farms.faostat-wcad.holdings-by-land-size,IDN,2013,3328.0,,,,final,"WCA 2010 round, census 2013. FAO flag A: Official figure.",,,50-100
farms.faostat-wcad.holdings-by-land-size,IDN,1963,166.0,,,,final,"WCA 1960 round, census 1963. FAO flag A: Official figure.",,,100-200
farms.faostat-wcad.holdings-by-land-size,IDN,2013,1136.0,,,,final,"WCA 2010 round, census 2013. FAO flag A: Official figure.",,,100-200
farms.faostat-wcad.holdings-by-land-size,IDN,1963,269.0,,,,final,"WCA 1960 round, census 1963. FAO flag A: Official figure.",,,200-500
farms.faostat-wcad.holdings-by-land-size,IDN,1963,181.0,,,,final,"WCA 1960 round, census 1963. FAO flag A: Official figure.",,,500-1000
farms.faostat-wcad.holdings-by-land-size,IDN,1963,504.0,,,,final,"WCA 1960 round, census 1963. FAO flag A: Official figure.",,,1000-plus
farms.faostat-wcad.holdings-by-land-size,IND,1960/1961,19897000.0,,,,final,"WCA 1960 round, census 1960/61. FAO flag A: Official figure.",,,0-1
farms.faostat-wcad.holdings-by-land-size,IND,1970/1971,35682000.0,,,,final,"WCA 1970 round, census 1970/71. FAO flag A: Official figure.",,,0-1
farms.faostat-wcad.holdings-by-land-size,IND,1976/1977,44523000.0,,,,final,"WCA 1980 round, census 1976/77. FAO flag A: Official figure.",,,0-1
farms.faostat-wcad.holdings-by-land-size,IND,1990/1991,63388000.0,,,,final,"WCA 1990 round, census 1990/91. FAO flag A: Official figure.",,,0-1
farms.faostat-wcad.holdings-by-land-size,IND,2000/2001,75390000.0,,,,final,"WCA 2000 round, census 2000/01. FAO flag A: Official figure.",,,0-1
farms.faostat-wcad.holdings-by-land-size,IND,2010/2011,92826000.0,,,,final,"WCA 2010 round, census 2010/11. FAO flag A: Official figure.",,,0-1
farms.faostat-wcad.holdings-by-land-size,IND,2015/2016,100251309.0,,,,final,"WCA 2020 round, census 2015/16. FAO flag I: Value imputed by a receiving agency.",,,0-1
farms.faostat-wcad.holdings-by-land-size,IND,1960/1961,10879000.0,,,,final,"WCA 1960 round, census 1960/61. FAO flag A: Official figure.",,,1-2
farms.faostat-wcad.holdings-by-land-size,IND,1970/1971,13432000.0,,,,final,"WCA 1970 round, census 1970/71. FAO flag A: Official figure.",,,1-2
farms.faostat-wcad.holdings-by-land-size,IND,1976/1977,14728000.0,,,,final,"WCA 1980 round, census 1976/77. FAO flag A: Official figure.",,,1-2
farms.faostat-wcad.holdings-by-land-size,IND,1990/1991,20092000.0,,,,final,"WCA 1990 round, census 1990/91. FAO flag A: Official figure.",,,1-2
farms.faostat-wcad.holdings-by-land-size,IND,2000/2001,22687000.0,,,,final,"WCA 2000 round, census 2000/01. FAO flag A: Official figure.",,,1-2
farms.faostat-wcad.holdings-by-land-size,IND,2010/2011,24779000.0,,,,final,"WCA 2010 round, census 2010/11. FAO flag A: Official figure.",,,1-2
farms.faostat-wcad.holdings-by-land-size,IND,2015/2016,25809332.0,,,,final,"WCA 2020 round, census 2015/16. FAO flag A: Official figure.",,,1-2
farms.faostat-wcad.holdings-by-land-size,IND,2010/2011,9649000.0,,,,final,"WCA 2010 round, census 2010/11. FAO flag A: Official figure.",,,2-3
farms.faostat-wcad.holdings-by-land-size,IND,2015/2016,9827676.0,,,,final,"WCA 2020 round, census 2015/16. FAO flag A: Official figure.",,,2-3
farms.faostat-wcad.holdings-by-land-size,IND,2010/2011,4247000.0,,,,final,"WCA 2010 round, census 2010/11. FAO flag A: Official figure.",,,3-4
farms.faostat-wcad.holdings-by-land-size,IND,2015/2016,4165538.0,,,,final,"WCA 2020 round, census 2015/16. FAO flag A: Official figure.",,,3-4
farms.faostat-wcad.holdings-by-land-size,IND,2010/2011,2431000.0,,,,final,"WCA 2010 round, census 2010/11. FAO flag A: Official figure.",,,4-5
farms.faostat-wcad.holdings-by-land-size,IND,2015/2016,2366241.0,,,,final,"WCA 2020 round, census 2015/16. FAO flag A: Official figure.",,,4-5
farms.faostat-wcad.holdings-by-land-size,IND,1960/1961,11547000.0,,,,final,"WCA 1960 round, census 1960/61. FAO flag A: Official figure.",,,2-5
farms.faostat-wcad.holdings-by-land-size,IND,1970/1971,13365000.0,,,,final,"WCA 1970 round, census 1970/71. FAO flag A: Official figure.",,,2-5
farms.faostat-wcad.holdings-by-land-size,IND,1976/1977,14497000.0,,,,final,"WCA 1980 round, census 1976/77. FAO flag A: Official figure.",,,2-5
farms.faostat-wcad.holdings-by-land-size,IND,1990/1991,16817000.0,,,,final,"WCA 1990 round, census 1990/91. FAO flag A: Official figure.",,,2-5
farms.faostat-wcad.holdings-by-land-size,IND,2000/2001,16639000.0,,,,final,"WCA 2000 round, census 2000/01. FAO flag A: Official figure.",,,2-5
farms.faostat-wcad.holdings-by-land-size,IND,1960/1961,4245000.0,,,,final,"WCA 1960 round, census 1960/61. FAO flag A: Official figure.",,,5-10
farms.faostat-wcad.holdings-by-land-size,IND,1970/1971,5248000.0,,,,final,"WCA 1970 round, census 1970/71. FAO flag A: Official figure.",,,5-10
farms.faostat-wcad.holdings-by-land-size,IND,1976/1977,5381000.0,,,,final,"WCA 1980 round, census 1976/77. FAO flag A: Official figure.",,,5-10
farms.faostat-wcad.holdings-by-land-size,IND,1990/1991,4686000.0,,,,final,"WCA 1990 round, census 1990/91. FAO flag A: Official figure.",,,5-10
farms.faostat-wcad.holdings-by-land-size,IND,2000/2001,3948000.0,,,,final,"WCA 2000 round, census 2000/01. FAO flag A: Official figure.",,,5-10
farms.faostat-wcad.holdings-by-land-size,IND,2010/2011,3444000.0,,,,final,"WCA 2010 round, census 2010/11. FAO flag A: Official figure.",,,5-10
farms.faostat-wcad.holdings-by-land-size,IND,2015/2016,3195239.0,,,,final,"WCA 2020 round, census 2015/16. FAO flag A: Official figure.",,,5-10
farms.faostat-wcad.holdings-by-land-size,IND,1960/1961,1791000.0,,,,final,"WCA 1960 round, census 1960/61. FAO flag A: Official figure.",,,10-20
farms.faostat-wcad.holdings-by-land-size,IND,1970/1971,2135000.0,,,,final,"WCA 1970 round, census 1970/71. FAO flag A: Official figure.",,,10-20
farms.faostat-wcad.holdings-by-land-size,IND,1976/1977,1943000.0,,,,final,"WCA 1980 round, census 1976/77. FAO flag A: Official figure.",,,10-20
farms.faostat-wcad.holdings-by-land-size,IND,1990/1991,1654000.0,,,,final,"WCA 1990 round, census 1990/91. FAO flag A: Official figure.",,,10-20
farms.faostat-wcad.holdings-by-land-size,IND,2000/2001,1004000.0,,,,final,"WCA 2000 round, census 2000/01. FAO flag A: Official figure.",,,10-20
farms.faostat-wcad.holdings-by-land-size,IND,2010/2011,799000.0,,,,final,"WCA 2010 round, census 2010/11. FAO flag A: Official figure.",,,10-20
farms.faostat-wcad.holdings-by-land-size,IND,2015/2016,693375.0,,,,final,"WCA 2020 round, census 2015/16. FAO flag A: Official figure.",,,10-20
farms.faostat-wcad.holdings-by-land-size,IND,1960/1961,471000.0,,,,final,"WCA 1960 round, census 1960/61. FAO flag A: Official figure.",,,20-50
farms.faostat-wcad.holdings-by-land-size,IND,1970/1971,566000.0,,,,final,"WCA 1970 round, census 1970/71. FAO flag A: Official figure.",,,20-50
farms.faostat-wcad.holdings-by-land-size,IND,1976/1977,450000.0,,,,final,"WCA 1980 round, census 1976/77. FAO flag A: Official figure.",,,20-50
farms.faostat-wcad.holdings-by-land-size,IND,2000/2001,226000.0,,,,final,"WCA 2000 round, census 2000/01. FAO flag A: Official figure.",,,20-50
farms.faostat-wcad.holdings-by-land-size,IND,2010/2011,174000.0,,,,final,"WCA 2010 round, census 2010/11. FAO flag A: Official figure.",,,20-50
farms.faostat-wcad.holdings-by-land-size,IND,2015/2016,145031.0,,,,final,"WCA 2020 round, census 2015/16. FAO flag A: Official figure.",,,20-50
farms.faostat-wcad.holdings-by-land-size,IND,1960/1961,52000.0,,,,final,"WCA 1960 round, census 1960/61. FAO flag A: Official figure.",,,50-100
farms.faostat-wcad.holdings-by-land-size,IND,1970/1971,65000.0,,,,final,"WCA 1970 round, census 1970/71. FAO flag A: Official figure.",,,50-100
farms.faostat-wcad.holdings-by-land-size,IND,1976/1977,47000.0,,,,final,"WCA 1980 round, census 1976/77. FAO flag A: Official figure.",,,50-100
farms.faostat-wcad.holdings-by-land-size,IRL,1929,70385.0,,,,final,"WCA 1930 round, census 1929. FAO flag A: Official figure.",,,0-1
farms.faostat-wcad.holdings-by-land-size,IRL,1949,68726.0,,,,final,"WCA 1950 round, census 1949. FAO flag I: Value imputed by a receiving agency.",,,0-1
farms.faostat-wcad.holdings-by-land-size,IRL,1960,82574.0,,,,final,"WCA 1960 round, census 1960. FAO flag A: Official figure.",,,0-1
farms.faostat-wcad.holdings-by-land-size,IRL,1991,1530.0,,,,final,"WCA 1990 round, census 1991. FAO flag A: Official figure. FAO's note: Agricultural area",,,0-1
farms.faostat-wcad.holdings-by-land-size,IRL,2010,728.0,,,,final,"WCA 2010 round, census 2010. FAO flag I: Value imputed by a receiving agency. FAO's note: UAA",,,0-1
farms.faostat-wcad.holdings-by-land-size,IRL,2020,422.0,,,,final,"WCA 2020 round, census 2020. FAO flag I: Value imputed by a receiving agency. FAO's note: UAA",,,0-1
farms.faostat-wcad.holdings-by-land-size,IRL,1929,19330.0,,,,final,"WCA 1930 round, census 1929. FAO flag A: Official figure.",,,1-2
farms.faostat-wcad.holdings-by-land-size,IRL,1949,18256.0,,,,final,"WCA 1950 round, census 1949. FAO flag I: Value imputed by a receiving agency.",,,1-2
farms.faostat-wcad.holdings-by-land-size,IRL,1960,10515.0,,,,final,"WCA 1960 round, census 1960. FAO flag A: Official figure.",,,1-2
farms.faostat-wcad.holdings-by-land-size,IRL,1991,2930.0,,,,final,"WCA 1990 round, census 1991. FAO flag A: Official figure. FAO's note: Agricultural area",,,1-2
farms.faostat-wcad.holdings-by-land-size,IRL,2000,3100.0,,,,final,"WCA 2000 round, census 2000. FAO flag A: Official figure. FAO's note: Agricultural area. < 2 ha",,,1-2
farms.faostat-wcad.holdings-by-land-size,IRL,2010,1482.0,,,,final,"WCA 2010 round, census 2010. FAO flag I: Value imputed by a receiving agency. FAO's note: UAA",,,1-2
farms.faostat-wcad.holdings-by-land-size,IRL,2020,858.0,,,,final,"WCA 2020 round, census 2020. FAO flag I: Value imputed by a receiving agency. FAO's note: UAA",,,1-2
farms.faostat-wcad.holdings-by-land-size,IRL,2010,2502.0,,,,final,"WCA 2010 round, census 2010. FAO flag I: Value imputed by a receiving agency. FAO's note: UAA",,,2-3
farms.faostat-wcad.holdings-by-land-size,IRL,2020,2064.0,,,,final,"WCA 2020 round, census 2020. FAO flag I: Value imputed by a receiving agency. FAO's note: UAA",,,2-3
farms.faostat-wcad.holdings-by-land-size,IRL,2010,2489.0,,,,final,"WCA 2010 round, census 2010. FAO flag I: Value imputed by a receiving agency. FAO's note: UAA",,,3-4
farms.faostat-wcad.holdings-by-land-size,IRL,2020,2054.0,,,,final,"WCA 2020 round, census 2020. FAO flag I: Value imputed by a receiving agency. FAO's note: UAA",,,3-4
farms.faostat-wcad.holdings-by-land-size,IRL,2010,2390.0,,,,final,"WCA 2010 round, census 2010. FAO flag I: Value imputed by a receiving agency. FAO's note: UAA",,,4-5
farms.faostat-wcad.holdings-by-land-size,IRL,2020,1972.0,,,,final,"WCA 2020 round, census 2020. FAO flag I: Value imputed by a receiving agency. FAO's note: UAA",,,4-5
farms.faostat-wcad.holdings-by-land-size,IRL,1929,58708.0,,,,final,"WCA 1930 round, census 1929. FAO flag I: Value imputed by a receiving agency.",,,2-5
farms.faostat-wcad.holdings-by-land-size,IRL,1949,50252.0,,,,final,"WCA 1950 round, census 1949. FAO flag I: Value imputed by a receiving agency.",,,2-5
farms.faostat-wcad.holdings-by-land-size,IRL,1960,36876.0,,,,final,"WCA 1960 round, census 1960. FAO flag A: Official figure.",,,2-5
farms.faostat-wcad.holdings-by-land-size,IRL,1991,14717.0,,,,final,"WCA 1990 round, census 1991. FAO flag A: Official figure. FAO's note: Agricultural area",,,2-5
farms.faostat-wcad.holdings-by-land-size,IRL,2000,8570.0,,,,final,"WCA 2000 round, census 2000. FAO flag A: Official figure. FAO's note: Agricultural area",,,2-5
farms.faostat-wcad.holdings-by-land-size,IRL,1929,85652.0,,,,final,"WCA 1930 round, census 1929. FAO flag I: Value imputed by a receiving agency.",,,5-10
farms.faostat-wcad.holdings-by-land-size,IRL,1949,69902.0,,,,final,"WCA 1950 round, census 1949. FAO flag I: Value imputed by a receiving agency.",,,5-10
farms.faostat-wcad.holdings-by-land-size,IRL,1960,64208.0,,,,final,"WCA 1960 round, census 1960. FAO flag A: Official figure.",,,5-10
farms.faostat-wcad.holdings-by-land-size,IRL,1991,24134.0,,,,final,"WCA 1990 round, census 1991. FAO flag A: Official figure. FAO's note: Agricultural area",,,5-10
farms.faostat-wcad.holdings-by-land-size,IRL,2000,16740.0,,,,final,"WCA 2000 round, census 2000. FAO flag A: Official figure. FAO's note: Agricultural area",,,5-10
farms.faostat-wcad.holdings-by-land-size,IRL,2010,15750.0,,,,final,"WCA 2010 round, census 2010. FAO flag A: Official figure. FAO's note: UAA",,,5-10
farms.faostat-wcad.holdings-by-land-size,IRL,2020,15920.0,,,,final,"WCA 2020 round, census 2020. FAO flag A: Official figure. FAO's note: UAA",,,5-10
farms.faostat-wcad.holdings-by-land-size,IRL,1929,88293.0,,,,final,"WCA 1930 round, census 1929. FAO flag I: Value imputed by a receiving agency.",,,10-20
farms.faostat-wcad.holdings-by-land-size,IRL,1949,90491.0,,,,final,"WCA 1950 round, census 1949. FAO flag I: Value imputed by a receiving agency.",,,10-20
farms.faostat-wcad.holdings-by-land-size,IRL,1960,81745.0,,,,final,"WCA 1960 round, census 1960. FAO flag A: Official figure.",,,10-20
farms.faostat-wcad.holdings-by-land-size,IRL,1991,48265.0,,,,final,"WCA 1990 round, census 1991. FAO flag A: Official figure. FAO's note: Agricultural area",,,10-20
farms.faostat-wcad.holdings-by-land-size,IRL,2000,34290.0,,,,final,"WCA 2000 round, census 2000. FAO flag A: Official figure. FAO's note: Agricultural area",,,10-20
farms.faostat-wcad.holdings-by-land-size,IRL,2010,33580.0,,,,final,"WCA 2010 round, census 2010. FAO flag A: Official figure. FAO's note: UAA",,,10-20
farms.faostat-wcad.holdings-by-land-size,IRL,2020,30870.0,,,,final,"WCA 2020 round, census 2020. FAO flag A: Official figure. FAO's note: UAA",,,10-20
farms.faostat-wcad.holdings-by-land-size,IRL,1929,58705.0,,,,final,"WCA 1930 round, census 1929. FAO flag I: Value imputed by a receiving agency.",,,20-50
farms.faostat-wcad.holdings-by-land-size,IRL,1949,59029.0,,,,final,"WCA 1950 round, census 1949. FAO flag I: Value imputed by a receiving agency.",,,20-50
farms.faostat-wcad.holdings-by-land-size,IRL,1960,64461.0,,,,final,"WCA 1960 round, census 1960. FAO flag A: Official figure.",,,20-50
farms.faostat-wcad.holdings-by-land-size,IRL,1991,59392.0,,,,final,"WCA 1990 round, census 1991. FAO flag A: Official figure. FAO's note: Agricultural area",,,20-50
farms.faostat-wcad.holdings-by-land-size,IRL,2000,54670.0,,,,final,"WCA 2000 round, census 2000. FAO flag A: Official figure. FAO's note: Agricultural area",,,20-50
farms.faostat-wcad.holdings-by-land-size,IRL,2010,55360.0,,,,final,"WCA 2010 round, census 2010. FAO flag A: Official figure. FAO's note: UAA",,,20-50
farms.faostat-wcad.holdings-by-land-size,IRL,2020,50390.0,,,,final,"WCA 2020 round, census 2020. FAO flag A: Official figure. FAO's note: UAA",,,20-50
farms.faostat-wcad.holdings-by-land-size,IRL,1929,21670.0,,,,final,"WCA 1930 round, census 1929. FAO flag I: Value imputed by a receiving agency.",,,50-100
farms.faostat-wcad.holdings-by-land-size,IRL,1949,18133.0,,,,final,"WCA 1950 round, census 1949. FAO flag I: Value imputed by a receiving agency.",,,50-100
farms.faostat-wcad.holdings-by-land-size,IRL,1960,15413.0,,,,final,"WCA 1960 round, census 1960. FAO flag A: Official figure.",,,50-100
farms.faostat-wcad.holdings-by-land-size,IRL,1991,15701.0,,,,final,"WCA 1990 round, census 1991. FAO flag A: Official figure. FAO's note: Agricultural area",,,50-100
farms.faostat-wcad.holdings-by-land-size,IRL,2000,19540.0,,,,final,"WCA 2000 round, census 2000. FAO flag A: Official figure. FAO's note: Agricultural area",,,50-100
farms.faostat-wcad.holdings-by-land-size,IRL,2010,20760.0,,,,final,"WCA 2010 round, census 2010. FAO flag A: Official figure. FAO's note: UAA",,,50-100
farms.faostat-wcad.holdings-by-land-size,IRL,2020,19760.0,,,,final,"WCA 2020 round, census 2020. FAO flag A: Official figure. FAO's note: UAA",,,50-100
farms.faostat-wcad.holdings-by-land-size,IRL,1949,3766.0,,,,final,"WCA 1950 round, census 1949. FAO flag I: Value imputed by a receiving agency.",,,100-200
farms.faostat-wcad.holdings-by-land-size,IRL,1960,3565.0,,,,final,"WCA 1960 round, census 1960. FAO flag A: Official figure.",,,100-200
farms.faostat-wcad.holdings-by-land-size,IRL,1991,3298.0,,,,final,"WCA 1990 round, census 1991. FAO flag A: Official figure. FAO's note: Agricultural area",,,100-200
farms.faostat-wcad.holdings-by-land-size,IRL,2000,4620.0,,,,final,"WCA 2000 round, census 2000. FAO flag A: Official figure. FAO's note: Agricultural area",,,100-200
farms.faostat-wcad.holdings-by-land-size,IRL,2010,4720.0,,,,final,"WCA 2010 round, census 2010. FAO flag A: Official figure. FAO's note: UAA",,,100-200
farms.faostat-wcad.holdings-by-land-size,IRL,2020,5880.0,,,,final,"WCA 2020 round, census 2020. FAO flag A: Official figure. FAO's note: UAA",,,100-200
farms.faostat-wcad.holdings-by-land-size,IRL,1949,932.0,,,,final,"WCA 1950 round, census 1949. FAO flag I: Value imputed by a receiving agency.",,,200-500
farms.faostat-wcad.holdings-by-land-size,IRL,1960,756.0,,,,final,"WCA 1960 round, census 1960. FAO flag A: Official figure.",,,200-500
farms.faostat-wcad.holdings-by-land-size,IRL,1991,611.0,,,,final,"WCA 1990 round, census 1991. FAO flag A: Official figure. FAO's note: Agricultural area",,,200-500
farms.faostat-wcad.holdings-by-land-size,IRN,1960,492306.0,,,,final,"WCA 1960 round, census 1960. FAO flag A: Official figure.",,,0-1
farms.faostat-wcad.holdings-by-land-size,IRN,1993,1662040.0,,,,final,"WCA 1990 round, census 1993. FAO flag A: Official figure. FAO's note: Cropland area",,,0-1
farms.faostat-wcad.holdings-by-land-size,IRN,2003,2056727.0,,,,final,"WCA 2000 round, census 2003. FAO flag A: Official figure. FAO's note: Cropland area",,,0-1
farms.faostat-wcad.holdings-by-land-size,IRN,2014,1238159.0,,,,final,"WCA 2010 round, census 2014. FAO flag A: Official figure.",,,0-1
farms.faostat-wcad.holdings-by-land-size,IRN,1960,256496.0,,,,final,"WCA 1960 round, census 1960. FAO flag A: Official figure.",,,1-2
farms.faostat-wcad.holdings-by-land-size,IRN,1993,423150.0,,,,final,"WCA 1990 round, census 1993. FAO flag A: Official figure. FAO's note: Cropland area",,,1-2
farms.faostat-wcad.holdings-by-land-size,IRN,2003,522956.0,,,,final,"WCA 2000 round, census 2003. FAO flag A: Official figure. FAO's note: Cropland area",,,1-2
farms.faostat-wcad.holdings-by-land-size,IRN,2014,389346.0,,,,final,"WCA 2010 round, census 2014. FAO flag I: Value imputed by a receiving agency.",,,1-2
farms.faostat-wcad.holdings-by-land-size,IRN,2014,338798.0,,,,final,"WCA 2010 round, census 2014. FAO flag I: Value imputed by a receiving agency.",,,2-3
farms.faostat-wcad.holdings-by-land-size,IRN,2014,292727.0,,,,final,"WCA 2010 round, census 2014. FAO flag I: Value imputed by a receiving agency.",,,3-4
farms.faostat-wcad.holdings-by-land-size,IRN,2014,255350.0,,,,final,"WCA 2010 round, census 2014. FAO flag I: Value imputed by a receiving agency.",,,4-5
farms.faostat-wcad.holdings-by-land-size,IRN,1960,474457.0,,,,final,"WCA 1960 round, census 1960. FAO flag A: Official figure.",,,2-5
farms.faostat-wcad.holdings-by-land-size,IRN,1993,658330.0,,,,final,"WCA 1990 round, census 1993. FAO flag A: Official figure. FAO's note: Cropland area",,,2-5
farms.faostat-wcad.holdings-by-land-size,IRN,2003,797006.0,,,,final,"WCA 2000 round, census 2003. FAO flag A: Official figure. FAO's note: Cropland area",,,2-5
farms.faostat-wcad.holdings-by-land-size,IRN,1960,340037.0,,,,final,"WCA 1960 round, census 1960. FAO flag A: Official figure.",,,5-10
farms.faostat-wcad.holdings-by-land-size,IRN,1993,433550.0,,,,final,"WCA 1990 round, census 1993. FAO flag A: Official figure. FAO's note: Cropland area",,,5-10
farms.faostat-wcad.holdings-by-land-size,IRN,2003,491156.0,,,,final,"WCA 2000 round, census 2003. FAO flag A: Official figure. FAO's note: Cropland area",,,5-10
farms.faostat-wcad.holdings-by-land-size,IRN,2014,326630.0,,,,final,"WCA 2010 round, census 2014. FAO flag I: Value imputed by a receiving agency.",,,5-10
farms.faostat-wcad.holdings-by-land-size,IRN,1960,223757.0,,,,final,"WCA 1960 round, census 1960. FAO flag A: Official figure.",,,10-20
farms.faostat-wcad.holdings-by-land-size,IRN,1993,273940.0,,,,final,"WCA 1990 round, census 1993. FAO flag A: Official figure. FAO's note: Cropland area",,,10-20
farms.faostat-wcad.holdings-by-land-size,IRN,2003,295179.0,,,,final,"WCA 2000 round, census 2003. FAO flag A: Official figure. FAO's note: Cropland area",,,10-20
farms.faostat-wcad.holdings-by-land-size,IRN,2014,354069.0,,,,final,"WCA 2010 round, census 2014. FAO flag I: Value imputed by a receiving agency.",,,10-20
farms.faostat-wcad.holdings-by-land-size,IRN,1960,77714.0,,,,final,"WCA 1960 round, census 1960. FAO flag A: Official figure.",,,20-50
farms.faostat-wcad.holdings-by-land-size,IRN,1993,124420.0,,,,final,"WCA 1990 round, census 1993. FAO flag A: Official figure. FAO's note: Cropland area",,,20-50
farms.faostat-wcad.holdings-by-land-size,IRN,2003,135649.0,,,,final,"WCA 2000 round, census 2003. FAO flag A: Official figure. FAO's note: Cropland area",,,20-50
farms.faostat-wcad.holdings-by-land-size,IRN,2014,129265.0,,,,final,"WCA 2010 round, census 2014. FAO flag A: Official figure.",,,20-50
farms.faostat-wcad.holdings-by-land-size,IRN,1960,8446.0,,,,final,"WCA 1960 round, census 1960. FAO flag A: Official figure.",,,50-100
farms.faostat-wcad.holdings-by-land-size,IRN,1993,20650.0,,,,final,"WCA 1990 round, census 1993. FAO flag A: Official figure. FAO's note: Cropland area",,,50-100
farms.faostat-wcad.holdings-by-land-size,IRN,2003,24576.0,,,,final,"WCA 2000 round, census 2003. FAO flag A: Official figure. FAO's note: Cropland area",,,50-100
farms.faostat-wcad.holdings-by-land-size,IRN,2014,35065.0,,,,final,"WCA 2010 round, census 2014. FAO flag A: Official figure.",,,50-100
farms.faostat-wcad.holdings-by-land-size,IRN,1960,2647.0,,,,final,"WCA 1960 round, census 1960. FAO flag A: Official figure.",,,100-200
farms.faostat-wcad.holdings-by-land-size,IRN,1993,5160.0,,,,final,"WCA 1990 round, census 1993. FAO flag A: Official figure. FAO's note: Cropland area",,,100-200
farms.faostat-wcad.holdings-by-land-size,IRN,2003,6723.0,,,,final,"WCA 2000 round, census 2003. FAO flag A: Official figure. FAO's note: Cropland area",,,100-200
farms.faostat-wcad.holdings-by-land-size,IRN,1960,1123.0,,,,final,"WCA 1960 round, census 1960. FAO flag A: Official figure.",,,200-500
farms.faostat-wcad.holdings-by-land-size,IRN,1993,1710.0,,,,final,"WCA 1990 round, census 1993. FAO flag A: Official figure. FAO's note: Cropland area",,,200-500
farms.faostat-wcad.holdings-by-land-size,IRN,2003,2021.0,,,,final,"WCA 2000 round, census 2003. FAO flag A: Official figure. FAO's note: Cropland area",,,200-500
farms.faostat-wcad.holdings-by-land-size,IRN,1960,316.0,,,,final,"WCA 1960 round, census 1960. FAO flag A: Official figure.",,,500-1000
farms.faostat-wcad.holdings-by-land-size,IRN,2003,312.0,,,,final,"WCA 2000 round, census 2003. FAO flag A: Official figure. FAO's note: Cropland area",,,500-1000
farms.faostat-wcad.holdings-by-land-size,IRN,2003,118.0,,,,final,"WCA 2000 round, census 2003. FAO flag A: Official figure. FAO's note: Cropland area",,,1000-plus
farms.faostat-wcad.holdings-by-land-size,IRQ,1952,24270.0,,,,final,"WCA 1950 round, census 1952. FAO flag A: Official figure.",,,0-1
farms.faostat-wcad.holdings-by-land-size,IRQ,1958/1959,73110.0,,,,final,"WCA 1960 round, census 1958/59. FAO flag A: Official figure.",,,0-1
farms.faostat-wcad.holdings-by-land-size,IRQ,1971,67225.0,,,,final,"WCA 1970 round, census 1971. FAO flag A: Official figure.",,,0-1
farms.faostat-wcad.holdings-by-land-size,IRQ,1952,8332.0,,,,final,"WCA 1950 round, census 1952. FAO flag I: Value imputed by a receiving agency.",,,1-2
farms.faostat-wcad.holdings-by-land-size,IRQ,1958/1959,30187.0,,,,final,"WCA 1960 round, census 1958/59. FAO flag A: Official figure.",,,1-2
farms.faostat-wcad.holdings-by-land-size,IRQ,1971,64873.0,,,,final,"WCA 1970 round, census 1971. FAO flag I: Value imputed by a receiving agency.",,,1-2
farms.faostat-wcad.holdings-by-land-size,IRQ,1952,17517.0,,,,final,"WCA 1950 round, census 1952. FAO flag I: Value imputed by a receiving agency.",,,2-5
farms.faostat-wcad.holdings-by-land-size,IRQ,1958/1959,40719.0,,,,final,"WCA 1960 round, census 1958/59. FAO flag A: Official figure.",,,2-5
farms.faostat-wcad.holdings-by-land-size,IRQ,1971,108315.0,,,,final,"WCA 1970 round, census 1971. FAO flag A: Official figure.",,,2-5
farms.faostat-wcad.holdings-by-land-size,IRQ,1952,15923.0,,,,final,"WCA 1950 round, census 1952. FAO flag A: Official figure.",,,5-10
farms.faostat-wcad.holdings-by-land-size,IRQ,1958/1959,30945.0,,,,final,"WCA 1960 round, census 1958/59. FAO flag A: Official figure.",,,5-10
farms.faostat-wcad.holdings-by-land-size,IRQ,1971,126718.0,,,,final,"WCA 1970 round, census 1971. FAO flag A: Official figure.",,,5-10
farms.faostat-wcad.holdings-by-land-size,IRQ,1952,19402.0,,,,final,"WCA 1950 round, census 1952. FAO flag A: Official figure.",,,10-20
farms.faostat-wcad.holdings-by-land-size,IRQ,1958/1959,30882.0,,,,final,"WCA 1960 round, census 1958/59. FAO flag A: Official figure.",,,10-20
farms.faostat-wcad.holdings-by-land-size,IRQ,1971,109671.0,,,,final,"WCA 1970 round, census 1971. FAO flag A: Official figure.",,,10-20
farms.faostat-wcad.holdings-by-land-size,IRQ,1952,23954.0,,,,final,"WCA 1950 round, census 1952. FAO flag A: Official figure.",,,20-50
farms.faostat-wcad.holdings-by-land-size,IRQ,1958/1959,29675.0,,,,final,"WCA 1960 round, census 1958/59. FAO flag A: Official figure.",,,20-50
farms.faostat-wcad.holdings-by-land-size,IRQ,1971,53052.0,,,,final,"WCA 1970 round, census 1971. FAO flag A: Official figure.",,,20-50
farms.faostat-wcad.holdings-by-land-size,IRQ,1952,7915.0,,,,final,"WCA 1950 round, census 1952. FAO flag A: Official figure.",,,50-100
farms.faostat-wcad.holdings-by-land-size,IRQ,1958/1959,9012.0,,,,final,"WCA 1960 round, census 1958/59. FAO flag A: Official figure.",,,50-100
farms.faostat-wcad.holdings-by-land-size,IRQ,1971,5808.0,,,,final,"WCA 1970 round, census 1971. FAO flag A: Official figure.",,,50-100
farms.faostat-wcad.holdings-by-land-size,IRQ,1952,3458.0,,,,final,"WCA 1950 round, census 1952. FAO flag A: Official figure.",,,100-200
farms.faostat-wcad.holdings-by-land-size,IRQ,1958/1959,3662.0,,,,final,"WCA 1960 round, census 1958/59. FAO flag A: Official figure.",,,100-200
farms.faostat-wcad.holdings-by-land-size,IRQ,1971,1952.0,,,,final,"WCA 1970 round, census 1971. FAO flag A: Official figure.",,,100-200
farms.faostat-wcad.holdings-by-land-size,IRQ,1952,2357.0,,,,final,"WCA 1950 round, census 1952. FAO flag A: Official figure.",,,200-500
farms.faostat-wcad.holdings-by-land-size,IRQ,1958/1959,2582.0,,,,final,"WCA 1960 round, census 1958/59. FAO flag A: Official figure.",,,200-500
farms.faostat-wcad.holdings-by-land-size,IRQ,1971,1090.0,,,,final,"WCA 1970 round, census 1971. FAO flag A: Official figure.",,,200-500
farms.faostat-wcad.holdings-by-land-size,IRQ,1952,988.0,,,,final,"WCA 1950 round, census 1952. FAO flag A: Official figure.",,,500-1000
farms.faostat-wcad.holdings-by-land-size,IRQ,1958/1959,1293.0,,,,final,"WCA 1960 round, census 1958/59. FAO flag A: Official figure.",,,500-1000
farms.faostat-wcad.holdings-by-land-size,IRQ,1971,453.0,,,,final,"WCA 1970 round, census 1971. FAO flag A: Official figure.",,,500-1000
farms.faostat-wcad.holdings-by-land-size,IRQ,1952,929.0,,,,final,"WCA 1950 round, census 1952. FAO flag A: Official figure.",,,1000-plus
farms.faostat-wcad.holdings-by-land-size,IRQ,1958/1959,1187.0,,,,final,"WCA 1960 round, census 1958/59. FAO flag A: Official figure.",,,1000-plus
farms.faostat-wcad.holdings-by-land-size,ISL,2010,16.0,,,,final,"WCA 2010 round, census 2010. FAO flag I: Value imputed by a receiving agency. FAO's note: UAA",,,0-1
farms.faostat-wcad.holdings-by-land-size,ISL,2010,34.0,,,,final,"WCA 2010 round, census 2010. FAO flag I: Value imputed by a receiving agency. FAO's note: UAA",,,1-2
farms.faostat-wcad.holdings-by-land-size,ISL,2010,7.0,,,,final,"WCA 2010 round, census 2010. FAO flag I: Value imputed by a receiving agency. FAO's note: UAA",,,2-3
farms.faostat-wcad.holdings-by-land-size,ISL,2010,7.0,,,,final,"WCA 2010 round, census 2010. FAO flag I: Value imputed by a receiving agency. FAO's note: UAA",,,3-4
farms.faostat-wcad.holdings-by-land-size,ISL,2010,6.0,,,,final,"WCA 2010 round, census 2010. FAO flag I: Value imputed by a receiving agency. FAO's note: UAA",,,4-5
farms.faostat-wcad.holdings-by-land-size,ISL,2010,20.0,,,,final,"WCA 2010 round, census 2010. FAO flag A: Official figure. FAO's note: UAA",,,5-10
farms.faostat-wcad.holdings-by-land-size,ISL,2010,30.0,,,,final,"WCA 2010 round, census 2010. FAO flag A: Official figure. FAO's note: UAA",,,10-20
farms.faostat-wcad.holdings-by-land-size,ISL,2010,130.0,,,,final,"WCA 2010 round, census 2010. FAO flag A: Official figure. FAO's note: UAA",,,20-50
farms.faostat-wcad.holdings-by-land-size,ISL,2010,230.0,,,,final,"WCA 2010 round, census 2010. FAO flag A: Official figure. FAO's note: UAA",,,50-100
farms.faostat-wcad.holdings-by-land-size,ISL,2010,2090.0,,,,final,"WCA 2010 round, census 2010. FAO flag A: Official figure. FAO's note: UAA",,,100-200
farms.faostat-wcad.holdings-by-land-size,ISR,1971,4441.0,,,,final,"WCA 1970 round, census 1971. FAO flag I: Value imputed by a receiving agency. FAO's note: Family holdings only.",,,0-1
farms.faostat-wcad.holdings-by-land-size,ISR,1981,13665.0,,,,final,"WCA 1980 round, census 1981. FAO flag A: Official figure.",,,0-1
farms.faostat-wcad.holdings-by-land-size,ISR,1971,6701.0,,,,final,"WCA 1970 round, census 1971. FAO flag I: Value imputed by a receiving agency. FAO's note: Family holdings only.",,,1-2
farms.faostat-wcad.holdings-by-land-size,ISR,1981,8963.0,,,,final,"WCA 1980 round, census 1981. FAO flag A: Official figure.",,,1-2
farms.faostat-wcad.holdings-by-land-size,ISR,1971,12881.0,,,,final,"WCA 1970 round, census 1971. FAO flag I: Value imputed by a receiving agency. FAO's note: Family holdings only.",,,2-5
farms.faostat-wcad.holdings-by-land-size,ISR,1981,20777.0,,,,final,"WCA 1980 round, census 1981. FAO flag A: Official figure.",,,2-5
farms.faostat-wcad.holdings-by-land-size,ISR,1971,2799.0,,,,final,"WCA 1970 round, census 1971. FAO flag I: Value imputed by a receiving agency. FAO's note: Family holdings only.",,,5-10
farms.faostat-wcad.holdings-by-land-size,ISR,1981,4273.0,,,,final,"WCA 1980 round, census 1981. FAO flag A: Official figure.",,,5-10
farms.faostat-wcad.holdings-by-land-size,ISR,1971,704.0,,,,final,"WCA 1970 round, census 1971. FAO flag I: Value imputed by a receiving agency. FAO's note: Family holdings only.",,,10-20
farms.faostat-wcad.holdings-by-land-size,ISR,1981,2056.0,,,,final,"WCA 1980 round, census 1981. FAO flag A: Official figure.",,,10-20
farms.faostat-wcad.holdings-by-land-size,ISR,1971,413.0,,,,final,"WCA 1970 round, census 1971. FAO flag I: Value imputed by a receiving agency. FAO's note: Family holdings only.",,,20-50
farms.faostat-wcad.holdings-by-land-size,ISR,1981,1012.0,,,,final,"WCA 1980 round, census 1981. FAO flag A: Official figure.",,,20-50
farms.faostat-wcad.holdings-by-land-size,ISR,1981,908.0,,,,final,"WCA 1980 round, census 1981. FAO flag A: Official figure.",,,50-100
farms.faostat-wcad.holdings-by-land-size,ITA,1930,1491081.0,,,,final,"WCA 1930 round, census 1930. FAO flag A: Official figure.",,,0-1
farms.faostat-wcad.holdings-by-land-size,ITA,1961,1415571.0,,,,final,"WCA 1960 round, census 1961. FAO flag A: Official figure. FAO's note: Includes holdings without land",,,0-1
farms.faostat-wcad.holdings-by-land-size,ITA,1970,1151234.0,,,,final,"WCA 1970 round, census 1970. FAO flag A: Official figure.",,,0-1
farms.faostat-wcad.holdings-by-land-size,ITA,1982,1034940.0,,,,final,"WCA 1980 round, census 1982. FAO flag A: Official figure.",,,0-1
farms.faostat-wcad.holdings-by-land-size,ITA,1990,997253.0,,,,final,"WCA 1990 round, census 1990. FAO flag A: Official figure.",,,0-1
farms.faostat-wcad.holdings-by-land-size,ITA,2000,986031.0,,,,final,"WCA 2000 round, census 2000. FAO flag A: Official figure.",,,0-1
farms.faostat-wcad.holdings-by-land-size,ITA,2010,269914.0,,,,final,"WCA 2010 round, census 2010. FAO flag I: Value imputed by a receiving agency. FAO's note: UAA",,,0-1
farms.faostat-wcad.holdings-by-land-size,ITA,2020,144233.0,,,,final,"WCA 2020 round, census 2020. FAO flag I: Value imputed by a receiving agency. FAO's note: UAA",,,0-1
farms.faostat-wcad.holdings-by-land-size,ITA,1930,709394.0,,,,final,"WCA 1930 round, census 1930. FAO flag I: Value imputed by a receiving agency.",,,1-2
farms.faostat-wcad.holdings-by-land-size,ITA,1961,799820.0,,,,final,"WCA 1960 round, census 1961. FAO flag A: Official figure.",,,1-2
farms.faostat-wcad.holdings-by-land-size,ITA,1970,680063.0,,,,final,"WCA 1970 round, census 1970. FAO flag A: Official figure.",,,1-2
farms.faostat-wcad.holdings-by-land-size,ITA,1982,644730.0,,,,final,"WCA 1980 round, census 1982. FAO flag A: Official figure.",,,1-2
farms.faostat-wcad.holdings-by-land-size,ITA,1990,590942.0,,,,final,"WCA 1990 round, census 1990. FAO flag A: Official figure.",,,1-2
farms.faostat-wcad.holdings-by-land-size,ITA,2000,496231.0,,,,final,"WCA 2000 round, census 2000. FAO flag A: Official figure.",,,1-2
farms.faostat-wcad.holdings-by-land-size,ITA,2010,549446.0,,,,final,"WCA 2010 round, census 2010. FAO flag I: Value imputed by a receiving agency. FAO's note: UAA",,,1-2
farms.faostat-wcad.holdings-by-land-size,ITA,2020,293607.0,,,,final,"WCA 2020 round, census 2020. FAO flag I: Value imputed by a receiving agency. FAO's note: UAA",,,1-2
farms.faostat-wcad.holdings-by-land-size,ITA,2010,121235.0,,,,final,"WCA 2010 round, census 2010. FAO flag I: Value imputed by a receiving agency. FAO's note: UAA",,,2-3
farms.faostat-wcad.holdings-by-land-size,ITA,2020,93383.0,,,,final,"WCA 2020 round, census 2020. FAO flag I: Value imputed by a receiving agency. FAO's note: UAA",,,2-3
farms.faostat-wcad.holdings-by-land-size,ITA,2010,120615.0,,,,final,"WCA 2010 round, census 2010. FAO flag I: Value imputed by a receiving agency. FAO's note: UAA",,,3-4
farms.faostat-wcad.holdings-by-land-size,ITA,2020,92905.0,,,,final,"WCA 2020 round, census 2020. FAO flag I: Value imputed by a receiving agency. FAO's note: UAA",,,3-4
farms.faostat-wcad.holdings-by-land-size,ITA,2010,115821.0,,,,final,"WCA 2010 round, census 2010. FAO flag I: Value imputed by a receiving agency. FAO's note: UAA",,,4-5
farms.faostat-wcad.holdings-by-land-size,ITA,2020,89212.0,,,,final,"WCA 2020 round, census 2020. FAO flag I: Value imputed by a receiving agency. FAO's note: UAA",,,4-5
farms.faostat-wcad.holdings-by-land-size,ITA,1930,1096023.0,,,,final,"WCA 1930 round, census 1930. FAO flag I: Value imputed by a receiving agency.",,,2-5
farms.faostat-wcad.holdings-by-land-size,ITA,1961,1063514.0,,,,final,"WCA 1960 round, census 1961. FAO flag A: Official figure.",,,2-5
farms.faostat-wcad.holdings-by-land-size,ITA,1970,889714.0,,,,final,"WCA 1970 round, census 1970. FAO flag A: Official figure.",,,2-5
farms.faostat-wcad.holdings-by-land-size,ITA,1982,788950.0,,,,final,"WCA 1980 round, census 1982. FAO flag A: Official figure.",,,2-5
farms.faostat-wcad.holdings-by-land-size,ITA,1990,709845.0,,,,final,"WCA 1990 round, census 1990. FAO flag A: Official figure.",,,2-5
farms.faostat-wcad.holdings-by-land-size,ITA,2000,532431.0,,,,final,"WCA 2000 round, census 2000. FAO flag A: Official figure.",,,2-5
farms.faostat-wcad.holdings-by-land-size,ITA,1930,492209.0,,,,final,"WCA 1930 round, census 1930. FAO flag A: Official figure.",,,5-10
farms.faostat-wcad.holdings-by-land-size,ITA,1961,560738.0,,,,final,"WCA 1960 round, census 1961. FAO flag A: Official figure.",,,5-10
farms.faostat-wcad.holdings-by-land-size,ITA,1970,467362.0,,,,final,"WCA 1970 round, census 1970. FAO flag A: Official figure.",,,5-10
farms.faostat-wcad.holdings-by-land-size,ITA,1982,400790.0,,,,final,"WCA 1980 round, census 1982. FAO flag A: Official figure.",,,5-10
farms.faostat-wcad.holdings-by-land-size,ITA,1990,354401.0,,,,final,"WCA 1990 round, census 1990. FAO flag A: Official figure.",,,5-10
farms.faostat-wcad.holdings-by-land-size,ITA,2000,262536.0,,,,final,"WCA 2000 round, census 2000. FAO flag A: Official figure.",,,5-10
farms.faostat-wcad.holdings-by-land-size,ITA,2010,186150.0,,,,final,"WCA 2010 round, census 2010. FAO flag A: Official figure. FAO's note: UAA",,,5-10
farms.faostat-wcad.holdings-by-land-size,ITA,2020,159940.0,,,,final,"WCA 2020 round, census 2020. FAO flag A: Official figure. FAO's note: UAA",,,5-10
farms.faostat-wcad.holdings-by-land-size,ITA,1930,253959.0,,,,final,"WCA 1930 round, census 1930. FAO flag A: Official figure.",,,10-20
farms.faostat-wcad.holdings-by-land-size,ITA,1961,288383.0,,,,final,"WCA 1960 round, census 1961. FAO flag A: Official figure.",,,10-20
farms.faostat-wcad.holdings-by-land-size,ITA,1970,240362.0,,,,final,"WCA 1970 round, census 1970. FAO flag A: Official figure.",,,10-20
farms.faostat-wcad.holdings-by-land-size,ITA,1982,218210.0,,,,final,"WCA 1980 round, census 1982. FAO flag A: Official figure.",,,10-20
farms.faostat-wcad.holdings-by-land-size,ITA,1990,201321.0,,,,final,"WCA 1990 round, census 1990. FAO flag A: Official figure.",,,10-20
farms.faostat-wcad.holdings-by-land-size,ITA,2000,158495.0,,,,final,"WCA 2000 round, census 2000. FAO flag A: Official figure.",,,10-20
farms.faostat-wcad.holdings-by-land-size,ITA,2010,120120.0,,,,final,"WCA 2010 round, census 2010. FAO flag A: Official figure. FAO's note: UAA",,,10-20
farms.faostat-wcad.holdings-by-land-size,ITA,2020,109310.0,,,,final,"WCA 2020 round, census 2020. FAO flag A: Official figure. FAO's note: UAA",,,10-20
farms.faostat-wcad.holdings-by-land-size,ITA,1930,106961.0,,,,final,"WCA 1930 round, census 1930. FAO flag A: Official figure.",,,20-50
farms.faostat-wcad.holdings-by-land-size,ITA,1961,117391.0,,,,final,"WCA 1960 round, census 1961. FAO flag A: Official figure.",,,20-50
farms.faostat-wcad.holdings-by-land-size,ITA,1970,111103.0,,,,final,"WCA 1970 round, census 1970. FAO flag A: Official figure.",,,20-50
farms.faostat-wcad.holdings-by-land-size,ITA,1982,116640.0,,,,final,"WCA 1980 round, census 1982. FAO flag A: Official figure.",,,20-50
farms.faostat-wcad.holdings-by-land-size,ITA,1990,114985.0,,,,final,"WCA 1990 round, census 1990. FAO flag A: Official figure.",,,20-50
farms.faostat-wcad.holdings-by-land-size,ITA,2000,103599.0,,,,final,"WCA 2000 round, census 2000. FAO flag A: Official figure.",,,20-50
farms.faostat-wcad.holdings-by-land-size,ITA,2010,87610.0,,,,final,"WCA 2010 round, census 2010. FAO flag A: Official figure. FAO's note: UAA",,,20-50
farms.faostat-wcad.holdings-by-land-size,ITA,2020,85940.0,,,,final,"WCA 2020 round, census 2020. FAO flag A: Official figure. FAO's note: UAA",,,20-50
farms.faostat-wcad.holdings-by-land-size,ITA,1930,25575.0,,,,final,"WCA 1930 round, census 1930. FAO flag A: Official figure.",,,50-100
farms.faostat-wcad.holdings-by-land-size,ITA,1961,28086.0,,,,final,"WCA 1960 round, census 1961. FAO flag A: Official figure.",,,50-100
farms.faostat-wcad.holdings-by-land-size,ITA,1970,29265.0,,,,final,"WCA 1970 round, census 1970. FAO flag A: Official figure.",,,50-100
farms.faostat-wcad.holdings-by-land-size,ITA,1982,54650.0,,,,final,"WCA 1980 round, census 1982. FAO flag A: Official figure.",,,50-100
farms.faostat-wcad.holdings-by-land-size,ITA,1990,32722.0,,,,final,"WCA 1990 round, census 1990. FAO flag A: Official figure.",,,50-100
farms.faostat-wcad.holdings-by-land-size,ITA,2000,31288.0,,,,final,"WCA 2000 round, census 2000. FAO flag A: Official figure.",,,50-100
farms.faostat-wcad.holdings-by-land-size,ITA,2010,29210.0,,,,final,"WCA 2010 round, census 2010. FAO flag A: Official figure. FAO's note: UAA",,,50-100
farms.faostat-wcad.holdings-by-land-size,ITA,2020,32160.0,,,,final,"WCA 2020 round, census 2020. FAO flag A: Official figure. FAO's note: UAA",,,50-100
farms.faostat-wcad.holdings-by-land-size,ITA,1930,11289.0,,,,final,"WCA 1930 round, census 1930. FAO flag A: Official figure.",,,100-200
farms.faostat-wcad.holdings-by-land-size,ITA,1961,11677.0,,,,final,"WCA 1960 round, census 1961. FAO flag A: Official figure.",,,100-200
farms.faostat-wcad.holdings-by-land-size,ITA,1970,22098.0,,,,final,"WCA 1970 round, census 1970. FAO flag A: Official figure.",,,100-200
farms.faostat-wcad.holdings-by-land-size,ITA,1990,21875.0,,,,final,"WCA 1990 round, census 1990. FAO flag A: Official figure.",,,100-200
farms.faostat-wcad.holdings-by-land-size,ITA,2000,20063.0,,,,final,"WCA 2000 round, census 2000. FAO flag A: Official figure.",,,100-200
farms.faostat-wcad.holdings-by-land-size,ITA,2010,15490.0,,,,final,"WCA 2010 round, census 2010. FAO flag A: Official figure. FAO's note: UAA",,,100-200
farms.faostat-wcad.holdings-by-land-size,ITA,2020,17340.0,,,,final,"WCA 2020 round, census 2020. FAO flag A: Official figure. FAO's note: UAA",,,100-200
farms.faostat-wcad.holdings-by-land-size,ITA,1930,6270.0,,,,final,"WCA 1930 round, census 1930. FAO flag A: Official figure.",,,200-500
farms.faostat-wcad.holdings-by-land-size,ITA,1961,5698.0,,,,final,"WCA 1960 round, census 1961. FAO flag A: Official figure.",,,200-500
farms.faostat-wcad.holdings-by-land-size,ITA,1930,1909.0,,,,final,"WCA 1930 round, census 1930. FAO flag A: Official figure.",,,500-1000
farms.faostat-wcad.holdings-by-land-size,ITA,1961,1751.0,,,,final,"WCA 1960 round, census 1961. FAO flag A: Official figure.",,,500-1000
farms.faostat-wcad.holdings-by-land-size,ITA,1930,1596.0,,,,final,"WCA 1930 round, census 1930. FAO flag A: Official figure.",,,1000-plus
farms.faostat-wcad.holdings-by-land-size,ITA,1961,1375.0,,,,final,"WCA 1960 round, census 1961. FAO flag A: Official figure.",,,1000-plus
farms.faostat-wcad.holdings-by-land-size,JAM,1950,114210.0,,,,final,"WCA 1950 round, census 1950. FAO flag I: Value imputed by a receiving agency.",,,0-1
farms.faostat-wcad.holdings-by-land-size,JAM,1961,73192.0,,,,final,"WCA 1960 round, census 1961. FAO flag A: Official figure.",,,0-1
farms.faostat-wcad.holdings-by-land-size,JAM,1968/1969,94710.0,,,,final,"WCA 1970 round, census 1968/69. FAO flag I: Value imputed by a receiving agency.",,,0-1
farms.faostat-wcad.holdings-by-land-size,JAM,1978/1979,92536.0,,,,final,"WCA 1980 round, census 1978/79. FAO flag I: Value imputed by a receiving agency.",,,0-1
farms.faostat-wcad.holdings-by-land-size,JAM,1996,130247.0,,,,final,"WCA 2000 round, census 1996. FAO flag A: Official figure. FAO's note: Cultivated land",,,0-1
farms.faostat-wcad.holdings-by-land-size,JAM,2007,151929.0,,,,final,"WCA 2010 round, census 2007. FAO flag A: Official figure.",,,0-1
farms.faostat-wcad.holdings-by-land-size,JAM,1950,17790.0,,,,final,"WCA 1950 round, census 1950. FAO flag I: Value imputed by a receiving agency.",,,1-2
farms.faostat-wcad.holdings-by-land-size,JAM,1961,40087.0,,,,final,"WCA 1960 round, census 1961. FAO flag A: Official figure.",,,1-2
farms.faostat-wcad.holdings-by-land-size,JAM,1968/1969,52227.0,,,,final,"WCA 1970 round, census 1968/69. FAO flag I: Value imputed by a receiving agency.",,,1-2
farms.faostat-wcad.holdings-by-land-size,JAM,1978/1979,50466.0,,,,final,"WCA 1980 round, census 1978/79. FAO flag I: Value imputed by a receiving agency.",,,1-2
farms.faostat-wcad.holdings-by-land-size,JAM,1996,28548.0,,,,final,"WCA 2000 round, census 1996. FAO flag A: Official figure. FAO's note: Cultivated land",,,1-2
farms.faostat-wcad.holdings-by-land-size,JAM,2007,13033.0,,,,final,"WCA 2010 round, census 2007. FAO flag I: Value imputed by a receiving agency.",,,1-2
farms.faostat-wcad.holdings-by-land-size,JAM,2007,11485.0,,,,final,"WCA 2010 round, census 2007. FAO flag I: Value imputed by a receiving agency.",,,2-3
farms.faostat-wcad.holdings-by-land-size,JAM,2007,10148.0,,,,final,"WCA 2010 round, census 2007. FAO flag I: Value imputed by a receiving agency.",,,3-4
farms.faostat-wcad.holdings-by-land-size,JAM,2007,9065.0,,,,final,"WCA 2010 round, census 2007. FAO flag I: Value imputed by a receiving agency.",,,4-5
farms.faostat-wcad.holdings-by-land-size,JAM,1950,19886.0,,,,final,"WCA 1950 round, census 1950. FAO flag I: Value imputed by a receiving agency.",,,2-5
farms.faostat-wcad.holdings-by-land-size,JAM,1961,30389.0,,,,final,"WCA 1960 round, census 1961. FAO flag A: Official figure.",,,2-5
farms.faostat-wcad.holdings-by-land-size,JAM,1968/1969,28001.0,,,,final,"WCA 1970 round, census 1968/69. FAO flag I: Value imputed by a receiving agency.",,,2-5
farms.faostat-wcad.holdings-by-land-size,JAM,1978/1979,23014.0,,,,final,"WCA 1980 round, census 1978/79. FAO flag I: Value imputed by a receiving agency.",,,2-5
farms.faostat-wcad.holdings-by-land-size,JAM,1996,22332.0,,,,final,"WCA 2000 round, census 1996. FAO flag A: Official figure. FAO's note: Cultivated land",,,2-5
farms.faostat-wcad.holdings-by-land-size,JAM,1950,10208.0,,,,final,"WCA 1950 round, census 1950. FAO flag I: Value imputed by a receiving agency.",,,5-10
farms.faostat-wcad.holdings-by-land-size,JAM,1961,10347.0,,,,final,"WCA 1960 round, census 1961. FAO flag A: Official figure.",,,5-10
farms.faostat-wcad.holdings-by-land-size,JAM,1968/1969,9606.0,,,,final,"WCA 1970 round, census 1968/69. FAO flag I: Value imputed by a receiving agency.",,,5-10
farms.faostat-wcad.holdings-by-land-size,JAM,1978/1979,6825.0,,,,final,"WCA 1980 round, census 1978/79. FAO flag I: Value imputed by a receiving agency.",,,5-10
farms.faostat-wcad.holdings-by-land-size,JAM,1996,3886.0,,,,final,"WCA 2000 round, census 1996. FAO flag A: Official figure. FAO's note: Cultivated land",,,5-10
farms.faostat-wcad.holdings-by-land-size,JAM,2007,2922.0,,,,final,"WCA 2010 round, census 2007. FAO flag A: Official figure.",,,5-10
farms.faostat-wcad.holdings-by-land-size,JAM,1950,3467.0,,,,final,"WCA 1950 round, census 1950. FAO flag I: Value imputed by a receiving agency.",,,10-20
farms.faostat-wcad.holdings-by-land-size,JAM,1961,2479.0,,,,final,"WCA 1960 round, census 1961. FAO flag A: Official figure.",,,10-20
farms.faostat-wcad.holdings-by-land-size,JAM,1968/1969,2280.0,,,,final,"WCA 1970 round, census 1968/69. FAO flag A: Official figure.",,,10-20
farms.faostat-wcad.holdings-by-land-size,JAM,1978/1979,1569.0,,,,final,"WCA 1980 round, census 1978/79. FAO flag A: Official figure.",,,10-20
farms.faostat-wcad.holdings-by-land-size,JAM,1996,1351.0,,,,final,"WCA 2000 round, census 1996. FAO flag A: Official figure. FAO's note: Cultivated land",,,10-20
farms.faostat-wcad.holdings-by-land-size,JAM,2007,954.0,,,,final,"WCA 2010 round, census 2007. FAO flag I: Value imputed by a receiving agency.",,,10-20
farms.faostat-wcad.holdings-by-land-size,JAM,1950,1330.0,,,,final,"WCA 1950 round, census 1950. FAO flag I: Value imputed by a receiving agency.",,,20-50
farms.faostat-wcad.holdings-by-land-size,JAM,1961,1478.0,,,,final,"WCA 1960 round, census 1961. FAO flag A: Official figure.",,,20-50
farms.faostat-wcad.holdings-by-land-size,JAM,1968/1969,902.0,,,,final,"WCA 1970 round, census 1968/69. FAO flag I: Value imputed by a receiving agency.",,,20-50
farms.faostat-wcad.holdings-by-land-size,JAM,1978/1979,993.0,,,,final,"WCA 1980 round, census 1978/79. FAO flag I: Value imputed by a receiving agency.",,,20-50
farms.faostat-wcad.holdings-by-land-size,JAM,1996,795.0,,,,final,"WCA 2000 round, census 1996. FAO flag A: Official figure. FAO's note: Cultivated land",,,20-50
farms.faostat-wcad.holdings-by-land-size,JAM,2007,667.0,,,,final,"WCA 2010 round, census 2007. FAO flag I: Value imputed by a receiving agency.",,,20-50
farms.faostat-wcad.holdings-by-land-size,JAM,1950,402.0,,,,final,"WCA 1950 round, census 1950. FAO flag I: Value imputed by a receiving agency.",,,50-100
farms.faostat-wcad.holdings-by-land-size,JAM,1961,381.0,,,,final,"WCA 1960 round, census 1961. FAO flag A: Official figure.",,,50-100
farms.faostat-wcad.holdings-by-land-size,JAM,1968/1969,337.0,,,,final,"WCA 1970 round, census 1968/69. FAO flag I: Value imputed by a receiving agency.",,,50-100
farms.faostat-wcad.holdings-by-land-size,JAM,1978/1979,411.0,,,,final,"WCA 1980 round, census 1978/79. FAO flag I: Value imputed by a receiving agency.",,,50-100
farms.faostat-wcad.holdings-by-land-size,JAM,1996,263.0,,,,final,"WCA 2000 round, census 1996. FAO flag A: Official figure. FAO's note: Cultivated land",,,50-100
farms.faostat-wcad.holdings-by-land-size,JAM,2007,170.0,,,,final,"WCA 2010 round, census 2007. FAO flag A: Official figure.",,,50-100
farms.faostat-wcad.holdings-by-land-size,JAM,1950,283.0,,,,final,"WCA 1950 round, census 1950. FAO flag I: Value imputed by a receiving agency.",,,100-200
farms.faostat-wcad.holdings-by-land-size,JAM,1961,238.0,,,,final,"WCA 1960 round, census 1961. FAO flag A: Official figure.",,,100-200
farms.faostat-wcad.holdings-by-land-size,JAM,1968/1969,233.0,,,,final,"WCA 1970 round, census 1968/69. FAO flag I: Value imputed by a receiving agency.",,,100-200
farms.faostat-wcad.holdings-by-land-size,JAM,1978/1979,246.0,,,,final,"WCA 1980 round, census 1978/79. FAO flag I: Value imputed by a receiving agency.",,,100-200
farms.faostat-wcad.holdings-by-land-size,JAM,1996,164.0,,,,final,"WCA 2000 round, census 1996. FAO flag A: Official figure. FAO's note: Cultivated land",,,100-200
farms.faostat-wcad.holdings-by-land-size,JAM,2007,100.0,,,,final,"WCA 2010 round, census 2007. FAO flag A: Official figure.",,,100-200
farms.faostat-wcad.holdings-by-land-size,JAM,1950,499.0,,,,final,"WCA 1950 round, census 1950. FAO flag I: Value imputed by a receiving agency.",,,200-500
farms.faostat-wcad.holdings-by-land-size,JAM,1961,175.0,,,,final,"WCA 1960 round, census 1961. FAO flag A: Official figure.",,,200-500
farms.faostat-wcad.holdings-by-land-size,JAM,1968/1969,296.0,,,,final,"WCA 1970 round, census 1968/69. FAO flag I: Value imputed by a receiving agency.",,,200-500
farms.faostat-wcad.holdings-by-land-size,JAM,1978/1979,298.0,,,,final,"WCA 1980 round, census 1978/79. FAO flag I: Value imputed by a receiving agency.",,,200-500
farms.faostat-wcad.holdings-by-land-size,JAM,1996,205.0,,,,final,"WCA 2000 round, census 1996. FAO flag A: Official figure. FAO's note: Cultivated land",,,200-500
farms.faostat-wcad.holdings-by-land-size,JAM,2007,140.0,,,,final,"WCA 2010 round, census 2007. FAO flag A: Official figure.",,,200-500
farms.faostat-wcad.holdings-by-land-size,JAM,1961,175.0,,,,final,"WCA 1960 round, census 1961. FAO flag A: Official figure.",,,500-1000
farms.faostat-wcad.holdings-by-land-size,JOR,1983,14501.0,,,,final,"WCA 1980 round, census 1983. FAO flag A: Official figure.",,,0-1
farms.faostat-wcad.holdings-by-land-size,JOR,1997,47509.0,,,,final,"WCA 2000 round, census 1997. FAO flag A: Official figure.",,,0-1
farms.faostat-wcad.holdings-by-land-size,JOR,2007,45539.0,,,,final,"WCA 2010 round, census 2007. FAO flag A: Official figure.",,,0-1
farms.faostat-wcad.holdings-by-land-size,JOR,2017,78412.0,,,,final,"WCA 2020 round, census 2017. FAO flag I: Value imputed by a receiving agency.",,,0-1
farms.faostat-wcad.holdings-by-land-size,JOR,1983,9655.0,,,,final,"WCA 1980 round, census 1983. FAO flag A: Official figure.",,,1-2
farms.faostat-wcad.holdings-by-land-size,JOR,1997,28728.0,,,,final,"WCA 2000 round, census 1997. FAO flag A: Official figure.",,,1-2
farms.faostat-wcad.holdings-by-land-size,JOR,2007,11905.0,,,,final,"WCA 2010 round, census 2007. FAO flag A: Official figure.",,,1-2
farms.faostat-wcad.holdings-by-land-size,JOR,2017,11373.0,,,,final,"WCA 2020 round, census 2017. FAO flag I: Value imputed by a receiving agency.",,,1-2
farms.faostat-wcad.holdings-by-land-size,JOR,2007,5617.0,,,,final,"WCA 2010 round, census 2007. FAO flag A: Official figure.",,,2-3
farms.faostat-wcad.holdings-by-land-size,JOR,2017,5392.0,,,,final,"WCA 2020 round, census 2017. FAO flag I: Value imputed by a receiving agency.",,,2-3
farms.faostat-wcad.holdings-by-land-size,JOR,2007,5582.0,,,,final,"WCA 2010 round, census 2007. FAO flag A: Official figure.",,,3-4
farms.faostat-wcad.holdings-by-land-size,JOR,2017,3375.0,,,,final,"WCA 2020 round, census 2017. FAO flag I: Value imputed by a receiving agency.",,,3-4
farms.faostat-wcad.holdings-by-land-size,JOR,2007,2160.0,,,,final,"WCA 2010 round, census 2007. FAO flag A: Official figure.",,,4-5
farms.faostat-wcad.holdings-by-land-size,JOR,2017,2010.0,,,,final,"WCA 2020 round, census 2017. FAO flag I: Value imputed by a receiving agency.",,,4-5
farms.faostat-wcad.holdings-by-land-size,JOR,1983,15899.0,,,,final,"WCA 1980 round, census 1983. FAO flag A: Official figure.",,,2-5
farms.faostat-wcad.holdings-by-land-size,JOR,1997,6532.0,,,,final,"WCA 2000 round, census 1997. FAO flag A: Official figure.",,,2-5
farms.faostat-wcad.holdings-by-land-size,JOR,1983,8981.0,,,,final,"WCA 1980 round, census 1983. FAO flag A: Official figure.",,,5-10
farms.faostat-wcad.holdings-by-land-size,JOR,1997,3291.0,,,,final,"WCA 2000 round, census 1997. FAO flag A: Official figure.",,,5-10
farms.faostat-wcad.holdings-by-land-size,JOR,2007,3969.0,,,,final,"WCA 2010 round, census 2007. FAO flag A: Official figure.",,,5-10
farms.faostat-wcad.holdings-by-land-size,JOR,2017,3607.0,,,,final,"WCA 2020 round, census 2017. FAO flag I: Value imputed by a receiving agency.",,,5-10
farms.faostat-wcad.holdings-by-land-size,JOR,1983,4947.0,,,,final,"WCA 1980 round, census 1983. FAO flag A: Official figure.",,,10-20
farms.faostat-wcad.holdings-by-land-size,JOR,1997,1778.0,,,,final,"WCA 2000 round, census 1997. FAO flag A: Official figure.",,,10-20
farms.faostat-wcad.holdings-by-land-size,JOR,2007,1779.0,,,,final,"WCA 2010 round, census 2007. FAO flag A: Official figure.",,,10-20
farms.faostat-wcad.holdings-by-land-size,JOR,2017,1615.0,,,,final,"WCA 2020 round, census 2017. FAO flag I: Value imputed by a receiving agency.",,,10-20
farms.faostat-wcad.holdings-by-land-size,JOR,1983,2610.0,,,,final,"WCA 1980 round, census 1983. FAO flag A: Official figure.",,,20-50
farms.faostat-wcad.holdings-by-land-size,JOR,1997,409.0,,,,final,"WCA 2000 round, census 1997. FAO flag A: Official figure.",,,20-50
farms.faostat-wcad.holdings-by-land-size,JOR,2007,1147.0,,,,final,"WCA 2010 round, census 2007. FAO flag A: Official figure.",,,20-50
farms.faostat-wcad.holdings-by-land-size,JOR,2017,1232.0,,,,final,"WCA 2020 round, census 2017. FAO flag I: Value imputed by a receiving agency.",,,20-50
farms.faostat-wcad.holdings-by-land-size,JOR,1983,569.0,,,,final,"WCA 1980 round, census 1983. FAO flag A: Official figure.",,,50-100
farms.faostat-wcad.holdings-by-land-size,JOR,1997,151.0,,,,final,"WCA 2000 round, census 1997. FAO flag A: Official figure.",,,50-100
farms.faostat-wcad.holdings-by-land-size,JOR,2007,517.0,,,,final,"WCA 2010 round, census 2007. FAO flag A: Official figure.",,,50-100
farms.faostat-wcad.holdings-by-land-size,JOR,2017,439.0,,,,final,"WCA 2020 round, census 2017. FAO flag I: Value imputed by a receiving agency.",,,50-100
farms.faostat-wcad.holdings-by-land-size,JOR,1983,191.0,,,,final,"WCA 1980 round, census 1983. FAO flag A: Official figure.",,,100-200
farms.faostat-wcad.holdings-by-land-size,JOR,1997,54.0,,,,final,"WCA 2000 round, census 1997. FAO flag A: Official figure.",,,100-200
farms.faostat-wcad.holdings-by-land-size,JOR,2007,202.0,,,,final,"WCA 2010 round, census 2007. FAO flag A: Official figure.",,,100-200
farms.faostat-wcad.holdings-by-land-size,JOR,2017,157.0,,,,final,"WCA 2020 round, census 2017. FAO flag I: Value imputed by a receiving agency.",,,100-200
farms.faostat-wcad.holdings-by-land-size,JOR,1983,65.0,,,,final,"WCA 1980 round, census 1983. FAO flag A: Official figure.",,,200-500
farms.faostat-wcad.holdings-by-land-size,JOR,2007,109.0,,,,final,"WCA 2010 round, census 2007. FAO flag A: Official figure.",,,200-500
farms.faostat-wcad.holdings-by-land-size,JOR,2017,94.0,,,,final,"WCA 2020 round, census 2017. FAO flag I: Value imputed by a receiving agency.",,,200-500
farms.faostat-wcad.holdings-by-land-size,JOR,1983,13.0,,,,final,"WCA 1980 round, census 1983. FAO flag A: Official figure.",,,500-1000
farms.faostat-wcad.holdings-by-land-size,JOR,1983,7.0,,,,final,"WCA 1980 round, census 1983. FAO flag A: Official figure.",,,1000-plus
farms.faostat-wcad.holdings-by-land-size,JPN,1929,3849535.0,,,,final,"WCA 1930 round, census 1929. FAO flag I: Value imputed by a receiving agency.",,,0-1
farms.faostat-wcad.holdings-by-land-size,JPN,1950,4158805.0,,,,final,"WCA 1950 round, census 1950. FAO flag I: Value imputed by a receiving agency.",,,0-1
farms.faostat-wcad.holdings-by-land-size,JPN,1960,3911695.0,,,,final,"WCA 1960 round, census 1960. FAO flag A: Official figure.",,,0-1
farms.faostat-wcad.holdings-by-land-size,JPN,1970,3639144.0,,,,final,"WCA 1970 round, census 1970. FAO flag A: Official figure.",,,0-1
farms.faostat-wcad.holdings-by-land-size,JPN,1980,3237392.0,,,,final,"WCA 1980 round, census 1980. FAO flag A: Official figure. FAO's note: Household holdings only. Excludes 11170 holdings and 987 ha area of ''exceptional farm households.",,,0-1
farms.faostat-wcad.holdings-by-land-size,JPN,1995,2359000.0,,,,final,"WCA 1990 round, census 1995. FAO flag A: Official figure. FAO's note: Cropland area. Data refer to civil persons only.",,,0-1
farms.faostat-wcad.holdings-by-land-size,JPN,2015,21099.0,,,,final,"WCA 2010 round, census 2015. FAO flag I: Value imputed by a receiving agency.",,,0-1
farms.faostat-wcad.holdings-by-land-size,JPN,2020,548556.0,,,,final,"WCA 2020 round, census 2020. FAO flag A: Official figure.",,,0-1
farms.faostat-wcad.holdings-by-land-size,JPN,1929,1213078.0,,,,final,"WCA 1930 round, census 1929. FAO flag I: Value imputed by a receiving agency.",,,1-2
farms.faostat-wcad.holdings-by-land-size,JPN,1950,510701.0,,,,final,"WCA 1950 round, census 1950. FAO flag I: Value imputed by a receiving agency.",,,1-2
farms.faostat-wcad.holdings-by-land-size,JPN,1960,1586879.0,,,,final,"WCA 1960 round, census 1960. FAO flag A: Official figure.",,,1-2
farms.faostat-wcad.holdings-by-land-size,JPN,1970,1285680.0,,,,final,"WCA 1970 round, census 1970. FAO flag A: Official figure.",,,1-2
farms.faostat-wcad.holdings-by-land-size,JPN,1980,989896.0,,,,final,"WCA 1980 round, census 1980. FAO flag A: Official figure. FAO's note: Household holdings only. Excludes 11170 holdings and 987 ha area of ''exceptional farm households.",,,1-2
farms.faostat-wcad.holdings-by-land-size,JPN,1995,688000.0,,,,final,"WCA 1990 round, census 1995. FAO flag A: Official figure. FAO's note: Cropland area. Data refer to civil persons only.",,,1-2
farms.faostat-wcad.holdings-by-land-size,JPN,2015,137865.0,,,,final,"WCA 2010 round, census 2015. FAO flag I: Value imputed by a receiving agency.",,,1-2
farms.faostat-wcad.holdings-by-land-size,JPN,2020,246562.0,,,,final,"WCA 2020 round, census 2020. FAO flag A: Official figure.",,,1-2
farms.faostat-wcad.holdings-by-land-size,JPN,2015,272153.0,,,,final,"WCA 2010 round, census 2015. FAO flag I: Value imputed by a receiving agency.",,,2-3
farms.faostat-wcad.holdings-by-land-size,JPN,2020,59785.0,,,,final,"WCA 2020 round, census 2020. FAO flag I: Value imputed by a receiving agency.",,,2-3
farms.faostat-wcad.holdings-by-land-size,JPN,2015,376413.0,,,,final,"WCA 2010 round, census 2015. FAO flag I: Value imputed by a receiving agency.",,,3-4
farms.faostat-wcad.holdings-by-land-size,JPN,2020,53002.0,,,,final,"WCA 2020 round, census 2020. FAO flag I: Value imputed by a receiving agency.",,,3-4
farms.faostat-wcad.holdings-by-land-size,JPN,2015,448634.0,,,,final,"WCA 2010 round, census 2015. FAO flag I: Value imputed by a receiving agency.",,,4-5
farms.faostat-wcad.holdings-by-land-size,JPN,2020,47233.0,,,,final,"WCA 2020 round, census 2020. FAO flag I: Value imputed by a receiving agency.",,,4-5
farms.faostat-wcad.holdings-by-land-size,JPN,1929,444781.0,,,,final,"WCA 1930 round, census 1929. FAO flag I: Value imputed by a receiving agency.",,,2-5
farms.faostat-wcad.holdings-by-land-size,JPN,1950,1426073.0,,,,final,"WCA 1950 round, census 1950. FAO flag I: Value imputed by a receiving agency.",,,2-5
farms.faostat-wcad.holdings-by-land-size,JPN,1960,454096.0,,,,final,"WCA 1960 round, census 1960. FAO flag A: Official figure.",,,2-5
farms.faostat-wcad.holdings-by-land-size,JPN,1970,345721.0,,,,final,"WCA 1970 round, census 1970. FAO flag A: Official figure.",,,2-5
farms.faostat-wcad.holdings-by-land-size,JPN,1980,351193.0,,,,final,"WCA 1980 round, census 1980. FAO flag A: Official figure. FAO's note: Household holdings only. Excludes 11170 holdings and 987 ha area of ''exceptional farm households.",,,2-5
farms.faostat-wcad.holdings-by-land-size,JPN,1995,315000.0,,,,final,"WCA 1990 round, census 1995. FAO flag A: Official figure. FAO's note: Cropland area. Data refer to civil persons only.",,,2-5
farms.faostat-wcad.holdings-by-land-size,JPN,1929,68190.0,,,,final,"WCA 1930 round, census 1929. FAO flag I: Value imputed by a receiving agency.",,,5-10
farms.faostat-wcad.holdings-by-land-size,JPN,1950,62148.0,,,,final,"WCA 1950 round, census 1950. FAO flag I: Value imputed by a receiving agency.",,,5-10
farms.faostat-wcad.holdings-by-land-size,JPN,1960,67659.0,,,,final,"WCA 1960 round, census 1960. FAO flag A: Official figure.",,,5-10
farms.faostat-wcad.holdings-by-land-size,JPN,1970,71299.0,,,,final,"WCA 1970 round, census 1970. FAO flag A: Official figure.",,,5-10
farms.faostat-wcad.holdings-by-land-size,JPN,1980,71733.0,,,,final,"WCA 1980 round, census 1980. FAO flag A: Official figure. FAO's note: Household holdings only. Excludes 11170 holdings and 987 ha area of ''exceptional farm households.",,,5-10
farms.faostat-wcad.holdings-by-land-size,JPN,1995,46000.0,,,,final,"WCA 1990 round, census 1995. FAO flag A: Official figure. FAO's note: Cropland area. Data refer to civil persons only.",,,5-10
farms.faostat-wcad.holdings-by-land-size,JPN,2015,52229.0,,,,final,"WCA 2010 round, census 2015. FAO flag I: Value imputed by a receiving agency.",,,5-10
farms.faostat-wcad.holdings-by-land-size,JPN,2020,48454.0,,,,final,"WCA 2020 round, census 2020. FAO flag A: Official figure.",,,5-10
farms.faostat-wcad.holdings-by-land-size,JPN,1950,31972.0,,,,final,"WCA 1950 round, census 1950. FAO flag I: Value imputed by a receiving agency.",,,10-20
farms.faostat-wcad.holdings-by-land-size,JPN,1960,29645.0,,,,final,"WCA 1960 round, census 1960. FAO flag A: Official figure.",,,10-20
farms.faostat-wcad.holdings-by-land-size,JPN,1995,19000.0,,,,final,"WCA 1990 round, census 1995. FAO flag A: Official figure. FAO's note: Cropland area. Data refer to civil persons only.",,,10-20
farms.faostat-wcad.holdings-by-land-size,JPN,2015,25396.0,,,,final,"WCA 2010 round, census 2015. FAO flag I: Value imputed by a receiving agency.",,,10-20
farms.faostat-wcad.holdings-by-land-size,JPN,2020,25777.0,,,,final,"WCA 2020 round, census 2020. FAO flag A: Official figure.",,,10-20
farms.faostat-wcad.holdings-by-land-size,JPN,1960,6560.0,,,,final,"WCA 1960 round, census 1960. FAO flag A: Official figure.",,,20-50
farms.faostat-wcad.holdings-by-land-size,JPN,1995,14000.0,,,,final,"WCA 1990 round, census 1995. FAO flag A: Official figure. FAO's note: Cropland area. Data refer to civil persons only.",,,20-50
farms.faostat-wcad.holdings-by-land-size,JPN,2015,19677.0,,,,final,"WCA 2010 round, census 2015. FAO flag I: Value imputed by a receiving agency.",,,20-50
farms.faostat-wcad.holdings-by-land-size,JPN,2020,20962.0,,,,final,"WCA 2020 round, census 2020. FAO flag I: Value imputed by a receiving agency.",,,20-50
farms.faostat-wcad.holdings-by-land-size,JPN,1995,3000.0,,,,final,"WCA 1990 round, census 1995. FAO flag A: Official figure. FAO's note: Cropland area. Data refer to civil persons only.",,,50-100
farms.faostat-wcad.holdings-by-land-size,JPN,2015,6121.0,,,,final,"WCA 2010 round, census 2015. FAO flag A: Official figure.",,,50-100
farms.faostat-wcad.holdings-by-land-size,JPN,2020,6490.0,,,,final,"WCA 2020 round, census 2020. FAO flag A: Official figure.",,,50-100
farms.faostat-wcad.holdings-by-land-size,JPN,2015,1590.0,,,,final,"WCA 2010 round, census 2015. FAO flag A: Official figure.",,,100-200
farms.faostat-wcad.holdings-by-land-size,JPN,2020,1933.0,,,,final,"WCA 2020 round, census 2020. FAO flag I: Value imputed by a receiving agency.",,,100-200
farms.faostat-wcad.holdings-by-land-size,KAZ,2006/2007,17165.0,,,,final,"WCA 2010 round, census 2006/07. FAO flag I: Value imputed by a receiving agency.",,,0-1
farms.faostat-wcad.holdings-by-land-size,KAZ,2006/2007,11614.0,,,,final,"WCA 2010 round, census 2006/07. FAO flag I: Value imputed by a receiving agency.",,,1-2
farms.faostat-wcad.holdings-by-land-size,KAZ,2006/2007,9310.0,,,,final,"WCA 2010 round, census 2006/07. FAO flag I: Value imputed by a receiving agency.",,,2-3
farms.faostat-wcad.holdings-by-land-size,KAZ,2006/2007,7930.0,,,,final,"WCA 2010 round, census 2006/07. FAO flag I: Value imputed by a receiving agency.",,,3-4
farms.faostat-wcad.holdings-by-land-size,KAZ,2006/2007,6979.0,,,,final,"WCA 2010 round, census 2006/07. FAO flag I: Value imputed by a receiving agency.",,,4-5
farms.faostat-wcad.holdings-by-land-size,KAZ,2006/2007,27480.0,,,,final,"WCA 2010 round, census 2006/07. FAO flag A: Official figure.",,,5-10
farms.faostat-wcad.holdings-by-land-size,KAZ,2006/2007,21921.0,,,,final,"WCA 2010 round, census 2006/07. FAO flag A: Official figure.",,,10-20
farms.faostat-wcad.holdings-by-land-size,KAZ,2006/2007,22485.0,,,,final,"WCA 2010 round, census 2006/07. FAO flag I: Value imputed by a receiving agency.",,,20-50
farms.faostat-wcad.holdings-by-land-size,KAZ,2006/2007,17300.0,,,,final,"WCA 2010 round, census 2006/07. FAO flag A: Official figure.",,,50-100
farms.faostat-wcad.holdings-by-land-size,KAZ,2006/2007,17359.0,,,,final,"WCA 2010 round, census 2006/07. FAO flag A: Official figure.",,,100-200
farms.faostat-wcad.holdings-by-land-size,KAZ,2006/2007,19110.0,,,,final,"WCA 2010 round, census 2006/07. FAO flag A: Official figure.",,,200-500
farms.faostat-wcad.holdings-by-land-size,KAZ,2006/2007,9850.0,,,,final,"WCA 2010 round, census 2006/07. FAO flag A: Official figure.",,,500-1000
farms.faostat-wcad.holdings-by-land-size,KAZ,2006/2007,6179.0,,,,final,"WCA 2010 round, census 2006/07. FAO flag I: Value imputed by a receiving agency.",,,1000-2500
farms.faostat-wcad.holdings-by-land-size,KAZ,2006/2007,5993.0,,,,final,"WCA 2010 round, census 2006/07. FAO flag I: Value imputed by a receiving agency.",,,2500-plus
farms.faostat-wcad.holdings-by-land-size,KEN,1960/1961,132800.0,,,,final,"WCA 1960 round, census 1960/61. FAO flag A: Official figure.",,,0-1
farms.faostat-wcad.holdings-by-land-size,KEN,1974/1975,472182.0,,,,final,"WCA 1970 round, census 1974/75. FAO flag A: Official figure.",,,0-1
farms.faostat-wcad.holdings-by-land-size,KEN,1979,1220200.0,,,,final,"WCA 1980 round, census 1979. FAO flag A: Official figure.",,,0-1
farms.faostat-wcad.holdings-by-land-size,KEN,1960/1961,133300.0,,,,final,"WCA 1960 round, census 1960/61. FAO flag A: Official figure.",,,1-2
farms.faostat-wcad.holdings-by-land-size,KEN,1974/1975,400371.0,,,,final,"WCA 1970 round, census 1974/75. FAO flag A: Official figure.",,,1-2
farms.faostat-wcad.holdings-by-land-size,KEN,1979,425600.0,,,,final,"WCA 1980 round, census 1979. FAO flag A: Official figure.",,,1-2
farms.faostat-wcad.holdings-by-land-size,KEN,1954,1.0,,,,final,"WCA 1950 round, census 1954. FAO flag I: Value imputed by a receiving agency.",,,2-5
farms.faostat-wcad.holdings-by-land-size,KEN,1960/1961,153800.0,,,,final,"WCA 1960 round, census 1960/61. FAO flag A: Official figure.",,,2-5
farms.faostat-wcad.holdings-by-land-size,KEN,1974/1975,463019.0,,,,final,"WCA 1970 round, census 1974/75. FAO flag A: Official figure.",,,2-5
farms.faostat-wcad.holdings-by-land-size,KEN,1979,325900.0,,,,final,"WCA 1980 round, census 1979. FAO flag A: Official figure.",,,2-5
farms.faostat-wcad.holdings-by-land-size,KEN,1954,5.0,,,,final,"WCA 1950 round, census 1954. FAO flag I: Value imputed by a receiving agency.",,,5-10
farms.faostat-wcad.holdings-by-land-size,KEN,1960/1961,65307.0,,,,final,"WCA 1960 round, census 1960/61. FAO flag A: Official figure.",,,5-10
farms.faostat-wcad.holdings-by-land-size,KEN,1974/1975,147850.0,,,,final,"WCA 1970 round, census 1974/75. FAO flag A: Official figure.",,,5-10
farms.faostat-wcad.holdings-by-land-size,KEN,1979,149580.0,,,,final,"WCA 1980 round, census 1979. FAO flag A: Official figure.",,,5-10
farms.faostat-wcad.holdings-by-land-size,KEN,1954,25.0,,,,final,"WCA 1950 round, census 1954. FAO flag I: Value imputed by a receiving agency.",,,10-20
farms.faostat-wcad.holdings-by-land-size,KEN,1960/1961,32461.0,,,,final,"WCA 1960 round, census 1960/61. FAO flag A: Official figure.",,,10-20
farms.faostat-wcad.holdings-by-land-size,KEN,1974/1975,445.0,,,,final,"WCA 1970 round, census 1974/75. FAO flag A: Official figure.",,,10-20
farms.faostat-wcad.holdings-by-land-size,KEN,1979,24148.0,,,,final,"WCA 1980 round, census 1979. FAO flag A: Official figure.",,,10-20
farms.faostat-wcad.holdings-by-land-size,KEN,1954,173.0,,,,final,"WCA 1950 round, census 1954. FAO flag I: Value imputed by a receiving agency.",,,20-50
farms.faostat-wcad.holdings-by-land-size,KEN,1960/1961,260.0,,,,final,"WCA 1960 round, census 1960/61. FAO flag A: Official figure.",,,20-50
farms.faostat-wcad.holdings-by-land-size,KEN,1974/1975,334.0,,,,final,"WCA 1970 round, census 1974/75. FAO flag A: Official figure.",,,20-50
farms.faostat-wcad.holdings-by-land-size,KEN,1979,17705.0,,,,final,"WCA 1980 round, census 1979. FAO flag A: Official figure.",,,20-50
farms.faostat-wcad.holdings-by-land-size,KEN,1954,334.0,,,,final,"WCA 1950 round, census 1954. FAO flag I: Value imputed by a receiving agency.",,,50-100
farms.faostat-wcad.holdings-by-land-size,KEN,1960/1961,269.0,,,,final,"WCA 1960 round, census 1960/61. FAO flag A: Official figure.",,,50-100
farms.faostat-wcad.holdings-by-land-size,KEN,1974/1975,302.0,,,,final,"WCA 1970 round, census 1974/75. FAO flag A: Official figure.",,,50-100
farms.faostat-wcad.holdings-by-land-size,KEN,1979,2780.0,,,,final,"WCA 1980 round, census 1979. FAO flag A: Official figure.",,,50-100
farms.faostat-wcad.holdings-by-land-size,KEN,1954,393.0,,,,final,"WCA 1950 round, census 1954. FAO flag I: Value imputed by a receiving agency.",,,100-200
farms.faostat-wcad.holdings-by-land-size,KEN,1960/1961,387.0,,,,final,"WCA 1960 round, census 1960/61. FAO flag A: Official figure.",,,100-200
farms.faostat-wcad.holdings-by-land-size,KEN,1974/1975,392.0,,,,final,"WCA 1970 round, census 1974/75. FAO flag A: Official figure.",,,100-200
farms.faostat-wcad.holdings-by-land-size,KEN,1979,419.0,,,,final,"WCA 1980 round, census 1979. FAO flag A: Official figure.",,,100-200
farms.faostat-wcad.holdings-by-land-size,KEN,1954,936.0,,,,final,"WCA 1950 round, census 1954. FAO flag I: Value imputed by a receiving agency.",,,200-500
farms.faostat-wcad.holdings-by-land-size,KEN,1960/1961,1142.0,,,,final,"WCA 1960 round, census 1960/61. FAO flag A: Official figure.",,,200-500
farms.faostat-wcad.holdings-by-land-size,KEN,1974/1975,810.0,,,,final,"WCA 1970 round, census 1974/75. FAO flag A: Official figure.",,,200-500
farms.faostat-wcad.holdings-by-land-size,KEN,1979,843.0,,,,final,"WCA 1980 round, census 1979. FAO flag A: Official figure.",,,200-500
farms.faostat-wcad.holdings-by-land-size,KEN,1954,666.0,,,,final,"WCA 1950 round, census 1954. FAO flag I: Value imputed by a receiving agency.",,,500-1000
farms.faostat-wcad.holdings-by-land-size,KEN,1960/1961,697.0,,,,final,"WCA 1960 round, census 1960/61. FAO flag A: Official figure.",,,500-1000
farms.faostat-wcad.holdings-by-land-size,KEN,1974/1975,498.0,,,,final,"WCA 1970 round, census 1974/75. FAO flag A: Official figure.",,,500-1000
farms.faostat-wcad.holdings-by-land-size,KEN,1979,497.0,,,,final,"WCA 1980 round, census 1979. FAO flag A: Official figure.",,,500-1000
farms.faostat-wcad.holdings-by-land-size,KEN,1954,630.0,,,,final,"WCA 1950 round, census 1954. FAO flag I: Value imputed by a receiving agency.",,,1000-plus
farms.faostat-wcad.holdings-by-land-size,KEN,1960/1961,586.0,,,,final,"WCA 1960 round, census 1960/61. FAO flag A: Official figure.",,,1000-plus
farms.faostat-wcad.holdings-by-land-size,KEN,1974/1975,436.0,,,,final,"WCA 1970 round, census 1974/75. FAO flag I: Value imputed by a receiving agency.",,,1000-plus
farms.faostat-wcad.holdings-by-land-size,KEN,1979,441.0,,,,final,"WCA 1980 round, census 1979. FAO flag A: Official figure.",,,1000-plus
farms.faostat-wcad.holdings-by-land-size,KGZ,2002,964130.0,,,,final,"WCA 2000 round, census 2002. FAO flag A: Official figure. FAO's note: Arable land area",,,0-1
farms.faostat-wcad.holdings-by-land-size,KGZ,2002,78314.0,,,,final,"WCA 2000 round, census 2002. FAO flag I: Value imputed by a receiving agency. FAO's note: Arable land area.",,,1-2
farms.faostat-wcad.holdings-by-land-size,KGZ,2002,56409.0,,,,final,"WCA 2000 round, census 2002. FAO flag I: Value imputed by a receiving agency. FAO's note: Arable land area.",,,2-5
farms.faostat-wcad.holdings-by-land-size,KGZ,2002,18577.0,,,,final,"WCA 2000 round, census 2002. FAO flag A: Official figure. FAO's note: Arable land area",,,5-10
farms.faostat-wcad.holdings-by-land-size,KGZ,2002,7715.0,,,,final,"WCA 2000 round, census 2002. FAO flag A: Official figure. FAO's note: Arable land area",,,10-20
farms.faostat-wcad.holdings-by-land-size,KGZ,2002,4119.0,,,,final,"WCA 2000 round, census 2002. FAO flag A: Official figure. FAO's note: Arable land area",,,20-50
farms.faostat-wcad.holdings-by-land-size,KGZ,2002,740.0,,,,final,"WCA 2000 round, census 2002. FAO flag A: Official figure. FAO's note: Arable land area",,,50-100
farms.faostat-wcad.holdings-by-land-size,KGZ,2002,304.0,,,,final,"WCA 2000 round, census 2002. FAO flag A: Official figure. FAO's note: Arable land area",,,100-200
farms.faostat-wcad.holdings-by-land-size,KGZ,2002,231.0,,,,final,"WCA 2000 round, census 2002. FAO flag A: Official figure. FAO's note: Arable land area",,,200-500
farms.faostat-wcad.holdings-by-land-size,KGZ,2002,171.0,,,,final,"WCA 2000 round, census 2002. FAO flag A: Official figure. FAO's note: Arable land area",,,500-1000
farms.faostat-wcad.holdings-by-land-size,KGZ,2002,145.0,,,,final,"WCA 2000 round, census 2002. FAO flag A: Official figure. FAO's note: Arable land area",,,1000-plus
farms.faostat-wcad.holdings-by-land-size,KHM,2013,869493.0,,,,final,"WCA 2010 round, census 2013. FAO flag A: Official figure.",,,0-1
farms.faostat-wcad.holdings-by-land-size,KHM,2013,314929.0,,,,final,"WCA 2010 round, census 2013. FAO flag I: Value imputed by a receiving agency.",,,1-2
farms.faostat-wcad.holdings-by-land-size,KHM,2013,284876.0,,,,final,"WCA 2010 round, census 2013. FAO flag I: Value imputed by a receiving agency.",,,2-3
farms.faostat-wcad.holdings-by-land-size,KHM,2013,250286.0,,,,final,"WCA 2010 round, census 2013. FAO flag I: Value imputed by a receiving agency.",,,3-4
farms.faostat-wcad.holdings-by-land-size,KHM,2013,28957.0,,,,final,"WCA 2010 round, census 2013. FAO flag I: Value imputed by a receiving agency.",,,4-5
farms.faostat-wcad.holdings-by-land-size,KHM,2013,104450.0,,,,final,"WCA 2010 round, census 2013. FAO flag I: Value imputed by a receiving agency.",,,5-10
farms.faostat-wcad.holdings-by-land-size,KHM,2013,18200.0,,,,final,"WCA 2010 round, census 2013. FAO flag A: Official figure.",,,10-20
farms.faostat-wcad.holdings-by-land-size,KHM,2013,3681.0,,,,final,"WCA 2010 round, census 2013. FAO flag A: Official figure.",,,20-50
farms.faostat-wcad.holdings-by-land-size,KHM,2013,840.0,,,,final,"WCA 2010 round, census 2013. FAO flag A: Official figure.",,,50-100
farms.faostat-wcad.holdings-by-land-size,KNA,1987,3148.0,,,,final,"WCA 1990 round, census 1987. FAO flag A: Official figure.",,,1-2
farms.faostat-wcad.holdings-by-land-size,KNA,1987,87.0,,,,final,"WCA 1990 round, census 1987. FAO flag A: Official figure.",,,2-5
farms.faostat-wcad.holdings-by-land-size,KNA,1987,11.0,,,,final,"WCA 1990 round, census 1987. FAO flag A: Official figure.",,,5-10
farms.faostat-wcad.holdings-by-land-size,KNA,1987,23.0,,,,final,"WCA 1990 round, census 1987. FAO flag A: Official figure.",,,10-20
farms.faostat-wcad.holdings-by-land-size,KOR,1960,1654837.0,,,,final,"WCA 1960 round, census 1960. FAO flag A: Official figure.",,,0-1
farms.faostat-wcad.holdings-by-land-size,KOR,1970,1600229.0,,,,final,"WCA 1970 round, census 1970. FAO flag A: Official figure.",,,0-1
farms.faostat-wcad.holdings-by-land-size,KOR,1980,1360879.0,,,,final,"WCA 1980 round, census 1980. FAO flag A: Official figure. FAO's note: Excludes 28 049 number and 9 305 ha of holdings without cropland.",,,0-1
farms.faostat-wcad.holdings-by-land-size,KOR,1990,1051861.0,,,,final,"WCA 1990 round, census 1990. FAO flag A: Official figure. FAO's note: Cropland area",,,0-1
farms.faostat-wcad.holdings-by-land-size,KOR,2015,741599.0,,,,final,"WCA 2010 round, census 2015. FAO flag A: Official figure.",,,0-1
farms.faostat-wcad.holdings-by-land-size,KOR,2020,760374.0,,,,final,"WCA 2020 round, census 2020. FAO flag A: Official figure.",,,0-1
farms.faostat-wcad.holdings-by-land-size,KOR,1960,562343.0,,,,final,"WCA 1960 round, census 1960. FAO flag A: Official figure.",,,1-2
farms.faostat-wcad.holdings-by-land-size,KOR,1970,639788.0,,,,final,"WCA 1970 round, census 1970. FAO flag A: Official figure.",,,1-2
farms.faostat-wcad.holdings-by-land-size,KOR,1980,629438.0,,,,final,"WCA 1980 round, census 1980. FAO flag A: Official figure. FAO's note: Excludes 28 049 number and 9 305 ha of holdings without cropland.",,,1-2
farms.faostat-wcad.holdings-by-land-size,KOR,1990,543182.0,,,,final,"WCA 1990 round, census 1990. FAO flag A: Official figure. FAO's note: Cropland area",,,1-2
farms.faostat-wcad.holdings-by-land-size,KOR,2015,185111.0,,,,final,"WCA 2010 round, census 2015. FAO flag A: Official figure.",,,1-2
farms.faostat-wcad.holdings-by-land-size,KOR,2020,145361.0,,,,final,"WCA 2020 round, census 2020. FAO flag A: Official figure.",,,1-2
farms.faostat-wcad.holdings-by-land-size,KOR,2015,62635.0,,,,final,"WCA 2010 round, census 2015. FAO flag A: Official figure.",,,2-3
farms.faostat-wcad.holdings-by-land-size,KOR,2015,32891.0,,,,final,"WCA 2010 round, census 2015. FAO flag A: Official figure.",,,3-4
farms.faostat-wcad.holdings-by-land-size,KOR,2015,16439.0,,,,final,"WCA 2010 round, census 2015. FAO flag A: Official figure.",,,4-5
farms.faostat-wcad.holdings-by-land-size,KOR,1960,114654.0,,,,final,"WCA 1960 round, census 1960. FAO flag A: Official figure.",,,2-5
farms.faostat-wcad.holdings-by-land-size,KOR,1970,161194.0,,,,final,"WCA 1970 round, census 1970. FAO flag A: Official figure.",,,2-5
farms.faostat-wcad.holdings-by-land-size,KOR,1980,139189.0,,,,final,"WCA 1980 round, census 1980. FAO flag A: Official figure. FAO's note: Excludes 28 049 number and 9 305 ha of holdings without cropland.",,,2-5
farms.faostat-wcad.holdings-by-land-size,KOR,1990,173458.0,,,,final,"WCA 1990 round, census 1990. FAO flag A: Official figure. FAO's note: Cropland area",,,2-5
farms.faostat-wcad.holdings-by-land-size,KOR,2020,86883.0,,,,final,"WCA 2020 round, census 2020. FAO flag A: Official figure.",,,2-5
farms.faostat-wcad.holdings-by-land-size,KOR,2015,29114.0,,,,final,"WCA 2010 round, census 2015. FAO flag A: Official figure.",,,5-10
farms.faostat-wcad.holdings-by-land-size,KOR,2020,24363.0,,,,final,"WCA 2020 round, census 2020. FAO flag A: Official figure.",,,5-10
farms.faostat-wcad.holdings-by-land-size,KOR,2015,10251.0,,,,final,"WCA 2010 round, census 2015. FAO flag A: Official figure.",,,10-20
farms.faostat-wcad.holdings-by-land-size,KOR,2020,9072.0,,,,final,"WCA 2020 round, census 2020. FAO flag A: Official figure.",,,10-20
farms.faostat-wcad.holdings-by-land-size,KWT,1970,218.0,,,,final,"WCA 1970 round, census 1970. FAO flag A: Official figure.",,,0-1
farms.faostat-wcad.holdings-by-land-size,KWT,1970,61.0,,,,final,"WCA 1970 round, census 1970. FAO flag A: Official figure.",,,1-2
farms.faostat-wcad.holdings-by-land-size,KWT,1970,53.0,,,,final,"WCA 1970 round, census 1970. FAO flag A: Official figure.",,,2-5
farms.faostat-wcad.holdings-by-land-size,KWT,1970,46.0,,,,final,"WCA 1970 round, census 1970. FAO flag A: Official figure.",,,5-10
farms.faostat-wcad.holdings-by-land-size,KWT,1970,39.0,,,,final,"WCA 1970 round, census 1970. FAO flag A: Official figure.",,,10-20
farms.faostat-wcad.holdings-by-land-size,KWT,1970,18.0,,,,final,"WCA 1970 round, census 1970. FAO flag A: Official figure.",,,20-50
farms.faostat-wcad.holdings-by-land-size,KWT,1970,13.0,,,,final,"WCA 1970 round, census 1970. FAO flag A: Official figure.",,,50-100
farms.faostat-wcad.holdings-by-land-size,KWT,1970,1.0,,,,final,"WCA 1970 round, census 1970. FAO flag A: Official figure.",,,100-200
farms.faostat-wcad.holdings-by-land-size,LAO,1998/1999,255600.0,,,,final,"WCA 2000 round, census 1998/99. FAO flag A: Official figure.",,,0-1
farms.faostat-wcad.holdings-by-land-size,LAO,2010/2011,171700.0,,,,final,"WCA 2010 round, census 2010/11. FAO flag A: Official figure.",,,0-1
farms.faostat-wcad.holdings-by-land-size,LAO,1998/1999,235400.0,,,,final,"WCA 2000 round, census 1998/99. FAO flag A: Official figure.",,,1-2
farms.faostat-wcad.holdings-by-land-size,LAO,2010/2011,245600.0,,,,final,"WCA 2010 round, census 2010/11. FAO flag A: Official figure.",,,1-2
farms.faostat-wcad.holdings-by-land-size,LAO,2010/2011,150500.0,,,,final,"WCA 2010 round, census 2010/11. FAO flag A: Official figure.",,,2-3
farms.faostat-wcad.holdings-by-land-size,LAO,2010/2011,208800.0,,,,final,"WCA 2010 round, census 2010/11. FAO flag A: Official figure.",,,3-4
farms.faostat-wcad.holdings-by-land-size,LAO,1998/1999,177000.0,,,,final,"WCA 2000 round, census 1998/99. FAO flag A: Official figure.",,,2-5
farms.faostat-wcad.holdings-by-land-size,LBN,1961,68125.0,,,,final,"WCA 1960 round, census 1961. FAO flag A: Official figure.",,,0-1
farms.faostat-wcad.holdings-by-land-size,LBN,1998/1999,141594.0,,,,final,"WCA 2000 round, census 1998/99. FAO flag A: Official figure. FAO's note: Arable land area",,,0-1
farms.faostat-wcad.holdings-by-land-size,LBN,2010,114723.0,,,,final,"WCA 2010 round, census 2010. FAO flag A: Official figure. FAO's note: UAA",,,0-1
farms.faostat-wcad.holdings-by-land-size,LBN,1961,23708.0,,,,final,"WCA 1960 round, census 1961. FAO flag A: Official figure.",,,1-2
farms.faostat-wcad.holdings-by-land-size,LBN,1998/1999,27434.0,,,,final,"WCA 2000 round, census 1998/99. FAO flag A: Official figure. FAO's note: Arable land area",,,1-2
farms.faostat-wcad.holdings-by-land-size,LBN,2010,26269.0,,,,final,"WCA 2010 round, census 2010. FAO flag A: Official figure. FAO's note: UAA",,,1-2
farms.faostat-wcad.holdings-by-land-size,LBN,2010,8083.0,,,,final,"WCA 2010 round, census 2010. FAO flag I: Value imputed by a receiving agency. FAO's note: UAA",,,2-3
farms.faostat-wcad.holdings-by-land-size,LBN,2010,5894.0,,,,final,"WCA 2010 round, census 2010. FAO flag I: Value imputed by a receiving agency. FAO's note: UAA",,,3-4
farms.faostat-wcad.holdings-by-land-size,LBN,2010,2440.0,,,,final,"WCA 2010 round, census 2010. FAO flag I: Value imputed by a receiving agency. FAO's note: UAA",,,4-5
farms.faostat-wcad.holdings-by-land-size,LBN,1961,23253.0,,,,final,"WCA 1960 round, census 1961. FAO flag A: Official figure.",,,2-5
farms.faostat-wcad.holdings-by-land-size,LBN,1998/1999,19536.0,,,,final,"WCA 2000 round, census 1998/99. FAO flag A: Official figure. FAO's note: Arable land area",,,2-5
farms.faostat-wcad.holdings-by-land-size,LBN,1961,7277.0,,,,final,"WCA 1960 round, census 1961. FAO flag A: Official figure.",,,5-10
farms.faostat-wcad.holdings-by-land-size,LBN,1998/1999,3127.0,,,,final,"WCA 2000 round, census 1998/99. FAO flag A: Official figure. FAO's note: Arable land area",,,5-10
farms.faostat-wcad.holdings-by-land-size,LBN,2010,4872.0,,,,final,"WCA 2010 round, census 2010. FAO flag I: Value imputed by a receiving agency. FAO's note: UAA",,,5-10
farms.faostat-wcad.holdings-by-land-size,LBN,1961,3017.0,,,,final,"WCA 1960 round, census 1961. FAO flag A: Official figure.",,,10-20
farms.faostat-wcad.holdings-by-land-size,LBN,1998/1999,1983.0,,,,final,"WCA 2000 round, census 1998/99. FAO flag A: Official figure. FAO's note: Arable land area",,,10-20
farms.faostat-wcad.holdings-by-land-size,LBN,2010,1966.0,,,,final,"WCA 2010 round, census 2010. FAO flag A: Official figure. FAO's note: UAA",,,10-20
farms.faostat-wcad.holdings-by-land-size,LBN,1961,1304.0,,,,final,"WCA 1960 round, census 1961. FAO flag A: Official figure.",,,20-50
farms.faostat-wcad.holdings-by-land-size,LBN,1998/1999,911.0,,,,final,"WCA 2000 round, census 1998/99. FAO flag A: Official figure. FAO's note: Arable land area",,,20-50
farms.faostat-wcad.holdings-by-land-size,LBN,2010,835.0,,,,final,"WCA 2010 round, census 2010. FAO flag A: Official figure. FAO's note: UAA",,,20-50
farms.faostat-wcad.holdings-by-land-size,LBN,1961,299.0,,,,final,"WCA 1960 round, census 1961. FAO flag A: Official figure.",,,50-100
farms.faostat-wcad.holdings-by-land-size,LBN,1998/1999,244.0,,,,final,"WCA 2000 round, census 1998/99. FAO flag A: Official figure. FAO's note: Arable land area",,,50-100
farms.faostat-wcad.holdings-by-land-size,LBN,2010,288.0,,,,final,"WCA 2010 round, census 2010. FAO flag A: Official figure. FAO's note: UAA",,,50-100
farms.faostat-wcad.holdings-by-land-size,LBN,1961,106.0,,,,final,"WCA 1960 round, census 1961. FAO flag A: Official figure.",,,100-200
farms.faostat-wcad.holdings-by-land-size,LBN,1961,30.0,,,,final,"WCA 1960 round, census 1961. FAO flag A: Official figure.",,,200-500
farms.faostat-wcad.holdings-by-land-size,LBN,1961,4.0,,,,final,"WCA 1960 round, census 1961. FAO flag A: Official figure.",,,500-1000
farms.faostat-wcad.holdings-by-land-size,LBR,1971,64174.0,,,,final,"WCA 1970 round, census 1971. FAO flag A: Official figure.",,,0-1
farms.faostat-wcad.holdings-by-land-size,LBR,1971,28892.0,,,,final,"WCA 1970 round, census 1971. FAO flag A: Official figure.",,,1-2
farms.faostat-wcad.holdings-by-land-size,LBR,1971,12867.0,,,,final,"WCA 1970 round, census 1971. FAO flag I: Value imputed by a receiving agency.",,,2-5
farms.faostat-wcad.holdings-by-land-size,LBR,1971,10287.0,,,,final,"WCA 1970 round, census 1971. FAO flag I: Value imputed by a receiving agency.",,,5-10
farms.faostat-wcad.holdings-by-land-size,LBR,1971,2321.0,,,,final,"WCA 1970 round, census 1971. FAO flag I: Value imputed by a receiving agency.",,,10-20
farms.faostat-wcad.holdings-by-land-size,LBR,1971,2262.0,,,,final,"WCA 1970 round, census 1971. FAO flag I: Value imputed by a receiving agency.",,,20-50
farms.faostat-wcad.holdings-by-land-size,LBR,1971,590.0,,,,final,"WCA 1970 round, census 1971. FAO flag I: Value imputed by a receiving agency.",,,50-100
farms.faostat-wcad.holdings-by-land-size,LBY,1960,17417.0,,,,final,"WCA 1960 round, census 1960. FAO flag A: Official figure.",,,0-1
farms.faostat-wcad.holdings-by-land-size,LBY,1987,25213.0,,,,final,"WCA 1990 round, census 1987. FAO flag A: Official figure.",,,0-1
farms.faostat-wcad.holdings-by-land-size,LBY,1960,9295.0,,,,final,"WCA 1960 round, census 1960. FAO flag A: Official figure.",,,1-2
farms.faostat-wcad.holdings-by-land-size,LBY,1987,17654.0,,,,final,"WCA 1990 round, census 1987. FAO flag A: Official figure.",,,1-2
farms.faostat-wcad.holdings-by-land-size,LBY,1960,21928.0,,,,final,"WCA 1960 round, census 1960. FAO flag A: Official figure.",,,2-5
farms.faostat-wcad.holdings-by-land-size,LBY,1987,43904.0,,,,final,"WCA 1990 round, census 1987. FAO flag A: Official figure.",,,2-5
farms.faostat-wcad.holdings-by-land-size,LBY,1960,22358.0,,,,final,"WCA 1960 round, census 1960. FAO flag A: Official figure.",,,5-10
farms.faostat-wcad.holdings-by-land-size,LBY,1987,40406.0,,,,final,"WCA 1990 round, census 1987. FAO flag A: Official figure.",,,5-10
farms.faostat-wcad.holdings-by-land-size,LBY,1960,27097.0,,,,final,"WCA 1960 round, census 1960. FAO flag A: Official figure.",,,10-20
farms.faostat-wcad.holdings-by-land-size,LBY,1987,28285.0,,,,final,"WCA 1990 round, census 1987. FAO flag A: Official figure.",,,10-20
farms.faostat-wcad.holdings-by-land-size,LBY,1960,29282.0,,,,final,"WCA 1960 round, census 1960. FAO flag A: Official figure.",,,20-50
farms.faostat-wcad.holdings-by-land-size,LBY,1987,15987.0,,,,final,"WCA 1990 round, census 1987. FAO flag A: Official figure.",,,20-50
farms.faostat-wcad.holdings-by-land-size,LBY,1960,10020.0,,,,final,"WCA 1960 round, census 1960. FAO flag A: Official figure.",,,50-100
farms.faostat-wcad.holdings-by-land-size,LBY,1987,3393.0,,,,final,"WCA 1990 round, census 1987. FAO flag A: Official figure.",,,50-100
farms.faostat-wcad.holdings-by-land-size,LBY,1960,4890.0,,,,final,"WCA 1960 round, census 1960. FAO flag A: Official figure.",,,100-200
farms.faostat-wcad.holdings-by-land-size,LBY,1987,686.0,,,,final,"WCA 1990 round, census 1987. FAO flag A: Official figure.",,,100-200
farms.faostat-wcad.holdings-by-land-size,LBY,1960,3231.0,,,,final,"WCA 1960 round, census 1960. FAO flag A: Official figure.",,,200-500
farms.faostat-wcad.holdings-by-land-size,LCA,1973/1974,6430.0,,,,final,"WCA 1970 round, census 1973/74. FAO flag I: Value imputed by a receiving agency.",,,0-1
farms.faostat-wcad.holdings-by-land-size,LCA,1986,9835.0,,,,final,"WCA 1990 round, census 1986. FAO flag A: Official figure.",,,0-1
farms.faostat-wcad.holdings-by-land-size,LCA,1996,8394.0,,,,final,"WCA 2000 round, census 1996. FAO flag I: Value imputed by a receiving agency.",,,0-1
farms.faostat-wcad.holdings-by-land-size,LCA,2007,5997.0,,,,final,"WCA 2010 round, census 2007. FAO flag I: Value imputed by a receiving agency.",,,0-1
farms.faostat-wcad.holdings-by-land-size,LCA,1973/1974,2128.0,,,,final,"WCA 1970 round, census 1973/74. FAO flag I: Value imputed by a receiving agency.",,,1-2
farms.faostat-wcad.holdings-by-land-size,LCA,1986,562.0,,,,final,"WCA 1990 round, census 1986. FAO flag A: Official figure.",,,1-2
farms.faostat-wcad.holdings-by-land-size,LCA,1996,2402.0,,,,final,"WCA 2000 round, census 1996. FAO flag I: Value imputed by a receiving agency.",,,1-2
farms.faostat-wcad.holdings-by-land-size,LCA,2007,1766.0,,,,final,"WCA 2010 round, census 2007. FAO flag I: Value imputed by a receiving agency.",,,1-2
farms.faostat-wcad.holdings-by-land-size,LCA,2007,668.0,,,,final,"WCA 2010 round, census 2007. FAO flag I: Value imputed by a receiving agency.",,,2-3
farms.faostat-wcad.holdings-by-land-size,LCA,2007,488.0,,,,final,"WCA 2010 round, census 2007. FAO flag I: Value imputed by a receiving agency.",,,3-4
farms.faostat-wcad.holdings-by-land-size,LCA,2007,115.0,,,,final,"WCA 2010 round, census 2007. FAO flag I: Value imputed by a receiving agency.",,,4-5
farms.faostat-wcad.holdings-by-land-size,LCA,1973/1974,1187.0,,,,final,"WCA 1970 round, census 1973/74. FAO flag I: Value imputed by a receiving agency.",,,2-5
farms.faostat-wcad.holdings-by-land-size,LCA,1986,611.0,,,,final,"WCA 1990 round, census 1986. FAO flag A: Official figure.",,,2-5
farms.faostat-wcad.holdings-by-land-size,LCA,1996,1975.0,,,,final,"WCA 2000 round, census 1996. FAO flag I: Value imputed by a receiving agency.",,,2-5
farms.faostat-wcad.holdings-by-land-size,LCA,1973/1974,365.0,,,,final,"WCA 1970 round, census 1973/74. FAO flag I: Value imputed by a receiving agency.",,,5-10
farms.faostat-wcad.holdings-by-land-size,LCA,1986,360.0,,,,final,"WCA 1990 round, census 1986. FAO flag A: Official figure.",,,5-10
farms.faostat-wcad.holdings-by-land-size,LCA,1996,435.0,,,,final,"WCA 2000 round, census 1996. FAO flag I: Value imputed by a receiving agency.",,,5-10
farms.faostat-wcad.holdings-by-land-size,LCA,2007,339.0,,,,final,"WCA 2010 round, census 2007. FAO flag I: Value imputed by a receiving agency.",,,5-10
farms.faostat-wcad.holdings-by-land-size,LCA,1973/1974,202.0,,,,final,"WCA 1970 round, census 1973/74. FAO flag I: Value imputed by a receiving agency.",,,10-20
farms.faostat-wcad.holdings-by-land-size,LCA,1986,100.0,,,,final,"WCA 1990 round, census 1986. FAO flag A: Official figure.",,,10-20
farms.faostat-wcad.holdings-by-land-size,LCA,1996,94.0,,,,final,"WCA 2000 round, census 1996. FAO flag I: Value imputed by a receiving agency.",,,10-20
farms.faostat-wcad.holdings-by-land-size,LCA,2007,51.0,,,,final,"WCA 2010 round, census 2007. FAO flag A: Official figure.",,,10-20
farms.faostat-wcad.holdings-by-land-size,LCA,1973/1974,67.0,,,,final,"WCA 1970 round, census 1973/74. FAO flag I: Value imputed by a receiving agency.",,,20-50
farms.faostat-wcad.holdings-by-land-size,LCA,1986,42.0,,,,final,"WCA 1990 round, census 1986. FAO flag A: Official figure.",,,20-50
farms.faostat-wcad.holdings-by-land-size,LCA,1996,66.0,,,,final,"WCA 2000 round, census 1996. FAO flag I: Value imputed by a receiving agency.",,,20-50
farms.faostat-wcad.holdings-by-land-size,LCA,2007,24.0,,,,final,"WCA 2010 round, census 2007. FAO flag I: Value imputed by a receiving agency.",,,20-50
farms.faostat-wcad.holdings-by-land-size,LCA,1973/1974,20.0,,,,final,"WCA 1970 round, census 1973/74. FAO flag I: Value imputed by a receiving agency.",,,50-100
farms.faostat-wcad.holdings-by-land-size,LCA,1986,16.0,,,,final,"WCA 1990 round, census 1986. FAO flag A: Official figure.",,,50-100
farms.faostat-wcad.holdings-by-land-size,LCA,1973/1974,19.0,,,,final,"WCA 1970 round, census 1973/74. FAO flag I: Value imputed by a receiving agency.",,,100-200
farms.faostat-wcad.holdings-by-land-size,LCA,1986,12.0,,,,final,"WCA 1990 round, census 1986. FAO flag A: Official figure.",,,100-200
farms.faostat-wcad.holdings-by-land-size,LCA,1973/1974,19.0,,,,final,"WCA 1970 round, census 1973/74. FAO flag I: Value imputed by a receiving agency.",,,200-500
farms.faostat-wcad.holdings-by-land-size,LCA,1986,13.0,,,,final,"WCA 1990 round, census 1986. FAO flag A: Official figure.",,,200-500
farms.faostat-wcad.holdings-by-land-size,LKA,1962,764152.0,,,,final,"WCA 1960 round, census 1962. FAO flag A: Official figure.",,,0-1
farms.faostat-wcad.holdings-by-land-size,LKA,1982,994239.0,,,,final,"WCA 1980 round, census 1982. FAO flag I: Value imputed by a receiving agency.",,,0-1
farms.faostat-wcad.holdings-by-land-size,LKA,2013/2014,1691527.0,,,,final,"WCA 2010 round, census 2013/14. FAO flag I: Value imputed by a receiving agency.",,,0-1
farms.faostat-wcad.holdings-by-land-size,LKA,1962,221593.0,,,,final,"WCA 1960 round, census 1962. FAO flag A: Official figure.",,,1-2
farms.faostat-wcad.holdings-by-land-size,LKA,1982,461884.0,,,,final,"WCA 1980 round, census 1982. FAO flag I: Value imputed by a receiving agency.",,,1-2
farms.faostat-wcad.holdings-by-land-size,LKA,2013/2014,435331.0,,,,final,"WCA 2010 round, census 2013/14. FAO flag I: Value imputed by a receiving agency.",,,1-2
farms.faostat-wcad.holdings-by-land-size,LKA,2013/2014,79355.0,,,,final,"WCA 2010 round, census 2013/14. FAO flag I: Value imputed by a receiving agency.",,,2-3
farms.faostat-wcad.holdings-by-land-size,LKA,2013/2014,66994.0,,,,final,"WCA 2010 round, census 2013/14. FAO flag I: Value imputed by a receiving agency.",,,3-4
farms.faostat-wcad.holdings-by-land-size,LKA,2013/2014,12887.0,,,,final,"WCA 2010 round, census 2013/14. FAO flag I: Value imputed by a receiving agency.",,,4-5
farms.faostat-wcad.holdings-by-land-size,LKA,1962,145380.0,,,,final,"WCA 1960 round, census 1962. FAO flag A: Official figure.",,,2-5
farms.faostat-wcad.holdings-by-land-size,LKA,1982,193093.0,,,,final,"WCA 1980 round, census 1982. FAO flag I: Value imputed by a receiving agency.",,,2-5
farms.faostat-wcad.holdings-by-land-size,LKA,1962,24493.0,,,,final,"WCA 1960 round, census 1962. FAO flag A: Official figure.",,,5-10
farms.faostat-wcad.holdings-by-land-size,LKA,1982,160031.0,,,,final,"WCA 1980 round, census 1982. FAO flag I: Value imputed by a receiving agency.",,,5-10
farms.faostat-wcad.holdings-by-land-size,LKA,2013/2014,32696.0,,,,final,"WCA 2010 round, census 2013/14. FAO flag I: Value imputed by a receiving agency.",,,5-10
farms.faostat-wcad.holdings-by-land-size,LKA,1962,8311.0,,,,final,"WCA 1960 round, census 1962. FAO flag A: Official figure.",,,10-20
farms.faostat-wcad.holdings-by-land-size,LKA,1982,3717.0,,,,final,"WCA 1980 round, census 1982. FAO flag I: Value imputed by a receiving agency.",,,10-20
farms.faostat-wcad.holdings-by-land-size,LKA,1962,3299.0,,,,final,"WCA 1960 round, census 1962. FAO flag A: Official figure.",,,20-50
farms.faostat-wcad.holdings-by-land-size,LKA,1982,4023.0,,,,final,"WCA 1980 round, census 1982. FAO flag I: Value imputed by a receiving agency.",,,20-50
farms.faostat-wcad.holdings-by-land-size,LKA,1962,1166.0,,,,final,"WCA 1960 round, census 1962. FAO flag A: Official figure.",,,50-100
farms.faostat-wcad.holdings-by-land-size,LKA,1962,643.0,,,,final,"WCA 1960 round, census 1962. FAO flag A: Official figure.",,,100-200
farms.faostat-wcad.holdings-by-land-size,LKA,1962,764.0,,,,final,"WCA 1960 round, census 1962. FAO flag A: Official figure.",,,200-500
farms.faostat-wcad.holdings-by-land-size,LSO,1960,51074.0,,,,final,"WCA 1960 round, census 1960. FAO flag A: Official figure.",,,0-1
farms.faostat-wcad.holdings-by-land-size,LSO,1969/1970,48294.0,,,,final,"WCA 1970 round, census 1969/70. FAO flag I: Value imputed by a receiving agency.",,,0-1
farms.faostat-wcad.holdings-by-land-size,LSO,1989/1990,107400.0,,,,final,"WCA 1990 round, census 1989/90. FAO flag A: Official figure.",,,0-1
farms.faostat-wcad.holdings-by-land-size,LSO,1999/2000,234343.0,,,,final,"WCA 2000 round, census 1999/00. FAO flag A: Official figure. FAO's note: Area planted",,,0-1
farms.faostat-wcad.holdings-by-land-size,LSO,2009/2010,98719.0,,,,final,"WCA 2010 round, census 2009/10. FAO flag I: Value imputed by a receiving agency.",,,0-1
farms.faostat-wcad.holdings-by-land-size,LSO,2019/2020,90981.0,,,,final,"WCA 2020 round, census 2019/20. FAO flag A: Official figure. FAO's note: Excludes households producing livestock only.",,,0-1
farms.faostat-wcad.holdings-by-land-size,LSO,1960,42580.0,,,,final,"WCA 1960 round, census 1960. FAO flag A: Official figure.",,,1-2
farms.faostat-wcad.holdings-by-land-size,LSO,1969/1970,65206.0,,,,final,"WCA 1970 round, census 1969/70. FAO flag I: Value imputed by a receiving agency.",,,1-2
farms.faostat-wcad.holdings-by-land-size,LSO,1989/1990,67000.0,,,,final,"WCA 1990 round, census 1989/90. FAO flag A: Official figure.",,,1-2
farms.faostat-wcad.holdings-by-land-size,LSO,1999/2000,49024.0,,,,final,"WCA 2000 round, census 1999/00. FAO flag A: Official figure. FAO's note: Area planted",,,1-2
farms.faostat-wcad.holdings-by-land-size,LSO,2009/2010,69321.0,,,,final,"WCA 2010 round, census 2009/10. FAO flag I: Value imputed by a receiving agency.",,,1-2
farms.faostat-wcad.holdings-by-land-size,LSO,2019/2020,46032.0,,,,final,"WCA 2020 round, census 2019/20. FAO flag A: Official figure. FAO's note: Excludes households producing livestock only.",,,1-2
farms.faostat-wcad.holdings-by-land-size,LSO,2009/2010,27133.0,,,,final,"WCA 2010 round, census 2009/10. FAO flag I: Value imputed by a receiving agency.",,,2-3
farms.faostat-wcad.holdings-by-land-size,LSO,2009/2010,22575.0,,,,final,"WCA 2010 round, census 2009/10. FAO flag A: Official figure.",,,3-4
farms.faostat-wcad.holdings-by-land-size,LSO,1960,57083.0,,,,final,"WCA 1960 round, census 1960. FAO flag A: Official figure.",,,2-5
farms.faostat-wcad.holdings-by-land-size,LSO,1969/1970,62002.0,,,,final,"WCA 1970 round, census 1969/70. FAO flag I: Value imputed by a receiving agency.",,,2-5
farms.faostat-wcad.holdings-by-land-size,LSO,1989/1990,46800.0,,,,final,"WCA 1990 round, census 1989/90. FAO flag A: Official figure.",,,2-5
farms.faostat-wcad.holdings-by-land-size,LSO,1999/2000,5817.0,,,,final,"WCA 2000 round, census 1999/00. FAO flag A: Official figure. FAO's note: Area planted",,,2-5
farms.faostat-wcad.holdings-by-land-size,LSO,2019/2020,14149.0,,,,final,"WCA 2020 round, census 2019/20. FAO flag A: Official figure. FAO's note: Excludes households producing livestock only.",,,2-5
farms.faostat-wcad.holdings-by-land-size,LSO,1960,9146.0,,,,final,"WCA 1960 round, census 1960. FAO flag A: Official figure.",,,5-10
farms.faostat-wcad.holdings-by-land-size,LSO,1969/1970,9574.0,,,,final,"WCA 1970 round, census 1969/70. FAO flag I: Value imputed by a receiving agency.",,,5-10
farms.faostat-wcad.holdings-by-land-size,LSO,1989/1990,8100.0,,,,final,"WCA 1990 round, census 1989/90. FAO flag A: Official figure.",,,5-10
farms.faostat-wcad.holdings-by-land-size,LSO,1960,1227.0,,,,final,"WCA 1960 round, census 1960. FAO flag A: Official figure.",,,10-20
farms.faostat-wcad.holdings-by-land-size,LSO,1960,140.0,,,,final,"WCA 1960 round, census 1960. FAO flag A: Official figure.",,,20-50
farms.faostat-wcad.holdings-by-land-size,LTU,1930,21290.0,,,,final,"WCA 1930 round, census 1930. FAO flag A: Official figure.",,,0-1
farms.faostat-wcad.holdings-by-land-size,LTU,2003,418.0,,,,final,"WCA 2000 round, census 2003. FAO flag A: Official figure. FAO's note: Holdings 1 ha and more",,,0-1
farms.faostat-wcad.holdings-by-land-size,LTU,2010,16417.0,,,,final,"WCA 2010 round, census 2010. FAO flag I: Value imputed by a receiving agency. FAO's note: UAA",,,0-1
farms.faostat-wcad.holdings-by-land-size,LTU,2020,7909.0,,,,final,"WCA 2020 round, census 2020. FAO flag I: Value imputed by a receiving agency. FAO's note: UAA",,,0-1
farms.faostat-wcad.holdings-by-land-size,LTU,1930,13797.0,,,,final,"WCA 1930 round, census 1930. FAO flag A: Official figure.",,,1-2
farms.faostat-wcad.holdings-by-land-size,LTU,2003,21628.0,,,,final,"WCA 2000 round, census 2003. FAO flag A: Official figure. FAO's note: Holdings 1 ha and more",,,1-2
farms.faostat-wcad.holdings-by-land-size,LTU,2010,32310.0,,,,final,"WCA 2010 round, census 2010. FAO flag A: Official figure. FAO's note: UAA",,,1-2
farms.faostat-wcad.holdings-by-land-size,LTU,2020,16101.0,,,,final,"WCA 2020 round, census 2020. FAO flag I: Value imputed by a receiving agency. FAO's note: UAA",,,1-2
farms.faostat-wcad.holdings-by-land-size,LTU,2010,28754.0,,,,final,"WCA 2010 round, census 2010. FAO flag I: Value imputed by a receiving agency. FAO's note: UAA",,,2-3
farms.faostat-wcad.holdings-by-land-size,LTU,2020,13748.0,,,,final,"WCA 2020 round, census 2020. FAO flag I: Value imputed by a receiving agency. FAO's note: UAA",,,2-3
farms.faostat-wcad.holdings-by-land-size,LTU,2010,28607.0,,,,final,"WCA 2010 round, census 2010. FAO flag I: Value imputed by a receiving agency. FAO's note: UAA",,,3-4
farms.faostat-wcad.holdings-by-land-size,LTU,2020,13678.0,,,,final,"WCA 2020 round, census 2020. FAO flag I: Value imputed by a receiving agency. FAO's note: UAA",,,3-4
farms.faostat-wcad.holdings-by-land-size,LTU,2010,27470.0,,,,final,"WCA 2010 round, census 2010. FAO flag I: Value imputed by a receiving agency. FAO's note: UAA",,,4-5
farms.faostat-wcad.holdings-by-land-size,LTU,2020,13134.0,,,,final,"WCA 2020 round, census 2020. FAO flag I: Value imputed by a receiving agency. FAO's note: UAA",,,4-5
farms.faostat-wcad.holdings-by-land-size,LTU,1930,39666.0,,,,final,"WCA 1930 round, census 1930. FAO flag A: Official figure.",,,2-5
farms.faostat-wcad.holdings-by-land-size,LTU,2003,131304.0,,,,final,"WCA 2000 round, census 2003. FAO flag A: Official figure. FAO's note: Holdings 1 ha and more",,,2-5
farms.faostat-wcad.holdings-by-land-size,LTU,1930,78237.0,,,,final,"WCA 1930 round, census 1930. FAO flag A: Official figure.",,,5-10
farms.faostat-wcad.holdings-by-land-size,LTU,2003,64038.0,,,,final,"WCA 2000 round, census 2003. FAO flag A: Official figure. FAO's note: Holdings 1 ha and more",,,5-10
farms.faostat-wcad.holdings-by-land-size,LTU,2010,39900.0,,,,final,"WCA 2010 round, census 2010. FAO flag A: Official figure. FAO's note: UAA",,,5-10
farms.faostat-wcad.holdings-by-land-size,LTU,2020,26290.0,,,,final,"WCA 2020 round, census 2020. FAO flag A: Official figure. FAO's note: UAA",,,5-10
farms.faostat-wcad.holdings-by-land-size,LTU,1930,92808.0,,,,final,"WCA 1930 round, census 1930. FAO flag A: Official figure.",,,10-20
farms.faostat-wcad.holdings-by-land-size,LTU,2003,38081.0,,,,final,"WCA 2000 round, census 2003. FAO flag A: Official figure. FAO's note: Holdings 1 ha and more",,,10-20
farms.faostat-wcad.holdings-by-land-size,LTU,2010,21470.0,,,,final,"WCA 2010 round, census 2010. FAO flag A: Official figure. FAO's note: UAA",,,10-20
farms.faostat-wcad.holdings-by-land-size,LTU,2020,17070.0,,,,final,"WCA 2020 round, census 2020. FAO flag A: Official figure. FAO's note: UAA",,,10-20
farms.faostat-wcad.holdings-by-land-size,LTU,1930,54794.0,,,,final,"WCA 1930 round, census 1930. FAO flag A: Official figure.",,,20-50
farms.faostat-wcad.holdings-by-land-size,LTU,2003,17224.0,,,,final,"WCA 2000 round, census 2003. FAO flag A: Official figure. FAO's note: Holdings 1 ha and more",,,20-50
farms.faostat-wcad.holdings-by-land-size,LTU,2010,12510.0,,,,final,"WCA 2010 round, census 2010. FAO flag A: Official figure. FAO's note: UAA",,,20-50
farms.faostat-wcad.holdings-by-land-size,LTU,2020,11260.0,,,,final,"WCA 2020 round, census 2020. FAO flag A: Official figure. FAO's note: UAA",,,20-50
farms.faostat-wcad.holdings-by-land-size,LTU,1930,6476.0,,,,final,"WCA 1930 round, census 1930. FAO flag A: Official figure.",,,50-100
farms.faostat-wcad.holdings-by-land-size,LTU,2003,3593.0,,,,final,"WCA 2000 round, census 2003. FAO flag A: Official figure. FAO's note: Holdings 1 ha and more",,,50-100
farms.faostat-wcad.holdings-by-land-size,LTU,2010,4830.0,,,,final,"WCA 2010 round, census 2010. FAO flag A: Official figure. FAO's note: UAA",,,50-100
farms.faostat-wcad.holdings-by-land-size,LTU,2020,5420.0,,,,final,"WCA 2020 round, census 2020. FAO flag A: Official figure. FAO's note: UAA",,,50-100
farms.faostat-wcad.holdings-by-land-size,LTU,1930,1285.0,,,,final,"WCA 1930 round, census 1930. FAO flag A: Official figure.",,,100-200
farms.faostat-wcad.holdings-by-land-size,LTU,2003,1351.0,,,,final,"WCA 2000 round, census 2003. FAO flag A: Official figure. FAO's note: Holdings 1 ha and more",,,100-200
farms.faostat-wcad.holdings-by-land-size,LTU,2010,3800.0,,,,final,"WCA 2010 round, census 2010. FAO flag A: Official figure. FAO's note: UAA",,,100-200
farms.faostat-wcad.holdings-by-land-size,LTU,2020,5790.0,,,,final,"WCA 2020 round, census 2020. FAO flag A: Official figure. FAO's note: UAA",,,100-200
farms.faostat-wcad.holdings-by-land-size,LTU,1930,317.0,,,,final,"WCA 1930 round, census 1930. FAO flag A: Official figure.",,,200-500
farms.faostat-wcad.holdings-by-land-size,LTU,2003,617.0,,,,final,"WCA 2000 round, census 2003. FAO flag A: Official figure. FAO's note: Holdings 1 ha and more",,,200-500
farms.faostat-wcad.holdings-by-land-size,LTU,2003,309.0,,,,final,"WCA 2000 round, census 2003. FAO flag A: Official figure. FAO's note: Holdings 1 ha and more",,,500-1000
farms.faostat-wcad.holdings-by-land-size,LUX,1950,14811.0,,,,final,"WCA 1950 round, census 1950. FAO flag A: Official figure. FAO's note: Includes 3 167 holdings without agricultural land",,,0-1
farms.faostat-wcad.holdings-by-land-size,LUX,1970,669.0,,,,final,"WCA 1970 round, census 1970. FAO flag A: Official figure. FAO's note: This class includes information on 20 holdings without land",,,0-1
farms.faostat-wcad.holdings-by-land-size,LUX,1980,476.0,,,,final,"WCA 1980 round, census 1980. FAO flag A: Official figure.",,,0-1
farms.faostat-wcad.holdings-by-land-size,LUX,1990,326.0,,,,final,"WCA 1990 round, census 1990. FAO flag A: Official figure. FAO's note: Agricultural area",,,0-1
farms.faostat-wcad.holdings-by-land-size,LUX,2010,66.0,,,,final,"WCA 2010 round, census 2010. FAO flag I: Value imputed by a receiving agency. FAO's note: UAA",,,0-1
farms.faostat-wcad.holdings-by-land-size,LUX,2020,46.0,,,,final,"WCA 2020 round, census 2020. FAO flag I: Value imputed by a receiving agency. FAO's note: UAA",,,0-1
farms.faostat-wcad.holdings-by-land-size,LUX,1950,1609.0,,,,final,"WCA 1950 round, census 1950. FAO flag I: Value imputed by a receiving agency.",,,1-2
farms.faostat-wcad.holdings-by-land-size,LUX,1970,506.0,,,,final,"WCA 1970 round, census 1970. FAO flag A: Official figure.",,,1-2
farms.faostat-wcad.holdings-by-land-size,LUX,1980,331.0,,,,final,"WCA 1980 round, census 1980. FAO flag A: Official figure.",,,1-2
farms.faostat-wcad.holdings-by-land-size,LUX,1990,197.0,,,,final,"WCA 1990 round, census 1990. FAO flag A: Official figure. FAO's note: Agricultural area",,,1-2
farms.faostat-wcad.holdings-by-land-size,LUX,1999/2000,350.0,,,,final,"WCA 2000 round, census 1999/00. FAO flag A: Official figure. FAO's note: Agricultural area. < 2 ha",,,1-2
farms.faostat-wcad.holdings-by-land-size,LUX,2010,134.0,,,,final,"WCA 2010 round, census 2010. FAO flag I: Value imputed by a receiving agency. FAO's note: UAA",,,1-2
farms.faostat-wcad.holdings-by-land-size,LUX,2020,94.0,,,,final,"WCA 2020 round, census 2020. FAO flag I: Value imputed by a receiving agency. FAO's note: UAA",,,1-2
farms.faostat-wcad.holdings-by-land-size,LUX,2010,54.0,,,,final,"WCA 2010 round, census 2010. FAO flag I: Value imputed by a receiving agency. FAO's note: UAA",,,2-3
farms.faostat-wcad.holdings-by-land-size,LUX,2020,41.0,,,,final,"WCA 2020 round, census 2020. FAO flag I: Value imputed by a receiving agency. FAO's note: UAA",,,2-3
farms.faostat-wcad.holdings-by-land-size,LUX,2010,54.0,,,,final,"WCA 2010 round, census 2010. FAO flag I: Value imputed by a receiving agency. FAO's note: UAA",,,3-4
farms.faostat-wcad.holdings-by-land-size,LUX,2020,40.0,,,,final,"WCA 2020 round, census 2020. FAO flag I: Value imputed by a receiving agency. FAO's note: UAA",,,3-4
farms.faostat-wcad.holdings-by-land-size,LUX,2010,52.0,,,,final,"WCA 2010 round, census 2010. FAO flag I: Value imputed by a receiving agency. FAO's note: UAA",,,4-5
farms.faostat-wcad.holdings-by-land-size,LUX,2020,39.0,,,,final,"WCA 2020 round, census 2020. FAO flag I: Value imputed by a receiving agency. FAO's note: UAA",,,4-5
farms.faostat-wcad.holdings-by-land-size,LUX,1950,3923.0,,,,final,"WCA 1950 round, census 1950. FAO flag I: Value imputed by a receiving agency.",,,2-5
farms.faostat-wcad.holdings-by-land-size,LUX,1970,975.0,,,,final,"WCA 1970 round, census 1970. FAO flag A: Official figure.",,,2-5
farms.faostat-wcad.holdings-by-land-size,LUX,1980,580.0,,,,final,"WCA 1980 round, census 1980. FAO flag A: Official figure.",,,2-5
farms.faostat-wcad.holdings-by-land-size,LUX,1990,465.0,,,,final,"WCA 1990 round, census 1990. FAO flag A: Official figure. FAO's note: Agricultural area",,,2-5
farms.faostat-wcad.holdings-by-land-size,LUX,1999/2000,280.0,,,,final,"WCA 2000 round, census 1999/00. FAO flag A: Official figure. FAO's note: Agricultural area",,,2-5
farms.faostat-wcad.holdings-by-land-size,LUX,1950,2844.0,,,,final,"WCA 1950 round, census 1950. FAO flag A: Official figure.",,,5-10
farms.faostat-wcad.holdings-by-land-size,LUX,1970,994.0,,,,final,"WCA 1970 round, census 1970. FAO flag A: Official figure.",,,5-10
farms.faostat-wcad.holdings-by-land-size,LUX,1980,513.0,,,,final,"WCA 1980 round, census 1980. FAO flag A: Official figure.",,,5-10
farms.faostat-wcad.holdings-by-land-size,LUX,1990,319.0,,,,final,"WCA 1990 round, census 1990. FAO flag A: Official figure. FAO's note: Agricultural area",,,5-10
farms.faostat-wcad.holdings-by-land-size,LUX,1999/2000,270.0,,,,final,"WCA 2000 round, census 1999/00. FAO flag A: Official figure. FAO's note: Agricultural area",,,5-10
farms.faostat-wcad.holdings-by-land-size,LUX,2010,220.0,,,,final,"WCA 2010 round, census 2010. FAO flag A: Official figure. FAO's note: UAA",,,5-10
farms.faostat-wcad.holdings-by-land-size,LUX,2020,160.0,,,,final,"WCA 2020 round, census 2020. FAO flag A: Official figure. FAO's note: UAA",,,5-10
farms.faostat-wcad.holdings-by-land-size,LUX,1950,3270.0,,,,final,"WCA 1950 round, census 1950. FAO flag A: Official figure.",,,10-20
farms.faostat-wcad.holdings-by-land-size,LUX,1970,1547.0,,,,final,"WCA 1970 round, census 1970. FAO flag A: Official figure.",,,10-20
farms.faostat-wcad.holdings-by-land-size,LUX,1980,679.0,,,,final,"WCA 1980 round, census 1980. FAO flag A: Official figure.",,,10-20
farms.faostat-wcad.holdings-by-land-size,LUX,1990,388.0,,,,final,"WCA 1990 round, census 1990. FAO flag A: Official figure. FAO's note: Agricultural area",,,10-20
farms.faostat-wcad.holdings-by-land-size,LUX,1999/2000,210.0,,,,final,"WCA 2000 round, census 1999/00. FAO flag A: Official figure. FAO's note: Agricultural area",,,10-20
farms.faostat-wcad.holdings-by-land-size,LUX,2010,170.0,,,,final,"WCA 2010 round, census 2010. FAO flag A: Official figure. FAO's note: UAA",,,10-20
farms.faostat-wcad.holdings-by-land-size,LUX,2020,160.0,,,,final,"WCA 2020 round, census 2020. FAO flag A: Official figure. FAO's note: UAA",,,10-20
farms.faostat-wcad.holdings-by-land-size,LUX,1950,1792.0,,,,final,"WCA 1950 round, census 1950. FAO flag A: Official figure.",,,20-50
farms.faostat-wcad.holdings-by-land-size,LUX,1970,2619.0,,,,final,"WCA 1970 round, census 1970. FAO flag A: Official figure.",,,20-50
farms.faostat-wcad.holdings-by-land-size,LUX,1980,1807.0,,,,final,"WCA 1980 round, census 1980. FAO flag A: Official figure.",,,20-50
farms.faostat-wcad.holdings-by-land-size,LUX,1990,992.0,,,,final,"WCA 1990 round, census 1990. FAO flag A: Official figure. FAO's note: Agricultural area",,,20-50
farms.faostat-wcad.holdings-by-land-size,LUX,1999/2000,530.0,,,,final,"WCA 2000 round, census 1999/00. FAO flag A: Official figure. FAO's note: Agricultural area",,,20-50
farms.faostat-wcad.holdings-by-land-size,LUX,2010,360.0,,,,final,"WCA 2010 round, census 2010. FAO flag A: Official figure. FAO's note: UAA",,,20-50
farms.faostat-wcad.holdings-by-land-size,LUX,2020,270.0,,,,final,"WCA 2020 round, census 2020. FAO flag A: Official figure. FAO's note: UAA",,,20-50
farms.faostat-wcad.holdings-by-land-size,LUX,1950,131.0,,,,final,"WCA 1950 round, census 1950. FAO flag A: Official figure.",,,50-100
farms.faostat-wcad.holdings-by-land-size,LUX,1970,298.0,,,,final,"WCA 1970 round, census 1970. FAO flag A: Official figure.",,,50-100
farms.faostat-wcad.holdings-by-land-size,LUX,1980,744.0,,,,final,"WCA 1980 round, census 1980. FAO flag A: Official figure.",,,50-100
farms.faostat-wcad.holdings-by-land-size,LUX,1990,1010.0,,,,final,"WCA 1990 round, census 1990. FAO flag A: Official figure. FAO's note: Agricultural area",,,50-100
farms.faostat-wcad.holdings-by-land-size,LUX,1999/2000,900.0,,,,final,"WCA 2000 round, census 1999/00. FAO flag A: Official figure. FAO's note: Agricultural area",,,50-100
farms.faostat-wcad.holdings-by-land-size,LUX,2010,640.0,,,,final,"WCA 2010 round, census 2010. FAO flag A: Official figure. FAO's note: UAA",,,50-100
farms.faostat-wcad.holdings-by-land-size,LUX,2020,470.0,,,,final,"WCA 2020 round, census 2020. FAO flag A: Official figure. FAO's note: UAA",,,50-100
farms.faostat-wcad.holdings-by-land-size,LUX,1950,9.0,,,,final,"WCA 1950 round, census 1950. FAO flag A: Official figure.",,,100-200
farms.faostat-wcad.holdings-by-land-size,LUX,1980,43.0,,,,final,"WCA 1980 round, census 1980. FAO flag A: Official figure.",,,100-200
farms.faostat-wcad.holdings-by-land-size,LUX,1990,106.0,,,,final,"WCA 1990 round, census 1990. FAO flag A: Official figure. FAO's note: Agricultural area",,,100-200
farms.faostat-wcad.holdings-by-land-size,LUX,1999/2000,270.0,,,,final,"WCA 2000 round, census 1999/00. FAO flag A: Official figure. FAO's note: Agricultural area",,,100-200
farms.faostat-wcad.holdings-by-land-size,LUX,2010,440.0,,,,final,"WCA 2010 round, census 2010. FAO flag A: Official figure. FAO's note: UAA",,,100-200
farms.faostat-wcad.holdings-by-land-size,LUX,2020,520.0,,,,final,"WCA 2020 round, census 2020. FAO flag A: Official figure. FAO's note: UAA",,,100-200
farms.faostat-wcad.holdings-by-land-size,LVA,1929,37962.0,,,,final,"WCA 1930 round, census 1929. FAO flag A: Official figure.",,,0-1
farms.faostat-wcad.holdings-by-land-size,LVA,2001,62.0,,,,final,"WCA 2000 round, census 2001. FAO flag A: Official figure.",,,0-1
farms.faostat-wcad.holdings-by-land-size,LVA,2010,5117.0,,,,final,"WCA 2010 round, census 2010. FAO flag I: Value imputed by a receiving agency. FAO's note: UAA",,,0-1
farms.faostat-wcad.holdings-by-land-size,LVA,2020,4543.0,,,,final,"WCA 2020 round, census 2020. FAO flag I: Value imputed by a receiving agency. FAO's note: UAA",,,0-1
farms.faostat-wcad.holdings-by-land-size,LVA,1929,12141.0,,,,final,"WCA 1930 round, census 1929. FAO flag A: Official figure.",,,1-2
farms.faostat-wcad.holdings-by-land-size,LVA,2001,11060.0,,,,final,"WCA 2000 round, census 2001. FAO flag A: Official figure.",,,1-2
farms.faostat-wcad.holdings-by-land-size,LVA,2010,9590.0,,,,final,"WCA 2010 round, census 2010. FAO flag A: Official figure. FAO's note: UAA",,,1-2
farms.faostat-wcad.holdings-by-land-size,LVA,2020,9247.0,,,,final,"WCA 2020 round, census 2020. FAO flag I: Value imputed by a receiving agency. FAO's note: UAA",,,1-2
farms.faostat-wcad.holdings-by-land-size,LVA,2010,6233.0,,,,final,"WCA 2010 round, census 2010. FAO flag I: Value imputed by a receiving agency. FAO's note: UAA",,,2-3
farms.faostat-wcad.holdings-by-land-size,LVA,2020,5722.0,,,,final,"WCA 2020 round, census 2020. FAO flag I: Value imputed by a receiving agency. FAO's note: UAA",,,2-3
farms.faostat-wcad.holdings-by-land-size,LVA,2010,6202.0,,,,final,"WCA 2010 round, census 2010. FAO flag I: Value imputed by a receiving agency. FAO's note: UAA",,,3-4
farms.faostat-wcad.holdings-by-land-size,LVA,2020,5692.0,,,,final,"WCA 2020 round, census 2020. FAO flag I: Value imputed by a receiving agency. FAO's note: UAA",,,3-4
farms.faostat-wcad.holdings-by-land-size,LVA,2010,5955.0,,,,final,"WCA 2010 round, census 2010. FAO flag I: Value imputed by a receiving agency. FAO's note: UAA",,,4-5
farms.faostat-wcad.holdings-by-land-size,LVA,2020,5466.0,,,,final,"WCA 2020 round, census 2020. FAO flag I: Value imputed by a receiving agency. FAO's note: UAA",,,4-5
farms.faostat-wcad.holdings-by-land-size,LVA,1929,23188.0,,,,final,"WCA 1930 round, census 1929. FAO flag A: Official figure.",,,2-5
farms.faostat-wcad.holdings-by-land-size,LVA,2001,35630.0,,,,final,"WCA 2000 round, census 2001. FAO flag A: Official figure.",,,2-5
farms.faostat-wcad.holdings-by-land-size,LVA,1929,43814.0,,,,final,"WCA 1930 round, census 1929. FAO flag A: Official figure.",,,5-10
farms.faostat-wcad.holdings-by-land-size,LVA,2001,39967.0,,,,final,"WCA 2000 round, census 2001. FAO flag A: Official figure.",,,5-10
farms.faostat-wcad.holdings-by-land-size,LVA,2010,22660.0,,,,final,"WCA 2010 round, census 2010. FAO flag A: Official figure. FAO's note: UAA",,,5-10
farms.faostat-wcad.holdings-by-land-size,LVA,2020,13190.0,,,,final,"WCA 2020 round, census 2020. FAO flag A: Official figure. FAO's note: UAA",,,5-10
farms.faostat-wcad.holdings-by-land-size,LVA,1929,72745.0,,,,final,"WCA 1930 round, census 1929. FAO flag A: Official figure.",,,10-20
farms.faostat-wcad.holdings-by-land-size,LVA,2001,43777.0,,,,final,"WCA 2000 round, census 2001. FAO flag A: Official figure.",,,10-20
farms.faostat-wcad.holdings-by-land-size,LVA,2010,17490.0,,,,final,"WCA 2010 round, census 2010. FAO flag A: Official figure. FAO's note: UAA",,,10-20
farms.faostat-wcad.holdings-by-land-size,LVA,2020,9910.0,,,,final,"WCA 2020 round, census 2020. FAO flag A: Official figure. FAO's note: UAA",,,10-20
farms.faostat-wcad.holdings-by-land-size,LVA,1929,56712.0,,,,final,"WCA 1930 round, census 1929. FAO flag A: Official figure.",,,20-50
farms.faostat-wcad.holdings-by-land-size,LVA,2001,36697.0,,,,final,"WCA 2000 round, census 2001. FAO flag A: Official figure.",,,20-50
farms.faostat-wcad.holdings-by-land-size,LVA,2010,9620.0,,,,final,"WCA 2010 round, census 2010. FAO flag A: Official figure. FAO's note: UAA",,,20-50
farms.faostat-wcad.holdings-by-land-size,LVA,2020,6950.0,,,,final,"WCA 2020 round, census 2020. FAO flag A: Official figure. FAO's note: UAA",,,20-50
farms.faostat-wcad.holdings-by-land-size,LVA,1929,14886.0,,,,final,"WCA 1930 round, census 1929. FAO flag A: Official figure.",,,50-100
farms.faostat-wcad.holdings-by-land-size,LVA,2001,9631.0,,,,final,"WCA 2000 round, census 2001. FAO flag A: Official figure.",,,50-100
farms.faostat-wcad.holdings-by-land-size,LVA,2010,2740.0,,,,final,"WCA 2010 round, census 2010. FAO flag A: Official figure. FAO's note: UAA",,,50-100
farms.faostat-wcad.holdings-by-land-size,LVA,2020,2800.0,,,,final,"WCA 2020 round, census 2020. FAO flag A: Official figure. FAO's note: UAA",,,50-100
farms.faostat-wcad.holdings-by-land-size,LVA,1929,1184.0,,,,final,"WCA 1930 round, census 1929. FAO flag A: Official figure.",,,100-200
farms.faostat-wcad.holdings-by-land-size,LVA,2001,2520.0,,,,final,"WCA 2000 round, census 2001. FAO flag A: Official figure.",,,100-200
farms.faostat-wcad.holdings-by-land-size,LVA,2010,2570.0,,,,final,"WCA 2010 round, census 2010. FAO flag A: Official figure. FAO's note: UAA",,,100-200
farms.faostat-wcad.holdings-by-land-size,LVA,2020,3740.0,,,,final,"WCA 2020 round, census 2020. FAO flag A: Official figure. FAO's note: UAA",,,100-200
farms.faostat-wcad.holdings-by-land-size,LVA,2001,689.0,,,,final,"WCA 2000 round, census 2001. FAO flag A: Official figure.",,,200-500
farms.faostat-wcad.holdings-by-land-size,LVA,2001,230.0,,,,final,"WCA 2000 round, census 2001. FAO flag A: Official figure.",,,500-1000
farms.faostat-wcad.holdings-by-land-size,MAR,1962,446412.0,,,,final,"WCA 1960 round, census 1962. FAO flag A: Official figure.",,,0-1
farms.faostat-wcad.holdings-by-land-size,MAR,1996,380039.0,,,,final,"WCA 2000 round, census 1996. FAO flag I: Value imputed by a receiving agency. FAO's note: Agricultural area.",,,0-1
farms.faostat-wcad.holdings-by-land-size,MAR,1962,233627.0,,,,final,"WCA 1960 round, census 1962. FAO flag A: Official figure.",,,1-2
farms.faostat-wcad.holdings-by-land-size,MAR,1996,272412.0,,,,final,"WCA 2000 round, census 1996. FAO flag I: Value imputed by a receiving agency. FAO's note: Agricultural area.",,,1-2
farms.faostat-wcad.holdings-by-land-size,MAR,1962,260711.0,,,,final,"WCA 1960 round, census 1962. FAO flag A: Official figure.",,,2-5
farms.faostat-wcad.holdings-by-land-size,MAR,1996,411967.0,,,,final,"WCA 2000 round, census 1996. FAO flag I: Value imputed by a receiving agency. FAO's note: Agricultural area.",,,2-5
farms.faostat-wcad.holdings-by-land-size,MAR,1962,110239.0,,,,final,"WCA 1960 round, census 1962. FAO flag A: Official figure.",,,5-10
farms.faostat-wcad.holdings-by-land-size,MAR,1996,247766.0,,,,final,"WCA 2000 round, census 1996. FAO flag A: Official figure. FAO's note: Agricultural area",,,5-10
farms.faostat-wcad.holdings-by-land-size,MAR,1962,40916.0,,,,final,"WCA 1960 round, census 1962. FAO flag A: Official figure.",,,10-20
farms.faostat-wcad.holdings-by-land-size,MAR,1996,125169.0,,,,final,"WCA 2000 round, census 1996. FAO flag A: Official figure. FAO's note: Agricultural area",,,10-20
farms.faostat-wcad.holdings-by-land-size,MAR,1962,14860.0,,,,final,"WCA 1960 round, census 1962. FAO flag A: Official figure.",,,20-50
farms.faostat-wcad.holdings-by-land-size,MAR,1996,47985.0,,,,final,"WCA 2000 round, census 1996. FAO flag A: Official figure. FAO's note: Agricultural area",,,20-50
farms.faostat-wcad.holdings-by-land-size,MAR,1996,7829.0,,,,final,"WCA 2000 round, census 1996. FAO flag A: Official figure. FAO's note: Agricultural area",,,50-100
farms.faostat-wcad.holdings-by-land-size,MAR,1996,3182.0,,,,final,"WCA 2000 round, census 1996. FAO flag A: Official figure. FAO's note: Agricultural area",,,100-200
farms.faostat-wcad.holdings-by-land-size,MDA,2011,640438.0,,,,final,"WCA 2010 round, census 2011. FAO flag A: Official figure.",,,0-1
farms.faostat-wcad.holdings-by-land-size,MDA,2011,139162.0,,,,final,"WCA 2010 round, census 2011. FAO flag A: Official figure.",,,1-2
farms.faostat-wcad.holdings-by-land-size,MDA,2011,64482.0,,,,final,"WCA 2010 round, census 2011. FAO flag A: Official figure.",,,2-3
farms.faostat-wcad.holdings-by-land-size,MDA,2011,28581.0,,,,final,"WCA 2010 round, census 2011. FAO flag A: Official figure.",,,3-4
farms.faostat-wcad.holdings-by-land-size,MDA,2011,11933.0,,,,final,"WCA 2010 round, census 2011. FAO flag A: Official figure.",,,4-5
farms.faostat-wcad.holdings-by-land-size,MDA,2011,11509.0,,,,final,"WCA 2010 round, census 2011. FAO flag A: Official figure.",,,5-10
farms.faostat-wcad.holdings-by-land-size,MDA,2011,1868.0,,,,final,"WCA 2010 round, census 2011. FAO flag A: Official figure.",,,10-20
farms.faostat-wcad.holdings-by-land-size,MDA,2011,1212.0,,,,final,"WCA 2010 round, census 2011. FAO flag A: Official figure.",,,20-50
farms.faostat-wcad.holdings-by-land-size,MDA,2011,617.0,,,,final,"WCA 2010 round, census 2011. FAO flag A: Official figure.",,,50-100
farms.faostat-wcad.holdings-by-land-size,MDA,2011,621.0,,,,final,"WCA 2010 round, census 2011. FAO flag A: Official figure.",,,100-200
farms.faostat-wcad.holdings-by-land-size,MDA,2011,963.0,,,,final,"WCA 2010 round, census 2011. FAO flag A: Official figure.",,,200-500
farms.faostat-wcad.holdings-by-land-size,MDA,2011,550.0,,,,final,"WCA 2010 round, census 2011. FAO flag A: Official figure.",,,500-1000
farms.faostat-wcad.holdings-by-land-size,MDA,2011,278.0,,,,final,"WCA 2010 round, census 2011. FAO flag A: Official figure.",,,1000-2500
farms.faostat-wcad.holdings-by-land-size,MDG,1961/1962,560070.0,,,,final,"WCA 1960 round, census 1961/62. FAO flag A: Official figure.",,,0-1
farms.faostat-wcad.holdings-by-land-size,MDG,1984/1985,1.0,,,,final,"WCA 1980 round, census 1984/85. FAO flag I: Value imputed by a receiving agency. FAO's note: MODERN SECTOR.",,,0-1
farms.faostat-wcad.holdings-by-land-size,MDG,1961/1962,218730.0,,,,final,"WCA 1960 round, census 1961/62. FAO flag A: Official figure.",,,1-2
farms.faostat-wcad.holdings-by-land-size,MDG,1984/1985,2.0,,,,final,"WCA 1980 round, census 1984/85. FAO flag I: Value imputed by a receiving agency. FAO's note: MODERN SECTOR.",,,1-2
farms.faostat-wcad.holdings-by-land-size,MDG,1961/1962,94380.0,,,,final,"WCA 1960 round, census 1961/62. FAO flag A: Official figure.",,,2-5
farms.faostat-wcad.holdings-by-land-size,MDG,1984/1985,7.0,,,,final,"WCA 1980 round, census 1984/85. FAO flag I: Value imputed by a receiving agency. FAO's note: MODERN SECTOR.",,,2-5
farms.faostat-wcad.holdings-by-land-size,MDG,1961/1962,8820.0,,,,final,"WCA 1960 round, census 1961/62. FAO flag A: Official figure.",,,5-10
farms.faostat-wcad.holdings-by-land-size,MDG,1984/1985,12.0,,,,final,"WCA 1980 round, census 1984/85. FAO flag I: Value imputed by a receiving agency. FAO's note: MODERN SECTOR.",,,5-10
farms.faostat-wcad.holdings-by-land-size,MDG,1984/1985,226.0,,,,final,"WCA 1980 round, census 1984/85. FAO flag A: Official figure. FAO's note: MODERN SECTOR",,,10-20
farms.faostat-wcad.holdings-by-land-size,MDG,1984/1985,213.0,,,,final,"WCA 1980 round, census 1984/85. FAO flag A: Official figure. FAO's note: MODERN SECTOR",,,20-50
farms.faostat-wcad.holdings-by-land-size,MDG,1984/1985,119.0,,,,final,"WCA 1980 round, census 1984/85. FAO flag A: Official figure. FAO's note: MODERN SECTOR",,,50-100
farms.faostat-wcad.holdings-by-land-size,MDG,1984/1985,53.0,,,,final,"WCA 1980 round, census 1984/85. FAO flag A: Official figure. FAO's note: MODERN SECTOR",,,100-200
farms.faostat-wcad.holdings-by-land-size,MDG,1984/1985,47.0,,,,final,"WCA 1980 round, census 1984/85. FAO flag A: Official figure. FAO's note: MODERN SECTOR",,,200-500
farms.faostat-wcad.holdings-by-land-size,MDG,1984/1985,15.0,,,,final,"WCA 1980 round, census 1984/85. FAO flag A: Official figure. FAO's note: MODERN SECTOR",,,500-1000
farms.faostat-wcad.holdings-by-land-size,MDG,1984/1985,23.0,,,,final,"WCA 1980 round, census 1984/85. FAO flag A: Official figure. FAO's note: MODERN SECTOR",,,1000-plus
farms.faostat-wcad.holdings-by-land-size,MEX,1930,244108.0,,,,final,"WCA 1930 round, census 1930. FAO flag A: Official figure.",,,0-1
farms.faostat-wcad.holdings-by-land-size,MEX,1960,409953.0,,,,final,"WCA 1960 round, census 1960. FAO flag A: Official figure.",,,0-1
farms.faostat-wcad.holdings-by-land-size,MEX,1970,234558.0,,,,final,"WCA 1970 round, census 1970. FAO flag I: Value imputed by a receiving agency.",,,0-1
farms.faostat-wcad.holdings-by-land-size,MEX,2007,1224661.0,,,,final,"WCA 2010 round, census 2007. FAO flag I: Value imputed by a receiving agency.",,,0-1
farms.faostat-wcad.holdings-by-land-size,MEX,2022,960777.0,,,,final,"WCA 2020 round, census 2022. FAO flag A: Official figure.",,,0-1
farms.faostat-wcad.holdings-by-land-size,MEX,1930,89209.0,,,,final,"WCA 1930 round, census 1930. FAO flag I: Value imputed by a receiving agency.",,,1-2
farms.faostat-wcad.holdings-by-land-size,MEX,1960,171540.0,,,,final,"WCA 1960 round, census 1960. FAO flag A: Official figure.",,,1-2
farms.faostat-wcad.holdings-by-land-size,MEX,1970,97597.0,,,,final,"WCA 1970 round, census 1970. FAO flag I: Value imputed by a receiving agency.",,,1-2
farms.faostat-wcad.holdings-by-land-size,MEX,2007,572089.0,,,,final,"WCA 2010 round, census 2007. FAO flag I: Value imputed by a receiving agency.",,,1-2
farms.faostat-wcad.holdings-by-land-size,MEX,2022,891829.0,,,,final,"WCA 2020 round, census 2022. FAO flag A: Official figure.",,,1-2
farms.faostat-wcad.holdings-by-land-size,MEX,2007,388458.0,,,,final,"WCA 2010 round, census 2007. FAO flag I: Value imputed by a receiving agency.",,,2-3
farms.faostat-wcad.holdings-by-land-size,MEX,2007,311333.0,,,,final,"WCA 2010 round, census 2007. FAO flag I: Value imputed by a receiving agency.",,,3-4
farms.faostat-wcad.holdings-by-land-size,MEX,2007,262396.0,,,,final,"WCA 2010 round, census 2007. FAO flag I: Value imputed by a receiving agency.",,,4-5
farms.faostat-wcad.holdings-by-land-size,MEX,1930,192971.0,,,,final,"WCA 1930 round, census 1930. FAO flag I: Value imputed by a receiving agency.",,,2-5
farms.faostat-wcad.holdings-by-land-size,MEX,1960,317615.0,,,,final,"WCA 1960 round, census 1960. FAO flag A: Official figure.",,,2-5
farms.faostat-wcad.holdings-by-land-size,MEX,1970,184631.0,,,,final,"WCA 1970 round, census 1970. FAO flag I: Value imputed by a receiving agency.",,,2-5
farms.faostat-wcad.holdings-by-land-size,MEX,2022,1300899.0,,,,final,"WCA 2020 round, census 2022. FAO flag A: Official figure.",,,2-5
farms.faostat-wcad.holdings-by-land-size,MEX,1930,115723.0,,,,final,"WCA 1930 round, census 1930. FAO flag I: Value imputed by a receiving agency.",,,5-10
farms.faostat-wcad.holdings-by-land-size,MEX,1960,94319.0,,,,final,"WCA 1960 round, census 1960. FAO flag A: Official figure.",,,5-10
farms.faostat-wcad.holdings-by-land-size,MEX,1970,105237.0,,,,final,"WCA 1970 round, census 1970. FAO flag I: Value imputed by a receiving agency.",,,5-10
farms.faostat-wcad.holdings-by-land-size,MEX,2007,432682.0,,,,final,"WCA 2010 round, census 2007. FAO flag I: Value imputed by a receiving agency.",,,5-10
farms.faostat-wcad.holdings-by-land-size,MEX,2022,640525.0,,,,final,"WCA 2020 round, census 2022. FAO flag A: Official figure.",,,5-10
farms.faostat-wcad.holdings-by-land-size,MEX,1930,54061.0,,,,final,"WCA 1930 round, census 1930. FAO flag I: Value imputed by a receiving agency.",,,10-20
farms.faostat-wcad.holdings-by-land-size,MEX,1960,103012.0,,,,final,"WCA 1960 round, census 1960. FAO flag A: Official figure.",,,10-20
farms.faostat-wcad.holdings-by-land-size,MEX,1970,75921.0,,,,final,"WCA 1970 round, census 1970. FAO flag I: Value imputed by a receiving agency.",,,10-20
farms.faostat-wcad.holdings-by-land-size,MEX,2007,511381.0,,,,final,"WCA 2010 round, census 2007. FAO flag I: Value imputed by a receiving agency.",,,10-20
farms.faostat-wcad.holdings-by-land-size,MEX,2022,393811.0,,,,final,"WCA 2020 round, census 2022. FAO flag A: Official figure.",,,10-20
farms.faostat-wcad.holdings-by-land-size,MEX,1930,72632.0,,,,final,"WCA 1930 round, census 1930. FAO flag I: Value imputed by a receiving agency.",,,20-50
farms.faostat-wcad.holdings-by-land-size,MEX,1960,99573.0,,,,final,"WCA 1960 round, census 1960. FAO flag A: Official figure.",,,20-50
farms.faostat-wcad.holdings-by-land-size,MEX,1970,87789.0,,,,final,"WCA 1970 round, census 1970. FAO flag I: Value imputed by a receiving agency.",,,20-50
farms.faostat-wcad.holdings-by-land-size,MEX,2007,217392.0,,,,final,"WCA 2010 round, census 2007. FAO flag A: Official figure.",,,20-50
farms.faostat-wcad.holdings-by-land-size,MEX,2022,248440.0,,,,final,"WCA 2020 round, census 2022. FAO flag A: Official figure.",,,20-50
farms.faostat-wcad.holdings-by-land-size,MEX,1930,27677.0,,,,final,"WCA 1930 round, census 1930. FAO flag I: Value imputed by a receiving agency.",,,50-100
farms.faostat-wcad.holdings-by-land-size,MEX,1960,59091.0,,,,final,"WCA 1960 round, census 1960. FAO flag A: Official figure.",,,50-100
farms.faostat-wcad.holdings-by-land-size,MEX,1970,49229.0,,,,final,"WCA 1970 round, census 1970. FAO flag I: Value imputed by a receiving agency.",,,50-100
farms.faostat-wcad.holdings-by-land-size,MEX,2007,78004.0,,,,final,"WCA 2010 round, census 2007. FAO flag A: Official figure.",,,50-100
farms.faostat-wcad.holdings-by-land-size,MEX,2022,78966.0,,,,final,"WCA 2020 round, census 2022. FAO flag A: Official figure.",,,50-100
farms.faostat-wcad.holdings-by-land-size,MEX,1930,19397.0,,,,final,"WCA 1930 round, census 1930. FAO flag I: Value imputed by a receiving agency.",,,100-200
farms.faostat-wcad.holdings-by-land-size,MEX,1960,42264.0,,,,final,"WCA 1960 round, census 1960. FAO flag A: Official figure.",,,100-200
farms.faostat-wcad.holdings-by-land-size,MEX,1970,33577.0,,,,final,"WCA 1970 round, census 1970. FAO flag I: Value imputed by a receiving agency.",,,100-200
farms.faostat-wcad.holdings-by-land-size,MEX,2007,19641.0,,,,final,"WCA 2010 round, census 2007. FAO flag I: Value imputed by a receiving agency.",,,100-200
farms.faostat-wcad.holdings-by-land-size,MEX,2022,34741.0,,,,final,"WCA 2020 round, census 2022. FAO flag A: Official figure.",,,100-200
farms.faostat-wcad.holdings-by-land-size,MEX,1930,18022.0,,,,final,"WCA 1930 round, census 1930. FAO flag I: Value imputed by a receiving agency.",,,200-500
farms.faostat-wcad.holdings-by-land-size,MEX,1960,30382.0,,,,final,"WCA 1960 round, census 1960. FAO flag A: Official figure.",,,200-500
farms.faostat-wcad.holdings-by-land-size,MEX,1970,28054.0,,,,final,"WCA 1970 round, census 1970. FAO flag I: Value imputed by a receiving agency.",,,200-500
farms.faostat-wcad.holdings-by-land-size,MEX,2007,25295.0,,,,final,"WCA 2010 round, census 2007. FAO flag I: Value imputed by a receiving agency.",,,200-500
farms.faostat-wcad.holdings-by-land-size,MEX,2022,19834.0,,,,final,"WCA 2020 round, census 2022. FAO flag A: Official figure.",,,200-500
farms.faostat-wcad.holdings-by-land-size,MEX,1930,8909.0,,,,final,"WCA 1930 round, census 1930. FAO flag I: Value imputed by a receiving agency.",,,500-1000
farms.faostat-wcad.holdings-by-land-size,MEX,1960,14792.0,,,,final,"WCA 1960 round, census 1960. FAO flag A: Official figure.",,,500-1000
farms.faostat-wcad.holdings-by-land-size,MEX,1970,13784.0,,,,final,"WCA 1970 round, census 1970. FAO flag I: Value imputed by a receiving agency.",,,500-1000
farms.faostat-wcad.holdings-by-land-size,MEX,2007,17642.0,,,,final,"WCA 2010 round, census 2007. FAO flag I: Value imputed by a receiving agency.",,,500-1000
farms.faostat-wcad.holdings-by-land-size,MEX,2022,6277.0,,,,final,"WCA 2020 round, census 2022. FAO flag A: Official figure.",,,500-1000
farms.faostat-wcad.holdings-by-land-size,MEX,2007,3783.0,,,,final,"WCA 2010 round, census 2007. FAO flag A: Official figure.",,,1000-2500
farms.faostat-wcad.holdings-by-land-size,MEX,2007,2862.0,,,,final,"WCA 2010 round, census 2007. FAO flag A: Official figure.",,,2500-plus
farms.faostat-wcad.holdings-by-land-size,MEX,1930,15499.0,,,,final,"WCA 1930 round, census 1930. FAO flag I: Value imputed by a receiving agency.",,,1000-plus
farms.faostat-wcad.holdings-by-land-size,MEX,1960,22600.0,,,,final,"WCA 1960 round, census 1960. FAO flag A: Official figure.",,,1000-plus
farms.faostat-wcad.holdings-by-land-size,MEX,1970,22481.0,,,,final,"WCA 1970 round, census 1970. FAO flag I: Value imputed by a receiving agency.",,,1000-plus
farms.faostat-wcad.holdings-by-land-size,MEX,2022,7416.0,,,,final,"WCA 2020 round, census 2022. FAO flag A: Official figure.",,,1000-plus
farms.faostat-wcad.holdings-by-land-size,MKD,2007,122100.0,,,,final,"WCA 2010 round, census 2007. FAO flag I: Value imputed by a receiving agency.",,,0-1
farms.faostat-wcad.holdings-by-land-size,MKD,2007,28546.0,,,,final,"WCA 2010 round, census 2007. FAO flag I: Value imputed by a receiving agency.",,,1-2
farms.faostat-wcad.holdings-by-land-size,MKD,2007,21876.0,,,,final,"WCA 2010 round, census 2007. FAO flag I: Value imputed by a receiving agency.",,,2-3
farms.faostat-wcad.holdings-by-land-size,MKD,2007,6724.0,,,,final,"WCA 2010 round, census 2007. FAO flag I: Value imputed by a receiving agency.",,,3-4
farms.faostat-wcad.holdings-by-land-size,MKD,2007,5195.0,,,,final,"WCA 2010 round, census 2007. FAO flag I: Value imputed by a receiving agency.",,,4-5
farms.faostat-wcad.holdings-by-land-size,MKD,2007,6279.0,,,,final,"WCA 2010 round, census 2007. FAO flag I: Value imputed by a receiving agency.",,,5-10
farms.faostat-wcad.holdings-by-land-size,MKD,2007,1658.0,,,,final,"WCA 2010 round, census 2007. FAO flag A: Official figure.",,,10-20
farms.faostat-wcad.holdings-by-land-size,MLI,1960,40280.0,,,,final,"WCA 1960 round, census 1960. FAO flag A: Official figure.",,,0-1
farms.faostat-wcad.holdings-by-land-size,MLI,2004/2005,255596.0,,,,final,"WCA 2000 round, census 2004/05. FAO flag A: Official figure. FAO's note: Cultivated land",,,0-1
farms.faostat-wcad.holdings-by-land-size,MLI,1960,51390.0,,,,final,"WCA 1960 round, census 1960. FAO flag A: Official figure.",,,1-2
farms.faostat-wcad.holdings-by-land-size,MLI,2004/2005,108998.0,,,,final,"WCA 2000 round, census 2004/05. FAO flag A: Official figure. FAO's note: Cultivated land",,,1-2
farms.faostat-wcad.holdings-by-land-size,MLI,1960,112310.0,,,,final,"WCA 1960 round, census 1960. FAO flag A: Official figure.",,,2-5
farms.faostat-wcad.holdings-by-land-size,MLI,2004/2005,189636.0,,,,final,"WCA 2000 round, census 2004/05. FAO flag A: Official figure. FAO's note: Cultivated land",,,2-5
farms.faostat-wcad.holdings-by-land-size,MLI,1960,52090.0,,,,final,"WCA 1960 round, census 1960. FAO flag A: Official figure.",,,5-10
farms.faostat-wcad.holdings-by-land-size,MLI,2004/2005,142932.0,,,,final,"WCA 2000 round, census 2004/05. FAO flag A: Official figure. FAO's note: Cultivated land",,,5-10
farms.faostat-wcad.holdings-by-land-size,MLI,1960,19210.0,,,,final,"WCA 1960 round, census 1960. FAO flag A: Official figure.",,,10-20
farms.faostat-wcad.holdings-by-land-size,MLI,2004/2005,79065.0,,,,final,"WCA 2000 round, census 2004/05. FAO flag A: Official figure. FAO's note: Cultivated land",,,10-20
farms.faostat-wcad.holdings-by-land-size,MLI,1960,4980.0,,,,final,"WCA 1960 round, census 1960. FAO flag A: Official figure.",,,20-50
farms.faostat-wcad.holdings-by-land-size,MLI,2004/2005,28967.0,,,,final,"WCA 2000 round, census 2004/05. FAO flag A: Official figure. FAO's note: Cultivated land",,,20-50
farms.faostat-wcad.holdings-by-land-size,MLT,1960,5500.0,,,,final,"WCA 1960 round, census 1960. FAO flag A: Official figure.",,,0-1
farms.faostat-wcad.holdings-by-land-size,MLT,1968/1969,5011.0,,,,final,"WCA 1970 round, census 1968/69. FAO flag I: Value imputed by a receiving agency. FAO's note: Including 85 holdings without land.",,,0-1
farms.faostat-wcad.holdings-by-land-size,MLT,1979,7744.0,,,,final,"WCA 1980 round, census 1979. FAO flag A: Official figure.",,,0-1
farms.faostat-wcad.holdings-by-land-size,MLT,2001,9086.0,,,,final,"WCA 2000 round, census 2001. FAO flag A: Official figure. FAO's note: Agricultural area",,,0-1
farms.faostat-wcad.holdings-by-land-size,MLT,2010,2093.0,,,,final,"WCA 2010 round, census 2010. FAO flag I: Value imputed by a receiving agency. FAO's note: UAA",,,0-1
farms.faostat-wcad.holdings-by-land-size,MLT,2020,991.0,,,,final,"WCA 2020 round, census 2020. FAO flag I: Value imputed by a receiving agency. FAO's note: UAA",,,0-1
farms.faostat-wcad.holdings-by-land-size,MLT,1960,3173.0,,,,final,"WCA 1960 round, census 1960. FAO flag A: Official figure.",,,1-2
farms.faostat-wcad.holdings-by-land-size,MLT,1968/1969,2968.0,,,,final,"WCA 1970 round, census 1968/69. FAO flag I: Value imputed by a receiving agency.",,,1-2
farms.faostat-wcad.holdings-by-land-size,MLT,1979,2365.0,,,,final,"WCA 1980 round, census 1979. FAO flag A: Official figure.",,,1-2
farms.faostat-wcad.holdings-by-land-size,MLT,2001,1752.0,,,,final,"WCA 2000 round, census 2001. FAO flag A: Official figure. FAO's note: Agricultural area",,,1-2
farms.faostat-wcad.holdings-by-land-size,MLT,2010,8697.0,,,,final,"WCA 2010 round, census 2010. FAO flag I: Value imputed by a receiving agency. FAO's note: UAA",,,1-2
farms.faostat-wcad.holdings-by-land-size,MLT,2020,5039.0,,,,final,"WCA 2020 round, census 2020. FAO flag I: Value imputed by a receiving agency. FAO's note: UAA",,,1-2
farms.faostat-wcad.holdings-by-land-size,MLT,2010,360.0,,,,final,"WCA 2010 round, census 2010. FAO flag I: Value imputed by a receiving agency. FAO's note: UAA",,,2-3
farms.faostat-wcad.holdings-by-land-size,MLT,2020,353.0,,,,final,"WCA 2020 round, census 2020. FAO flag I: Value imputed by a receiving agency. FAO's note: UAA",,,2-3
farms.faostat-wcad.holdings-by-land-size,MLT,2010,385.0,,,,final,"WCA 2010 round, census 2010. FAO flag I: Value imputed by a receiving agency. FAO's note: UAA",,,3-4
farms.faostat-wcad.holdings-by-land-size,MLT,2020,371.0,,,,final,"WCA 2020 round, census 2020. FAO flag I: Value imputed by a receiving agency. FAO's note: UAA",,,3-4
farms.faostat-wcad.holdings-by-land-size,MLT,2010,374.0,,,,final,"WCA 2010 round, census 2010. FAO flag I: Value imputed by a receiving agency. FAO's note: UAA",,,4-5
farms.faostat-wcad.holdings-by-land-size,MLT,2020,346.0,,,,final,"WCA 2020 round, census 2020. FAO flag I: Value imputed by a receiving agency. FAO's note: UAA",,,4-5
farms.faostat-wcad.holdings-by-land-size,MLT,1960,2503.0,,,,final,"WCA 1960 round, census 1960. FAO flag A: Official figure.",,,2-5
farms.faostat-wcad.holdings-by-land-size,MLT,1968/1969,2318.0,,,,final,"WCA 1970 round, census 1968/69. FAO flag I: Value imputed by a receiving agency.",,,2-5
farms.faostat-wcad.holdings-by-land-size,MLT,1979,1638.0,,,,final,"WCA 1980 round, census 1979. FAO flag A: Official figure.",,,2-5
farms.faostat-wcad.holdings-by-land-size,MLT,2001,959.0,,,,final,"WCA 2000 round, census 2001. FAO flag A: Official figure. FAO's note: Agricultural area",,,2-5
farms.faostat-wcad.holdings-by-land-size,MLT,1960,516.0,,,,final,"WCA 1960 round, census 1960. FAO flag A: Official figure.",,,5-10
farms.faostat-wcad.holdings-by-land-size,MLT,1968/1969,461.0,,,,final,"WCA 1970 round, census 1968/69. FAO flag I: Value imputed by a receiving agency.",,,5-10
farms.faostat-wcad.holdings-by-land-size,MLT,1979,289.0,,,,final,"WCA 1980 round, census 1979. FAO flag A: Official figure.",,,5-10
farms.faostat-wcad.holdings-by-land-size,MLT,2001,144.0,,,,final,"WCA 2000 round, census 2001. FAO flag A: Official figure. FAO's note: Agricultural area",,,5-10
farms.faostat-wcad.holdings-by-land-size,MLT,2010,230.0,,,,final,"WCA 2010 round, census 2010. FAO flag A: Official figure. FAO's note: UAA",,,5-10
farms.faostat-wcad.holdings-by-land-size,MLT,2020,220.0,,,,final,"WCA 2020 round, census 2020. FAO flag A: Official figure. FAO's note: UAA",,,5-10
farms.faostat-wcad.holdings-by-land-size,MLT,1960,48.0,,,,final,"WCA 1960 round, census 1960. FAO flag A: Official figure.",,,10-20
farms.faostat-wcad.holdings-by-land-size,MLT,1968/1969,41.0,,,,final,"WCA 1970 round, census 1968/69. FAO flag I: Value imputed by a receiving agency.",,,10-20
farms.faostat-wcad.holdings-by-land-size,MLT,1979,34.0,,,,final,"WCA 1980 round, census 1979. FAO flag A: Official figure.",,,10-20
farms.faostat-wcad.holdings-by-land-size,MLT,2001,18.0,,,,final,"WCA 2000 round, census 2001. FAO flag A: Official figure. FAO's note: Agricultural area",,,10-20
farms.faostat-wcad.holdings-by-land-size,MLT,2010,40.0,,,,final,"WCA 2010 round, census 2010. FAO flag A: Official figure. FAO's note: UAA",,,10-20
farms.faostat-wcad.holdings-by-land-size,MLT,2020,40.0,,,,final,"WCA 2020 round, census 2020. FAO flag A: Official figure. FAO's note: UAA",,,10-20
farms.faostat-wcad.holdings-by-land-size,MLT,1960,7.0,,,,final,"WCA 1960 round, census 1960. FAO flag A: Official figure.",,,20-50
farms.faostat-wcad.holdings-by-land-size,MLT,1968/1969,4.0,,,,final,"WCA 1970 round, census 1968/69. FAO flag I: Value imputed by a receiving agency.",,,20-50
farms.faostat-wcad.holdings-by-land-size,MLT,2010,10.0,,,,final,"WCA 2010 round, census 2010. FAO flag A: Official figure. FAO's note: UAA",,,20-50
farms.faostat-wcad.holdings-by-land-size,MMR,1993,952126.0,,,,final,"WCA 1990 round, census 1993. FAO flag A: Official figure.",,,0-1
farms.faostat-wcad.holdings-by-land-size,MMR,2003,1166480.0,,,,final,"WCA 2000 round, census 2003. FAO flag I: Value imputed by a receiving agency.",,,0-1
farms.faostat-wcad.holdings-by-land-size,MMR,2010,1290588.0,,,,final,"WCA 2010 round, census 2010. FAO flag I: Value imputed by a receiving agency.",,,0-1
farms.faostat-wcad.holdings-by-land-size,MMR,1993,696812.0,,,,final,"WCA 1990 round, census 1993. FAO flag A: Official figure.",,,1-2
farms.faostat-wcad.holdings-by-land-size,MMR,2003,805590.0,,,,final,"WCA 2000 round, census 2003. FAO flag I: Value imputed by a receiving agency.",,,1-2
farms.faostat-wcad.holdings-by-land-size,MMR,2010,1404383.0,,,,final,"WCA 2010 round, census 2010. FAO flag I: Value imputed by a receiving agency.",,,1-2
farms.faostat-wcad.holdings-by-land-size,MMR,2010,761838.0,,,,final,"WCA 2010 round, census 2010. FAO flag I: Value imputed by a receiving agency.",,,2-3
farms.faostat-wcad.holdings-by-land-size,MMR,2010,574384.0,,,,final,"WCA 2010 round, census 2010. FAO flag I: Value imputed by a receiving agency.",,,3-4
farms.faostat-wcad.holdings-by-land-size,MMR,2010,235099.0,,,,final,"WCA 2010 round, census 2010. FAO flag I: Value imputed by a receiving agency.",,,4-5
farms.faostat-wcad.holdings-by-land-size,MMR,1993,956792.0,,,,final,"WCA 1990 round, census 1993. FAO flag A: Official figure.",,,2-5
farms.faostat-wcad.holdings-by-land-size,MMR,2003,1036189.0,,,,final,"WCA 2000 round, census 2003. FAO flag I: Value imputed by a receiving agency.",,,2-5
farms.faostat-wcad.holdings-by-land-size,MMR,1993,276624.0,,,,final,"WCA 1990 round, census 1993. FAO flag A: Official figure.",,,5-10
farms.faostat-wcad.holdings-by-land-size,MMR,2003,368928.0,,,,final,"WCA 2000 round, census 2003. FAO flag I: Value imputed by a receiving agency.",,,5-10
farms.faostat-wcad.holdings-by-land-size,MMR,2010,548589.0,,,,final,"WCA 2010 round, census 2010. FAO flag I: Value imputed by a receiving agency.",,,5-10
farms.faostat-wcad.holdings-by-land-size,MMR,1993,40874.0,,,,final,"WCA 1990 round, census 1993. FAO flag A: Official figure.",,,10-20
farms.faostat-wcad.holdings-by-land-size,MMR,2003,80824.0,,,,final,"WCA 2000 round, census 2003. FAO flag I: Value imputed by a receiving agency.",,,10-20
farms.faostat-wcad.holdings-by-land-size,MMR,2010,154180.0,,,,final,"WCA 2010 round, census 2010. FAO flag I: Value imputed by a receiving agency.",,,10-20
farms.faostat-wcad.holdings-by-land-size,MMR,1993,1670.0,,,,final,"WCA 1990 round, census 1993. FAO flag A: Official figure.",,,20-50
farms.faostat-wcad.holdings-by-land-size,MMR,2003,6758.0,,,,final,"WCA 2000 round, census 2003. FAO flag I: Value imputed by a receiving agency.",,,20-50
farms.faostat-wcad.holdings-by-land-size,MMR,2010,17610.0,,,,final,"WCA 2010 round, census 2010. FAO flag I: Value imputed by a receiving agency.",,,20-50
farms.faostat-wcad.holdings-by-land-size,MNE,2010,11619.0,,,,final,"WCA 2010 round, census 2010. FAO flag I: Value imputed by a receiving agency. FAO's note: UAA",,,0-1
farms.faostat-wcad.holdings-by-land-size,MNE,2010,23651.0,,,,final,"WCA 2010 round, census 2010. FAO flag I: Value imputed by a receiving agency. FAO's note: UAA",,,1-2
farms.faostat-wcad.holdings-by-land-size,MNE,2010,2586.0,,,,final,"WCA 2010 round, census 2010. FAO flag I: Value imputed by a receiving agency. FAO's note: UAA",,,2-3
farms.faostat-wcad.holdings-by-land-size,MNE,2010,2573.0,,,,final,"WCA 2010 round, census 2010. FAO flag I: Value imputed by a receiving agency. FAO's note: UAA",,,3-4
farms.faostat-wcad.holdings-by-land-size,MNE,2010,2471.0,,,,final,"WCA 2010 round, census 2010. FAO flag I: Value imputed by a receiving agency. FAO's note: UAA",,,4-5
farms.faostat-wcad.holdings-by-land-size,MNE,2010,2710.0,,,,final,"WCA 2010 round, census 2010. FAO flag A: Official figure. FAO's note: UAA",,,5-10
farms.faostat-wcad.holdings-by-land-size,MNE,2010,1160.0,,,,final,"WCA 2010 round, census 2010. FAO flag A: Official figure. FAO's note: UAA",,,10-20
farms.faostat-wcad.holdings-by-land-size,MNE,2010,640.0,,,,final,"WCA 2010 round, census 2010. FAO flag A: Official figure. FAO's note: UAA",,,20-50
farms.faostat-wcad.holdings-by-land-size,MNE,2010,440.0,,,,final,"WCA 2010 round, census 2010. FAO flag A: Official figure. FAO's note: UAA",,,50-100
farms.faostat-wcad.holdings-by-land-size,MNE,2010,430.0,,,,final,"WCA 2010 round, census 2010. FAO flag A: Official figure. FAO's note: UAA",,,100-200
farms.faostat-wcad.holdings-by-land-size,MNP,1980,45.0,,,,final,"WCA 1980 round, census 1980. FAO flag I: Value imputed by a receiving agency.",,,0-1
farms.faostat-wcad.holdings-by-land-size,MNP,1990,26.0,,,,final,"WCA 1990 round, census 1990. FAO flag A: Official figure.",,,0-1
farms.faostat-wcad.holdings-by-land-size,MNP,2002,56.0,,,,final,"WCA 2000 round, census 2002. FAO flag I: Value imputed by a receiving agency.",,,0-1
farms.faostat-wcad.holdings-by-land-size,MNP,2007,90.0,,,,final,"WCA 2010 round, census 2007. FAO flag I: Value imputed by a receiving agency.",,,0-1
farms.faostat-wcad.holdings-by-land-size,MNP,2018,118.0,,,,final,"WCA 2020 round, census 2018. FAO flag I: Value imputed by a receiving agency.",,,0-1
farms.faostat-wcad.holdings-by-land-size,MNP,2023,113.0,,,,final,"WCA 2020 round, census 2023. FAO flag I: Value imputed by a receiving agency.",,,0-1
farms.faostat-wcad.holdings-by-land-size,MNP,1980,53.0,,,,final,"WCA 1980 round, census 1980. FAO flag I: Value imputed by a receiving agency.",,,1-2
farms.faostat-wcad.holdings-by-land-size,MNP,1990,22.0,,,,final,"WCA 1990 round, census 1990. FAO flag A: Official figure.",,,1-2
farms.faostat-wcad.holdings-by-land-size,MNP,2002,59.0,,,,final,"WCA 2000 round, census 2002. FAO flag I: Value imputed by a receiving agency.",,,1-2
farms.faostat-wcad.holdings-by-land-size,MNP,2007,54.0,,,,final,"WCA 2010 round, census 2007. FAO flag I: Value imputed by a receiving agency.",,,1-2
farms.faostat-wcad.holdings-by-land-size,MNP,2018,61.0,,,,final,"WCA 2020 round, census 2018. FAO flag I: Value imputed by a receiving agency.",,,1-2
farms.faostat-wcad.holdings-by-land-size,MNP,2023,91.0,,,,final,"WCA 2020 round, census 2023. FAO flag I: Value imputed by a receiving agency.",,,1-2
farms.faostat-wcad.holdings-by-land-size,MNP,2007,24.0,,,,final,"WCA 2010 round, census 2007. FAO flag I: Value imputed by a receiving agency.",,,2-3
farms.faostat-wcad.holdings-by-land-size,MNP,2018,30.0,,,,final,"WCA 2020 round, census 2018. FAO flag I: Value imputed by a receiving agency.",,,2-3
farms.faostat-wcad.holdings-by-land-size,MNP,2007,13.0,,,,final,"WCA 2010 round, census 2007. FAO flag I: Value imputed by a receiving agency.",,,3-4
farms.faostat-wcad.holdings-by-land-size,MNP,2018,6.0,,,,final,"WCA 2020 round, census 2018. FAO flag I: Value imputed by a receiving agency.",,,3-4
farms.faostat-wcad.holdings-by-land-size,MNP,2007,12.0,,,,final,"WCA 2010 round, census 2007. FAO flag I: Value imputed by a receiving agency.",,,4-5
farms.faostat-wcad.holdings-by-land-size,MNP,2018,5.0,,,,final,"WCA 2020 round, census 2018. FAO flag I: Value imputed by a receiving agency.",,,4-5
farms.faostat-wcad.holdings-by-land-size,MNP,1980,120.0,,,,final,"WCA 1980 round, census 1980. FAO flag I: Value imputed by a receiving agency.",,,2-5
farms.faostat-wcad.holdings-by-land-size,MNP,1990,30.0,,,,final,"WCA 1990 round, census 1990. FAO flag A: Official figure.",,,2-5
farms.faostat-wcad.holdings-by-land-size,MNP,2002,59.0,,,,final,"WCA 2000 round, census 2002. FAO flag I: Value imputed by a receiving agency.",,,2-5
farms.faostat-wcad.holdings-by-land-size,MNP,2023,61.0,,,,final,"WCA 2020 round, census 2023. FAO flag I: Value imputed by a receiving agency.",,,2-5
farms.faostat-wcad.holdings-by-land-size,MNP,1980,44.0,,,,final,"WCA 1980 round, census 1980. FAO flag I: Value imputed by a receiving agency.",,,5-10
farms.faostat-wcad.holdings-by-land-size,MNP,1990,14.0,,,,final,"WCA 1990 round, census 1990. FAO flag A: Official figure.",,,5-10
farms.faostat-wcad.holdings-by-land-size,MNP,2002,18.0,,,,final,"WCA 2000 round, census 2002. FAO flag I: Value imputed by a receiving agency.",,,5-10
farms.faostat-wcad.holdings-by-land-size,MNP,2007,30.0,,,,final,"WCA 2010 round, census 2007. FAO flag I: Value imputed by a receiving agency.",,,5-10
farms.faostat-wcad.holdings-by-land-size,MNP,2018,16.0,,,,final,"WCA 2020 round, census 2018. FAO flag I: Value imputed by a receiving agency.",,,5-10
farms.faostat-wcad.holdings-by-land-size,MNP,2023,19.0,,,,final,"WCA 2020 round, census 2023. FAO flag I: Value imputed by a receiving agency.",,,5-10
farms.faostat-wcad.holdings-by-land-size,MNP,1980,17.0,,,,final,"WCA 1980 round, census 1980. FAO flag I: Value imputed by a receiving agency.",,,10-20
farms.faostat-wcad.holdings-by-land-size,MNP,1990,10.0,,,,final,"WCA 1990 round, census 1990. FAO flag A: Official figure.",,,10-20
farms.faostat-wcad.holdings-by-land-size,MNP,2002,8.0,,,,final,"WCA 2000 round, census 2002. FAO flag I: Value imputed by a receiving agency.",,,10-20
farms.faostat-wcad.holdings-by-land-size,MNP,2007,12.0,,,,final,"WCA 2010 round, census 2007. FAO flag I: Value imputed by a receiving agency.",,,10-20
farms.faostat-wcad.holdings-by-land-size,MNP,2018,11.0,,,,final,"WCA 2020 round, census 2018. FAO flag I: Value imputed by a receiving agency.",,,10-20
farms.faostat-wcad.holdings-by-land-size,MNP,2023,19.0,,,,final,"WCA 2020 round, census 2023. FAO flag I: Value imputed by a receiving agency.",,,10-20
farms.faostat-wcad.holdings-by-land-size,MNP,1980,20.0,,,,final,"WCA 1980 round, census 1980. FAO flag I: Value imputed by a receiving agency.",,,20-50
farms.faostat-wcad.holdings-by-land-size,MNP,1990,17.0,,,,final,"WCA 1990 round, census 1990. FAO flag A: Official figure.",,,20-50
farms.faostat-wcad.holdings-by-land-size,MNP,2002,14.0,,,,final,"WCA 2000 round, census 2002. FAO flag I: Value imputed by a receiving agency.",,,20-50
farms.faostat-wcad.holdings-by-land-size,MNP,2007,20.0,,,,final,"WCA 2010 round, census 2007. FAO flag A: Official figure.",,,20-50
farms.faostat-wcad.holdings-by-land-size,MNP,2018,5.0,,,,final,"WCA 2020 round, census 2018. FAO flag I: Value imputed by a receiving agency.",,,20-50
farms.faostat-wcad.holdings-by-land-size,MNP,2023,13.0,,,,final,"WCA 2020 round, census 2023. FAO flag I: Value imputed by a receiving agency.",,,20-50
farms.faostat-wcad.holdings-by-land-size,MOZ,1930,9.0,,,,final,"WCA 1930 round, census 1930. FAO flag A: Official figure.",,,0-1
farms.faostat-wcad.holdings-by-land-size,MOZ,1999/2000,1633986.0,,,,final,"WCA 2000 round, census 1999/00. FAO flag A: Official figure. FAO's note: Cultivated land",,,0-1
farms.faostat-wcad.holdings-by-land-size,MOZ,2009/2010,1264929.0,,,,final,"WCA 2010 round, census 2009/10. FAO flag A: Official figure.",,,0-1
farms.faostat-wcad.holdings-by-land-size,MOZ,1930,43.0,,,,final,"WCA 1930 round, census 1930. FAO flag I: Value imputed by a receiving agency.",,,1-2
farms.faostat-wcad.holdings-by-land-size,MOZ,1999/2000,922603.0,,,,final,"WCA 2000 round, census 1999/00. FAO flag A: Official figure. FAO's note: Cultivated land",,,1-2
farms.faostat-wcad.holdings-by-land-size,MOZ,2009/2010,1369801.0,,,,final,"WCA 2010 round, census 2009/10. FAO flag A: Official figure.",,,1-2
farms.faostat-wcad.holdings-by-land-size,MOZ,2009/2010,580475.0,,,,final,"WCA 2010 round, census 2009/10. FAO flag A: Official figure.",,,2-3
farms.faostat-wcad.holdings-by-land-size,MOZ,2009/2010,246032.0,,,,final,"WCA 2010 round, census 2009/10. FAO flag A: Official figure.",,,3-4
farms.faostat-wcad.holdings-by-land-size,MOZ,2009/2010,100948.0,,,,final,"WCA 2010 round, census 2009/10. FAO flag A: Official figure.",,,4-5
farms.faostat-wcad.holdings-by-land-size,MOZ,1930,94.0,,,,final,"WCA 1930 round, census 1930. FAO flag I: Value imputed by a receiving agency.",,,2-5
farms.faostat-wcad.holdings-by-land-size,MOZ,1999/2000,426665.0,,,,final,"WCA 2000 round, census 1999/00. FAO flag A: Official figure. FAO's note: Cultivated land",,,2-5
farms.faostat-wcad.holdings-by-land-size,MOZ,1930,69.0,,,,final,"WCA 1930 round, census 1930. FAO flag I: Value imputed by a receiving agency.",,,5-10
farms.faostat-wcad.holdings-by-land-size,MOZ,1999/2000,49941.0,,,,final,"WCA 2000 round, census 1999/00. FAO flag A: Official figure. FAO's note: Cultivated land",,,5-10
farms.faostat-wcad.holdings-by-land-size,MOZ,2009/2010,99630.0,,,,final,"WCA 2010 round, census 2009/10. FAO flag A: Official figure.",,,5-10
farms.faostat-wcad.holdings-by-land-size,MOZ,1930,47.0,,,,final,"WCA 1930 round, census 1930. FAO flag I: Value imputed by a receiving agency.",,,10-20
farms.faostat-wcad.holdings-by-land-size,MOZ,1999/2000,3939.0,,,,final,"WCA 2000 round, census 1999/00. FAO flag A: Official figure. FAO's note: Cultivated land",,,10-20
farms.faostat-wcad.holdings-by-land-size,MOZ,2009/2010,4344.0,,,,final,"WCA 2010 round, census 2009/10. FAO flag A: Official figure.",,,10-20
farms.faostat-wcad.holdings-by-land-size,MOZ,1930,121.0,,,,final,"WCA 1930 round, census 1930. FAO flag I: Value imputed by a receiving agency.",,,20-50
farms.faostat-wcad.holdings-by-land-size,MOZ,1999/2000,488.0,,,,final,"WCA 2000 round, census 1999/00. FAO flag A: Official figure. FAO's note: Cultivated land",,,20-50
farms.faostat-wcad.holdings-by-land-size,MOZ,2009/2010,844.0,,,,final,"WCA 2010 round, census 2009/10. FAO flag A: Official figure.",,,20-50
farms.faostat-wcad.holdings-by-land-size,MOZ,1930,90.0,,,,final,"WCA 1930 round, census 1930. FAO flag I: Value imputed by a receiving agency.",,,50-100
farms.faostat-wcad.holdings-by-land-size,MOZ,1999/2000,69.0,,,,final,"WCA 2000 round, census 1999/00. FAO flag A: Official figure. FAO's note: Cultivated land",,,50-100
farms.faostat-wcad.holdings-by-land-size,MOZ,2009/2010,62.0,,,,final,"WCA 2010 round, census 2009/10. FAO flag A: Official figure.",,,50-100
farms.faostat-wcad.holdings-by-land-size,MOZ,1930,94.0,,,,final,"WCA 1930 round, census 1930. FAO flag I: Value imputed by a receiving agency.",,,100-200
farms.faostat-wcad.holdings-by-land-size,MOZ,1999/2000,37.0,,,,final,"WCA 2000 round, census 1999/00. FAO flag A: Official figure. FAO's note: Cultivated land",,,100-200
farms.faostat-wcad.holdings-by-land-size,MOZ,2009/2010,22.0,,,,final,"WCA 2010 round, census 2009/10. FAO flag A: Official figure.",,,100-200
farms.faostat-wcad.holdings-by-land-size,MOZ,1930,195.0,,,,final,"WCA 1930 round, census 1930. FAO flag I: Value imputed by a receiving agency.",,,200-500
farms.faostat-wcad.holdings-by-land-size,MOZ,1999/2000,21.0,,,,final,"WCA 2000 round, census 1999/00. FAO flag A: Official figure. FAO's note: Cultivated land",,,200-500
farms.faostat-wcad.holdings-by-land-size,MOZ,2009/2010,24.0,,,,final,"WCA 2010 round, census 2009/10. FAO flag A: Official figure.",,,200-500
farms.faostat-wcad.holdings-by-land-size,MOZ,1930,225.0,,,,final,"WCA 1930 round, census 1930. FAO flag I: Value imputed by a receiving agency.",,,500-1000
farms.faostat-wcad.holdings-by-land-size,MOZ,1999/2000,11.0,,,,final,"WCA 2000 round, census 1999/00. FAO flag A: Official figure. FAO's note: Cultivated land",,,500-1000
farms.faostat-wcad.holdings-by-land-size,MOZ,2009/2010,6.0,,,,final,"WCA 2010 round, census 2009/10. FAO flag A: Official figure.",,,500-1000
farms.faostat-wcad.holdings-by-land-size,MOZ,2009/2010,15.0,,,,final,"WCA 2010 round, census 2009/10. FAO flag A: Official figure.",,,1000-2500
farms.faostat-wcad.holdings-by-land-size,MOZ,1930,384.0,,,,final,"WCA 1930 round, census 1930. FAO flag I: Value imputed by a receiving agency.",,,1000-plus
farms.faostat-wcad.holdings-by-land-size,MOZ,1999/2000,22.0,,,,final,"WCA 2000 round, census 1999/00. FAO flag A: Official figure. FAO's note: Cultivated land",,,1000-plus
farms.faostat-wcad.holdings-by-land-size,MRT,1985,49060.0,,,,final,"WCA 1980 round, census 1985. FAO flag A: Official figure.",,,0-1
farms.faostat-wcad.holdings-by-land-size,MRT,1985,23671.0,,,,final,"WCA 1980 round, census 1985. FAO flag A: Official figure.",,,1-2
farms.faostat-wcad.holdings-by-land-size,MRT,1985,19236.0,,,,final,"WCA 1980 round, census 1985. FAO flag I: Value imputed by a receiving agency.",,,2-5
farms.faostat-wcad.holdings-by-land-size,MRT,1985,4898.0,,,,final,"WCA 1980 round, census 1985. FAO flag I: Value imputed by a receiving agency.",,,5-10
farms.faostat-wcad.holdings-by-land-size,MRT,1985,2039.0,,,,final,"WCA 1980 round, census 1985. FAO flag A: Official figure.",,,10-20
farms.faostat-wcad.holdings-by-land-size,MRT,1985,740.0,,,,final,"WCA 1980 round, census 1985. FAO flag I: Value imputed by a receiving agency.",,,20-50
farms.faostat-wcad.holdings-by-land-size,MTQ,1981,13211.0,,,,final,"WCA 1980 round, census 1981. FAO flag A: Official figure.",,,0-1
farms.faostat-wcad.holdings-by-land-size,MTQ,1989,9830.0,,,,final,"WCA 1990 round, census 1989. FAO flag A: Official figure. FAO's note: Agricultural area",,,0-1
farms.faostat-wcad.holdings-by-land-size,MTQ,1981,2605.0,,,,final,"WCA 1980 round, census 1981. FAO flag A: Official figure.",,,1-2
farms.faostat-wcad.holdings-by-land-size,MTQ,1989,2086.0,,,,final,"WCA 1990 round, census 1989. FAO flag A: Official figure. FAO's note: Agricultural area",,,1-2
farms.faostat-wcad.holdings-by-land-size,MTQ,1981,2557.0,,,,final,"WCA 1980 round, census 1981. FAO flag A: Official figure.",,,2-5
farms.faostat-wcad.holdings-by-land-size,MTQ,1989,2427.0,,,,final,"WCA 1990 round, census 1989. FAO flag A: Official figure. FAO's note: Agricultural area",,,2-5
farms.faostat-wcad.holdings-by-land-size,MTQ,1981,661.0,,,,final,"WCA 1980 round, census 1981. FAO flag A: Official figure.",,,5-10
farms.faostat-wcad.holdings-by-land-size,MTQ,1989,634.0,,,,final,"WCA 1990 round, census 1989. FAO flag A: Official figure. FAO's note: Agricultural area",,,5-10
farms.faostat-wcad.holdings-by-land-size,MTQ,1981,268.0,,,,final,"WCA 1980 round, census 1981. FAO flag A: Official figure.",,,10-20
farms.faostat-wcad.holdings-by-land-size,MTQ,1989,252.0,,,,final,"WCA 1990 round, census 1989. FAO flag A: Official figure. FAO's note: Agricultural area",,,10-20
farms.faostat-wcad.holdings-by-land-size,MTQ,1981,271.0,,,,final,"WCA 1980 round, census 1981. FAO flag A: Official figure.",,,20-50
farms.faostat-wcad.holdings-by-land-size,MTQ,1989,231.0,,,,final,"WCA 1990 round, census 1989. FAO flag A: Official figure. FAO's note: Agricultural area",,,20-50
farms.faostat-wcad.holdings-by-land-size,MUS,2014,18729.0,,,,final,"WCA 2010 round, census 2014. FAO flag I: Value imputed by a receiving agency.",,,0-1
farms.faostat-wcad.holdings-by-land-size,MUS,2014,3297.0,,,,final,"WCA 2010 round, census 2014. FAO flag I: Value imputed by a receiving agency.",,,1-2
farms.faostat-wcad.holdings-by-land-size,MUS,2014,648.0,,,,final,"WCA 2010 round, census 2014. FAO flag I: Value imputed by a receiving agency.",,,2-3
farms.faostat-wcad.holdings-by-land-size,MUS,2014,307.0,,,,final,"WCA 2010 round, census 2014. FAO flag I: Value imputed by a receiving agency.",,,3-4
farms.faostat-wcad.holdings-by-land-size,MUS,2014,109.0,,,,final,"WCA 2010 round, census 2014. FAO flag I: Value imputed by a receiving agency.",,,4-5
farms.faostat-wcad.holdings-by-land-size,MUS,2014,189.0,,,,final,"WCA 2010 round, census 2014. FAO flag I: Value imputed by a receiving agency.",,,5-10
farms.faostat-wcad.holdings-by-land-size,MUS,2014,64.0,,,,final,"WCA 2010 round, census 2014. FAO flag I: Value imputed by a receiving agency.",,,10-20
farms.faostat-wcad.holdings-by-land-size,MWI,1968/1969,325776.0,,,,final,"WCA 1970 round, census 1968/69. FAO flag I: Value imputed by a receiving agency.",,,0-1
farms.faostat-wcad.holdings-by-land-size,MWI,1980/1981,623400.0,,,,final,"WCA 1980 round, census 1980/81. FAO flag A: Official figure.",,,0-1
farms.faostat-wcad.holdings-by-land-size,MWI,1993,1212967.0,,,,final,"WCA 1990 round, census 1993. FAO flag A: Official figure. FAO's note: Cultivated area",,,0-1
farms.faostat-wcad.holdings-by-land-size,MWI,2006/2007,1945863.0,,,,final,"WCA 2010 round, census 2006/07. FAO flag A: Official figure.",,,0-1
farms.faostat-wcad.holdings-by-land-size,MWI,1968/1969,316491.0,,,,final,"WCA 1970 round, census 1968/69. FAO flag I: Value imputed by a receiving agency.",,,1-2
farms.faostat-wcad.holdings-by-land-size,MWI,1980/1981,337400.0,,,,final,"WCA 1980 round, census 1980/81. FAO flag A: Official figure.",,,1-2
farms.faostat-wcad.holdings-by-land-size,MWI,1993,270326.0,,,,final,"WCA 1990 round, census 1993. FAO flag A: Official figure. FAO's note: Cultivated area",,,1-2
farms.faostat-wcad.holdings-by-land-size,MWI,2006/2007,506457.0,,,,final,"WCA 2010 round, census 2006/07. FAO flag A: Official figure.",,,1-2
farms.faostat-wcad.holdings-by-land-size,MWI,2006/2007,213245.0,,,,final,"WCA 2010 round, census 2006/07. FAO flag A: Official figure.",,,2-3
farms.faostat-wcad.holdings-by-land-size,MWI,1968/1969,225451.0,,,,final,"WCA 1970 round, census 1968/69. FAO flag I: Value imputed by a receiving agency.",,,2-5
farms.faostat-wcad.holdings-by-land-size,MWI,1980/1981,174800.0,,,,final,"WCA 1980 round, census 1980/81. FAO flag A: Official figure.",,,2-5
farms.faostat-wcad.holdings-by-land-size,MWI,1993,78123.0,,,,final,"WCA 1990 round, census 1993. FAO flag A: Official figure. FAO's note: Cultivated area",,,2-5
farms.faostat-wcad.holdings-by-land-size,MWI,1968/1969,17281.0,,,,final,"WCA 1970 round, census 1968/69. FAO flag I: Value imputed by a receiving agency.",,,5-10
farms.faostat-wcad.holdings-by-land-size,MYS,1960,183387.0,,,,final,"WCA 1960 round, census 1960. FAO flag A: Official figure. FAO's note: Includes holdings without land",,,0-1
farms.faostat-wcad.holdings-by-land-size,MYS,1960,150070.0,,,,final,"WCA 1960 round, census 1960. FAO flag A: Official figure.",,,1-2
farms.faostat-wcad.holdings-by-land-size,MYS,1960,149952.0,,,,final,"WCA 1960 round, census 1960. FAO flag A: Official figure.",,,2-5
farms.faostat-wcad.holdings-by-land-size,MYS,1960,40061.0,,,,final,"WCA 1960 round, census 1960. FAO flag A: Official figure.",,,5-10
farms.faostat-wcad.holdings-by-land-size,MYS,1960,10710.0,,,,final,"WCA 1960 round, census 1960. FAO flag A: Official figure.",,,10-20
farms.faostat-wcad.holdings-by-land-size,MYS,1960,3151.0,,,,final,"WCA 1960 round, census 1960. FAO flag A: Official figure.",,,20-50
farms.faostat-wcad.holdings-by-land-size,MYS,1960,1123.0,,,,final,"WCA 1960 round, census 1960. FAO flag A: Official figure.",,,50-100
farms.faostat-wcad.holdings-by-land-size,MYS,1960,447.0,,,,final,"WCA 1960 round, census 1960. FAO flag A: Official figure.",,,100-200
farms.faostat-wcad.holdings-by-land-size,MYS,1960,450.0,,,,final,"WCA 1960 round, census 1960. FAO flag A: Official figure.",,,200-500
farms.faostat-wcad.holdings-by-land-size,MYS,1960,260.0,,,,final,"WCA 1960 round, census 1960. FAO flag A: Official figure.",,,500-1000
farms.faostat-wcad.holdings-by-land-size,MYS,1960,264.0,,,,final,"WCA 1960 round, census 1960. FAO flag A: Official figure.",,,1000-plus
farms.faostat-wcad.holdings-by-land-size,NAM,1959/1960,102.0,,,,final,"WCA 1960 round, census 1959/60. FAO flag A: Official figure.",,,0-1
farms.faostat-wcad.holdings-by-land-size,NAM,1995,24752.0,,,,final,"WCA 1990 round, census 1995. FAO flag A: Official figure. FAO's note: Arable area",,,0-1
farms.faostat-wcad.holdings-by-land-size,NAM,1996/1997,14742.0,,,,final,"WCA 2000 round, census 1996/97. FAO flag A: Official figure. FAO's note: Cultivated land",,,0-1
farms.faostat-wcad.holdings-by-land-size,NAM,2013/2014,14884.0,,,,final,"WCA 2010 round, census 2013/14. FAO flag I: Value imputed by a receiving agency.",,,0-1
farms.faostat-wcad.holdings-by-land-size,NAM,1959/1960,5.0,,,,final,"WCA 1960 round, census 1959/60. FAO flag A: Official figure.",,,1-2
farms.faostat-wcad.holdings-by-land-size,NAM,1995,23618.0,,,,final,"WCA 1990 round, census 1995. FAO flag A: Official figure. FAO's note: Arable area",,,1-2
farms.faostat-wcad.holdings-by-land-size,NAM,1996/1997,25115.0,,,,final,"WCA 2000 round, census 1996/97. FAO flag A: Official figure. FAO's note: Cultivated land",,,1-2
farms.faostat-wcad.holdings-by-land-size,NAM,2013/2014,12148.0,,,,final,"WCA 2010 round, census 2013/14. FAO flag A: Official figure.",,,1-2
farms.faostat-wcad.holdings-by-land-size,NAM,2013/2014,14373.0,,,,final,"WCA 2010 round, census 2013/14. FAO flag I: Value imputed by a receiving agency.",,,2-3
farms.faostat-wcad.holdings-by-land-size,NAM,2013/2014,10395.0,,,,final,"WCA 2010 round, census 2013/14. FAO flag I: Value imputed by a receiving agency.",,,3-4
farms.faostat-wcad.holdings-by-land-size,NAM,2013/2014,7801.0,,,,final,"WCA 2010 round, census 2013/14. FAO flag I: Value imputed by a receiving agency.",,,4-5
farms.faostat-wcad.holdings-by-land-size,NAM,1959/1960,11.0,,,,final,"WCA 1960 round, census 1959/60. FAO flag A: Official figure.",,,2-5
farms.faostat-wcad.holdings-by-land-size,NAM,1995,54307.0,,,,final,"WCA 1990 round, census 1995. FAO flag A: Official figure. FAO's note: Arable area",,,2-5
farms.faostat-wcad.holdings-by-land-size,NAM,1996/1997,50012.0,,,,final,"WCA 2000 round, census 1996/97. FAO flag A: Official figure. FAO's note: Cultivated land",,,2-5
farms.faostat-wcad.holdings-by-land-size,NAM,1959/1960,51.0,,,,final,"WCA 1960 round, census 1959/60. FAO flag A: Official figure.",,,5-10
farms.faostat-wcad.holdings-by-land-size,NAM,1995,10069.0,,,,final,"WCA 1990 round, census 1995. FAO flag A: Official figure. FAO's note: Arable area",,,5-10
farms.faostat-wcad.holdings-by-land-size,NAM,1996/1997,11493.0,,,,final,"WCA 2000 round, census 1996/97. FAO flag A: Official figure. FAO's note: Cultivated land",,,5-10
farms.faostat-wcad.holdings-by-land-size,NAM,2013/2014,40974.0,,,,final,"WCA 2010 round, census 2013/14. FAO flag A: Official figure.",,,5-10
farms.faostat-wcad.holdings-by-land-size,NAM,1959/1960,27.0,,,,final,"WCA 1960 round, census 1959/60. FAO flag A: Official figure.",,,10-20
farms.faostat-wcad.holdings-by-land-size,NAM,1995,700.0,,,,final,"WCA 1990 round, census 1995. FAO flag A: Official figure. FAO's note: Arable area",,,10-20
farms.faostat-wcad.holdings-by-land-size,NAM,1996/1997,861.0,,,,final,"WCA 2000 round, census 1996/97. FAO flag A: Official figure. FAO's note: Cultivated land",,,10-20
farms.faostat-wcad.holdings-by-land-size,NAM,2013/2014,58909.0,,,,final,"WCA 2010 round, census 2013/14. FAO flag A: Official figure.",,,10-20
farms.faostat-wcad.holdings-by-land-size,NAM,1959/1960,48.0,,,,final,"WCA 1960 round, census 1959/60. FAO flag A: Official figure.",,,20-50
farms.faostat-wcad.holdings-by-land-size,NAM,1995,120.0,,,,final,"WCA 1990 round, census 1995. FAO flag A: Official figure. FAO's note: Arable area",,,20-50
farms.faostat-wcad.holdings-by-land-size,NAM,1996/1997,119.0,,,,final,"WCA 2000 round, census 1996/97. FAO flag A: Official figure. FAO's note: Cultivated land",,,20-50
farms.faostat-wcad.holdings-by-land-size,NAM,1959/1960,18.0,,,,final,"WCA 1960 round, census 1959/60. FAO flag A: Official figure.",,,50-100
farms.faostat-wcad.holdings-by-land-size,NAM,1995,50.0,,,,final,"WCA 1990 round, census 1995. FAO flag A: Official figure. FAO's note: Arable area",,,50-100
farms.faostat-wcad.holdings-by-land-size,NAM,1996/1997,15.0,,,,final,"WCA 2000 round, census 1996/97. FAO flag A: Official figure. FAO's note: Cultivated land",,,50-100
farms.faostat-wcad.holdings-by-land-size,NAM,1959/1960,14.0,,,,final,"WCA 1960 round, census 1959/60. FAO flag A: Official figure.",,,100-200
farms.faostat-wcad.holdings-by-land-size,NAM,1959/1960,23.0,,,,final,"WCA 1960 round, census 1959/60. FAO flag A: Official figure.",,,200-500
farms.faostat-wcad.holdings-by-land-size,NAM,1959/1960,36.0,,,,final,"WCA 1960 round, census 1959/60. FAO flag A: Official figure.",,,500-1000
farms.faostat-wcad.holdings-by-land-size,NAM,1959/1960,5023.0,,,,final,"WCA 1960 round, census 1959/60. FAO flag A: Official figure.",,,1000-plus
farms.faostat-wcad.holdings-by-land-size,NER,1980,26219.0,,,,final,"WCA 1980 round, census 1980. FAO flag A: Official figure.",,,0-1
farms.faostat-wcad.holdings-by-land-size,NER,1980,95500.0,,,,final,"WCA 1980 round, census 1980. FAO flag A: Official figure.",,,1-2
farms.faostat-wcad.holdings-by-land-size,NER,1980,282587.0,,,,final,"WCA 1980 round, census 1980. FAO flag A: Official figure.",,,2-5
farms.faostat-wcad.holdings-by-land-size,NER,1980,264611.0,,,,final,"WCA 1980 round, census 1980. FAO flag A: Official figure.",,,5-10
farms.faostat-wcad.holdings-by-land-size,NER,1980,29831.0,,,,final,"WCA 1980 round, census 1980. FAO flag A: Official figure.",,,10-20
farms.faostat-wcad.holdings-by-land-size,NIC,1963,5161.0,,,,final,"WCA 1960 round, census 1963. FAO flag A: Official figure.",,,0-1
farms.faostat-wcad.holdings-by-land-size,NIC,2001,24837.0,,,,final,"WCA 2000 round, census 2001. FAO flag I: Value imputed by a receiving agency.",,,0-1
farms.faostat-wcad.holdings-by-land-size,NIC,2011,61323.0,,,,final,"WCA 2010 round, census 2011. FAO flag I: Value imputed by a receiving agency.",,,0-1
farms.faostat-wcad.holdings-by-land-size,NIC,1963,12581.0,,,,final,"WCA 1960 round, census 1963. FAO flag A: Official figure.",,,1-2
farms.faostat-wcad.holdings-by-land-size,NIC,2001,18341.0,,,,final,"WCA 2000 round, census 2001. FAO flag I: Value imputed by a receiving agency.",,,1-2
farms.faostat-wcad.holdings-by-land-size,NIC,2011,31341.0,,,,final,"WCA 2010 round, census 2011. FAO flag I: Value imputed by a receiving agency.",,,1-2
farms.faostat-wcad.holdings-by-land-size,NIC,2011,20779.0,,,,final,"WCA 2010 round, census 2011. FAO flag I: Value imputed by a receiving agency.",,,2-3
farms.faostat-wcad.holdings-by-land-size,NIC,2011,14770.0,,,,final,"WCA 2010 round, census 2011. FAO flag I: Value imputed by a receiving agency.",,,3-4
farms.faostat-wcad.holdings-by-land-size,NIC,2011,10631.0,,,,final,"WCA 2010 round, census 2011. FAO flag I: Value imputed by a receiving agency.",,,4-5
farms.faostat-wcad.holdings-by-land-size,NIC,1963,26460.0,,,,final,"WCA 1960 round, census 1963. FAO flag A: Official figure.",,,2-5
farms.faostat-wcad.holdings-by-land-size,NIC,2001,37174.0,,,,final,"WCA 2000 round, census 2001. FAO flag I: Value imputed by a receiving agency.",,,2-5
farms.faostat-wcad.holdings-by-land-size,NIC,1963,14594.0,,,,final,"WCA 1960 round, census 1963. FAO flag A: Official figure.",,,5-10
farms.faostat-wcad.holdings-by-land-size,NIC,2001,28232.0,,,,final,"WCA 2000 round, census 2001. FAO flag I: Value imputed by a receiving agency.",,,5-10
farms.faostat-wcad.holdings-by-land-size,NIC,2011,32147.0,,,,final,"WCA 2010 round, census 2011. FAO flag I: Value imputed by a receiving agency.",,,5-10
farms.faostat-wcad.holdings-by-land-size,NIC,1963,12591.0,,,,final,"WCA 1960 round, census 1963. FAO flag A: Official figure.",,,10-20
farms.faostat-wcad.holdings-by-land-size,NIC,2001,29541.0,,,,final,"WCA 2000 round, census 2001. FAO flag I: Value imputed by a receiving agency.",,,10-20
farms.faostat-wcad.holdings-by-land-size,NIC,2011,29532.0,,,,final,"WCA 2010 round, census 2011. FAO flag I: Value imputed by a receiving agency.",,,10-20
farms.faostat-wcad.holdings-by-land-size,NIC,1963,14850.0,,,,final,"WCA 1960 round, census 1963. FAO flag A: Official figure.",,,20-50
farms.faostat-wcad.holdings-by-land-size,NIC,2001,34869.0,,,,final,"WCA 2000 round, census 2001. FAO flag I: Value imputed by a receiving agency.",,,20-50
farms.faostat-wcad.holdings-by-land-size,NIC,2011,33982.0,,,,final,"WCA 2010 round, census 2011. FAO flag I: Value imputed by a receiving agency.",,,20-50
farms.faostat-wcad.holdings-by-land-size,NIC,1963,8309.0,,,,final,"WCA 1960 round, census 1963. FAO flag A: Official figure.",,,50-100
farms.faostat-wcad.holdings-by-land-size,NIC,2001,15565.0,,,,final,"WCA 2000 round, census 2001. FAO flag I: Value imputed by a receiving agency.",,,50-100
farms.faostat-wcad.holdings-by-land-size,NIC,2011,15943.0,,,,final,"WCA 2010 round, census 2011. FAO flag I: Value imputed by a receiving agency.",,,50-100
farms.faostat-wcad.holdings-by-land-size,NIC,1963,4446.0,,,,final,"WCA 1960 round, census 1963. FAO flag A: Official figure.",,,100-200
farms.faostat-wcad.holdings-by-land-size,NIC,2001,6996.0,,,,final,"WCA 2000 round, census 2001. FAO flag I: Value imputed by a receiving agency.",,,100-200
farms.faostat-wcad.holdings-by-land-size,NIC,2011,7452.0,,,,final,"WCA 2010 round, census 2011. FAO flag I: Value imputed by a receiving agency.",,,100-200
farms.faostat-wcad.holdings-by-land-size,NIC,1963,2300.0,,,,final,"WCA 1960 round, census 1963. FAO flag A: Official figure.",,,200-500
farms.faostat-wcad.holdings-by-land-size,NIC,2001,3994.0,,,,final,"WCA 2000 round, census 2001. FAO flag I: Value imputed by a receiving agency.",,,200-500
farms.faostat-wcad.holdings-by-land-size,NIC,2011,4646.0,,,,final,"WCA 2010 round, census 2011. FAO flag I: Value imputed by a receiving agency.",,,200-500
farms.faostat-wcad.holdings-by-land-size,NIC,1963,541.0,,,,final,"WCA 1960 round, census 1963. FAO flag A: Official figure.",,,500-1000
farms.faostat-wcad.holdings-by-land-size,NIC,1963,368.0,,,,final,"WCA 1960 round, census 1963. FAO flag A: Official figure.",,,1000-plus
farms.faostat-wcad.holdings-by-land-size,NIU,2021,223.0,,,,final,"WCA 2020 round, census 2021. FAO flag I: Value imputed by a receiving agency.",,,0-1
farms.faostat-wcad.holdings-by-land-size,NIU,2021,163.0,,,,final,"WCA 2020 round, census 2021. FAO flag I: Value imputed by a receiving agency.",,,1-2
farms.faostat-wcad.holdings-by-land-size,NIU,2021,27.0,,,,final,"WCA 2020 round, census 2021. FAO flag I: Value imputed by a receiving agency.",,,2-3
farms.faostat-wcad.holdings-by-land-size,NIU,2021,21.0,,,,final,"WCA 2020 round, census 2021. FAO flag I: Value imputed by a receiving agency.",,,3-4
farms.faostat-wcad.holdings-by-land-size,NIU,2021,9.0,,,,final,"WCA 2020 round, census 2021. FAO flag I: Value imputed by a receiving agency.",,,4-5
farms.faostat-wcad.holdings-by-land-size,NIU,2021,24.0,,,,final,"WCA 2020 round, census 2021. FAO flag I: Value imputed by a receiving agency.",,,5-10
farms.faostat-wcad.holdings-by-land-size,NIU,2021,14.0,,,,final,"WCA 2020 round, census 2021. FAO flag I: Value imputed by a receiving agency.",,,10-20
farms.faostat-wcad.holdings-by-land-size,NLD,1930,137936.0,,,,final,"WCA 1930 round, census 1930. FAO flag A: Official figure.",,,0-1
farms.faostat-wcad.holdings-by-land-size,NLD,1950/1951,168439.0,,,,final,"WCA 1950 round, census 1950/51. FAO flag A: Official figure. FAO's note: Includes 71,233 holdings without agricultural land",,,0-1
farms.faostat-wcad.holdings-by-land-size,NLD,1960,71474.0,,,,final,"WCA 1960 round, census 1960. FAO flag A: Official figure.",,,0-1
farms.faostat-wcad.holdings-by-land-size,NLD,1970,17000.0,,,,final,"WCA 1970 round, census 1970. FAO flag A: Official figure.",,,0-1
farms.faostat-wcad.holdings-by-land-size,NLD,1979,12570.0,,,,final,"WCA 1980 round, census 1979. FAO flag A: Official figure.",,,0-1
farms.faostat-wcad.holdings-by-land-size,NLD,1989,13234.0,,,,final,"WCA 1990 round, census 1989. FAO flag I: Value imputed by a receiving agency. FAO's note: Agricultural area.",,,0-1
farms.faostat-wcad.holdings-by-land-size,NLD,2010,2635.0,,,,final,"WCA 2010 round, census 2010. FAO flag I: Value imputed by a receiving agency. FAO's note: UAA",,,0-1
farms.faostat-wcad.holdings-by-land-size,NLD,2020,1249.0,,,,final,"WCA 2020 round, census 2020. FAO flag I: Value imputed by a receiving agency. FAO's note: UAA",,,0-1
farms.faostat-wcad.holdings-by-land-size,NLD,1930,32189.0,,,,final,"WCA 1930 round, census 1930. FAO flag I: Value imputed by a receiving agency.",,,1-2
farms.faostat-wcad.holdings-by-land-size,NLD,1950/1951,29597.0,,,,final,"WCA 1950 round, census 1950/51. FAO flag I: Value imputed by a receiving agency.",,,1-2
farms.faostat-wcad.holdings-by-land-size,NLD,1960,31389.0,,,,final,"WCA 1960 round, census 1960. FAO flag A: Official figure.",,,1-2
farms.faostat-wcad.holdings-by-land-size,NLD,1970,14483.0,,,,final,"WCA 1970 round, census 1970. FAO flag A: Official figure.",,,1-2
farms.faostat-wcad.holdings-by-land-size,NLD,1979,9273.0,,,,final,"WCA 1980 round, census 1979. FAO flag I: Value imputed by a receiving agency.",,,1-2
farms.faostat-wcad.holdings-by-land-size,NLD,1989,9993.0,,,,final,"WCA 1990 round, census 1989. FAO flag I: Value imputed by a receiving agency. FAO's note: Agricultural area.",,,1-2
farms.faostat-wcad.holdings-by-land-size,NLD,1999/2000,16120.0,,,,final,"WCA 2000 round, census 1999/00. FAO flag A: Official figure. FAO's note: Agricultural area. < 2 ha",,,1-2
farms.faostat-wcad.holdings-by-land-size,NLD,2010,5365.0,,,,final,"WCA 2010 round, census 2010. FAO flag I: Value imputed by a receiving agency. FAO's note: UAA",,,1-2
farms.faostat-wcad.holdings-by-land-size,NLD,2020,2541.0,,,,final,"WCA 2020 round, census 2020. FAO flag I: Value imputed by a receiving agency. FAO's note: UAA",,,1-2
farms.faostat-wcad.holdings-by-land-size,NLD,2010,3729.0,,,,final,"WCA 2010 round, census 2010. FAO flag I: Value imputed by a receiving agency. FAO's note: UAA",,,2-3
farms.faostat-wcad.holdings-by-land-size,NLD,2020,1813.0,,,,final,"WCA 2020 round, census 2020. FAO flag I: Value imputed by a receiving agency. FAO's note: UAA",,,2-3
farms.faostat-wcad.holdings-by-land-size,NLD,2010,3709.0,,,,final,"WCA 2010 round, census 2010. FAO flag I: Value imputed by a receiving agency. FAO's note: UAA",,,3-4
farms.faostat-wcad.holdings-by-land-size,NLD,2020,1804.0,,,,final,"WCA 2020 round, census 2020. FAO flag I: Value imputed by a receiving agency. FAO's note: UAA",,,3-4
farms.faostat-wcad.holdings-by-land-size,NLD,2010,3562.0,,,,final,"WCA 2010 round, census 2010. FAO flag I: Value imputed by a receiving agency. FAO's note: UAA",,,4-5
farms.faostat-wcad.holdings-by-land-size,NLD,2020,1732.0,,,,final,"WCA 2020 round, census 2020. FAO flag I: Value imputed by a receiving agency. FAO's note: UAA",,,4-5
farms.faostat-wcad.holdings-by-land-size,NLD,1930,78457.0,,,,final,"WCA 1930 round, census 1930. FAO flag I: Value imputed by a receiving agency.",,,2-5
farms.faostat-wcad.holdings-by-land-size,NLD,1950/1951,72140.0,,,,final,"WCA 1950 round, census 1950/51. FAO flag I: Value imputed by a receiving agency.",,,2-5
farms.faostat-wcad.holdings-by-land-size,NLD,1960,55184.0,,,,final,"WCA 1960 round, census 1960. FAO flag A: Official figure.",,,2-5
farms.faostat-wcad.holdings-by-land-size,NLD,1970,28014.0,,,,final,"WCA 1970 round, census 1970. FAO flag A: Official figure.",,,2-5
farms.faostat-wcad.holdings-by-land-size,NLD,1979,22602.0,,,,final,"WCA 1980 round, census 1979. FAO flag I: Value imputed by a receiving agency.",,,2-5
farms.faostat-wcad.holdings-by-land-size,NLD,1989,18823.0,,,,final,"WCA 1990 round, census 1989. FAO flag I: Value imputed by a receiving agency. FAO's note: Agricultural area.",,,2-5
farms.faostat-wcad.holdings-by-land-size,NLD,1999/2000,15620.0,,,,final,"WCA 2000 round, census 1999/00. FAO flag A: Official figure. FAO's note: Agricultural area",,,2-5
farms.faostat-wcad.holdings-by-land-size,NLD,1930,55500.0,,,,final,"WCA 1930 round, census 1930. FAO flag A: Official figure.",,,5-10
farms.faostat-wcad.holdings-by-land-size,NLD,1950/1951,64275.0,,,,final,"WCA 1950 round, census 1950/51. FAO flag A: Official figure.",,,5-10
farms.faostat-wcad.holdings-by-land-size,NLD,1960,61570.0,,,,final,"WCA 1960 round, census 1960. FAO flag A: Official figure.",,,5-10
farms.faostat-wcad.holdings-by-land-size,NLD,1970,39155.0,,,,final,"WCA 1970 round, census 1970. FAO flag A: Official figure.",,,5-10
farms.faostat-wcad.holdings-by-land-size,NLD,1979,27065.0,,,,final,"WCA 1980 round, census 1979. FAO flag A: Official figure.",,,5-10
farms.faostat-wcad.holdings-by-land-size,NLD,1989,21651.0,,,,final,"WCA 1990 round, census 1989. FAO flag A: Official figure. FAO's note: Agricultural area",,,5-10
farms.faostat-wcad.holdings-by-land-size,NLD,1999/2000,15780.0,,,,final,"WCA 2000 round, census 1999/00. FAO flag A: Official figure. FAO's note: Agricultural area",,,5-10
farms.faostat-wcad.holdings-by-land-size,NLD,2010,10260.0,,,,final,"WCA 2010 round, census 2010. FAO flag A: Official figure. FAO's note: UAA",,,5-10
farms.faostat-wcad.holdings-by-land-size,NLD,2020,6890.0,,,,final,"WCA 2020 round, census 2020. FAO flag A: Official figure. FAO's note: UAA",,,5-10
farms.faostat-wcad.holdings-by-land-size,NLD,1930,41256.0,,,,final,"WCA 1930 round, census 1930. FAO flag A: Official figure.",,,10-20
farms.faostat-wcad.holdings-by-land-size,NLD,1950/1951,48693.0,,,,final,"WCA 1950 round, census 1950/51. FAO flag A: Official figure.",,,10-20
farms.faostat-wcad.holdings-by-land-size,NLD,1960,54442.0,,,,final,"WCA 1960 round, census 1960. FAO flag A: Official figure.",,,10-20
farms.faostat-wcad.holdings-by-land-size,NLD,1970,52079.0,,,,final,"WCA 1970 round, census 1970. FAO flag A: Official figure.",,,10-20
farms.faostat-wcad.holdings-by-land-size,NLD,1979,38553.0,,,,final,"WCA 1980 round, census 1979. FAO flag A: Official figure.",,,10-20
farms.faostat-wcad.holdings-by-land-size,NLD,1989,26555.0,,,,final,"WCA 1990 round, census 1989. FAO flag A: Official figure. FAO's note: Agricultural area",,,10-20
farms.faostat-wcad.holdings-by-land-size,NLD,1999/2000,17510.0,,,,final,"WCA 2000 round, census 1999/00. FAO flag A: Official figure. FAO's note: Agricultural area",,,10-20
farms.faostat-wcad.holdings-by-land-size,NLD,2010,10820.0,,,,final,"WCA 2010 round, census 2010. FAO flag A: Official figure. FAO's note: UAA",,,10-20
farms.faostat-wcad.holdings-by-land-size,NLD,2020,8100.0,,,,final,"WCA 2020 round, census 2020. FAO flag A: Official figure. FAO's note: UAA",,,10-20
farms.faostat-wcad.holdings-by-land-size,NLD,1930,24092.0,,,,final,"WCA 1930 round, census 1930. FAO flag A: Official figure.",,,20-50
farms.faostat-wcad.holdings-by-land-size,NLD,1950/1951,24521.0,,,,final,"WCA 1950 round, census 1950/51. FAO flag A: Official figure.",,,20-50
farms.faostat-wcad.holdings-by-land-size,NLD,1960,24615.0,,,,final,"WCA 1960 round, census 1960. FAO flag A: Official figure.",,,20-50
farms.faostat-wcad.holdings-by-land-size,NLD,1970,27881.0,,,,final,"WCA 1970 round, census 1970. FAO flag A: Official figure.",,,20-50
farms.faostat-wcad.holdings-by-land-size,NLD,1979,30628.0,,,,final,"WCA 1980 round, census 1979. FAO flag A: Official figure.",,,20-50
farms.faostat-wcad.holdings-by-land-size,NLD,1989,31440.0,,,,final,"WCA 1990 round, census 1989. FAO flag A: Official figure. FAO's note: Agricultural area",,,20-50
farms.faostat-wcad.holdings-by-land-size,NLD,1999/2000,28180.0,,,,final,"WCA 2000 round, census 1999/00. FAO flag A: Official figure. FAO's note: Agricultural area",,,20-50
farms.faostat-wcad.holdings-by-land-size,NLD,2010,19220.0,,,,final,"WCA 2010 round, census 2010. FAO flag A: Official figure. FAO's note: UAA",,,20-50
farms.faostat-wcad.holdings-by-land-size,NLD,2020,14620.0,,,,final,"WCA 2020 round, census 2020. FAO flag A: Official figure. FAO's note: UAA",,,20-50
farms.faostat-wcad.holdings-by-land-size,NLD,1930,2456.0,,,,final,"WCA 1930 round, census 1930. FAO flag A: Official figure.",,,50-100
farms.faostat-wcad.holdings-by-land-size,NLD,1950/1951,1968.0,,,,final,"WCA 1950 round, census 1950/51. FAO flag A: Official figure.",,,50-100
farms.faostat-wcad.holdings-by-land-size,NLD,1960,1871.0,,,,final,"WCA 1960 round, census 1960. FAO flag A: Official figure.",,,50-100
farms.faostat-wcad.holdings-by-land-size,NLD,1970,2283.0,,,,final,"WCA 1970 round, census 1970. FAO flag A: Official figure.",,,50-100
farms.faostat-wcad.holdings-by-land-size,NLD,1979,3382.0,,,,final,"WCA 1980 round, census 1979. FAO flag A: Official figure.",,,50-100
farms.faostat-wcad.holdings-by-land-size,NLD,1989,5058.0,,,,final,"WCA 1990 round, census 1989. FAO flag A: Official figure. FAO's note: Agricultural area",,,50-100
farms.faostat-wcad.holdings-by-land-size,NLD,1999/2000,7150.0,,,,final,"WCA 2000 round, census 1999/00. FAO flag A: Official figure. FAO's note: Agricultural area",,,50-100
farms.faostat-wcad.holdings-by-land-size,NLD,2010,9130.0,,,,final,"WCA 2010 round, census 2010. FAO flag A: Official figure. FAO's note: UAA",,,50-100
farms.faostat-wcad.holdings-by-land-size,NLD,2020,9460.0,,,,final,"WCA 2020 round, census 2020. FAO flag A: Official figure. FAO's note: UAA",,,50-100
farms.faostat-wcad.holdings-by-land-size,NLD,1930,195.0,,,,final,"WCA 1930 round, census 1930. FAO flag A: Official figure.",,,100-200
farms.faostat-wcad.holdings-by-land-size,NLD,1950/1951,165.0,,,,final,"WCA 1950 round, census 1950/51. FAO flag A: Official figure.",,,100-200
farms.faostat-wcad.holdings-by-land-size,NLD,1960,157.0,,,,final,"WCA 1960 round, census 1960. FAO flag A: Official figure.",,,100-200
farms.faostat-wcad.holdings-by-land-size,NLD,1970,224.0,,,,final,"WCA 1970 round, census 1970. FAO flag A: Official figure.",,,100-200
farms.faostat-wcad.holdings-by-land-size,NLD,1979,362.0,,,,final,"WCA 1980 round, census 1979. FAO flag A: Official figure.",,,100-200
farms.faostat-wcad.holdings-by-land-size,NLD,1989,613.0,,,,final,"WCA 1990 round, census 1989. FAO flag A: Official figure. FAO's note: Agricultural area",,,100-200
farms.faostat-wcad.holdings-by-land-size,NLD,1999/2000,1190.0,,,,final,"WCA 2000 round, census 1999/00. FAO flag A: Official figure. FAO's note: Agricultural area",,,100-200
farms.faostat-wcad.holdings-by-land-size,NLD,2010,2210.0,,,,final,"WCA 2010 round, census 2010. FAO flag A: Official figure. FAO's note: UAA",,,100-200
farms.faostat-wcad.holdings-by-land-size,NLD,2020,3080.0,,,,final,"WCA 2020 round, census 2020. FAO flag A: Official figure. FAO's note: UAA",,,100-200
farms.faostat-wcad.holdings-by-land-size,NOR,1929,117506.0,,,,final,"WCA 1930 round, census 1929. FAO flag A: Official figure.",,,0-1
farms.faostat-wcad.holdings-by-land-size,NOR,1949,159224.0,,,,final,"WCA 1950 round, census 1949. FAO flag I: Value imputed by a receiving agency. FAO's note: Includes 4 403 holdings without agricultural land having total area of 4.262 haectares",,,0-1
farms.faostat-wcad.holdings-by-land-size,NOR,1959,19414.0,,,,final,"WCA 1960 round, census 1959. FAO flag A: Official figure.",,,0-1
farms.faostat-wcad.holdings-by-land-size,NOR,1969,8735.0,,,,final,"WCA 1970 round, census 1969. FAO flag I: Value imputed by a receiving agency.",,,0-1
farms.faostat-wcad.holdings-by-land-size,NOR,1979,7917.0,,,,final,"WCA 1980 round, census 1979. FAO flag A: Official figure.",,,0-1
farms.faostat-wcad.holdings-by-land-size,NOR,1989,4261.0,,,,final,"WCA 1990 round, census 1989. FAO flag A: Official figure. FAO's note: Agricultural area",,,0-1
farms.faostat-wcad.holdings-by-land-size,NOR,1999,1122.0,,,,final,"WCA 2000 round, census 1999. FAO flag A: Official figure. FAO's note: Agricultural area",,,0-1
farms.faostat-wcad.holdings-by-land-size,NOR,2010,346.0,,,,final,"WCA 2010 round, census 2010. FAO flag I: Value imputed by a receiving agency. FAO's note: UAA",,,0-1
farms.faostat-wcad.holdings-by-land-size,NOR,2020,422.0,,,,final,"WCA 2020 round, census 2020. FAO flag I: Value imputed by a receiving agency.",,,0-1
farms.faostat-wcad.holdings-by-land-size,NOR,1929,48294.0,,,,final,"WCA 1930 round, census 1929. FAO flag A: Official figure.",,,1-2
farms.faostat-wcad.holdings-by-land-size,NOR,1949,43999.0,,,,final,"WCA 1950 round, census 1949. FAO flag I: Value imputed by a receiving agency.",,,1-2
farms.faostat-wcad.holdings-by-land-size,NOR,1959,40889.0,,,,final,"WCA 1960 round, census 1959. FAO flag A: Official figure.",,,1-2
farms.faostat-wcad.holdings-by-land-size,NOR,1969,24579.0,,,,final,"WCA 1970 round, census 1969. FAO flag I: Value imputed by a receiving agency.",,,1-2
farms.faostat-wcad.holdings-by-land-size,NOR,1979,16637.0,,,,final,"WCA 1980 round, census 1979. FAO flag A: Official figure.",,,1-2
farms.faostat-wcad.holdings-by-land-size,NOR,1989,9343.0,,,,final,"WCA 1990 round, census 1989. FAO flag A: Official figure. FAO's note: Agricultural area",,,1-2
farms.faostat-wcad.holdings-by-land-size,NOR,1999,2482.0,,,,final,"WCA 2000 round, census 1999. FAO flag A: Official figure. FAO's note: Agricultural area",,,1-2
farms.faostat-wcad.holdings-by-land-size,NOR,2010,704.0,,,,final,"WCA 2010 round, census 2010. FAO flag I: Value imputed by a receiving agency. FAO's note: UAA",,,1-2
farms.faostat-wcad.holdings-by-land-size,NOR,2020,708.0,,,,final,"WCA 2020 round, census 2020. FAO flag I: Value imputed by a receiving agency.",,,1-2
farms.faostat-wcad.holdings-by-land-size,NOR,2010,1156.0,,,,final,"WCA 2010 round, census 2010. FAO flag I: Value imputed by a receiving agency. FAO's note: UAA",,,2-3
farms.faostat-wcad.holdings-by-land-size,NOR,2010,1150.0,,,,final,"WCA 2010 round, census 2010. FAO flag I: Value imputed by a receiving agency. FAO's note: UAA",,,3-4
farms.faostat-wcad.holdings-by-land-size,NOR,2010,1104.0,,,,final,"WCA 2010 round, census 2010. FAO flag I: Value imputed by a receiving agency. FAO's note: UAA",,,4-5
farms.faostat-wcad.holdings-by-land-size,NOR,1929,74662.0,,,,final,"WCA 1930 round, census 1929. FAO flag A: Official figure.",,,2-5
farms.faostat-wcad.holdings-by-land-size,NOR,1949,82788.0,,,,final,"WCA 1950 round, census 1949. FAO flag I: Value imputed by a receiving agency.",,,2-5
farms.faostat-wcad.holdings-by-land-size,NOR,1959,75527.0,,,,final,"WCA 1960 round, census 1959. FAO flag A: Official figure.",,,2-5
farms.faostat-wcad.holdings-by-land-size,NOR,1969,55167.0,,,,final,"WCA 1970 round, census 1969. FAO flag A: Official figure.",,,2-5
farms.faostat-wcad.holdings-by-land-size,NOR,1979,37464.0,,,,final,"WCA 1980 round, census 1979. FAO flag A: Official figure.",,,2-5
farms.faostat-wcad.holdings-by-land-size,NOR,1989,23427.0,,,,final,"WCA 1990 round, census 1989. FAO flag A: Official figure. FAO's note: Agricultural area",,,2-5
farms.faostat-wcad.holdings-by-land-size,NOR,1999,10913.0,,,,final,"WCA 2000 round, census 1999. FAO flag A: Official figure. FAO's note: Agricultural area",,,2-5
farms.faostat-wcad.holdings-by-land-size,NOR,2020,3190.0,,,,final,"WCA 2020 round, census 2020. FAO flag A: Official figure.",,,2-5
farms.faostat-wcad.holdings-by-land-size,NOR,1929,36968.0,,,,final,"WCA 1930 round, census 1929. FAO flag A: Official figure.",,,5-10
farms.faostat-wcad.holdings-by-land-size,NOR,1949,42669.0,,,,final,"WCA 1950 round, census 1949. FAO flag I: Value imputed by a receiving agency.",,,5-10
farms.faostat-wcad.holdings-by-land-size,NOR,1959,42126.0,,,,final,"WCA 1960 round, census 1959. FAO flag A: Official figure.",,,5-10
farms.faostat-wcad.holdings-by-land-size,NOR,1969,42240.0,,,,final,"WCA 1970 round, census 1969. FAO flag A: Official figure.",,,5-10
farms.faostat-wcad.holdings-by-land-size,NOR,1979,32716.0,,,,final,"WCA 1980 round, census 1979. FAO flag A: Official figure.",,,5-10
farms.faostat-wcad.holdings-by-land-size,NOR,1989,24969.0,,,,final,"WCA 1990 round, census 1989. FAO flag A: Official figure. FAO's note: Agricultural area",,,5-10
farms.faostat-wcad.holdings-by-land-size,NOR,1999,16720.0,,,,final,"WCA 2000 round, census 1999. FAO flag A: Official figure. FAO's note: Agricultural area",,,5-10
farms.faostat-wcad.holdings-by-land-size,NOR,2010,8110.0,,,,final,"WCA 2010 round, census 2010. FAO flag A: Official figure. FAO's note: UAA",,,5-10
farms.faostat-wcad.holdings-by-land-size,NOR,2020,6360.0,,,,final,"WCA 2020 round, census 2020. FAO flag A: Official figure.",,,5-10
farms.faostat-wcad.holdings-by-land-size,NOR,1929,15762.0,,,,final,"WCA 1930 round, census 1929. FAO flag A: Official figure.",,,10-20
farms.faostat-wcad.holdings-by-land-size,NOR,1949,15650.0,,,,final,"WCA 1950 round, census 1949. FAO flag I: Value imputed by a receiving agency.",,,10-20
farms.faostat-wcad.holdings-by-land-size,NOR,1959,15074.0,,,,final,"WCA 1960 round, census 1959. FAO flag A: Official figure.",,,10-20
farms.faostat-wcad.holdings-by-land-size,NOR,1969,17938.0,,,,final,"WCA 1970 round, census 1969. FAO flag A: Official figure.",,,10-20
farms.faostat-wcad.holdings-by-land-size,NOR,1979,21632.0,,,,final,"WCA 1980 round, census 1979. FAO flag A: Official figure.",,,10-20
farms.faostat-wcad.holdings-by-land-size,NOR,1989,25330.0,,,,final,"WCA 1990 round, census 1989. FAO flag A: Official figure. FAO's note: Agricultural area",,,10-20
farms.faostat-wcad.holdings-by-land-size,NOR,1999,22286.0,,,,final,"WCA 2000 round, census 1999. FAO flag A: Official figure. FAO's note: Agricultural area",,,10-20
farms.faostat-wcad.holdings-by-land-size,NOR,2010,13440.0,,,,final,"WCA 2010 round, census 2010. FAO flag A: Official figure. FAO's note: UAA",,,10-20
farms.faostat-wcad.holdings-by-land-size,NOR,2020,9760.0,,,,final,"WCA 2020 round, census 2020. FAO flag A: Official figure.",,,10-20
farms.faostat-wcad.holdings-by-land-size,NOR,1929,4844.0,,,,final,"WCA 1930 round, census 1929. FAO flag A: Official figure.",,,20-50
farms.faostat-wcad.holdings-by-land-size,NOR,1949,4819.0,,,,final,"WCA 1950 round, census 1949. FAO flag I: Value imputed by a receiving agency.",,,20-50
farms.faostat-wcad.holdings-by-land-size,NOR,1959,4870.0,,,,final,"WCA 1960 round, census 1959. FAO flag A: Official figure.",,,20-50
farms.faostat-wcad.holdings-by-land-size,NOR,1969,5822.0,,,,final,"WCA 1970 round, census 1969. FAO flag A: Official figure.",,,20-50
farms.faostat-wcad.holdings-by-land-size,NOR,1979,5747.0,,,,final,"WCA 1980 round, census 1979. FAO flag I: Value imputed by a receiving agency.",,,20-50
farms.faostat-wcad.holdings-by-land-size,NOR,1989,11194.0,,,,final,"WCA 1990 round, census 1989. FAO flag A: Official figure. FAO's note: Agricultural area",,,20-50
farms.faostat-wcad.holdings-by-land-size,NOR,1999,15640.0,,,,final,"WCA 2000 round, census 1999. FAO flag A: Official figure. FAO's note: Agricultural area",,,20-50
farms.faostat-wcad.holdings-by-land-size,NOR,2010,15300.0,,,,final,"WCA 2010 round, census 2010. FAO flag A: Official figure. FAO's note: UAA",,,20-50
farms.faostat-wcad.holdings-by-land-size,NOR,2020,12160.0,,,,final,"WCA 2020 round, census 2020. FAO flag A: Official figure.",,,20-50
farms.faostat-wcad.holdings-by-land-size,NOR,1929,292.0,,,,final,"WCA 1930 round, census 1929. FAO flag A: Official figure.",,,50-100
farms.faostat-wcad.holdings-by-land-size,NOR,1949,343.0,,,,final,"WCA 1950 round, census 1949. FAO flag I: Value imputed by a receiving agency.",,,50-100
farms.faostat-wcad.holdings-by-land-size,NOR,1959,372.0,,,,final,"WCA 1960 round, census 1959. FAO flag A: Official figure.",,,50-100
farms.faostat-wcad.holdings-by-land-size,NOR,1969,496.0,,,,final,"WCA 1970 round, census 1969. FAO flag A: Official figure.",,,50-100
farms.faostat-wcad.holdings-by-land-size,NOR,1979,3136.0,,,,final,"WCA 1980 round, census 1979. FAO flag I: Value imputed by a receiving agency.",,,50-100
farms.faostat-wcad.holdings-by-land-size,NOR,1989,801.0,,,,final,"WCA 1990 round, census 1989. FAO flag A: Official figure. FAO's note: Agricultural area",,,50-100
farms.faostat-wcad.holdings-by-land-size,NOR,1999,1451.0,,,,final,"WCA 2000 round, census 1999. FAO flag A: Official figure. FAO's note: Agricultural area",,,50-100
farms.faostat-wcad.holdings-by-land-size,NOR,2010,3020.0,,,,final,"WCA 2010 round, census 2010. FAO flag A: Official figure. FAO's note: UAA",,,50-100
farms.faostat-wcad.holdings-by-land-size,NOR,2020,3970.0,,,,final,"WCA 2020 round, census 2020. FAO flag A: Official figure.",,,50-100
farms.faostat-wcad.holdings-by-land-size,NOR,1929,32.0,,,,final,"WCA 1930 round, census 1929. FAO flag A: Official figure.",,,100-200
farms.faostat-wcad.holdings-by-land-size,NOR,1949,37.0,,,,final,"WCA 1950 round, census 1949. FAO flag I: Value imputed by a receiving agency.",,,100-200
farms.faostat-wcad.holdings-by-land-size,NOR,1959,43.0,,,,final,"WCA 1960 round, census 1959. FAO flag A: Official figure.",,,100-200
farms.faostat-wcad.holdings-by-land-size,NOR,1979,53.0,,,,final,"WCA 1980 round, census 1979. FAO flag A: Official figure.",,,100-200
farms.faostat-wcad.holdings-by-land-size,NOR,1989,57.0,,,,final,"WCA 1990 round, census 1989. FAO flag A: Official figure. FAO's note: Agricultural area",,,100-200
farms.faostat-wcad.holdings-by-land-size,NOR,1999,119.0,,,,final,"WCA 2000 round, census 1999. FAO flag A: Official figure. FAO's note: Agricultural area",,,100-200
farms.faostat-wcad.holdings-by-land-size,NOR,2010,500.0,,,,final,"WCA 2010 round, census 2010. FAO flag A: Official figure. FAO's note: UAA",,,100-200
farms.faostat-wcad.holdings-by-land-size,NOR,2020,940.0,,,,final,"WCA 2020 round, census 2020. FAO flag A: Official figure.",,,100-200
farms.faostat-wcad.holdings-by-land-size,NOR,1999,7.0,,,,final,"WCA 2000 round, census 1999. FAO flag A: Official figure. FAO's note: Agricultural area",,,200-500
farms.faostat-wcad.holdings-by-land-size,NPL,1982,1455097.0,,,,final,"WCA 1980 round, census 1982. FAO flag A: Official figure.",,,0-1
farms.faostat-wcad.holdings-by-land-size,NPL,1992,1909811.0,,,,final,"WCA 1990 round, census 1992. FAO flag A: Official figure.",,,0-1
farms.faostat-wcad.holdings-by-land-size,NPL,2002,2521292.0,,,,final,"WCA 2000 round, census 2002. FAO flag A: Official figure.",,,0-1
farms.faostat-wcad.holdings-by-land-size,NPL,2011/2012,3086569.0,,,,final,"WCA 2010 round, census 2011/12. FAO flag A: Official figure.",,,0-1
farms.faostat-wcad.holdings-by-land-size,NPL,2021,3449086.0,,,,final,"WCA 2020 round, census 2021. FAO flag A: Official figure.",,,0-1
farms.faostat-wcad.holdings-by-land-size,NPL,1982,379051.0,,,,final,"WCA 1980 round, census 1982. FAO flag A: Official figure.",,,1-2
farms.faostat-wcad.holdings-by-land-size,NPL,1992,529467.0,,,,final,"WCA 1990 round, census 1992. FAO flag A: Official figure.",,,1-2
farms.faostat-wcad.holdings-by-land-size,NPL,2002,588649.0,,,,final,"WCA 2000 round, census 2002. FAO flag A: Official figure.",,,1-2
farms.faostat-wcad.holdings-by-land-size,NPL,2011/2012,548974.0,,,,final,"WCA 2010 round, census 2011/12. FAO flag A: Official figure.",,,1-2
farms.faostat-wcad.holdings-by-land-size,NPL,2021,427037.0,,,,final,"WCA 2020 round, census 2021. FAO flag A: Official figure.",,,1-2
farms.faostat-wcad.holdings-by-land-size,NPL,2011/2012,129364.0,,,,final,"WCA 2010 round, census 2011/12. FAO flag A: Official figure.",,,2-3
farms.faostat-wcad.holdings-by-land-size,NPL,2011/2012,39507.0,,,,final,"WCA 2010 round, census 2011/12. FAO flag A: Official figure.",,,3-4
farms.faostat-wcad.holdings-by-land-size,NPL,2011/2012,14881.0,,,,final,"WCA 2010 round, census 2011/12. FAO flag A: Official figure.",,,4-5
farms.faostat-wcad.holdings-by-land-size,NPL,1982,276630.0,,,,final,"WCA 1980 round, census 1982. FAO flag A: Official figure.",,,2-5
farms.faostat-wcad.holdings-by-land-size,NPL,1992,256614.0,,,,final,"WCA 1990 round, census 1992. FAO flag A: Official figure.",,,2-5
farms.faostat-wcad.holdings-by-land-size,NPL,2002,228840.0,,,,final,"WCA 2000 round, census 2002. FAO flag A: Official figure.",,,2-5
farms.faostat-wcad.holdings-by-land-size,NPL,2021,115308.0,,,,final,"WCA 2020 round, census 2021. FAO flag A: Official figure.",,,2-5
farms.faostat-wcad.holdings-by-land-size,NPL,1982,60082.0,,,,final,"WCA 1980 round, census 1982. FAO flag A: Official figure.",,,5-10
farms.faostat-wcad.holdings-by-land-size,NPL,1992,31952.0,,,,final,"WCA 1990 round, census 1992. FAO flag A: Official figure.",,,5-10
farms.faostat-wcad.holdings-by-land-size,NPL,2002,21575.0,,,,final,"WCA 2000 round, census 2002. FAO flag A: Official figure.",,,5-10
farms.faostat-wcad.holdings-by-land-size,NPL,2011/2012,10744.0,,,,final,"WCA 2010 round, census 2011/12. FAO flag A: Official figure.",,,5-10
farms.faostat-wcad.holdings-by-land-size,NPL,2021,6979.0,,,,final,"WCA 2020 round, census 2021. FAO flag A: Official figure.",,,5-10
farms.faostat-wcad.holdings-by-land-size,NPL,1982,14872.0,,,,final,"WCA 1980 round, census 1982. FAO flag A: Official figure.",,,10-20
farms.faostat-wcad.holdings-by-land-size,NPL,1992,8206.0,,,,final,"WCA 1990 round, census 1992. FAO flag A: Official figure.",,,10-20
farms.faostat-wcad.holdings-by-land-size,NPL,2002,3783.0,,,,final,"WCA 2000 round, census 2002. FAO flag A: Official figure.",,,10-20
farms.faostat-wcad.holdings-by-land-size,NPL,2011/2012,1054.0,,,,final,"WCA 2010 round, census 2011/12. FAO flag A: Official figure.",,,10-20
farms.faostat-wcad.holdings-by-land-size,NPL,2021,875.0,,,,final,"WCA 2020 round, census 2021. FAO flag A: Official figure.",,,10-20
farms.faostat-wcad.holdings-by-land-size,NRU,2021,264.0,,,,final,"WCA 2020 round, census 2021. FAO flag A: Official figure. FAO's note: 11 holdings not disagreggated by land size classes",,,0-1
farms.faostat-wcad.holdings-by-land-size,NZL,1930,2526.0,,,,final,"WCA 1930 round, census 1930. FAO flag I: Value imputed by a receiving agency.",,,0-1
farms.faostat-wcad.holdings-by-land-size,NZL,1950,2644.0,,,,final,"WCA 1950 round, census 1950. FAO flag I: Value imputed by a receiving agency.",,,0-1
farms.faostat-wcad.holdings-by-land-size,NZL,1972,471.0,,,,final,"WCA 1970 round, census 1972. FAO flag I: Value imputed by a receiving agency.",,,0-1
farms.faostat-wcad.holdings-by-land-size,NZL,2012,1801.0,,,,final,"WCA 2010 round, census 2012. FAO flag I: Value imputed by a receiving agency.",,,0-1
farms.faostat-wcad.holdings-by-land-size,NZL,2017,1665.0,,,,final,"WCA 2020 round, census 2017. FAO flag A: Official figure. FAO's note: Figures have been randomly rounded to protect confidentiality. These rounded figures may not add up to the rounded totals.",,,0-1
farms.faostat-wcad.holdings-by-land-size,NZL,1930,4871.0,,,,final,"WCA 1930 round, census 1930. FAO flag I: Value imputed by a receiving agency.",,,1-2
farms.faostat-wcad.holdings-by-land-size,NZL,1950,3863.0,,,,final,"WCA 1950 round, census 1950. FAO flag I: Value imputed by a receiving agency.",,,1-2
farms.faostat-wcad.holdings-by-land-size,NZL,1972,592.0,,,,final,"WCA 1970 round, census 1972. FAO flag I: Value imputed by a receiving agency.",,,1-2
farms.faostat-wcad.holdings-by-land-size,NZL,1980,7347.0,,,,final,"WCA 1980 round, census 1980. FAO flag A: Official figure.",,,1-2
farms.faostat-wcad.holdings-by-land-size,NZL,2012,4091.0,,,,final,"WCA 2010 round, census 2012. FAO flag I: Value imputed by a receiving agency.",,,1-2
farms.faostat-wcad.holdings-by-land-size,NZL,2017,1134.0,,,,final,"WCA 2020 round, census 2017. FAO flag A: Official figure. FAO's note: Figures have been randomly rounded to protect confidentiality. These rounded figures may not add up to the rounded totals.",,,1-2
farms.faostat-wcad.holdings-by-land-size,NZL,2012,1795.0,,,,final,"WCA 2010 round, census 2012. FAO flag I: Value imputed by a receiving agency.",,,2-3
farms.faostat-wcad.holdings-by-land-size,NZL,2012,1627.0,,,,final,"WCA 2010 round, census 2012. FAO flag I: Value imputed by a receiving agency.",,,3-4
farms.faostat-wcad.holdings-by-land-size,NZL,2012,1494.0,,,,final,"WCA 2010 round, census 2012. FAO flag I: Value imputed by a receiving agency.",,,4-5
farms.faostat-wcad.holdings-by-land-size,NZL,1930,7478.0,,,,final,"WCA 1930 round, census 1930. FAO flag I: Value imputed by a receiving agency.",,,2-5
farms.faostat-wcad.holdings-by-land-size,NZL,1950,7522.0,,,,final,"WCA 1950 round, census 1950. FAO flag I: Value imputed by a receiving agency.",,,2-5
farms.faostat-wcad.holdings-by-land-size,NZL,1959/1960,1777.0,,,,final,"WCA 1960 round, census 1959/60. FAO flag A: Official figure.",,,2-5
farms.faostat-wcad.holdings-by-land-size,NZL,1972,1667.0,,,,final,"WCA 1970 round, census 1972. FAO flag I: Value imputed by a receiving agency.",,,2-5
farms.faostat-wcad.holdings-by-land-size,NZL,1980,5974.0,,,,final,"WCA 1980 round, census 1980. FAO flag A: Official figure.",,,2-5
farms.faostat-wcad.holdings-by-land-size,NZL,2002,11750.0,,,,final,"WCA 2000 round, census 2002. FAO flag A: Official figure. FAO's note: <5 ha",,,2-5
farms.faostat-wcad.holdings-by-land-size,NZL,2017,4950.0,,,,final,"WCA 2020 round, census 2017. FAO flag A: Official figure. FAO's note: Figures have been randomly rounded to protect confidentiality. These rounded figures may not add up to the rounded totals.",,,2-5
farms.faostat-wcad.holdings-by-land-size,NZL,1930,5784.0,,,,final,"WCA 1930 round, census 1930. FAO flag I: Value imputed by a receiving agency.",,,5-10
farms.faostat-wcad.holdings-by-land-size,NZL,1950,5996.0,,,,final,"WCA 1950 round, census 1950. FAO flag I: Value imputed by a receiving agency.",,,5-10
farms.faostat-wcad.holdings-by-land-size,NZL,1959/1960,4397.0,,,,final,"WCA 1960 round, census 1959/60. FAO flag A: Official figure.",,,5-10
farms.faostat-wcad.holdings-by-land-size,NZL,1972,2728.0,,,,final,"WCA 1970 round, census 1972. FAO flag A: Official figure.",,,5-10
farms.faostat-wcad.holdings-by-land-size,NZL,1980,5084.0,,,,final,"WCA 1980 round, census 1980. FAO flag A: Official figure.",,,5-10
farms.faostat-wcad.holdings-by-land-size,NZL,2002,7300.0,,,,final,"WCA 2000 round, census 2002. FAO flag A: Official figure.",,,5-10
farms.faostat-wcad.holdings-by-land-size,NZL,2012,6476.0,,,,final,"WCA 2010 round, census 2012. FAO flag I: Value imputed by a receiving agency.",,,5-10
farms.faostat-wcad.holdings-by-land-size,NZL,2017,5457.0,,,,final,"WCA 2020 round, census 2017. FAO flag A: Official figure. FAO's note: Figures have been randomly rounded to protect confidentiality. These rounded figures may not add up to the rounded totals.",,,5-10
farms.faostat-wcad.holdings-by-land-size,NZL,1930,6667.0,,,,final,"WCA 1930 round, census 1930. FAO flag I: Value imputed by a receiving agency.",,,10-20
farms.faostat-wcad.holdings-by-land-size,NZL,1950,6440.0,,,,final,"WCA 1950 round, census 1950. FAO flag I: Value imputed by a receiving agency.",,,10-20
farms.faostat-wcad.holdings-by-land-size,NZL,1959/1960,5547.0,,,,final,"WCA 1960 round, census 1959/60. FAO flag A: Official figure.",,,10-20
farms.faostat-wcad.holdings-by-land-size,NZL,1972,3292.0,,,,final,"WCA 1970 round, census 1972. FAO flag A: Official figure.",,,10-20
farms.faostat-wcad.holdings-by-land-size,NZL,1980,10874.0,,,,final,"WCA 1980 round, census 1980. FAO flag A: Official figure.",,,10-20
farms.faostat-wcad.holdings-by-land-size,NZL,2002,7300.0,,,,final,"WCA 2000 round, census 2002. FAO flag A: Official figure.",,,10-20
farms.faostat-wcad.holdings-by-land-size,NZL,2012,5608.0,,,,final,"WCA 2010 round, census 2012. FAO flag I: Value imputed by a receiving agency.",,,10-20
farms.faostat-wcad.holdings-by-land-size,NZL,2017,5115.0,,,,final,"WCA 2020 round, census 2017. FAO flag A: Official figure. FAO's note: Figures have been randomly rounded to protect confidentiality. These rounded figures may not add up to the rounded totals.",,,10-20
farms.faostat-wcad.holdings-by-land-size,NZL,1930,16254.0,,,,final,"WCA 1930 round, census 1930. FAO flag I: Value imputed by a receiving agency.",,,20-50
farms.faostat-wcad.holdings-by-land-size,NZL,1950,18870.0,,,,final,"WCA 1950 round, census 1950. FAO flag I: Value imputed by a receiving agency.",,,20-50
farms.faostat-wcad.holdings-by-land-size,NZL,1959/1960,18745.0,,,,final,"WCA 1960 round, census 1959/60. FAO flag A: Official figure.",,,20-50
farms.faostat-wcad.holdings-by-land-size,NZL,1972,11012.0,,,,final,"WCA 1970 round, census 1972. FAO flag A: Official figure.",,,20-50
farms.faostat-wcad.holdings-by-land-size,NZL,1980,13263.0,,,,final,"WCA 1980 round, census 1980. FAO flag A: Official figure.",,,20-50
farms.faostat-wcad.holdings-by-land-size,NZL,2002,9946.0,,,,final,"WCA 2000 round, census 2002. FAO flag I: Value imputed by a receiving agency.",,,20-50
farms.faostat-wcad.holdings-by-land-size,NZL,2012,7492.0,,,,final,"WCA 2010 round, census 2012. FAO flag I: Value imputed by a receiving agency.",,,20-50
farms.faostat-wcad.holdings-by-land-size,NZL,2017,6297.0,,,,final,"WCA 2020 round, census 2017. FAO flag A: Official figure. FAO's note: Figures have been randomly rounded to protect confidentiality. These rounded figures may not add up to the rounded totals.",,,20-50
farms.faostat-wcad.holdings-by-land-size,NZL,1930,15056.0,,,,final,"WCA 1930 round, census 1930. FAO flag I: Value imputed by a receiving agency.",,,50-100
farms.faostat-wcad.holdings-by-land-size,NZL,1950,17665.0,,,,final,"WCA 1950 round, census 1950. FAO flag I: Value imputed by a receiving agency.",,,50-100
farms.faostat-wcad.holdings-by-land-size,NZL,1959/1960,17372.0,,,,final,"WCA 1960 round, census 1959/60. FAO flag A: Official figure.",,,50-100
farms.faostat-wcad.holdings-by-land-size,NZL,1972,14085.0,,,,final,"WCA 1970 round, census 1972. FAO flag A: Official figure.",,,50-100
farms.faostat-wcad.holdings-by-land-size,NZL,1980,11717.0,,,,final,"WCA 1980 round, census 1980. FAO flag A: Official figure.",,,50-100
farms.faostat-wcad.holdings-by-land-size,NZL,2002,9254.0,,,,final,"WCA 2000 round, census 2002. FAO flag I: Value imputed by a receiving agency.",,,50-100
farms.faostat-wcad.holdings-by-land-size,NZL,2012,6840.0,,,,final,"WCA 2010 round, census 2012. FAO flag I: Value imputed by a receiving agency.",,,50-100
farms.faostat-wcad.holdings-by-land-size,NZL,2017,6099.0,,,,final,"WCA 2020 round, census 2017. FAO flag A: Official figure. FAO's note: Figures have been randomly rounded to protect confidentiality. These rounded figures may not add up to the rounded totals.",,,50-100
farms.faostat-wcad.holdings-by-land-size,NZL,1930,11560.0,,,,final,"WCA 1930 round, census 1930. FAO flag I: Value imputed by a receiving agency.",,,100-200
farms.faostat-wcad.holdings-by-land-size,NZL,1950,12445.0,,,,final,"WCA 1950 round, census 1950. FAO flag I: Value imputed by a receiving agency.",,,100-200
farms.faostat-wcad.holdings-by-land-size,NZL,1959/1960,13585.0,,,,final,"WCA 1960 round, census 1959/60. FAO flag A: Official figure.",,,100-200
farms.faostat-wcad.holdings-by-land-size,NZL,1972,12390.0,,,,final,"WCA 1970 round, census 1972. FAO flag A: Official figure.",,,100-200
farms.faostat-wcad.holdings-by-land-size,NZL,1980,9470.0,,,,final,"WCA 1980 round, census 1980. FAO flag A: Official figure.",,,100-200
farms.faostat-wcad.holdings-by-land-size,NZL,2002,9700.0,,,,final,"WCA 2000 round, census 2002. FAO flag I: Value imputed by a receiving agency.",,,100-200
farms.faostat-wcad.holdings-by-land-size,NZL,2012,8242.0,,,,final,"WCA 2010 round, census 2012. FAO flag I: Value imputed by a receiving agency.",,,100-200
farms.faostat-wcad.holdings-by-land-size,NZL,2017,7803.0,,,,final,"WCA 2020 round, census 2017. FAO flag A: Official figure. FAO's note: Figures have been randomly rounded to protect confidentiality. These rounded figures may not add up to the rounded totals.",,,100-200
farms.faostat-wcad.holdings-by-land-size,NZL,1930,9192.0,,,,final,"WCA 1930 round, census 1930. FAO flag I: Value imputed by a receiving agency.",,,200-500
farms.faostat-wcad.holdings-by-land-size,NZL,1950,9118.0,,,,final,"WCA 1950 round, census 1950. FAO flag I: Value imputed by a receiving agency.",,,200-500
farms.faostat-wcad.holdings-by-land-size,NZL,1959/1960,10052.0,,,,final,"WCA 1960 round, census 1959/60. FAO flag A: Official figure.",,,200-500
farms.faostat-wcad.holdings-by-land-size,NZL,1972,10778.0,,,,final,"WCA 1970 round, census 1972. FAO flag I: Value imputed by a receiving agency.",,,200-500
farms.faostat-wcad.holdings-by-land-size,NZL,1980,5178.0,,,,final,"WCA 1980 round, census 1980. FAO flag A: Official figure.",,,200-500
farms.faostat-wcad.holdings-by-land-size,NZL,2002,9578.0,,,,final,"WCA 2000 round, census 2002. FAO flag I: Value imputed by a receiving agency.",,,200-500
farms.faostat-wcad.holdings-by-land-size,NZL,2012,8885.0,,,,final,"WCA 2010 round, census 2012. FAO flag I: Value imputed by a receiving agency.",,,200-500
farms.faostat-wcad.holdings-by-land-size,NZL,2017,8499.0,,,,final,"WCA 2020 round, census 2017. FAO flag A: Official figure. FAO's note: Figures have been randomly rounded to protect confidentiality. These rounded figures may not add up to the rounded totals.",,,200-500
farms.faostat-wcad.holdings-by-land-size,NZL,1930,3260.0,,,,final,"WCA 1930 round, census 1930. FAO flag I: Value imputed by a receiving agency.",,,500-1000
farms.faostat-wcad.holdings-by-land-size,NZL,1950,3341.0,,,,final,"WCA 1950 round, census 1950. FAO flag I: Value imputed by a receiving agency.",,,500-1000
farms.faostat-wcad.holdings-by-land-size,NZL,1959/1960,3116.0,,,,final,"WCA 1960 round, census 1959/60. FAO flag A: Official figure.",,,500-1000
farms.faostat-wcad.holdings-by-land-size,NZL,1972,3378.0,,,,final,"WCA 1970 round, census 1972. FAO flag I: Value imputed by a receiving agency.",,,500-1000
farms.faostat-wcad.holdings-by-land-size,NZL,1980,2598.0,,,,final,"WCA 1980 round, census 1980. FAO flag A: Official figure.",,,500-1000
farms.faostat-wcad.holdings-by-land-size,NZL,2002,3022.0,,,,final,"WCA 2000 round, census 2002. FAO flag I: Value imputed by a receiving agency.",,,500-1000
farms.faostat-wcad.holdings-by-land-size,NZL,2012,3253.0,,,,final,"WCA 2010 round, census 2012. FAO flag I: Value imputed by a receiving agency.",,,500-1000
farms.faostat-wcad.holdings-by-land-size,NZL,2017,3057.0,,,,final,"WCA 2020 round, census 2017. FAO flag A: Official figure. FAO's note: Figures have been randomly rounded to protect confidentiality. These rounded figures may not add up to the rounded totals.",,,500-1000
farms.faostat-wcad.holdings-by-land-size,NZL,2012,1508.0,,,,final,"WCA 2010 round, census 2012. FAO flag I: Value imputed by a receiving agency.",,,1000-2500
farms.faostat-wcad.holdings-by-land-size,NZL,2012,758.0,,,,final,"WCA 2010 round, census 2012. FAO flag I: Value imputed by a receiving agency.",,,2500-plus
farms.faostat-wcad.holdings-by-land-size,NZL,1930,2519.0,,,,final,"WCA 1930 round, census 1930. FAO flag I: Value imputed by a receiving agency.",,,1000-plus
farms.faostat-wcad.holdings-by-land-size,NZL,1950,2385.0,,,,final,"WCA 1950 round, census 1950. FAO flag I: Value imputed by a receiving agency.",,,1000-plus
farms.faostat-wcad.holdings-by-land-size,NZL,1959/1960,2337.0,,,,final,"WCA 1960 round, census 1959/60. FAO flag A: Official figure.",,,1000-plus
farms.faostat-wcad.holdings-by-land-size,NZL,1972,2396.0,,,,final,"WCA 1970 round, census 1972. FAO flag I: Value imputed by a receiving agency.",,,1000-plus
farms.faostat-wcad.holdings-by-land-size,NZL,2002,2150.0,,,,final,"WCA 2000 round, census 2002. FAO flag I: Value imputed by a receiving agency.",,,1000-plus
farms.faostat-wcad.holdings-by-land-size,NZL,2017,2220.0,,,,final,"WCA 2020 round, census 2017. FAO flag A: Official figure. FAO's note: Figures have been randomly rounded to protect confidentiality. These rounded figures may not add up to the rounded totals.",,,1000-plus
farms.faostat-wcad.holdings-by-land-size,OMN,2012/2013,122831.0,,,,final,"WCA 2010 round, census 2012/13. FAO flag A: Official figure.",,,0-1
farms.faostat-wcad.holdings-by-land-size,OMN,2012/2013,14371.0,,,,final,"WCA 2010 round, census 2012/13. FAO flag A: Official figure.",,,1-2
farms.faostat-wcad.holdings-by-land-size,OMN,2012/2013,3513.0,,,,final,"WCA 2010 round, census 2012/13. FAO flag I: Value imputed by a receiving agency.",,,2-3
farms.faostat-wcad.holdings-by-land-size,OMN,2012/2013,2980.0,,,,final,"WCA 2010 round, census 2012/13. FAO flag I: Value imputed by a receiving agency.",,,3-4
farms.faostat-wcad.holdings-by-land-size,OMN,2012/2013,2553.0,,,,final,"WCA 2010 round, census 2012/13. FAO flag I: Value imputed by a receiving agency.",,,4-5
farms.faostat-wcad.holdings-by-land-size,OMN,2012/2013,5501.0,,,,final,"WCA 2010 round, census 2012/13. FAO flag A: Official figure.",,,5-10
farms.faostat-wcad.holdings-by-land-size,OMN,2012/2013,1619.0,,,,final,"WCA 2010 round, census 2012/13. FAO flag A: Official figure.",,,10-20
farms.faostat-wcad.holdings-by-land-size,OMN,2012/2013,447.0,,,,final,"WCA 2010 round, census 2012/13. FAO flag A: Official figure.",,,20-50
farms.faostat-wcad.holdings-by-land-size,OMN,2012/2013,195.0,,,,final,"WCA 2010 round, census 2012/13. FAO flag A: Official figure.",,,50-100
farms.faostat-wcad.holdings-by-land-size,PAK,1960,1597948.0,,,,final,"WCA 1960 round, census 1960. FAO flag A: Official figure.",,,0-1
farms.faostat-wcad.holdings-by-land-size,PAK,1972,520617.0,,,,final,"WCA 1970 round, census 1972. FAO flag A: Official figure.",,,0-1
farms.faostat-wcad.holdings-by-land-size,PAK,1980,701380.0,,,,final,"WCA 1980 round, census 1980. FAO flag A: Official figure. FAO's note: Exluding 192 of Governmet holdings.",,,0-1
farms.faostat-wcad.holdings-by-land-size,PAK,1990,1367771.0,,,,final,"WCA 1990 round, census 1990. FAO flag A: Official figure. FAO's note: Data by size exclude 149 Government holdings with 49 995 Ha.",,,0-1
farms.faostat-wcad.holdings-by-land-size,PAK,2000,2389423.0,,,,final,"WCA 2000 round, census 2000. FAO flag I: Value imputed by a receiving agency. FAO's note: Excluding 170 Government Holdings with 30772 ha. not classified by size of holding",,,0-1
farms.faostat-wcad.holdings-by-land-size,PAK,1960,805984.0,,,,final,"WCA 1960 round, census 1960. FAO flag A: Official figure.",,,1-2
farms.faostat-wcad.holdings-by-land-size,PAK,1972,538421.0,,,,final,"WCA 1970 round, census 1972. FAO flag A: Official figure.",,,1-2
farms.faostat-wcad.holdings-by-land-size,PAK,1980,685014.0,,,,final,"WCA 1980 round, census 1980. FAO flag A: Official figure. FAO's note: Exluding 192 of Governmet holdings.",,,1-2
farms.faostat-wcad.holdings-by-land-size,PAK,1990,1036286.0,,,,final,"WCA 1990 round, census 1990. FAO flag A: Official figure. FAO's note: Data by size exclude 149 Government holdings with 49 995 Ha.",,,1-2
farms.faostat-wcad.holdings-by-land-size,PAK,2000,1425370.0,,,,final,"WCA 2000 round, census 2000. FAO flag A: Official figure. FAO's note: Excluding 170 Government Holdings with 30772 ha. not classified by size of holding",,,1-2
farms.faostat-wcad.holdings-by-land-size,PAK,1960,1339655.0,,,,final,"WCA 1960 round, census 1960. FAO flag A: Official figure.",,,2-5
farms.faostat-wcad.holdings-by-land-size,PAK,1972,1465263.0,,,,final,"WCA 1970 round, census 1972. FAO flag I: Value imputed by a receiving agency.",,,2-5
farms.faostat-wcad.holdings-by-land-size,PAK,1980,1602065.0,,,,final,"WCA 1980 round, census 1980. FAO flag A: Official figure. FAO's note: Exluding 192 of Governmet holdings.",,,2-5
farms.faostat-wcad.holdings-by-land-size,PAK,1990,1698682.0,,,,final,"WCA 1990 round, census 1990. FAO flag A: Official figure. FAO's note: Data by size exclude 149 Government holdings with 49 995 Ha.",,,2-5
farms.faostat-wcad.holdings-by-land-size,PAK,2000,1857166.0,,,,final,"WCA 2000 round, census 2000. FAO flag I: Value imputed by a receiving agency. FAO's note: Excluding 170 Government Holdings with 30772 ha. not classified by size of holding",,,2-5
farms.faostat-wcad.holdings-by-land-size,PAK,1960,728909.0,,,,final,"WCA 1960 round, census 1960. FAO flag A: Official figure.",,,5-10
farms.faostat-wcad.holdings-by-land-size,PAK,1972,818185.0,,,,final,"WCA 1970 round, census 1972. FAO flag I: Value imputed by a receiving agency.",,,5-10
farms.faostat-wcad.holdings-by-land-size,PAK,1980,706395.0,,,,final,"WCA 1980 round, census 1980. FAO flag A: Official figure. FAO's note: Exluding 192 of Governmet holdings.",,,5-10
farms.faostat-wcad.holdings-by-land-size,PAK,1990,623110.0,,,,final,"WCA 1990 round, census 1990. FAO flag A: Official figure. FAO's note: Data by size exclude 149 Government holdings with 49 995 Ha.",,,5-10
farms.faostat-wcad.holdings-by-land-size,PAK,2000,580200.0,,,,final,"WCA 2000 round, census 2000. FAO flag A: Official figure. FAO's note: Excluding 170 Government Holdings with 30772 ha. not classified by size of holding",,,5-10
farms.faostat-wcad.holdings-by-land-size,PAK,1960,387487.0,,,,final,"WCA 1960 round, census 1960. FAO flag A: Official figure. FAO's note: 10 ha and over",,,10-20
farms.faostat-wcad.holdings-by-land-size,PAK,1972,296667.0,,,,final,"WCA 1970 round, census 1972. FAO flag I: Value imputed by a receiving agency.",,,10-20
farms.faostat-wcad.holdings-by-land-size,PAK,1980,263989.0,,,,final,"WCA 1980 round, census 1980. FAO flag A: Official figure. FAO's note: Exluding 192 of Governmet holdings.",,,10-20
farms.faostat-wcad.holdings-by-land-size,PAK,1990,237929.0,,,,final,"WCA 1990 round, census 1990. FAO flag A: Official figure. FAO's note: Data by size exclude 149 Government holdings with 49 995 Ha.",,,10-20
farms.faostat-wcad.holdings-by-land-size,PAK,2000,260791.0,,,,final,"WCA 2000 round, census 2000. FAO flag A: Official figure. FAO's note: Excluding 170 Government Holdings with 30772 ha. not classified by size of holding",,,10-20
farms.faostat-wcad.holdings-by-land-size,PAK,1972,92837.0,,,,final,"WCA 1970 round, census 1972. FAO flag I: Value imputed by a receiving agency.",,,20-50
farms.faostat-wcad.holdings-by-land-size,PAK,1980,84130.0,,,,final,"WCA 1980 round, census 1980. FAO flag I: Value imputed by a receiving agency. FAO's note: Exluding 192 of Governmet holdings.",,,20-50
farms.faostat-wcad.holdings-by-land-size,PAK,1990,85297.0,,,,final,"WCA 1990 round, census 1990. FAO flag A: Official figure. FAO's note: Data by size exclude 149 Government holdings with 49 995 Ha.",,,20-50
farms.faostat-wcad.holdings-by-land-size,PAK,2000,87408.0,,,,final,"WCA 2000 round, census 2000. FAO flag I: Value imputed by a receiving agency. FAO's note: Excluding 170 Government Holdings with 30772 ha. not classified by size of holding",,,20-50
farms.faostat-wcad.holdings-by-land-size,PAK,1972,29697.0,,,,final,"WCA 1970 round, census 1972. FAO flag I: Value imputed by a receiving agency.",,,50-100
farms.faostat-wcad.holdings-by-land-size,PAK,1980,26446.0,,,,final,"WCA 1980 round, census 1980. FAO flag I: Value imputed by a receiving agency. FAO's note: Exluding 192 of Governmet holdings.",,,50-100
farms.faostat-wcad.holdings-by-land-size,PAK,1990,21888.0,,,,final,"WCA 1990 round, census 1990. FAO flag A: Official figure. FAO's note: Data by size exclude 149 Government holdings with 49 995 Ha.",,,50-100
farms.faostat-wcad.holdings-by-land-size,PAK,2000,19696.0,,,,final,"WCA 2000 round, census 2000. FAO flag I: Value imputed by a receiving agency. FAO's note: Excluding 170 Government Holdings with 30772 ha. not classified by size of holding",,,50-100
farms.faostat-wcad.holdings-by-land-size,PAN,1960,4959.0,,,,final,"WCA 1960 round, census 1960. FAO flag A: Official figure.",,,0-1
farms.faostat-wcad.holdings-by-land-size,PAN,1971,20032.0,,,,final,"WCA 1970 round, census 1971. FAO flag A: Official figure.",,,0-1
farms.faostat-wcad.holdings-by-land-size,PAN,1981,62830.0,,,,final,"WCA 1980 round, census 1981. FAO flag A: Official figure.",,,0-1
farms.faostat-wcad.holdings-by-land-size,PAN,1990,99905.0,,,,final,"WCA 1990 round, census 1990. FAO flag A: Official figure.",,,0-1
farms.faostat-wcad.holdings-by-land-size,PAN,2001,124720.0,,,,final,"WCA 2000 round, census 2001. FAO flag I: Value imputed by a receiving agency.",,,0-1
farms.faostat-wcad.holdings-by-land-size,PAN,2011,120375.0,,,,final,"WCA 2010 round, census 2011. FAO flag A: Official figure.",,,0-1
farms.faostat-wcad.holdings-by-land-size,PAN,1960,13193.0,,,,final,"WCA 1960 round, census 1960. FAO flag A: Official figure.",,,1-2
farms.faostat-wcad.holdings-by-land-size,PAN,1971,14859.0,,,,final,"WCA 1970 round, census 1971. FAO flag A: Official figure.",,,1-2
farms.faostat-wcad.holdings-by-land-size,PAN,1981,17801.0,,,,final,"WCA 1980 round, census 1981. FAO flag A: Official figure.",,,1-2
farms.faostat-wcad.holdings-by-land-size,PAN,1990,24345.0,,,,final,"WCA 1990 round, census 1990. FAO flag A: Official figure.",,,1-2
farms.faostat-wcad.holdings-by-land-size,PAN,2001,24433.0,,,,final,"WCA 2000 round, census 2001. FAO flag I: Value imputed by a receiving agency.",,,1-2
farms.faostat-wcad.holdings-by-land-size,PAN,2011,27484.0,,,,final,"WCA 2010 round, census 2011. FAO flag A: Official figure.",,,1-2
farms.faostat-wcad.holdings-by-land-size,PAN,2011,17031.0,,,,final,"WCA 2010 round, census 2011. FAO flag A: Official figure.",,,2-3
farms.faostat-wcad.holdings-by-land-size,PAN,2011,10646.0,,,,final,"WCA 2010 round, census 2011. FAO flag A: Official figure.",,,3-4
farms.faostat-wcad.holdings-by-land-size,PAN,2011,6868.0,,,,final,"WCA 2010 round, census 2011. FAO flag A: Official figure.",,,4-5
farms.faostat-wcad.holdings-by-land-size,PAN,1960,25540.0,,,,final,"WCA 1960 round, census 1960. FAO flag A: Official figure.",,,2-5
farms.faostat-wcad.holdings-by-land-size,PAN,1971,19509.0,,,,final,"WCA 1970 round, census 1971. FAO flag A: Official figure.",,,2-5
farms.faostat-wcad.holdings-by-land-size,PAN,1981,20550.0,,,,final,"WCA 1980 round, census 1981. FAO flag A: Official figure.",,,2-5
farms.faostat-wcad.holdings-by-land-size,PAN,1990,28698.0,,,,final,"WCA 1990 round, census 1990. FAO flag A: Official figure.",,,2-5
farms.faostat-wcad.holdings-by-land-size,PAN,2001,27369.0,,,,final,"WCA 2000 round, census 2001. FAO flag I: Value imputed by a receiving agency.",,,2-5
farms.faostat-wcad.holdings-by-land-size,PAN,1960,18086.0,,,,final,"WCA 1960 round, census 1960. FAO flag A: Official figure.",,,5-10
farms.faostat-wcad.holdings-by-land-size,PAN,1971,13937.0,,,,final,"WCA 1970 round, census 1971. FAO flag A: Official figure.",,,5-10
farms.faostat-wcad.holdings-by-land-size,PAN,1981,14179.0,,,,final,"WCA 1980 round, census 1981. FAO flag A: Official figure.",,,5-10
farms.faostat-wcad.holdings-by-land-size,PAN,1990,16172.0,,,,final,"WCA 1990 round, census 1990. FAO flag A: Official figure.",,,5-10
farms.faostat-wcad.holdings-by-land-size,PAN,2001,15724.0,,,,final,"WCA 2000 round, census 2001. FAO flag I: Value imputed by a receiving agency.",,,5-10
farms.faostat-wcad.holdings-by-land-size,PAN,2011,20095.0,,,,final,"WCA 2010 round, census 2011. FAO flag A: Official figure.",,,5-10
farms.faostat-wcad.holdings-by-land-size,PAN,1960,14897.0,,,,final,"WCA 1960 round, census 1960. FAO flag A: Official figure.",,,10-20
farms.faostat-wcad.holdings-by-land-size,PAN,1971,14179.0,,,,final,"WCA 1970 round, census 1971. FAO flag A: Official figure.",,,10-20
farms.faostat-wcad.holdings-by-land-size,PAN,1981,13864.0,,,,final,"WCA 1980 round, census 1981. FAO flag A: Official figure.",,,10-20
farms.faostat-wcad.holdings-by-land-size,PAN,1990,15232.0,,,,final,"WCA 1990 round, census 1990. FAO flag A: Official figure.",,,10-20
farms.faostat-wcad.holdings-by-land-size,PAN,2001,15353.0,,,,final,"WCA 2000 round, census 2001. FAO flag I: Value imputed by a receiving agency.",,,10-20
farms.faostat-wcad.holdings-by-land-size,PAN,2011,17757.0,,,,final,"WCA 2010 round, census 2011. FAO flag A: Official figure.",,,10-20
farms.faostat-wcad.holdings-by-land-size,PAN,1960,12038.0,,,,final,"WCA 1960 round, census 1960. FAO flag A: Official figure.",,,20-50
farms.faostat-wcad.holdings-by-land-size,PAN,1971,14138.0,,,,final,"WCA 1970 round, census 1971. FAO flag A: Official figure.",,,20-50
farms.faostat-wcad.holdings-by-land-size,PAN,1981,13845.0,,,,final,"WCA 1980 round, census 1981. FAO flag A: Official figure.",,,20-50
farms.faostat-wcad.holdings-by-land-size,PAN,1990,16383.0,,,,final,"WCA 1990 round, census 1990. FAO flag A: Official figure.",,,20-50
farms.faostat-wcad.holdings-by-land-size,PAN,2001,16253.0,,,,final,"WCA 2000 round, census 2001. FAO flag I: Value imputed by a receiving agency.",,,20-50
farms.faostat-wcad.holdings-by-land-size,PAN,2011,16289.0,,,,final,"WCA 2010 round, census 2011. FAO flag A: Official figure.",,,20-50
farms.faostat-wcad.holdings-by-land-size,PAN,1960,4329.0,,,,final,"WCA 1960 round, census 1960. FAO flag A: Official figure.",,,50-100
farms.faostat-wcad.holdings-by-land-size,PAN,1971,5526.0,,,,final,"WCA 1970 round, census 1971. FAO flag A: Official figure.",,,50-100
farms.faostat-wcad.holdings-by-land-size,PAN,1981,6010.0,,,,final,"WCA 1980 round, census 1981. FAO flag A: Official figure.",,,50-100
farms.faostat-wcad.holdings-by-land-size,PAN,1990,8115.0,,,,final,"WCA 1990 round, census 1990. FAO flag A: Official figure.",,,50-100
farms.faostat-wcad.holdings-by-land-size,PAN,2001,7555.0,,,,final,"WCA 2000 round, census 2001. FAO flag I: Value imputed by a receiving agency.",,,50-100
farms.faostat-wcad.holdings-by-land-size,PAN,2011,7184.0,,,,final,"WCA 2010 round, census 2011. FAO flag A: Official figure.",,,50-100
farms.faostat-wcad.holdings-by-land-size,PAN,1960,1574.0,,,,final,"WCA 1960 round, census 1960. FAO flag A: Official figure.",,,100-200
farms.faostat-wcad.holdings-by-land-size,PAN,1971,1920.0,,,,final,"WCA 1970 round, census 1971. FAO flag A: Official figure.",,,100-200
farms.faostat-wcad.holdings-by-land-size,PAN,1981,2625.0,,,,final,"WCA 1980 round, census 1981. FAO flag A: Official figure.",,,100-200
farms.faostat-wcad.holdings-by-land-size,PAN,1990,3251.0,,,,final,"WCA 1990 round, census 1990. FAO flag A: Official figure.",,,100-200
farms.faostat-wcad.holdings-by-land-size,PAN,2001,3282.0,,,,final,"WCA 2000 round, census 2001. FAO flag I: Value imputed by a receiving agency.",,,100-200
farms.faostat-wcad.holdings-by-land-size,PAN,2011,3051.0,,,,final,"WCA 2010 round, census 2011. FAO flag A: Official figure.",,,100-200
farms.faostat-wcad.holdings-by-land-size,PAN,1960,665.0,,,,final,"WCA 1960 round, census 1960. FAO flag A: Official figure.",,,200-500
farms.faostat-wcad.holdings-by-land-size,PAN,1971,853.0,,,,final,"WCA 1970 round, census 1971. FAO flag A: Official figure.",,,200-500
farms.faostat-wcad.holdings-by-land-size,PAN,1981,1164.0,,,,final,"WCA 1980 round, census 1981. FAO flag A: Official figure.",,,200-500
farms.faostat-wcad.holdings-by-land-size,PAN,1990,1460.0,,,,final,"WCA 1990 round, census 1990. FAO flag A: Official figure.",,,200-500
farms.faostat-wcad.holdings-by-land-size,PAN,2001,1522.0,,,,final,"WCA 2000 round, census 2001. FAO flag I: Value imputed by a receiving agency.",,,200-500
farms.faostat-wcad.holdings-by-land-size,PAN,2011,1369.0,,,,final,"WCA 2010 round, census 2011. FAO flag A: Official figure.",,,200-500
farms.faostat-wcad.holdings-by-land-size,PAN,1960,133.0,,,,final,"WCA 1960 round, census 1960. FAO flag A: Official figure.",,,500-1000
farms.faostat-wcad.holdings-by-land-size,PAN,1971,211.0,,,,final,"WCA 1970 round, census 1971. FAO flag A: Official figure.",,,500-1000
farms.faostat-wcad.holdings-by-land-size,PAN,1981,214.0,,,,final,"WCA 1980 round, census 1981. FAO flag A: Official figure.",,,500-1000
farms.faostat-wcad.holdings-by-land-size,PAN,1990,231.0,,,,final,"WCA 1990 round, census 1990. FAO flag A: Official figure.",,,500-1000
farms.faostat-wcad.holdings-by-land-size,PAN,2001,274.0,,,,final,"WCA 2000 round, census 2001. FAO flag I: Value imputed by a receiving agency.",,,500-1000
farms.faostat-wcad.holdings-by-land-size,PAN,2011,294.0,,,,final,"WCA 2010 round, census 2011. FAO flag A: Official figure.",,,500-1000
farms.faostat-wcad.holdings-by-land-size,PAN,2011,94.0,,,,final,"WCA 2010 round, census 2011. FAO flag A: Official figure.",,,1000-2500
farms.faostat-wcad.holdings-by-land-size,PAN,2011,23.0,,,,final,"WCA 2010 round, census 2011. FAO flag A: Official figure.",,,2500-plus
farms.faostat-wcad.holdings-by-land-size,PAN,1960,91.0,,,,final,"WCA 1960 round, census 1960. FAO flag A: Official figure.",,,1000-plus
farms.faostat-wcad.holdings-by-land-size,PAN,1971,108.0,,,,final,"WCA 1970 round, census 1971. FAO flag A: Official figure.",,,1000-plus
farms.faostat-wcad.holdings-by-land-size,PAN,1981,112.0,,,,final,"WCA 1980 round, census 1981. FAO flag A: Official figure.",,,1000-plus
farms.faostat-wcad.holdings-by-land-size,PAN,1990,103.0,,,,final,"WCA 1990 round, census 1990. FAO flag A: Official figure.",,,1000-plus
farms.faostat-wcad.holdings-by-land-size,PAN,2001,128.0,,,,final,"WCA 2000 round, census 2001. FAO flag I: Value imputed by a receiving agency.",,,1000-plus
farms.faostat-wcad.holdings-by-land-size,PER,1961,319625.0,,,,final,"WCA 1960 round, census 1961. FAO flag A: Official figure. FAO's note: Includes holdings without land",,,0-1
farms.faostat-wcad.holdings-by-land-size,PER,1971/1972,430678.0,,,,final,"WCA 1970 round, census 1971/72. FAO flag A: Official figure.",,,0-1
farms.faostat-wcad.holdings-by-land-size,PER,2012,831843.0,,,,final,"WCA 2010 round, census 2012. FAO flag A: Official figure.",,,0-1
farms.faostat-wcad.holdings-by-land-size,PER,1961,185767.0,,,,final,"WCA 1960 round, census 1961. FAO flag A: Official figure.",,,1-2
farms.faostat-wcad.holdings-by-land-size,PER,1971/1972,260698.0,,,,final,"WCA 1970 round, census 1971/72. FAO flag A: Official figure.",,,1-2
farms.faostat-wcad.holdings-by-land-size,PER,2012,430877.0,,,,final,"WCA 2010 round, census 2012. FAO flag A: Official figure.",,,1-2
farms.faostat-wcad.holdings-by-land-size,PER,2012,240694.0,,,,final,"WCA 2010 round, census 2012. FAO flag A: Official figure.",,,2-3
farms.faostat-wcad.holdings-by-land-size,PER,2012,154291.0,,,,final,"WCA 2010 round, census 2012. FAO flag A: Official figure.",,,3-4
farms.faostat-wcad.holdings-by-land-size,PER,2012,96710.0,,,,final,"WCA 2010 round, census 2012. FAO flag A: Official figure.",,,4-5
farms.faostat-wcad.holdings-by-land-size,PER,1961,220740.0,,,,final,"WCA 1960 round, census 1961. FAO flag A: Official figure.",,,2-5
farms.faostat-wcad.holdings-by-land-size,PER,1971/1972,339727.0,,,,final,"WCA 1970 round, census 1971/72. FAO flag A: Official figure.",,,2-5
farms.faostat-wcad.holdings-by-land-size,PER,1994,1222935.0,,,,final,"WCA 1990 round, census 1994. FAO flag A: Official figure.",,,2-5
farms.faostat-wcad.holdings-by-land-size,PER,1961,76372.0,,,,final,"WCA 1960 round, census 1961. FAO flag A: Official figure.",,,5-10
farms.faostat-wcad.holdings-by-land-size,PER,1971/1972,153141.0,,,,final,"WCA 1970 round, census 1971/72. FAO flag A: Official figure.",,,5-10
farms.faostat-wcad.holdings-by-land-size,PER,1994,261958.0,,,,final,"WCA 1990 round, census 1994. FAO flag A: Official figure.",,,5-10
farms.faostat-wcad.holdings-by-land-size,PER,2012,218564.0,,,,final,"WCA 2010 round, census 2012. FAO flag A: Official figure.",,,5-10
farms.faostat-wcad.holdings-by-land-size,PER,1961,31481.0,,,,final,"WCA 1960 round, census 1961. FAO flag A: Official figure.",,,10-20
farms.faostat-wcad.holdings-by-land-size,PER,1971/1972,78699.0,,,,final,"WCA 1970 round, census 1971/72. FAO flag A: Official figure.",,,10-20
farms.faostat-wcad.holdings-by-land-size,PER,1994,127596.0,,,,final,"WCA 1990 round, census 1994. FAO flag A: Official figure.",,,10-20
farms.faostat-wcad.holdings-by-land-size,PER,2012,118274.0,,,,final,"WCA 2010 round, census 2012. FAO flag A: Official figure.",,,10-20
farms.faostat-wcad.holdings-by-land-size,PER,1961,17995.0,,,,final,"WCA 1960 round, census 1961. FAO flag A: Official figure.",,,20-50
farms.faostat-wcad.holdings-by-land-size,PER,1971/1972,46648.0,,,,final,"WCA 1970 round, census 1971/72. FAO flag A: Official figure.",,,20-50
farms.faostat-wcad.holdings-by-land-size,PER,1994,92004.0,,,,final,"WCA 1990 round, census 1994. FAO flag A: Official figure.",,,20-50
farms.faostat-wcad.holdings-by-land-size,PER,2012,75435.0,,,,final,"WCA 2010 round, census 2012. FAO flag A: Official figure.",,,20-50
farms.faostat-wcad.holdings-by-land-size,PER,1961,6643.0,,,,final,"WCA 1960 round, census 1961. FAO flag A: Official figure.",,,50-100
farms.faostat-wcad.holdings-by-land-size,PER,1971/1972,12944.0,,,,final,"WCA 1970 round, census 1971/72. FAO flag A: Official figure.",,,50-100
farms.faostat-wcad.holdings-by-land-size,PER,1994,51648.0,,,,final,"WCA 1990 round, census 1994. FAO flag A: Official figure.",,,50-100
farms.faostat-wcad.holdings-by-land-size,PER,2012,23363.0,,,,final,"WCA 2010 round, census 2012. FAO flag A: Official figure.",,,50-100
farms.faostat-wcad.holdings-by-land-size,PER,1961,4284.0,,,,final,"WCA 1960 round, census 1961. FAO flag A: Official figure.",,,100-200
farms.faostat-wcad.holdings-by-land-size,PER,1971/1972,7034.0,,,,final,"WCA 1970 round, census 1971/72. FAO flag A: Official figure.",,,100-200
farms.faostat-wcad.holdings-by-land-size,PER,2012,23455.0,,,,final,"WCA 2010 round, census 2012. FAO flag A: Official figure.",,,100-200
farms.faostat-wcad.holdings-by-land-size,PER,1961,3400.0,,,,final,"WCA 1960 round, census 1961. FAO flag A: Official figure.",,,200-500
farms.faostat-wcad.holdings-by-land-size,PER,1971/1972,4245.0,,,,final,"WCA 1970 round, census 1971/72. FAO flag A: Official figure.",,,200-500
farms.faostat-wcad.holdings-by-land-size,PER,1961,1519.0,,,,final,"WCA 1960 round, census 1961. FAO flag A: Official figure.",,,500-1000
farms.faostat-wcad.holdings-by-land-size,PER,1971/1972,1615.0,,,,final,"WCA 1970 round, census 1971/72. FAO flag A: Official figure.",,,500-1000
farms.faostat-wcad.holdings-by-land-size,PER,1961,2119.0,,,,final,"WCA 1960 round, census 1961. FAO flag A: Official figure.",,,1000-plus
farms.faostat-wcad.holdings-by-land-size,PER,1971/1972,2187.0,,,,final,"WCA 1970 round, census 1971/72. FAO flag A: Official figure.",,,1000-plus
farms.faostat-wcad.holdings-by-land-size,PHL,1948,314179.0,,,,final,"WCA 1950 round, census 1948. FAO flag A: Official figure.",,,0-1
farms.faostat-wcad.holdings-by-land-size,PHL,1960,249773.0,,,,final,"WCA 1960 round, census 1960. FAO flag A: Official figure.",,,0-1
farms.faostat-wcad.holdings-by-land-size,PHL,1971,319363.0,,,,final,"WCA 1970 round, census 1971. FAO flag A: Official figure.",,,0-1
farms.faostat-wcad.holdings-by-land-size,PHL,1981,775791.0,,,,final,"WCA 1980 round, census 1981. FAO flag A: Official figure.",,,0-1
farms.faostat-wcad.holdings-by-land-size,PHL,1991,1685380.0,,,,final,"WCA 1990 round, census 1991. FAO flag A: Official figure.",,,0-1
farms.faostat-wcad.holdings-by-land-size,PHL,2002,1935874.0,,,,final,"WCA 2000 round, census 2002. FAO flag A: Official figure.",,,0-1
farms.faostat-wcad.holdings-by-land-size,PHL,2012,3162683.0,,,,final,"WCA 2010 round, census 2012. FAO flag I: Value imputed by a receiving agency.",,,0-1
farms.faostat-wcad.holdings-by-land-size,PHL,1948,320138.0,,,,final,"WCA 1950 round, census 1948. FAO flag I: Value imputed by a receiving agency.",,,1-2
farms.faostat-wcad.holdings-by-land-size,PHL,1960,642060.0,,,,final,"WCA 1960 round, census 1960. FAO flag A: Official figure.",,,1-2
farms.faostat-wcad.holdings-by-land-size,PHL,1971,591007.0,,,,final,"WCA 1970 round, census 1971. FAO flag I: Value imputed by a receiving agency.",,,1-2
farms.faostat-wcad.holdings-by-land-size,PHL,1981,964220.0,,,,final,"WCA 1980 round, census 1981. FAO flag A: Official figure.",,,1-2
farms.faostat-wcad.holdings-by-land-size,PHL,1991,1313696.0,,,,final,"WCA 1990 round, census 1991. FAO flag A: Official figure.",,,1-2
farms.faostat-wcad.holdings-by-land-size,PHL,2002,1349903.0,,,,final,"WCA 2000 round, census 2002. FAO flag A: Official figure.",,,1-2
farms.faostat-wcad.holdings-by-land-size,PHL,2012,1011944.0,,,,final,"WCA 2010 round, census 2012. FAO flag I: Value imputed by a receiving agency.",,,1-2
farms.faostat-wcad.holdings-by-land-size,PHL,2012,767420.0,,,,final,"WCA 2010 round, census 2012. FAO flag I: Value imputed by a receiving agency.",,,2-3
farms.faostat-wcad.holdings-by-land-size,PHL,2012,167549.0,,,,final,"WCA 2010 round, census 2012. FAO flag I: Value imputed by a receiving agency.",,,3-4
farms.faostat-wcad.holdings-by-land-size,PHL,2012,137707.0,,,,final,"WCA 2010 round, census 2012. FAO flag I: Value imputed by a receiving agency.",,,4-5
farms.faostat-wcad.holdings-by-land-size,PHL,1948,747635.0,,,,final,"WCA 1950 round, census 1948. FAO flag I: Value imputed by a receiving agency.",,,2-5
farms.faostat-wcad.holdings-by-land-size,PHL,1960,863796.0,,,,final,"WCA 1960 round, census 1960. FAO flag A: Official figure.",,,2-5
farms.faostat-wcad.holdings-by-land-size,PHL,1971,1084921.0,,,,final,"WCA 1970 round, census 1971. FAO flag I: Value imputed by a receiving agency.",,,2-5
farms.faostat-wcad.holdings-by-land-size,PHL,1981,1201975.0,,,,final,"WCA 1980 round, census 1981. FAO flag A: Official figure.",,,2-5
farms.faostat-wcad.holdings-by-land-size,PHL,1991,1177144.0,,,,final,"WCA 1990 round, census 1991. FAO flag A: Official figure.",,,2-5
farms.faostat-wcad.holdings-by-land-size,PHL,2002,1133549.0,,,,final,"WCA 2000 round, census 2002. FAO flag A: Official figure.",,,2-5
farms.faostat-wcad.holdings-by-land-size,PHL,1948,160841.0,,,,final,"WCA 1950 round, census 1948. FAO flag A: Official figure.",,,5-10
farms.faostat-wcad.holdings-by-land-size,PHL,1960,289730.0,,,,final,"WCA 1960 round, census 1960. FAO flag A: Official figure.",,,5-10
farms.faostat-wcad.holdings-by-land-size,PHL,1971,243847.0,,,,final,"WCA 1970 round, census 1971. FAO flag A: Official figure.",,,5-10
farms.faostat-wcad.holdings-by-land-size,PHL,1981,360006.0,,,,final,"WCA 1980 round, census 1981. FAO flag A: Official figure.",,,5-10
farms.faostat-wcad.holdings-by-land-size,PHL,1991,325242.0,,,,final,"WCA 1990 round, census 1991. FAO flag A: Official figure.",,,5-10
farms.faostat-wcad.holdings-by-land-size,PHL,2002,303139.0,,,,final,"WCA 2000 round, census 2002. FAO flag A: Official figure.",,,5-10
farms.faostat-wcad.holdings-by-land-size,PHL,2012,259941.0,,,,final,"WCA 2010 round, census 2012. FAO flag I: Value imputed by a receiving agency.",,,5-10
farms.faostat-wcad.holdings-by-land-size,PHL,1948,66375.0,,,,final,"WCA 1950 round, census 1948. FAO flag A: Official figure.",,,10-20
farms.faostat-wcad.holdings-by-land-size,PHL,1960,99831.0,,,,final,"WCA 1960 round, census 1960. FAO flag A: Official figure.",,,10-20
farms.faostat-wcad.holdings-by-land-size,PHL,1971,78141.0,,,,final,"WCA 1970 round, census 1971. FAO flag I: Value imputed by a receiving agency.",,,10-20
farms.faostat-wcad.holdings-by-land-size,PHL,1981,82443.0,,,,final,"WCA 1980 round, census 1981. FAO flag I: Value imputed by a receiving agency.",,,10-20
farms.faostat-wcad.holdings-by-land-size,PHL,1991,85581.0,,,,final,"WCA 1990 round, census 1991. FAO flag A: Official figure.",,,10-20
farms.faostat-wcad.holdings-by-land-size,PHL,2002,79608.0,,,,final,"WCA 2000 round, census 2002. FAO flag I: Value imputed by a receiving agency.",,,10-20
farms.faostat-wcad.holdings-by-land-size,PHL,2012,39057.0,,,,final,"WCA 2010 round, census 2012. FAO flag I: Value imputed by a receiving agency.",,,10-20
farms.faostat-wcad.holdings-by-land-size,PHL,1948,24581.0,,,,final,"WCA 1950 round, census 1948. FAO flag A: Official figure.",,,20-50
farms.faostat-wcad.holdings-by-land-size,PHL,1960,16338.0,,,,final,"WCA 1960 round, census 1960. FAO flag A: Official figure.",,,20-50
farms.faostat-wcad.holdings-by-land-size,PHL,1971,31630.0,,,,final,"WCA 1970 round, census 1971. FAO flag I: Value imputed by a receiving agency.",,,20-50
farms.faostat-wcad.holdings-by-land-size,PHL,1981,35888.0,,,,final,"WCA 1980 round, census 1981. FAO flag I: Value imputed by a receiving agency.",,,20-50
farms.faostat-wcad.holdings-by-land-size,PHL,1991,22998.0,,,,final,"WCA 1990 round, census 1991. FAO flag A: Official figure.",,,20-50
farms.faostat-wcad.holdings-by-land-size,PHL,2002,20666.0,,,,final,"WCA 2000 round, census 2002. FAO flag I: Value imputed by a receiving agency.",,,20-50
farms.faostat-wcad.holdings-by-land-size,PHL,2012,15085.0,,,,final,"WCA 2010 round, census 2012. FAO flag I: Value imputed by a receiving agency.",,,20-50
farms.faostat-wcad.holdings-by-land-size,PHL,1948,2606.0,,,,final,"WCA 1950 round, census 1948. FAO flag A: Official figure.",,,50-100
farms.faostat-wcad.holdings-by-land-size,PHL,1960,2466.0,,,,final,"WCA 1960 round, census 1960. FAO flag A: Official figure.",,,50-100
farms.faostat-wcad.holdings-by-land-size,PHL,1971,5560.0,,,,final,"WCA 1970 round, census 1971. FAO flag A: Official figure.",,,50-100
farms.faostat-wcad.holdings-by-land-size,PHL,2012,1753.0,,,,final,"WCA 2010 round, census 2012. FAO flag A: Official figure.",,,50-100
farms.faostat-wcad.holdings-by-land-size,PHL,1948,1240.0,,,,final,"WCA 1950 round, census 1948. FAO flag A: Official figure.",,,100-200
farms.faostat-wcad.holdings-by-land-size,PHL,1960,1180.0,,,,final,"WCA 1960 round, census 1960. FAO flag A: Official figure.",,,100-200
farms.faostat-wcad.holdings-by-land-size,PHL,1948,1029.0,,,,final,"WCA 1950 round, census 1948. FAO flag A: Official figure.",,,200-500
farms.faostat-wcad.holdings-by-land-size,PHL,1960,1042.0,,,,final,"WCA 1960 round, census 1960. FAO flag A: Official figure.",,,200-500
farms.faostat-wcad.holdings-by-land-size,PLW,2015,1179.0,,,,final,"WCA 2010 round, census 2015. FAO flag I: Value imputed by a receiving agency.",,,0-1
farms.faostat-wcad.holdings-by-land-size,POL,1960,654660.0,,,,final,"WCA 1960 round, census 1960. FAO flag A: Official figure.",,,0-1
farms.faostat-wcad.holdings-by-land-size,POL,1970,662183.0,,,,final,"WCA 1970 round, census 1970. FAO flag A: Official figure.",,,0-1
farms.faostat-wcad.holdings-by-land-size,POL,1981,131673.0,,,,final,"WCA 1980 round, census 1981. FAO flag I: Value imputed by a receiving agency.",,,0-1
farms.faostat-wcad.holdings-by-land-size,POL,2002,977100.0,,,,final,"WCA 2000 round, census 2002. FAO flag A: Official figure. FAO's note: Agricultural area",,,0-1
farms.faostat-wcad.holdings-by-land-size,POL,2010,117017.0,,,,final,"WCA 2010 round, census 2010. FAO flag I: Value imputed by a receiving agency. FAO's note: UAA",,,0-1
farms.faostat-wcad.holdings-by-land-size,POL,2020,79822.0,,,,final,"WCA 2020 round, census 2020. FAO flag I: Value imputed by a receiving agency. FAO's note: UAA",,,0-1
farms.faostat-wcad.holdings-by-land-size,POL,1960,523292.0,,,,final,"WCA 1960 round, census 1960. FAO flag A: Official figure.",,,1-2
farms.faostat-wcad.holdings-by-land-size,POL,1970,472692.0,,,,final,"WCA 1970 round, census 1970. FAO flag A: Official figure.",,,1-2
farms.faostat-wcad.holdings-by-land-size,POL,1981,736327.0,,,,final,"WCA 1980 round, census 1981. FAO flag I: Value imputed by a receiving agency.",,,1-2
farms.faostat-wcad.holdings-by-land-size,POL,2002,517000.0,,,,final,"WCA 2000 round, census 2002. FAO flag A: Official figure. FAO's note: Agricultural area",,,1-2
farms.faostat-wcad.holdings-by-land-size,POL,2010,238203.0,,,,final,"WCA 2010 round, census 2010. FAO flag I: Value imputed by a receiving agency. FAO's note: UAA",,,1-2
farms.faostat-wcad.holdings-by-land-size,POL,2020,162488.0,,,,final,"WCA 2020 round, census 2020. FAO flag I: Value imputed by a receiving agency. FAO's note: UAA",,,1-2
farms.faostat-wcad.holdings-by-land-size,POL,2010,158700.0,,,,final,"WCA 2010 round, census 2010. FAO flag I: Value imputed by a receiving agency. FAO's note: UAA",,,2-3
farms.faostat-wcad.holdings-by-land-size,POL,2020,147179.0,,,,final,"WCA 2020 round, census 2020. FAO flag I: Value imputed by a receiving agency. FAO's note: UAA",,,2-3
farms.faostat-wcad.holdings-by-land-size,POL,2010,157888.0,,,,final,"WCA 2010 round, census 2010. FAO flag I: Value imputed by a receiving agency. FAO's note: UAA",,,3-4
farms.faostat-wcad.holdings-by-land-size,POL,2020,146426.0,,,,final,"WCA 2020 round, census 2020. FAO flag I: Value imputed by a receiving agency. FAO's note: UAA",,,3-4
farms.faostat-wcad.holdings-by-land-size,POL,2010,151612.0,,,,final,"WCA 2010 round, census 2010. FAO flag I: Value imputed by a receiving agency. FAO's note: UAA",,,4-5
farms.faostat-wcad.holdings-by-land-size,POL,2020,140606.0,,,,final,"WCA 2020 round, census 2020. FAO flag I: Value imputed by a receiving agency. FAO's note: UAA",,,4-5
farms.faostat-wcad.holdings-by-land-size,POL,1960,1092258.0,,,,final,"WCA 1960 round, census 1960. FAO flag A: Official figure.",,,2-5
farms.faostat-wcad.holdings-by-land-size,POL,1970,967488.0,,,,final,"WCA 1970 round, census 1970. FAO flag A: Official figure.",,,2-5
farms.faostat-wcad.holdings-by-land-size,POL,1981,855200.0,,,,final,"WCA 1980 round, census 1981. FAO flag A: Official figure.",,,2-5
farms.faostat-wcad.holdings-by-land-size,POL,2002,629600.0,,,,final,"WCA 2000 round, census 2002. FAO flag A: Official figure. FAO's note: Agricultural area",,,2-5
farms.faostat-wcad.holdings-by-land-size,POL,1960,938130.0,,,,final,"WCA 1960 round, census 1960. FAO flag A: Official figure.",,,5-10
farms.faostat-wcad.holdings-by-land-size,POL,1970,886334.0,,,,final,"WCA 1970 round, census 1970. FAO flag A: Official figure.",,,5-10
farms.faostat-wcad.holdings-by-land-size,POL,1981,748700.0,,,,final,"WCA 1980 round, census 1981. FAO flag A: Official figure.",,,5-10
farms.faostat-wcad.holdings-by-land-size,POL,2002,426800.0,,,,final,"WCA 2000 round, census 2002. FAO flag A: Official figure. FAO's note: Agricultural area",,,5-10
farms.faostat-wcad.holdings-by-land-size,POL,2010,334950.0,,,,final,"WCA 2010 round, census 2010. FAO flag A: Official figure. FAO's note: UAA",,,5-10
farms.faostat-wcad.holdings-by-land-size,POL,2020,282460.0,,,,final,"WCA 2020 round, census 2020. FAO flag A: Official figure. FAO's note: UAA",,,5-10
farms.faostat-wcad.holdings-by-land-size,POL,1960,350544.0,,,,final,"WCA 1960 round, census 1960. FAO flag A: Official figure.",,,10-20
farms.faostat-wcad.holdings-by-land-size,POL,1970,373327.0,,,,final,"WCA 1970 round, census 1970. FAO flag A: Official figure.",,,10-20
farms.faostat-wcad.holdings-by-land-size,POL,1981,425200.0,,,,final,"WCA 1980 round, census 1981. FAO flag A: Official figure.",,,10-20
farms.faostat-wcad.holdings-by-land-size,POL,2002,266600.0,,,,final,"WCA 2000 round, census 2002. FAO flag A: Official figure. FAO's note: Agricultural area",,,10-20
farms.faostat-wcad.holdings-by-land-size,POL,2010,218510.0,,,,final,"WCA 2010 round, census 2010. FAO flag A: Official figure. FAO's note: UAA",,,10-20
farms.faostat-wcad.holdings-by-land-size,POL,2020,192520.0,,,,final,"WCA 2020 round, census 2020. FAO flag A: Official figure. FAO's note: UAA",,,10-20
farms.faostat-wcad.holdings-by-land-size,POL,1960,33450.0,,,,final,"WCA 1960 round, census 1960. FAO flag A: Official figure.",,,20-50
farms.faostat-wcad.holdings-by-land-size,POL,1970,35980.0,,,,final,"WCA 1970 round, census 1970. FAO flag A: Official figure.",,,20-50
farms.faostat-wcad.holdings-by-land-size,POL,2002,96000.0,,,,final,"WCA 2000 round, census 2002. FAO flag A: Official figure. FAO's note: Agricultural area",,,20-50
farms.faostat-wcad.holdings-by-land-size,POL,2010,95280.0,,,,final,"WCA 2010 round, census 2010. FAO flag A: Official figure. FAO's note: UAA",,,20-50
farms.faostat-wcad.holdings-by-land-size,POL,2020,105530.0,,,,final,"WCA 2020 round, census 2020. FAO flag A: Official figure. FAO's note: UAA",,,20-50
farms.faostat-wcad.holdings-by-land-size,POL,1960,2810.0,,,,final,"WCA 1960 round, census 1960. FAO flag A: Official figure.",,,50-100
farms.faostat-wcad.holdings-by-land-size,POL,1970,955.0,,,,final,"WCA 1970 round, census 1970. FAO flag A: Official figure.",,,50-100
farms.faostat-wcad.holdings-by-land-size,POL,2002,12400.0,,,,final,"WCA 2000 round, census 2002. FAO flag A: Official figure. FAO's note: Agricultural area",,,50-100
farms.faostat-wcad.holdings-by-land-size,POL,2010,16840.0,,,,final,"WCA 2010 round, census 2010. FAO flag A: Official figure. FAO's note: UAA",,,50-100
farms.faostat-wcad.holdings-by-land-size,POL,2020,26310.0,,,,final,"WCA 2020 round, census 2020. FAO flag A: Official figure. FAO's note: UAA",,,50-100
farms.faostat-wcad.holdings-by-land-size,POL,1960,1170.0,,,,final,"WCA 1960 round, census 1960. FAO flag A: Official figure.",,,100-200
farms.faostat-wcad.holdings-by-land-size,POL,2002,3400.0,,,,final,"WCA 2000 round, census 2002. FAO flag A: Official figure. FAO's note: Agricultural area",,,100-200
farms.faostat-wcad.holdings-by-land-size,POL,2010,9650.0,,,,final,"WCA 2010 round, census 2010. FAO flag A: Official figure. FAO's note: UAA",,,100-200
farms.faostat-wcad.holdings-by-land-size,POL,2020,13950.0,,,,final,"WCA 2020 round, census 2020. FAO flag A: Official figure. FAO's note: UAA",,,100-200
farms.faostat-wcad.holdings-by-land-size,POL,1960,2888.0,,,,final,"WCA 1960 round, census 1960. FAO flag A: Official figure.",,,200-500
farms.faostat-wcad.holdings-by-land-size,POL,2002,2400.0,,,,final,"WCA 2000 round, census 2002. FAO flag A: Official figure. FAO's note: Agricultural area",,,200-500
farms.faostat-wcad.holdings-by-land-size,POL,1960,2183.0,,,,final,"WCA 1960 round, census 1960. FAO flag A: Official figure.",,,500-1000
farms.faostat-wcad.holdings-by-land-size,POL,2002,1100.0,,,,final,"WCA 2000 round, census 2002. FAO flag A: Official figure. FAO's note: Agricultural area",,,500-1000
farms.faostat-wcad.holdings-by-land-size,POL,1960,510.0,,,,final,"WCA 1960 round, census 1960. FAO flag A: Official figure.",,,1000-plus
farms.faostat-wcad.holdings-by-land-size,POL,2002,600.0,,,,final,"WCA 2000 round, census 2002. FAO flag A: Official figure. FAO's note: Agricultural area",,,1000-plus
farms.faostat-wcad.holdings-by-land-size,PRI,1930,1694.0,,,,final,"WCA 1930 round, census 1930. FAO flag I: Value imputed by a receiving agency.",,,0-1
farms.faostat-wcad.holdings-by-land-size,PRI,1969,2283.0,,,,final,"WCA 1970 round, census 1969. FAO flag I: Value imputed by a receiving agency.",,,0-1
farms.faostat-wcad.holdings-by-land-size,PRI,1978,1363.0,,,,final,"WCA 1980 round, census 1978. FAO flag I: Value imputed by a receiving agency.",,,0-1
farms.faostat-wcad.holdings-by-land-size,PRI,2012,378.0,,,,final,"WCA 2010 round, census 2012. FAO flag I: Value imputed by a receiving agency.",,,0-1
farms.faostat-wcad.holdings-by-land-size,PRI,2018,163.0,,,,final,"WCA 2020 round, census 2018. FAO flag I: Value imputed by a receiving agency.",,,0-1
farms.faostat-wcad.holdings-by-land-size,PRI,2022,166.0,,,,final,"WCA 2020 round, census 2022. FAO flag I: Value imputed by a receiving agency.",,,0-1
farms.faostat-wcad.holdings-by-land-size,PRI,1930,7838.0,,,,final,"WCA 1930 round, census 1930. FAO flag I: Value imputed by a receiving agency.",,,1-2
farms.faostat-wcad.holdings-by-land-size,PRI,1959,12744.0,,,,final,"WCA 1960 round, census 1959. FAO flag A: Official figure.",,,1-2
farms.faostat-wcad.holdings-by-land-size,PRI,1969,5147.0,,,,final,"WCA 1970 round, census 1969. FAO flag I: Value imputed by a receiving agency.",,,1-2
farms.faostat-wcad.holdings-by-land-size,PRI,1978,4398.0,,,,final,"WCA 1980 round, census 1978. FAO flag I: Value imputed by a receiving agency.",,,1-2
farms.faostat-wcad.holdings-by-land-size,PRI,2012,1222.0,,,,final,"WCA 2010 round, census 2012. FAO flag I: Value imputed by a receiving agency.",,,1-2
farms.faostat-wcad.holdings-by-land-size,PRI,2018,527.0,,,,final,"WCA 2020 round, census 2018. FAO flag I: Value imputed by a receiving agency.",,,1-2
farms.faostat-wcad.holdings-by-land-size,PRI,2022,538.0,,,,final,"WCA 2020 round, census 2022. FAO flag I: Value imputed by a receiving agency.",,,1-2
farms.faostat-wcad.holdings-by-land-size,PRI,2012,1711.0,,,,final,"WCA 2010 round, census 2012. FAO flag I: Value imputed by a receiving agency.",,,2-3
farms.faostat-wcad.holdings-by-land-size,PRI,2018,738.0,,,,final,"WCA 2020 round, census 2018. FAO flag I: Value imputed by a receiving agency.",,,2-3
farms.faostat-wcad.holdings-by-land-size,PRI,2012,1867.0,,,,final,"WCA 2010 round, census 2012. FAO flag I: Value imputed by a receiving agency.",,,3-4
farms.faostat-wcad.holdings-by-land-size,PRI,2018,816.0,,,,final,"WCA 2020 round, census 2018. FAO flag I: Value imputed by a receiving agency.",,,3-4
farms.faostat-wcad.holdings-by-land-size,PRI,2012,721.0,,,,final,"WCA 2010 round, census 2012. FAO flag I: Value imputed by a receiving agency.",,,4-5
farms.faostat-wcad.holdings-by-land-size,PRI,2018,467.0,,,,final,"WCA 2020 round, census 2018. FAO flag I: Value imputed by a receiving agency.",,,4-5
farms.faostat-wcad.holdings-by-land-size,PRI,1930,19927.0,,,,final,"WCA 1930 round, census 1930. FAO flag I: Value imputed by a receiving agency.",,,2-5
farms.faostat-wcad.holdings-by-land-size,PRI,1959,13784.0,,,,final,"WCA 1960 round, census 1959. FAO flag A: Official figure.",,,2-5
farms.faostat-wcad.holdings-by-land-size,PRI,1969,11858.0,,,,final,"WCA 1970 round, census 1969. FAO flag I: Value imputed by a receiving agency.",,,2-5
farms.faostat-wcad.holdings-by-land-size,PRI,1978,14013.0,,,,final,"WCA 1980 round, census 1978. FAO flag I: Value imputed by a receiving agency.",,,2-5
farms.faostat-wcad.holdings-by-land-size,PRI,1987,11291.0,,,,final,"WCA 1990 round, census 1987. FAO flag A: Official figure.",,,2-5
farms.faostat-wcad.holdings-by-land-size,PRI,2002,9310.0,,,,final,"WCA 2000 round, census 2002. FAO flag I: Value imputed by a receiving agency. FAO's note: <5 ha.",,,2-5
farms.faostat-wcad.holdings-by-land-size,PRI,2022,2023.0,,,,final,"WCA 2020 round, census 2022. FAO flag I: Value imputed by a receiving agency.",,,2-5
farms.faostat-wcad.holdings-by-land-size,PRI,1930,9936.0,,,,final,"WCA 1930 round, census 1930. FAO flag I: Value imputed by a receiving agency.",,,5-10
farms.faostat-wcad.holdings-by-land-size,PRI,1959,8499.0,,,,final,"WCA 1960 round, census 1959. FAO flag A: Official figure.",,,5-10
farms.faostat-wcad.holdings-by-land-size,PRI,1969,5733.0,,,,final,"WCA 1970 round, census 1969. FAO flag I: Value imputed by a receiving agency.",,,5-10
farms.faostat-wcad.holdings-by-land-size,PRI,1978,5083.0,,,,final,"WCA 1980 round, census 1978. FAO flag I: Value imputed by a receiving agency.",,,5-10
farms.faostat-wcad.holdings-by-land-size,PRI,1987,3520.0,,,,final,"WCA 1990 round, census 1987. FAO flag A: Official figure.",,,5-10
farms.faostat-wcad.holdings-by-land-size,PRI,2002,3461.0,,,,final,"WCA 2000 round, census 2002. FAO flag I: Value imputed by a receiving agency.",,,5-10
farms.faostat-wcad.holdings-by-land-size,PRI,2012,2700.0,,,,final,"WCA 2010 round, census 2012. FAO flag I: Value imputed by a receiving agency.",,,5-10
farms.faostat-wcad.holdings-by-land-size,PRI,2018,1769.0,,,,final,"WCA 2020 round, census 2018. FAO flag I: Value imputed by a receiving agency.",,,5-10
farms.faostat-wcad.holdings-by-land-size,PRI,2022,1629.0,,,,final,"WCA 2020 round, census 2022. FAO flag I: Value imputed by a receiving agency.",,,5-10
farms.faostat-wcad.holdings-by-land-size,PRI,1930,6898.0,,,,final,"WCA 1930 round, census 1930. FAO flag I: Value imputed by a receiving agency.",,,10-20
farms.faostat-wcad.holdings-by-land-size,PRI,1959,5454.0,,,,final,"WCA 1960 round, census 1959. FAO flag A: Official figure.",,,10-20
farms.faostat-wcad.holdings-by-land-size,PRI,1969,3878.0,,,,final,"WCA 1970 round, census 1969. FAO flag I: Value imputed by a receiving agency.",,,10-20
farms.faostat-wcad.holdings-by-land-size,PRI,1978,3531.0,,,,final,"WCA 1980 round, census 1978. FAO flag I: Value imputed by a receiving agency.",,,10-20
farms.faostat-wcad.holdings-by-land-size,PRI,1987,2418.0,,,,final,"WCA 1990 round, census 1987. FAO flag A: Official figure.",,,10-20
farms.faostat-wcad.holdings-by-land-size,PRI,2002,2287.0,,,,final,"WCA 2000 round, census 2002. FAO flag I: Value imputed by a receiving agency.",,,10-20
farms.faostat-wcad.holdings-by-land-size,PRI,2012,2283.0,,,,final,"WCA 2010 round, census 2012. FAO flag I: Value imputed by a receiving agency.",,,10-20
farms.faostat-wcad.holdings-by-land-size,PRI,2018,1558.0,,,,final,"WCA 2020 round, census 2018. FAO flag I: Value imputed by a receiving agency.",,,10-20
farms.faostat-wcad.holdings-by-land-size,PRI,2022,1338.0,,,,final,"WCA 2020 round, census 2022. FAO flag I: Value imputed by a receiving agency.",,,10-20
farms.faostat-wcad.holdings-by-land-size,PRI,1930,4082.0,,,,final,"WCA 1930 round, census 1930. FAO flag I: Value imputed by a receiving agency.",,,20-50
farms.faostat-wcad.holdings-by-land-size,PRI,1959,3077.0,,,,final,"WCA 1960 round, census 1959. FAO flag A: Official figure.",,,20-50
farms.faostat-wcad.holdings-by-land-size,PRI,1969,1993.0,,,,final,"WCA 1970 round, census 1969. FAO flag I: Value imputed by a receiving agency.",,,20-50
farms.faostat-wcad.holdings-by-land-size,PRI,1978,1871.0,,,,final,"WCA 1980 round, census 1978. FAO flag I: Value imputed by a receiving agency.",,,20-50
farms.faostat-wcad.holdings-by-land-size,PRI,1987,1688.0,,,,final,"WCA 1990 round, census 1987. FAO flag A: Official figure.",,,20-50
farms.faostat-wcad.holdings-by-land-size,PRI,2002,1528.0,,,,final,"WCA 2000 round, census 2002. FAO flag I: Value imputed by a receiving agency.",,,20-50
farms.faostat-wcad.holdings-by-land-size,PRI,2012,1170.0,,,,final,"WCA 2010 round, census 2012. FAO flag I: Value imputed by a receiving agency.",,,20-50
farms.faostat-wcad.holdings-by-land-size,PRI,2018,1189.0,,,,final,"WCA 2020 round, census 2018. FAO flag I: Value imputed by a receiving agency.",,,20-50
farms.faostat-wcad.holdings-by-land-size,PRI,2022,968.0,,,,final,"WCA 2020 round, census 2022. FAO flag I: Value imputed by a receiving agency.",,,20-50
farms.faostat-wcad.holdings-by-land-size,PRI,1930,1560.0,,,,final,"WCA 1930 round, census 1930. FAO flag I: Value imputed by a receiving agency.",,,50-100
farms.faostat-wcad.holdings-by-land-size,PRI,1959,1172.0,,,,final,"WCA 1960 round, census 1959. FAO flag A: Official figure.",,,50-100
farms.faostat-wcad.holdings-by-land-size,PRI,1969,825.0,,,,final,"WCA 1970 round, census 1969. FAO flag I: Value imputed by a receiving agency.",,,50-100
farms.faostat-wcad.holdings-by-land-size,PRI,1978,827.0,,,,final,"WCA 1980 round, census 1978. FAO flag I: Value imputed by a receiving agency.",,,50-100
farms.faostat-wcad.holdings-by-land-size,PRI,1987,674.0,,,,final,"WCA 1990 round, census 1987. FAO flag A: Official figure.",,,50-100
farms.faostat-wcad.holdings-by-land-size,PRI,2002,572.0,,,,final,"WCA 2000 round, census 2002. FAO flag I: Value imputed by a receiving agency.",,,50-100
farms.faostat-wcad.holdings-by-land-size,PRI,2012,692.0,,,,final,"WCA 2010 round, census 2012. FAO flag I: Value imputed by a receiving agency.",,,50-100
farms.faostat-wcad.holdings-by-land-size,PRI,2018,633.0,,,,final,"WCA 2020 round, census 2018. FAO flag I: Value imputed by a receiving agency.",,,50-100
farms.faostat-wcad.holdings-by-land-size,PRI,2022,530.0,,,,final,"WCA 2020 round, census 2022. FAO flag I: Value imputed by a receiving agency.",,,50-100
farms.faostat-wcad.holdings-by-land-size,PRI,1930,655.0,,,,final,"WCA 1930 round, census 1930. FAO flag I: Value imputed by a receiving agency.",,,100-200
farms.faostat-wcad.holdings-by-land-size,PRI,1959,1062.0,,,,final,"WCA 1960 round, census 1959. FAO flag A: Official figure.",,,100-200
farms.faostat-wcad.holdings-by-land-size,PRI,1969,970.0,,,,final,"WCA 1970 round, census 1969. FAO flag I: Value imputed by a receiving agency.",,,100-200
farms.faostat-wcad.holdings-by-land-size,PRI,1978,752.0,,,,final,"WCA 1980 round, census 1978. FAO flag I: Value imputed by a receiving agency.",,,100-200
farms.faostat-wcad.holdings-by-land-size,PRI,1987,654.0,,,,final,"WCA 1990 round, census 1987. FAO flag A: Official figure.",,,100-200
farms.faostat-wcad.holdings-by-land-size,PRI,2002,501.0,,,,final,"WCA 2000 round, census 2002. FAO flag I: Value imputed by a receiving agency.",,,100-200
farms.faostat-wcad.holdings-by-land-size,PRI,2012,414.0,,,,final,"WCA 2010 round, census 2012. FAO flag I: Value imputed by a receiving agency.",,,100-200
farms.faostat-wcad.holdings-by-land-size,PRI,2018,369.0,,,,final,"WCA 2020 round, census 2018. FAO flag I: Value imputed by a receiving agency.",,,100-200
farms.faostat-wcad.holdings-by-land-size,PRI,2022,410.0,,,,final,"WCA 2020 round, census 2022. FAO flag I: Value imputed by a receiving agency.",,,100-200
farms.faostat-wcad.holdings-by-land-size,PRI,1930,376.0,,,,final,"WCA 1930 round, census 1930. FAO flag I: Value imputed by a receiving agency.",,,200-500
farms.faostat-wcad.holdings-by-land-size,PRT,1952/1954,449070.0,,,,final,"WCA 1950 round, census 1952-1954. FAO flag I: Value imputed by a receiving agency. FAO's note: Includes 52,406 holdings without area of field crops",,,0-1
farms.faostat-wcad.holdings-by-land-size,PRT,1968,313775.0,,,,final,"WCA 1970 round, census 1968. FAO flag A: Official figure.",,,0-1
farms.faostat-wcad.holdings-by-land-size,PRT,1979,344255.0,,,,final,"WCA 1980 round, census 1979. FAO flag A: Official figure.",,,0-1
farms.faostat-wcad.holdings-by-land-size,PRT,1989,178930.0,,,,final,"WCA 1990 round, census 1989. FAO flag A: Official figure. FAO's note: Agricultural area",,,0-1
farms.faostat-wcad.holdings-by-land-size,PRT,1999,111802.0,,,,final,"WCA 2000 round, census 1999. FAO flag A: Official figure. FAO's note: Agricultural area",,,0-1
farms.faostat-wcad.holdings-by-land-size,PRT,2009,77630.0,,,,final,"WCA 2010 round, census 2009. FAO flag I: Value imputed by a receiving agency. FAO's note: UAA",,,0-1
farms.faostat-wcad.holdings-by-land-size,PRT,2019,44870.0,,,,final,"WCA 2020 round, census 2019. FAO flag I: Value imputed by a receiving agency. FAO's note: UAA",,,0-1
farms.faostat-wcad.holdings-by-land-size,PRT,1952/1954,101894.0,,,,final,"WCA 1950 round, census 1952-1954. FAO flag I: Value imputed by a receiving agency.",,,1-2
farms.faostat-wcad.holdings-by-land-size,PRT,1968,125585.0,,,,final,"WCA 1970 round, census 1968. FAO flag I: Value imputed by a receiving agency.",,,1-2
farms.faostat-wcad.holdings-by-land-size,PRT,1979,171984.0,,,,final,"WCA 1980 round, census 1979. FAO flag A: Official figure.",,,1-2
farms.faostat-wcad.holdings-by-land-size,PRT,1989,167480.0,,,,final,"WCA 1990 round, census 1989. FAO flag A: Official figure. FAO's note: Agricultural area",,,1-2
farms.faostat-wcad.holdings-by-land-size,PRT,1999,115272.0,,,,final,"WCA 2000 round, census 1999. FAO flag A: Official figure. FAO's note: Agricultural area",,,1-2
farms.faostat-wcad.holdings-by-land-size,PRT,2009,152460.0,,,,final,"WCA 2010 round, census 2009. FAO flag A: Official figure. FAO's note: UAA",,,1-2
farms.faostat-wcad.holdings-by-land-size,PRT,2019,91340.0,,,,final,"WCA 2020 round, census 2019. FAO flag I: Value imputed by a receiving agency. FAO's note: UAA",,,1-2
farms.faostat-wcad.holdings-by-land-size,PRT,2009,26120.0,,,,final,"WCA 2010 round, census 2009. FAO flag I: Value imputed by a receiving agency. FAO's note: UAA",,,2-3
farms.faostat-wcad.holdings-by-land-size,PRT,2019,24663.0,,,,final,"WCA 2020 round, census 2019. FAO flag I: Value imputed by a receiving agency. FAO's note: UAA",,,2-3
farms.faostat-wcad.holdings-by-land-size,PRT,2009,25986.0,,,,final,"WCA 2010 round, census 2009. FAO flag I: Value imputed by a receiving agency. FAO's note: UAA",,,3-4
farms.faostat-wcad.holdings-by-land-size,PRT,2019,24536.0,,,,final,"WCA 2020 round, census 2019. FAO flag I: Value imputed by a receiving agency. FAO's note: UAA",,,3-4
farms.faostat-wcad.holdings-by-land-size,PRT,2009,24954.0,,,,final,"WCA 2010 round, census 2009. FAO flag I: Value imputed by a receiving agency. FAO's note: UAA",,,4-5
farms.faostat-wcad.holdings-by-land-size,PRT,2019,23561.0,,,,final,"WCA 2020 round, census 2019. FAO flag I: Value imputed by a receiving agency. FAO's note: UAA",,,4-5
farms.faostat-wcad.holdings-by-land-size,PRT,1952/1954,208777.0,,,,final,"WCA 1950 round, census 1952-1954. FAO flag I: Value imputed by a receiving agency.",,,2-5
farms.faostat-wcad.holdings-by-land-size,PRT,1968,205084.0,,,,final,"WCA 1970 round, census 1968. FAO flag I: Value imputed by a receiving agency.",,,2-5
farms.faostat-wcad.holdings-by-land-size,PRT,1979,156566.0,,,,final,"WCA 1980 round, census 1979. FAO flag A: Official figure.",,,2-5
farms.faostat-wcad.holdings-by-land-size,PRT,1989,141665.0,,,,final,"WCA 1990 round, census 1989. FAO flag A: Official figure. FAO's note: Agricultural area",,,2-5
farms.faostat-wcad.holdings-by-land-size,PRT,1999,100715.0,,,,final,"WCA 2000 round, census 1999. FAO flag A: Official figure. FAO's note: Agricultural area",,,2-5
farms.faostat-wcad.holdings-by-land-size,PRT,1952/1954,53400.0,,,,final,"WCA 1950 round, census 1952-1954. FAO flag I: Value imputed by a receiving agency.",,,5-10
farms.faostat-wcad.holdings-by-land-size,PRT,1968,60225.0,,,,final,"WCA 1970 round, census 1968. FAO flag I: Value imputed by a receiving agency.",,,5-10
farms.faostat-wcad.holdings-by-land-size,PRT,1979,60395.0,,,,final,"WCA 1980 round, census 1979. FAO flag A: Official figure.",,,5-10
farms.faostat-wcad.holdings-by-land-size,PRT,1989,56097.0,,,,final,"WCA 1990 round, census 1989. FAO flag A: Official figure. FAO's note: Agricultural area",,,5-10
farms.faostat-wcad.holdings-by-land-size,PRT,1999,42123.0,,,,final,"WCA 2000 round, census 1999. FAO flag A: Official figure. FAO's note: Agricultural area",,,5-10
farms.faostat-wcad.holdings-by-land-size,PRT,2009,33170.0,,,,final,"WCA 2010 round, census 2009. FAO flag A: Official figure. FAO's note: UAA",,,5-10
farms.faostat-wcad.holdings-by-land-size,PRT,2019,32490.0,,,,final,"WCA 2020 round, census 2019. FAO flag A: Official figure. FAO's note: UAA",,,5-10
farms.faostat-wcad.holdings-by-land-size,PRT,1952/1954,22941.0,,,,final,"WCA 1950 round, census 1952-1954. FAO flag I: Value imputed by a receiving agency.",,,10-20
farms.faostat-wcad.holdings-by-land-size,PRT,1968,77186.0,,,,final,"WCA 1970 round, census 1968. FAO flag I: Value imputed by a receiving agency.",,,10-20
farms.faostat-wcad.holdings-by-land-size,PRT,1979,26060.0,,,,final,"WCA 1980 round, census 1979. FAO flag A: Official figure.",,,10-20
farms.faostat-wcad.holdings-by-land-size,PRT,1989,27414.0,,,,final,"WCA 1990 round, census 1989. FAO flag A: Official figure. FAO's note: Agricultural area",,,10-20
farms.faostat-wcad.holdings-by-land-size,PRT,1999,23064.0,,,,final,"WCA 2000 round, census 1999. FAO flag A: Official figure. FAO's note: Agricultural area",,,10-20
farms.faostat-wcad.holdings-by-land-size,PRT,2009,18980.0,,,,final,"WCA 2010 round, census 2009. FAO flag A: Official figure. FAO's note: UAA",,,10-20
farms.faostat-wcad.holdings-by-land-size,PRT,2019,18980.0,,,,final,"WCA 2020 round, census 2019. FAO flag A: Official figure. FAO's note: UAA",,,10-20
farms.faostat-wcad.holdings-by-land-size,PRT,1952/1954,10890.0,,,,final,"WCA 1950 round, census 1952-1954. FAO flag I: Value imputed by a receiving agency.",,,20-50
farms.faostat-wcad.holdings-by-land-size,PRT,1968,17716.0,,,,final,"WCA 1970 round, census 1968. FAO flag A: Official figure.",,,20-50
farms.faostat-wcad.holdings-by-land-size,PRT,1979,12068.0,,,,final,"WCA 1980 round, census 1979. FAO flag A: Official figure.",,,20-50
farms.faostat-wcad.holdings-by-land-size,PRT,1989,13596.0,,,,final,"WCA 1990 round, census 1989. FAO flag A: Official figure. FAO's note: Agricultural area",,,20-50
farms.faostat-wcad.holdings-by-land-size,PRT,1999,13088.0,,,,final,"WCA 2000 round, census 1999. FAO flag A: Official figure. FAO's note: Agricultural area",,,20-50
farms.faostat-wcad.holdings-by-land-size,PRT,2009,11740.0,,,,final,"WCA 2010 round, census 2009. FAO flag A: Official figure. FAO's note: UAA",,,20-50
farms.faostat-wcad.holdings-by-land-size,PRT,2019,13140.0,,,,final,"WCA 2020 round, census 2019. FAO flag A: Official figure. FAO's note: UAA",,,20-50
farms.faostat-wcad.holdings-by-land-size,PRT,1952/1954,3049.0,,,,final,"WCA 1950 round, census 1952-1954. FAO flag I: Value imputed by a receiving agency.",,,50-100
farms.faostat-wcad.holdings-by-land-size,PRT,1968,4494.0,,,,final,"WCA 1970 round, census 1968. FAO flag A: Official figure.",,,50-100
farms.faostat-wcad.holdings-by-land-size,PRT,1979,3587.0,,,,final,"WCA 1980 round, census 1979. FAO flag A: Official figure.",,,50-100
farms.faostat-wcad.holdings-by-land-size,PRT,1989,3846.0,,,,final,"WCA 1990 round, census 1989. FAO flag A: Official figure. FAO's note: Agricultural area",,,50-100
farms.faostat-wcad.holdings-by-land-size,PRT,1999,4126.0,,,,final,"WCA 2000 round, census 1999. FAO flag A: Official figure. FAO's note: Agricultural area",,,50-100
farms.faostat-wcad.holdings-by-land-size,PRT,2009,4360.0,,,,final,"WCA 2010 round, census 2009. FAO flag A: Official figure. FAO's note: UAA",,,50-100
farms.faostat-wcad.holdings-by-land-size,PRT,2019,5550.0,,,,final,"WCA 2020 round, census 2019. FAO flag A: Official figure. FAO's note: UAA",,,50-100
farms.faostat-wcad.holdings-by-land-size,PRT,1952/1954,1516.0,,,,final,"WCA 1950 round, census 1952-1954. FAO flag I: Value imputed by a receiving agency.",,,100-200
farms.faostat-wcad.holdings-by-land-size,PRT,1968,2102.0,,,,final,"WCA 1970 round, census 1968. FAO flag A: Official figure.",,,100-200
farms.faostat-wcad.holdings-by-land-size,PRT,1979,2146.0,,,,final,"WCA 1980 round, census 1979. FAO flag A: Official figure.",,,100-200
farms.faostat-wcad.holdings-by-land-size,PRT,1989,2417.0,,,,final,"WCA 1990 round, census 1989. FAO flag A: Official figure. FAO's note: Agricultural area",,,100-200
farms.faostat-wcad.holdings-by-land-size,PRT,1999,5779.0,,,,final,"WCA 2000 round, census 1999. FAO flag A: Official figure. FAO's note: Agricultural area",,,100-200
farms.faostat-wcad.holdings-by-land-size,PRT,2009,6110.0,,,,final,"WCA 2010 round, census 2009. FAO flag A: Official figure. FAO's note: UAA",,,100-200
farms.faostat-wcad.holdings-by-land-size,PRT,2019,7070.0,,,,final,"WCA 2020 round, census 2019. FAO flag A: Official figure. FAO's note: UAA",,,100-200
farms.faostat-wcad.holdings-by-land-size,PRT,1952/1954,1182.0,,,,final,"WCA 1950 round, census 1952-1954. FAO flag I: Value imputed by a receiving agency.",,,200-500
farms.faostat-wcad.holdings-by-land-size,PRT,1968,1497.0,,,,final,"WCA 1970 round, census 1968. FAO flag A: Official figure.",,,200-500
farms.faostat-wcad.holdings-by-land-size,PRT,1979,1795.0,,,,final,"WCA 1980 round, census 1979. FAO flag A: Official figure.",,,200-500
farms.faostat-wcad.holdings-by-land-size,PRT,1989,2973.0,,,,final,"WCA 1990 round, census 1989. FAO flag A: Official figure. FAO's note: Agricultural area",,,200-500
farms.faostat-wcad.holdings-by-land-size,PRT,1952/1954,500.0,,,,final,"WCA 1950 round, census 1952-1954. FAO flag I: Value imputed by a receiving agency.",,,500-1000
farms.faostat-wcad.holdings-by-land-size,PRT,1968,652.0,,,,final,"WCA 1970 round, census 1968. FAO flag A: Official figure.",,,500-1000
farms.faostat-wcad.holdings-by-land-size,PRT,1979,524.0,,,,final,"WCA 1980 round, census 1979. FAO flag A: Official figure.",,,500-1000
farms.faostat-wcad.holdings-by-land-size,PRT,1952/1954,348.0,,,,final,"WCA 1950 round, census 1952-1954. FAO flag I: Value imputed by a receiving agency.",,,1000-plus
farms.faostat-wcad.holdings-by-land-size,PRT,1968,488.0,,,,final,"WCA 1970 round, census 1968. FAO flag A: Official figure.",,,1000-plus
farms.faostat-wcad.holdings-by-land-size,PRT,1979,433.0,,,,final,"WCA 1980 round, census 1979. FAO flag A: Official figure.",,,1000-plus
farms.faostat-wcad.holdings-by-land-size,PRY,1961,7937.0,,,,final,"WCA 1960 round, census 1961. FAO flag A: Official figure.",,,0-1
farms.faostat-wcad.holdings-by-land-size,PRY,1981,14190.0,,,,final,"WCA 1980 round, census 1981. FAO flag A: Official figure.",,,0-1
farms.faostat-wcad.holdings-by-land-size,PRY,1991,29939.0,,,,final,"WCA 1990 round, census 1991. FAO flag A: Official figure.",,,0-1
farms.faostat-wcad.holdings-by-land-size,PRY,2008,15586.0,,,,final,"WCA 2010 round, census 2008. FAO flag A: Official figure.",,,0-1
farms.faostat-wcad.holdings-by-land-size,PRY,2022,25300.0,,,,final,"WCA 2020 round, census 2022. FAO flag A: Official figure.",,,0-1
farms.faostat-wcad.holdings-by-land-size,PRY,1961,18870.0,,,,final,"WCA 1960 round, census 1961. FAO flag A: Official figure.",,,1-2
farms.faostat-wcad.holdings-by-land-size,PRY,1981,21781.0,,,,final,"WCA 1980 round, census 1981. FAO flag A: Official figure.",,,1-2
farms.faostat-wcad.holdings-by-land-size,PRY,1991,30994.0,,,,final,"WCA 1990 round, census 1991. FAO flag A: Official figure.",,,1-2
farms.faostat-wcad.holdings-by-land-size,PRY,2008,35461.0,,,,final,"WCA 2010 round, census 2008. FAO flag I: Value imputed by a receiving agency.",,,1-2
farms.faostat-wcad.holdings-by-land-size,PRY,2022,30461.0,,,,final,"WCA 2020 round, census 2022. FAO flag I: Value imputed by a receiving agency.",,,1-2
farms.faostat-wcad.holdings-by-land-size,PRY,2008,26383.0,,,,final,"WCA 2010 round, census 2008. FAO flag I: Value imputed by a receiving agency.",,,2-3
farms.faostat-wcad.holdings-by-land-size,PRY,2008,21485.0,,,,final,"WCA 2010 round, census 2008. FAO flag I: Value imputed by a receiving agency.",,,3-4
farms.faostat-wcad.holdings-by-land-size,PRY,2008,18315.0,,,,final,"WCA 2010 round, census 2008. FAO flag I: Value imputed by a receiving agency.",,,4-5
farms.faostat-wcad.holdings-by-land-size,PRY,1961,47752.0,,,,final,"WCA 1960 round, census 1961. FAO flag A: Official figure.",,,2-5
farms.faostat-wcad.holdings-by-land-size,PRY,1981,46405.0,,,,final,"WCA 1980 round, census 1981. FAO flag A: Official figure.",,,2-5
farms.faostat-wcad.holdings-by-land-size,PRY,1991,61817.0,,,,final,"WCA 1990 round, census 1991. FAO flag A: Official figure.",,,2-5
farms.faostat-wcad.holdings-by-land-size,PRY,2022,66048.0,,,,final,"WCA 2020 round, census 2022. FAO flag I: Value imputed by a receiving agency.",,,2-5
farms.faostat-wcad.holdings-by-land-size,PRY,1961,37735.0,,,,final,"WCA 1960 round, census 1961. FAO flag A: Official figure.",,,5-10
farms.faostat-wcad.holdings-by-land-size,PRY,1981,49511.0,,,,final,"WCA 1980 round, census 1981. FAO flag A: Official figure.",,,5-10
farms.faostat-wcad.holdings-by-land-size,PRY,1991,66605.0,,,,final,"WCA 1990 round, census 1991. FAO flag A: Official figure.",,,5-10
farms.faostat-wcad.holdings-by-land-size,PRY,2008,66218.0,,,,final,"WCA 2010 round, census 2008. FAO flag A: Official figure.",,,5-10
farms.faostat-wcad.holdings-by-land-size,PRY,2022,65363.0,,,,final,"WCA 2020 round, census 2022. FAO flag A: Official figure.",,,5-10
farms.faostat-wcad.holdings-by-land-size,PRY,1961,26451.0,,,,final,"WCA 1960 round, census 1961. FAO flag A: Official figure.",,,10-20
farms.faostat-wcad.holdings-by-land-size,PRY,1981,56476.0,,,,final,"WCA 1980 round, census 1981. FAO flag A: Official figure.",,,10-20
farms.faostat-wcad.holdings-by-land-size,PRY,1991,66223.0,,,,final,"WCA 1990 round, census 1991. FAO flag A: Official figure.",,,10-20
farms.faostat-wcad.holdings-by-land-size,PRY,2008,57735.0,,,,final,"WCA 2010 round, census 2008. FAO flag A: Official figure.",,,10-20
farms.faostat-wcad.holdings-by-land-size,PRY,2022,52040.0,,,,final,"WCA 2020 round, census 2022. FAO flag A: Official figure.",,,10-20
farms.faostat-wcad.holdings-by-land-size,PRY,1961,13700.0,,,,final,"WCA 1960 round, census 1961. FAO flag A: Official figure.",,,20-50
farms.faostat-wcad.holdings-by-land-size,PRY,1981,36007.0,,,,final,"WCA 1980 round, census 1981. FAO flag A: Official figure.",,,20-50
farms.faostat-wcad.holdings-by-land-size,PRY,1991,31519.0,,,,final,"WCA 1990 round, census 1991. FAO flag A: Official figure.",,,20-50
farms.faostat-wcad.holdings-by-land-size,PRY,2008,22865.0,,,,final,"WCA 2010 round, census 2008. FAO flag A: Official figure.",,,20-50
farms.faostat-wcad.holdings-by-land-size,PRY,2022,24963.0,,,,final,"WCA 2020 round, census 2022. FAO flag A: Official figure.",,,20-50
farms.faostat-wcad.holdings-by-land-size,PRY,1961,3053.0,,,,final,"WCA 1960 round, census 1961. FAO flag A: Official figure.",,,50-100
farms.faostat-wcad.holdings-by-land-size,PRY,1981,7008.0,,,,final,"WCA 1980 round, census 1981. FAO flag A: Official figure.",,,50-100
farms.faostat-wcad.holdings-by-land-size,PRY,1991,7577.0,,,,final,"WCA 1990 round, census 1991. FAO flag A: Official figure.",,,50-100
farms.faostat-wcad.holdings-by-land-size,PRY,2008,6879.0,,,,final,"WCA 2010 round, census 2008. FAO flag A: Official figure.",,,50-100
farms.faostat-wcad.holdings-by-land-size,PRY,2022,8651.0,,,,final,"WCA 2020 round, census 2022. FAO flag A: Official figure.",,,50-100
farms.faostat-wcad.holdings-by-land-size,PRY,1961,1699.0,,,,final,"WCA 1960 round, census 1961. FAO flag A: Official figure.",,,100-200
farms.faostat-wcad.holdings-by-land-size,PRY,1981,4012.0,,,,final,"WCA 1980 round, census 1981. FAO flag A: Official figure.",,,100-200
farms.faostat-wcad.holdings-by-land-size,PRY,1991,4279.0,,,,final,"WCA 1990 round, census 1991. FAO flag A: Official figure.",,,100-200
farms.faostat-wcad.holdings-by-land-size,PRY,2008,5234.0,,,,final,"WCA 2010 round, census 2008. FAO flag A: Official figure.",,,100-200
farms.faostat-wcad.holdings-by-land-size,PRY,2022,5743.0,,,,final,"WCA 2020 round, census 2022. FAO flag A: Official figure.",,,100-200
farms.faostat-wcad.holdings-by-land-size,PRY,1961,1310.0,,,,final,"WCA 1960 round, census 1961. FAO flag A: Official figure.",,,200-500
farms.faostat-wcad.holdings-by-land-size,PRY,1981,2920.0,,,,final,"WCA 1980 round, census 1981. FAO flag A: Official figure.",,,200-500
farms.faostat-wcad.holdings-by-land-size,PRY,1991,3503.0,,,,final,"WCA 1990 round, census 1991. FAO flag A: Official figure.",,,200-500
farms.faostat-wcad.holdings-by-land-size,PRY,2008,5251.0,,,,final,"WCA 2010 round, census 2008. FAO flag A: Official figure.",,,200-500
farms.faostat-wcad.holdings-by-land-size,PRY,2022,5626.0,,,,final,"WCA 2020 round, census 2022. FAO flag A: Official figure.",,,200-500
farms.faostat-wcad.holdings-by-land-size,PRY,1961,641.0,,,,final,"WCA 1960 round, census 1961. FAO flag A: Official figure.",,,500-1000
farms.faostat-wcad.holdings-by-land-size,PRY,1981,1053.0,,,,final,"WCA 1980 round, census 1981. FAO flag A: Official figure.",,,500-1000
farms.faostat-wcad.holdings-by-land-size,PRY,1991,1525.0,,,,final,"WCA 1990 round, census 1991. FAO flag A: Official figure.",,,500-1000
farms.faostat-wcad.holdings-by-land-size,PRY,2008,2737.0,,,,final,"WCA 2010 round, census 2008. FAO flag A: Official figure.",,,500-1000
farms.faostat-wcad.holdings-by-land-size,PRY,2022,2778.0,,,,final,"WCA 2020 round, census 2022. FAO flag A: Official figure.",,,500-1000
farms.faostat-wcad.holdings-by-land-size,PRY,2008,2119.0,,,,final,"WCA 2010 round, census 2008. FAO flag I: Value imputed by a receiving agency.",,,1000-2500
farms.faostat-wcad.holdings-by-land-size,PRY,2008,2608.0,,,,final,"WCA 2010 round, census 2008. FAO flag I: Value imputed by a receiving agency.",,,2500-plus
farms.faostat-wcad.holdings-by-land-size,PRY,1961,1629.0,,,,final,"WCA 1960 round, census 1961. FAO flag A: Official figure.",,,1000-plus
farms.faostat-wcad.holdings-by-land-size,PRY,1981,2289.0,,,,final,"WCA 1980 round, census 1981. FAO flag A: Official figure.",,,1000-plus
farms.faostat-wcad.holdings-by-land-size,PRY,1991,3240.0,,,,final,"WCA 1990 round, census 1991. FAO flag A: Official figure.",,,1000-plus
farms.faostat-wcad.holdings-by-land-size,PRY,2022,4524.0,,,,final,"WCA 2020 round, census 2022. FAO flag A: Official figure.",,,1000-plus
farms.faostat-wcad.holdings-by-land-size,PSE,2010,83786.0,,,,final,"WCA 2010 round, census 2010. FAO flag I: Value imputed by a receiving agency.",,,0-1
farms.faostat-wcad.holdings-by-land-size,PSE,2021,115419.0,,,,final,"WCA 2020 round, census 2021. FAO flag A: Official figure.",,,0-1
farms.faostat-wcad.holdings-by-land-size,PSE,2010,13763.0,,,,final,"WCA 2010 round, census 2010. FAO flag A: Official figure.",,,1-2
farms.faostat-wcad.holdings-by-land-size,PSE,2021,13503.0,,,,final,"WCA 2020 round, census 2021. FAO flag I: Value imputed by a receiving agency.",,,1-2
farms.faostat-wcad.holdings-by-land-size,PSE,2010,5319.0,,,,final,"WCA 2010 round, census 2010. FAO flag A: Official figure.",,,2-3
farms.faostat-wcad.holdings-by-land-size,PSE,2021,4576.0,,,,final,"WCA 2020 round, census 2021. FAO flag I: Value imputed by a receiving agency.",,,2-3
farms.faostat-wcad.holdings-by-land-size,PSE,2010,2598.0,,,,final,"WCA 2010 round, census 2010. FAO flag A: Official figure.",,,3-4
farms.faostat-wcad.holdings-by-land-size,PSE,2021,2200.0,,,,final,"WCA 2020 round, census 2021. FAO flag I: Value imputed by a receiving agency.",,,3-4
farms.faostat-wcad.holdings-by-land-size,PSE,2010,1531.0,,,,final,"WCA 2010 round, census 2010. FAO flag A: Official figure.",,,4-5
farms.faostat-wcad.holdings-by-land-size,PSE,2021,1229.0,,,,final,"WCA 2020 round, census 2021. FAO flag I: Value imputed by a receiving agency.",,,4-5
farms.faostat-wcad.holdings-by-land-size,PSE,2010,4313.0,,,,final,"WCA 2010 round, census 2010. FAO flag A: Official figure.",,,5-10
farms.faostat-wcad.holdings-by-land-size,PSE,2021,2509.0,,,,final,"WCA 2020 round, census 2021. FAO flag I: Value imputed by a receiving agency.",,,5-10
farms.faostat-wcad.holdings-by-land-size,PSE,2021,1132.0,,,,final,"WCA 2020 round, census 2021. FAO flag I: Value imputed by a receiving agency.",,,10-20
farms.faostat-wcad.holdings-by-land-size,PYF,1995,4789.0,,,,final,"WCA 1990 round, census 1995. FAO flag A: Official figure.",,,0-1
farms.faostat-wcad.holdings-by-land-size,PYF,1995,733.0,,,,final,"WCA 1990 round, census 1995. FAO flag A: Official figure.",,,1-2
farms.faostat-wcad.holdings-by-land-size,PYF,1995,388.0,,,,final,"WCA 1990 round, census 1995. FAO flag A: Official figure.",,,2-5
farms.faostat-wcad.holdings-by-land-size,PYF,1995,139.0,,,,final,"WCA 1990 round, census 1995. FAO flag A: Official figure.",,,5-10
farms.faostat-wcad.holdings-by-land-size,PYF,1995,64.0,,,,final,"WCA 1990 round, census 1995. FAO flag A: Official figure.",,,10-20
farms.faostat-wcad.holdings-by-land-size,PYF,1995,110.0,,,,final,"WCA 1990 round, census 1995. FAO flag A: Official figure.",,,20-50
farms.faostat-wcad.holdings-by-land-size,QAT,2000/2001,2444.0,,,,final,"WCA 2000 round, census 2000/01. FAO flag A: Official figure.",,,0-1
farms.faostat-wcad.holdings-by-land-size,QAT,2000/2001,189.0,,,,final,"WCA 2000 round, census 2000/01. FAO flag A: Official figure.",,,1-2
farms.faostat-wcad.holdings-by-land-size,QAT,2000/2001,212.0,,,,final,"WCA 2000 round, census 2000/01. FAO flag A: Official figure.",,,2-5
farms.faostat-wcad.holdings-by-land-size,QAT,2000/2001,148.0,,,,final,"WCA 2000 round, census 2000/01. FAO flag A: Official figure.",,,5-10
farms.faostat-wcad.holdings-by-land-size,QAT,2000/2001,157.0,,,,final,"WCA 2000 round, census 2000/01. FAO flag A: Official figure.",,,10-20
farms.faostat-wcad.holdings-by-land-size,QAT,2000/2001,211.0,,,,final,"WCA 2000 round, census 2000/01. FAO flag A: Official figure.",,,20-50
farms.faostat-wcad.holdings-by-land-size,QAT,2000/2001,113.0,,,,final,"WCA 2000 round, census 2000/01. FAO flag A: Official figure.",,,50-100
farms.faostat-wcad.holdings-by-land-size,QAT,2000/2001,79.0,,,,final,"WCA 2000 round, census 2000/01. FAO flag A: Official figure.",,,100-200
farms.faostat-wcad.holdings-by-land-size,REU,1972/1973,20995.0,,,,final,"WCA 1970 round, census 1972/73. FAO flag A: Official figure.",,,0-1
farms.faostat-wcad.holdings-by-land-size,REU,1981,10591.0,,,,final,"WCA 1980 round, census 1981. FAO flag A: Official figure.",,,0-1
farms.faostat-wcad.holdings-by-land-size,REU,1989,3970.0,,,,final,"WCA 1990 round, census 1989. FAO flag A: Official figure. FAO's note: Agricultural area",,,0-1
farms.faostat-wcad.holdings-by-land-size,REU,2000,2246.0,,,,final,"WCA 2000 round, census 2000. FAO flag A: Official figure. FAO's note: Agricultural area",,,0-1
farms.faostat-wcad.holdings-by-land-size,REU,1972/1973,4840.0,,,,final,"WCA 1970 round, census 1972/73. FAO flag A: Official figure.",,,1-2
farms.faostat-wcad.holdings-by-land-size,REU,1981,3912.0,,,,final,"WCA 1980 round, census 1981. FAO flag A: Official figure.",,,1-2
farms.faostat-wcad.holdings-by-land-size,REU,1989,3082.0,,,,final,"WCA 1990 round, census 1989. FAO flag A: Official figure. FAO's note: Agricultural area",,,1-2
farms.faostat-wcad.holdings-by-land-size,REU,2000,1679.0,,,,final,"WCA 2000 round, census 2000. FAO flag A: Official figure. FAO's note: Agricultural area",,,1-2
farms.faostat-wcad.holdings-by-land-size,REU,1972/1973,4000.0,,,,final,"WCA 1970 round, census 1972/73. FAO flag A: Official figure.",,,2-5
farms.faostat-wcad.holdings-by-land-size,REU,1981,4744.0,,,,final,"WCA 1980 round, census 1981. FAO flag A: Official figure.",,,2-5
farms.faostat-wcad.holdings-by-land-size,REU,1989,4198.0,,,,final,"WCA 1990 round, census 1989. FAO flag A: Official figure. FAO's note: Agricultural area",,,2-5
farms.faostat-wcad.holdings-by-land-size,REU,2000,2769.0,,,,final,"WCA 2000 round, census 2000. FAO flag A: Official figure. FAO's note: Agricultural area",,,2-5
farms.faostat-wcad.holdings-by-land-size,REU,1972/1973,980.0,,,,final,"WCA 1970 round, census 1972/73. FAO flag A: Official figure.",,,5-10
farms.faostat-wcad.holdings-by-land-size,REU,1981,1111.0,,,,final,"WCA 1980 round, census 1981. FAO flag A: Official figure.",,,5-10
farms.faostat-wcad.holdings-by-land-size,REU,1989,1896.0,,,,final,"WCA 1990 round, census 1989. FAO flag A: Official figure. FAO's note: Agricultural area",,,5-10
farms.faostat-wcad.holdings-by-land-size,REU,2000,1988.0,,,,final,"WCA 2000 round, census 2000. FAO flag A: Official figure. FAO's note: Agricultural area",,,5-10
farms.faostat-wcad.holdings-by-land-size,REU,1972/1973,165.0,,,,final,"WCA 1970 round, census 1972/73. FAO flag I: Value imputed by a receiving agency.",,,10-20
farms.faostat-wcad.holdings-by-land-size,REU,1981,180.0,,,,final,"WCA 1980 round, census 1981. FAO flag I: Value imputed by a receiving agency.",,,10-20
farms.faostat-wcad.holdings-by-land-size,REU,1989,414.0,,,,final,"WCA 1990 round, census 1989. FAO flag A: Official figure. FAO's note: Agricultural area",,,10-20
farms.faostat-wcad.holdings-by-land-size,REU,2000,485.0,,,,final,"WCA 2000 round, census 2000. FAO flag A: Official figure. FAO's note: Agricultural area",,,10-20
farms.faostat-wcad.holdings-by-land-size,REU,1972/1973,165.0,,,,final,"WCA 1970 round, census 1972/73. FAO flag I: Value imputed by a receiving agency.",,,20-50
farms.faostat-wcad.holdings-by-land-size,REU,1981,185.0,,,,final,"WCA 1980 round, census 1981. FAO flag I: Value imputed by a receiving agency.",,,20-50
farms.faostat-wcad.holdings-by-land-size,REU,1989,195.0,,,,final,"WCA 1990 round, census 1989. FAO flag A: Official figure. FAO's note: Agricultural area",,,20-50
farms.faostat-wcad.holdings-by-land-size,REU,2000,220.0,,,,final,"WCA 2000 round, census 2000. FAO flag A: Official figure. FAO's note: Agricultural area",,,20-50
farms.faostat-wcad.holdings-by-land-size,REU,1972/1973,71.0,,,,final,"WCA 1970 round, census 1972/73. FAO flag A: Official figure.",,,50-100
farms.faostat-wcad.holdings-by-land-size,REU,1981,65.0,,,,final,"WCA 1980 round, census 1981. FAO flag A: Official figure.",,,50-100
farms.faostat-wcad.holdings-by-land-size,ROU,2002,2221508.0,,,,final,"WCA 2000 round, census 2002. FAO flag A: Official figure.",,,0-1
farms.faostat-wcad.holdings-by-land-size,ROU,2010,899887.0,,,,final,"WCA 2010 round, census 2010. FAO flag I: Value imputed by a receiving agency. FAO's note: UAA",,,0-1
farms.faostat-wcad.holdings-by-land-size,ROU,2020,672884.0,,,,final,"WCA 2020 round, census 2020. FAO flag I: Value imputed by a receiving agency. FAO's note: UAA",,,0-1
farms.faostat-wcad.holdings-by-land-size,ROU,2002,897612.0,,,,final,"WCA 2000 round, census 2002. FAO flag A: Official figure.",,,1-2
farms.faostat-wcad.holdings-by-land-size,ROU,2010,1831843.0,,,,final,"WCA 2010 round, census 2010. FAO flag I: Value imputed by a receiving agency. FAO's note: UAA",,,1-2
farms.faostat-wcad.holdings-by-land-size,ROU,2020,1369746.0,,,,final,"WCA 2020 round, census 2020. FAO flag I: Value imputed by a receiving agency. FAO's note: UAA",,,1-2
farms.faostat-wcad.holdings-by-land-size,ROU,2010,246554.0,,,,final,"WCA 2010 round, census 2010. FAO flag I: Value imputed by a receiving agency. FAO's note: UAA",,,2-3
farms.faostat-wcad.holdings-by-land-size,ROU,2020,176068.0,,,,final,"WCA 2020 round, census 2020. FAO flag I: Value imputed by a receiving agency. FAO's note: UAA",,,2-3
farms.faostat-wcad.holdings-by-land-size,ROU,2010,245293.0,,,,final,"WCA 2010 round, census 2010. FAO flag I: Value imputed by a receiving agency. FAO's note: UAA",,,3-4
farms.faostat-wcad.holdings-by-land-size,ROU,2020,175167.0,,,,final,"WCA 2020 round, census 2020. FAO flag I: Value imputed by a receiving agency. FAO's note: UAA",,,3-4
farms.faostat-wcad.holdings-by-land-size,ROU,2010,235543.0,,,,final,"WCA 2010 round, census 2010. FAO flag I: Value imputed by a receiving agency. FAO's note: UAA",,,4-5
farms.faostat-wcad.holdings-by-land-size,ROU,2020,168205.0,,,,final,"WCA 2020 round, census 2020. FAO flag I: Value imputed by a receiving agency. FAO's note: UAA",,,4-5
farms.faostat-wcad.holdings-by-land-size,ROU,2002,1027776.0,,,,final,"WCA 2000 round, census 2002. FAO flag A: Official figure.",,,2-5
farms.faostat-wcad.holdings-by-land-size,ROU,2002,263715.0,,,,final,"WCA 2000 round, census 2002. FAO flag A: Official figure.",,,5-10
farms.faostat-wcad.holdings-by-land-size,ROU,2010,182440.0,,,,final,"WCA 2010 round, census 2010. FAO flag A: Official figure. FAO's note: UAA",,,5-10
farms.faostat-wcad.holdings-by-land-size,ROU,2020,161020.0,,,,final,"WCA 2020 round, census 2020. FAO flag A: Official figure. FAO's note: UAA",,,5-10
farms.faostat-wcad.holdings-by-land-size,ROU,2002,49151.0,,,,final,"WCA 2000 round, census 2002. FAO flag A: Official figure.",,,10-20
farms.faostat-wcad.holdings-by-land-size,ROU,2010,43610.0,,,,final,"WCA 2010 round, census 2010. FAO flag A: Official figure. FAO's note: UAA",,,10-20
farms.faostat-wcad.holdings-by-land-size,ROU,2020,56200.0,,,,final,"WCA 2020 round, census 2020. FAO flag A: Official figure. FAO's note: UAA",,,10-20
farms.faostat-wcad.holdings-by-land-size,ROU,2002,10724.0,,,,final,"WCA 2000 round, census 2002. FAO flag A: Official figure.",,,20-50
farms.faostat-wcad.holdings-by-land-size,ROU,2010,17940.0,,,,final,"WCA 2010 round, census 2010. FAO flag A: Official figure. FAO's note: UAA",,,20-50
farms.faostat-wcad.holdings-by-land-size,ROU,2020,35050.0,,,,final,"WCA 2020 round, census 2020. FAO flag A: Official figure. FAO's note: UAA",,,20-50
farms.faostat-wcad.holdings-by-land-size,ROU,2002,3965.0,,,,final,"WCA 2000 round, census 2002. FAO flag A: Official figure.",,,50-100
farms.faostat-wcad.holdings-by-land-size,ROU,2010,7480.0,,,,final,"WCA 2010 round, census 2010. FAO flag A: Official figure. FAO's note: UAA",,,50-100
farms.faostat-wcad.holdings-by-land-size,ROU,2020,11150.0,,,,final,"WCA 2020 round, census 2020. FAO flag A: Official figure. FAO's note: UAA",,,50-100
farms.faostat-wcad.holdings-by-land-size,ROU,2002,10442.0,,,,final,"WCA 2000 round, census 2002. FAO flag A: Official figure.",,,100-200
farms.faostat-wcad.holdings-by-land-size,ROU,2010,13730.0,,,,final,"WCA 2010 round, census 2010. FAO flag A: Official figure. FAO's note: UAA",,,100-200
farms.faostat-wcad.holdings-by-land-size,ROU,2020,16010.0,,,,final,"WCA 2020 round, census 2020. FAO flag A: Official figure. FAO's note: UAA",,,100-200
farms.faostat-wcad.holdings-by-land-size,RUS,2006,301.0,,,,final,"WCA 2010 round, census 2006. FAO flag I: Value imputed by a receiving agency.",,,0-1
farms.faostat-wcad.holdings-by-land-size,RUS,2016,823.0,,,,final,"WCA 2020 round, census 2016. FAO flag I: Value imputed by a receiving agency. FAO's note: Information provided by the Russian Federation includes statistical data for the Autonomous Republic of Crimea and the city of Sevastopol, Ukraine, temporarily occupied by the Russian Federation. Pertain to agricultural enterprises",,,0-1
farms.faostat-wcad.holdings-by-land-size,RUS,2006,286.0,,,,final,"WCA 2010 round, census 2006. FAO flag I: Value imputed by a receiving agency.",,,1-2
farms.faostat-wcad.holdings-by-land-size,RUS,2016,600.0,,,,final,"WCA 2020 round, census 2016. FAO flag I: Value imputed by a receiving agency. FAO's note: Information provided by the Russian Federation includes statistical data for the Autonomous Republic of Crimea and the city of Sevastopol, Ukraine, temporarily occupied by the Russian Federation. Pertain to agricultural enterprises",,,1-2
farms.faostat-wcad.holdings-by-land-size,RUS,2006,258.0,,,,final,"WCA 2010 round, census 2006. FAO flag I: Value imputed by a receiving agency.",,,2-3
farms.faostat-wcad.holdings-by-land-size,RUS,2016,496.0,,,,final,"WCA 2020 round, census 2016. FAO flag I: Value imputed by a receiving agency. FAO's note: Information provided by the Russian Federation includes statistical data for the Autonomous Republic of Crimea and the city of Sevastopol, Ukraine, temporarily occupied by the Russian Federation. Pertain to agricultural enterprises",,,2-3
farms.faostat-wcad.holdings-by-land-size,RUS,2006,237.0,,,,final,"WCA 2010 round, census 2006. FAO flag I: Value imputed by a receiving agency.",,,3-4
farms.faostat-wcad.holdings-by-land-size,RUS,2016,431.0,,,,final,"WCA 2020 round, census 2016. FAO flag I: Value imputed by a receiving agency. FAO's note: Information provided by the Russian Federation includes statistical data for the Autonomous Republic of Crimea and the city of Sevastopol, Ukraine, temporarily occupied by the Russian Federation. Pertain to agricultural enterprises",,,3-4
farms.faostat-wcad.holdings-by-land-size,RUS,2006,220.0,,,,final,"WCA 2010 round, census 2006. FAO flag I: Value imputed by a receiving agency.",,,4-5
farms.faostat-wcad.holdings-by-land-size,RUS,2016,206.0,,,,final,"WCA 2020 round, census 2016. FAO flag I: Value imputed by a receiving agency. FAO's note: Information provided by the Russian Federation includes statistical data for the Autonomous Republic of Crimea and the city of Sevastopol, Ukraine, temporarily occupied by the Russian Federation. Pertain to agricultural enterprises",,,4-5
farms.faostat-wcad.holdings-by-land-size,RUS,2006,930.0,,,,final,"WCA 2010 round, census 2006. FAO flag I: Value imputed by a receiving agency.",,,5-10
farms.faostat-wcad.holdings-by-land-size,RUS,2016,811.0,,,,final,"WCA 2020 round, census 2016. FAO flag I: Value imputed by a receiving agency. FAO's note: Information provided by the Russian Federation includes statistical data for the Autonomous Republic of Crimea and the city of Sevastopol, Ukraine, temporarily occupied by the Russian Federation. Pertain to agricultural enterprises",,,5-10
farms.faostat-wcad.holdings-by-land-size,RUS,2006,1564.0,,,,final,"WCA 2010 round, census 2006. FAO flag A: Official figure.",,,10-20
farms.faostat-wcad.holdings-by-land-size,RUS,2016,963.0,,,,final,"WCA 2020 round, census 2016. FAO flag A: Official figure. FAO's note: Information provided by the Russian Federation includes statistical data for the Autonomous Republic of Crimea and the city of Sevastopol, Ukraine, temporarily occupied by the Russian Federation. Pertain to agricultural enterprises",,,10-20
farms.faostat-wcad.holdings-by-land-size,RUS,2006,2695.0,,,,final,"WCA 2010 round, census 2006. FAO flag A: Official figure.",,,20-50
farms.faostat-wcad.holdings-by-land-size,RUS,2016,1776.0,,,,final,"WCA 2020 round, census 2016. FAO flag A: Official figure. FAO's note: Information provided by the Russian Federation includes statistical data for the Autonomous Republic of Crimea and the city of Sevastopol, Ukraine, temporarily occupied by the Russian Federation. Pertain to agricultural enterprises",,,20-50
farms.faostat-wcad.holdings-by-land-size,RUS,2006,2472.0,,,,final,"WCA 2010 round, census 2006. FAO flag A: Official figure.",,,50-100
farms.faostat-wcad.holdings-by-land-size,RUS,2016,1786.0,,,,final,"WCA 2020 round, census 2016. FAO flag A: Official figure. FAO's note: Information provided by the Russian Federation includes statistical data for the Autonomous Republic of Crimea and the city of Sevastopol, Ukraine, temporarily occupied by the Russian Federation. Pertain to agricultural enterprises",,,50-100
farms.faostat-wcad.holdings-by-land-size,RUS,2006,2719.0,,,,final,"WCA 2010 round, census 2006. FAO flag A: Official figure.",,,100-200
farms.faostat-wcad.holdings-by-land-size,RUS,2016,2009.0,,,,final,"WCA 2020 round, census 2016. FAO flag A: Official figure. FAO's note: Information provided by the Russian Federation includes statistical data for the Autonomous Republic of Crimea and the city of Sevastopol, Ukraine, temporarily occupied by the Russian Federation. Pertain to agricultural enterprises",,,100-200
farms.faostat-wcad.holdings-by-land-size,RUS,2006,4756.0,,,,final,"WCA 2010 round, census 2006. FAO flag A: Official figure.",,,200-500
farms.faostat-wcad.holdings-by-land-size,RUS,2016,3614.0,,,,final,"WCA 2020 round, census 2016. FAO flag A: Official figure. FAO's note: Information provided by the Russian Federation includes statistical data for the Autonomous Republic of Crimea and the city of Sevastopol, Ukraine, temporarily occupied by the Russian Federation. Pertain to agricultural enterprises",,,200-500
farms.faostat-wcad.holdings-by-land-size,RUS,2006,4891.0,,,,final,"WCA 2010 round, census 2006. FAO flag I: Value imputed by a receiving agency.",,,500-1000
farms.faostat-wcad.holdings-by-land-size,RUS,2016,3575.0,,,,final,"WCA 2020 round, census 2016. FAO flag I: Value imputed by a receiving agency. FAO's note: Information provided by the Russian Federation includes statistical data for the Autonomous Republic of Crimea and the city of Sevastopol, Ukraine, temporarily occupied by the Russian Federation. Pertain to agricultural enterprises",,,500-1000
farms.faostat-wcad.holdings-by-land-size,RUS,2006,7934.0,,,,final,"WCA 2010 round, census 2006. FAO flag I: Value imputed by a receiving agency.",,,1000-2500
farms.faostat-wcad.holdings-by-land-size,RUS,2016,5172.0,,,,final,"WCA 2020 round, census 2016. FAO flag I: Value imputed by a receiving agency. FAO's note: Information provided by the Russian Federation includes statistical data for the Autonomous Republic of Crimea and the city of Sevastopol, Ukraine, temporarily occupied by the Russian Federation. Pertain to agricultural enterprises",,,1000-2500
farms.faostat-wcad.holdings-by-land-size,RUS,2006,19417.0,,,,final,"WCA 2010 round, census 2006. FAO flag I: Value imputed by a receiving agency.",,,2500-plus
farms.faostat-wcad.holdings-by-land-size,RUS,2016,9792.0,,,,final,"WCA 2020 round, census 2016. FAO flag I: Value imputed by a receiving agency. FAO's note: Information provided by the Russian Federation includes statistical data for the Autonomous Republic of Crimea and the city of Sevastopol, Ukraine, temporarily occupied by the Russian Federation. Pertain to agricultural enterprises",,,2500-plus
farms.faostat-wcad.holdings-by-land-size,RWA,1984,631557.0,,,,final,"WCA 1980 round, census 1984. FAO flag A: Official figure.",,,0-1
farms.faostat-wcad.holdings-by-land-size,RWA,1984,297988.0,,,,final,"WCA 1980 round, census 1984. FAO flag A: Official figure.",,,1-2
farms.faostat-wcad.holdings-by-land-size,RWA,1984,182352.0,,,,final,"WCA 1980 round, census 1984. FAO flag A: Official figure.",,,2-5
farms.faostat-wcad.holdings-by-land-size,SAU,1973/1974,69245.0,,,,final,"WCA 1970 round, census 1973/74. FAO flag A: Official figure.",,,0-1
farms.faostat-wcad.holdings-by-land-size,SAU,1983,77613.0,,,,final,"WCA 1980 round, census 1983. FAO flag A: Official figure.",,,0-1
farms.faostat-wcad.holdings-by-land-size,SAU,2015,163994.0,,,,final,"WCA 2010 round, census 2015. FAO flag A: Official figure.",,,0-1
farms.faostat-wcad.holdings-by-land-size,SAU,1973/1974,37636.0,,,,final,"WCA 1970 round, census 1973/74. FAO flag A: Official figure.",,,1-2
farms.faostat-wcad.holdings-by-land-size,SAU,1983,38935.0,,,,final,"WCA 1980 round, census 1983. FAO flag A: Official figure.",,,1-2
farms.faostat-wcad.holdings-by-land-size,SAU,2015,28616.0,,,,final,"WCA 2010 round, census 2015. FAO flag A: Official figure.",,,1-2
farms.faostat-wcad.holdings-by-land-size,SAU,2015,14069.0,,,,final,"WCA 2010 round, census 2015. FAO flag I: Value imputed by a receiving agency.",,,2-3
farms.faostat-wcad.holdings-by-land-size,SAU,2015,11237.0,,,,final,"WCA 2010 round, census 2015. FAO flag I: Value imputed by a receiving agency.",,,3-4
farms.faostat-wcad.holdings-by-land-size,SAU,2015,9388.0,,,,final,"WCA 2010 round, census 2015. FAO flag I: Value imputed by a receiving agency.",,,4-5
farms.faostat-wcad.holdings-by-land-size,SAU,1973/1974,33537.0,,,,final,"WCA 1970 round, census 1973/74. FAO flag A: Official figure.",,,2-5
farms.faostat-wcad.holdings-by-land-size,SAU,1983,37147.0,,,,final,"WCA 1980 round, census 1983. FAO flag A: Official figure.",,,2-5
farms.faostat-wcad.holdings-by-land-size,SAU,1973/1974,17722.0,,,,final,"WCA 1970 round, census 1973/74. FAO flag A: Official figure.",,,5-10
farms.faostat-wcad.holdings-by-land-size,SAU,1983,23962.0,,,,final,"WCA 1980 round, census 1983. FAO flag A: Official figure.",,,5-10
farms.faostat-wcad.holdings-by-land-size,SAU,2015,24455.0,,,,final,"WCA 2010 round, census 2015. FAO flag A: Official figure.",,,5-10
farms.faostat-wcad.holdings-by-land-size,SAU,1973/1974,12357.0,,,,final,"WCA 1970 round, census 1973/74. FAO flag A: Official figure.",,,10-20
farms.faostat-wcad.holdings-by-land-size,SAU,1983,17391.0,,,,final,"WCA 1980 round, census 1983. FAO flag A: Official figure.",,,10-20
farms.faostat-wcad.holdings-by-land-size,SAU,2015,12523.0,,,,final,"WCA 2010 round, census 2015. FAO flag A: Official figure.",,,10-20
farms.faostat-wcad.holdings-by-land-size,SAU,1973/1974,6577.0,,,,final,"WCA 1970 round, census 1973/74. FAO flag A: Official figure.",,,20-50
farms.faostat-wcad.holdings-by-land-size,SAU,1983,10567.0,,,,final,"WCA 1980 round, census 1983. FAO flag A: Official figure.",,,20-50
farms.faostat-wcad.holdings-by-land-size,SAU,2015,9771.0,,,,final,"WCA 2010 round, census 2015. FAO flag A: Official figure.",,,20-50
farms.faostat-wcad.holdings-by-land-size,SAU,1973/1974,2002.0,,,,final,"WCA 1970 round, census 1973/74. FAO flag A: Official figure.",,,50-100
farms.faostat-wcad.holdings-by-land-size,SAU,1983,3645.0,,,,final,"WCA 1980 round, census 1983. FAO flag A: Official figure.",,,50-100
farms.faostat-wcad.holdings-by-land-size,SAU,2015,4548.0,,,,final,"WCA 2010 round, census 2015. FAO flag A: Official figure.",,,50-100
farms.faostat-wcad.holdings-by-land-size,SAU,1973/1974,1594.0,,,,final,"WCA 1970 round, census 1973/74. FAO flag A: Official figure.",,,100-200
farms.faostat-wcad.holdings-by-land-size,SAU,1983,1851.0,,,,final,"WCA 1980 round, census 1983. FAO flag A: Official figure.",,,100-200
farms.faostat-wcad.holdings-by-land-size,SAU,2015,3408.0,,,,final,"WCA 2010 round, census 2015. FAO flag A: Official figure.",,,100-200
farms.faostat-wcad.holdings-by-land-size,SAU,1983,744.0,,,,final,"WCA 1980 round, census 1983. FAO flag A: Official figure.",,,200-500
farms.faostat-wcad.holdings-by-land-size,SAU,2015,2363.0,,,,final,"WCA 2010 round, census 2015. FAO flag A: Official figure.",,,200-500
farms.faostat-wcad.holdings-by-land-size,SAU,1983,302.0,,,,final,"WCA 1980 round, census 1983. FAO flag A: Official figure.",,,500-1000
farms.faostat-wcad.holdings-by-land-size,SAU,2015,794.0,,,,final,"WCA 2010 round, census 2015. FAO flag A: Official figure.",,,500-1000
farms.faostat-wcad.holdings-by-land-size,SEN,1960/1961,63500.0,,,,final,"WCA 1960 round, census 1960/61. FAO flag A: Official figure.",,,0-1
farms.faostat-wcad.holdings-by-land-size,SEN,1998/1999,91532.0,,,,final,"WCA 2000 round, census 1998/99. FAO flag A: Official figure. FAO's note: Cultivated land",,,0-1
farms.faostat-wcad.holdings-by-land-size,SEN,1960/1961,64300.0,,,,final,"WCA 1960 round, census 1960/61. FAO flag A: Official figure.",,,1-2
farms.faostat-wcad.holdings-by-land-size,SEN,1998/1999,72226.0,,,,final,"WCA 2000 round, census 1998/99. FAO flag A: Official figure. FAO's note: Cultivated land",,,1-2
farms.faostat-wcad.holdings-by-land-size,SEN,1960/1961,102500.0,,,,final,"WCA 1960 round, census 1960/61. FAO flag A: Official figure.",,,2-5
farms.faostat-wcad.holdings-by-land-size,SEN,1998/1999,142213.0,,,,final,"WCA 2000 round, census 1998/99. FAO flag A: Official figure. FAO's note: Cultivated land",,,2-5
farms.faostat-wcad.holdings-by-land-size,SEN,1960/1961,47200.0,,,,final,"WCA 1960 round, census 1960/61. FAO flag A: Official figure.",,,5-10
farms.faostat-wcad.holdings-by-land-size,SEN,1998/1999,90669.0,,,,final,"WCA 2000 round, census 1998/99. FAO flag A: Official figure. FAO's note: Cultivated land",,,5-10
farms.faostat-wcad.holdings-by-land-size,SEN,1960/1961,17900.0,,,,final,"WCA 1960 round, census 1960/61. FAO flag A: Official figure.",,,10-20
farms.faostat-wcad.holdings-by-land-size,SEN,1998/1999,34326.0,,,,final,"WCA 2000 round, census 1998/99. FAO flag A: Official figure. FAO's note: Cultivated land",,,10-20
farms.faostat-wcad.holdings-by-land-size,SEN,1998/1999,6071.0,,,,final,"WCA 2000 round, census 1998/99. FAO flag A: Official figure. FAO's note: Cultivated land",,,20-50
farms.faostat-wcad.holdings-by-land-size,SGP,1973,12178.0,,,,final,"WCA 1970 round, census 1973. FAO flag A: Official figure.",,,0-1
farms.faostat-wcad.holdings-by-land-size,SGP,1973,2812.0,,,,final,"WCA 1970 round, census 1973. FAO flag A: Official figure.",,,1-2
farms.faostat-wcad.holdings-by-land-size,SGP,1973,701.0,,,,final,"WCA 1970 round, census 1973. FAO flag A: Official figure.",,,2-5
farms.faostat-wcad.holdings-by-land-size,SGP,1973,41.0,,,,final,"WCA 1970 round, census 1973. FAO flag A: Official figure.",,,5-10
farms.faostat-wcad.holdings-by-land-size,SGP,1973,9.0,,,,final,"WCA 1970 round, census 1973. FAO flag A: Official figure.",,,10-20
farms.faostat-wcad.holdings-by-land-size,SLE,1970/1971,96525.0,,,,final,"WCA 1970 round, census 1970/71. FAO flag I: Value imputed by a receiving agency. FAO's note: Excludes 11010 holdings of size not reported.",,,0-1
farms.faostat-wcad.holdings-by-land-size,SLE,1985,106954.0,,,,final,"WCA 1980 round, census 1985. FAO flag A: Official figure.",,,0-1
farms.faostat-wcad.holdings-by-land-size,SLE,1970/1971,78111.0,,,,final,"WCA 1970 round, census 1970/71. FAO flag I: Value imputed by a receiving agency. FAO's note: Excludes 11010 holdings of size not reported.",,,1-2
farms.faostat-wcad.holdings-by-land-size,SLE,1985,58709.0,,,,final,"WCA 1980 round, census 1985. FAO flag A: Official figure.",,,1-2
farms.faostat-wcad.holdings-by-land-size,SLE,1970/1971,82928.0,,,,final,"WCA 1970 round, census 1970/71. FAO flag I: Value imputed by a receiving agency. FAO's note: Excludes 11010 holdings of size not reported.",,,2-5
farms.faostat-wcad.holdings-by-land-size,SLE,1985,46394.0,,,,final,"WCA 1980 round, census 1985. FAO flag I: Value imputed by a receiving agency.",,,2-5
farms.faostat-wcad.holdings-by-land-size,SLE,1970/1971,13656.0,,,,final,"WCA 1970 round, census 1970/71. FAO flag I: Value imputed by a receiving agency. FAO's note: Excludes 11010 holdings of size not reported.",,,5-10
farms.faostat-wcad.holdings-by-land-size,SLE,1985,8211.0,,,,final,"WCA 1980 round, census 1985. FAO flag I: Value imputed by a receiving agency.",,,5-10
farms.faostat-wcad.holdings-by-land-size,SLE,1970/1971,3870.0,,,,final,"WCA 1970 round, census 1970/71. FAO flag I: Value imputed by a receiving agency. FAO's note: Excludes 11010 holdings of size not reported.",,,10-20
farms.faostat-wcad.holdings-by-land-size,SLE,1985,2997.0,,,,final,"WCA 1980 round, census 1985. FAO flag I: Value imputed by a receiving agency.",,,10-20
farms.faostat-wcad.holdings-by-land-size,SLE,1970/1971,37.0,,,,final,"WCA 1970 round, census 1970/71. FAO flag I: Value imputed by a receiving agency. FAO's note: Excludes 11010 holdings of size not reported.",,,20-50
farms.faostat-wcad.holdings-by-land-size,SLV,1950,70416.0,,,,final,"WCA 1950 round, census 1950. FAO flag A: Official figure.",,,0-1
farms.faostat-wcad.holdings-by-land-size,SLV,1961,105685.0,,,,final,"WCA 1960 round, census 1961. FAO flag A: Official figure.",,,0-1
farms.faostat-wcad.holdings-by-land-size,SLV,1970/1971,132464.0,,,,final,"WCA 1970 round, census 1970/71. FAO flag A: Official figure.",,,0-1
farms.faostat-wcad.holdings-by-land-size,SLV,2007/2008,141823.0,,,,final,"WCA 2010 round, census 2007/08. FAO flag A: Official figure.",,,0-1
farms.faostat-wcad.holdings-by-land-size,SLV,1950,22112.0,,,,final,"WCA 1950 round, census 1950. FAO flag I: Value imputed by a receiving agency.",,,1-2
farms.faostat-wcad.holdings-by-land-size,SLV,1961,47943.0,,,,final,"WCA 1960 round, census 1961. FAO flag A: Official figure.",,,1-2
farms.faostat-wcad.holdings-by-land-size,SLV,1970/1971,59063.0,,,,final,"WCA 1970 round, census 1970/71. FAO flag A: Official figure.",,,1-2
farms.faostat-wcad.holdings-by-land-size,SLV,2007/2008,126232.0,,,,final,"WCA 2010 round, census 2007/08. FAO flag A: Official figure.",,,1-2
farms.faostat-wcad.holdings-by-land-size,SLV,2007/2008,36285.0,,,,final,"WCA 2010 round, census 2007/08. FAO flag I: Value imputed by a receiving agency.",,,2-3
farms.faostat-wcad.holdings-by-land-size,SLV,2007/2008,30679.0,,,,final,"WCA 2010 round, census 2007/08. FAO flag I: Value imputed by a receiving agency.",,,3-4
farms.faostat-wcad.holdings-by-land-size,SLV,2007/2008,10471.0,,,,final,"WCA 2010 round, census 2007/08. FAO flag I: Value imputed by a receiving agency.",,,4-5
farms.faostat-wcad.holdings-by-land-size,SLV,1950,47945.0,,,,final,"WCA 1950 round, census 1950. FAO flag I: Value imputed by a receiving agency.",,,2-5
farms.faostat-wcad.holdings-by-land-size,SLV,1961,37343.0,,,,final,"WCA 1960 round, census 1961. FAO flag A: Official figure.",,,2-5
farms.faostat-wcad.holdings-by-land-size,SLV,1970/1971,43414.0,,,,final,"WCA 1970 round, census 1970/71. FAO flag A: Official figure.",,,2-5
farms.faostat-wcad.holdings-by-land-size,SLV,1950,14064.0,,,,final,"WCA 1950 round, census 1950. FAO flag A: Official figure.",,,5-10
farms.faostat-wcad.holdings-by-land-size,SLV,1961,13750.0,,,,final,"WCA 1960 round, census 1961. FAO flag A: Official figure.",,,5-10
farms.faostat-wcad.holdings-by-land-size,SLV,1970/1971,15598.0,,,,final,"WCA 1970 round, census 1970/71. FAO flag A: Official figure.",,,5-10
farms.faostat-wcad.holdings-by-land-size,SLV,2007/2008,21450.0,,,,final,"WCA 2010 round, census 2007/08. FAO flag I: Value imputed by a receiving agency.",,,5-10
farms.faostat-wcad.holdings-by-land-size,SLV,1950,8874.0,,,,final,"WCA 1950 round, census 1950. FAO flag A: Official figure.",,,10-20
farms.faostat-wcad.holdings-by-land-size,SLV,1961,8665.0,,,,final,"WCA 1960 round, census 1961. FAO flag A: Official figure.",,,10-20
farms.faostat-wcad.holdings-by-land-size,SLV,1970/1971,9164.0,,,,final,"WCA 1970 round, census 1970/71. FAO flag A: Official figure.",,,10-20
farms.faostat-wcad.holdings-by-land-size,SLV,2007/2008,10110.0,,,,final,"WCA 2010 round, census 2007/08. FAO flag A: Official figure.",,,10-20
farms.faostat-wcad.holdings-by-land-size,SLV,1950,6660.0,,,,final,"WCA 1950 round, census 1950. FAO flag A: Official figure.",,,20-50
farms.faostat-wcad.holdings-by-land-size,SLV,1961,6454.0,,,,final,"WCA 1960 round, census 1961. FAO flag A: Official figure.",,,20-50
farms.faostat-wcad.holdings-by-land-size,SLV,1970/1971,6986.0,,,,final,"WCA 1970 round, census 1970/71. FAO flag A: Official figure.",,,20-50
farms.faostat-wcad.holdings-by-land-size,SLV,2007/2008,7655.0,,,,final,"WCA 2010 round, census 2007/08. FAO flag I: Value imputed by a receiving agency.",,,20-50
farms.faostat-wcad.holdings-by-land-size,SLV,1950,2107.0,,,,final,"WCA 1950 round, census 1950. FAO flag A: Official figure.",,,50-100
farms.faostat-wcad.holdings-by-land-size,SLV,1961,2391.0,,,,final,"WCA 1960 round, census 1961. FAO flag A: Official figure.",,,50-100
farms.faostat-wcad.holdings-by-land-size,SLV,1970/1971,2238.0,,,,final,"WCA 1970 round, census 1970/71. FAO flag A: Official figure.",,,50-100
farms.faostat-wcad.holdings-by-land-size,SLV,2007/2008,3594.0,,,,final,"WCA 2010 round, census 2007/08. FAO flag I: Value imputed by a receiving agency.",,,50-100
farms.faostat-wcad.holdings-by-land-size,SLV,1950,1059.0,,,,final,"WCA 1950 round, census 1950. FAO flag A: Official figure.",,,100-200
farms.faostat-wcad.holdings-by-land-size,SLV,1961,1045.0,,,,final,"WCA 1960 round, census 1961. FAO flag A: Official figure.",,,100-200
farms.faostat-wcad.holdings-by-land-size,SLV,1970/1971,1103.0,,,,final,"WCA 1970 round, census 1970/71. FAO flag A: Official figure.",,,100-200
farms.faostat-wcad.holdings-by-land-size,SLV,2007/2008,1435.0,,,,final,"WCA 2010 round, census 2007/08. FAO flag A: Official figure.",,,100-200
farms.faostat-wcad.holdings-by-land-size,SLV,1950,654.0,,,,final,"WCA 1950 round, census 1950. FAO flag A: Official figure.",,,200-500
farms.faostat-wcad.holdings-by-land-size,SLV,1961,700.0,,,,final,"WCA 1960 round, census 1961. FAO flag A: Official figure.",,,200-500
farms.faostat-wcad.holdings-by-land-size,SLV,1970/1971,636.0,,,,final,"WCA 1970 round, census 1970/71. FAO flag A: Official figure.",,,200-500
farms.faostat-wcad.holdings-by-land-size,SLV,2007/2008,741.0,,,,final,"WCA 2010 round, census 2007/08. FAO flag A: Official figure.",,,200-500
farms.faostat-wcad.holdings-by-land-size,SLV,1950,168.0,,,,final,"WCA 1950 round, census 1950. FAO flag A: Official figure.",,,500-1000
farms.faostat-wcad.holdings-by-land-size,SLV,1961,189.0,,,,final,"WCA 1960 round, census 1961. FAO flag A: Official figure.",,,500-1000
farms.faostat-wcad.holdings-by-land-size,SLV,1970/1971,139.0,,,,final,"WCA 1970 round, census 1970/71. FAO flag A: Official figure.",,,500-1000
farms.faostat-wcad.holdings-by-land-size,SLV,1950,145.0,,,,final,"WCA 1950 round, census 1950. FAO flag A: Official figure.",,,1000-plus
farms.faostat-wcad.holdings-by-land-size,SLV,1961,124.0,,,,final,"WCA 1960 round, census 1961. FAO flag A: Official figure.",,,1000-plus
farms.faostat-wcad.holdings-by-land-size,SLV,1970/1971,63.0,,,,final,"WCA 1970 round, census 1970/71. FAO flag A: Official figure.",,,1000-plus
farms.faostat-wcad.holdings-by-land-size,SRB,2002,214388.0,,,,final,"WCA 2000 round, census 2002. FAO flag A: Official figure.",,,0-1
farms.faostat-wcad.holdings-by-land-size,SRB,2012,174567.0,,,,final,"WCA 2010 round, census 2012. FAO flag A: Official figure. FAO's note: UAA",,,0-1
farms.faostat-wcad.holdings-by-land-size,SRB,2023,102660.0,,,,final,"WCA 2020 round, census 2023. FAO flag A: Official figure.",,,0-1
farms.faostat-wcad.holdings-by-land-size,SRB,2002,145929.0,,,,final,"WCA 2000 round, census 2002. FAO flag A: Official figure.",,,1-2
farms.faostat-wcad.holdings-by-land-size,SRB,2012,123719.0,,,,final,"WCA 2010 round, census 2012. FAO flag A: Official figure. FAO's note: UAA",,,1-2
farms.faostat-wcad.holdings-by-land-size,SRB,2023,92378.0,,,,final,"WCA 2020 round, census 2023. FAO flag A: Official figure.",,,1-2
farms.faostat-wcad.holdings-by-land-size,SRB,2012,68991.0,,,,final,"WCA 2010 round, census 2012. FAO flag I: Value imputed by a receiving agency. FAO's note: UAA",,,2-3
farms.faostat-wcad.holdings-by-land-size,SRB,2012,60345.0,,,,final,"WCA 2010 round, census 2012. FAO flag I: Value imputed by a receiving agency. FAO's note: UAA",,,3-4
farms.faostat-wcad.holdings-by-land-size,SRB,2012,53153.0,,,,final,"WCA 2010 round, census 2012. FAO flag I: Value imputed by a receiving agency. FAO's note: UAA",,,4-5
farms.faostat-wcad.holdings-by-land-size,SRB,2002,244064.0,,,,final,"WCA 2000 round, census 2002. FAO flag A: Official figure.",,,2-5
farms.faostat-wcad.holdings-by-land-size,SRB,2023,151844.0,,,,final,"WCA 2020 round, census 2023. FAO flag A: Official figure.",,,2-5
farms.faostat-wcad.holdings-by-land-size,SRB,2002,131438.0,,,,final,"WCA 2000 round, census 2002. FAO flag A: Official figure.",,,5-10
farms.faostat-wcad.holdings-by-land-size,SRB,2012,89083.0,,,,final,"WCA 2010 round, census 2012. FAO flag A: Official figure. FAO's note: UAA",,,5-10
farms.faostat-wcad.holdings-by-land-size,SRB,2023,90726.0,,,,final,"WCA 2020 round, census 2023. FAO flag A: Official figure.",,,5-10
farms.faostat-wcad.holdings-by-land-size,SRB,2002,36772.0,,,,final,"WCA 2000 round, census 2002. FAO flag A: Official figure.",,,10-20
farms.faostat-wcad.holdings-by-land-size,SRB,2012,32313.0,,,,final,"WCA 2010 round, census 2012. FAO flag A: Official figure. FAO's note: UAA",,,10-20
farms.faostat-wcad.holdings-by-land-size,SRB,2023,44951.0,,,,final,"WCA 2020 round, census 2023. FAO flag A: Official figure.",,,10-20
farms.faostat-wcad.holdings-by-land-size,SRB,2002,6300.0,,,,final,"WCA 2000 round, census 2002. FAO flag A: Official figure.",,,20-50
farms.faostat-wcad.holdings-by-land-size,SRB,2012,13029.0,,,,final,"WCA 2010 round, census 2012. FAO flag A: Official figure. FAO's note: UAA",,,20-50
farms.faostat-wcad.holdings-by-land-size,SRB,2023,21188.0,,,,final,"WCA 2020 round, census 2023. FAO flag A: Official figure.",,,20-50
farms.faostat-wcad.holdings-by-land-size,SRB,2012,4394.0,,,,final,"WCA 2010 round, census 2012. FAO flag A: Official figure. FAO's note: UAA",,,50-100
farms.faostat-wcad.holdings-by-land-size,SRB,2023,3083.0,,,,final,"WCA 2020 round, census 2023. FAO flag A: Official figure.",,,50-100
farms.faostat-wcad.holdings-by-land-size,SRB,2012,1851.0,,,,final,"WCA 2010 round, census 2012. FAO flag A: Official figure. FAO's note: UAA",,,100-200
farms.faostat-wcad.holdings-by-land-size,SRB,2023,1495.0,,,,final,"WCA 2020 round, census 2023. FAO flag A: Official figure.",,,100-200
farms.faostat-wcad.holdings-by-land-size,SUR,1959,3205.0,,,,final,"WCA 1960 round, census 1959. FAO flag A: Official figure. FAO's note: Includes holdings without land",,,0-1
farms.faostat-wcad.holdings-by-land-size,SUR,1969,3521.0,,,,final,"WCA 1970 round, census 1969. FAO flag A: Official figure.",,,0-1
farms.faostat-wcad.holdings-by-land-size,SUR,2008,5020.0,,,,final,"WCA 2010 round, census 2008. FAO flag A: Official figure.",,,0-1
farms.faostat-wcad.holdings-by-land-size,SUR,1959,4431.0,,,,final,"WCA 1960 round, census 1959. FAO flag A: Official figure.",,,1-2
farms.faostat-wcad.holdings-by-land-size,SUR,1969,4095.0,,,,final,"WCA 1970 round, census 1969. FAO flag A: Official figure.",,,1-2
farms.faostat-wcad.holdings-by-land-size,SUR,2008,2125.0,,,,final,"WCA 2010 round, census 2008. FAO flag A: Official figure.",,,1-2
farms.faostat-wcad.holdings-by-land-size,SUR,2008,1008.0,,,,final,"WCA 2010 round, census 2008. FAO flag A: Official figure.",,,2-3
farms.faostat-wcad.holdings-by-land-size,SUR,2008,531.0,,,,final,"WCA 2010 round, census 2008. FAO flag A: Official figure.",,,3-4
farms.faostat-wcad.holdings-by-land-size,SUR,2008,381.0,,,,final,"WCA 2010 round, census 2008. FAO flag A: Official figure.",,,4-5
farms.faostat-wcad.holdings-by-land-size,SUR,1959,5549.0,,,,final,"WCA 1960 round, census 1959. FAO flag A: Official figure.",,,2-5
farms.faostat-wcad.holdings-by-land-size,SUR,1969,5739.0,,,,final,"WCA 1970 round, census 1969. FAO flag A: Official figure.",,,2-5
farms.faostat-wcad.holdings-by-land-size,SUR,1959,1925.0,,,,final,"WCA 1960 round, census 1959. FAO flag A: Official figure.",,,5-10
farms.faostat-wcad.holdings-by-land-size,SUR,1969,1784.0,,,,final,"WCA 1970 round, census 1969. FAO flag A: Official figure.",,,5-10
farms.faostat-wcad.holdings-by-land-size,SUR,2008,598.0,,,,final,"WCA 2010 round, census 2008. FAO flag A: Official figure.",,,5-10
farms.faostat-wcad.holdings-by-land-size,SUR,1959,729.0,,,,final,"WCA 1960 round, census 1959. FAO flag A: Official figure.",,,10-20
farms.faostat-wcad.holdings-by-land-size,SUR,1969,581.0,,,,final,"WCA 1970 round, census 1969. FAO flag A: Official figure.",,,10-20
farms.faostat-wcad.holdings-by-land-size,SUR,2008,293.0,,,,final,"WCA 2010 round, census 2008. FAO flag A: Official figure.",,,10-20
farms.faostat-wcad.holdings-by-land-size,SUR,1959,261.0,,,,final,"WCA 1960 round, census 1959. FAO flag A: Official figure.",,,20-50
farms.faostat-wcad.holdings-by-land-size,SUR,1969,257.0,,,,final,"WCA 1970 round, census 1969. FAO flag A: Official figure.",,,20-50
farms.faostat-wcad.holdings-by-land-size,SUR,2008,150.0,,,,final,"WCA 2010 round, census 2008. FAO flag A: Official figure.",,,20-50
farms.faostat-wcad.holdings-by-land-size,SUR,1959,53.0,,,,final,"WCA 1960 round, census 1959. FAO flag A: Official figure.",,,50-100
farms.faostat-wcad.holdings-by-land-size,SUR,1969,28.0,,,,final,"WCA 1970 round, census 1969. FAO flag A: Official figure.",,,50-100
farms.faostat-wcad.holdings-by-land-size,SUR,2008,60.0,,,,final,"WCA 2010 round, census 2008. FAO flag A: Official figure.",,,50-100
farms.faostat-wcad.holdings-by-land-size,SUR,1959,26.0,,,,final,"WCA 1960 round, census 1959. FAO flag A: Official figure.",,,100-200
farms.faostat-wcad.holdings-by-land-size,SUR,1969,22.0,,,,final,"WCA 1970 round, census 1969. FAO flag A: Official figure.",,,100-200
farms.faostat-wcad.holdings-by-land-size,SUR,2008,23.0,,,,final,"WCA 2010 round, census 2008. FAO flag A: Official figure.",,,100-200
farms.faostat-wcad.holdings-by-land-size,SUR,1959,30.0,,,,final,"WCA 1960 round, census 1959. FAO flag A: Official figure.",,,200-500
farms.faostat-wcad.holdings-by-land-size,SUR,1969,20.0,,,,final,"WCA 1970 round, census 1969. FAO flag A: Official figure.",,,200-500
farms.faostat-wcad.holdings-by-land-size,SUR,2008,25.0,,,,final,"WCA 2010 round, census 2008. FAO flag A: Official figure.",,,200-500
farms.faostat-wcad.holdings-by-land-size,SUR,1959,22.0,,,,final,"WCA 1960 round, census 1959. FAO flag A: Official figure.",,,500-1000
farms.faostat-wcad.holdings-by-land-size,SUR,1969,13.0,,,,final,"WCA 1970 round, census 1969. FAO flag A: Official figure.",,,500-1000
farms.faostat-wcad.holdings-by-land-size,SUR,2008,16.0,,,,final,"WCA 2010 round, census 2008. FAO flag A: Official figure.",,,500-1000
farms.faostat-wcad.holdings-by-land-size,SUR,1959,8.0,,,,final,"WCA 1960 round, census 1959. FAO flag A: Official figure.",,,1000-plus
farms.faostat-wcad.holdings-by-land-size,SUR,1969,11.0,,,,final,"WCA 1970 round, census 1969. FAO flag A: Official figure.",,,1000-plus
farms.faostat-wcad.holdings-by-land-size,SVK,2001,49809.0,,,,final,"WCA 2000 round, census 2001. FAO flag A: Official figure.",,,0-1
farms.faostat-wcad.holdings-by-land-size,SVK,2010,2873.0,,,,final,"WCA 2010 round, census 2010. FAO flag I: Value imputed by a receiving agency. FAO's note: UAA",,,0-1
farms.faostat-wcad.holdings-by-land-size,SVK,2020,886.0,,,,final,"WCA 2020 round, census 2020. FAO flag I: Value imputed by a receiving agency. FAO's note: UAA",,,0-1
farms.faostat-wcad.holdings-by-land-size,SVK,2001,8188.0,,,,final,"WCA 2000 round, census 2001. FAO flag I: Value imputed by a receiving agency.",,,1-2
farms.faostat-wcad.holdings-by-land-size,SVK,2010,5847.0,,,,final,"WCA 2010 round, census 2010. FAO flag I: Value imputed by a receiving agency. FAO's note: UAA",,,1-2
farms.faostat-wcad.holdings-by-land-size,SVK,2020,1804.0,,,,final,"WCA 2020 round, census 2020. FAO flag I: Value imputed by a receiving agency. FAO's note: UAA",,,1-2
farms.faostat-wcad.holdings-by-land-size,SVK,2010,2132.0,,,,final,"WCA 2010 round, census 2010. FAO flag I: Value imputed by a receiving agency. FAO's note: UAA",,,2-3
farms.faostat-wcad.holdings-by-land-size,SVK,2020,1183.0,,,,final,"WCA 2020 round, census 2020. FAO flag I: Value imputed by a receiving agency. FAO's note: UAA",,,2-3
farms.faostat-wcad.holdings-by-land-size,SVK,2010,2121.0,,,,final,"WCA 2010 round, census 2010. FAO flag I: Value imputed by a receiving agency. FAO's note: UAA",,,3-4
farms.faostat-wcad.holdings-by-land-size,SVK,2020,1177.0,,,,final,"WCA 2020 round, census 2020. FAO flag I: Value imputed by a receiving agency. FAO's note: UAA",,,3-4
farms.faostat-wcad.holdings-by-land-size,SVK,2010,2037.0,,,,final,"WCA 2010 round, census 2010. FAO flag I: Value imputed by a receiving agency. FAO's note: UAA",,,4-5
farms.faostat-wcad.holdings-by-land-size,SVK,2020,1130.0,,,,final,"WCA 2020 round, census 2020. FAO flag I: Value imputed by a receiving agency. FAO's note: UAA",,,4-5
farms.faostat-wcad.holdings-by-land-size,SVK,2001,7265.0,,,,final,"WCA 2000 round, census 2001. FAO flag I: Value imputed by a receiving agency.",,,2-5
farms.faostat-wcad.holdings-by-land-size,SVK,2001,1682.0,,,,final,"WCA 2000 round, census 2001. FAO flag A: Official figure.",,,5-10
farms.faostat-wcad.holdings-by-land-size,SVK,2010,2660.0,,,,final,"WCA 2010 round, census 2010. FAO flag A: Official figure. FAO's note: UAA",,,5-10
farms.faostat-wcad.holdings-by-land-size,SVK,2020,3650.0,,,,final,"WCA 2020 round, census 2020. FAO flag A: Official figure. FAO's note: UAA",,,5-10
farms.faostat-wcad.holdings-by-land-size,SVK,2001,895.0,,,,final,"WCA 2000 round, census 2001. FAO flag I: Value imputed by a receiving agency.",,,10-20
farms.faostat-wcad.holdings-by-land-size,SVK,2010,1630.0,,,,final,"WCA 2010 round, census 2010. FAO flag A: Official figure. FAO's note: UAA",,,10-20
farms.faostat-wcad.holdings-by-land-size,SVK,2020,2480.0,,,,final,"WCA 2020 round, census 2020. FAO flag A: Official figure. FAO's note: UAA",,,10-20
farms.faostat-wcad.holdings-by-land-size,SVK,2001,934.0,,,,final,"WCA 2000 round, census 2001. FAO flag I: Value imputed by a receiving agency.",,,20-50
farms.faostat-wcad.holdings-by-land-size,SVK,2010,1430.0,,,,final,"WCA 2010 round, census 2010. FAO flag A: Official figure. FAO's note: UAA",,,20-50
farms.faostat-wcad.holdings-by-land-size,SVK,2020,2160.0,,,,final,"WCA 2020 round, census 2020. FAO flag A: Official figure. FAO's note: UAA",,,20-50
farms.faostat-wcad.holdings-by-land-size,SVK,2001,486.0,,,,final,"WCA 2000 round, census 2001. FAO flag A: Official figure.",,,50-100
farms.faostat-wcad.holdings-by-land-size,SVK,2010,780.0,,,,final,"WCA 2010 round, census 2010. FAO flag A: Official figure. FAO's note: UAA",,,50-100
farms.faostat-wcad.holdings-by-land-size,SVK,2020,1020.0,,,,final,"WCA 2020 round, census 2020. FAO flag A: Official figure. FAO's note: UAA",,,50-100
farms.faostat-wcad.holdings-by-land-size,SVK,2001,340.0,,,,final,"WCA 2000 round, census 2001. FAO flag I: Value imputed by a receiving agency.",,,100-200
farms.faostat-wcad.holdings-by-land-size,SVK,2010,2210.0,,,,final,"WCA 2010 round, census 2010. FAO flag A: Official figure. FAO's note: UAA",,,100-200
farms.faostat-wcad.holdings-by-land-size,SVK,2020,2490.0,,,,final,"WCA 2020 round, census 2020. FAO flag A: Official figure. FAO's note: UAA",,,100-200
farms.faostat-wcad.holdings-by-land-size,SVK,2001,364.0,,,,final,"WCA 2000 round, census 2001. FAO flag I: Value imputed by a receiving agency.",,,200-500
farms.faostat-wcad.holdings-by-land-size,SVK,2001,353.0,,,,final,"WCA 2000 round, census 2001. FAO flag A: Official figure.",,,500-1000
farms.faostat-wcad.holdings-by-land-size,SVK,2001,722.0,,,,final,"WCA 2000 round, census 2001. FAO flag A: Official figure.",,,1000-plus
farms.faostat-wcad.holdings-by-land-size,SVN,1991,44428.0,,,,final,"WCA 1990 round, census 1991. FAO flag A: Official figure.",,,0-1
farms.faostat-wcad.holdings-by-land-size,SVN,2010,10330.0,,,,final,"WCA 2010 round, census 2010. FAO flag I: Value imputed by a receiving agency. FAO's note: UAA",,,0-1
farms.faostat-wcad.holdings-by-land-size,SVN,2020,6957.0,,,,final,"WCA 2020 round, census 2020. FAO flag I: Value imputed by a receiving agency. FAO's note: UAA",,,0-1
farms.faostat-wcad.holdings-by-land-size,SVN,1991,19992.0,,,,final,"WCA 1990 round, census 1991. FAO flag A: Official figure.",,,1-2
farms.faostat-wcad.holdings-by-land-size,SVN,2010,20280.0,,,,final,"WCA 2010 round, census 2010. FAO flag A: Official figure. FAO's note: UAA",,,1-2
farms.faostat-wcad.holdings-by-land-size,SVN,2020,14163.0,,,,final,"WCA 2020 round, census 2020. FAO flag I: Value imputed by a receiving agency. FAO's note: UAA",,,1-2
farms.faostat-wcad.holdings-by-land-size,SVN,2010,8447.0,,,,final,"WCA 2010 round, census 2010. FAO flag I: Value imputed by a receiving agency. FAO's note: UAA",,,2-3
farms.faostat-wcad.holdings-by-land-size,SVN,2020,7766.0,,,,final,"WCA 2020 round, census 2020. FAO flag I: Value imputed by a receiving agency. FAO's note: UAA",,,2-3
farms.faostat-wcad.holdings-by-land-size,SVN,2010,8404.0,,,,final,"WCA 2010 round, census 2010. FAO flag I: Value imputed by a receiving agency. FAO's note: UAA",,,3-4
farms.faostat-wcad.holdings-by-land-size,SVN,2020,7726.0,,,,final,"WCA 2020 round, census 2020. FAO flag I: Value imputed by a receiving agency. FAO's note: UAA",,,3-4
farms.faostat-wcad.holdings-by-land-size,SVN,2010,8070.0,,,,final,"WCA 2010 round, census 2010. FAO flag I: Value imputed by a receiving agency. FAO's note: UAA",,,4-5
farms.faostat-wcad.holdings-by-land-size,SVN,2020,7419.0,,,,final,"WCA 2020 round, census 2020. FAO flag I: Value imputed by a receiving agency. FAO's note: UAA",,,4-5
farms.faostat-wcad.holdings-by-land-size,SVN,1991,36335.0,,,,final,"WCA 1990 round, census 1991. FAO flag A: Official figure.",,,2-5
farms.faostat-wcad.holdings-by-land-size,SVN,1991,28112.0,,,,final,"WCA 1990 round, census 1991. FAO flag A: Official figure.",,,5-10
farms.faostat-wcad.holdings-by-land-size,SVN,2010,17440.0,,,,final,"WCA 2010 round, census 2010. FAO flag A: Official figure. FAO's note: UAA",,,5-10
farms.faostat-wcad.holdings-by-land-size,SVN,2020,15640.0,,,,final,"WCA 2020 round, census 2020. FAO flag A: Official figure. FAO's note: UAA",,,5-10
farms.faostat-wcad.holdings-by-land-size,SVN,1991,19637.0,,,,final,"WCA 1990 round, census 1991. FAO flag A: Official figure.",,,10-20
farms.faostat-wcad.holdings-by-land-size,SVN,2010,8350.0,,,,final,"WCA 2010 round, census 2010. FAO flag A: Official figure. FAO's note: UAA",,,10-20
farms.faostat-wcad.holdings-by-land-size,SVN,2020,7950.0,,,,final,"WCA 2020 round, census 2020. FAO flag A: Official figure. FAO's note: UAA",,,10-20
farms.faostat-wcad.holdings-by-land-size,SVN,1991,8045.0,,,,final,"WCA 1990 round, census 1991. FAO flag A: Official figure.",,,20-50
farms.faostat-wcad.holdings-by-land-size,SVN,2010,2990.0,,,,final,"WCA 2010 round, census 2010. FAO flag A: Official figure. FAO's note: UAA",,,20-50
farms.faostat-wcad.holdings-by-land-size,SVN,2020,3320.0,,,,final,"WCA 2020 round, census 2020. FAO flag A: Official figure. FAO's note: UAA",,,20-50
farms.faostat-wcad.holdings-by-land-size,SVN,2010,380.0,,,,final,"WCA 2010 round, census 2010. FAO flag A: Official figure. FAO's note: UAA",,,50-100
farms.faostat-wcad.holdings-by-land-size,SVN,2020,550.0,,,,final,"WCA 2020 round, census 2020. FAO flag A: Official figure. FAO's note: UAA",,,50-100
farms.faostat-wcad.holdings-by-land-size,SVN,2010,100.0,,,,final,"WCA 2010 round, census 2010. FAO flag A: Official figure. FAO's note: UAA",,,100-200
farms.faostat-wcad.holdings-by-land-size,SVN,2020,140.0,,,,final,"WCA 2020 round, census 2020. FAO flag A: Official figure. FAO's note: UAA",,,100-200
farms.faostat-wcad.holdings-by-land-size,SWE,1932,301392.0,,,,final,"WCA 1930 round, census 1932. FAO flag A: Official figure.",,,0-1
farms.faostat-wcad.holdings-by-land-size,SWE,1951,341019.0,,,,final,"WCA 1950 round, census 1951. FAO flag I: Value imputed by a receiving agency. FAO's note: Including 229,135 small garden and horicultural Holdings, and 67,394 livestock Holdings of 0.25 haectares and Less than",,,0-1
farms.faostat-wcad.holdings-by-land-size,SWE,1961,1744.0,,,,final,"WCA 1960 round, census 1961. FAO flag A: Official figure.",,,0-1
farms.faostat-wcad.holdings-by-land-size,SWE,1971,3364.0,,,,final,"WCA 1970 round, census 1971. FAO flag I: Value imputed by a receiving agency.",,,0-1
farms.faostat-wcad.holdings-by-land-size,SWE,2010,184.0,,,,final,"WCA 2010 round, census 2010. FAO flag I: Value imputed by a receiving agency. FAO's note: UAA",,,0-1
farms.faostat-wcad.holdings-by-land-size,SWE,2020,247.0,,,,final,"WCA 2020 round, census 2020. FAO flag I: Value imputed by a receiving agency. FAO's note: UAA",,,0-1
farms.faostat-wcad.holdings-by-land-size,SWE,1932,60980.0,,,,final,"WCA 1930 round, census 1932. FAO flag A: Official figure.",,,1-2
farms.faostat-wcad.holdings-by-land-size,SWE,1951,52999.0,,,,final,"WCA 1950 round, census 1951. FAO flag I: Value imputed by a receiving agency.",,,1-2
farms.faostat-wcad.holdings-by-land-size,SWE,1961,29916.0,,,,final,"WCA 1960 round, census 1961. FAO flag A: Official figure.",,,1-2
farms.faostat-wcad.holdings-by-land-size,SWE,1971,7719.0,,,,final,"WCA 1970 round, census 1971. FAO flag I: Value imputed by a receiving agency.",,,1-2
farms.faostat-wcad.holdings-by-land-size,SWE,1981,18588.0,,,,final,"WCA 1980 round, census 1981. FAO flag A: Official figure.",,,1-2
farms.faostat-wcad.holdings-by-land-size,SWE,1999/2000,2780.0,,,,final,"WCA 2000 round, census 1999/00. FAO flag A: Official figure. FAO's note: Agricultural area. < 2 ha",,,1-2
farms.faostat-wcad.holdings-by-land-size,SWE,2010,376.0,,,,final,"WCA 2010 round, census 2010. FAO flag I: Value imputed by a receiving agency. FAO's note: UAA",,,1-2
farms.faostat-wcad.holdings-by-land-size,SWE,2020,503.0,,,,final,"WCA 2020 round, census 2020. FAO flag I: Value imputed by a receiving agency. FAO's note: UAA",,,1-2
farms.faostat-wcad.holdings-by-land-size,SWE,2010,2586.0,,,,final,"WCA 2010 round, census 2010. FAO flag I: Value imputed by a receiving agency. FAO's note: UAA",,,2-3
farms.faostat-wcad.holdings-by-land-size,SWE,2020,1712.0,,,,final,"WCA 2020 round, census 2020. FAO flag I: Value imputed by a receiving agency. FAO's note: UAA",,,2-3
farms.faostat-wcad.holdings-by-land-size,SWE,2010,2573.0,,,,final,"WCA 2010 round, census 2010. FAO flag I: Value imputed by a receiving agency. FAO's note: UAA",,,3-4
farms.faostat-wcad.holdings-by-land-size,SWE,2020,1703.0,,,,final,"WCA 2020 round, census 2020. FAO flag I: Value imputed by a receiving agency. FAO's note: UAA",,,3-4
farms.faostat-wcad.holdings-by-land-size,SWE,2010,2471.0,,,,final,"WCA 2010 round, census 2010. FAO flag I: Value imputed by a receiving agency. FAO's note: UAA",,,4-5
farms.faostat-wcad.holdings-by-land-size,SWE,2020,1635.0,,,,final,"WCA 2020 round, census 2020. FAO flag I: Value imputed by a receiving agency. FAO's note: UAA",,,4-5
farms.faostat-wcad.holdings-by-land-size,SWE,1932,116515.0,,,,final,"WCA 1930 round, census 1932. FAO flag A: Official figure.",,,2-5
farms.faostat-wcad.holdings-by-land-size,SWE,1951,94134.0,,,,final,"WCA 1950 round, census 1951. FAO flag I: Value imputed by a receiving agency.",,,2-5
farms.faostat-wcad.holdings-by-land-size,SWE,1961,66635.0,,,,final,"WCA 1960 round, census 1961. FAO flag A: Official figure.",,,2-5
farms.faostat-wcad.holdings-by-land-size,SWE,1971,30514.0,,,,final,"WCA 1970 round, census 1971. FAO flag I: Value imputed by a receiving agency.",,,2-5
farms.faostat-wcad.holdings-by-land-size,SWE,1981,24397.0,,,,final,"WCA 1980 round, census 1981. FAO flag A: Official figure.",,,2-5
farms.faostat-wcad.holdings-by-land-size,SWE,1999/2000,7000.0,,,,final,"WCA 2000 round, census 1999/00. FAO flag A: Official figure. FAO's note: Agricultural area",,,2-5
farms.faostat-wcad.holdings-by-land-size,SWE,1932,95848.0,,,,final,"WCA 1930 round, census 1932. FAO flag A: Official figure.",,,5-10
farms.faostat-wcad.holdings-by-land-size,SWE,1951,89851.0,,,,final,"WCA 1950 round, census 1951. FAO flag I: Value imputed by a receiving agency.",,,5-10
farms.faostat-wcad.holdings-by-land-size,SWE,1961,75017.0,,,,final,"WCA 1960 round, census 1961. FAO flag A: Official figure.",,,5-10
farms.faostat-wcad.holdings-by-land-size,SWE,1971,39436.0,,,,final,"WCA 1970 round, census 1971. FAO flag I: Value imputed by a receiving agency.",,,5-10
farms.faostat-wcad.holdings-by-land-size,SWE,1981,27276.0,,,,final,"WCA 1980 round, census 1981. FAO flag A: Official figure.",,,5-10
farms.faostat-wcad.holdings-by-land-size,SWE,1999/2000,13960.0,,,,final,"WCA 2000 round, census 1999/00. FAO flag A: Official figure. FAO's note: Agricultural area",,,5-10
farms.faostat-wcad.holdings-by-land-size,SWE,2010,15820.0,,,,final,"WCA 2010 round, census 2010. FAO flag A: Official figure. FAO's note: UAA",,,5-10
farms.faostat-wcad.holdings-by-land-size,SWE,2020,14800.0,,,,final,"WCA 2020 round, census 2020. FAO flag A: Official figure. FAO's note: UAA",,,5-10
farms.faostat-wcad.holdings-by-land-size,SWE,1932,59524.0,,,,final,"WCA 1930 round, census 1932. FAO flag A: Official figure.",,,10-20
farms.faostat-wcad.holdings-by-land-size,SWE,1951,59881.0,,,,final,"WCA 1950 round, census 1951. FAO flag I: Value imputed by a receiving agency.",,,10-20
farms.faostat-wcad.holdings-by-land-size,SWE,1961,53446.0,,,,final,"WCA 1960 round, census 1961. FAO flag A: Official figure.",,,10-20
farms.faostat-wcad.holdings-by-land-size,SWE,1971,37076.0,,,,final,"WCA 1970 round, census 1971. FAO flag I: Value imputed by a receiving agency.",,,10-20
farms.faostat-wcad.holdings-by-land-size,SWE,1981,31336.0,,,,final,"WCA 1980 round, census 1981. FAO flag A: Official figure.",,,10-20
farms.faostat-wcad.holdings-by-land-size,SWE,1999/2000,17040.0,,,,final,"WCA 2000 round, census 1999/00. FAO flag A: Official figure. FAO's note: Agricultural area",,,10-20
farms.faostat-wcad.holdings-by-land-size,SWE,2010,14180.0,,,,final,"WCA 2010 round, census 2010. FAO flag A: Official figure. FAO's note: UAA",,,10-20
farms.faostat-wcad.holdings-by-land-size,SWE,2020,11890.0,,,,final,"WCA 2020 round, census 2020. FAO flag A: Official figure. FAO's note: UAA",,,10-20
farms.faostat-wcad.holdings-by-land-size,SWE,1932,27997.0,,,,final,"WCA 1930 round, census 1932. FAO flag A: Official figure.",,,20-50
farms.faostat-wcad.holdings-by-land-size,SWE,1951,28989.0,,,,final,"WCA 1950 round, census 1951. FAO flag I: Value imputed by a receiving agency.",,,20-50
farms.faostat-wcad.holdings-by-land-size,SWE,1961,30226.0,,,,final,"WCA 1960 round, census 1961. FAO flag A: Official figure.",,,20-50
farms.faostat-wcad.holdings-by-land-size,SWE,1971,32946.0,,,,final,"WCA 1970 round, census 1971. FAO flag I: Value imputed by a receiving agency.",,,20-50
farms.faostat-wcad.holdings-by-land-size,SWE,1981,10255.0,,,,final,"WCA 1980 round, census 1981. FAO flag A: Official figure.",,,20-50
farms.faostat-wcad.holdings-by-land-size,SWE,1999/2000,21650.0,,,,final,"WCA 2000 round, census 1999/00. FAO flag A: Official figure. FAO's note: Agricultural area",,,20-50
farms.faostat-wcad.holdings-by-land-size,SWE,2010,15170.0,,,,final,"WCA 2010 round, census 2010. FAO flag A: Official figure. FAO's note: UAA",,,20-50
farms.faostat-wcad.holdings-by-land-size,SWE,2020,11200.0,,,,final,"WCA 2020 round, census 2020. FAO flag A: Official figure. FAO's note: UAA",,,20-50
farms.faostat-wcad.holdings-by-land-size,SWE,1932,5100.0,,,,final,"WCA 1930 round, census 1932. FAO flag A: Official figure.",,,50-100
farms.faostat-wcad.holdings-by-land-size,SWE,1951,5424.0,,,,final,"WCA 1950 round, census 1951. FAO flag I: Value imputed by a receiving agency.",,,50-100
farms.faostat-wcad.holdings-by-land-size,SWE,1961,5410.0,,,,final,"WCA 1960 round, census 1961. FAO flag A: Official figure.",,,50-100
farms.faostat-wcad.holdings-by-land-size,SWE,1971,8177.0,,,,final,"WCA 1970 round, census 1971. FAO flag I: Value imputed by a receiving agency.",,,50-100
farms.faostat-wcad.holdings-by-land-size,SWE,1981,3284.0,,,,final,"WCA 1980 round, census 1981. FAO flag A: Official figure.",,,50-100
farms.faostat-wcad.holdings-by-land-size,SWE,1999/2000,12540.0,,,,final,"WCA 2000 round, census 1999/00. FAO flag A: Official figure. FAO's note: Agricultural area",,,50-100
farms.faostat-wcad.holdings-by-land-size,SWE,2010,9070.0,,,,final,"WCA 2010 round, census 2010. FAO flag A: Official figure. FAO's note: UAA",,,50-100
farms.faostat-wcad.holdings-by-land-size,SWE,2020,6560.0,,,,final,"WCA 2020 round, census 2020. FAO flag A: Official figure. FAO's note: UAA",,,50-100
farms.faostat-wcad.holdings-by-land-size,SWE,1932,2395.0,,,,final,"WCA 1930 round, census 1932. FAO flag A: Official figure.",,,100-200
farms.faostat-wcad.holdings-by-land-size,SWE,1951,2326.0,,,,final,"WCA 1950 round, census 1951. FAO flag I: Value imputed by a receiving agency.",,,100-200
farms.faostat-wcad.holdings-by-land-size,SWE,1961,2186.0,,,,final,"WCA 1960 round, census 1961. FAO flag A: Official figure.",,,100-200
farms.faostat-wcad.holdings-by-land-size,SWE,1971,2713.0,,,,final,"WCA 1970 round, census 1971. FAO flag I: Value imputed by a receiving agency.",,,100-200
farms.faostat-wcad.holdings-by-land-size,SWE,1999/2000,6440.0,,,,final,"WCA 2000 round, census 1999/00. FAO flag A: Official figure. FAO's note: Agricultural area",,,100-200
farms.faostat-wcad.holdings-by-land-size,SWE,2010,7930.0,,,,final,"WCA 2010 round, census 2010. FAO flag A: Official figure. FAO's note: UAA",,,100-200
farms.faostat-wcad.holdings-by-land-size,SWE,2020,8040.0,,,,final,"WCA 2020 round, census 2020. FAO flag A: Official figure. FAO's note: UAA",,,100-200
farms.faostat-wcad.holdings-by-land-size,SWZ,1972,10303.0,,,,final,"WCA 1970 round, census 1972. FAO flag A: Official figure.",,,0-1
farms.faostat-wcad.holdings-by-land-size,SWZ,1972,7766.0,,,,final,"WCA 1970 round, census 1972. FAO flag I: Value imputed by a receiving agency.",,,1-2
farms.faostat-wcad.holdings-by-land-size,SWZ,1972,16014.0,,,,final,"WCA 1970 round, census 1972. FAO flag I: Value imputed by a receiving agency.",,,2-5
farms.faostat-wcad.holdings-by-land-size,SWZ,1972,4725.0,,,,final,"WCA 1970 round, census 1972. FAO flag A: Official figure.",,,5-10
farms.faostat-wcad.holdings-by-land-size,SYC,1960,122.0,,,,final,"WCA 1960 round, census 1960. FAO flag A: Official figure.",,,0-1
farms.faostat-wcad.holdings-by-land-size,SYC,2011,357.0,,,,final,"WCA 2010 round, census 2011. FAO flag I: Value imputed by a receiving agency.",,,0-1
farms.faostat-wcad.holdings-by-land-size,SYC,1960,272.0,,,,final,"WCA 1960 round, census 1960. FAO flag A: Official figure.",,,1-2
farms.faostat-wcad.holdings-by-land-size,SYC,2011,125.0,,,,final,"WCA 2010 round, census 2011. FAO flag I: Value imputed by a receiving agency.",,,1-2
farms.faostat-wcad.holdings-by-land-size,SYC,2011,48.0,,,,final,"WCA 2010 round, census 2011. FAO flag A: Official figure.",,,2-3
farms.faostat-wcad.holdings-by-land-size,SYC,1960,340.0,,,,final,"WCA 1960 round, census 1960. FAO flag A: Official figure.",,,2-5
farms.faostat-wcad.holdings-by-land-size,SYC,1960,130.0,,,,final,"WCA 1960 round, census 1960. FAO flag A: Official figure.",,,5-10
farms.faostat-wcad.holdings-by-land-size,SYC,1960,104.0,,,,final,"WCA 1960 round, census 1960. FAO flag A: Official figure.",,,10-20
farms.faostat-wcad.holdings-by-land-size,SYC,1960,78.0,,,,final,"WCA 1960 round, census 1960. FAO flag A: Official figure.",,,20-50
farms.faostat-wcad.holdings-by-land-size,SYC,1960,40.0,,,,final,"WCA 1960 round, census 1960. FAO flag A: Official figure.",,,50-100
farms.faostat-wcad.holdings-by-land-size,SYC,1960,31.0,,,,final,"WCA 1960 round, census 1960. FAO flag A: Official figure.",,,100-200
farms.faostat-wcad.holdings-by-land-size,SYC,1960,20.0,,,,final,"WCA 1960 round, census 1960. FAO flag A: Official figure.",,,200-500
farms.faostat-wcad.holdings-by-land-size,SYC,1960,4.0,,,,final,"WCA 1960 round, census 1960. FAO flag A: Official figure.",,,500-1000
farms.faostat-wcad.holdings-by-land-size,SYC,1960,2.0,,,,final,"WCA 1960 round, census 1960. FAO flag A: Official figure.",,,1000-plus
farms.faostat-wcad.holdings-by-land-size,TCD,1972/1973,72377.0,,,,final,"WCA 1970 round, census 1972/73. FAO flag A: Official figure.",,,0-1
farms.faostat-wcad.holdings-by-land-size,TCD,1972/1973,88450.0,,,,final,"WCA 1970 round, census 1972/73. FAO flag A: Official figure.",,,1-2
farms.faostat-wcad.holdings-by-land-size,TCD,1972/1973,166258.0,,,,final,"WCA 1970 round, census 1972/73. FAO flag A: Official figure.",,,2-5
farms.faostat-wcad.holdings-by-land-size,TCD,1972/1973,36476.0,,,,final,"WCA 1970 round, census 1972/73. FAO flag A: Official figure.",,,5-10
farms.faostat-wcad.holdings-by-land-size,TCD,1972/1973,2914.0,,,,final,"WCA 1970 round, census 1972/73. FAO flag A: Official figure.",,,10-20
farms.faostat-wcad.holdings-by-land-size,TGO,1961/1962,64919.0,,,,final,"WCA 1960 round, census 1961/62. FAO flag A: Official figure.",,,0-1
farms.faostat-wcad.holdings-by-land-size,TGO,1970,125545.0,,,,final,"WCA 1970 round, census 1970. FAO flag A: Official figure.",,,0-1
farms.faostat-wcad.holdings-by-land-size,TGO,1996,81620.0,,,,final,"WCA 2000 round, census 1996. FAO flag A: Official figure. FAO's note: Cultivated land",,,0-1
farms.faostat-wcad.holdings-by-land-size,TGO,2012/2014,69764.0,,,,final,"WCA 2010 round, census 2012-2014. FAO flag I: Value imputed by a receiving agency.",,,0-1
farms.faostat-wcad.holdings-by-land-size,TGO,1961/1962,57775.0,,,,final,"WCA 1960 round, census 1961/62. FAO flag A: Official figure.",,,1-2
farms.faostat-wcad.holdings-by-land-size,TGO,1970,59941.0,,,,final,"WCA 1970 round, census 1970. FAO flag A: Official figure.",,,1-2
farms.faostat-wcad.holdings-by-land-size,TGO,1996,165413.0,,,,final,"WCA 2000 round, census 1996. FAO flag A: Official figure. FAO's note: Cultivated land",,,1-2
farms.faostat-wcad.holdings-by-land-size,TGO,2012/2014,96677.0,,,,final,"WCA 2010 round, census 2012-2014. FAO flag A: Official figure.",,,1-2
farms.faostat-wcad.holdings-by-land-size,TGO,2012/2014,88389.0,,,,final,"WCA 2010 round, census 2012-2014. FAO flag A: Official figure.",,,2-3
farms.faostat-wcad.holdings-by-land-size,TGO,2012/2014,67399.0,,,,final,"WCA 2010 round, census 2012-2014. FAO flag I: Value imputed by a receiving agency.",,,3-4
farms.faostat-wcad.holdings-by-land-size,TGO,2012/2014,51063.0,,,,final,"WCA 2010 round, census 2012-2014. FAO flag I: Value imputed by a receiving agency.",,,4-5
farms.faostat-wcad.holdings-by-land-size,TGO,1961/1962,66002.0,,,,final,"WCA 1960 round, census 1961/62. FAO flag A: Official figure.",,,2-5
farms.faostat-wcad.holdings-by-land-size,TGO,1970,38728.0,,,,final,"WCA 1970 round, census 1970. FAO flag A: Official figure.",,,2-5
farms.faostat-wcad.holdings-by-land-size,TGO,1996,365412.0,,,,final,"WCA 2000 round, census 1996. FAO flag A: Official figure. FAO's note: Cultivated land",,,2-5
farms.faostat-wcad.holdings-by-land-size,TGO,1961/1962,22439.0,,,,final,"WCA 1960 round, census 1961/62. FAO flag A: Official figure.",,,5-10
farms.faostat-wcad.holdings-by-land-size,TGO,1970,8443.0,,,,final,"WCA 1970 round, census 1970. FAO flag A: Official figure.",,,5-10
farms.faostat-wcad.holdings-by-land-size,TGO,1996,179777.0,,,,final,"WCA 2000 round, census 1996. FAO flag A: Official figure. FAO's note: Cultivated land",,,5-10
farms.faostat-wcad.holdings-by-land-size,TGO,2012/2014,89465.0,,,,final,"WCA 2010 round, census 2012-2014. FAO flag I: Value imputed by a receiving agency.",,,5-10
farms.faostat-wcad.holdings-by-land-size,TGO,1961/1962,4790.0,,,,final,"WCA 1960 round, census 1961/62. FAO flag A: Official figure.",,,10-20
farms.faostat-wcad.holdings-by-land-size,TGO,1996,45800.0,,,,final,"WCA 2000 round, census 1996. FAO flag A: Official figure. FAO's note: Cultivated land",,,10-20
farms.faostat-wcad.holdings-by-land-size,TGO,2012/2014,32244.0,,,,final,"WCA 2010 round, census 2012-2014. FAO flag A: Official figure.",,,10-20
farms.faostat-wcad.holdings-by-land-size,TGO,1961/1962,1202.0,,,,final,"WCA 1960 round, census 1961/62. FAO flag A: Official figure.",,,20-50
farms.faostat-wcad.holdings-by-land-size,TGO,1996,4102.0,,,,final,"WCA 2000 round, census 1996. FAO flag A: Official figure. FAO's note: Cultivated land",,,20-50
farms.faostat-wcad.holdings-by-land-size,THA,1963,627452.0,,,,final,"WCA 1960 round, census 1963. FAO flag A: Official figure.",,,0-1
farms.faostat-wcad.holdings-by-land-size,THA,1978,638664.0,,,,final,"WCA 1980 round, census 1978. FAO flag A: Official figure.",,,0-1
farms.faostat-wcad.holdings-by-land-size,THA,1993,1114038.0,,,,final,"WCA 1990 round, census 1993. FAO flag A: Official figure.",,,0-1
farms.faostat-wcad.holdings-by-land-size,THA,2003,1314902.0,,,,final,"WCA 2000 round, census 2003. FAO flag I: Value imputed by a receiving agency.",,,0-1
farms.faostat-wcad.holdings-by-land-size,THA,2013,1377499.0,,,,final,"WCA 2010 round, census 2013. FAO flag A: Official figure.",,,0-1
farms.faostat-wcad.holdings-by-land-size,THA,2023,2181200.0,,,,final,"WCA 2020 round, census 2023. FAO flag A: Official figure.",,,0-1
farms.faostat-wcad.holdings-by-land-size,THA,1963,687240.0,,,,final,"WCA 1960 round, census 1963. FAO flag A: Official figure.",,,1-2
farms.faostat-wcad.holdings-by-land-size,THA,1978,795135.0,,,,final,"WCA 1980 round, census 1978. FAO flag I: Value imputed by a receiving agency.",,,1-2
farms.faostat-wcad.holdings-by-land-size,THA,1993,1272048.0,,,,final,"WCA 1990 round, census 1993. FAO flag A: Official figure.",,,1-2
farms.faostat-wcad.holdings-by-land-size,THA,2003,1321917.0,,,,final,"WCA 2000 round, census 2003. FAO flag I: Value imputed by a receiving agency.",,,1-2
farms.faostat-wcad.holdings-by-land-size,THA,2013,1352004.0,,,,final,"WCA 2010 round, census 2013. FAO flag I: Value imputed by a receiving agency.",,,1-2
farms.faostat-wcad.holdings-by-land-size,THA,2023,2041064.0,,,,final,"WCA 2020 round, census 2023. FAO flag A: Official figure.",,,1-2
farms.faostat-wcad.holdings-by-land-size,THA,2013,1071726.0,,,,final,"WCA 2010 round, census 2013. FAO flag I: Value imputed by a receiving agency.",,,2-3
farms.faostat-wcad.holdings-by-land-size,THA,2013,564861.0,,,,final,"WCA 2010 round, census 2013. FAO flag I: Value imputed by a receiving agency.",,,3-4
farms.faostat-wcad.holdings-by-land-size,THA,2013,453403.0,,,,final,"WCA 2010 round, census 2013. FAO flag I: Value imputed by a receiving agency.",,,4-5
farms.faostat-wcad.holdings-by-land-size,THA,1963,1163611.0,,,,final,"WCA 1960 round, census 1963. FAO flag A: Official figure.",,,2-5
farms.faostat-wcad.holdings-by-land-size,THA,1978,1470140.0,,,,final,"WCA 1980 round, census 1978. FAO flag I: Value imputed by a receiving agency.",,,2-5
farms.faostat-wcad.holdings-by-land-size,THA,1993,2102358.0,,,,final,"WCA 1990 round, census 1993. FAO flag A: Official figure.",,,2-5
farms.faostat-wcad.holdings-by-land-size,THA,2003,2077440.0,,,,final,"WCA 2000 round, census 2003. FAO flag I: Value imputed by a receiving agency.",,,2-5
farms.faostat-wcad.holdings-by-land-size,THA,2023,2843115.0,,,,final,"WCA 2020 round, census 2023. FAO flag A: Official figure.",,,2-5
farms.faostat-wcad.holdings-by-land-size,THA,1963,579556.0,,,,final,"WCA 1960 round, census 1963. FAO flag A: Official figure.",,,5-10
farms.faostat-wcad.holdings-by-land-size,THA,1978,824422.0,,,,final,"WCA 1980 round, census 1978. FAO flag I: Value imputed by a receiving agency.",,,5-10
farms.faostat-wcad.holdings-by-land-size,THA,1993,912378.0,,,,final,"WCA 1990 round, census 1993. FAO flag A: Official figure.",,,5-10
farms.faostat-wcad.holdings-by-land-size,THA,2003,829813.0,,,,final,"WCA 2000 round, census 2003. FAO flag I: Value imputed by a receiving agency.",,,5-10
farms.faostat-wcad.holdings-by-land-size,THA,2013,850893.0,,,,final,"WCA 2010 round, census 2013. FAO flag I: Value imputed by a receiving agency.",,,5-10
farms.faostat-wcad.holdings-by-land-size,THA,2023,858885.0,,,,final,"WCA 2020 round, census 2023. FAO flag A: Official figure.",,,5-10
farms.faostat-wcad.holdings-by-land-size,THA,1963,139505.0,,,,final,"WCA 1960 round, census 1963. FAO flag A: Official figure.",,,10-20
farms.faostat-wcad.holdings-by-land-size,THA,1978,195970.0,,,,final,"WCA 1980 round, census 1978. FAO flag I: Value imputed by a receiving agency.",,,10-20
farms.faostat-wcad.holdings-by-land-size,THA,1993,203861.0,,,,final,"WCA 1990 round, census 1993. FAO flag A: Official figure.",,,10-20
farms.faostat-wcad.holdings-by-land-size,THA,2003,207676.0,,,,final,"WCA 2000 round, census 2003. FAO flag I: Value imputed by a receiving agency.",,,10-20
farms.faostat-wcad.holdings-by-land-size,THA,2013,190098.0,,,,final,"WCA 2010 round, census 2013. FAO flag I: Value imputed by a receiving agency.",,,10-20
farms.faostat-wcad.holdings-by-land-size,THA,2023,181847.0,,,,final,"WCA 2020 round, census 2023. FAO flag A: Official figure.",,,10-20
farms.faostat-wcad.holdings-by-land-size,THA,1963,16715.0,,,,final,"WCA 1960 round, census 1963. FAO flag A: Official figure.",,,20-50
farms.faostat-wcad.holdings-by-land-size,THA,1978,44096.0,,,,final,"WCA 1980 round, census 1978. FAO flag I: Value imputed by a receiving agency.",,,20-50
farms.faostat-wcad.holdings-by-land-size,THA,1993,36688.0,,,,final,"WCA 1990 round, census 1993. FAO flag A: Official figure.",,,20-50
farms.faostat-wcad.holdings-by-land-size,THA,2003,40771.0,,,,final,"WCA 2000 round, census 2003. FAO flag I: Value imputed by a receiving agency.",,,20-50
farms.faostat-wcad.holdings-by-land-size,THA,2013,42070.0,,,,final,"WCA 2010 round, census 2013. FAO flag I: Value imputed by a receiving agency.",,,20-50
farms.faostat-wcad.holdings-by-land-size,THA,2023,30025.0,,,,final,"WCA 2020 round, census 2023. FAO flag A: Official figure.",,,20-50
farms.faostat-wcad.holdings-by-land-size,THA,1963,326.0,,,,final,"WCA 1960 round, census 1963. FAO flag A: Official figure.",,,50-100
farms.faostat-wcad.holdings-by-land-size,THA,1993,6119.0,,,,final,"WCA 1990 round, census 1993. FAO flag A: Official figure.",,,50-100
farms.faostat-wcad.holdings-by-land-size,THA,2013,9012.0,,,,final,"WCA 2010 round, census 2013. FAO flag I: Value imputed by a receiving agency.",,,50-100
farms.faostat-wcad.holdings-by-land-size,THA,2023,3586.0,,,,final,"WCA 2020 round, census 2023. FAO flag A: Official figure.",,,50-100
farms.faostat-wcad.holdings-by-land-size,THA,2023,705.0,,,,final,"WCA 2020 round, census 2023. FAO flag A: Official figure.",,,100-200
farms.faostat-wcad.holdings-by-land-size,THA,2023,114.0,,,,final,"WCA 2020 round, census 2023. FAO flag A: Official figure.",,,200-500
farms.faostat-wcad.holdings-by-land-size,THA,2023,15.0,,,,final,"WCA 2020 round, census 2023. FAO flag A: Official figure.",,,500-1000
farms.faostat-wcad.holdings-by-land-size,THA,2023,12.0,,,,final,"WCA 2020 round, census 2023. FAO flag A: Official figure.",,,1000-plus
farms.faostat-wcad.holdings-by-land-size,TLS,2019,92387.0,,,,final,"WCA 2020 round, census 2019. FAO flag A: Official figure.",,,0-1
farms.faostat-wcad.holdings-by-land-size,TLS,2019,15582.0,,,,final,"WCA 2020 round, census 2019. FAO flag I: Value imputed by a receiving agency.",,,1-2
farms.faostat-wcad.holdings-by-land-size,TLS,2019,27055.0,,,,final,"WCA 2020 round, census 2019. FAO flag I: Value imputed by a receiving agency.",,,2-5
farms.faostat-wcad.holdings-by-land-size,TLS,2019,3555.0,,,,final,"WCA 2020 round, census 2019. FAO flag I: Value imputed by a receiving agency.",,,5-10
farms.faostat-wcad.holdings-by-land-size,TLS,2019,1291.0,,,,final,"WCA 2020 round, census 2019. FAO flag A: Official figure.",,,10-20
farms.faostat-wcad.holdings-by-land-size,TLS,2019,784.0,,,,final,"WCA 2020 round, census 2019. FAO flag A: Official figure.",,,20-50
farms.faostat-wcad.holdings-by-land-size,TLS,2019,363.0,,,,final,"WCA 2020 round, census 2019. FAO flag A: Official figure.",,,50-100
farms.faostat-wcad.holdings-by-land-size,TLS,2019,124.0,,,,final,"WCA 2020 round, census 2019. FAO flag A: Official figure.",,,100-200
farms.faostat-wcad.holdings-by-land-size,TTO,1963,9501.0,,,,final,"WCA 1960 round, census 1963. FAO flag A: Official figure.",,,0-1
farms.faostat-wcad.holdings-by-land-size,TTO,2004,6780.0,,,,final,"WCA 2000 round, census 2004. FAO flag I: Value imputed by a receiving agency.",,,0-1
farms.faostat-wcad.holdings-by-land-size,TTO,1963,7149.0,,,,final,"WCA 1960 round, census 1963. FAO flag A: Official figure.",,,1-2
farms.faostat-wcad.holdings-by-land-size,TTO,2004,3448.0,,,,final,"WCA 2000 round, census 2004. FAO flag A: Official figure.",,,1-2
farms.faostat-wcad.holdings-by-land-size,TTO,1963,11676.0,,,,final,"WCA 1960 round, census 1963. FAO flag A: Official figure.",,,2-5
farms.faostat-wcad.holdings-by-land-size,TTO,2004,6445.0,,,,final,"WCA 2000 round, census 2004. FAO flag A: Official figure.",,,2-5
farms.faostat-wcad.holdings-by-land-size,TTO,1963,5076.0,,,,final,"WCA 1960 round, census 1963. FAO flag A: Official figure.",,,5-10
farms.faostat-wcad.holdings-by-land-size,TTO,2004,1683.0,,,,final,"WCA 2000 round, census 2004. FAO flag A: Official figure.",,,5-10
farms.faostat-wcad.holdings-by-land-size,TTO,1963,1403.0,,,,final,"WCA 1960 round, census 1963. FAO flag A: Official figure.",,,10-20
farms.faostat-wcad.holdings-by-land-size,TTO,2004,478.0,,,,final,"WCA 2000 round, census 2004. FAO flag I: Value imputed by a receiving agency.",,,10-20
farms.faostat-wcad.holdings-by-land-size,TTO,1963,580.0,,,,final,"WCA 1960 round, census 1963. FAO flag A: Official figure.",,,20-50
farms.faostat-wcad.holdings-by-land-size,TTO,2004,220.0,,,,final,"WCA 2000 round, census 2004. FAO flag I: Value imputed by a receiving agency.",,,20-50
farms.faostat-wcad.holdings-by-land-size,TTO,1963,200.0,,,,final,"WCA 1960 round, census 1963. FAO flag A: Official figure.",,,50-100
farms.faostat-wcad.holdings-by-land-size,TTO,2004,31.0,,,,final,"WCA 2000 round, census 2004. FAO flag A: Official figure.",,,50-100
farms.faostat-wcad.holdings-by-land-size,TTO,1963,119.0,,,,final,"WCA 1960 round, census 1963. FAO flag A: Official figure.",,,100-200
farms.faostat-wcad.holdings-by-land-size,TTO,2004,14.0,,,,final,"WCA 2000 round, census 2004. FAO flag A: Official figure.",,,100-200
farms.faostat-wcad.holdings-by-land-size,TTO,1963,55.0,,,,final,"WCA 1960 round, census 1963. FAO flag A: Official figure.",,,200-500
farms.faostat-wcad.holdings-by-land-size,TTO,2004,9.0,,,,final,"WCA 2000 round, census 2004. FAO flag A: Official figure.",,,200-500
farms.faostat-wcad.holdings-by-land-size,TTO,1963,37.0,,,,final,"WCA 1960 round, census 1963. FAO flag A: Official figure.",,,500-1000
farms.faostat-wcad.holdings-by-land-size,TTO,2004,3.0,,,,final,"WCA 2000 round, census 2004. FAO flag A: Official figure.",,,500-1000
farms.faostat-wcad.holdings-by-land-size,TUN,1994/1995,78300.0,,,,final,"WCA 1990 round, census 1994/95. FAO flag A: Official figure.",,,0-1
farms.faostat-wcad.holdings-by-land-size,TUN,1994/1995,55700.0,,,,final,"WCA 1990 round, census 1994/95. FAO flag A: Official figure.",,,1-2
farms.faostat-wcad.holdings-by-land-size,TUN,1994/1995,45000.0,,,,final,"WCA 1990 round, census 1994/95. FAO flag A: Official figure.",,,2-3
farms.faostat-wcad.holdings-by-land-size,TUN,1994/1995,37100.0,,,,final,"WCA 1990 round, census 1994/95. FAO flag A: Official figure.",,,3-4
farms.faostat-wcad.holdings-by-land-size,TUN,1994/1995,31200.0,,,,final,"WCA 1990 round, census 1994/95. FAO flag A: Official figure.",,,4-5
farms.faostat-wcad.holdings-by-land-size,TUN,1961/1962,133000.0,,,,final,"WCA 1960 round, census 1961/62. FAO flag A: Official figure.",,,2-5
farms.faostat-wcad.holdings-by-land-size,TUN,1961/1962,73000.0,,,,final,"WCA 1960 round, census 1961/62. FAO flag A: Official figure.",,,5-10
farms.faostat-wcad.holdings-by-land-size,TUN,1994/1995,92100.0,,,,final,"WCA 1990 round, census 1994/95. FAO flag A: Official figure.",,,5-10
farms.faostat-wcad.holdings-by-land-size,TUN,1961/1962,64300.0,,,,final,"WCA 1960 round, census 1961/62. FAO flag A: Official figure.",,,10-20
farms.faostat-wcad.holdings-by-land-size,TUN,1994/1995,71100.0,,,,final,"WCA 1990 round, census 1994/95. FAO flag A: Official figure.",,,10-20
farms.faostat-wcad.holdings-by-land-size,TUN,1961/1962,42100.0,,,,final,"WCA 1960 round, census 1961/62. FAO flag A: Official figure.",,,20-50
farms.faostat-wcad.holdings-by-land-size,TUN,1994/1995,42600.0,,,,final,"WCA 1990 round, census 1994/95. FAO flag A: Official figure.",,,20-50
farms.faostat-wcad.holdings-by-land-size,TUN,1961/1962,8300.0,,,,final,"WCA 1960 round, census 1961/62. FAO flag A: Official figure.",,,50-100
farms.faostat-wcad.holdings-by-land-size,TUN,1994/1995,9400.0,,,,final,"WCA 1990 round, census 1994/95. FAO flag A: Official figure.",,,50-100
farms.faostat-wcad.holdings-by-land-size,TUN,1961/1962,3000.0,,,,final,"WCA 1960 round, census 1961/62. FAO flag A: Official figure.",,,100-200
farms.faostat-wcad.holdings-by-land-size,TUN,1994/1995,4200.0,,,,final,"WCA 1990 round, census 1994/95. FAO flag A: Official figure.",,,100-200
farms.faostat-wcad.holdings-by-land-size,TUN,1961/1962,1500.0,,,,final,"WCA 1960 round, census 1961/62. FAO flag A: Official figure.",,,200-500
farms.faostat-wcad.holdings-by-land-size,TUN,1961/1962,600.0,,,,final,"WCA 1960 round, census 1961/62. FAO flag A: Official figure.",,,500-1000
farms.faostat-wcad.holdings-by-land-size,TUR,1963,1083094.0,,,,final,"WCA 1960 round, census 1963. FAO flag A: Official figure.",,,0-1
farms.faostat-wcad.holdings-by-land-size,TUR,1980,575198.0,,,,final,"WCA 1980 round, census 1980. FAO flag A: Official figure.",,,0-1
farms.faostat-wcad.holdings-by-land-size,TUR,1991,734583.0,,,,final,"WCA 1990 round, census 1991. FAO flag A: Official figure.",,,0-1
farms.faostat-wcad.holdings-by-land-size,TUR,2001,522990.0,,,,final,"WCA 2000 round, census 2001. FAO flag A: Official figure.",,,0-1
farms.faostat-wcad.holdings-by-land-size,TUR,1963,494623.0,,,,final,"WCA 1960 round, census 1963. FAO flag A: Official figure.",,,1-2
farms.faostat-wcad.holdings-by-land-size,TUR,1980,527181.0,,,,final,"WCA 1980 round, census 1980. FAO flag A: Official figure.",,,1-2
farms.faostat-wcad.holdings-by-land-size,TUR,1991,752156.0,,,,final,"WCA 1990 round, census 1991. FAO flag A: Official figure.",,,1-2
farms.faostat-wcad.holdings-by-land-size,TUR,2001,539816.0,,,,final,"WCA 2000 round, census 2001. FAO flag A: Official figure.",,,1-2
farms.faostat-wcad.holdings-by-land-size,TUR,1963,863470.0,,,,final,"WCA 1960 round, census 1963. FAO flag A: Official figure.",,,2-5
farms.faostat-wcad.holdings-by-land-size,TUR,1980,1164642.0,,,,final,"WCA 1980 round, census 1980. FAO flag A: Official figure.",,,2-5
farms.faostat-wcad.holdings-by-land-size,TUR,1991,1274609.0,,,,final,"WCA 1990 round, census 1991. FAO flag A: Official figure.",,,2-5
farms.faostat-wcad.holdings-by-land-size,TUR,2001,950840.0,,,,final,"WCA 2000 round, census 2001. FAO flag A: Official figure.",,,2-5
farms.faostat-wcad.holdings-by-land-size,TUR,1963,561732.0,,,,final,"WCA 1960 round, census 1963. FAO flag A: Official figure.",,,5-10
farms.faostat-wcad.holdings-by-land-size,TUR,1980,738376.0,,,,final,"WCA 1980 round, census 1980. FAO flag A: Official figure.",,,5-10
farms.faostat-wcad.holdings-by-land-size,TUR,1991,713149.0,,,,final,"WCA 1990 round, census 1991. FAO flag A: Official figure.",,,5-10
farms.faostat-wcad.holdings-by-land-size,TUR,2001,560049.0,,,,final,"WCA 2000 round, census 2001. FAO flag A: Official figure.",,,5-10
farms.faostat-wcad.holdings-by-land-size,TUR,1963,291693.0,,,,final,"WCA 1960 round, census 1963. FAO flag A: Official figure.",,,10-20
farms.faostat-wcad.holdings-by-land-size,TUR,1980,421523.0,,,,final,"WCA 1980 round, census 1980. FAO flag A: Official figure.",,,10-20
farms.faostat-wcad.holdings-by-land-size,TUR,1991,383323.0,,,,final,"WCA 1990 round, census 1991. FAO flag A: Official figure.",,,10-20
farms.faostat-wcad.holdings-by-land-size,TUR,2001,327363.0,,,,final,"WCA 2000 round, census 2001. FAO flag A: Official figure.",,,10-20
farms.faostat-wcad.holdings-by-land-size,TUR,1963,99785.0,,,,final,"WCA 1960 round, census 1963. FAO flag A: Official figure.",,,20-50
farms.faostat-wcad.holdings-by-land-size,TUR,1980,194551.0,,,,final,"WCA 1980 round, census 1980. FAO flag A: Official figure.",,,20-50
farms.faostat-wcad.holdings-by-land-size,TUR,1991,173774.0,,,,final,"WCA 1990 round, census 1991. FAO flag A: Official figure.",,,20-50
farms.faostat-wcad.holdings-by-land-size,TUR,2001,153685.0,,,,final,"WCA 2000 round, census 2001. FAO flag A: Official figure.",,,20-50
farms.faostat-wcad.holdings-by-land-size,TUR,1963,11029.0,,,,final,"WCA 1960 round, census 1963. FAO flag A: Official figure.",,,50-100
farms.faostat-wcad.holdings-by-land-size,TUR,1980,26407.0,,,,final,"WCA 1980 round, census 1980. FAO flag A: Official figure.",,,50-100
farms.faostat-wcad.holdings-by-land-size,TUR,1991,24201.0,,,,final,"WCA 1990 round, census 1991. FAO flag A: Official figure.",,,50-100
farms.faostat-wcad.holdings-by-land-size,TUR,2001,17429.0,,,,final,"WCA 2000 round, census 2001. FAO flag A: Official figure.",,,50-100
farms.faostat-wcad.holdings-by-land-size,TUR,1963,2499.0,,,,final,"WCA 1960 round, census 1963. FAO flag A: Official figure.",,,100-200
farms.faostat-wcad.holdings-by-land-size,TUR,1980,1959.0,,,,final,"WCA 1980 round, census 1980. FAO flag I: Value imputed by a receiving agency.",,,100-200
farms.faostat-wcad.holdings-by-land-size,TUR,1991,8993.0,,,,final,"WCA 1990 round, census 1991. FAO flag A: Official figure.",,,100-200
farms.faostat-wcad.holdings-by-land-size,TUR,2001,3901.0,,,,final,"WCA 2000 round, census 2001. FAO flag I: Value imputed by a receiving agency.",,,100-200
farms.faostat-wcad.holdings-by-land-size,TUR,1963,1333.0,,,,final,"WCA 1960 round, census 1963. FAO flag A: Official figure.",,,200-500
farms.faostat-wcad.holdings-by-land-size,TUR,1980,914.0,,,,final,"WCA 1980 round, census 1980. FAO flag I: Value imputed by a receiving agency.",,,200-500
farms.faostat-wcad.holdings-by-land-size,TUR,1991,3203.0,,,,final,"WCA 1990 round, census 1991. FAO flag A: Official figure.",,,200-500
farms.faostat-wcad.holdings-by-land-size,TUR,2001,520.0,,,,final,"WCA 2000 round, census 2001. FAO flag I: Value imputed by a receiving agency.",,,200-500
farms.faostat-wcad.holdings-by-land-size,TUR,1963,491.0,,,,final,"WCA 1960 round, census 1963. FAO flag A: Official figure.",,,500-1000
farms.faostat-wcad.holdings-by-land-size,TUR,1980,159.0,,,,final,"WCA 1980 round, census 1980. FAO flag A: Official figure.",,,500-1000
farms.faostat-wcad.holdings-by-land-size,TUR,1991,441.0,,,,final,"WCA 1990 round, census 1991. FAO flag A: Official figure.",,,500-1000
farms.faostat-wcad.holdings-by-land-size,TUR,2001,57.0,,,,final,"WCA 2000 round, census 2001. FAO flag A: Official figure.",,,500-1000
farms.faostat-wcad.holdings-by-land-size,TUR,1963,97.0,,,,final,"WCA 1960 round, census 1963. FAO flag A: Official figure.",,,1000-plus
farms.faostat-wcad.holdings-by-land-size,TWN,1961,547631.0,,,,final,"WCA 1960 round, census 1961. FAO flag A: Official figure. FAO's note: Includes holdings without land",,,0-1
farms.faostat-wcad.holdings-by-land-size,TWN,1961,183805.0,,,,final,"WCA 1960 round, census 1961. FAO flag A: Official figure.",,,1-2
farms.faostat-wcad.holdings-by-land-size,TWN,1961,71729.0,,,,final,"WCA 1960 round, census 1961. FAO flag A: Official figure.",,,2-5
farms.faostat-wcad.holdings-by-land-size,TWN,1961,4812.0,,,,final,"WCA 1960 round, census 1961. FAO flag A: Official figure.",,,5-10
farms.faostat-wcad.holdings-by-land-size,TWN,1961,32.0,,,,final,"WCA 1960 round, census 1961. FAO flag A: Official figure.",,,10-20
farms.faostat-wcad.holdings-by-land-size,TWN,1961,33.0,,,,final,"WCA 1960 round, census 1961. FAO flag A: Official figure.",,,20-50
farms.faostat-wcad.holdings-by-land-size,TWN,1961,37.0,,,,final,"WCA 1960 round, census 1961. FAO flag A: Official figure.",,,50-100
farms.faostat-wcad.holdings-by-land-size,TWN,1961,78.0,,,,final,"WCA 1960 round, census 1961. FAO flag A: Official figure.",,,100-200
farms.faostat-wcad.holdings-by-land-size,TWN,1961,101.0,,,,final,"WCA 1960 round, census 1961. FAO flag A: Official figure.",,,200-500
farms.faostat-wcad.holdings-by-land-size,TWN,1961,9.0,,,,final,"WCA 1960 round, census 1961. FAO flag A: Official figure.",,,500-1000
farms.faostat-wcad.holdings-by-land-size,TZA,1960,335.0,,,,final,"WCA 1960 round, census 1960. FAO flag A: Official figure.",,,0-1
farms.faostat-wcad.holdings-by-land-size,TZA,1971/1972,1434078.0,,,,final,"WCA 1970 round, census 1971/72. FAO flag A: Official figure. FAO's note: Excludes Zanzibar.",,,0-1
farms.faostat-wcad.holdings-by-land-size,TZA,2007/2008,1831559.0,,,,final,"WCA 2010 round, census 2007/08. FAO flag I: Value imputed by a receiving agency.",,,0-1
farms.faostat-wcad.holdings-by-land-size,TZA,1971/1972,587998.0,,,,final,"WCA 1970 round, census 1971/72. FAO flag A: Official figure. FAO's note: Excludes Zanzibar.",,,1-2
farms.faostat-wcad.holdings-by-land-size,TZA,2007/2008,1668498.0,,,,final,"WCA 2010 round, census 2007/08. FAO flag I: Value imputed by a receiving agency.",,,1-2
farms.faostat-wcad.holdings-by-land-size,TZA,2007/2008,1045917.0,,,,final,"WCA 2010 round, census 2007/08. FAO flag I: Value imputed by a receiving agency.",,,2-3
farms.faostat-wcad.holdings-by-land-size,TZA,2007/2008,353030.0,,,,final,"WCA 2010 round, census 2007/08. FAO flag I: Value imputed by a receiving agency.",,,3-4
farms.faostat-wcad.holdings-by-land-size,TZA,2007/2008,369381.0,,,,final,"WCA 2010 round, census 2007/08. FAO flag I: Value imputed by a receiving agency.",,,4-5
farms.faostat-wcad.holdings-by-land-size,TZA,1971/1972,346929.0,,,,final,"WCA 1970 round, census 1971/72. FAO flag A: Official figure. FAO's note: Excludes Zanzibar.",,,2-5
farms.faostat-wcad.holdings-by-land-size,TZA,1971/1972,52976.0,,,,final,"WCA 1970 round, census 1971/72. FAO flag A: Official figure. FAO's note: Excludes Zanzibar.",,,5-10
farms.faostat-wcad.holdings-by-land-size,TZA,2007/2008,571142.0,,,,final,"WCA 2010 round, census 2007/08. FAO flag A: Official figure.",,,5-10
farms.faostat-wcad.holdings-by-land-size,TZA,1960,76.0,,,,final,"WCA 1960 round, census 1960. FAO flag A: Official figure. FAO's note: Tanganyika currently part of Tanzania",,,10-20
farms.faostat-wcad.holdings-by-land-size,TZA,1971/1972,10447.0,,,,final,"WCA 1970 round, census 1971/72. FAO flag A: Official figure. FAO's note: Excludes Zanzibar.",,,10-20
farms.faostat-wcad.holdings-by-land-size,TZA,1960,70.0,,,,final,"WCA 1960 round, census 1960. FAO flag A: Official figure. FAO's note: Tanganyika currently part of Tanzania",,,20-50
farms.faostat-wcad.holdings-by-land-size,TZA,1971/1972,1638.0,,,,final,"WCA 1970 round, census 1971/72. FAO flag A: Official figure. FAO's note: Excludes Zanzibar.",,,20-50
farms.faostat-wcad.holdings-by-land-size,TZA,1960,50.0,,,,final,"WCA 1960 round, census 1960. FAO flag A: Official figure. FAO's note: Tanganyika currently part of Tanzania",,,50-100
farms.faostat-wcad.holdings-by-land-size,TZA,1960,130.0,,,,final,"WCA 1960 round, census 1960. FAO flag A: Official figure. FAO's note: Tanganyika currently part of Tanzania",,,100-200
farms.faostat-wcad.holdings-by-land-size,TZA,1960,240.0,,,,final,"WCA 1960 round, census 1960. FAO flag A: Official figure. FAO's note: Tanganyika currently part of Tanzania",,,200-500
farms.faostat-wcad.holdings-by-land-size,TZA,1960,140.0,,,,final,"WCA 1960 round, census 1960. FAO flag A: Official figure. FAO's note: Tanganyika currently part of Tanzania",,,500-1000
farms.faostat-wcad.holdings-by-land-size,TZA,1960,200.0,,,,final,"WCA 1960 round, census 1960. FAO flag A: Official figure. FAO's note: Tanganyika currently part of Tanzania",,,1000-plus
farms.faostat-wcad.holdings-by-land-size,UGA,1963/1964,243000.0,,,,final,"WCA 1960 round, census 1963/64. FAO flag A: Official figure.",,,0-1
farms.faostat-wcad.holdings-by-land-size,UGA,1991,839369.0,,,,final,"WCA 1990 round, census 1991. FAO flag A: Official figure.",,,0-1
farms.faostat-wcad.holdings-by-land-size,UGA,1963/1964,296000.0,,,,final,"WCA 1960 round, census 1963/64. FAO flag A: Official figure.",,,1-2
farms.faostat-wcad.holdings-by-land-size,UGA,1991,411810.0,,,,final,"WCA 1990 round, census 1991. FAO flag A: Official figure.",,,1-2
farms.faostat-wcad.holdings-by-land-size,UGA,1963/1964,404000.0,,,,final,"WCA 1960 round, census 1963/64. FAO flag A: Official figure.",,,2-5
farms.faostat-wcad.holdings-by-land-size,UGA,1991,296560.0,,,,final,"WCA 1990 round, census 1991. FAO flag A: Official figure.",,,2-5
farms.faostat-wcad.holdings-by-land-size,UGA,1963/1964,131000.0,,,,final,"WCA 1960 round, census 1963/64. FAO flag A: Official figure.",,,5-10
farms.faostat-wcad.holdings-by-land-size,UGA,1991,97013.0,,,,final,"WCA 1990 round, census 1991. FAO flag A: Official figure.",,,5-10
farms.faostat-wcad.holdings-by-land-size,UGA,1963/1964,97000.0,,,,final,"WCA 1960 round, census 1963/64. FAO flag A: Official figure.",,,10-20
farms.faostat-wcad.holdings-by-land-size,UGA,1991,59969.0,,,,final,"WCA 1990 round, census 1991. FAO flag A: Official figure.",,,10-20
farms.faostat-wcad.holdings-by-land-size,URY,1930,279.0,,,,final,"WCA 1930 round, census 1930. FAO flag I: Value imputed by a receiving agency.",,,0-1
farms.faostat-wcad.holdings-by-land-size,URY,1951,3008.0,,,,final,"WCA 1950 round, census 1951. FAO flag I: Value imputed by a receiving agency.",,,0-1
farms.faostat-wcad.holdings-by-land-size,URY,2011,1082.0,,,,final,"WCA 2010 round, census 2011. FAO flag I: Value imputed by a receiving agency.",,,0-1
farms.faostat-wcad.holdings-by-land-size,URY,1930,703.0,,,,final,"WCA 1930 round, census 1930. FAO flag I: Value imputed by a receiving agency.",,,1-2
farms.faostat-wcad.holdings-by-land-size,URY,1951,7945.0,,,,final,"WCA 1950 round, census 1951. FAO flag I: Value imputed by a receiving agency.",,,1-2
farms.faostat-wcad.holdings-by-land-size,URY,1961,5456.0,,,,final,"WCA 1960 round, census 1961. FAO flag A: Official figure.",,,1-2
farms.faostat-wcad.holdings-by-land-size,URY,1970,3045.0,,,,final,"WCA 1970 round, census 1970. FAO flag I: Value imputed by a receiving agency.",,,1-2
farms.faostat-wcad.holdings-by-land-size,URY,1980,2154.0,,,,final,"WCA 1980 round, census 1980. FAO flag I: Value imputed by a receiving agency.",,,1-2
farms.faostat-wcad.holdings-by-land-size,URY,2011,770.0,,,,final,"WCA 2010 round, census 2011. FAO flag I: Value imputed by a receiving agency.",,,1-2
farms.faostat-wcad.holdings-by-land-size,URY,2011,628.0,,,,final,"WCA 2010 round, census 2011. FAO flag I: Value imputed by a receiving agency.",,,2-3
farms.faostat-wcad.holdings-by-land-size,URY,2011,540.0,,,,final,"WCA 2010 round, census 2011. FAO flag I: Value imputed by a receiving agency.",,,3-4
farms.faostat-wcad.holdings-by-land-size,URY,2011,1003.0,,,,final,"WCA 2010 round, census 2011. FAO flag I: Value imputed by a receiving agency.",,,4-5
farms.faostat-wcad.holdings-by-land-size,URY,1930,3173.0,,,,final,"WCA 1930 round, census 1930. FAO flag I: Value imputed by a receiving agency.",,,2-5
farms.faostat-wcad.holdings-by-land-size,URY,1951,11117.0,,,,final,"WCA 1950 round, census 1951. FAO flag A: Official figure.",,,2-5
farms.faostat-wcad.holdings-by-land-size,URY,1961,7313.0,,,,final,"WCA 1960 round, census 1961. FAO flag A: Official figure.",,,2-5
farms.faostat-wcad.holdings-by-land-size,URY,1970,8040.0,,,,final,"WCA 1970 round, census 1970. FAO flag I: Value imputed by a receiving agency.",,,2-5
farms.faostat-wcad.holdings-by-land-size,URY,1980,6202.0,,,,final,"WCA 1980 round, census 1980. FAO flag I: Value imputed by a receiving agency.",,,2-5
farms.faostat-wcad.holdings-by-land-size,URY,2000,6260.0,,,,final,"WCA 2000 round, census 2000. FAO flag A: Official figure. FAO's note: <5 ha",,,2-5
farms.faostat-wcad.holdings-by-land-size,URY,1930,6344.0,,,,final,"WCA 1930 round, census 1930. FAO flag I: Value imputed by a receiving agency.",,,5-10
farms.faostat-wcad.holdings-by-land-size,URY,1951,13771.0,,,,final,"WCA 1950 round, census 1951. FAO flag A: Official figure.",,,5-10
farms.faostat-wcad.holdings-by-land-size,URY,1961,13028.0,,,,final,"WCA 1960 round, census 1961. FAO flag A: Official figure.",,,5-10
farms.faostat-wcad.holdings-by-land-size,URY,1970,11897.0,,,,final,"WCA 1970 round, census 1970. FAO flag A: Official figure.",,,5-10
farms.faostat-wcad.holdings-by-land-size,URY,1980,9820.0,,,,final,"WCA 1980 round, census 1980. FAO flag A: Official figure.",,,5-10
farms.faostat-wcad.holdings-by-land-size,URY,2000,7086.0,,,,final,"WCA 2000 round, census 2000. FAO flag A: Official figure.",,,5-10
farms.faostat-wcad.holdings-by-land-size,URY,2011,3821.0,,,,final,"WCA 2010 round, census 2011. FAO flag I: Value imputed by a receiving agency.",,,5-10
farms.faostat-wcad.holdings-by-land-size,URY,1930,6343.0,,,,final,"WCA 1930 round, census 1930. FAO flag I: Value imputed by a receiving agency.",,,10-20
farms.faostat-wcad.holdings-by-land-size,URY,1951,16910.0,,,,final,"WCA 1950 round, census 1951. FAO flag A: Official figure.",,,10-20
farms.faostat-wcad.holdings-by-land-size,URY,1961,14032.0,,,,final,"WCA 1960 round, census 1961. FAO flag A: Official figure.",,,10-20
farms.faostat-wcad.holdings-by-land-size,URY,1970,12259.0,,,,final,"WCA 1970 round, census 1970. FAO flag A: Official figure.",,,10-20
farms.faostat-wcad.holdings-by-land-size,URY,1980,9966.0,,,,final,"WCA 1980 round, census 1980. FAO flag A: Official figure.",,,10-20
farms.faostat-wcad.holdings-by-land-size,URY,2000,7118.0,,,,final,"WCA 2000 round, census 2000. FAO flag A: Official figure.",,,10-20
farms.faostat-wcad.holdings-by-land-size,URY,2011,4569.0,,,,final,"WCA 2010 round, census 2011. FAO flag I: Value imputed by a receiving agency.",,,10-20
farms.faostat-wcad.holdings-by-land-size,URY,1930,15337.0,,,,final,"WCA 1930 round, census 1930. FAO flag I: Value imputed by a receiving agency.",,,20-50
farms.faostat-wcad.holdings-by-land-size,URY,1951,10375.0,,,,final,"WCA 1950 round, census 1951. FAO flag A: Official figure.",,,20-50
farms.faostat-wcad.holdings-by-land-size,URY,1961,15715.0,,,,final,"WCA 1960 round, census 1961. FAO flag A: Official figure.",,,20-50
farms.faostat-wcad.holdings-by-land-size,URY,1970,13071.0,,,,final,"WCA 1970 round, census 1970. FAO flag A: Official figure.",,,20-50
farms.faostat-wcad.holdings-by-land-size,URY,1980,11360.0,,,,final,"WCA 1980 round, census 1980. FAO flag A: Official figure.",,,20-50
farms.faostat-wcad.holdings-by-land-size,URY,2000,8934.0,,,,final,"WCA 2000 round, census 2000. FAO flag A: Official figure.",,,20-50
farms.faostat-wcad.holdings-by-land-size,URY,2011,6721.0,,,,final,"WCA 2010 round, census 2011. FAO flag I: Value imputed by a receiving agency.",,,20-50
farms.faostat-wcad.holdings-by-land-size,URY,1930,3839.0,,,,final,"WCA 1930 round, census 1930. FAO flag I: Value imputed by a receiving agency.",,,50-100
farms.faostat-wcad.holdings-by-land-size,URY,1951,7814.0,,,,final,"WCA 1950 round, census 1951. FAO flag A: Official figure.",,,50-100
farms.faostat-wcad.holdings-by-land-size,URY,1961,9490.0,,,,final,"WCA 1960 round, census 1961. FAO flag A: Official figure.",,,50-100
farms.faostat-wcad.holdings-by-land-size,URY,1970,7927.0,,,,final,"WCA 1970 round, census 1970. FAO flag A: Official figure.",,,50-100
farms.faostat-wcad.holdings-by-land-size,URY,1980,7433.0,,,,final,"WCA 1980 round, census 1980. FAO flag A: Official figure.",,,50-100
farms.faostat-wcad.holdings-by-land-size,URY,2000,6647.0,,,,final,"WCA 2000 round, census 2000. FAO flag A: Official figure.",,,50-100
farms.faostat-wcad.holdings-by-land-size,URY,2011,5644.0,,,,final,"WCA 2010 round, census 2011. FAO flag I: Value imputed by a receiving agency.",,,50-100
farms.faostat-wcad.holdings-by-land-size,URY,1930,740.0,,,,final,"WCA 1930 round, census 1930. FAO flag I: Value imputed by a receiving agency.",,,100-200
farms.faostat-wcad.holdings-by-land-size,URY,1951,7241.0,,,,final,"WCA 1950 round, census 1951. FAO flag A: Official figure.",,,100-200
farms.faostat-wcad.holdings-by-land-size,URY,1961,7387.0,,,,final,"WCA 1960 round, census 1961. FAO flag A: Official figure.",,,100-200
farms.faostat-wcad.holdings-by-land-size,URY,1970,6603.0,,,,final,"WCA 1970 round, census 1970. FAO flag A: Official figure.",,,100-200
farms.faostat-wcad.holdings-by-land-size,URY,1980,6958.0,,,,final,"WCA 1980 round, census 1980. FAO flag A: Official figure.",,,100-200
farms.faostat-wcad.holdings-by-land-size,URY,2000,6382.0,,,,final,"WCA 2000 round, census 2000. FAO flag A: Official figure.",,,100-200
farms.faostat-wcad.holdings-by-land-size,URY,2011,5527.0,,,,final,"WCA 2010 round, census 2011. FAO flag I: Value imputed by a receiving agency.",,,100-200
farms.faostat-wcad.holdings-by-land-size,URY,1930,506.0,,,,final,"WCA 1930 round, census 1930. FAO flag I: Value imputed by a receiving agency.",,,200-500
farms.faostat-wcad.holdings-by-land-size,URY,1951,3475.0,,,,final,"WCA 1950 round, census 1951. FAO flag A: Official figure.",,,200-500
farms.faostat-wcad.holdings-by-land-size,URY,1961,6986.0,,,,final,"WCA 1960 round, census 1961. FAO flag A: Official figure.",,,200-500
farms.faostat-wcad.holdings-by-land-size,URY,1970,6734.0,,,,final,"WCA 1970 round, census 1970. FAO flag A: Official figure.",,,200-500
farms.faostat-wcad.holdings-by-land-size,URY,1980,6782.0,,,,final,"WCA 1980 round, census 1980. FAO flag A: Official figure.",,,200-500
farms.faostat-wcad.holdings-by-land-size,URY,2000,6783.0,,,,final,"WCA 2000 round, census 2000. FAO flag A: Official figure.",,,200-500
farms.faostat-wcad.holdings-by-land-size,URY,2011,6472.0,,,,final,"WCA 2010 round, census 2011. FAO flag I: Value imputed by a receiving agency.",,,200-500
farms.faostat-wcad.holdings-by-land-size,URY,1930,37.0,,,,final,"WCA 1930 round, census 1930. FAO flag I: Value imputed by a receiving agency.",,,500-1000
farms.faostat-wcad.holdings-by-land-size,URY,1951,2452.0,,,,final,"WCA 1950 round, census 1951. FAO flag A: Official figure.",,,500-1000
farms.faostat-wcad.holdings-by-land-size,URY,1961,3712.0,,,,final,"WCA 1960 round, census 1961. FAO flag A: Official figure.",,,500-1000
farms.faostat-wcad.holdings-by-land-size,URY,1970,3626.0,,,,final,"WCA 1970 round, census 1970. FAO flag A: Official figure.",,,500-1000
farms.faostat-wcad.holdings-by-land-size,URY,1980,3792.0,,,,final,"WCA 1980 round, census 1980. FAO flag A: Official figure.",,,500-1000
farms.faostat-wcad.holdings-by-land-size,URY,2000,3887.0,,,,final,"WCA 2000 round, census 2000. FAO flag A: Official figure.",,,500-1000
farms.faostat-wcad.holdings-by-land-size,URY,2011,3839.0,,,,final,"WCA 2010 round, census 2011. FAO flag I: Value imputed by a receiving agency.",,,500-1000
farms.faostat-wcad.holdings-by-land-size,URY,2011,2973.0,,,,final,"WCA 2010 round, census 2011. FAO flag I: Value imputed by a receiving agency.",,,1000-2500
farms.faostat-wcad.holdings-by-land-size,URY,2011,1190.0,,,,final,"WCA 2010 round, census 2011. FAO flag I: Value imputed by a receiving agency.",,,2500-plus
farms.faostat-wcad.holdings-by-land-size,URY,1930,6.0,,,,final,"WCA 1930 round, census 1930. FAO flag I: Value imputed by a receiving agency.",,,1000-plus
farms.faostat-wcad.holdings-by-land-size,URY,1951,1150.0,,,,final,"WCA 1950 round, census 1951. FAO flag A: Official figure.",,,1000-plus
farms.faostat-wcad.holdings-by-land-size,URY,1961,3809.0,,,,final,"WCA 1960 round, census 1961. FAO flag A: Official figure.",,,1000-plus
farms.faostat-wcad.holdings-by-land-size,URY,1970,3961.0,,,,final,"WCA 1970 round, census 1970. FAO flag A: Official figure.",,,1000-plus
farms.faostat-wcad.holdings-by-land-size,URY,1980,3895.0,,,,final,"WCA 1980 round, census 1980. FAO flag A: Official figure.",,,1000-plus
farms.faostat-wcad.holdings-by-land-size,URY,2000,4034.0,,,,final,"WCA 2000 round, census 2000. FAO flag A: Official figure.",,,1000-plus
farms.faostat-wcad.holdings-by-land-size,USA,1930,36026.0,,,,final,"WCA 1930 round, census 1930. FAO flag I: Value imputed by a receiving agency.",,,0-1
farms.faostat-wcad.holdings-by-land-size,USA,1950,62676.0,,,,final,"WCA 1950 round, census 1950. FAO flag I: Value imputed by a receiving agency.",,,0-1
farms.faostat-wcad.holdings-by-land-size,USA,1959,78779.0,,,,final,"WCA 1960 round, census 1959. FAO flag A: Official figure.",,,0-1
farms.faostat-wcad.holdings-by-land-size,USA,1969,65525.0,,,,final,"WCA 1970 round, census 1969. FAO flag I: Value imputed by a receiving agency.",,,0-1
farms.faostat-wcad.holdings-by-land-size,USA,1978,16432.0,,,,final,"WCA 1980 round, census 1978. FAO flag I: Value imputed by a receiving agency. FAO's note: Excludes abnormal holdings (number: 2302, area: 22 645 846 ha).",,,0-1
farms.faostat-wcad.holdings-by-land-size,USA,2012,17260.0,,,,final,"WCA 2010 round, census 2012. FAO flag I: Value imputed by a receiving agency.",,,0-1
farms.faostat-wcad.holdings-by-land-size,USA,2017,77662.0,,,,final,"WCA 2020 round, census 2017. FAO flag I: Value imputed by a receiving agency.",,,0-1
farms.faostat-wcad.holdings-by-land-size,USA,2022,21380.0,,,,final,"WCA 2020 round, census 2022. FAO flag I: Value imputed by a receiving agency.",,,0-1
farms.faostat-wcad.holdings-by-land-size,USA,1930,110013.0,,,,final,"WCA 1930 round, census 1930. FAO flag I: Value imputed by a receiving agency.",,,1-2
farms.faostat-wcad.holdings-by-land-size,USA,1950,145190.0,,,,final,"WCA 1950 round, census 1950. FAO flag I: Value imputed by a receiving agency.",,,1-2
farms.faostat-wcad.holdings-by-land-size,USA,1959,49626.0,,,,final,"WCA 1960 round, census 1959. FAO flag A: Official figure.",,,1-2
farms.faostat-wcad.holdings-by-land-size,USA,1969,39889.0,,,,final,"WCA 1970 round, census 1969. FAO flag I: Value imputed by a receiving agency.",,,1-2
farms.faostat-wcad.holdings-by-land-size,USA,1978,48910.0,,,,final,"WCA 1980 round, census 1978. FAO flag I: Value imputed by a receiving agency. FAO's note: Excludes abnormal holdings (number: 2302, area: 22 645 846 ha).",,,1-2
farms.faostat-wcad.holdings-by-land-size,USA,2012,51015.0,,,,final,"WCA 2010 round, census 2012. FAO flag I: Value imputed by a receiving agency.",,,1-2
farms.faostat-wcad.holdings-by-land-size,USA,2017,73313.0,,,,final,"WCA 2020 round, census 2017. FAO flag I: Value imputed by a receiving agency.",,,1-2
farms.faostat-wcad.holdings-by-land-size,USA,2022,58902.0,,,,final,"WCA 2020 round, census 2022. FAO flag I: Value imputed by a receiving agency.",,,1-2
farms.faostat-wcad.holdings-by-land-size,USA,2012,71525.0,,,,final,"WCA 2010 round, census 2012. FAO flag I: Value imputed by a receiving agency.",,,2-3
farms.faostat-wcad.holdings-by-land-size,USA,2017,64503.0,,,,final,"WCA 2020 round, census 2017. FAO flag I: Value imputed by a receiving agency.",,,2-3
farms.faostat-wcad.holdings-by-land-size,USA,2012,83835.0,,,,final,"WCA 2010 round, census 2012. FAO flag I: Value imputed by a receiving agency.",,,3-4
farms.faostat-wcad.holdings-by-land-size,USA,2017,57848.0,,,,final,"WCA 2020 round, census 2017. FAO flag I: Value imputed by a receiving agency.",,,3-4
farms.faostat-wcad.holdings-by-land-size,USA,2012,35305.0,,,,final,"WCA 2010 round, census 2012. FAO flag I: Value imputed by a receiving agency.",,,4-5
farms.faostat-wcad.holdings-by-land-size,USA,2017,54894.0,,,,final,"WCA 2020 round, census 2017. FAO flag I: Value imputed by a receiving agency.",,,4-5
farms.faostat-wcad.holdings-by-land-size,USA,1930,364504.0,,,,final,"WCA 1930 round, census 1930. FAO flag I: Value imputed by a receiving agency.",,,2-5
farms.faostat-wcad.holdings-by-land-size,USA,1950,419101.0,,,,final,"WCA 1950 round, census 1950. FAO flag I: Value imputed by a receiving agency.",,,2-5
farms.faostat-wcad.holdings-by-land-size,USA,1959,183825.0,,,,final,"WCA 1960 round, census 1959. FAO flag A: Official figure.",,,2-5
farms.faostat-wcad.holdings-by-land-size,USA,1969,100542.0,,,,final,"WCA 1970 round, census 1969. FAO flag I: Value imputed by a receiving agency.",,,2-5
farms.faostat-wcad.holdings-by-land-size,USA,1978,177676.0,,,,final,"WCA 1980 round, census 1978. FAO flag I: Value imputed by a receiving agency. FAO's note: Excludes abnormal holdings (number: 2302, area: 22 645 846 ha).",,,2-5
farms.faostat-wcad.holdings-by-land-size,USA,1987,222077.0,,,,final,"WCA 1990 round, census 1987. FAO flag A: Official figure.",,,2-5
farms.faostat-wcad.holdings-by-land-size,USA,2002,228527.0,,,,final,"WCA 2000 round, census 2002. FAO flag I: Value imputed by a receiving agency. FAO's note: <5 ha.",,,2-5
farms.faostat-wcad.holdings-by-land-size,USA,2022,192067.0,,,,final,"WCA 2020 round, census 2022. FAO flag I: Value imputed by a receiving agency.",,,2-5
farms.faostat-wcad.holdings-by-land-size,USA,1930,704328.0,,,,final,"WCA 1930 round, census 1930. FAO flag I: Value imputed by a receiving agency.",,,5-10
farms.faostat-wcad.holdings-by-land-size,USA,1950,540269.0,,,,final,"WCA 1950 round, census 1950. FAO flag I: Value imputed by a receiving agency.",,,5-10
farms.faostat-wcad.holdings-by-land-size,USA,1959,299438.0,,,,final,"WCA 1960 round, census 1959. FAO flag A: Official figure.",,,5-10
farms.faostat-wcad.holdings-by-land-size,USA,1969,177966.0,,,,final,"WCA 1970 round, census 1969. FAO flag I: Value imputed by a receiving agency.",,,5-10
farms.faostat-wcad.holdings-by-land-size,USA,1978,152146.0,,,,final,"WCA 1980 round, census 1978. FAO flag I: Value imputed by a receiving agency. FAO's note: Excludes abnormal holdings (number: 2302, area: 22 645 846 ha).",,,5-10
farms.faostat-wcad.holdings-by-land-size,USA,1987,157220.0,,,,final,"WCA 1990 round, census 1987. FAO flag A: Official figure.",,,5-10
farms.faostat-wcad.holdings-by-land-size,USA,2002,211864.0,,,,final,"WCA 2000 round, census 2002. FAO flag I: Value imputed by a receiving agency.",,,5-10
farms.faostat-wcad.holdings-by-land-size,USA,2012,191335.0,,,,final,"WCA 2010 round, census 2012. FAO flag I: Value imputed by a receiving agency.",,,5-10
farms.faostat-wcad.holdings-by-land-size,USA,2017,221638.0,,,,final,"WCA 2020 round, census 2017. FAO flag I: Value imputed by a receiving agency.",,,5-10
farms.faostat-wcad.holdings-by-land-size,USA,2022,189919.0,,,,final,"WCA 2020 round, census 2022. FAO flag I: Value imputed by a receiving agency.",,,5-10
farms.faostat-wcad.holdings-by-land-size,USA,1930,1122486.0,,,,final,"WCA 1930 round, census 1930. FAO flag I: Value imputed by a receiving agency.",,,10-20
farms.faostat-wcad.holdings-by-land-size,USA,1950,788097.0,,,,final,"WCA 1950 round, census 1950. FAO flag I: Value imputed by a receiving agency.",,,10-20
farms.faostat-wcad.holdings-by-land-size,USA,1959,445876.0,,,,final,"WCA 1960 round, census 1959. FAO flag A: Official figure.",,,10-20
farms.faostat-wcad.holdings-by-land-size,USA,1969,247581.0,,,,final,"WCA 1970 round, census 1969. FAO flag I: Value imputed by a receiving agency.",,,10-20
farms.faostat-wcad.holdings-by-land-size,USA,1978,289617.0,,,,final,"WCA 1980 round, census 1978. FAO flag I: Value imputed by a receiving agency. FAO's note: Excludes abnormal holdings (number: 2302, area: 22 645 846 ha).",,,10-20
farms.faostat-wcad.holdings-by-land-size,USA,1987,212970.0,,,,final,"WCA 1990 round, census 1987. FAO flag A: Official figure.",,,10-20
farms.faostat-wcad.holdings-by-land-size,USA,2002,297944.0,,,,final,"WCA 2000 round, census 2002. FAO flag I: Value imputed by a receiving agency.",,,10-20
farms.faostat-wcad.holdings-by-land-size,USA,2012,362910.0,,,,final,"WCA 2010 round, census 2012. FAO flag I: Value imputed by a receiving agency.",,,10-20
farms.faostat-wcad.holdings-by-land-size,USA,2017,306468.0,,,,final,"WCA 2020 round, census 2017. FAO flag I: Value imputed by a receiving agency.",,,10-20
farms.faostat-wcad.holdings-by-land-size,USA,2022,333274.0,,,,final,"WCA 2020 round, census 2022. FAO flag I: Value imputed by a receiving agency.",,,10-20
farms.faostat-wcad.holdings-by-land-size,USA,1930,1899862.0,,,,final,"WCA 1930 round, census 1930. FAO flag I: Value imputed by a receiving agency.",,,20-50
farms.faostat-wcad.holdings-by-land-size,USA,1950,1426426.0,,,,final,"WCA 1950 round, census 1950. FAO flag I: Value imputed by a receiving agency.",,,20-50
farms.faostat-wcad.holdings-by-land-size,USA,1959,919495.0,,,,final,"WCA 1960 round, census 1959. FAO flag A: Official figure.",,,20-50
farms.faostat-wcad.holdings-by-land-size,USA,1969,636338.0,,,,final,"WCA 1970 round, census 1969. FAO flag I: Value imputed by a receiving agency.",,,20-50
farms.faostat-wcad.holdings-by-land-size,USA,1978,530883.0,,,,final,"WCA 1980 round, census 1978. FAO flag I: Value imputed by a receiving agency. FAO's note: Excludes abnormal holdings (number: 2302, area: 22 645 846 ha).",,,20-50
farms.faostat-wcad.holdings-by-land-size,USA,1987,429141.0,,,,final,"WCA 1990 round, census 1987. FAO flag A: Official figure.",,,20-50
farms.faostat-wcad.holdings-by-land-size,USA,2002,459660.0,,,,final,"WCA 2000 round, census 2002. FAO flag I: Value imputed by a receiving agency.",,,20-50
farms.faostat-wcad.holdings-by-land-size,USA,2012,447345.0,,,,final,"WCA 2010 round, census 2012. FAO flag I: Value imputed by a receiving agency.",,,20-50
farms.faostat-wcad.holdings-by-land-size,USA,2017,396360.0,,,,final,"WCA 2020 round, census 2017. FAO flag I: Value imputed by a receiving agency.",,,20-50
farms.faostat-wcad.holdings-by-land-size,USA,2022,374621.0,,,,final,"WCA 2020 round, census 2022. FAO flag I: Value imputed by a receiving agency.",,,20-50
farms.faostat-wcad.holdings-by-land-size,USA,1930,1293549.0,,,,final,"WCA 1930 round, census 1930. FAO flag I: Value imputed by a receiving agency.",,,50-100
farms.faostat-wcad.holdings-by-land-size,USA,1950,1146601.0,,,,final,"WCA 1950 round, census 1950. FAO flag I: Value imputed by a receiving agency.",,,50-100
farms.faostat-wcad.holdings-by-land-size,USA,1959,883492.0,,,,final,"WCA 1960 round, census 1959. FAO flag A: Official figure.",,,50-100
farms.faostat-wcad.holdings-by-land-size,USA,1969,633212.0,,,,final,"WCA 1970 round, census 1969. FAO flag I: Value imputed by a receiving agency.",,,50-100
farms.faostat-wcad.holdings-by-land-size,USA,1978,497034.0,,,,final,"WCA 1980 round, census 1978. FAO flag I: Value imputed by a receiving agency. FAO's note: Excludes abnormal holdings (number: 2302, area: 22 645 846 ha).",,,50-100
farms.faostat-wcad.holdings-by-land-size,USA,1987,384448.0,,,,final,"WCA 1990 round, census 1987. FAO flag A: Official figure.",,,50-100
farms.faostat-wcad.holdings-by-land-size,USA,2002,344141.0,,,,final,"WCA 2000 round, census 2002. FAO flag I: Value imputed by a receiving agency.",,,50-100
farms.faostat-wcad.holdings-by-land-size,USA,2012,317124.0,,,,final,"WCA 2010 round, census 2012. FAO flag I: Value imputed by a receiving agency.",,,50-100
farms.faostat-wcad.holdings-by-land-size,USA,2017,282652.0,,,,final,"WCA 2020 round, census 2017. FAO flag I: Value imputed by a receiving agency.",,,50-100
farms.faostat-wcad.holdings-by-land-size,USA,2022,267839.0,,,,final,"WCA 2020 round, census 2022. FAO flag I: Value imputed by a receiving agency.",,,50-100
farms.faostat-wcad.holdings-by-land-size,USA,1930,509957.0,,,,final,"WCA 1930 round, census 1930. FAO flag I: Value imputed by a receiving agency.",,,100-200
farms.faostat-wcad.holdings-by-land-size,USA,1950,549025.0,,,,final,"WCA 1950 round, census 1950. FAO flag I: Value imputed by a receiving agency.",,,100-200
farms.faostat-wcad.holdings-by-land-size,USA,1959,513533.0,,,,final,"WCA 1960 round, census 1959. FAO flag A: Official figure.",,,100-200
farms.faostat-wcad.holdings-by-land-size,USA,1969,455271.0,,,,final,"WCA 1970 round, census 1969. FAO flag I: Value imputed by a receiving agency.",,,100-200
farms.faostat-wcad.holdings-by-land-size,USA,1978,381951.0,,,,final,"WCA 1980 round, census 1978. FAO flag I: Value imputed by a receiving agency. FAO's note: Excludes abnormal holdings (number: 2302, area: 22 645 846 ha).",,,100-200
farms.faostat-wcad.holdings-by-land-size,USA,1987,308593.0,,,,final,"WCA 1990 round, census 1987. FAO flag A: Official figure.",,,100-200
farms.faostat-wcad.holdings-by-land-size,USA,2002,244952.0,,,,final,"WCA 2000 round, census 2002. FAO flag I: Value imputed by a receiving agency.",,,100-200
farms.faostat-wcad.holdings-by-land-size,USA,2012,212850.0,,,,final,"WCA 2010 round, census 2012. FAO flag I: Value imputed by a receiving agency.",,,100-200
farms.faostat-wcad.holdings-by-land-size,USA,2017,197973.0,,,,final,"WCA 2020 round, census 2017. FAO flag I: Value imputed by a receiving agency.",,,100-200
farms.faostat-wcad.holdings-by-land-size,USA,2022,179672.0,,,,final,"WCA 2020 round, census 2022. FAO flag I: Value imputed by a receiving agency.",,,100-200
farms.faostat-wcad.holdings-by-land-size,USA,1930,179807.0,,,,final,"WCA 1930 round, census 1930. FAO flag I: Value imputed by a receiving agency.",,,200-500
farms.faostat-wcad.holdings-by-land-size,USA,1950,311050.0,,,,final,"WCA 1950 round, census 1950. FAO flag I: Value imputed by a receiving agency.",,,200-500
farms.faostat-wcad.holdings-by-land-size,USA,1959,232439.0,,,,final,"WCA 1960 round, census 1959. FAO flag A: Official figure.",,,200-500
farms.faostat-wcad.holdings-by-land-size,USA,1969,252215.0,,,,final,"WCA 1970 round, census 1969. FAO flag I: Value imputed by a receiving agency.",,,200-500
farms.faostat-wcad.holdings-by-land-size,USA,1978,256296.0,,,,final,"WCA 1980 round, census 1978. FAO flag I: Value imputed by a receiving agency. FAO's note: Excludes abnormal holdings (number: 2302, area: 22 645 846 ha).",,,200-500
farms.faostat-wcad.holdings-by-land-size,USA,1987,243667.0,,,,final,"WCA 1990 round, census 1987. FAO flag A: Official figure.",,,200-500
farms.faostat-wcad.holdings-by-land-size,USA,2002,201981.0,,,,final,"WCA 2000 round, census 2002. FAO flag I: Value imputed by a receiving agency.",,,200-500
farms.faostat-wcad.holdings-by-land-size,USA,2012,178783.0,,,,final,"WCA 2010 round, census 2012. FAO flag I: Value imputed by a receiving agency.",,,200-500
farms.faostat-wcad.holdings-by-land-size,USA,2017,164390.0,,,,final,"WCA 2020 round, census 2017. FAO flag I: Value imputed by a receiving agency.",,,200-500
farms.faostat-wcad.holdings-by-land-size,USA,2022,150109.0,,,,final,"WCA 2020 round, census 2022. FAO flag I: Value imputed by a receiving agency.",,,200-500
farms.faostat-wcad.holdings-by-land-size,USA,1930,34253.0,,,,final,"WCA 1930 round, census 1930. FAO flag I: Value imputed by a receiving agency.",,,500-1000
farms.faostat-wcad.holdings-by-land-size,USA,1959,60234.0,,,,final,"WCA 1960 round, census 1959. FAO flag A: Official figure.",,,500-1000
farms.faostat-wcad.holdings-by-land-size,USA,1969,74976.0,,,,final,"WCA 1970 round, census 1969. FAO flag I: Value imputed by a receiving agency.",,,500-1000
farms.faostat-wcad.holdings-by-land-size,USA,1978,125395.0,,,,final,"WCA 1980 round, census 1978. FAO flag I: Value imputed by a receiving agency. FAO's note: Excludes abnormal holdings (number: 2302, area: 22 645 846 ha).",,,500-1000
farms.faostat-wcad.holdings-by-land-size,USA,1987,129643.0,,,,final,"WCA 1990 round, census 1987. FAO flag A: Official figure.",,,500-1000
farms.faostat-wcad.holdings-by-land-size,USA,2002,139913.0,,,,final,"WCA 2000 round, census 2002. FAO flag I: Value imputed by a receiving agency.",,,500-1000
farms.faostat-wcad.holdings-by-land-size,USA,2012,140018.0,,,,final,"WCA 2010 round, census 2012. FAO flag I: Value imputed by a receiving agency.",,,500-1000
farms.faostat-wcad.holdings-by-land-size,USA,2017,74815.0,,,,final,"WCA 2020 round, census 2017. FAO flag I: Value imputed by a receiving agency.",,,500-1000
farms.faostat-wcad.holdings-by-land-size,USA,2022,72282.0,,,,final,"WCA 2020 round, census 2022. FAO flag I: Value imputed by a receiving agency.",,,500-1000
farms.faostat-wcad.holdings-by-land-size,USA,2017,47449.0,,,,final,"WCA 2020 round, census 2017. FAO flag I: Value imputed by a receiving agency.",,,1000-2500
farms.faostat-wcad.holdings-by-land-size,USA,2017,22253.0,,,,final,"WCA 2020 round, census 2017. FAO flag I: Value imputed by a receiving agency.",,,2500-plus
farms.faostat-wcad.holdings-by-land-size,USA,1930,33864.0,,,,final,"WCA 1930 round, census 1930. FAO flag I: Value imputed by a receiving agency.",,,1000-plus
farms.faostat-wcad.holdings-by-land-size,USA,1959,43766.0,,,,final,"WCA 1960 round, census 1959. FAO flag A: Official figure.",,,1000-plus
farms.faostat-wcad.holdings-by-land-size,USA,1969,46737.0,,,,final,"WCA 1970 round, census 1969. FAO flag I: Value imputed by a receiving agency.",,,1000-plus
farms.faostat-wcad.holdings-by-land-size,USA,2022,60422.0,,,,final,"WCA 2020 round, census 2022. FAO flag I: Value imputed by a receiving agency.",,,1000-plus
farms.faostat-wcad.holdings-by-land-size,VCT,1986,6949.0,,,,final,"WCA 1990 round, census 1986. FAO flag A: Official figure.",,,0-1
farms.faostat-wcad.holdings-by-land-size,VCT,2000,5375.0,,,,final,"WCA 2000 round, census 2000. FAO flag I: Value imputed by a receiving agency.",,,0-1
farms.faostat-wcad.holdings-by-land-size,VCT,1986,974.0,,,,final,"WCA 1990 round, census 1986. FAO flag A: Official figure.",,,1-2
farms.faostat-wcad.holdings-by-land-size,VCT,2000,1102.0,,,,final,"WCA 2000 round, census 2000. FAO flag I: Value imputed by a receiving agency.",,,1-2
farms.faostat-wcad.holdings-by-land-size,VCT,1986,733.0,,,,final,"WCA 1990 round, census 1986. FAO flag A: Official figure.",,,2-5
farms.faostat-wcad.holdings-by-land-size,VCT,2000,712.0,,,,final,"WCA 2000 round, census 2000. FAO flag I: Value imputed by a receiving agency.",,,2-5
farms.faostat-wcad.holdings-by-land-size,VCT,1986,119.0,,,,final,"WCA 1990 round, census 1986. FAO flag A: Official figure.",,,5-10
farms.faostat-wcad.holdings-by-land-size,VCT,2000,121.0,,,,final,"WCA 2000 round, census 2000. FAO flag I: Value imputed by a receiving agency.",,,5-10
farms.faostat-wcad.holdings-by-land-size,VCT,1986,35.0,,,,final,"WCA 1990 round, census 1986. FAO flag A: Official figure.",,,10-20
farms.faostat-wcad.holdings-by-land-size,VCT,2000,42.0,,,,final,"WCA 2000 round, census 2000. FAO flag I: Value imputed by a receiving agency.",,,10-20
farms.faostat-wcad.holdings-by-land-size,VCT,1986,23.0,,,,final,"WCA 1990 round, census 1986. FAO flag A: Official figure.",,,20-50
farms.faostat-wcad.holdings-by-land-size,VCT,2000,28.0,,,,final,"WCA 2000 round, census 2000. FAO flag I: Value imputed by a receiving agency.",,,20-50
farms.faostat-wcad.holdings-by-land-size,VCT,1986,14.0,,,,final,"WCA 1990 round, census 1986. FAO flag A: Official figure.",,,50-100
farms.faostat-wcad.holdings-by-land-size,VCT,1986,4.0,,,,final,"WCA 1990 round, census 1986. FAO flag A: Official figure.",,,100-200
farms.faostat-wcad.holdings-by-land-size,VCT,1986,9.0,,,,final,"WCA 1990 round, census 1986. FAO flag A: Official figure.",,,200-500
farms.faostat-wcad.holdings-by-land-size,VEN,1961,22351.0,,,,final,"WCA 1960 round, census 1961. FAO flag A: Official figure. FAO's note: Includes holdings without land",,,0-1
farms.faostat-wcad.holdings-by-land-size,VEN,1971,13134.0,,,,final,"WCA 1970 round, census 1971. FAO flag A: Official figure.",,,0-1
farms.faostat-wcad.holdings-by-land-size,VEN,1996/1997,42758.0,,,,final,"WCA 2000 round, census 1996/97. FAO flag A: Official figure.",,,0-1
farms.faostat-wcad.holdings-by-land-size,VEN,2008,26733.0,,,,final,"WCA 2010 round, census 2008. FAO flag A: Official figure.",,,0-1
farms.faostat-wcad.holdings-by-land-size,VEN,1961,40920.0,,,,final,"WCA 1960 round, census 1961. FAO flag A: Official figure.",,,1-2
farms.faostat-wcad.holdings-by-land-size,VEN,1971,32802.0,,,,final,"WCA 1970 round, census 1971. FAO flag A: Official figure.",,,1-2
farms.faostat-wcad.holdings-by-land-size,VEN,1996/1997,70663.0,,,,final,"WCA 2000 round, census 1996/97. FAO flag A: Official figure.",,,1-2
farms.faostat-wcad.holdings-by-land-size,VEN,2008,52900.0,,,,final,"WCA 2010 round, census 2008. FAO flag A: Official figure.",,,1-2
farms.faostat-wcad.holdings-by-land-size,VEN,2008,40994.0,,,,final,"WCA 2010 round, census 2008. FAO flag I: Value imputed by a receiving agency.",,,2-3
farms.faostat-wcad.holdings-by-land-size,VEN,2008,32119.0,,,,final,"WCA 2010 round, census 2008. FAO flag I: Value imputed by a receiving agency.",,,3-4
farms.faostat-wcad.holdings-by-land-size,VEN,2008,26628.0,,,,final,"WCA 2010 round, census 2008. FAO flag I: Value imputed by a receiving agency.",,,4-5
farms.faostat-wcad.holdings-by-land-size,VEN,1961,96963.0,,,,final,"WCA 1960 round, census 1961. FAO flag A: Official figure.",,,2-5
farms.faostat-wcad.holdings-by-land-size,VEN,1971,75842.0,,,,final,"WCA 1970 round, census 1971. FAO flag A: Official figure.",,,2-5
farms.faostat-wcad.holdings-by-land-size,VEN,1996/1997,128821.0,,,,final,"WCA 2000 round, census 1996/97. FAO flag A: Official figure.",,,2-5
farms.faostat-wcad.holdings-by-land-size,VEN,1961,57802.0,,,,final,"WCA 1960 round, census 1961. FAO flag A: Official figure.",,,5-10
farms.faostat-wcad.holdings-by-land-size,VEN,1971,49395.0,,,,final,"WCA 1970 round, census 1971. FAO flag A: Official figure.",,,5-10
farms.faostat-wcad.holdings-by-land-size,VEN,1996/1997,75282.0,,,,final,"WCA 2000 round, census 1996/97. FAO flag A: Official figure.",,,5-10
farms.faostat-wcad.holdings-by-land-size,VEN,2008,63032.0,,,,final,"WCA 2010 round, census 2008. FAO flag A: Official figure.",,,5-10
farms.faostat-wcad.holdings-by-land-size,VEN,1961,41387.0,,,,final,"WCA 1960 round, census 1961. FAO flag A: Official figure.",,,10-20
farms.faostat-wcad.holdings-by-land-size,VEN,1971,41358.0,,,,final,"WCA 1970 round, census 1971. FAO flag A: Official figure.",,,10-20
farms.faostat-wcad.holdings-by-land-size,VEN,1996/1997,59354.0,,,,final,"WCA 2000 round, census 1996/97. FAO flag A: Official figure.",,,10-20
farms.faostat-wcad.holdings-by-land-size,VEN,2008,53414.0,,,,final,"WCA 2010 round, census 2008. FAO flag A: Official figure.",,,10-20
farms.faostat-wcad.holdings-by-land-size,VEN,1961,28600.0,,,,final,"WCA 1960 round, census 1961. FAO flag A: Official figure.",,,20-50
farms.faostat-wcad.holdings-by-land-size,VEN,1971,32414.0,,,,final,"WCA 1970 round, census 1971. FAO flag A: Official figure.",,,20-50
farms.faostat-wcad.holdings-by-land-size,VEN,1996/1997,51659.0,,,,final,"WCA 2000 round, census 1996/97. FAO flag A: Official figure.",,,20-50
farms.faostat-wcad.holdings-by-land-size,VEN,2008,53287.0,,,,final,"WCA 2010 round, census 2008. FAO flag A: Official figure.",,,20-50
farms.faostat-wcad.holdings-by-land-size,VEN,1961,11567.0,,,,final,"WCA 1960 round, census 1961. FAO flag A: Official figure.",,,50-100
farms.faostat-wcad.holdings-by-land-size,VEN,1971,14308.0,,,,final,"WCA 1970 round, census 1971. FAO flag A: Official figure.",,,50-100
farms.faostat-wcad.holdings-by-land-size,VEN,1996/1997,27318.0,,,,final,"WCA 2000 round, census 1996/97. FAO flag A: Official figure.",,,50-100
farms.faostat-wcad.holdings-by-land-size,VEN,2008,29259.0,,,,final,"WCA 2010 round, census 2008. FAO flag A: Official figure.",,,50-100
farms.faostat-wcad.holdings-by-land-size,VEN,1961,7332.0,,,,final,"WCA 1960 round, census 1961. FAO flag A: Official figure.",,,100-200
farms.faostat-wcad.holdings-by-land-size,VEN,1971,8340.0,,,,final,"WCA 1970 round, census 1971. FAO flag A: Official figure.",,,100-200
farms.faostat-wcad.holdings-by-land-size,VEN,1996/1997,18565.0,,,,final,"WCA 2000 round, census 1996/97. FAO flag A: Official figure.",,,100-200
farms.faostat-wcad.holdings-by-land-size,VEN,2008,19988.0,,,,final,"WCA 2010 round, census 2008. FAO flag A: Official figure.",,,100-200
farms.faostat-wcad.holdings-by-land-size,VEN,1961,6147.0,,,,final,"WCA 1960 round, census 1961. FAO flag A: Official figure.",,,200-500
farms.faostat-wcad.holdings-by-land-size,VEN,1971,7903.0,,,,final,"WCA 1970 round, census 1971. FAO flag A: Official figure.",,,200-500
farms.faostat-wcad.holdings-by-land-size,VEN,1996/1997,15587.0,,,,final,"WCA 2000 round, census 1996/97. FAO flag A: Official figure.",,,200-500
farms.faostat-wcad.holdings-by-land-size,VEN,2008,15994.0,,,,final,"WCA 2010 round, census 2008. FAO flag A: Official figure.",,,200-500
farms.faostat-wcad.holdings-by-land-size,VEN,1961,2802.0,,,,final,"WCA 1960 round, census 1961. FAO flag A: Official figure.",,,500-1000
farms.faostat-wcad.holdings-by-land-size,VEN,1971,3883.0,,,,final,"WCA 1970 round, census 1971. FAO flag A: Official figure.",,,500-1000
farms.faostat-wcad.holdings-by-land-size,VEN,1996/1997,6027.0,,,,final,"WCA 2000 round, census 1996/97. FAO flag A: Official figure.",,,500-1000
farms.faostat-wcad.holdings-by-land-size,VEN,2008,5890.0,,,,final,"WCA 2010 round, census 2008. FAO flag A: Official figure.",,,500-1000
farms.faostat-wcad.holdings-by-land-size,VEN,2008,2917.0,,,,final,"WCA 2010 round, census 2008. FAO flag A: Official figure.",,,1000-2500
farms.faostat-wcad.holdings-by-land-size,VEN,2008,1102.0,,,,final,"WCA 2010 round, census 2008. FAO flag I: Value imputed by a receiving agency.",,,2500-plus
farms.faostat-wcad.holdings-by-land-size,VEN,1961,4223.0,,,,final,"WCA 1960 round, census 1961. FAO flag A: Official figure.",,,1000-plus
farms.faostat-wcad.holdings-by-land-size,VEN,1971,4904.0,,,,final,"WCA 1970 round, census 1971. FAO flag A: Official figure.",,,1000-plus
farms.faostat-wcad.holdings-by-land-size,VEN,1996/1997,4945.0,,,,final,"WCA 2000 round, census 1996/97. FAO flag A: Official figure.",,,1000-plus
farms.faostat-wcad.holdings-by-land-size,VGB,1961,145.0,,,,final,"WCA 1960 round, census 1961. FAO flag A: Official figure.",,,0-1
farms.faostat-wcad.holdings-by-land-size,VGB,1961,145.0,,,,final,"WCA 1960 round, census 1961. FAO flag A: Official figure.",,,1-2
farms.faostat-wcad.holdings-by-land-size,VGB,1961,288.0,,,,final,"WCA 1960 round, census 1961. FAO flag A: Official figure.",,,2-5
farms.faostat-wcad.holdings-by-land-size,VGB,1961,129.0,,,,final,"WCA 1960 round, census 1961. FAO flag A: Official figure.",,,5-10
farms.faostat-wcad.holdings-by-land-size,VGB,1961,47.0,,,,final,"WCA 1960 round, census 1961. FAO flag A: Official figure.",,,10-20
farms.faostat-wcad.holdings-by-land-size,VGB,1961,32.0,,,,final,"WCA 1960 round, census 1961. FAO flag A: Official figure.",,,20-50
farms.faostat-wcad.holdings-by-land-size,VGB,1961,5.0,,,,final,"WCA 1960 round, census 1961. FAO flag A: Official figure.",,,50-100
farms.faostat-wcad.holdings-by-land-size,VGB,1961,1.0,,,,final,"WCA 1960 round, census 1961. FAO flag A: Official figure.",,,100-200
farms.faostat-wcad.holdings-by-land-size,VIR,1930,6.0,,,,final,"WCA 1930 round, census 1930. FAO flag I: Value imputed by a receiving agency.",,,0-1
farms.faostat-wcad.holdings-by-land-size,VIR,1950,39.0,,,,final,"WCA 1950 round, census 1950. FAO flag I: Value imputed by a receiving agency.",,,0-1
farms.faostat-wcad.holdings-by-land-size,VIR,1959,47.0,,,,final,"WCA 1960 round, census 1959. FAO flag A: Official figure.",,,0-1
farms.faostat-wcad.holdings-by-land-size,VIR,1969,54.0,,,,final,"WCA 1970 round, census 1969. FAO flag I: Value imputed by a receiving agency.",,,0-1
farms.faostat-wcad.holdings-by-land-size,VIR,1978,73.0,,,,final,"WCA 1980 round, census 1978. FAO flag I: Value imputed by a receiving agency.",,,0-1
farms.faostat-wcad.holdings-by-land-size,VIR,2007,64.0,,,,final,"WCA 2010 round, census 2007. FAO flag I: Value imputed by a receiving agency.",,,0-1
farms.faostat-wcad.holdings-by-land-size,VIR,2018,215.0,,,,final,"WCA 2020 round, census 2018. FAO flag I: Value imputed by a receiving agency.",,,0-1
farms.faostat-wcad.holdings-by-land-size,VIR,2023,268.0,,,,final,"WCA 2020 round, census 2023. FAO flag I: Value imputed by a receiving agency.",,,0-1
farms.faostat-wcad.holdings-by-land-size,VIR,1930,36.0,,,,final,"WCA 1930 round, census 1930. FAO flag I: Value imputed by a receiving agency.",,,1-2
farms.faostat-wcad.holdings-by-land-size,VIR,1950,111.0,,,,final,"WCA 1950 round, census 1950. FAO flag I: Value imputed by a receiving agency.",,,1-2
farms.faostat-wcad.holdings-by-land-size,VIR,1959,76.0,,,,final,"WCA 1960 round, census 1959. FAO flag A: Official figure.",,,1-2
farms.faostat-wcad.holdings-by-land-size,VIR,1969,30.0,,,,final,"WCA 1970 round, census 1969. FAO flag I: Value imputed by a receiving agency.",,,1-2
farms.faostat-wcad.holdings-by-land-size,VIR,1978,64.0,,,,final,"WCA 1980 round, census 1978. FAO flag I: Value imputed by a receiving agency.",,,1-2
farms.faostat-wcad.holdings-by-land-size,VIR,1987,113.0,,,,final,"WCA 1990 round, census 1987. FAO flag A: Official figure.",,,1-2
farms.faostat-wcad.holdings-by-land-size,VIR,2002,95.0,,,,final,"WCA 2000 round, census 2002. FAO flag I: Value imputed by a receiving agency. FAO's note: <2 ha.",,,1-2
farms.faostat-wcad.holdings-by-land-size,VIR,2007,43.0,,,,final,"WCA 2010 round, census 2007. FAO flag I: Value imputed by a receiving agency.",,,1-2
farms.faostat-wcad.holdings-by-land-size,VIR,2018,103.0,,,,final,"WCA 2020 round, census 2018. FAO flag I: Value imputed by a receiving agency.",,,1-2
farms.faostat-wcad.holdings-by-land-size,VIR,2023,106.0,,,,final,"WCA 2020 round, census 2023. FAO flag I: Value imputed by a receiving agency.",,,1-2
farms.faostat-wcad.holdings-by-land-size,VIR,2007,26.0,,,,final,"WCA 2010 round, census 2007. FAO flag I: Value imputed by a receiving agency.",,,2-3
farms.faostat-wcad.holdings-by-land-size,VIR,2018,57.0,,,,final,"WCA 2020 round, census 2018. FAO flag I: Value imputed by a receiving agency.",,,2-3
farms.faostat-wcad.holdings-by-land-size,VIR,2007,19.0,,,,final,"WCA 2010 round, census 2007. FAO flag I: Value imputed by a receiving agency.",,,3-4
farms.faostat-wcad.holdings-by-land-size,VIR,2018,41.0,,,,final,"WCA 2020 round, census 2018. FAO flag I: Value imputed by a receiving agency.",,,3-4
farms.faostat-wcad.holdings-by-land-size,VIR,2007,10.0,,,,final,"WCA 2010 round, census 2007. FAO flag I: Value imputed by a receiving agency.",,,4-5
farms.faostat-wcad.holdings-by-land-size,VIR,2018,21.0,,,,final,"WCA 2020 round, census 2018. FAO flag I: Value imputed by a receiving agency.",,,4-5
farms.faostat-wcad.holdings-by-land-size,VIR,1930,88.0,,,,final,"WCA 1930 round, census 1930. FAO flag I: Value imputed by a receiving agency.",,,2-5
farms.faostat-wcad.holdings-by-land-size,VIR,1950,253.0,,,,final,"WCA 1950 round, census 1950. FAO flag I: Value imputed by a receiving agency.",,,2-5
farms.faostat-wcad.holdings-by-land-size,VIR,1959,162.0,,,,final,"WCA 1960 round, census 1959. FAO flag A: Official figure.",,,2-5
farms.faostat-wcad.holdings-by-land-size,VIR,1969,44.0,,,,final,"WCA 1970 round, census 1969. FAO flag I: Value imputed by a receiving agency.",,,2-5
farms.faostat-wcad.holdings-by-land-size,VIR,1978,116.0,,,,final,"WCA 1980 round, census 1978. FAO flag I: Value imputed by a receiving agency.",,,2-5
farms.faostat-wcad.holdings-by-land-size,VIR,1987,58.0,,,,final,"WCA 1990 round, census 1987. FAO flag A: Official figure.",,,2-5
farms.faostat-wcad.holdings-by-land-size,VIR,2002,43.0,,,,final,"WCA 2000 round, census 2002. FAO flag I: Value imputed by a receiving agency.",,,2-5
farms.faostat-wcad.holdings-by-land-size,VIR,2023,118.0,,,,final,"WCA 2020 round, census 2023. FAO flag I: Value imputed by a receiving agency.",,,2-5
farms.faostat-wcad.holdings-by-land-size,VIR,1930,32.0,,,,final,"WCA 1930 round, census 1930. FAO flag I: Value imputed by a receiving agency.",,,5-10
farms.faostat-wcad.holdings-by-land-size,VIR,1950,120.0,,,,final,"WCA 1950 round, census 1950. FAO flag I: Value imputed by a receiving agency.",,,5-10
farms.faostat-wcad.holdings-by-land-size,VIR,1959,73.0,,,,final,"WCA 1960 round, census 1959. FAO flag A: Official figure.",,,5-10
farms.faostat-wcad.holdings-by-land-size,VIR,1969,22.0,,,,final,"WCA 1970 round, census 1969. FAO flag I: Value imputed by a receiving agency.",,,5-10
farms.faostat-wcad.holdings-by-land-size,VIR,1978,46.0,,,,final,"WCA 1980 round, census 1978. FAO flag I: Value imputed by a receiving agency.",,,5-10
farms.faostat-wcad.holdings-by-land-size,VIR,1987,31.0,,,,final,"WCA 1990 round, census 1987. FAO flag A: Official figure.",,,5-10
farms.faostat-wcad.holdings-by-land-size,VIR,2002,24.0,,,,final,"WCA 2000 round, census 2002. FAO flag I: Value imputed by a receiving agency.",,,5-10
farms.faostat-wcad.holdings-by-land-size,VIR,2007,26.0,,,,final,"WCA 2010 round, census 2007. FAO flag I: Value imputed by a receiving agency.",,,5-10
farms.faostat-wcad.holdings-by-land-size,VIR,2018,58.0,,,,final,"WCA 2020 round, census 2018. FAO flag I: Value imputed by a receiving agency.",,,5-10
farms.faostat-wcad.holdings-by-land-size,VIR,2023,60.0,,,,final,"WCA 2020 round, census 2023. FAO flag I: Value imputed by a receiving agency.",,,5-10
farms.faostat-wcad.holdings-by-land-size,VIR,1930,27.0,,,,final,"WCA 1930 round, census 1930. FAO flag I: Value imputed by a receiving agency.",,,10-20
farms.faostat-wcad.holdings-by-land-size,VIR,1950,73.0,,,,final,"WCA 1950 round, census 1950. FAO flag I: Value imputed by a receiving agency.",,,10-20
farms.faostat-wcad.holdings-by-land-size,VIR,1959,42.0,,,,final,"WCA 1960 round, census 1959. FAO flag A: Official figure.",,,10-20
farms.faostat-wcad.holdings-by-land-size,VIR,1969,20.0,,,,final,"WCA 1970 round, census 1969. FAO flag I: Value imputed by a receiving agency.",,,10-20
farms.faostat-wcad.holdings-by-land-size,VIR,1978,27.0,,,,final,"WCA 1980 round, census 1978. FAO flag I: Value imputed by a receiving agency.",,,10-20
farms.faostat-wcad.holdings-by-land-size,VIR,1987,27.0,,,,final,"WCA 1990 round, census 1987. FAO flag A: Official figure.",,,10-20
farms.faostat-wcad.holdings-by-land-size,VIR,2002,7.0,,,,final,"WCA 2000 round, census 2002. FAO flag I: Value imputed by a receiving agency.",,,10-20
farms.faostat-wcad.holdings-by-land-size,VIR,2007,11.0,,,,final,"WCA 2010 round, census 2007. FAO flag I: Value imputed by a receiving agency.",,,10-20
farms.faostat-wcad.holdings-by-land-size,VIR,2018,33.0,,,,final,"WCA 2020 round, census 2018. FAO flag I: Value imputed by a receiving agency.",,,10-20
farms.faostat-wcad.holdings-by-land-size,VIR,2023,32.0,,,,final,"WCA 2020 round, census 2023. FAO flag I: Value imputed by a receiving agency.",,,10-20
farms.faostat-wcad.holdings-by-land-size,VIR,1930,21.0,,,,final,"WCA 1930 round, census 1930. FAO flag I: Value imputed by a receiving agency.",,,20-50
farms.faostat-wcad.holdings-by-land-size,VIR,1950,53.0,,,,final,"WCA 1950 round, census 1950. FAO flag I: Value imputed by a receiving agency.",,,20-50
farms.faostat-wcad.holdings-by-land-size,VIR,1959,49.0,,,,final,"WCA 1960 round, census 1959. FAO flag A: Official figure.",,,20-50
farms.faostat-wcad.holdings-by-land-size,VIR,1969,19.0,,,,final,"WCA 1970 round, census 1969. FAO flag I: Value imputed by a receiving agency.",,,20-50
farms.faostat-wcad.holdings-by-land-size,VIR,1978,22.0,,,,final,"WCA 1980 round, census 1978. FAO flag I: Value imputed by a receiving agency.",,,20-50
farms.faostat-wcad.holdings-by-land-size,VIR,1987,19.0,,,,final,"WCA 1990 round, census 1987. FAO flag A: Official figure.",,,20-50
farms.faostat-wcad.holdings-by-land-size,VIR,2002,14.0,,,,final,"WCA 2000 round, census 2002. FAO flag I: Value imputed by a receiving agency.",,,20-50
farms.faostat-wcad.holdings-by-land-size,VIR,2007,20.0,,,,final,"WCA 2010 round, census 2007. FAO flag I: Value imputed by a receiving agency.",,,20-50
farms.faostat-wcad.holdings-by-land-size,VIR,2018,23.0,,,,final,"WCA 2020 round, census 2018. FAO flag I: Value imputed by a receiving agency.",,,20-50
farms.faostat-wcad.holdings-by-land-size,VIR,2023,22.0,,,,final,"WCA 2020 round, census 2023. FAO flag I: Value imputed by a receiving agency.",,,20-50
farms.faostat-wcad.holdings-by-land-size,VIR,1930,33.0,,,,final,"WCA 1930 round, census 1930. FAO flag I: Value imputed by a receiving agency.",,,50-100
farms.faostat-wcad.holdings-by-land-size,VIR,1950,36.0,,,,final,"WCA 1950 round, census 1950. FAO flag I: Value imputed by a receiving agency.",,,50-100
farms.faostat-wcad.holdings-by-land-size,VIR,1959,19.0,,,,final,"WCA 1960 round, census 1959. FAO flag A: Official figure.",,,50-100
farms.faostat-wcad.holdings-by-land-size,VIR,1969,7.0,,,,final,"WCA 1970 round, census 1969. FAO flag I: Value imputed by a receiving agency.",,,50-100
farms.faostat-wcad.holdings-by-land-size,VIR,1978,12.0,,,,final,"WCA 1980 round, census 1978. FAO flag I: Value imputed by a receiving agency.",,,50-100
farms.faostat-wcad.holdings-by-land-size,VIR,1987,7.0,,,,final,"WCA 1990 round, census 1987. FAO flag A: Official figure.",,,50-100
farms.faostat-wcad.holdings-by-land-size,VIR,2002,6.0,,,,final,"WCA 2000 round, census 2002. FAO flag I: Value imputed by a receiving agency.",,,50-100
farms.faostat-wcad.holdings-by-land-size,VIR,2018,6.0,,,,final,"WCA 2020 round, census 2018. FAO flag I: Value imputed by a receiving agency.",,,50-100
farms.faostat-wcad.holdings-by-land-size,VIR,2023,4.0,,,,final,"WCA 2020 round, census 2023. FAO flag I: Value imputed by a receiving agency.",,,50-100
farms.faostat-wcad.holdings-by-land-size,VIR,1930,42.0,,,,final,"WCA 1930 round, census 1930. FAO flag I: Value imputed by a receiving agency.",,,100-200
farms.faostat-wcad.holdings-by-land-size,VIR,1950,38.0,,,,final,"WCA 1950 round, census 1950. FAO flag I: Value imputed by a receiving agency.",,,100-200
farms.faostat-wcad.holdings-by-land-size,VIR,1959,14.0,,,,final,"WCA 1960 round, census 1959. FAO flag A: Official figure.",,,100-200
farms.faostat-wcad.holdings-by-land-size,VIR,1969,7.0,,,,final,"WCA 1970 round, census 1969. FAO flag I: Value imputed by a receiving agency.",,,100-200
farms.faostat-wcad.holdings-by-land-size,VIR,1978,10.0,,,,final,"WCA 1980 round, census 1978. FAO flag I: Value imputed by a receiving agency.",,,100-200
farms.faostat-wcad.holdings-by-land-size,VIR,1987,5.0,,,,final,"WCA 1990 round, census 1987. FAO flag A: Official figure.",,,100-200
farms.faostat-wcad.holdings-by-land-size,VIR,2002,2.0,,,,final,"WCA 2000 round, census 2002. FAO flag I: Value imputed by a receiving agency.",,,100-200
farms.faostat-wcad.holdings-by-land-size,VIR,2018,6.0,,,,final,"WCA 2020 round, census 2018. FAO flag I: Value imputed by a receiving agency.",,,100-200
farms.faostat-wcad.holdings-by-land-size,VIR,2023,5.0,,,,final,"WCA 2020 round, census 2023. FAO flag I: Value imputed by a receiving agency.",,,100-200
farms.faostat-wcad.holdings-by-land-size,VIR,1930,43.0,,,,final,"WCA 1930 round, census 1930. FAO flag I: Value imputed by a receiving agency.",,,200-500
farms.faostat-wcad.holdings-by-land-size,VIR,1950,32.0,,,,final,"WCA 1950 round, census 1950. FAO flag I: Value imputed by a receiving agency.",,,200-500
farms.faostat-wcad.holdings-by-land-size,VIR,1959,12.0,,,,final,"WCA 1960 round, census 1959. FAO flag A: Official figure.",,,200-500
farms.faostat-wcad.holdings-by-land-size,VIR,1969,6.0,,,,final,"WCA 1970 round, census 1969. FAO flag I: Value imputed by a receiving agency.",,,200-500
farms.faostat-wcad.holdings-by-land-size,VIR,1978,8.0,,,,final,"WCA 1980 round, census 1978. FAO flag I: Value imputed by a receiving agency.",,,200-500
farms.faostat-wcad.holdings-by-land-size,VIR,1987,6.0,,,,final,"WCA 1990 round, census 1987. FAO flag A: Official figure.",,,200-500
farms.faostat-wcad.holdings-by-land-size,VIR,2018,2.0,,,,final,"WCA 2020 round, census 2018. FAO flag I: Value imputed by a receiving agency.",,,200-500
farms.faostat-wcad.holdings-by-land-size,VIR,2023,4.0,,,,final,"WCA 2020 round, census 2023. FAO flag I: Value imputed by a receiving agency.",,,200-500
farms.faostat-wcad.holdings-by-land-size,VIR,1959,7.0,,,,final,"WCA 1960 round, census 1959. FAO flag A: Official figure.",,,500-1000
farms.faostat-wcad.holdings-by-land-size,VIR,1969,4.0,,,,final,"WCA 1970 round, census 1969. FAO flag I: Value imputed by a receiving agency.",,,500-1000
farms.faostat-wcad.holdings-by-land-size,VNM,1960/1961,1069386.0,,,,final,"WCA 1960 round, census 1960/61. FAO flag A: Official figure. FAO's note: Includes holdings without land",,,0-1
farms.faostat-wcad.holdings-by-land-size,VNM,1994,8412626.0,,,,final,"WCA 1990 round, census 1994. FAO flag I: Value imputed by a receiving agency. FAO's note: Agricultural area.",,,0-1
farms.faostat-wcad.holdings-by-land-size,VNM,2001,9077029.0,,,,final,"WCA 2000 round, census 2001. FAO flag A: Official figure. FAO's note: Cropland area. Agricultural households",,,0-1
farms.faostat-wcad.holdings-by-land-size,VNM,2011,7303801.0,,,,final,"WCA 2010 round, census 2011. FAO flag A: Official figure.",,,0-1
farms.faostat-wcad.holdings-by-land-size,VNM,2016,5401210.0,,,,final,"WCA 2020 round, census 2016. FAO flag I: Value imputed by a receiving agency. FAO's note: Pertain to holdings in the household sector only",,,0-1
farms.faostat-wcad.holdings-by-land-size,VNM,1960/1961,412474.0,,,,final,"WCA 1960 round, census 1960/61. FAO flag A: Official figure.",,,1-2
farms.faostat-wcad.holdings-by-land-size,VNM,1994,819561.0,,,,final,"WCA 1990 round, census 1994. FAO flag I: Value imputed by a receiving agency. FAO's note: Agricultural area.",,,1-2
farms.faostat-wcad.holdings-by-land-size,VNM,2001,1058138.0,,,,final,"WCA 2000 round, census 2001. FAO flag A: Official figure. FAO's note: Cropland area. Agricultural households",,,1-2
farms.faostat-wcad.holdings-by-land-size,VNM,2011,1127828.0,,,,final,"WCA 2010 round, census 2011. FAO flag A: Official figure.",,,1-2
farms.faostat-wcad.holdings-by-land-size,VNM,2016,1736888.0,,,,final,"WCA 2020 round, census 2016. FAO flag I: Value imputed by a receiving agency. FAO's note: Pertain to holdings in the household sector only",,,1-2
farms.faostat-wcad.holdings-by-land-size,VNM,2011,242569.0,,,,final,"WCA 2010 round, census 2011. FAO flag I: Value imputed by a receiving agency.",,,2-3
farms.faostat-wcad.holdings-by-land-size,VNM,2011,201853.0,,,,final,"WCA 2010 round, census 2011. FAO flag I: Value imputed by a receiving agency.",,,3-4
farms.faostat-wcad.holdings-by-land-size,VNM,2011,173897.0,,,,final,"WCA 2010 round, census 2011. FAO flag I: Value imputed by a receiving agency.",,,4-5
farms.faostat-wcad.holdings-by-land-size,VNM,1960/1961,326609.0,,,,final,"WCA 1960 round, census 1960/61. FAO flag A: Official figure.",,,2-5
farms.faostat-wcad.holdings-by-land-size,VNM,1994,276305.0,,,,final,"WCA 1990 round, census 1994. FAO flag I: Value imputed by a receiving agency. FAO's note: Agricultural area.",,,2-5
farms.faostat-wcad.holdings-by-land-size,VNM,2001,506151.0,,,,final,"WCA 2000 round, census 2001. FAO flag A: Official figure. FAO's note: Cropland area. Agricultural households",,,2-5
farms.faostat-wcad.holdings-by-land-size,VNM,2016,857584.0,,,,final,"WCA 2020 round, census 2016. FAO flag A: Official figure. FAO's note: Pertain to holdings in the household sector only",,,2-5
farms.faostat-wcad.holdings-by-land-size,VNM,1960/1961,70222.0,,,,final,"WCA 1960 round, census 1960/61. FAO flag A: Official figure.",,,5-10
farms.faostat-wcad.holdings-by-land-size,VNM,1994,18572.0,,,,final,"WCA 1990 round, census 1994. FAO flag I: Value imputed by a receiving agency. FAO's note: Agricultural area.",,,5-10
farms.faostat-wcad.holdings-by-land-size,VNM,2001,42796.0,,,,final,"WCA 2000 round, census 2001. FAO flag A: Official figure. FAO's note: Cropland area. Agricultural households",,,5-10
farms.faostat-wcad.holdings-by-land-size,VNM,2011,74098.0,,,,final,"WCA 2010 round, census 2011. FAO flag A: Official figure.",,,5-10
farms.faostat-wcad.holdings-by-land-size,VNM,2016,163910.0,,,,final,"WCA 2020 round, census 2016. FAO flag A: Official figure. FAO's note: Pertain to holdings in the household sector only",,,5-10
farms.faostat-wcad.holdings-by-land-size,VNM,1960/1961,13985.0,,,,final,"WCA 1960 round, census 1960/61. FAO flag A: Official figure.",,,10-20
farms.faostat-wcad.holdings-by-land-size,VNM,1994,1832.0,,,,final,"WCA 1990 round, census 1994. FAO flag I: Value imputed by a receiving agency. FAO's note: Agricultural area.",,,10-20
farms.faostat-wcad.holdings-by-land-size,VNM,2001,5639.0,,,,final,"WCA 2000 round, census 2001. FAO flag A: Official figure. FAO's note: Cropland area. Agricultural households",,,10-20
farms.faostat-wcad.holdings-by-land-size,VNM,2011,9459.0,,,,final,"WCA 2010 round, census 2011. FAO flag A: Official figure.",,,10-20
farms.faostat-wcad.holdings-by-land-size,VNM,2016,63599.0,,,,final,"WCA 2020 round, census 2016. FAO flag A: Official figure. FAO's note: Pertain to holdings in the household sector only",,,10-20
farms.faostat-wcad.holdings-by-land-size,VNM,1960/1961,3771.0,,,,final,"WCA 1960 round, census 1960/61. FAO flag A: Official figure.",,,20-50
farms.faostat-wcad.holdings-by-land-size,VNM,2011,1739.0,,,,final,"WCA 2010 round, census 2011. FAO flag A: Official figure.",,,20-50
farms.faostat-wcad.holdings-by-land-size,VNM,1960/1961,370.0,,,,final,"WCA 1960 round, census 1960/61. FAO flag A: Official figure.",,,50-100
farms.faostat-wcad.holdings-by-land-size,VNM,2011,423.0,,,,final,"WCA 2010 round, census 2011. FAO flag A: Official figure.",,,50-100
farms.faostat-wcad.holdings-by-land-size,VNM,1960/1961,147.0,,,,final,"WCA 1960 round, census 1960/61. FAO flag A: Official figure.",,,100-200
farms.faostat-wcad.holdings-by-land-size,VNM,2011,233.0,,,,final,"WCA 2010 round, census 2011. FAO flag A: Official figure.",,,100-200
farms.faostat-wcad.holdings-by-land-size,VNM,1960/1961,83.0,,,,final,"WCA 1960 round, census 1960/61. FAO flag A: Official figure.",,,200-500
farms.faostat-wcad.holdings-by-land-size,VNM,2011,390.0,,,,final,"WCA 2010 round, census 2011. FAO flag A: Official figure.",,,200-500
farms.faostat-wcad.holdings-by-land-size,VNM,1960/1961,27.0,,,,final,"WCA 1960 round, census 1960/61. FAO flag A: Official figure.",,,500-1000
farms.faostat-wcad.holdings-by-land-size,VNM,2011,95.0,,,,final,"WCA 2010 round, census 2011. FAO flag A: Official figure.",,,500-1000
farms.faostat-wcad.holdings-by-land-size,VNM,2011,92.0,,,,final,"WCA 2010 round, census 2011. FAO flag A: Official figure.",,,1000-2500
farms.faostat-wcad.holdings-by-land-size,VNM,1960/1961,44.0,,,,final,"WCA 1960 round, census 1960/61. FAO flag A: Official figure.",,,1000-plus
farms.faostat-wcad.holdings-by-land-size,WSM,1989,1162.0,,,,final,"WCA 1990 round, census 1989. FAO flag A: Official figure.",,,0-1
farms.faostat-wcad.holdings-by-land-size,WSM,1999,2797.0,,,,final,"WCA 2000 round, census 1999. FAO flag A: Official figure.",,,0-1
farms.faostat-wcad.holdings-by-land-size,WSM,2009,5566.0,,,,final,"WCA 2010 round, census 2009. FAO flag I: Value imputed by a receiving agency.",,,0-1
farms.faostat-wcad.holdings-by-land-size,WSM,2019,8143.0,,,,final,"WCA 2020 round, census 2019. FAO flag A: Official figure. FAO's note: Pertain to holdings in the household sector only",,,0-1
farms.faostat-wcad.holdings-by-land-size,WSM,1989,1850.0,,,,final,"WCA 1990 round, census 1989. FAO flag A: Official figure.",,,1-2
farms.faostat-wcad.holdings-by-land-size,WSM,1999,4693.0,,,,final,"WCA 2000 round, census 1999. FAO flag I: Value imputed by a receiving agency.",,,1-2
farms.faostat-wcad.holdings-by-land-size,WSM,2009,4975.0,,,,final,"WCA 2010 round, census 2009. FAO flag I: Value imputed by a receiving agency.",,,1-2
farms.faostat-wcad.holdings-by-land-size,WSM,2019,4288.0,,,,final,"WCA 2020 round, census 2019. FAO flag A: Official figure. FAO's note: Pertain to holdings in the household sector only",,,1-2
farms.faostat-wcad.holdings-by-land-size,WSM,2009,1797.0,,,,final,"WCA 2010 round, census 2009. FAO flag I: Value imputed by a receiving agency.",,,2-3
farms.faostat-wcad.holdings-by-land-size,WSM,2019,3035.0,,,,final,"WCA 2020 round, census 2019. FAO flag I: Value imputed by a receiving agency. FAO's note: Pertain to holdings in the household sector only",,,2-3
farms.faostat-wcad.holdings-by-land-size,WSM,2009,1381.0,,,,final,"WCA 2010 round, census 2009. FAO flag I: Value imputed by a receiving agency.",,,3-4
farms.faostat-wcad.holdings-by-land-size,WSM,2019,2546.0,,,,final,"WCA 2020 round, census 2019. FAO flag I: Value imputed by a receiving agency. FAO's note: Pertain to holdings in the household sector only",,,3-4
farms.faostat-wcad.holdings-by-land-size,WSM,2009,442.0,,,,final,"WCA 2010 round, census 2009. FAO flag I: Value imputed by a receiving agency.",,,4-5
farms.faostat-wcad.holdings-by-land-size,WSM,2019,2139.0,,,,final,"WCA 2020 round, census 2019. FAO flag I: Value imputed by a receiving agency. FAO's note: Pertain to holdings in the household sector only",,,4-5
farms.faostat-wcad.holdings-by-land-size,WSM,1989,3996.0,,,,final,"WCA 1990 round, census 1989. FAO flag A: Official figure.",,,2-5
farms.faostat-wcad.holdings-by-land-size,WSM,1999,4422.0,,,,final,"WCA 2000 round, census 1999. FAO flag I: Value imputed by a receiving agency.",,,2-5
farms.faostat-wcad.holdings-by-land-size,WSM,1989,2399.0,,,,final,"WCA 1990 round, census 1989. FAO flag A: Official figure.",,,5-10
farms.faostat-wcad.holdings-by-land-size,WSM,1999,1816.0,,,,final,"WCA 2000 round, census 1999. FAO flag I: Value imputed by a receiving agency.",,,5-10
farms.faostat-wcad.holdings-by-land-size,WSM,2009,1077.0,,,,final,"WCA 2010 round, census 2009. FAO flag I: Value imputed by a receiving agency.",,,5-10
farms.faostat-wcad.holdings-by-land-size,WSM,2019,4388.0,,,,final,"WCA 2020 round, census 2019. FAO flag A: Official figure. FAO's note: Pertain to holdings in the household sector only",,,5-10
farms.faostat-wcad.holdings-by-land-size,WSM,1989,1157.0,,,,final,"WCA 1990 round, census 1989. FAO flag A: Official figure.",,,10-20
farms.faostat-wcad.holdings-by-land-size,WSM,1999,717.0,,,,final,"WCA 2000 round, census 1999. FAO flag I: Value imputed by a receiving agency.",,,10-20
farms.faostat-wcad.holdings-by-land-size,WSM,2009,399.0,,,,final,"WCA 2010 round, census 2009. FAO flag I: Value imputed by a receiving agency.",,,10-20
farms.faostat-wcad.holdings-by-land-size,WSM,2019,1666.0,,,,final,"WCA 2020 round, census 2019. FAO flag A: Official figure. FAO's note: Pertain to holdings in the household sector only",,,10-20
farms.faostat-wcad.holdings-by-land-size,WSM,1989,535.0,,,,final,"WCA 1990 round, census 1989. FAO flag A: Official figure.",,,20-50
farms.faostat-wcad.holdings-by-land-size,WSM,1999,289.0,,,,final,"WCA 2000 round, census 1999. FAO flag I: Value imputed by a receiving agency.",,,20-50
farms.faostat-wcad.holdings-by-land-size,WSM,2009,156.0,,,,final,"WCA 2010 round, census 2009. FAO flag A: Official figure.",,,20-50
farms.faostat-wcad.holdings-by-land-size,WSM,2019,695.0,,,,final,"WCA 2020 round, census 2019. FAO flag A: Official figure. FAO's note: Pertain to holdings in the household sector only",,,20-50
farms.faostat-wcad.holdings-by-land-size,YEM,1982/1983,339961.0,,,,final,"WCA 1980 round, census 1982/83. FAO flag A: Official figure. FAO's note: Figures pertain to Yemen Arab Republic.",,,0-1
farms.faostat-wcad.holdings-by-land-size,YEM,2003,865733.0,,,,final,"WCA 2000 round, census 2003. FAO flag A: Official figure.",,,0-1
farms.faostat-wcad.holdings-by-land-size,YEM,1982/1983,83071.0,,,,final,"WCA 1980 round, census 1982/83. FAO flag A: Official figure. FAO's note: Figures pertain to Yemen Arab Republic.",,,1-2
farms.faostat-wcad.holdings-by-land-size,YEM,2003,124052.0,,,,final,"WCA 2000 round, census 2003. FAO flag A: Official figure.",,,1-2
farms.faostat-wcad.holdings-by-land-size,YEM,1982/1983,99791.0,,,,final,"WCA 1980 round, census 1982/83. FAO flag A: Official figure. FAO's note: Figures pertain to Yemen Arab Republic.",,,2-5
farms.faostat-wcad.holdings-by-land-size,YEM,2003,107170.0,,,,final,"WCA 2000 round, census 2003. FAO flag A: Official figure.",,,2-5
farms.faostat-wcad.holdings-by-land-size,YEM,1982/1983,43758.0,,,,final,"WCA 1980 round, census 1982/83. FAO flag A: Official figure. FAO's note: Figures pertain to Yemen Arab Republic.",,,5-10
farms.faostat-wcad.holdings-by-land-size,YEM,2003,83150.0,,,,final,"WCA 2000 round, census 2003. FAO flag A: Official figure.",,,5-10
farms.faostat-wcad.holdings-by-land-size,YEM,1982/1983,19324.0,,,,final,"WCA 1980 round, census 1982/83. FAO flag A: Official figure. FAO's note: Figures pertain to Yemen Arab Republic.",,,10-20
farms.faostat-wcad.holdings-by-land-size,YEM,1982/1983,4639.0,,,,final,"WCA 1980 round, census 1982/83. FAO flag A: Official figure. FAO's note: Figures pertain to Yemen Arab Republic.",,,20-50
farms.faostat-wcad.holdings-by-land-size,YEM,1982/1983,199.0,,,,final,"WCA 1980 round, census 1982/83. FAO flag A: Official figure. FAO's note: Figures pertain to Yemen Arab Republic.",,,50-100
farms.faostat-wcad.holdings-by-land-size,YEM,1982/1983,328.0,,,,final,"WCA 1980 round, census 1982/83. FAO flag A: Official figure. FAO's note: Figures pertain to Yemen Arab Republic.",,,100-200
farms.faostat-wcad.holdings-by-land-size,ZAF,1930,803.0,,,,final,"WCA 1930 round, census 1930. FAO flag I: Value imputed by a receiving agency.",,,0-1
farms.faostat-wcad.holdings-by-land-size,ZAF,1950,1933.0,,,,final,"WCA 1950 round, census 1950. FAO flag I: Value imputed by a receiving agency.",,,0-1
farms.faostat-wcad.holdings-by-land-size,ZAF,1960,647.0,,,,final,"WCA 1960 round, census 1960. FAO flag A: Official figure.",,,0-1
farms.faostat-wcad.holdings-by-land-size,ZAF,1930,929.0,,,,final,"WCA 1930 round, census 1930. FAO flag I: Value imputed by a receiving agency.",,,1-2
farms.faostat-wcad.holdings-by-land-size,ZAF,1950,2127.0,,,,final,"WCA 1950 round, census 1950. FAO flag I: Value imputed by a receiving agency.",,,1-2
farms.faostat-wcad.holdings-by-land-size,ZAF,1960,482.0,,,,final,"WCA 1960 round, census 1960. FAO flag A: Official figure.",,,1-2
farms.faostat-wcad.holdings-by-land-size,ZAF,2017,1027.0,,,,final,"WCA 2020 round, census 2017. FAO flag A: Official figure.",,,1-2
farms.faostat-wcad.holdings-by-land-size,ZAF,2017,682.0,,,,final,"WCA 2020 round, census 2017. FAO flag I: Value imputed by a receiving agency.",,,2-3
farms.faostat-wcad.holdings-by-land-size,ZAF,2017,602.0,,,,final,"WCA 2020 round, census 2017. FAO flag I: Value imputed by a receiving agency.",,,3-4
farms.faostat-wcad.holdings-by-land-size,ZAF,2017,541.0,,,,final,"WCA 2020 round, census 2017. FAO flag I: Value imputed by a receiving agency.",,,4-5
farms.faostat-wcad.holdings-by-land-size,ZAF,1930,2514.0,,,,final,"WCA 1930 round, census 1930. FAO flag I: Value imputed by a receiving agency.",,,2-5
farms.faostat-wcad.holdings-by-land-size,ZAF,1950,5481.0,,,,final,"WCA 1950 round, census 1950. FAO flag I: Value imputed by a receiving agency.",,,2-5
farms.faostat-wcad.holdings-by-land-size,ZAF,1960,5013.0,,,,final,"WCA 1960 round, census 1960. FAO flag A: Official figure.",,,2-5
farms.faostat-wcad.holdings-by-land-size,ZAF,1930,3399.0,,,,final,"WCA 1930 round, census 1930. FAO flag I: Value imputed by a receiving agency.",,,5-10
farms.faostat-wcad.holdings-by-land-size,ZAF,1950,6668.0,,,,final,"WCA 1950 round, census 1950. FAO flag I: Value imputed by a receiving agency.",,,5-10
farms.faostat-wcad.holdings-by-land-size,ZAF,1960,6196.0,,,,final,"WCA 1960 round, census 1960. FAO flag A: Official figure.",,,5-10
farms.faostat-wcad.holdings-by-land-size,ZAF,2017,1861.0,,,,final,"WCA 2020 round, census 2017. FAO flag A: Official figure.",,,5-10
farms.faostat-wcad.holdings-by-land-size,ZAF,1930,4697.0,,,,final,"WCA 1930 round, census 1930. FAO flag I: Value imputed by a receiving agency.",,,10-20
farms.faostat-wcad.holdings-by-land-size,ZAF,1950,5252.0,,,,final,"WCA 1950 round, census 1950. FAO flag I: Value imputed by a receiving agency.",,,10-20
farms.faostat-wcad.holdings-by-land-size,ZAF,1960,6407.0,,,,final,"WCA 1960 round, census 1960. FAO flag A: Official figure.",,,10-20
farms.faostat-wcad.holdings-by-land-size,ZAF,2017,2522.0,,,,final,"WCA 2020 round, census 2017. FAO flag A: Official figure.",,,10-20
farms.faostat-wcad.holdings-by-land-size,ZAF,1930,4834.0,,,,final,"WCA 1930 round, census 1930. FAO flag I: Value imputed by a receiving agency.",,,20-50
farms.faostat-wcad.holdings-by-land-size,ZAF,1950,7880.0,,,,final,"WCA 1950 round, census 1950. FAO flag I: Value imputed by a receiving agency.",,,20-50
farms.faostat-wcad.holdings-by-land-size,ZAF,1960,8674.0,,,,final,"WCA 1960 round, census 1960. FAO flag A: Official figure.",,,20-50
farms.faostat-wcad.holdings-by-land-size,ZAF,2017,4199.0,,,,final,"WCA 2020 round, census 2017. FAO flag A: Official figure.",,,20-50
farms.faostat-wcad.holdings-by-land-size,ZAF,1930,6219.0,,,,final,"WCA 1930 round, census 1930. FAO flag I: Value imputed by a receiving agency.",,,50-100
farms.faostat-wcad.holdings-by-land-size,ZAF,1950,7717.0,,,,final,"WCA 1950 round, census 1950. FAO flag I: Value imputed by a receiving agency.",,,50-100
farms.faostat-wcad.holdings-by-land-size,ZAF,1960,6819.0,,,,final,"WCA 1960 round, census 1960. FAO flag A: Official figure.",,,50-100
farms.faostat-wcad.holdings-by-land-size,ZAF,2017,3764.0,,,,final,"WCA 2020 round, census 2017. FAO flag A: Official figure.",,,50-100
farms.faostat-wcad.holdings-by-land-size,ZAF,1930,12911.0,,,,final,"WCA 1930 round, census 1930. FAO flag I: Value imputed by a receiving agency.",,,100-200
farms.faostat-wcad.holdings-by-land-size,ZAF,1950,12243.0,,,,final,"WCA 1950 round, census 1950. FAO flag I: Value imputed by a receiving agency.",,,100-200
farms.faostat-wcad.holdings-by-land-size,ZAF,1960,10342.0,,,,final,"WCA 1960 round, census 1960. FAO flag A: Official figure.",,,100-200
farms.faostat-wcad.holdings-by-land-size,ZAF,2017,4121.0,,,,final,"WCA 2020 round, census 2017. FAO flag A: Official figure.",,,100-200
farms.faostat-wcad.holdings-by-land-size,ZAF,1930,19355.0,,,,final,"WCA 1930 round, census 1930. FAO flag I: Value imputed by a receiving agency.",,,200-500
farms.faostat-wcad.holdings-by-land-size,ZAF,1950,22778.0,,,,final,"WCA 1950 round, census 1950. FAO flag I: Value imputed by a receiving agency.",,,200-500
farms.faostat-wcad.holdings-by-land-size,ZAF,1960,23570.0,,,,final,"WCA 1960 round, census 1960. FAO flag A: Official figure.",,,200-500
farms.faostat-wcad.holdings-by-land-size,ZAF,2017,5591.0,,,,final,"WCA 2020 round, census 2017. FAO flag A: Official figure.",,,200-500
farms.faostat-wcad.holdings-by-land-size,ZAF,1930,18221.0,,,,final,"WCA 1930 round, census 1930. FAO flag I: Value imputed by a receiving agency.",,,500-1000
farms.faostat-wcad.holdings-by-land-size,ZAF,1950,23123.0,,,,final,"WCA 1950 round, census 1950. FAO flag I: Value imputed by a receiving agency.",,,500-1000
farms.faostat-wcad.holdings-by-land-size,ZAF,1960,17552.0,,,,final,"WCA 1960 round, census 1960. FAO flag A: Official figure.",,,500-1000
farms.faostat-wcad.holdings-by-land-size,ZAF,2017,4208.0,,,,final,"WCA 2020 round, census 2017. FAO flag A: Official figure.",,,500-1000
farms.faostat-wcad.holdings-by-land-size,ZAF,2017,8550.0,,,,final,"WCA 2020 round, census 2017. FAO flag A: Official figure.",,,1000-2500
farms.faostat-wcad.holdings-by-land-size,ZAF,1930,21067.0,,,,final,"WCA 1930 round, census 1930. FAO flag I: Value imputed by a receiving agency.",,,1000-plus
farms.faostat-wcad.holdings-by-land-size,ZAF,1950,21399.0,,,,final,"WCA 1950 round, census 1950. FAO flag I: Value imputed by a receiving agency.",,,1000-plus
farms.faostat-wcad.holdings-by-land-size,ZAF,1960,24660.0,,,,final,"WCA 1960 round, census 1960. FAO flag A: Official figure.",,,1000-plus
farms.faostat-wcad.holdings-by-land-size,ZMB,1970/1971,2.0,,,,final,"WCA 1970 round, census 1970/71. FAO flag I: Value imputed by a receiving agency. FAO's note: Commercial sector only.",,,0-1
farms.faostat-wcad.holdings-by-land-size,ZMB,1970/1971,5.0,,,,final,"WCA 1970 round, census 1970/71. FAO flag I: Value imputed by a receiving agency. FAO's note: Commercial sector only.",,,1-2
farms.faostat-wcad.holdings-by-land-size,ZMB,1950,5.0,,,,final,"WCA 1950 round, census 1950. FAO flag I: Value imputed by a receiving agency. FAO's note: Figures are for European holdings holds",,,2-5
farms.faostat-wcad.holdings-by-land-size,ZMB,1970/1971,27.0,,,,final,"WCA 1970 round, census 1970/71. FAO flag I: Value imputed by a receiving agency. FAO's note: Commercial sector only.",,,2-5
farms.faostat-wcad.holdings-by-land-size,ZMB,1990,479717.0,,,,final,"WCA 1990 round, census 1990. FAO flag A: Official figure.",,,2-5
farms.faostat-wcad.holdings-by-land-size,ZMB,1950,19.0,,,,final,"WCA 1950 round, census 1950. FAO flag I: Value imputed by a receiving agency. FAO's note: Figures are for European holdings holds",,,5-10
farms.faostat-wcad.holdings-by-land-size,ZMB,1970/1971,62.0,,,,final,"WCA 1970 round, census 1970/71. FAO flag I: Value imputed by a receiving agency. FAO's note: Commercial sector only.",,,5-10
farms.faostat-wcad.holdings-by-land-size,ZMB,1990,29950.0,,,,final,"WCA 1990 round, census 1990. FAO flag A: Official figure.",,,5-10
farms.faostat-wcad.holdings-by-land-size,ZMB,1950,22.0,,,,final,"WCA 1950 round, census 1950. FAO flag I: Value imputed by a receiving agency. FAO's note: Figures are for European holdings holds",,,10-20
farms.faostat-wcad.holdings-by-land-size,ZMB,1960,109.0,,,,final,"WCA 1960 round, census 1960. FAO flag A: Official figure.",,,10-20
farms.faostat-wcad.holdings-by-land-size,ZMB,1970/1971,139.0,,,,final,"WCA 1970 round, census 1970/71. FAO flag I: Value imputed by a receiving agency. FAO's note: Commercial sector only.",,,10-20
farms.faostat-wcad.holdings-by-land-size,ZMB,1990,8801.0,,,,final,"WCA 1990 round, census 1990. FAO flag A: Official figure.",,,10-20
farms.faostat-wcad.holdings-by-land-size,ZMB,1950,38.0,,,,final,"WCA 1950 round, census 1950. FAO flag I: Value imputed by a receiving agency. FAO's note: Figures are for European holdings holds",,,20-50
farms.faostat-wcad.holdings-by-land-size,ZMB,1960,99.0,,,,final,"WCA 1960 round, census 1960. FAO flag A: Official figure.",,,20-50
farms.faostat-wcad.holdings-by-land-size,ZMB,1970/1971,152.0,,,,final,"WCA 1970 round, census 1970/71. FAO flag I: Value imputed by a receiving agency. FAO's note: Commercial sector only.",,,20-50
farms.faostat-wcad.holdings-by-land-size,ZMB,1990,2052.0,,,,final,"WCA 1990 round, census 1990. FAO flag A: Official figure.",,,20-50
farms.faostat-wcad.holdings-by-land-size,ZMB,1950,49.0,,,,final,"WCA 1950 round, census 1950. FAO flag I: Value imputed by a receiving agency. FAO's note: Figures are for European holdings holds",,,50-100
farms.faostat-wcad.holdings-by-land-size,ZMB,1960,82.0,,,,final,"WCA 1960 round, census 1960. FAO flag A: Official figure.",,,50-100
farms.faostat-wcad.holdings-by-land-size,ZMB,1970/1971,125.0,,,,final,"WCA 1970 round, census 1970/71. FAO flag I: Value imputed by a receiving agency. FAO's note: Commercial sector only.",,,50-100
farms.faostat-wcad.holdings-by-land-size,ZMB,1950,49.0,,,,final,"WCA 1950 round, census 1950. FAO flag I: Value imputed by a receiving agency. FAO's note: Figures are for European holdings holds",,,100-200
farms.faostat-wcad.holdings-by-land-size,ZMB,1960,50.0,,,,final,"WCA 1960 round, census 1960. FAO flag A: Official figure.",,,100-200
farms.faostat-wcad.holdings-by-land-size,ZMB,1970/1971,82.0,,,,final,"WCA 1970 round, census 1970/71. FAO flag I: Value imputed by a receiving agency. FAO's note: Commercial sector only.",,,100-200
farms.faostat-wcad.holdings-by-land-size,ZMB,1950,153.0,,,,final,"WCA 1950 round, census 1950. FAO flag I: Value imputed by a receiving agency. FAO's note: Figures are for European holdings holds",,,200-500
farms.faostat-wcad.holdings-by-land-size,ZMB,1960,317.0,,,,final,"WCA 1960 round, census 1960. FAO flag A: Official figure.",,,200-500
farms.faostat-wcad.holdings-by-land-size,ZMB,1970/1971,116.0,,,,final,"WCA 1970 round, census 1970/71. FAO flag I: Value imputed by a receiving agency. FAO's note: Commercial sector only.",,,200-500
farms.faostat-wcad.holdings-by-land-size,ZMB,1950,163.0,,,,final,"WCA 1950 round, census 1950. FAO flag I: Value imputed by a receiving agency. FAO's note: Figures are for European holdings holds",,,500-1000
farms.faostat-wcad.holdings-by-land-size,ZMB,1960,236.0,,,,final,"WCA 1960 round, census 1960. FAO flag A: Official figure.",,,500-1000
farms.faostat-wcad.holdings-by-land-size,ZMB,1970/1971,120.0,,,,final,"WCA 1970 round, census 1970/71. FAO flag I: Value imputed by a receiving agency. FAO's note: Commercial sector only.",,,500-1000
farms.faostat-wcad.holdings-by-land-size,ZMB,1950,462.0,,,,final,"WCA 1950 round, census 1950. FAO flag I: Value imputed by a receiving agency. FAO's note: Figures are for European holdings holds",,,1000-plus
farms.faostat-wcad.holdings-by-land-size,ZMB,1960,574.0,,,,final,"WCA 1960 round, census 1960. FAO flag A: Official figure.",,,1000-plus
farms.faostat-wcad.holdings-by-land-size,ZMB,1970/1971,260.0,,,,final,"WCA 1970 round, census 1970/71. FAO flag I: Value imputed by a receiving agency. FAO's note: Commercial sector only.",,,1000-plus
farms.faostat-wcad.holdings-by-land-size,ZWE,1950,1.0,,,,final,"WCA 1950 round, census 1950. FAO flag I: Value imputed by a receiving agency. FAO's note: Figures are for European holdings holds",,,0-1
farms.faostat-wcad.holdings-by-land-size,ZWE,1960,430525.0,,,,final,"WCA 1960 round, census 1960. FAO flag A: Official figure.",,,0-1
farms.faostat-wcad.holdings-by-land-size,ZWE,1950,2.0,,,,final,"WCA 1950 round, census 1950. FAO flag I: Value imputed by a receiving agency. FAO's note: Figures are for European holdings holds",,,1-2
farms.faostat-wcad.holdings-by-land-size,ZWE,1950,12.0,,,,final,"WCA 1950 round, census 1950. FAO flag I: Value imputed by a receiving agency. FAO's note: Figures are for European holdings holds",,,2-5
farms.faostat-wcad.holdings-by-land-size,ZWE,1950,29.0,,,,final,"WCA 1950 round, census 1950. FAO flag I: Value imputed by a receiving agency. FAO's note: Figures are for European holdings holds",,,5-10
farms.faostat-wcad.holdings-by-land-size,ZWE,1950,65.0,,,,final,"WCA 1950 round, census 1950. FAO flag I: Value imputed by a receiving agency. FAO's note: Figures are for European holdings holds",,,10-20
farms.faostat-wcad.holdings-by-land-size,ZWE,1960,169.0,,,,final,"WCA 1960 round, census 1960. FAO flag A: Official figure.",,,10-20
farms.faostat-wcad.holdings-by-land-size,ZWE,1950,165.0,,,,final,"WCA 1950 round, census 1950. FAO flag I: Value imputed by a receiving agency. FAO's note: Figures are for European holdings holds",,,20-50
farms.faostat-wcad.holdings-by-land-size,ZWE,1960,445.0,,,,final,"WCA 1960 round, census 1960. FAO flag A: Official figure.",,,20-50
farms.faostat-wcad.holdings-by-land-size,ZWE,1950,239.0,,,,final,"WCA 1950 round, census 1950. FAO flag I: Value imputed by a receiving agency. FAO's note: Figures are for European holdings holds",,,50-100
farms.faostat-wcad.holdings-by-land-size,ZWE,1960,454.0,,,,final,"WCA 1960 round, census 1960. FAO flag A: Official figure.",,,50-100
farms.faostat-wcad.holdings-by-land-size,ZWE,1950,172.0,,,,final,"WCA 1950 round, census 1950. FAO flag I: Value imputed by a receiving agency. FAO's note: Figures are for European holdings holds",,,100-200
farms.faostat-wcad.holdings-by-land-size,ZWE,1960,462.0,,,,final,"WCA 1960 round, census 1960. FAO flag A: Official figure.",,,100-200
farms.faostat-wcad.holdings-by-land-size,ZWE,1950,590.0,,,,final,"WCA 1950 round, census 1950. FAO flag I: Value imputed by a receiving agency. FAO's note: Figures are for European holdings holds",,,200-500
farms.faostat-wcad.holdings-by-land-size,ZWE,1960,992.0,,,,final,"WCA 1960 round, census 1960. FAO flag A: Official figure.",,,200-500
farms.faostat-wcad.holdings-by-land-size,ZWE,1950,985.0,,,,final,"WCA 1950 round, census 1950. FAO flag I: Value imputed by a receiving agency. FAO's note: Figures are for European holdings holds",,,500-1000
farms.faostat-wcad.holdings-by-land-size,ZWE,1960,1419.0,,,,final,"WCA 1960 round, census 1960. FAO flag A: Official figure.",,,500-1000
farms.faostat-wcad.holdings-by-land-size,ZWE,1950,2712.0,,,,final,"WCA 1950 round, census 1950. FAO flag I: Value imputed by a receiving agency. FAO's note: Figures are for European holdings holds",,,1000-plus
farms.faostat-wcad.holdings-by-land-size,ZWE,1960,3123.0,,,,final,"WCA 1960 round, census 1960. FAO flag A: Official figure.",,,1000-plus
