# Number of farms, by country and census
# Indicator: farms.faostat-wcad.holdings (vintage 2026-04-27); unit: agricultural holdings (holdings)
# Source: Food and Agriculture Organization of the United Nations (FAO), Statistics Division <https://www.fao.org/faostat/en/#data/WCAD>
# Credit: FAO. 2026. FAOSTAT. Accessed on 8 October 2026. https://www.fao.org/faostat/en/#data Licence: CC-BY-4.0.
# Licence: CC BY 4.0 (FAO Statistical Database Terms of Use) <https://creativecommons.org/licenses/by/4.0/>
# Provenance and processing: https://environmentdashboard.org/data/farms/faostat-wcad/holdings
indicator_id,entity,period,value,lower,upper,interval,status,note,missing_reason,age_bp
farms.faostat-wcad.holdings,AFG,2002/2003,3044670.0,,,,final,"WCA 2000 round, census 2002/03. FAO flag A: Official figure. FAO's note: The enumeration unit was the Livestock Household",,
farms.faostat-wcad.holdings,AGO,1964/1965,1067230.0,,,,final,"WCA 1960 round, census 1964/65. FAO flag A: Official figure. FAO's note: Small holdings of the traditional sector of agriculture, and commercial modern farms with usually large area were excluded.",,
farms.faostat-wcad.holdings,AGO,2019/2020,2370738.0,,,,final,"WCA 2020 round, census 2019/20. FAO flag A: Official figure. FAO's note: The census covered agricultural activities (crop and livestock production), fisheries and aquaculture.",,
farms.faostat-wcad.holdings,ALB,1995,444300.0,,,,final,"WCA 1990 round, census 1995. FAO flag A: Official figure. FAO's note: Farms controlling agricultural land, whether or not crops were planted on this land during 1995. Farms reporting livestock only, and growers of specialty crops (e.g. greenhouses operators) were not included.",,
farms.faostat-wcad.holdings,ALB,1998,466809.0,,,,final,"WCA 2000 round, census 1998. FAO flag A: Official figure. FAO's note: Techno-economic units involved in agricultural, livestock or forestry production, regadless to size of holding, under single management exercised by one or more physical persons or by a juridical person. Holdings totally abandoned, livestock or fruit-trees located around private buildings in the cities, holdings not using their land for agricultural, livestock or forestry purposes, were excluded from the census.",,
farms.faostat-wcad.holdings,ALB,2012,321492.0,,,,final,"WCA 2010 round, census 2012. FAO flag A: Official figure. FAO's note: The agricultural holdings with farming area used as kitchen gardens smaller than 200 m2; units made up only of forests, ornamental parks or gardens, land not used for agricultural purposes, or abanoned land; and poultry hatcheries, if operated without further breeding, were not covered.",,
farms.faostat-wcad.holdings,ARG,1960,471756.0,,,,final,"WCA 1960 round, census 1960. FAO flag A: Official figure.",,
farms.faostat-wcad.holdings,ARG,1988,378357.0,,,,final,"WCA 1990 round, census 1988. FAO flag A: Official figure.",,
farms.faostat-wcad.holdings,ARG,2002,295485.0,,,,final,"WCA 2000 round, census 2002. FAO flag A: Official figure. FAO's note: Agricultural holdings with total area less than 500 m2 (0.05 ha) were excluded.",,
farms.faostat-wcad.holdings,ARG,2018,249663.0,,,,final,"WCA 2020 round, census 2018. FAO flag A: Official figure. FAO's note: Agricultural holdings with total area less than 500 m2 (0.05 ha) were excluded.",,
farms.faostat-wcad.holdings,ARM,2014,361064.0,,,,final,"WCA 2010 round, census 2014. FAO flag A: Official figure.",,
farms.faostat-wcad.holdings,ASM,1930,815.0,,,,final,"WCA 1930 round, census 1930. FAO flag A: Official figure.",,
farms.faostat-wcad.holdings,ASM,1950,1490.0,,,,final,"WCA 1950 round, census 1950. FAO flag A: Official figure. FAO's note: In the 1950 Agricultural Census a farm is defined as any place on which crops were harvested in 1959, or on which any livestock or five or more poultry were kept on or about April 1, 1960.",,
farms.faostat-wcad.holdings,ASM,1960,2135.0,,,,final,"WCA 1960 round, census 1960. FAO flag A: Official figure. FAO's note: In the 1960 Agricultural Census a farm is defined as any place on which crops were harvested in 1959, or on which any livestock or five or more poultry were kept on or about April 1, 1960.",,
farms.faostat-wcad.holdings,ASM,1970,1923.0,,,,final,"WCA 1970 round, census 1970. FAO flag A: Official figure. FAO's note: In the 1970 Agricultural Census a farm is defined as any 'place' on which crops were raised or harvested in 1969, or if there was a combined total of 10 or more fruit or nut trees, or plants or any livestock or 5 or more poultry were kept on enumeration day.",,
farms.faostat-wcad.holdings,ASM,1980,1331.0,,,,final,"WCA 1980 round, census 1980. FAO flag A: Official figure. FAO's note: For the 1980 Census of Agriculture in American Samoa, a farm was defined as any place that has 15 or more poultry (chickens, ducks, guineas, etc.); 5 or more livestock (cattle, hogs, goats, etc.); a combined total of 10 or more fruit or nut trees or plants; or any place of 100 or more square meters on which root or field crops or vegetables were harvested for sale during 1979.",,
farms.faostat-wcad.holdings,ASM,1990,384.0,,,,final,"WCA 1990 round, census 1990. FAO flag A: Official figure. FAO's note: The farm definition in the 1990 Agricultural Census required a annual sales equal or above USD 100",,
farms.faostat-wcad.holdings,ASM,2003,7094.0,,,,final,"WCA 2000 round, census 2003. FAO flag A: Official figure. FAO's note: The farm definition in 2003 Agricultural Census was any place that raised or produced any agricultural products for sale or home consumption.",,
farms.faostat-wcad.holdings,ASM,2008,5840.0,,,,final,"WCA 2010 round, census 2008. FAO flag A: Official figure. FAO's note: The farm definition in 2012 Agricultural Census was any place that raised or produced any agricultural products for sale or home consumption.",,
farms.faostat-wcad.holdings,ASM,2018,6329.0,,,,final,"WCA 2020 round, census 2018. FAO flag A: Official figure. FAO's note: The farm definition in 2017/2018 Agricultural Census was any place that raised or produced any agricultural products for sale or home consumption.",,
farms.faostat-wcad.holdings,ASM,2023,7157.0,,,,final,"WCA 2020 round, census 2023. FAO flag A: Official figure. FAO's note: The farm definition in 2023 Agricultural Census was any place that raised or produced any agricultural products for sale or home consumption.",,
farms.faostat-wcad.holdings,ATG,1961,5747.0,,,,final,"WCA 1960 round, census 1961. FAO flag A: Official figure. FAO's note: The following thersholds were used: 12 bearing fruit trees, banana plants, or plantain plants; or 0.05 ha of vegetables, food and cash crops.",,
farms.faostat-wcad.holdings,ATG,1984,4654.0,,,,final,"WCA 1980 round, census 1984. FAO flag A: Official figure.",,
farms.faostat-wcad.holdings,AUS,1929/1930,254000.0,,,,final,"WCA 1930 round, census 1929/30. FAO flag A: Official figure.",,
farms.faostat-wcad.holdings,AUS,1950,245267.0,,,,final,"WCA 1950 round, census 1950. FAO flag A: Official figure.",,
farms.faostat-wcad.holdings,AUS,1960,252243.0,,,,final,"WCA 1960 round, census 1960. FAO flag A: Official figure.",,
farms.faostat-wcad.holdings,AUS,1970/1971,249485.0,,,,final,"WCA 1970 round, census 1970/71. FAO flag A: Official figure.",,
farms.faostat-wcad.holdings,AUS,1981,175756.0,,,,final,"WCA 1980 round, census 1981. FAO flag A: Official figure.",,
farms.faostat-wcad.holdings,AUS,1989/1990,129540.0,,,,final,"WCA 1990 round, census 1989/90. FAO flag A: Official figure. FAO's note: The frame population of the 1990 Agricultural Census is all establishments with an Estimated Value of Agricultural Operations (EVAO) of AUD 20,000 or greater",,
farms.faostat-wcad.holdings,AUS,2000/2001,140516.0,,,,final,"WCA 2000 round, census 2000/01. FAO flag A: Official figure. FAO's note: The frame population of the 2001 Agricultural Census is all establishments with an Estimated Value of Agricultural Operations (EVAO) of AUD 5,000 or greater",,
farms.faostat-wcad.holdings,AUS,2010/2011,135654.0,,,,final,"WCA 2010 round, census 2010/11. FAO flag A: Official figure. FAO's note: The frame population of the 2010-11 Agricultural Census is all establishments with an Estimated Value of Agricultural Operations (EVAO) of AUD 5,000 or greater",,
farms.faostat-wcad.holdings,AUS,2015/2016,85681.0,,,,final,"WCA 2020 round, census 2015/16. FAO flag A: Official figure. FAO's note: The frame population of the 2010-11 Agricultural Census is all establishments with an Estimated Value of Agricultural Operations (EVAO) of AUD 40,000 or greater",,
farms.faostat-wcad.holdings,AUS,2020/2021,87402.0,,,,final,"WCA 2020 round, census 2020/21. FAO flag A: Official figure.",,
farms.faostat-wcad.holdings,AUT,1930,433360.0,,,,final,"WCA 1930 round, census 1930. FAO flag A: Official figure. FAO's note: Agricultural holdings using their land for agricultural or forestry activities. Landless holdings devoted to rear cattle, pigs, poultry or bees with total annual gross yield at least 1 000 schillings were covered. Holdings with total land of less than 5 acres, utilised mainly for family requirements, were excluded fom the census.",,
farms.faostat-wcad.holdings,AUT,1951,432848.0,,,,final,"WCA 1950 round, census 1951. FAO flag A: Official figure. FAO's note: Agricultural holdings with at least 0.5 ha of total area for agricultural and forestry production, except for holdings with fruit-growing, vine-growing, and horticultural cultivation for sale, with no threshold",,
farms.faostat-wcad.holdings,AUT,1960,396530.0,,,,final,"WCA 1960 round, census 1960. FAO flag A: Official figure. FAO's note: Agricultural holdings with at least 0.5 ha of total area for agricultural and forestry production, except for holdings with fruit-growing, vine-growing, and horticultural cultivation for sale, with no threshold",,
farms.faostat-wcad.holdings,AUT,1970,362216.0,,,,final,"WCA 1970 round, census 1970. FAO flag A: Official figure. FAO's note: Agricultural holdings with at least 0.5 ha of land area, 0.25 ha under fruit or vineyards, or 0.1 ha under berries or any area under commercial gardens.",,
farms.faostat-wcad.holdings,AUT,1980,302579.0,,,,final,"WCA 1980 round, census 1980. FAO flag A: Official figure. FAO's note: Agricultural holdings with 1 ha of cultivated area wholly or partly used for agriculture or forestry. All holdings with less than 1 ha but that met at least one of the following thresholds: 0.25 ha of vineyards, intensive fruit-growing plants, or hop or tobacco cultivation areas; 0.1 ha under horticultural and nurseries; one horse, one cattle, three pigs, five sheep/goats, or 50 poultry; or 20 bee-colonies. Holdings with less than 1 ha but with a market-oriented fishery production or mushroom cultivation establishments with a market-oriented production were also covered.",,
farms.faostat-wcad.holdings,AUT,1990,273210.0,,,,final,"WCA 1990 round, census 1990. FAO flag A: Official figure. FAO's note: Agricultural holdings with 1 ha of cultivated area wholly or partly used for agriculture or forestry. All holdings with less than 1 ha but that met at least one of the following thresholds: 0.25 ha of vineyards; 0.25 ha of commercial fruit-bearing plants; 0.1 ha under horticultural cultivation or having greenhouse; one cattle, three pigs, five sheep/goats, or 50 poultry; or 20 bee-colonies. Holdings with less than 1 ha but with a market-oriented fishery production or mushroom cultivation establishments with a market-oriented production were also covered.",,
farms.faostat-wcad.holdings,AUT,1999/2000,199470.0,,,,final,"WCA 2000 round, census 1999/00. FAO flag A: Official figure. FAO's note: Agricultural holdings that met at least one of the following thresholds: 1 ha of utilized agricultural area (UAA); operators of commercial vineyards of at least 25 ares; 15 ares (0.15 ha) of intensively utilized fruit orchards, or 10 ares (0.1ha) under berries, strawberries, vegetables, hops, flowers and ornamental plants, or under vine or tree nurseries; or holdings with at least three head of cattle, five pigs, ten sheep, ten goats or 100 head of poultry of any type. The AC also included forestry holdings with at least 3 ha of woodland and holdings producing cultivated mushrooms for the market.",,
farms.faostat-wcad.holdings,AUT,2010,150170.0,,,,final,"WCA 2010 round, census 2010. FAO flag A: Official figure. FAO's note: Agricultural holdings that met at least one of the following thresholds: 1 ha of utilized agricultural area (UAA); wine-growing holdings with at least 25 ares under market vines; 15 ares (0.15 ha) of intensively utilized fruit orchards, or 10 ares (0.1ha) under berries, strawberries, vegetables, hops, flowers or decorative plants, or under vine or forest, or nurseries; holdings that operate greenhouses (high/low glass or foil) covering at least one are (0.01 ha), the majority of the produce being grown for the market; or livestock holdings with at least three head of cattle, five pigs, ten sheep, ten goats or 100 head of poultry of any type. The AC also included forestry holdings with at least 3 ha of wooded area.",,
farms.faostat-wcad.holdings,AUT,2020,110780.0,,,,final,"WCA 2020 round, census 2020. FAO flag A: Official figure. FAO's note: The census considered the following thresholds for agricultural holdings: three ha of UAA or permanent pastures; 1.5 ha of arable land; 0.5 ha of potatoes (including seed potatoes); 0.1 ha of fresh vegetables (including melons) and strawberries, aromatic, medicinal and culinary plants - outdoor, flowers and ornamental plants - outdoor, seeds and seedlings - outdoor, nurseries - outdoor, or vineyards; 0.3 ha of fruits, berries and nuts (excluding citrus fruits, grapes and strawberries) - outdoor and other permanent crops including other permanent crops for human consumption - outdoor; 0.01 ha of UAA under glass or high accessible cover, or cultivated mushrooms; three ha of forest land; or 1.7 livestock units.",,
farms.faostat-wcad.holdings,AZE,2004/2005,1287385.0,,,,final,"WCA 2000 round, census 2004/05. FAO flag A: Official figure. FAO's note: The census covered the whole country except occupied lands.",,
farms.faostat-wcad.holdings,AZE,2015,1352121.0,,,,final,"WCA 2010 round, census 2015. FAO flag A: Official figure. FAO's note: The census covered the whole country except occupied lands.",,
farms.faostat-wcad.holdings,BEL,1929,292000.0,,,,final,"WCA 1930 round, census 1929. FAO flag A: Official figure. FAO's note: Land used for growing flowers or ornamental trees and shrubs not intended for the market, lawns included or not included, were not covered by the census",,
farms.faostat-wcad.holdings,BEL,1950,990913.0,,,,final,"WCA 1950 round, census 1950. FAO flag A: Official figure. FAO's note: The AC covered holdings with an area of at least 0.01 ha devoted to the cultivation of crops or kept at least one livestock.",,
farms.faostat-wcad.holdings,BEL,1959,269069.0,,,,final,"WCA 1960 round, census 1959. FAO flag A: Official figure. FAO's note: The AC covered holdings with an area of at least 0.01 ha devoted to the cultivation of crops (both in open or under glass), grassland, orchads, or osiers; kept at least one horse for agricultural purposes, one head of cattle, one sow or boar for breeding, three pigs for fattening, three sheep, three goats, 20 head of poultry, 20 rabbits, or two beehives.",,
farms.faostat-wcad.holdings,BEL,1970,184005.0,,,,final,"WCA 1970 round, census 1970. FAO flag A: Official figure. FAO's note: Institutional holdings and other units even not producing for sale with agricultural area of at least 0.01 ha or having animals.",,
farms.faostat-wcad.holdings,BEL,1979,119277.0,,,,final,"WCA 1980 round, census 1979. FAO flag A: Official figure. FAO's note: Institutional holdings and other units even not producing for sale with agricultural area of at least 0.01 ha or having animals.",,
farms.faostat-wcad.holdings,BEL,1990,87180.0,,,,final,"WCA 1990 round, census 1990. FAO flag A: Official figure. FAO's note: The AC covered holdings having an output consisting of agricultural, horticultural or livestock product",,
farms.faostat-wcad.holdings,BEL,1999/2000,61710.0,,,,final,"WCA 2000 round, census 1999/00. FAO flag A: Official figure. FAO's note: The AC covered holdings that produced for the purpose of selling animal or vegetable products. However, all holdings which operated at least one ha of land or had animals were included, even if they did not produce for selling.",,
farms.faostat-wcad.holdings,BEL,2010,42850.0,,,,final,"WCA 2010 round, census 2010. FAO flag A: Official figure. FAO's note: The AC covered the holdings that: produce agricultural products for sale, without any minimum size limits; operate at least one are (0.01 ha); or keep animals, whether or not they produce goods for sale.",,
farms.faostat-wcad.holdings,BEL,2020,36000.0,,,,final,"WCA 2020 round, census 2020. FAO flag A: Official figure. FAO's note: The following thresholds for agricultural holdings were applied in the census: two ha of UAA; 0.5 ha of horticultural crops, potatoes, or fresh vegetables (including melons) and strawberries - outdoor; 0.2 ha of aromatic, medicinal and culinary plants, flowers and ornamental plants, seeds and seedlings, nurseries; 0.3 ha of fruits, berries, nuts, citrus fruits, other permanent crops including other permanent crops for human consumption; 0.01 ha of cultivated mushrooms or greenhouses; or 1.5 livestock units.",,
farms.faostat-wcad.holdings,BEN,1992,408020.0,,,,final,"WCA 1990 round, census 1992. FAO flag A: Official figure. FAO's note: The AC covered the traditional Sector holdings only, (Modern Sector having been excluded), and all territories with agriculture as main activity; consequently, excluded from the surveywere: (a) the towns of Cotonou, Porto-Novo, Bohicon, Abomey and Parakou; (b) the urban districts of Ouidah and Grand-Popo; (c) the Lake Territories in the sub-prefectures of So-Ava, Grand-Popo and Aguegues.",,
farms.faostat-wcad.holdings,BEN,2018/2021,913415.0,,,,final,"WCA 2020 round, census 2018-2021. FAO flag A: Official figure. FAO's note: The census scope covered agriculture (crop and livestock production), fisheries, aquaculture, forestry and processing and trading of agricultural product activities. Includes 3 842 holdings that are formally registered.",,
farms.faostat-wcad.holdings,BFA,1993,886638.0,,,,final,"WCA 1990 round, census 1993. FAO flag A: Official figure. FAO's note: The AC covered agricultural households of the traditional sector practising agriculture, livestock keeping, or a combination of the two. Nomadic livestock holdings were excludedfrom the survey as well as agricultural activities carried out by experimental farms and in peri-urban areas.",,
farms.faostat-wcad.holdings,BFA,2006/2010,1330015.0,,,,final,"WCA 2010 round, census 2006-2010. FAO flag A: Official figure. FAO's note: The CA covered agricultural holdings both in the household and the non-household sector. It also covered fishing and aquaculture holdings",,
farms.faostat-wcad.holdings,BGD,1960,6464400.0,,,,final,"WCA 1960 round, census 1960. FAO flag A: Official figure.",,
farms.faostat-wcad.holdings,BGD,1977,6852558.0,,,,final,"WCA 1980 round, census 1977. FAO flag A: Official figure. FAO's note: Agricultural holdings in the household sector.",,
farms.faostat-wcad.holdings,BGD,1996,17828187.0,,,,final,"WCA 1990 round, census 1996. FAO flag A: Official figure. FAO's note: The census covered all rural households operating a net cultivated area not Iess than 0.05 acres, with the exclusion of municipal and metropolitan areas, as well as of institutional holdings.",,
farms.faostat-wcad.holdings,BGD,2005,28191544.0,,,,final,"WCA 2000 round, census 2005. FAO flag A: Official figure. FAO's note: Agricultural holdings in the household sector.",,
farms.faostat-wcad.holdings,BGD,2008,15183183.0,,,,final,"WCA 2010 round, census 2008. FAO flag A: Official figure. FAO's note: Agricultural holdings in the household sector with more than 0.05 acres of land.",,
farms.faostat-wcad.holdings,BGD,2019,16881757.0,,,,final,"WCA 2020 round, census 2019. FAO flag A: Official figure. FAO's note: The AC 2019 covered all households of the country. Among the households which were cultivating at least 0.05 acres land were defined as agriculture households.",,
farms.faostat-wcad.holdings,BGR,2010,370490.0,,,,final,"WCA 2010 round, census 2010. FAO flag A: Official figure. FAO's note: The AC covered agricultural holdings holdings that met at least one of the following thresholds : 0.5 ha of UAA; 0.3 ha of arable land; 0.5 ha of natural meadows; 0.1 ha of orchard (compact plantation), vineyard, vegetables, hops, tobacco, spices, medical and essential oil crops, flowers, ornamental plants; 0.05 ha of greenhouses; 1 cow/ buffalo-cow; 2 cattle/ buffaloes; 1 female for reproduction (equidae); 2 working animals (equidae); 5 pigs; 1 breeding-sow; 5 breeding-ewes; 2 breeding she-goats; 50 laying hens; 100 chicken for fattening; 1 reproductive male animal used for natural mating - bull, stud, boar, etc.",,
farms.faostat-wcad.holdings,BGR,2020,132740.0,,,,final,"WCA 2020 round, census 2020. FAO flag A: Official figure. FAO's note: The following national thresholds for agricultural holdings were applied in the census: 0.5 ha of UAA; 0.5 ha of permanently grassland; 0.1 ha of potatoes (including seed potatoes), vineyards, fresh vegetables (including melons) and strawberries, pome fruits, stone fruits, fruits from subtropical and tropical climate zones, berries (excluding strawberries), nuts, grapes, other permanent crops including for human consumption, tobacco, hops, flowers and ornamental plants (excluding nurseries), seeds and seedlings, nurseries, or aromatic, medicinal and culinary plants, all outdoor; 0.3 ha of outdoor pome fruits, stone fruits, fruits from subtropical and tropical climate zones, berries (excluding strawberries), nuts -, and other permanent crops including for human consumption, or arable land; 0.2 ha total outdoor of aromatic, medicinal and culinary plants, flowers and ornamental plants (excluding nurseries), seeds and seedlings, and nurseries; 0.01 ha of greenhouse, or cultivated mushrooms; or one cow, breeding sow live weight 50 kg or over, male bovine 2 years old or over, ostrich, other livestock, deer, or fur animal; two head of bovine less than 1 year old, male bovine and heifers 1 to less than 2 years old, and male bovine and heifers 2 years old and over, live horses, asses, mules and hinnies, or goats breeding females; five head of piglets live weight under 20 kg and other pigs, or sheep breeding females; ten bees (hives) or rabbits of domestic species breeding females; 30 turkeys, ducks, geese, guinea fowls, pheasants, pigeons, and other poultry; 50 laying hens; 100 broilers; 400 quails; or 1.7 livestock units.",,
farms.faostat-wcad.holdings,BHR,1973/1974,855.0,,,,final,"WCA 1970 round, census 1973/74. FAO flag A: Official figure.",,
farms.faostat-wcad.holdings,BHR,1980,806.0,,,,final,"WCA 1980 round, census 1980. FAO flag A: Official figure.",,
farms.faostat-wcad.holdings,BHS,1978,4246.0,,,,final,"WCA 1980 round, census 1978. FAO flag A: Official figure.",,
farms.faostat-wcad.holdings,BHS,1994,1760.0,,,,final,"WCA 1990 round, census 1994. FAO flag A: Official figure. FAO's note: The agricultural holdings must satisfy one or more thersholds: 1/4 acre (aproximately 0.1 ha) of any crop; 2 head of cattle, 5 head of goats/sheep, 3 sows or 3 mature pigs (of which 2 sows), or 50 poultry; 20 fruit trees of productive age.",,
farms.faostat-wcad.holdings,BLR,2019,2267886.0,,,,final,"WCA 2020 round, census 2019. FAO flag A: Official figure.",,
farms.faostat-wcad.holdings,BLZ,1973/1974,10004.0,,,,final,"WCA 1970 round, census 1973/74. FAO flag A: Official figure.",,
farms.faostat-wcad.holdings,BLZ,1984/1985,11011.0,,,,final,"WCA 1980 round, census 1984/85. FAO flag A: Official figure.",,
farms.faostat-wcad.holdings,BOL,2013,871927.0,,,,final,"WCA 2010 round, census 2013. FAO flag A: Official figure.",,
farms.faostat-wcad.holdings,BRA,1960,3337769.0,,,,final,"WCA 1960 round, census 1960. FAO flag A: Official figure.",,
farms.faostat-wcad.holdings,BRA,1970,4924019.0,,,,final,"WCA 1970 round, census 1970. FAO flag A: Official figure.",,
farms.faostat-wcad.holdings,BRA,1985,5159851.0,,,,final,"WCA 1980 round, census 1985. FAO flag A: Official figure.",,
farms.faostat-wcad.holdings,BRA,1986,5834779.0,,,,final,"WCA 1990 round, census 1986. FAO flag A: Official figure.",,
farms.faostat-wcad.holdings,BRA,1996,4859865.0,,,,final,"WCA 2000 round, census 1996. FAO flag A: Official figure.",,
farms.faostat-wcad.holdings,BRA,2006,5175636.0,,,,final,"WCA 2010 round, census 2006. FAO flag A: Official figure.",,
farms.faostat-wcad.holdings,BRA,2017,5073324.0,,,,final,"WCA 2020 round, census 2017. FAO flag A: Official figure. FAO's note: Household gardens and leisure farms were not considered census units",,
farms.faostat-wcad.holdings,BRB,1929/1930,5000.0,,,,final,"WCA 1930 round, census 1929/30. FAO flag A: Official figure.",,
farms.faostat-wcad.holdings,BRB,1961,27912.0,,,,final,"WCA 1960 round, census 1961. FAO flag A: Official figure. FAO's note: Agricultural holdings with at any one of the following thresholds: one head of cattle; two head of pigs, sheep, goats (or one head of any two); 12 head of poultry; ten bearing fruit trees, bananas or plantains; 0.05 ha of vegetables, food or cash crops.",,
farms.faostat-wcad.holdings,BRB,1989,17178.0,,,,final,"WCA 1990 round, census 1989. FAO flag A: Official figure. FAO's note: Agricultural holdings with at any one of the following thresholds: one head of cattle; two head of pigs, sheep, goats (or one head of any two); 12 head of poultry; ten crop trees of productive age; 0.05 ha of land under sugar cane, cotton, vegetables, food or cash crops, tree crops, or fodder grasses; 0.05 ha (or 100 potted) of ornamental plants and/or flowers produced mainly for sale; an agricultural production of a minimum value of US$ 1000 in the past 12 months; ten rabbits; one beehive; a plant or grass nursery.",,
farms.faostat-wcad.holdings,BRN,1964,6306.0,,,,final,"WCA 1960 round, census 1964. FAO flag A: Official figure.",,
farms.faostat-wcad.holdings,BTN,2019,66587.0,,,,final,"WCA 2020 round, census 2019. FAO flag A: Official figure. FAO's note: The census scope covered agricultural activities (crop and livestock production) and forestry activitiesThe RNR Census 2019 covered the agricultural holdings in the rural and semi-urban areas1 of the country. The units engaged in agricultural activities in towns, schools and military barracks were excluded from the census.",,
farms.faostat-wcad.holdings,BWA,1968/1969,48014.0,,,,final,"WCA 1970 round, census 1968/69. FAO flag A: Official figure.",,
farms.faostat-wcad.holdings,BWA,1982,84660.0,,,,final,"WCA 1980 round, census 1982. FAO flag A: Official figure.",,
farms.faostat-wcad.holdings,BWA,1993,101434.0,,,,final,"WCA 1990 round, census 1993. FAO flag A: Official figure. FAO's note: Excluding Commercial Sector.",,
farms.faostat-wcad.holdings,BWA,2004,51264.0,,,,final,"WCA 2000 round, census 2004. FAO flag A: Official figure.",,
farms.faostat-wcad.holdings,BWA,2015,63246.0,,,,final,"WCA 2010 round, census 2015. FAO flag A: Official figure.",,
farms.faostat-wcad.holdings,CAF,1960/1961,231500.0,,,,final,"WCA 1960 round, census 1960/61. FAO flag A: Official figure. FAO's note: Census did not include areas with a population of approximately 60 000 (of an estimated total of 1 014 000). Land in permanent meadows and pastures, wood or forest land, and all other land were excluded from the total area of holdings.",,
farms.faostat-wcad.holdings,CAF,1973/1974,283450.0,,,,final,"WCA 1970 round, census 1973/74. FAO flag A: Official figure. FAO's note: The AC covered only the traditional sector. The prefectures of Bamingui-Bangoran, Vakaga, Haut-Mbomou were excluded.",,
farms.faostat-wcad.holdings,CAF,1985,306232.0,,,,final,"WCA 1980 round, census 1985. FAO flag A: Official figure. FAO's note: Agricultural holdings in the traditional sector, i.e., with five or less ha of land. The areas of Yem-Yelowa, Koui, Ourou-Djafou, Ehou and the urban commune of Bangui were excluded.",,
farms.faostat-wcad.holdings,CAN,1931,728623.0,,,,final,"WCA 1930 round, census 1931. FAO flag A: Official figure. FAO's note: The 1931 and 1941 censuses defined a census farm as a holding of 1 acre or more that produced, in the year prior to the census, agricultural products valued at $50 or more, or that was under crops of any kind or used for pasturing in the census year.",,
farms.faostat-wcad.holdings,CAN,1951,623091.0,,,,final,"WCA 1950 round, census 1951. FAO flag A: Official figure. FAO's note: For the 1951 and 1956 censuses, a census farm was defined as a holding on which agricultural operations were carried out and that was (a) 3 acres or more in size, or (b) from 1 to 3 acres in size, with agricultural production in the year prior to the cens",,
farms.faostat-wcad.holdings,CAN,1961,480903.0,,,,final,"WCA 1960 round, census 1961. FAO flag A: Official figure. FAO's note: For the 1961, 1966 and 1971 censuses, a census farm was defined as a farm, ranch or other agricultural holding of 1 acre or more with sales of agricultural products of $50 or more during the 12-month period prior to Census Day.",,
farms.faostat-wcad.holdings,CAN,1971,366128.0,,,,final,"WCA 1970 round, census 1971. FAO flag A: Official figure. FAO's note: For the 1961, 1966 and 1971 censuses, a census farm was defined as a farm, ranch or other agricultural holding of 1 acre or more with sales of agricultural products of $50 or more during the 12-month period prior to Census Day.",,
farms.faostat-wcad.holdings,CAN,1981,318361.0,,,,final,"WCA 1980 round, census 1981. FAO flag A: Official figure. FAO's note: For the 1981 and 1986 censuses, a census farm was defined as a farm, ranch or other agricultural holding with sales of agricultural products of $250 or more during the previous 12 months. Agricultural holdings with anticipated sales of $250 or more were also included.",,
farms.faostat-wcad.holdings,CAN,1991,280043.0,,,,final,"WCA 1990 round, census 1991. FAO flag A: Official figure. FAO's note: The 1991 definition of a census farm was an agricultural holding that produced at least one of the following products intended for sale: crops (field crops, tree fruits, berries or grapes, vegetables, and seed), livestock (cattle, pigs, sheep, horses and other livestock), poultry (hens, chickens, turkeys and other poultry), animal products (milk or cream, eggs, wool, and furs), greenhouse or nursery products, mushrooms, sod, honey, and maple syrup products.",,
farms.faostat-wcad.holdings,CAN,2001,246923.0,,,,final,"WCA 2000 round, census 2001. FAO flag A: Official figure. FAO's note: For the 1996 Census, a census farm was an agricultural operation that produced at least one agricultural product intended for sale. The definition was expanded from 1991 to include tree fruits or nuts, game animals, chicks, game birds, meat, commercial poultry hatcheries, and operations that produced only Christmas trees. The 2001 definition of a census farm was expanded from the previous definition to include hay.",,
farms.faostat-wcad.holdings,CAN,2011,205730.0,,,,final,"WCA 2010 round, census 2011. FAO flag A: Official figure. FAO's note: Refers to a farm, ranch or other agricultural operation that produces at least one of the following products intended for sale: crops, livestock, poultry, animal products, greenhouse or nursery products, Christmas trees, mushrooms, sod, honey or bees, and maple syrup products.",,
farms.faostat-wcad.holdings,CAN,2016,193492.0,,,,final,"WCA 2020 round, census 2016. FAO flag A: Official figure. FAO's note: Refers to a farm, ranch or other agricultural operation that produces at least one of the following products intended for sale: crops, livestock, poultry, animal products, greenhouse or nursery products, Christmas trees, mushrooms, sod, honey or bees, and",,
farms.faostat-wcad.holdings,CAN,2021,189874.0,,,,final,"WCA 2020 round, census 2021. FAO flag A: Official figure.",,
farms.faostat-wcad.holdings,CHE,1929,238469.0,,,,final,"WCA 1930 round, census 1929. FAO flag A: Official figure.",,
farms.faostat-wcad.holdings,CHE,1950,229392.0,,,,final,"WCA 1950 round, census 1950. FAO flag A: Official figure. FAO's note: The census covered persons that met the following thresholds: 0.08 ha of cropland; any land under vegetables; one cattle or two pigs, sheep or goats and at least one crop cultivated; 0.25 ha of productive land who cultivated one or more crops.",,
farms.faostat-wcad.holdings,CHE,1969,152859.0,,,,final,"WCA 1970 round, census 1969. FAO flag A: Official figure. FAO's note: The census covered agricultural holdings and horticultural holdings. Agricultural holdings were all those reporting at least one of the following thresholds: 0.25 ha of cultivated land, including wood or forest land; 0.1 ha of land under vineyards, horticultural crops, small fruit, tobacco, medicinal plants and/or medium or small-sized fruit trees in compact plantation; one head of cattle; two head of pigs or sheep or goats; one head of pigs, sheep or goats, together with 15 head of poultry or 15 beehives; or 30 head of poultry or 30 beehives. No thresholds for horticultural holdings. Holdings consisting of ornamental parks or gardens, or raising or keeping horses not being used for agricultural purposes, were excluded.",,
farms.faostat-wcad.holdings,CHE,1980,125274.0,,,,final,"WCA 1980 round, census 1980. FAO flag A: Official figure. FAO's note: Agricultural holdings were all those reporting at least one of the following thresholds: 0.25 ha of cultivated land, including wood or forest land; 0.1 ha of land under vineyards, horticultural crops, tobacco and fruit trees in compact plantation; one head of cattle; two head of pigs or sheep or goats; one head of pigs, sheep or goats, together with 15 head of poultry or 15 beehives; or 30 head of poultry or 30 beehives.",,
farms.faostat-wcad.holdings,CHE,1990,108296.0,,,,final,"WCA 1990 round, census 1990. FAO flag A: Official figure. FAO's note: Agricultural holdings were all those reporting at least one of the following thresholds: 0.25 ha of cultivated land, including wood or forest land; 0.1 ha of special cultivations (i.e. berries, legumes, medicinal plants, vineyards, tobacco, orchards, mushroom cultivations); one head of any horses, ponies, mules or asses and 0.25 ha of cultivated land; one head of cattle; two head of pigs or sheep or goats; one head of pigs, sheep or goats, together with 15 head of poultry or 15 beehives; or 30 head of poultry or 30 beehives, or 100 rabbits. Moreover, those raising, for commercial purposes, fur animals, deer, etc., were considered holders.",,
farms.faostat-wcad.holdings,CHE,2010,59070.0,,,,final,"WCA 2010 round, census 2010. FAO flag A: Official figure. FAO's note: The census covered holdings that met the following thresholds: one ha of UAA; 0.3 ha of permanent crops; 0.1 ha of greenhouses; or eight breeding sows or 80 fattening pigs, or 300 head of poultry of any type.",,
farms.faostat-wcad.holdings,CHL,1929/1930,146244.0,,,,final,"WCA 1930 round, census 1929/30. FAO flag A: Official figure.",,
farms.faostat-wcad.holdings,CHL,1964/1965,258657.0,,,,final,"WCA 1960 round, census 1964/65. FAO flag A: Official figure.",,
farms.faostat-wcad.holdings,CHL,1976,311324.0,,,,final,"WCA 1980 round, census 1976. FAO flag A: Official figure. FAO's note: Figures do not include holdings engaged only in forestry activities",,
farms.faostat-wcad.holdings,CHL,1997,316492.0,,,,final,"WCA 2000 round, census 1997. FAO flag A: Official figure. FAO's note: Agricultural holdings included those engaged in forestry activities, with at least one of the following thresholds: 0.1 ha of permanent pastures, temporary or permanent crops, or wood plantations; 5 ha of wood or forest land; two large animals of two years of age and over, or four large animals under two years of age; ten small livestock; 50 geese, ducks or rabbits; 100 other poultry; or ten beehives.",,
farms.faostat-wcad.holdings,CHL,2006/2007,301269.0,,,,final,"WCA 2010 round, census 2006/07. FAO flag A: Official figure. FAO's note: Agricultural holdings included those engaged in forestry activities, with at least one of the following thresholds: 0.1 ha of temporary or permanent crops; 0.5 ha of meadows used for animal husbandry or forests; two large animals of two years of age and over, or four large animals under two years of age; ten small animals or ostriches or emus; 50 geese, turkeys or rabbits; 100 other poultry; or ten beehives.",,
farms.faostat-wcad.holdings,CHL,2021,138628.0,,,,final,"WCA 2020 round, census 2021. FAO flag A: Official figure. FAO's note: The definition of the statistical unit was different from that in the CAF 2007, which explains the difference in the number of holdings in the two censuses. Includes 130 number of holdings not classified by tenure.",,
farms.faostat-wcad.holdings,CIV,1973/1974,549708.0,,,,final,"WCA 1970 round, census 1973/74. FAO flag A: Official figure. FAO's note: The census covered agricultural activities. Census covered the entire country. Although traditional and modern agricultural holdings were covered by the census, figures correspond to the traditional sector only",,
farms.faostat-wcad.holdings,CIV,2001,1117667.0,,,,final,"WCA 2000 round, census 2001. FAO flag A: Official figure. FAO's note: The census covered agricultural activities. Census covered the entire country. Traditional and modern agricultural holdings were covered by the census",,
farms.faostat-wcad.holdings,CIV,2015/2016,1407451.0,,,,final,"WCA 2010 round, census 2015/16. FAO flag A: Official figure. FAO's note: The census covered agricultural, aquaculture, capture fisheries and forestry activities. Modern holdings were not covered by the census. The census covered rural area, peripheral area of the Autonomous District of Abidjan, and the rest of urban areas.",,
farms.faostat-wcad.holdings,CMR,1972/1973,925895.0,,,,final,"WCA 1970 round, census 1972/73. FAO flag A: Official figure.",,
farms.faostat-wcad.holdings,COD,1971,2537502.0,,,,final,"WCA 1970 round, census 1971. FAO flag A: Official figure.",,
farms.faostat-wcad.holdings,COD,1990,4479600.0,,,,final,"WCA 1990 round, census 1990. FAO flag A: Official figure. FAO's note: Agricultural holdings of the traditional sector from all over the country were included, while holdings belonging to the modern sector were excluded from the census. Households without land and not raising livestock were not considered agricultural holdings.",,
farms.faostat-wcad.holdings,COG,1972/1973,143485.0,,,,final,"WCA 1970 round, census 1972/73. FAO flag A: Official figure. FAO's note: The census covered holdings in the traditional sector engaged in agricultural activities. It covered the entire country excluding the district of Mosaka, Loukolela and Mossendjo.",,
farms.faostat-wcad.holdings,COG,1985/1986,143235.0,,,,final,"WCA 1980 round, census 1985/86. FAO flag A: Official figure. FAO's note: The census covered holdings in the traditional sector engaged in agricultural activities. Only rural sector was covered; urban areas of Brazzaville, Point Noire, Loubomo, N'Kayi and Ouesso were not covered.",,
farms.faostat-wcad.holdings,COG,2014/2015,267610.0,,,,final,"WCA 2010 round, census 2014/15. FAO flag A: Official figure. FAO's note: The GAC covered traditional and modern agricultural holdings engaged in agricultural, aquaculture, capture fisheries and forestry activities. The GAC covered the entire territory of the country except for the two biggest towns; therefore, peri-urban areas were included in the geographic scope of the census",,
farms.faostat-wcad.holdings,COK,1988,2188.0,,,,final,"WCA 1990 round, census 1988. FAO flag A: Official figure. FAO's note: All households and holdings were covered; institutions (hospitals, hotels, prisons, other public services organizations, etc.) were excluded from the census.",,
farms.faostat-wcad.holdings,COK,2000,1721.0,,,,final,"WCA 2000 round, census 2000. FAO flag A: Official figure. FAO's note: The census covered all agriculturally active households and holdings but excluded institutions and agricultural lands operated by the community or government. An agriculturally active households was defined as a household with at least 0.05 ha of land under garden crops or at least 10 coconuts or other crop trees.",,
farms.faostat-wcad.holdings,COK,2011,1275.0,,,,final,"WCA 2010 round, census 2011. FAO flag A: Official figure. FAO's note: The census covered agriculturally active households defined as a household with at least 64 m2 of garden crops or at least 20 fruit trees. Along with the holdings in the household sector, commercial agricultural enterprises were also covered in the CAF.",,
farms.faostat-wcad.holdings,COL,1960,1209672.0,,,,final,"WCA 1960 round, census 1960. FAO flag A: Official figure. FAO's note: The AC covered agricultural holding engaged in agricultural activities. Establishments devoted exclusively to forestry and fishery production were excluded. Department of Chocù and National Territories were not covered by the census.",,
farms.faostat-wcad.holdings,COL,1970/1971,1176811.0,,,,final,"WCA 1970 round, census 1970/71. FAO flag A: Official figure. FAO's note: No minimum threshold regarding land size.",,
farms.faostat-wcad.holdings,COL,1988,1547846.0,,,,final,"WCA 1990 round, census 1988. FAO flag A: Official figure. FAO's note: The First National Agricultural Sample Survey covered agricultural production units engaged in agricultural activities. The census was carried out in 23 departments of the country. Areas considered ofinsignificant agricultural value, areas 100% under woods or forests, and cities or city-suburbs, were excluded from the coverage.",,
farms.faostat-wcad.holdings,COL,2001,2021895.0,,,,final,"WCA 2000 round, census 2001. FAO flag A: Official figure. FAO's note: The scope of the Encuesta Nacional Agropecuaria (ENA) covered agricultural activities. The ENA covered the rural area of the country, administratively consisting of 32 Departments and 1 096 Municipalities. An area of about 50.7 million hectares was covered, with the exclusion of urban and periurban areas and the non-agricultural regions including natural parks, forests, eroded areas and bodies of water.",,
farms.faostat-wcad.holdings,COL,2014,2370099.0,,,,final,"WCA 2010 round, census 2014. FAO flag A: Official figure. FAO's note: The AC covered agricultural production units (UPA) engaged in agricultural, forestry, aquaculture or fisheries activities. The census covered the rural areas of the country (continental and insular), indigenous reservations, black communities and 56 natural parks. Urban areas were not covered.",,
farms.faostat-wcad.holdings,COM,2004,52464.0,,,,final,"WCA 2000 round, census 2004. FAO flag A: Official figure.",,
farms.faostat-wcad.holdings,CPV,1981,25072.0,,,,final,"WCA 1980 round, census 1981. FAO flag A: Official figure. FAO's note: The census covered the islands of Santiago, St. Antao, S. Nicolau, Fogo and Brava.",,
farms.faostat-wcad.holdings,CPV,1988,32193.0,,,,final,"WCA 1990 round, census 1988. FAO flag A: Official figure. FAO's note: Households in non agricultural zonas (i.e. urban areas of Praia and Mindelo) were not covered by the AC",,
farms.faostat-wcad.holdings,CPV,2004,44506.0,,,,final,"WCA 2000 round, census 2004. FAO flag A: Official figure. FAO's note: The agricultural holdings in both the household sector and the non-household sector were covered by the CA in rural and urban areas",,
farms.faostat-wcad.holdings,CPV,2015,45539.0,,,,final,"WCA 2010 round, census 2015. FAO flag A: Official figure. FAO's note: The agricultural holdings in both the household sector and the non-household sector were covered by the CA in rural and urban areas",,
farms.faostat-wcad.holdings,CRI,1950,43086.0,,,,final,"WCA 1950 round, census 1950. FAO flag A: Official figure. FAO's note: The census covered agricultural activities. A farm was any extension of land of one block (0.6989 ha) or more.",,
farms.faostat-wcad.holdings,CRI,1963,64621.0,,,,final,"WCA 1960 round, census 1963. FAO flag A: Official figure. FAO's note: The census covered agricultural activities. A farm was any extension of land of one block (0.6989 ha) or more.",,
farms.faostat-wcad.holdings,CRI,1973,81562.0,,,,final,"WCA 1970 round, census 1973. FAO flag A: Official figure. FAO's note: The census covered agricultural activities and also included forest nurseries. A farm was any extension of land of one block (0.6989 ha) or more.",,
farms.faostat-wcad.holdings,CRI,2014,93017.0,,,,final,"WCA 2010 round, census 2014. FAO flag A: Official figure. FAO's note: The census covered agricultural, aquaculture and forestry activities in the rural and urban area. When publishing data, cases where a given farm had less than 1 000 m2 (0.1 ha) were reflected as 0.0. No thresholds for farms.",,
farms.faostat-wcad.holdings,CYP,1977,44522.0,,,,final,"WCA 1980 round, census 1977. FAO flag A: Official figure. FAO's note: For the landless livestock units, the holding was defined as any unit that met the following thresholds: ten sheep or pigs; five cattle; or 200 poultry. The census covered the government-controlled areas of the Republic of Cyprus.",,
farms.faostat-wcad.holdings,CYP,1994,52089.0,,,,final,"WCA 1990 round, census 1994. FAO flag A: Official figure. FAO's note: For the landless livestock units, the holding was defined as any unit that met the following thresholds: five sheep, goats, or sheep and goats; two cattle or pigs (sows); 50 chickens or pairs of pigeons; ten rabbits; 500 quails; 50 turkeys or ducks; 100 pheasants; 30 beehives; five horses; or ten donkeys. The census covered all agricultural activities including nurseries and greenhouses in the government-controlled areas of the Republic of Cyprus.",,
farms.faostat-wcad.holdings,CYP,2003,45199.0,,,,final,"WCA 2000 round, census 2003. FAO flag A: Official figure. FAO's note: The census covered agricultural holdings that met the following thresholds: 1 decare (0.1. ha) of agricultural land; 0.5 decare (0.05 ha) in greenhouses; one cow; two other large animals; five small animals; 50 poultry; or 20 beehives. The census covered all agricultural activities including nurseries and greenhouses in the government-controlled areas of the Republic of Cyprus.",,
farms.faostat-wcad.holdings,CYP,2010,38860.0,,,,final,"WCA 2010 round, census 2010. FAO flag A: Official figure. FAO's note: The census covered agricultural holdings that met the following thresholds: 1 decare (0.1. ha) of UAA; 0.5 decare (0.05 ha) in greenhouses; one cow; two other large animals; five small animals; 50 poultry; 20 beehives; five ostriches; or ten rabbit-breeding females. The census covered the government-controlled areas of the Republic of Cyprus.",,
farms.faostat-wcad.holdings,CYP,2020,34050.0,,,,final,"WCA 2020 round, census 2020. FAO flag A: Official figure. FAO's note: The census covered agricultural holdings that met the following thresholds: 0.2 ha of UAA; 0.01 ha of UAA under glass or high accessible cover or cultivated mushrooms; 0.1 of vineyards; one cow; two bovine animals excluding cows; five sheep, goats or pigs, or ostrich; 50 poultry; 20 beehives; or ten breeding female rabbits.",,
farms.faostat-wcad.holdings,CZE,2000,56487.0,,,,final,"WCA 2000 round, census 2000. FAO flag A: Official figure. FAO's note: Holdings were enumerated if they crossed the following thresholds: one ha of agricultural land; 0.15 ha of vineyards, horticulture plantations (intensive crops); 0.05 ha of greenhouses or hot-beds; one head of cattle; two pigs; four sheep or goats; 50 poultry; 100 fur-bearing animals; or Aquaculture installations.",,
farms.faostat-wcad.holdings,CZE,2010,22860.0,,,,final,"WCA 2010 round, census 2010. FAO flag A: Official figure. FAO's note: The AC included agricultural holdings that met the following threshold: five ha of UAA; one ha of orchards; 3 500 m2 of vineyards; 2 500 m2 of sum of vegetables, strawberries and flowers; five head of cattle; ten head of pigs or sheep and goats; or 100 head of poultry, including ostriches.",,
farms.faostat-wcad.holdings,CZE,2020,28910.0,,,,final,"WCA 2020 round, census 2020. FAO flag A: Official figure. FAO's note: The census covered agricultural holdings that met the following thresholds: five ha of UAA; two ha of arable land; 0.5 ha of potatoes (including seed potatoes) - outdoor, or fresh vegetables (including melons) and strawberries; 0.3 ha of fruit trees, berries, nut trees, other permanent crops excluding nurseries and vineyards; 0.2 ha of aromatic, medicinal and culinary plants, flowers and ornamental plants, seeds and seedlings, nurseries; 0.1 ha of vineyards; 0.01 of UAA under glass or high accessible cover, or cultivated mushrooms; or 1.7 livestock units.",,
farms.faostat-wcad.holdings,DEU,1933,8453917.0,,,,final,"WCA 1930 round, census 1933. FAO flag A: Official figure.",,
farms.faostat-wcad.holdings,DEU,1949,2052237.0,,,,final,"WCA 1950 round, census 1949. FAO flag A: Official figure. FAO's note: The census covered agricultural holdings with at least 0.5 ha of land use for agricultural, forestry or fishery activities. The census covered the former Federal Republic of Germany except West Berlin",,
farms.faostat-wcad.holdings,DEU,1960,1761777.0,,,,final,"WCA 1960 round, census 1960. FAO flag A: Official figure. FAO's note: The census covered agricultural holdings with at least 0.5 ha of land or forestry and commercial horticultural gardens and vineyards with less than 0.5 ha. The census covered the former Federal Republic of Germany except West Berlin.",,
farms.faostat-wcad.holdings,DEU,1971,1074637.0,,,,final,"WCA 1970 round, census 1971. FAO flag A: Official figure. FAO's note: The census covered agricultural holdings with at least one ha of land or annual agricultural production of at least DM 4 000 (aproximately $ 1 200 in 1971). The census covered the former Federal Republic of Germany. The census covered forestry and fishery activities.",,
farms.faostat-wcad.holdings,DEU,1979,850006.0,,,,final,"WCA 1980 round, census 1979. FAO flag A: Official figure. FAO's note: The census covered agricultural holdings that met the following thresholds: one haof agricultural land; eight head of cattle (irrespective age) or pigs (irrespective weight); 50 sheep; 200 laying hens, slaughtering/fattening cocks and fowls, geese, ducks, or turkeys; 0.3 ha of tillered vineyards, fruit growing, hops, tobacco, tree nursery, or outdoor horticulture; 0.1 ha of outdoor flowers and ornamental plants; or 0.01 ha of cultivation under glass with vegetables, flowers and ornamental plants to be sold. The census covered the former Federal Republic of Germany. The census covered forestry activities.",,
farms.faostat-wcad.holdings,DEU,1995,566900.0,,,,final,"WCA 1990 round, census 1995. FAO flag A: Official figure. FAO's note: The census covered agricultural holdings with a UAA of at least one ha, with natural production units which correspond to the average annual value of the market production of one ha of UAA, or with a wooded area of at least one ha. The census covered holdings whose production was agricultural and forestry products.",,
farms.faostat-wcad.holdings,DEU,1999/2000,471960.0,,,,final,"WCA 2000 round, census 1999/00. FAO flag A: Official figure. FAO's note: The following threshold were applied: two ha of agricultural land; ten ha of wooded area; 0.3 ha of special crops (vineyards/hops/tobacco/tree nurseries/outdoor flowers/market gardening and cultivation under cover/medicinal plants); or a minimum stock of animals (eight bovines or pigs, 20 sheep, 200 laying hens/broilers/geese). The census covered holdings producing agricultural, forestry and fish products.",,
farms.faostat-wcad.holdings,DEU,2010,299130.0,,,,final,"WCA 2010 round, census 2010. FAO flag A: Official figure. FAO's note: The following threshold were applied: five ha of UAA; 0.5 ha of hops or tobacco or of area for fruit-growing, under vines or tree nurseries, or of outdoor vegetable or strawberry cultivation; one ha of permanent outdoor crops; 0.3 ha of outdoor flower or ornamental plant cultivation; 0.1 ha of crops under glass or other accessible protective cover or mushrooms; or ten cattle, 50 pigs, ten breeding sows, 20 sheep, 20 goats, 1 000 poultry. production). Forestry enterprises above the threshold were also covered by the census.",,
farms.faostat-wcad.holdings,DEU,2020,262560.0,,,,final,"WCA 2020 round, census 2020. FAO flag A: Official figure. FAO's note: The census applied the following threshold for agricultural holdings: five ha of UAA; 0.5 ha of hops or tobacco or of area for fruit-growing; under vines or tree nurseries; or of outdoor vegetable or strawberry cultivation; one ha of permanent outdoor crops; 0.3 ha of outdoor flower or ornamental plant cultivation; 0.1 ha of crops under glass or other accessible protective cover or mushrooms; or ten cattle, 50 pigs, tenbreeding sows, 20 sheep, 20 goats, or 1 000 poultry.",,
farms.faostat-wcad.holdings,DJI,1995,1135.0,,,,final,"WCA 1990 round, census 1995. FAO flag A: Official figure. FAO's note: Holdings reporting only nomadic livestock were excluded from this census. The census covered the economic districts of Djibouti, Ali Sabieh, Dikhil and Tadjourah, but in the district of Obock it was not possible to carry out the field work because of migratory movements of the population created by social and political pressures.",,
farms.faostat-wcad.holdings,DMA,1995,9026.0,,,,final,"WCA 1990 round, census 1995. FAO flag A: Official figure.",,
farms.faostat-wcad.holdings,DNK,1929,205971.0,,,,final,"WCA 1930 round, census 1929. FAO flag A: Official figure.",,
farms.faostat-wcad.holdings,DNK,1949,206635.0,,,,final,"WCA 1950 round, census 1949. FAO flag A: Official figure. FAO's note: The census covered holdings in rural parishes and in towns with an agricultural area of at least 0.55 ha. Landless livestock holdings were also covered.",,
farms.faostat-wcad.holdings,DNK,1959,196506.0,,,,final,"WCA 1960 round, census 1959. FAO flag A: Official figure. FAO's note: The census covered holdings in rural parishes and in towns with an agricultural area of at least 0.55 ha. Holdings with less than 0.55 ha or landless provided they kept some livestock, were also covered. Wood and forest land, and all other land were excluded from total area.",,
farms.faostat-wcad.holdings,DNK,1970,140197.0,,,,final,"WCA 1970 round, census 1970. FAO flag A: Official figure. FAO's note: The census covered all agricultural holdings with at least 0.5 ha of agricultural area. Also included were landless livestock holdings.",,
farms.faostat-wcad.holdings,DNK,1979,122722.0,,,,final,"WCA 1980 round, census 1979. FAO flag A: Official figure. FAO's note: The census covered all agricultural and horticultural holdings with at least 0.5 ha of agricultural land in use or a production value corresponding to the production stemming from 0.5 Ha of barley.",,
farms.faostat-wcad.holdings,DNK,1989,81267.0,,,,final,"WCA 1990 round, census 1989. FAO flag A: Official figure. FAO's note: The AC covered holdings reporting at least 5 ha of agricultural area in use or, if less, an agricultural production of at least 3000 ERE (ECU).",,
farms.faostat-wcad.holdings,DNK,1999/2000,57830.0,,,,final,"WCA 2000 round, census 1999/00. FAO flag A: Official figure. FAO's note: The 1999/2000 census covered all farms which have at least 5 ha of agricultural area or attain a specified economic size (Standard Gross Margin at 4 000 euro at 1990 prices).",,
farms.faostat-wcad.holdings,DNK,2010,41360.0,,,,final,"WCA 2010 round, census 2010. FAO flag A: Official figure. FAO's note: The AC 2010 and the SAPM included all holdings that fulfil at least one of the following thresholds: 5 ha of agricultural area; EUR 7 500 of standard output; 0.5 ha of fruits, berries and nursery area; 0.5 ha of vegetables and strawberries; 1 000 m3 of greenhouse and mushrooms; ten cattle; 50 pigs; ten sows; 20 sheep; 20 goats; 1 000 head of poultry; or 40 fur animals.",,
farms.faostat-wcad.holdings,DNK,2020,37090.0,,,,final,"WCA 2020 round, census 2020. FAO flag A: Official figure. FAO's note: The following thresholds for agricultural holdings were applied in the census: five ha of UAA; EUR 7500 of standard output; 0.5 ha of fruits, berries, nuts and nurseries, fresh vegetables (including melons) and strawberries, potatoes, or fresh vegetables (including melons) and strawberries - outdoor; 0.01 ha of greenhouses and mushrooms; two ha of cereals, pulses, root crops, grass and green fodder in rotation, industrial crops, horticultural crops, vegetables and strawberries, ornamental plants, fruits; 0.2 ha of nurseries, ornamental plants and leguminous plants; 0.3 ha of pome fruits, stone fruits, berries, nuts, nurseries and other permanent crops, fruits, berries, or nuts and other permanent crops; ten cattle or sows; 50 pigs; 20 sheep or goats; 1000 head of poultry; 40 fur animals; or 1.7 of livestock units.",,
farms.faostat-wcad.holdings,DOM,1950,276848.0,,,,final,"WCA 1950 round, census 1950. FAO flag A: Official figure. FAO's note: No thresholds were informed in the MR. One or more parcels of land in the same municipal sector were considered as one holding. Non-commercial gardens and small areas having a casual crop, were not considered as holdings.",,
farms.faostat-wcad.holdings,DOM,1960,447098.0,,,,final,"WCA 1960 round, census 1960. FAO flag A: Official figure. FAO's note: No thresholds were used. Each part of holding owned by each landlord included as a separate holding incleased the number of holdings.",,
farms.faostat-wcad.holdings,DOM,1971,304820.0,,,,final,"WCA 1970 round, census 1971. FAO flag A: Official figure. FAO's note: The CA covered agricultural holdings that met at least one of the following thresholds: one 'tarea' (0.06289 ha) of total area; three cattle; six mules, goats of sheep; or 60 chickens.",,
farms.faostat-wcad.holdings,DZA,1973,899545.0,,,,final,"WCA 1970 round, census 1973. FAO flag A: Official figure. FAO's note: Only private holdings were covered. Government, institutional and collective holdings were not included.",,
farms.faostat-wcad.holdings,DZA,2001,1023799.0,,,,final,"WCA 2000 round, census 2001. FAO flag A: Official figure.",,
farms.faostat-wcad.holdings,ECU,1974,519111.0,,,,final,"WCA 1970 round, census 1974. FAO flag A: Official figure. FAO's note: The census covered agricultural holdings that met at least one of the following thresholds: 0.1 ha of land; one cattle of three years of age or more; two cattle of any age; five pigs, sheep or goats; or two horses, mules or asses. Holdings not including any agricultural land but devoted solely to the forestry production or solely to the breeding of poultry, rabbits and bees, were not covered by the census.",,
farms.faostat-wcad.holdings,ECU,1999/2000,842882.0,,,,final,"WCA 2000 round, census 1999/00. FAO flag A: Official figure. FAO's note: The census covered agricultural production unit (UPA) with at least 500 m2. Those less than 500 m2 were considered UPAs only if they produced one or more products for sale during the census year.",,
farms.faostat-wcad.holdings,EGY,1929,1213915.0,,,,final,"WCA 1930 round, census 1929. FAO flag A: Official figure.",,
farms.faostat-wcad.holdings,EGY,1961,1642160.0,,,,final,"WCA 1960 round, census 1961. FAO flag A: Official figure.",,
farms.faostat-wcad.holdings,EGY,1990,3475502.0,,,,final,"WCA 1990 round, census 1990. FAO flag A: Official figure.",,
farms.faostat-wcad.holdings,EGY,1999/2000,4541884.0,,,,final,"WCA 2000 round, census 1999/00. FAO flag A: Official figure.",,
farms.faostat-wcad.holdings,EGY,2009/2010,5404395.0,,,,final,"WCA 2010 round, census 2009/10. FAO flag A: Official figure.",,
farms.faostat-wcad.holdings,ESP,1962,3007626.0,,,,final,"WCA 1960 round, census 1962. FAO flag A: Official figure. FAO's note: The following thresholds for agricultural holdings were applied: any size of total area; two cattle, horses, asses, mules, goats, or pigs; 20 hens, ducks or geese; or two beehives. The census covered forestry activities and establishments providing machinery or other facilities.",,
farms.faostat-wcad.holdings,ESP,1982,2375327.0,,,,final,"WCA 1980 round, census 1982. FAO flag A: Official figure. FAO's note: The following thresholds for agricultural holdings were applied: 0.1 ha of total area; one head of cattle; two horses, asses, mules or pigs; six sheep or goats; 50 poultry; 30 female rabbits; or ten beehives.",,
farms.faostat-wcad.holdings,ESP,1989,2284944.0,,,,final,"WCA 1990 round, census 1989. FAO flag A: Official figure. FAO's note: The following thresholds for agricultural holdings were applied: 0.1 ha of total area; one head of cattle; two horses, asses, mules or pigs; six sheep or goats; 50 poultry; 30 female rabbits; or ten beehives.",,
farms.faostat-wcad.holdings,ESP,1999,1764456.0,,,,final,"WCA 2000 round, census 1999. FAO flag A: Official figure. FAO's note: The following thresholds for agricultural holdings were applied: 0.1 ha of total area; one head of cattle; two horses, asses, mules or pigs; six sheep or goats; 50 poultry; 30 female rabbits; or ten beehives.",,
farms.faostat-wcad.holdings,ESP,2009,989800.0,,,,final,"WCA 2010 round, census 2009. FAO flag A: Official figure. FAO's note: The following thresholds for agricultural holdings were applied: one ha of UAA; 0.2 ha of UAA used for fresh vegetables, melons and strawberries, flowers and ornamental plants (outdoors or under low protective cover), irrigated fruit and berry plantations and citrus plantations, nurseries, or under glass crops; 0.1 ha of UAA used for under-glass fresh vegetables, melons and strawberries, under-glass flowers and ornamental plants; 0.5 ha of UAA used for tobacco, hops or cotton; or one LSU and a total SO equal to or above 0.75 economic size of holdings (ES).",,
farms.faostat-wcad.holdings,ESP,2020,914870.0,,,,final,"WCA 2020 round, census 2020. FAO flag A: Official figure. FAO's note: The following thresholds for agricultural holdings were applied: five ha of UAA; two ha of arable land; 0.5 ha of UAA used for fresh vegetables and strawberries, and potatoes; 0.3 ha of UAA used for fruit trees, berries, nut trees, citrus fruit trees, olive trees, other permanent crops excluding nurseries and vineyards; 0.2 ha of UAA used for aromatic, medicinal and culinary plants, flowers and ornamental plants, seeds and seedlings, nurseries; 0.1 ha of UAA used for vineyards; 100 m2 of UAA use for greenhouses and cultivated mushrooms; or 1.7 livestock units.",,
farms.faostat-wcad.holdings,EST,1929,133357.0,,,,final,"WCA 1930 round, census 1929. FAO flag A: Official figure.",,
farms.faostat-wcad.holdings,EST,2001,83808.0,,,,final,"WCA 2000 round, census 2001. FAO flag A: Official figure. FAO's note: The census covered agricultural holding that met at least one of the following thresholds: one ha of agricultural of forest land; 0.3 ha of fish ponds; or 50 percent of production sold.",,
farms.faostat-wcad.holdings,EST,2010,19610.0,,,,final,"WCA 2010 round, census 2010. FAO flag A: Official figure. FAO's note: The census covered agricultural holding having at least 1 ha of UAA or the agricultural products of which were produced mainly for sale. In case of holdings with less than 1 ha of UAA and no information on the products produced for sale, a physical threshold was used to determine potential holdings producing mainly for sale. The threshold was as follows: three cattle; ten pigs, sheep or goats; ten swarms of bees or 100 head of poultry; 0.5 ha of fruit and berry plantations; 0.3 ha of fresh vegetables; 0.2 ha of nursery; 0.01 ha of outdoor flowers, crops under glass or arable land seeds.",,
farms.faostat-wcad.holdings,EST,2020,11370.0,,,,final,"WCA 2020 round, census 2020. FAO flag A: Official figure. FAO's note: The census applied the following threshold: five ha of UAA; two ha of arable land; 0.5 ha of potatoes or vegetable and strawberries; 0.2 ha of aromatic and medicinal plants and herbs, flowers, seeds, nurseries; 0.3 ha of fruit and berry plantations, or other permanent crops (except nurseries); 100 m2 of greenhouses; or 1.7 of livestock units.",,
farms.faostat-wcad.holdings,ETH,1977,4893300.0,,,,final,"WCA 1980 round, census 1977. FAO flag A: Official figure. FAO's note: The census excluded the autonomous regions of Eritrea, Tigray, Asab, and Western Wello.",,
farms.faostat-wcad.holdings,ETH,1989/1992,6091840.0,,,,final,"WCA 1990 round, census 1989-1992. FAO flag A: Official figure. FAO's note: The census excluded the autonomous regions of Eritrea, Tigray, Asab, and Ogaden, and nomadic areas.",,
farms.faostat-wcad.holdings,ETH,2001/2002,10758597.0,,,,final,"WCA 2000 round, census 2001/02. FAO flag A: Official figure. FAO's note: The census excluded the pastoralist areas of the Afar and Somali Regional States.",,
farms.faostat-wcad.holdings,FIN,1929/1930,287171.0,,,,final,"WCA 1930 round, census 1929/30. FAO flag A: Official figure. FAO's note: The AC excluded farms with less than 0.25 ha of area with no cattle or horses (adult animals).",,
farms.faostat-wcad.holdings,FIN,1950,465655.0,,,,final,"WCA 1950 round, census 1950. FAO flag A: Official figure. FAO's note: The AC coverered holdings with at least two ha of arable land, or less than this extent if used for specialized production such as market gardening, poultry farming, fur farming, bee culture, or on which handicrafts and fishery were exercised for the sale",,
farms.faostat-wcad.holdings,FIN,1959/1960,387962.0,,,,final,"WCA 1960 round, census 1959/60. FAO flag A: Official figure. FAO's note: The census covered agricultural holdings with at least one of the following thresholds: 0.25 ha of arable land plus garden area; 0.50 ha of agricultural land; or 2 ha of communal areas with any livestock or poultry. The census covered forestry.",,
farms.faostat-wcad.holdings,FIN,1969/1970,297257.0,,,,final,"WCA 1970 round, census 1969/70. FAO flag A: Official figure. FAO's note: The census included all holdings with at least one ha of arable land. The census covered forestry.",,
farms.faostat-wcad.holdings,FIN,1980,224721.0,,,,final,"WCA 1980 round, census 1980. FAO flag A: Official figure. FAO's note: The census covered agricultural holdings with at least one ha of arable and horticultural land combined.",,
farms.faostat-wcad.holdings,FIN,1990,199385.0,,,,final,"WCA 1990 round, census 1990. FAO flag A: Official figure. FAO's note: Farms with less than one ha of arable land or less than two ha of forest land were excluded from the census. Fur-, reinder- and forest holdings were covered.",,
farms.faostat-wcad.holdings,FIN,1999/2000,81190.0,,,,final,"WCA 2000 round, census 1999/00. FAO flag A: Official figure. FAO's note: The AC 2010 covered the holdings engaged in commercial agricultural production that have: at least 1 ha of UAA; or a total standard gross margin of one European Size Units.",,
farms.faostat-wcad.holdings,FIN,2010,63870.0,,,,final,"WCA 2010 round, census 2010. FAO flag A: Official figure. FAO's note: The AC 2010 covered the holdings engaged in commercial agricultural production that have: at least 1 ha of utilized arable land; less than 1 ha of arable land used for horticultural production; or at least one animal unit of livestock. Farming for the household's own consumption was not included in the scope of the AC 2010.",,
farms.faostat-wcad.holdings,FIN,2020,45630.0,,,,final,"WCA 2020 round, census 2020. FAO flag A: Official figure. FAO's note: The census covered agricultural holdings with at least EUR 2 000 of standard output.",,
farms.faostat-wcad.holdings,FJI,1968/1969,33521.0,,,,final,"WCA 1970 round, census 1968/69. FAO flag A: Official figure.",,
farms.faostat-wcad.holdings,FJI,1978/1979,66376.0,,,,final,"WCA 1980 round, census 1978/79. FAO flag A: Official figure.",,
farms.faostat-wcad.holdings,FJI,1991,95400.0,,,,final,"WCA 1990 round, census 1991. FAO flag A: Official figure.",,
farms.faostat-wcad.holdings,FJI,2009,65037.0,,,,final,"WCA 2010 round, census 2009. FAO flag A: Official figure.",,
farms.faostat-wcad.holdings,FJI,2020,70991.0,,,,final,"WCA 2020 round, census 2020. FAO flag A: Official figure.",,
farms.faostat-wcad.holdings,FRA,1929,3966000.0,,,,final,"WCA 1930 round, census 1929. FAO flag A: Official figure.",,
farms.faostat-wcad.holdings,FRA,1963,1899170.0,,,,final,"WCA 1960 round, census 1963. FAO flag A: Official figure. FAO's note: The census covered holdings satisfying any one of the following criteria: one ha or more for general agricultural production; or 0.20 ha or more for specialized agriculture, i.e., market garden, kitchen garden, tree or fruit crops, flowers or grapes.",,
farms.faostat-wcad.holdings,FRA,1970/1971,1587643.0,,,,final,"WCA 1970 round, census 1970/71. FAO flag A: Official figure. FAO's note: The census covered holdings satisfying any one of the following criteria: one ha or more of superficie agricole utilisÄe; 0.20 ha or more of land under specialized cultivation (hops, tobacco, vineyards, vegetables, flowers orchards or market gardens); producing a sufficient quantity of agricultural products determined from the amount of livestock and/or cultivated area. Land held within French borders but operated by proprietors situated abroad were excluded.",,
farms.faostat-wcad.holdings,FRA,1980,1262672.0,,,,final,"WCA 1980 round, census 1980. FAO flag A: Official figure. FAO's note: The census covered holdings satisfying any one of the following criteria: one ha or more of superficie agricole utilisÄe; 0.20 ha or more of land under specialized cultivation; producing a sufficient quantity of agricultural products determined from the amount of livestock and/or cultivated area.",,
farms.faostat-wcad.holdings,FRA,1988,1016755.0,,,,final,"WCA 1990 round, census 1988. FAO flag A: Official figure. FAO's note: The census covered agricultural holdings satisfying at the same time the following four conditions: an agricultural output; 1 ha or more of superficie agricole utilisÄe; 0.2 ha of specialized crops, a certain number of livestock, or a certain level of agricultural output; an autonomous management; accurately located in a municipality and identified by the most important building or the most important parcel",,
farms.faostat-wcad.holdings,FRA,1999/2000,663810.0,,,,final,"WCA 2000 round, census 1999/00. FAO flag A: Official figure. FAO's note: The census covered agricultural holdings satisfying at the same time the following three conditions: it produces an agricultural product; it is equal to or above the threshold size (1 ha or more of superficie agricole utilisÄe; or 0.2 ha of specialized crops, or a certain number of livestock, or a certain level of agricultural output); it is subject to independent everyday management.",,
farms.faostat-wcad.holdings,FRA,2010,516100.0,,,,final,"WCA 2010 round, census 2010. FAO flag A: Official figure. FAO's note: The census covered agricultural holdings that met the following criteria: it has an agricultural activity either of production, or of maintenance of the lands in good agricultural and environmental conditions, which allows it to receive decoupled aids for production tools (DPU), or of creating available collective grazing areas, which allows it to file a request for an agri-environmental grassland premium (PHAE); one ha of area; intensive agricultural production (including growing crops under protective cover) in holdings under one ha of land; its current management was independent of any other unit.",,
farms.faostat-wcad.holdings,FRA,2020,393030.0,,,,final,"WCA 2020 round, census 2020. FAO flag A: Official figure. FAO's note: The following thresholds for agricultural holdings were applied in the census: one ha of UAA; 0.2 ha of specialised crops (tobacco, hops, aromatic or medicinal plants, seeds, fresh vegetables, flowers and ornamental plants, permanent crops, nurseries), cabbage for sauerkraut, or asparagus; 0.05 ha of potatoes or fresh vegetables; 0.15 ha of strawberries; 0.05 ha of flowers and ornamental plants, vineyards for champagne, or nurseries; 0.1 ha of vineyards; 0.01 ha of crops under glass or high accessible cover; one breeding male; four births of Equidae animals; one cow; two cattle over two years old; one breeding sow; 1 fattening activity (for bovine animals or pigs or sheep or goats or rabbits); six breeding female sheep or goats; ten breeding female rabbits; 100 laying poultry; 1000 eggs of incubation capacity; 50 beehives; one other animal production not elsewhere classified; 500 broiler poultry; 50 fat poultry; 10 000 eggs; two tons of envies; or one ton of mushroom. For overseas territories two threshold were modified: two cows and 0.3 ha of fresh vegetables. The census covered all of France in Europe and the overseas territories of French Guiana, Guadeloupe, Martinique, RÄunion, and Mayotte.",,
farms.faostat-wcad.holdings,FSM,2016/2017,15545.0,,,,final,"WCA 2020 round, census 2016/17. FAO flag A: Official figure.",,
farms.faostat-wcad.holdings,GAB,1974/1975,71074.0,,,,final,"WCA 1970 round, census 1974/75. FAO flag A: Official figure.",,
farms.faostat-wcad.holdings,GAB,2020,80264.0,,,,final,"WCA 2020 round, census 2020. FAO flag A: Official figure.",,
farms.faostat-wcad.holdings,GBR,1930,599022.0,,,,final,"WCA 1930 round, census 1930. FAO flag A: Official figure.",,
farms.faostat-wcad.holdings,GBR,1950,543487.0,,,,final,"WCA 1950 round, census 1950. FAO flag A: Official figure. FAO's note: In Great Britain the census covered holdings with at least 0.4 ha of agricultural land. In Northern Ireland the census covered holdings with at least 0.1 ha of agricultural land.",,
farms.faostat-wcad.holdings,GBR,1960,467580.0,,,,final,"WCA 1960 round, census 1960. FAO flag A: Official figure. FAO's note: The census covered holdings with at least 0.4 ha of agricultural land. In England and Wales, 17 750 not statistically significant holdings were excluded. The census excluded woodland, osiers, and land under buildings, roads, yards, ponds.",,
farms.faostat-wcad.holdings,GBR,1970,326698.0,,,,final,"WCA 1970 round, census 1970. FAO flag A: Official figure. FAO's note: The census covered holdings that met the following thresholds: 26 standard man-days (smd). In England and Wales holdings with less than 26 smd were covered if they had 4.05 ha of land under crops and grass or one regular whole-time worker employed. In Northern Ireland holdings with less than 26 smd were covered if they had 0.4 ha of agricultural land or holdings with livestock returns from stock-keepers; and exluded holdings which were enterily let out seasonaly under conacre system and which temporarily became part of other farm business.",,
farms.faostat-wcad.holdings,GBR,1979,268560.0,,,,final,"WCA 1980 round, census 1979. FAO flag A: Official figure. FAO's note: No threshold was used.",,
farms.faostat-wcad.holdings,GBR,1993,244205.0,,,,final,"WCA 1990 round, census 1993. FAO flag A: Official figure. FAO's note: The census excluded minor holdings. In England and Wales, a holding was classified as minor if all the following criteria were met: total area of less than six ha; no regular full-time farmer or worker; estimated annual lanour requirement was less than 100 days (of eight man/hours); greenhouse area was less than 0.01 ha; the occupier did not farm another holding. In Scotland, a minor holding was defines as one having a low level of agricultural economic activity. In Norther Ireland, minor holdings were those satisfying all of the following criteria: total area of land owned, or taken on long-term lease, was less than six ha; business size was less than one British Size Unit; no regular full-time worker other than the holder worked on the holding.",,
farms.faostat-wcad.holdings,GBR,1999/2000,233250.0,,,,final,"WCA 2000 round, census 1999/00. FAO flag A: Official figure. FAO's note: No threshold was used.",,
farms.faostat-wcad.holdings,GBR,2010,185200.0,,,,final,"WCA 2010 round, census 2010. FAO flag A: Official figure. FAO's note: The census covered holdings that met the following thresholds: 5 ha of UAA; 1 ha orchards/permanent crops; 0.5 ha vegetables grown in the open; 0.1 ha glasshouse for flowers, vegetables or fruit; ten head of cattle, 50 pigs or ten breeding sows; 20 sheep; 20 goats; 1 000 head of poultry; mushrooms. For Northern Ireland, the threshold was applied so that the population surveyed included all active farm businesses having one ha or more of farmed land, whether owned, leased or taken in conacre, and those with under one ha having any cattle, sheep or pigs or with significant poultry or horticultural activity.",,
farms.faostat-wcad.holdings,GBR,2021,216364.0,,,,final,"WCA 2020 round, census 2021. FAO flag A: Official figure. FAO's note: The census covered commercial agricultural holdings with significant activity levels applying the following thresholds: (i) five ha of UAA; (ii) one ha of permanent crops/orchards; (iii) 0.5 ha of vegetables, melons and strawberries grown in the open; (iv) 0.1 ha of glasshouse for flowers, vegetables or fruit; (v) ten head of cattle; (vi) 50 head of pigs or ten breeding sows; (vii) 20 head of sheep or goats; (viii) 1 000 head of poultry; (ix) one ha of hardy nursery stock; or (x) all mushroom holdings to be included. In Northern Ireland, only those agricultural holding with at least one ha of agricultural land or with any cattle, sheep, pigs or significant poultry or horticultural crops were included. All active farms were included in the AC 2021 for Scotland and Wales.",,
farms.faostat-wcad.holdings,GEO,2003/2004,729542.0,,,,final,"WCA 2000 round, census 2003/04. FAO flag A: Official figure. FAO's note: The census was not conducted in uncontrolled territory of Abkhazia (except Kodori gorge) and Tskhinvali Region (former South Ossetia). Holdings whose holders lived or had headquarters (in case of juridical persons) in 5 large cities (Tbilisi, Kutaisi, Batumi, Rustavi and Poti) were not covered",,
farms.faostat-wcad.holdings,GEO,2014,642209.0,,,,final,"WCA 2010 round, census 2014. FAO flag A: Official figure. FAO's note: The territories outside the control of the Government of Georgia - the Abkhazian Autonomous Republic and Tskhinvali region, were excluded.",,
farms.faostat-wcad.holdings,GHA,1970,805200.0,,,,final,"WCA 1970 round, census 1970. FAO flag A: Official figure.",,
farms.faostat-wcad.holdings,GHA,1984,1849800.0,,,,final,"WCA 1980 round, census 1984. FAO flag A: Official figure.",,
farms.faostat-wcad.holdings,GHA,2017/2018,2175642.0,,,,final,"WCA 2020 round, census 2017/18. FAO flag A: Official figure. FAO's note: The census covered agricultural activities of a holder. The census also covered non-traditional agriculture produce such as mushroom and beekeeping etc. The CA 2017/2018 was the agricultural households and institutions (juridical persons) engaged in agriculture. An agricultural household is a household with at least one of its members engaged in agricultural activity. An agricultural institution (juridical person) is a non-household entity engaged in commercial or non-commercial agricultural activities.",,
farms.faostat-wcad.holdings,GIN,1995,442168.0,,,,final,"WCA 1990 round, census 1995. FAO flag A: Official figure. FAO's note: In 1989, the census excluded holdings in the urban areas and the modern sector. In 1995 the census covered the entire country and all holdings",,
farms.faostat-wcad.holdings,GIN,2000/2001,840454.0,,,,final,"WCA 2000 round, census 2000/01. FAO flag A: Official figure. FAO's note: No thresholds were reported.",,
farms.faostat-wcad.holdings,GLP,1969/1972,22577.0,,,,final,"WCA 1970 round, census 1969-1972. FAO flag A: Official figure. FAO's note: The census covered agricultural holdings that met at least one of the following thresholds: 0.25 ha of agricultural area; one cattle over two years of age; three pigs for fattening; six goats; three female goats; 300 chicks; 30 other poultry; 10 female rabbits; 10 bee colonies; 0.10 ha under pineapple, sugarcane or bananas for export; 0.05 ha under tobacco; 0.03 ha under fruit trees and forest nurseries; 0.01 ha under market garden or flower cultivation; 20 scattered fruit trees (harvested).",,
farms.faostat-wcad.holdings,GLP,1980,18957.0,,,,final,"WCA 1980 round, census 1980. FAO flag A: Official figure. FAO's note: The census covered agricultural holdings that met at least one of the following thresholds: 0.25 ha of agricultural area; 0.1 ha of cropland; one cattle over two years of age; three pigs; five goats or sheep; 25 chickens for eggs; 50 chickens for meat; 50 other poultry; 10 rabbits; 10 bee colonies; 0.5 ha under fruit trees and forest nurseries, vegetables, or flower cultivation; 20 scattered fruit trees (harvested).",,
farms.faostat-wcad.holdings,GLP,1989,16530.0,,,,final,"WCA 1990 round, census 1989. FAO flag A: Official figure. FAO's note: The census covered agricultural holdings satisfying at the same time the following four conditions: an agricultural output; at least 0.5 ha of superficie agricole utilisÄe or 0.1 ha of superficie agricole utilisÄe; oroverstepping a certain number of livestock (depending on the type of animal), or a certain level of agricultural output; an autonomous management; accurately located in a municipality and identified by the most important building or the most important parcel.",,
farms.faostat-wcad.holdings,GLP,2000,12160.0,,,,final,"WCA 2000 round, census 2000. FAO flag A: Official figure. FAO's note: The census covered agricultural holdings that met at least one of the following thresholds: 1 ha of agricultural land in use, 20 acres (1 acre=0.40469 ha) of specialized crops; sufficient agricultural production estimated either in productive area (e.g. 10 acres of bananas of export varieties, 10 acres of sugarcane etc.) or in number of animals (e.g. 10 cows, 10 beehives etc.)",,
farms.faostat-wcad.holdings,GMB,2001/2002,69140.0,,,,final,"WCA 2000 round, census 2001/02. FAO flag A: Official figure. FAO's note: The census covered agricultural holdings in the household sector.",,
farms.faostat-wcad.holdings,GMB,2011/2012,82027.0,,,,final,"WCA 2010 round, census 2011/12. FAO flag A: Official figure. FAO's note: The census covered agricultural holdings in the household sector. For the West Coast Region, the frame was thoroughly examined and all the EAs in the non-agricultural communities (urban and some semi-urban) in Kombo North were removed.",,
farms.faostat-wcad.holdings,GNB,1960/1961,86951.0,,,,final,"WCA 1960 round, census 1960/61. FAO flag A: Official figure. FAO's note: The census excluded holdings producing livestock or livestock products, enumerated seperately. The census excluded land in permanent meadows and pastures, wood and forest land, and all other land. Census did not cover areas with a population of 31 000 (total population 527 000)",,
farms.faostat-wcad.holdings,GNB,1988,84221.0,,,,final,"WCA 1990 round, census 1988. FAO flag A: Official figure. FAO's note: The census covered the traditional sector only and excluded the autonomous sector of the capital city, Bissau.",,
farms.faostat-wcad.holdings,GRC,1929,953000.0,,,,final,"WCA 1930 round, census 1929. FAO flag A: Official figure.",,
farms.faostat-wcad.holdings,GRC,1961,1156172.0,,,,final,"WCA 1960 round, census 1961. FAO flag A: Official figure. FAO's note: The census covered agricultural holdings that met at least one of the following thresholds: 0.1 ha of agricultural land; ten olive trees; one cow; two horses, mules, asses or buffaloes; five head of sheep, goats, or pigs; 50 head of poultry; or 20 beehives. Units having only crop trees (neither agricultural land nor livestock) were considered holdings.",,
farms.faostat-wcad.holdings,GRC,1971,1047260.0,,,,final,"WCA 1970 round, census 1971. FAO flag A: Official figure. FAO's note: The census covered agricultural holdings that met at least one of the following thresholds: 0.1 ha of agricultural land (permanent pastures and meadows not for mowing were not included); one cow or two head of cattle, buffaloes or horses; five head of sheep, goats, or pigs; 50 head of poultry; or 20 beehives. Units having only crop trees (neither agricultural land nor livestock) were considered holdings.",,
farms.faostat-wcad.holdings,GRC,1981,998876.0,,,,final,"WCA 1980 round, census 1981. FAO flag A: Official figure.",,
farms.faostat-wcad.holdings,GRC,1995,802400.0,,,,final,"WCA 1990 round, census 1995. FAO flag A: Official figure. FAO's note: The census covered agricultural holdings that met at least one of the following thresholds: 0.1 ha of UAA; one cow or two other livestock; five small animals (sheep, goats, pigs); 50 head of poultry; or 20 beehives. The census covered agricultural holdings whose managers were permanently resident on the holding, even if temporarily absent.",,
farms.faostat-wcad.holdings,GRC,1999/2000,817060.0,,,,final,"WCA 2000 round, census 1999/00. FAO flag A: Official figure. FAO's note: The census covered agricultural holdings that met at least one of the following thresholds: 0.1 ha of agricultural land or 0.5 ha of greenhouse; one cow or two other large animals of any type and age (such as oxen, cattle, horses, donkeys, mules); five small animals (sheep, goats, pigs) of any age and type; 50 head of poultry; or 20 beehives.",,
farms.faostat-wcad.holdings,GRC,2009/2010,723060.0,,,,final,"WCA 2010 round, census 2009/10. FAO flag A: Official figure. FAO's note: The census covered agricultural holdings that met at least one of the following thresholds: 0.1 ha of UAA or 0.5 ha of greenhouse; one cow or two other large animals of any type and age (such as cattle, horses, donkeys, mules); five small animals (sheep, goats, pigs) of any age and type; 50 head of poultry; 20 hives of domestic or European bees; or five ostriches.",,
farms.faostat-wcad.holdings,GRC,2020,530680.0,,,,final,"WCA 2020 round, census 2020. FAO flag A: Official figure. FAO's note: The following thresholds for agricultural holdings were applied in the census: 0.1 ha of UAA; 0.01 ha of greenhouses, regardless of the production type, ownership, or the location of the holding; one head of cattle; two head of other large animals of any type and age (oxen, horses, donkeys, mules); five head of small animals (sheep, goats, pigs of any age and type) or ostriches; 50 head of poultry or female rabbits; 20 hives of domestic or European bees; or any area of mushrooms.",,
farms.faostat-wcad.holdings,GRD,1981,8202.0,,,,final,"WCA 1980 round, census 1981. FAO flag A: Official figure. FAO's note: The census covered agricultural holdings that sold part of the production. Holders who grew crop and/or livestock as a hobby or for family consumption, and who owned idle agricultural lands, or forest and woodlands, were excluded.",,
farms.faostat-wcad.holdings,GRD,1995,18277.0,,,,final,"WCA 1990 round, census 1995. FAO flag A: Official figure. FAO's note: Agricultural holding was considered any piece of land reporting at least one of the following land uses: Temporary crops, permanent crops and forages; Fallow one year or less; Improved or unimproved pastures. Or, if no land, reporting at least one head of cattle, goat, pig, horse, sheep, donkey, rabbit or any poultry. Urban area of St. George's was excluded",,
farms.faostat-wcad.holdings,GRD,2012,9345.0,,,,final,"WCA 2010 round, census 2012. FAO flag A: Official figure. FAO's note: The census considered agricultural holding to be those units that met at least one of the following thresholds: one cattle; five sheep, goats or pigs combined; breeding of sheep, goats or pigs; 25 poultry/chicken; 25 nutmeg, cocoa, bananas, fruit, nut and spice trees combined; 0.1 ha of garden crops; or EC$ 2 500 sales of agricultural products in the las 12 months.",,
farms.faostat-wcad.holdings,GTM,1950,348687.0,,,,final,"WCA 1950 round, census 1950. FAO flag A: Official figure. FAO's note: The census covered holdings with at least 0.0437 ha (625 varas cuadradas) of total area.",,
farms.faostat-wcad.holdings,GTM,1964,417344.0,,,,final,"WCA 1960 round, census 1964. FAO flag A: Official figure. FAO's note: The census excluded landless holdings producing livestock or livestock products (dairies, poultry batteries, hatcheries, piggeries, etc), which were enumerated in the housing census. Holdings with agricultural land or pastures in urban areas cultivating vegetables or fruit trees for sales or other crops producing less than one quintal in the agricultural year were excluded. Each community with agricultural land used by its members was considered as one holding.",,
farms.faostat-wcad.holdings,GTM,1979,531623.0,,,,final,"WCA 1980 round, census 1979. FAO flag A: Official figure. FAO's note: The census covered holdings with at least 0.0437 ha (625 varas cuadradas) of total area.",,
farms.faostat-wcad.holdings,GTM,2003,830684.0,,,,final,"WCA 2000 round, census 2003. FAO flag A: Official figure. FAO's note: No thresholds were used in the census. The census covered the entire country, excluding some areas, like in the Municipality of AndrÄs Sajcabajç, Department of QuichÄ, where insecurity problems arose. 90.2 percent of all agricultural holdings and 89.9 percent of holders were covered.",,
farms.faostat-wcad.holdings,GUF,1980,2209.0,,,,final,"WCA 1980 round, census 1980. FAO flag A: Official figure. FAO's note: The census coveres agricultural holdings with at least 0.25 ha of agricultural area, or producing some agricultural products or raising some animals",,
farms.faostat-wcad.holdings,GUF,1989,4491.0,,,,final,"WCA 1990 round, census 1989. FAO flag A: Official figure. FAO's note: The census covered agricultural holdings satisfying at the same time the following four conditions: an agricultural output; at least 0.5 ha of 'superficie agricole utilisÄe' or 0.1 ha of superficie agricole utilisÄe; oroverstepping a certain number of livestock (depending on the type of animal), or a certain level of agricultural output; an autonomous management; accurately located in a municipality and identified by the most important building or the most important parcel.",,
farms.faostat-wcad.holdings,GUF,2000,5318.0,,,,final,"WCA 2000 round, census 2000. FAO flag A: Official figure. FAO's note: The census covered agricultural holdings that met the following thresholds: one ha of agricultural land; 0.2 ha under specialized crops; or one cow.",,
farms.faostat-wcad.holdings,GUM,1930,2104.0,,,,final,"WCA 1930 round, census 1930. FAO flag A: Official figure.",,
farms.faostat-wcad.holdings,GUM,1950,2262.0,,,,final,"WCA 1950 round, census 1950. FAO flag A: Official figure.",,
farms.faostat-wcad.holdings,GUM,1959,2028.0,,,,final,"WCA 1960 round, census 1959. FAO flag A: Official figure.",,
farms.faostat-wcad.holdings,GUM,1969,1121.0,,,,final,"WCA 1970 round, census 1969. FAO flag A: Official figure.",,
farms.faostat-wcad.holdings,GUM,1978,1999.0,,,,final,"WCA 1980 round, census 1978. FAO flag A: Official figure.",,
farms.faostat-wcad.holdings,GUM,1987,351.0,,,,final,"WCA 1990 round, census 1987. FAO flag A: Official figure. FAO's note: The farm definition in the 1988/1993 Agricultural Census required annual sales equal or above USD 100",,
farms.faostat-wcad.holdings,GUM,2002,153.0,,,,final,"WCA 2000 round, census 2002. FAO flag A: Official figure. FAO's note: The farm definition in the 1998/2003 Agricultural Census required annual sales equal or above USD 1,000",,
farms.faostat-wcad.holdings,GUM,2007,104.0,,,,final,"WCA 2010 round, census 2007. FAO flag A: Official figure. FAO's note: The farm definition in the 2007/2012 Agricultural Census required annual sales equal or above USD 1,000",,
farms.faostat-wcad.holdings,GUM,2018,264.0,,,,final,"WCA 2020 round, census 2018. FAO flag A: Official figure. FAO's note: The farm definition in the 2018 Agricultural Census required annual sales equal or above USD 1,000",,
farms.faostat-wcad.holdings,GUM,2023,583.0,,,,final,"WCA 2020 round, census 2023. FAO flag A: Official figure. FAO's note: The CA 2023 was the farm, defined as any agricultural production unit (called 'place' according to country's terminology) from which USD 1,000 or more of agricultural products were produced and sold, or normally would have been sold, during the calendar year 2023.",,
farms.faostat-wcad.holdings,HND,1952,156135.0,,,,final,"WCA 1950 round, census 1952. FAO flag A: Official figure.",,
farms.faostat-wcad.holdings,HND,1974,195341.0,,,,final,"WCA 1970 round, census 1974. FAO flag A: Official figure. FAO's note: The census covered agricultural holdings of at least 0.35 ha of total area.",,
farms.faostat-wcad.holdings,HND,1993,325750.0,,,,final,"WCA 1990 round, census 1993. FAO flag A: Official figure. FAO's note: The census covered agricultural holdings of at least 0.2 ha of total area.",,
farms.faostat-wcad.holdings,HRV,2003,449896.0,,,,final,"WCA 2000 round, census 2003. FAO flag A: Official figure. FAO's note: The census covered all agricultural holdings.",,
farms.faostat-wcad.holdings,HRV,2010,233280.0,,,,final,"WCA 2010 round, census 2010. FAO flag A: Official figure. FAO's note: The following thresholds were applied for the agricultural holdings in the FSS 2010: 0.4 ha of UAA; less than 0.4 ha of UAA, but (i) at least 0.1 ha of vineyards, olive groves and/or orchards; (ii) any area of nurseries; or (iii) produce vegetables, medical herbs, strawberries, mushrooms, flowers or ornamental plants for the market; or at least 0.5 livestock units (LSUs) or any number of beehives.",,
farms.faostat-wcad.holdings,HRV,2020,143920.0,,,,final,"WCA 2020 round, census 2020. FAO flag A: Official figure. FAO's note: Eurostat reports gender breakdown only for managers, which include both holders (civil persons) that manage the holding themselves and managers that are not holders, including of legal units.",,
farms.faostat-wcad.holdings,HTI,1971,616710.0,,,,final,"WCA 1970 round, census 1971. FAO flag A: Official figure. FAO's note: The census covered agricultural holdings in the traditional sector only with at least 0.0129 ha of land area.",,
farms.faostat-wcad.holdings,HTI,2008/2009,1018951.0,,,,final,"WCA 2010 round, census 2008/09. FAO flag A: Official figure. FAO's note: The census covered agricultural holdings that met the following thresholds: 0.05 ha of UAA for land without irrigation and 0.02 ha for irrigated land; five trees of mango (for holdings with usufruct rights to trees; one cow or oxen, three goats or sheep (breeding females), three pigs (breeding females), five rabbits (breeding females), 15 hens or five beehives. Nevertheless, the low thresholds made it possible to cover almost all farmers.",,
farms.faostat-wcad.holdings,HUN,1972,802892.0,,,,final,"WCA 1970 round, census 1972. FAO flag A: Official figure. FAO's note: The following physical thresholds were applied: 0.14 ha of land area; 0.07 ha of vineyards, orchads or gardens; one cattle, pig, horse, sheep, goat, ass, mule, buffalo; 50 fowls; 20 doe-rabbits; or 20 bee-families.",,
farms.faostat-wcad.holdings,HUN,1981,798545.0,,,,final,"WCA 1980 round, census 1981. FAO flag A: Official figure. FAO's note: The following physical thresholds were applied: 0.15 ha of arable land, kitchen garden, orchard, vineyard, meadows and pastures, forest; 0.08 ha of vineyards, orchads and gardens; one cattle, pig, horse, sheep, goat, ass, mule, buffalo; 50 fowls; 20 doe-rabbits; or 20 bee-families.",,
farms.faostat-wcad.holdings,HUN,2000,966916.0,,,,final,"WCA 2000 round, census 2000. FAO flag A: Official figure. FAO's note: The following physical thresholds were applied: 0.15 ha of each or any combination of arable land, kitchen garden, orchard, vineyard, meadows and pastures, forest, fish pond or reed; one head of large livestock (cattle, pig, horse, sheep, goat, donkey, mule or ostrich), 50 hens or other poultry (geese, ducks, turkeys or guinea fowls) or 25 rabbits, fur-bearing animals or pigeons for meat; or having performed, during the 12 months previous to census date, agricultural services or intensive horticultural activities (production under glass or plastic cover).",,
farms.faostat-wcad.holdings,HUN,2010,576810.0,,,,final,"WCA 2010 round, census 2010. FAO flag A: Official figure. FAO's note: The following physical thresholds were applied for private holdings: 0.15 ha of productive land area (including, jointly or severally, arable land, kitchen garden, orchard, vineyard, meadow, pasture, forest, fish-pond, reed); 0.05 ha of orchards or vineyards, jointly or severally (at least 0.04 ha of fruit trees and 0.02 ha of berries or vines); 0.01 ha of land area under cover, or 50 m2 of mushroom area; one head of big animals (cattle, pig, horse, sheep, goat, buffalo, emu, ostrich, donkey); 50 head of poultry, such as hens, geese, ducks, turkeys, guinea fowls; or 20--25 head of rabbits, furry animals, pigeons for slaughter, or five bee colonies. The census covered agricultural services provided by the holdings",,
farms.faostat-wcad.holdings,HUN,2020,232060.0,,,,final,"WCA 2020 round, census 2020. FAO flag A: Official figure. FAO's note: The following thresholds were applied for private holdings: one ha of productive land area (including, jointly or severally, arable land, kitchen garden, orchard, vineyards, lawn (meadow + pasture), forest, fishpond, reeds); 0.25 ha of area of potatoes or vegetables or strawberries; 0.2 ha of seeds and seedlings, nurseries, essential oil plants, medicinal and spice plants, flowers and ornamental plants; 0.25 ha of outdoors area under fruit trees, berries, citrus trees, other permanent crops, excluding nurseries, vineyards and olive trees; 0.1 ha area under vines; 100 m2 of land area under protective cover, or of mushroom area; one head of cattle; ten head of sheep or goats; 30 head of pigs under 20 kg; 2 head of pigs with 20 kg or more; 50 head of hens or geese; 30 head of turkeys; 100 head of ducks; three head of ostriches; 50 head of rabbits; or provides agricultural services.",,
farms.faostat-wcad.holdings,IDN,1963,12237590.0,,,,final,"WCA 1960 round, census 1963. FAO flag A: Official figure.",,
farms.faostat-wcad.holdings,IDN,1973,14375343.0,,,,final,"WCA 1970 round, census 1973. FAO flag A: Official figure.",,
farms.faostat-wcad.holdings,IDN,1983,17628700.0,,,,final,"WCA 1980 round, census 1983. FAO flag A: Official figure.",,
farms.faostat-wcad.holdings,IDN,1993,19713806.0,,,,final,"WCA 1990 round, census 1993. FAO flag A: Official figure.",,
farms.faostat-wcad.holdings,IDN,2003,24868675.0,,,,final,"WCA 2000 round, census 2003. FAO flag A: Official figure.",,
farms.faostat-wcad.holdings,IDN,2013,26135469.0,,,,final,"WCA 2010 round, census 2013. FAO flag A: Official figure.",,
farms.faostat-wcad.holdings,IND,1960/1961,48882000.0,,,,final,"WCA 1960 round, census 1960/61. FAO flag A: Official figure.",,
farms.faostat-wcad.holdings,IND,1970/1971,70493000.0,,,,final,"WCA 1970 round, census 1970/71. FAO flag A: Official figure.",,
farms.faostat-wcad.holdings,IND,1976/1977,81569000.0,,,,final,"WCA 1980 round, census 1976/77. FAO flag A: Official figure.",,
farms.faostat-wcad.holdings,IND,1990/1991,106637000.0,,,,final,"WCA 1990 round, census 1990/91. FAO flag A: Official figure.",,
farms.faostat-wcad.holdings,IND,2000/2001,119894000.0,,,,final,"WCA 2000 round, census 2000/01. FAO flag A: Official figure. FAO's note: Crop holdings.",,
farms.faostat-wcad.holdings,IND,2010/2011,138348000.0,,,,final,"WCA 2010 round, census 2010/11. FAO flag A: Official figure.",,
farms.faostat-wcad.holdings,IND,2015/2016,146453741.0,,,,final,"WCA 2020 round, census 2015/16. FAO flag A: Official figure.",,
farms.faostat-wcad.holdings,IRL,1929,402744.0,,,,final,"WCA 1930 round, census 1929. FAO flag A: Official figure.",,
farms.faostat-wcad.holdings,IRL,1949,379487.0,,,,final,"WCA 1950 round, census 1949. FAO flag A: Official figure.",,
farms.faostat-wcad.holdings,IRL,1960,360113.0,,,,final,"WCA 1960 round, census 1960. FAO flag A: Official figure.",,
farms.faostat-wcad.holdings,IRL,1970,279450.0,,,,final,"WCA 1970 round, census 1970. FAO flag A: Official figure.",,
farms.faostat-wcad.holdings,IRL,1980,263558.0,,,,final,"WCA 1980 round, census 1980. FAO flag A: Official figure.",,
farms.faostat-wcad.holdings,IRL,1991,170578.0,,,,final,"WCA 1990 round, census 1991. FAO flag A: Official figure.",,
farms.faostat-wcad.holdings,IRL,2000,141530.0,,,,final,"WCA 2000 round, census 2000. FAO flag A: Official figure.",,
farms.faostat-wcad.holdings,IRL,2010,139890.0,,,,final,"WCA 2010 round, census 2010. FAO flag A: Official figure.",,
farms.faostat-wcad.holdings,IRL,2020,130190.0,,,,final,"WCA 2020 round, census 2020. FAO flag A: Official figure. FAO's note: In the census the following thresholds were applied: five ha of UAA; two ha of arable land; 0.5 ha of potatoes (including seed potatoes) - outdoor, or fresh vegetables (including melons) and strawberries - outdoor; 0.3 ha of fruits, berries and nuts (excluding citrus fruits, grapes and strawberries) and other permanent crops including other permanent crops for human consumption -outdoor; 0.2 ha of seeds and seedlings, aromatic, medicinal and culinary plants, flowers and ornamental plants (excluding nurseries) and nurseries - outdoor; 0.01 of greenhouses or cultivated mushrooms; or 1.7 livestock units.",,
farms.faostat-wcad.holdings,IRN,1960,1877299.0,,,,final,"WCA 1960 round, census 1960. FAO flag A: Official figure.",,
farms.faostat-wcad.holdings,IRN,1993,3602950.0,,,,final,"WCA 1990 round, census 1993. FAO flag A: Official figure.",,
farms.faostat-wcad.holdings,IRN,2003,4332423.0,,,,final,"WCA 2000 round, census 2003. FAO flag A: Official figure.",,
farms.faostat-wcad.holdings,IRN,2014,4032467.0,,,,final,"WCA 2010 round, census 2014. FAO flag A: Official figure.",,
farms.faostat-wcad.holdings,IRQ,1952,125045.0,,,,final,"WCA 1950 round, census 1952. FAO flag A: Official figure. FAO's note: An agricultural holding was defined as a farm or an agricultural estate worked or organized as one unit. Land owned by livestock keepers who did not grow any crops, but used their land only for rough grazings, was not included as agricultural land.",,
farms.faostat-wcad.holdings,IRQ,1958/1959,253254.0,,,,final,"WCA 1960 round, census 1958/59. FAO flag A: Official figure. FAO's note: An agricultural holding was defined as any agricultural land worked or organized as one unit. Livestock holdings without agricultural land were excluded. Sharecroppers (288 692) were not counted as separate holdings.",,
farms.faostat-wcad.holdings,IRQ,1971,591178.0,,,,final,"WCA 1970 round, census 1971. FAO flag A: Official figure. FAO's note: Landless holdings with any livestock or livestock product produced for sale were covered by the census. Any crop trees operated for agricultural purposes by persons who did not have any right to the use of land on which the trees are grown were considered as agricultural holdings.",,
farms.faostat-wcad.holdings,ISL,2010,2590.0,,,,final,"WCA 2010 round, census 2010. FAO flag A: Official figure.",,
farms.faostat-wcad.holdings,ISR,1950/1951,17530.0,,,,final,"WCA 1950 round, census 1950/51. FAO flag A: Official figure. FAO's note: In the Jewish sector, the census covered holdings with at least 0.1 ha of irrigated land, 0.5 ha of unirrigated land, one milk cow, five head of sheep and/or goats, or 100 laying hens. No threshold was used in the Arabs, Druzes and Other Minority Groups s",,
farms.faostat-wcad.holdings,ISR,1971,40210.0,,,,final,"WCA 1970 round, census 1971. FAO flag A: Official figure. FAO's note: The census covered holdings with at least 0.1 ha of agricultural land or a minimum number of livestock (on head of cattle, 50 chickens, etc.)",,
farms.faostat-wcad.holdings,ISR,1981,51654.0,,,,final,"WCA 1980 round, census 1981. FAO flag A: Official figure. FAO's note: The census covered all agricultural sector farms whose estimated gross added value is greater than IS 3000 ($ 810) in 1991.",,
farms.faostat-wcad.holdings,ISR,1995,25448.0,,,,final,"WCA 1990 round, census 1995. FAO flag A: Official figure. FAO's note: The census covered all agricultural sector farms whose estimated gross added value is greater than NIS 3000 (in 1995).",,
farms.faostat-wcad.holdings,ISR,2017,17417.0,,,,final,"WCA 2020 round, census 2017. FAO flag A: Official figure.",,
farms.faostat-wcad.holdings,ITA,1930,4196266.0,,,,final,"WCA 1930 round, census 1930. FAO flag A: Official figure. FAO's note: No threshold was used. The census covered forestry activities. Small plots used for market gardening, livestock keeping, etc. in the principal centres of Communes with a total population of at least 15 000 inhabitants which did not sell their products, w",,
farms.faostat-wcad.holdings,ITA,1961,4294004.0,,,,final,"WCA 1960 round, census 1961. FAO flag A: Official figure. FAO's note: No threshold was used. The census covered forestry activities. The census excluded kitchen gardens for home consumption, located in urban areas and generally associated with the dwelling of the person who cultivates them, and places with a small number of livestock for home consumption, provided they did not form part of any holding, parks and ornamental gardens. The census covered units operated by one civil or legal person not performing any agricultural operation, which coordinate the agricultural operations of a group of holdings and maintain work animals and different agricultural machinery and equipment for the common use of these holdings. Holdings operated by sharecroppers were not counted as separate holdings.",,
farms.faostat-wcad.holdings,ITA,1970,3607262.0,,,,final,"WCA 1970 round, census 1970. FAO flag A: Official figure. FAO's note: No threshold was used. The census covered forestry activities. The census excluded kitchen gardens for home consumption, located in urban areas and generally associated with the dwelling of the person who cultivates them, and places with a small number of livestock for home consumption, provided they did not form part of any holding.",,
farms.faostat-wcad.holdings,ITA,1982,3270560.0,,,,final,"WCA 1980 round, census 1982. FAO flag A: Official figure. FAO's note: No threshold was used. The census covered forestry activities. The census excluded abandoned holdings, kitchen gardens for home consumption, and small family with one or two head of livestock, poultry, or rabbits for home consumption, provided they did not form part of any holding.",,
farms.faostat-wcad.holdings,ITA,1990,3023344.0,,,,final,"WCA 1990 round, census 1990. FAO flag A: Official figure. FAO's note: No threshold was used. The census covered forestry activities.",,
farms.faostat-wcad.holdings,ITA,2000,2590674.0,,,,final,"WCA 2000 round, census 2000. FAO flag A: Official figure. FAO's note: No threshold was used. The census covered forestry activities.",,
farms.faostat-wcad.holdings,ITA,2010,1620880.0,,,,final,"WCA 2010 round, census 2010. FAO flag A: Official figure. FAO's note: The following thresholds were applied for the agricultural holdings: regional thresholds for the UAA (from 0.2 to 0.4 ha, depending on region); and animals or their products, wholly or partially intended for marketing.No thresholds were applied for holdings growing vegetables, flowers and ornamental plants, nor for those with vineyards and fruit trees (because of their significant economic value).",,
farms.faostat-wcad.holdings,ITA,2020,1130530.0,,,,final,"WCA 2020 round, census 2020. FAO flag A: Official figure. FAO's note: The following thresholds were applied for the agricultural holdings in the census: 0.2 ha of UAA; 0.1 ha of grapes - outdoor; 0.01 ha of UAA - under glass or high accessible cover or cultivated mushrooms; one livestock unit; or three beehives.",,
farms.faostat-wcad.holdings,JAM,1950,68000.0,,,,final,"WCA 1950 round, census 1950. FAO flag A: Official figure.",,
farms.faostat-wcad.holdings,JAM,1961,158941.0,,,,final,"WCA 1960 round, census 1961. FAO flag A: Official figure.",,
farms.faostat-wcad.holdings,JAM,1968/1969,193359.0,,,,final,"WCA 1970 round, census 1968/69. FAO flag A: Official figure.",,
farms.faostat-wcad.holdings,JAM,1978/1979,183988.0,,,,final,"WCA 1980 round, census 1978/79. FAO flag A: Official figure.",,
farms.faostat-wcad.holdings,JAM,1996,187791.0,,,,final,"WCA 2000 round, census 1996. FAO flag A: Official figure.",,
farms.faostat-wcad.holdings,JAM,2007,228683.0,,,,final,"WCA 2010 round, census 2007. FAO flag A: Official figure.",,
farms.faostat-wcad.holdings,JOR,1975,55548.0,,,,final,"WCA 1970 round, census 1975. FAO flag A: Official figure.",,
farms.faostat-wcad.holdings,JOR,1983,62162.0,,,,final,"WCA 1980 round, census 1983. FAO flag A: Official figure. FAO's note: The holdings without land to be considered if owns at least one of the following criteria: 30 chickens, 10 sheep, 3 cows or camels; four beehives",,
farms.faostat-wcad.holdings,JOR,1997,92258.0,,,,final,"WCA 2000 round, census 1997. FAO flag A: Official figure. FAO's note: Only the holdings exceeding the following thresholds were covered by the AC 1997: a holder who owns 1 dunum (0.1 ha); more than ten head of sheep or goats, or both; three camels; five beehives; one head of cattle",,
farms.faostat-wcad.holdings,JOR,2007,80152.0,,,,final,"WCA 2010 round, census 2007. FAO flag A: Official figure. FAO's note: Only the holdings exceeding the following thresholds were covered by the AC 2007: a holder who owns 1 dunum (0.1 ha) or more of agricultural land; or any protected area; more than ten head of sheep, or ten goats, or both; one or more female cattle; one camel or more; five beehives or more; 30 or more domestic poultry; or an organized farm (such as cattle and poultry farms).",,
farms.faostat-wcad.holdings,JOR,2017,107707.0,,,,final,"WCA 2020 round, census 2017. FAO flag A: Official figure. FAO's note: Only the holdings exceeding the following thresholds were covered by the AC 2017: a holder who owns 1 dunum (0.1 ha) or more of agricultural land; or any land under protective cover; more than ten head of sheep or goats, or both; one camel or more; one or more beehives; one or more cows; 30 or more domestic poultry; or organized farms",,
farms.faostat-wcad.holdings,JPN,1929,5575583.0,,,,final,"WCA 1930 round, census 1929. FAO flag A: Official figure.",,
farms.faostat-wcad.holdings,JPN,1950,6189700.0,,,,final,"WCA 1950 round, census 1950. FAO flag A: Official figure.",,
farms.faostat-wcad.holdings,JPN,1960,6056534.0,,,,final,"WCA 1960 round, census 1960. FAO flag A: Official figure.",,
farms.faostat-wcad.holdings,JPN,1970,5354074.0,,,,final,"WCA 1970 round, census 1970. FAO flag A: Official figure.",,
farms.faostat-wcad.holdings,JPN,1980,4673985.0,,,,final,"WCA 1980 round, census 1980. FAO flag A: Official figure.",,
farms.faostat-wcad.holdings,JPN,1995,3453550.0,,,,final,"WCA 1990 round, census 1995. FAO flag A: Official figure. FAO's note: Farm households managing at least 0.1 ha of cultivated land or has agricultural products' sales of at least 150 000 yen in the year prior the date of the census. Commercial farm households having at least 0.3 ha of cultivated land or at least 500 000 yen of sales of agricultural products in the year prior to the census. Non Commercial farm households with less than 0.3 ha of cultivated land and less than 500 000 yen of sales of agricultural products in the year prior to the census.",,
farms.faostat-wcad.holdings,JPN,2005,3120215.0,,,,final,"WCA 2000 round, census 2005. FAO flag A: Official figure. FAO's note: Agricultural enterprises having cultivation area of over 0.1 acre (0.40469 ha) or having a total agricultural product sales of 150 000 yen in one year prior to the census date regardless whether the operation in performed by a family unit or by other entities; Farm households consisting of a family unit; Commercial farm households engaged in agriculture managing more than 0.3 ha of cultivated land or reporting a sales value of agricultural products, in the previous 12 months, of at least 500 000 yen; Non-commercial farm households (subsistence farms households) engaged in agriculture with less than 0.3 ha of cultivated land or a sales value of agricultural products, in the previous 12 months, of less than 500 000 yen.",,
farms.faostat-wcad.holdings,JPN,2015,1377266.0,,,,final,"WCA 2010 round, census 2015. FAO flag A: Official figure. FAO's note: Only the holdings exceeding the following thresholds were covered by the AC: 30 ares (0.3 ha) cultivated land; Planted area for outdoor grown vegetables: 15 ares; Cultivated area for greenhouse grown vegetables: 350 m2; Cultivated area for fruit trees: 10 ares; Cultivated area for outdoor green flowers: 10 ares; Cultivated area for greenhouse grown flowers: 250 m; 1 cattle; 15 pigs; 150 hens; 1000 head of broiler chickens; total sales of farm products equivalent to 500,000 yen or more during the one-year period before the survey period",,
farms.faostat-wcad.holdings,JPN,2020,1075705.0,,,,final,"WCA 2020 round, census 2020. FAO flag A: Official figure. FAO's note: Only the holdings exceeding the following thresholds were covered by the AC: 30 ares (0.3 ha) cultivated land; Planted area for outdoor grown vegetables: 15 ares; Cultivated area for greenhouse grown vegetables: 350 m2; Cultivated area for fruit trees: 10 ares; Cultivated area for outdoor green flowers: 10 ares; Cultivated area for greenhouse grown flowers: 250 m; 1 cattle; 15 pigs; 150 hens; 1000 head of broiler chickens; total sales of farm products equivalent to 500,000 yen or more during the one-year period before the survey period",,
farms.faostat-wcad.holdings,KAZ,2006/2007,2956306.0,,,,final,"WCA 2010 round, census 2006/07. FAO flag A: Official figure.",,
farms.faostat-wcad.holdings,KEN,1930,2836.0,,,,final,"WCA 1930 round, census 1930. FAO flag A: Official figure.",,
farms.faostat-wcad.holdings,KEN,1954,3163.0,,,,final,"WCA 1950 round, census 1954. FAO flag A: Official figure.",,
farms.faostat-wcad.holdings,KEN,1960/1961,521009.0,,,,final,"WCA 1960 round, census 1960/61. FAO flag A: Official figure.",,
farms.faostat-wcad.holdings,KEN,1974/1975,1486639.0,,,,final,"WCA 1970 round, census 1974/75. FAO flag A: Official figure.",,
farms.faostat-wcad.holdings,KEN,1979,2750013.0,,,,final,"WCA 1980 round, census 1979. FAO flag A: Official figure.",,
farms.faostat-wcad.holdings,KGZ,2002,1130855.0,,,,final,"WCA 2000 round, census 2002. FAO flag A: Official figure.",,
farms.faostat-wcad.holdings,KHM,2013,2129149.0,,,,final,"WCA 2010 round, census 2013. FAO flag A: Official figure. FAO's note: The CA covered agricultural holdings that met at least one of the following thresholds: 0.03 ha of land used wholly or partly for agricultural production; two large livestock; three small livestock; or 25 head of poultry. The urban area of Phnom Penh was not covered.",,
farms.faostat-wcad.holdings,KIR,2020,15467.0,,,,final,"WCA 2020 round, census 2020. FAO flag A: Official figure.",,
farms.faostat-wcad.holdings,KNA,1987,3430.0,,,,final,"WCA 1990 round, census 1987. FAO flag A: Official figure. FAO's note: The census covered agricultural holdings that met the following thresholds: one head of cattle, donkey or horse; two head of pigs, sheep, goats (or one head of any two); 12 head of poultry of any type; ten crop trees of productive age; 0.04 ha of land under any crops.",,
farms.faostat-wcad.holdings,KNA,2000,3066.0,,,,final,"WCA 2000 round, census 2000. FAO flag A: Official figure. FAO's note: The census covered agricultural holdings that met the following thresholds: one head of cattle, donkey or horse; two head of pigs, sheep, goats (or one head of any two); ten poultry or rabbits; ten bearings of any tree crops, bananas or plantains or fruit trees; 0.04 ha of land under vegetables, provision, food or cash crops.",,
farms.faostat-wcad.holdings,KOR,1960,2331834.0,,,,final,"WCA 1960 round, census 1960. FAO flag A: Official figure. FAO's note: The census covered private and institutional farm holdings cultivating 300 pyeong (0.099 ha).",,
farms.faostat-wcad.holdings,KOR,1970,2421420.0,,,,final,"WCA 1970 round, census 1970. FAO flag A: Official figure. FAO's note: The following thresholds were applied for the private farm households: cultivating 300 pyeong (0.099 ha) of farm land or 100 pyeong (0.033 ha) of vegetables or horticulture, or 200 pyeong (0.066 ha) of special crops or orchad or nursery; one head of big animal (cow, horse, etc.); three head of medium animals (pig, goat, sheep, etc.); 40 head of small animals (rabbit, etc.); 30 poultry; five beehives; 12 grams of silkworms; earning more than 10 000 won (approximately $ 25) per year from the sale of agricultural products. All institutional holdings cultivating at least 300 pyeong (0.099 ha) were enumerated.",,
farms.faostat-wcad.holdings,KOR,1980,2157555.0,,,,final,"WCA 1980 round, census 1980. FAO flag A: Official figure. FAO's note: The following thresholds were applied for the private farm households: cultivating 300 pyeong (0.099 ha) of farm land or 100 pyeong (0.033 ha) of horticulture, or 200 pyeong (0.066 ha) of special crops or orchad or nursery; one head of big animal (cow, horse, etc.); three head of medium animals (pig, goat, sheep, etc.); 40 head of small animals (rabbit, etc.); 30 poultry; five beehives; 12 grams of silkworms; earning more than one category of above from mixed farming. All institutional holdings were enumerated.",,
farms.faostat-wcad.holdings,KOR,1990,1768501.0,,,,final,"WCA 1990 round, census 1990. FAO flag A: Official figure. FAO's note: The following thresholds were applied for the private farm households: cultivating 0.1 ha of arable land, or land under permanent crops; 0.01 ha of crops under protective cover, or 0.07 ha of nurseries or orchads; one cattle, three pigs/sheep/goats, 40 poultry, or five behives; earning 400 000 won (about $ 487) of farming. All holdings, private or institutional, falling under one of the sub-categories were enumerated.",,
farms.faostat-wcad.holdings,KOR,2000,3269527.0,,,,final,"WCA 2000 round, census 2000. FAO flag A: Official figure. FAO's note: The following thresholds were applied for the private farm households: cultivating 0.1 ha of arable land, or land under permanent crops; 500 000 won (about $ 427) of annual sales of agricultural and/or livestock products; raising livestock worth at least 500 000 won. All holdings, private or institutional, falling under one of the sub-categories were enumerated. The census covered forestry and fishery activities.",,
farms.faostat-wcad.holdings,KOR,2015,1088518.0,,,,final,"WCA 2010 round, census 2015. FAO flag A: Official figure. FAO's note: The following thresholds were applied for the agricultural households: cultivating 0.1 ha of arable land, or land under permanent crops; KRW 1.2 million of annual sales of produced agricultural (crop or livestock); raising livestock worth at least KRW 1.2 million. Specific thresholds were also established for forestry households, inland water fishery households and marine fishery householdsThe census covered forestry and fishery activities. Companies, associations and other legal entities were not included.",,
farms.faostat-wcad.holdings,KOR,2020,1035193.0,,,,final,"WCA 2020 round, census 2020. FAO flag A: Official figure.",,
farms.faostat-wcad.holdings,KWT,1970,449.0,,,,final,"WCA 1970 round, census 1970. FAO flag A: Official figure.",,
farms.faostat-wcad.holdings,LAO,1998/1999,668000.0,,,,final,"WCA 2000 round, census 1998/99. FAO flag A: Official figure.",,
farms.faostat-wcad.holdings,LAO,2010/2011,782800.0,,,,final,"WCA 2010 round, census 2010/11. FAO flag A: Official figure.",,
farms.faostat-wcad.holdings,LBN,1961,127123.0,,,,final,"WCA 1960 round, census 1961. FAO flag A: Official figure.",,
farms.faostat-wcad.holdings,LBN,1970,142811.0,,,,final,"WCA 1970 round, census 1970. FAO flag A: Official figure.",,
farms.faostat-wcad.holdings,LBN,1998/1999,194829.0,,,,final,"WCA 2000 round, census 1998/99. FAO flag A: Official figure. FAO's note: The following thresholds were used: 0.05 ha of non irrigated arable land (Superficie Agricole Utile, SAU); 0.025 ha of irrigated arable land; 0.01 ha of land under protective cover; one head of cattle; seven goats or pigs; or 15 poultry.",,
farms.faostat-wcad.holdings,LBN,2010,169512.0,,,,final,"WCA 2010 round, census 2010. FAO flag A: Official figure. FAO's note: The following thresholds were applied for the agricultural holdings: 0.1 ha (1 dunum) of land in the field; 0.04 m2 under protective cover (greenhouses), or one cattle, seven sheep, seven goats, or eight beehives.",,
farms.faostat-wcad.holdings,LBR,1971,121745.0,,,,final,"WCA 1970 round, census 1971. FAO flag A: Official figure.",,
farms.faostat-wcad.holdings,LBY,1960,145518.0,,,,final,"WCA 1960 round, census 1960. FAO flag A: Official figure.",,
farms.faostat-wcad.holdings,LBY,1974,160999.0,,,,final,"WCA 1970 round, census 1974. FAO flag A: Official figure.",,
farms.faostat-wcad.holdings,LBY,1987,175528.0,,,,final,"WCA 1990 round, census 1987. FAO flag A: Official figure.",,
farms.faostat-wcad.holdings,LBY,2001,176658.0,,,,final,"WCA 2000 round, census 2001. FAO flag A: Official figure.",,
farms.faostat-wcad.holdings,LCA,1973/1974,10938.0,,,,final,"WCA 1970 round, census 1973/74. FAO flag A: Official figure.",,
farms.faostat-wcad.holdings,LCA,1986,11551.0,,,,final,"WCA 1990 round, census 1986. FAO flag A: Official figure.",,
farms.faostat-wcad.holdings,LCA,1996,13366.0,,,,final,"WCA 2000 round, census 1996. FAO flag A: Official figure.",,
farms.faostat-wcad.holdings,LCA,2007,9972.0,,,,final,"WCA 2010 round, census 2007. FAO flag A: Official figure.",,
farms.faostat-wcad.holdings,LKA,1962,1169801.0,,,,final,"WCA 1960 round, census 1962. FAO flag A: Official figure. FAO's note: The census covered agricultural holdings that met the following thresholds: 0.1 ha of total area; two head of cattle; two buffaloes; five sheep, goats and pigs (taken together); or 20 poultry.",,
farms.faostat-wcad.holdings,LKA,1973,1647272.0,,,,final,"WCA 1970 round, census 1973. FAO flag A: Official figure. FAO's note: No threshold was used.",,
farms.faostat-wcad.holdings,LKA,1982,1816988.0,,,,final,"WCA 1980 round, census 1982. FAO flag A: Official figure. FAO's note: Municipalities of Colombo, Dehiwala and Mount Lavinia which were predominantly residential and commercial areas, were not covered.",,
farms.faostat-wcad.holdings,LKA,2002,3264678.0,,,,final,"WCA 2000 round, census 2002. FAO flag A: Official figure. FAO's note: The census did not cover holdings operating less than or equal to 40 perches (0.10 ha), having some form of cultivation, rearing livestock or aquaculture, and the production of which is mainly for home consumption. Municipalities of Colombo, Dehiwala, Mount Lavinia and Sri Jaywardanepura Kotte, predominantly used for residential and commercial purposes, were not covered",,
farms.faostat-wcad.holdings,LKA,2013/2014,4353121.0,,,,final,"WCA 2010 round, census 2013/14. FAO flag A: Official figure. FAO's note: The census did not cover holdings operating less than or equal to 40 perches (0.10 ha), having some form of cultivation, rearing livestock or aquaculture, and the production of which is mainly for home consumption. The census covered aquaculture activities.",,
farms.faostat-wcad.holdings,LSO,1960,161250.0,,,,final,"WCA 1960 round, census 1960. FAO flag A: Official figure. FAO's note: No threshold was used. The census covered agricultural holdings in the household sector only.",,
farms.faostat-wcad.holdings,LSO,1969/1970,187421.0,,,,final,"WCA 1970 round, census 1969/70. FAO flag A: Official figure. FAO's note: The census covered agricultural holdings in the traditional sector that met at least one of the following conditions: operating at least one field of arable land; or raising at least five cattle or 25 or more sheep/goats.",,
farms.faostat-wcad.holdings,LSO,1989/1990,229300.0,,,,final,"WCA 1990 round, census 1989/90. FAO flag A: Official figure. FAO's note: The census covered agricultural holdings that met at least one of the following conditions: operating at least one field of arable land; or raising at least one cow or five or more sheep/goats.",,
farms.faostat-wcad.holdings,LSO,1999/2000,337795.0,,,,final,"WCA 2000 round, census 1999/00. FAO flag A: Official figure. FAO's note: The census covered agricultural holdings that met at least one of the following conditions: operating at least one field of arable land; or raising at least one cow or five or more sheep/goats.",,
farms.faostat-wcad.holdings,LSO,2009/2010,381731.0,,,,final,"WCA 2010 round, census 2009/10. FAO flag A: Official figure. FAO's note: No threshold was used. The census covered agricultural holdings in the household sector only.",,
farms.faostat-wcad.holdings,LSO,2019/2020,199246.0,,,,final,"WCA 2020 round, census 2019/20. FAO flag A: Official figure. FAO's note: For the purpose of AC 2019/2020, agricultural holdings were restricted to those that met one or more of the following conditions: at least three sheep or three mixed herd of sheep/goats or two pigs or five poultry. The holdings with no agricultural land and no cattle were excluded in the AC 2019/2020.",,
farms.faostat-wcad.holdings,LTU,1930,308670.0,,,,final,"WCA 1930 round, census 1930. FAO flag A: Official figure.",,
farms.faostat-wcad.holdings,LTU,2003,610543.0,,,,final,"WCA 2000 round, census 2003. FAO flag A: Official figure. FAO's note: The census covered agricultural holdings with at least one ha of agricultural land or 40 minimum standards of living (LTL 5 000) of income gained from the sale of agricultural products.",,
farms.faostat-wcad.holdings,LTU,2010,199910.0,,,,final,"WCA 2010 round, census 2010. FAO flag A: Official figure. FAO's note: The census covered agricultural holdings with at least one ha of UAA or LTL 5 000 (aproximately EUR 1 448) of income from agricultural production sales.",,
farms.faostat-wcad.holdings,LTU,2020,132080.0,,,,final,"WCA 2020 round, census 2020. FAO flag A: Official figure. FAO's note: The census applied the following threshold for all farmers' and family farms: one ha of utilised agricultural area (UAA); 0.5 ha of potatoes (including seed potatoes) - outdoor or fresh vegetables (including melons) and strawberries - outdoor; 0.2 ha of aromatic, medicinal and culinary plants, flowers and ornamental plants, seeds and seedlings, nurseries; 0.3 ha of fruit trees, berries, nut trees, citrus fruit trees, other permanent crops excluding nurseries, vineyards and olive trees; 0.01 ha of UAA - under glass or high accessible cover or cultivated mushrooms; 1.7 livestock units; or EUR 1000 of standard output. There were no exclusions of agricultural companies and enterprises.",,
farms.faostat-wcad.holdings,LUX,1950,13736.0,,,,final,"WCA 1950 round, census 1950. FAO flag A: Official figure. FAO's note: The census covered all holdings that met the following criteria: at least one ha of agricultural land; those who cultivated horticultural crops, fruit and market-gardens for sale; all vine growers; all professional livestock and poultry keepers; local ag",,
farms.faostat-wcad.holdings,LUX,1970,7608.0,,,,final,"WCA 1970 round, census 1970. FAO flag A: Official figure. FAO's note: The census agricultural holdings that met at least one of the following criteria: at least one ha of agricultural land; those who cultivated horticultural crops, fruit and market-gardens for sale; growing vineyards (whatever the vine's extent); breeding livestock and/or poultry on a large scale. The census excluded agricultural activity in Luxembourg of persons residing abroad.",,
farms.faostat-wcad.holdings,LUX,1980,5173.0,,,,final,"WCA 1980 round, census 1980. FAO flag A: Official figure. FAO's note: The census agricultural holdings that met at least one of the following criteria: at least one ha of agricultural land; horticultural crops, fruit and market-gardens, cultivated for sale; at least 4.04 ha of vineyards; raising livestock and poultry.",,
farms.faostat-wcad.holdings,LUX,1990,3803.0,,,,final,"WCA 1990 round, census 1990. FAO flag A: Official figure. FAO's note: The census agricultural holdings that met at least one of the following criteria: at least one ha of cropland; horticultural cultivations or market-gardens or orchards for sale; at least 0.1 ha of vineyards; raising livestock and poultry for sale. The census excluded agricultural activity in Luxembourg of persons residing abroad.",,
farms.faostat-wcad.holdings,LUX,1999/2000,2810.0,,,,final,"WCA 2000 round, census 1999/00. FAO flag A: Official figure. FAO's note: The census covered agricultural holdings that met at least one of the following criteria: at least 1 ha of cultivated area or 0.1 ha of vineyards; commercial units producing vegetables, fruit or flowers; owners of nurseries or osieries; commercial livestock or poultry breeding establishments.",,
farms.faostat-wcad.holdings,LUX,2010,2200.0,,,,final,"WCA 2010 round, census 2010. FAO flag A: Official figure. FAO's note: The census covered agricultural holdings that met at least one of the following thresholds: 3 ha of UAA; 0.25 ha of fresh vegetables, melons and strawberries, flowers and ornamental plants, or 0.30 ha of fruit andberry plantations or 0.50 ha of nurseries; 0.10 ha of vineyards; or ten horses/donkeys, ten bovines, 20 sheep, 20 goats, 50 pigs, 1 000 laying hens, 1 000 other poultry or 1 000 rabbits.",,
farms.faostat-wcad.holdings,LUX,2020,1880.0,,,,final,"WCA 2020 round, census 2020. FAO flag A: Official figure. FAO's note: The census considered the following thresholds for agricultural holdings: three ha of UAA; two ha of arable land; 0.5 ha of potatoes (including seed potatoes) - outdoor, fresh vegetables (including melons), or strawberry; 0.2 ha of aromatic, medicinal and culinary plants, flowers and ornamental plants, seeds and seedlings, nurseries; 0.3 ha of fruits, berries and nuts (excluding citrus fruits, grapes and strawberries), other permanent crops including other permanent crops for human consumption; 0.1 ha of vineyards; 0.01 ha of fresh vegetables (including melons) and strawberries - under glass or high accessible cover, flowers and ornamental plants - under glass or high accessible cover, or cultivated mushrooms; or 1.7 livestock units.",,
farms.faostat-wcad.holdings,LVA,1929,266113.0,,,,final,"WCA 1930 round, census 1929. FAO flag A: Official figure.",,
farms.faostat-wcad.holdings,LVA,2001,180263.0,,,,final,"WCA 2000 round, census 2001. FAO flag A: Official figure.",,
farms.faostat-wcad.holdings,LVA,2010,83390.0,,,,final,"WCA 2010 round, census 2010. FAO flag A: Official figure.",,
farms.faostat-wcad.holdings,LVA,2020,68980.0,,,,final,"WCA 2020 round, census 2020. FAO flag A: Official figure. FAO's note: The census used the following threshold: five ha of UAA; two ha of arable land; 0.5 ha of potatoes, vegetables, or strawberry plantations; 0.2 ha of medicinal plants, culinary plants, herbs, flowers and ornamental plants, nurseries; 0.3 ha of fruit trees or berries; 0.01 ha of greenhouses or cultivated mushrooms; or 1.7 livestock units. Agricultural holdings with UAA less than one ha and standard output (SO) less than EUR 70 were not covered.",,
farms.faostat-wcad.holdings,MAR,1962,1106765.0,,,,final,"WCA 1960 round, census 1962. FAO flag A: Official figure.",,
farms.faostat-wcad.holdings,MAR,1996,1496349.0,,,,final,"WCA 2000 round, census 1996. FAO flag A: Official figure.",,
farms.faostat-wcad.holdings,MDA,2011,902214.0,,,,final,"WCA 2010 round, census 2011. FAO flag A: Official figure.",,
farms.faostat-wcad.holdings,MDG,1961/1962,882000.0,,,,final,"WCA 1960 round, census 1961/62. FAO flag A: Official figure.",,
farms.faostat-wcad.holdings,MDG,1984/1985,1543537.0,,,,final,"WCA 1980 round, census 1984/85. FAO flag A: Official figure.",,
farms.faostat-wcad.holdings,MDG,2004/2005,2428492.0,,,,final,"WCA 2000 round, census 2004/05. FAO flag A: Official figure.",,
farms.faostat-wcad.holdings,MEX,1930,858209.0,,,,final,"WCA 1930 round, census 1930. FAO flag A: Official figure.",,
farms.faostat-wcad.holdings,MEX,1960,1365141.0,,,,final,"WCA 1960 round, census 1960. FAO flag A: Official figure.",,
farms.faostat-wcad.holdings,MEX,1970,1020016.0,,,,final,"WCA 1970 round, census 1970. FAO flag A: Official figure.",,
farms.faostat-wcad.holdings,MEX,1991,4437863.0,,,,final,"WCA 1990 round, census 1991. FAO flag A: Official figure.",,
farms.faostat-wcad.holdings,MEX,2007,4067618.0,,,,final,"WCA 2010 round, census 2007. FAO flag A: Official figure.",,
farms.faostat-wcad.holdings,MEX,2022,4629134.0,,,,final,"WCA 2020 round, census 2022. FAO flag A: Official figure.",,
farms.faostat-wcad.holdings,MKD,2007,192675.0,,,,final,"WCA 2010 round, census 2007. FAO flag A: Official figure.",,
farms.faostat-wcad.holdings,MLI,1960,280260.0,,,,final,"WCA 1960 round, census 1960. FAO flag A: Official figure.",,
farms.faostat-wcad.holdings,MLI,1984,519460.0,,,,final,"WCA 1980 round, census 1984. FAO flag A: Official figure.",,
farms.faostat-wcad.holdings,MLI,2004/2005,805194.0,,,,final,"WCA 2000 round, census 2004/05. FAO flag A: Official figure.",,
farms.faostat-wcad.holdings,MLT,1949/1950,14000.0,,,,final,"WCA 1950 round, census 1949/50. FAO flag A: Official figure.",,
farms.faostat-wcad.holdings,MLT,1960,11747.0,,,,final,"WCA 1960 round, census 1960. FAO flag A: Official figure.",,
farms.faostat-wcad.holdings,MLT,1968/1969,10803.0,,,,final,"WCA 1970 round, census 1968/69. FAO flag A: Official figure.",,
farms.faostat-wcad.holdings,MLT,1979,12070.0,,,,final,"WCA 1980 round, census 1979. FAO flag A: Official figure.",,
farms.faostat-wcad.holdings,MLT,2001,11959.0,,,,final,"WCA 2000 round, census 2001. FAO flag A: Official figure.",,
farms.faostat-wcad.holdings,MLT,2010,12530.0,,,,final,"WCA 2010 round, census 2010. FAO flag A: Official figure.",,
farms.faostat-wcad.holdings,MLT,2020,7650.0,,,,final,"WCA 2020 round, census 2020. FAO flag A: Official figure. FAO's note: Holdings with less than 0.056 ha of UAA were not included in the census.",,
farms.faostat-wcad.holdings,MMR,1993,2924898.0,,,,final,"WCA 1990 round, census 1993. FAO flag A: Official figure. FAO's note: Thresholds were not reported. Few remote areas with little agricultural activities and a few sparsely populated area where security was lacking were excluded from the census.",,
farms.faostat-wcad.holdings,MMR,2003,3464769.0,,,,final,"WCA 2000 round, census 2003. FAO flag A: Official figure. FAO's note: The census covered agricultural production units that met the following thresholds: 0.041 ha of land under crops; two head of cattle/buffaloes in total; four sheep/goats in total; or 30 chickens/ducks in total. Highly urbanized areas and those facing security problems were not covered.",,
farms.faostat-wcad.holdings,MMR,2010,5426083.0,,,,final,"WCA 2010 round, census 2010. FAO flag A: Official figure. FAO's note: The census covered agricultural production units that met the following thresholds: one large livestock (cattle/buffalo/donkey/mule); four small livestock (sheep/goat/pig); 30 poultry (chicken/duck/quail) kept or bred as of the time of enumeration; or 0.05 acres (202.3 m2) of land used wholly or partly in crop cultivation.The census covered aquaculture activities. The census excluded certain remote areas and highly urbinized areas.",,
farms.faostat-wcad.holdings,MNE,2010,48870.0,,,,final,"WCA 2010 round, census 2010. FAO flag A: Official figure.",,
farms.faostat-wcad.holdings,MNG,2000,250000.0,,,,final,"WCA 2000 round, census 2000. FAO flag A: Official figure. FAO's note: The census covered only livestock holdings. No threshold was used.",,
farms.faostat-wcad.holdings,MNP,1980,299.0,,,,final,"WCA 1980 round, census 1980. FAO flag A: Official figure. FAO's note: For the 1980 Census of Agriculture a farm was defined as any place that has 15 or more poultry (chickens, ducks, guineas, etc.); 5 or more I ivestock (cattle, hogs, goats, etc.); a combined total of 10 or more fruit or nut trees or plants; or any place of 100 square meters or more on which roots or field crops or vegetables were harvested for sale during 1979.",,
farms.faostat-wcad.holdings,MNP,1990,119.0,,,,final,"WCA 1990 round, census 1990. FAO flag A: Official figure. FAO's note: The 1990 (1987) Census of Agriculture defines farm as any place from which $100 or more of agricultural products were sold or normally would have been sold during the census year.",,
farms.faostat-wcad.holdings,MNP,2002,214.0,,,,final,"WCA 2000 round, census 2002. FAO flag A: Official figure. FAO's note: The 1998/2002 Census of Agriculture definition of farms is all places from which USD 1,000 or more of agricultural products were produced and sold, or normally would have been sold, during the 2002 calendar year.",,
farms.faostat-wcad.holdings,MNP,2007,256.0,,,,final,"WCA 2010 round, census 2007. FAO flag A: Official figure. FAO's note: The 2007/12 Census of Agriculture covered all places from which USD 1,000 or more of agricultural products were produced and sold, or normally would have been sold, during the 2007/12 calendar year.",,
farms.faostat-wcad.holdings,MNP,2018,253.0,,,,final,"WCA 2020 round, census 2018. FAO flag A: Official figure. FAO's note: The 2018 Census of Agriculture covered all places from which USD 1,000 or more of agricultural products were produced and sold, or normally would have been sold, during the 12-month period between 1 January and 31 December 2018.",,
farms.faostat-wcad.holdings,MNP,2023,316.0,,,,final,"WCA 2020 round, census 2023. FAO flag A: Official figure. FAO's note: The farm is defined as any agricultural production unit (called 'place' according to country's terminology) from which USD 1 000 or more of agricultural products were produced and sold, or normally would have been sold, during the calendar year 2023.",,
farms.faostat-wcad.holdings,MOZ,1930,1371.0,,,,final,"WCA 1930 round, census 1930. FAO flag A: Official figure.",,
farms.faostat-wcad.holdings,MOZ,1999/2000,3064715.0,,,,final,"WCA 2000 round, census 1999/00. FAO flag A: Official figure. FAO's note: No threshold was used. Cities of Maputo, Matola, Beira and Nampula (investigated separately) excluded; some districts in the province of Zambezia were also excluded due to adverse natural events, like flooding.",,
farms.faostat-wcad.holdings,MOZ,2009/2010,3827797.0,,,,final,"WCA 2010 round, census 2009/10. FAO flag A: Official figure. FAO's note: No threshold was used. The census covered the entire country.",,
farms.faostat-wcad.holdings,MRT,1985,99644.0,,,,final,"WCA 1980 round, census 1985. FAO flag A: Official figure.",,
farms.faostat-wcad.holdings,MTQ,1981,19573.0,,,,final,"WCA 1980 round, census 1981. FAO flag A: Official figure. FAO's note: The census covered agricultural holdings that met at least one of the following thresholds: 0.50 ha of agricultural area; 0.1 ha of cropland; one cattle over two years of age; three pigs; five goats or sheep; 25 chickens for eggs; 50 chickens for meat; 50 other poultry; 10 rabbits; 10 bee colonies; 0.5 ha under vegetables or flower cultivation; 20 scattered fruit trees (harvested).",,
farms.faostat-wcad.holdings,MTQ,1989,16038.0,,,,final,"WCA 1990 round, census 1989. FAO flag A: Official figure. FAO's note: The census covered agricultural holdings satisfying at the same time the following four conditions: an agricultural output; at least 0.5 ha of superficie agricole utilisÄe or 0.1 ha of superficie agricole utilisÄe; or overstepping a certain number of livestock (depending on the type of animal), or a certain level of agricultural output; an autonomous management; accurately located in a municipality and identified by the most important building or the most important parcel.",,
farms.faostat-wcad.holdings,MTQ,2000,8039.0,,,,final,"WCA 2000 round, census 2000. FAO flag A: Official figure. FAO's note: The census covered agricultural holdings that met at least one of the following thresholds: 1 ha of agricultural land in use, 20 acres (1 acre=0.40469 ha) of specialized crops; or sufficient agricultural production estimated either in productive area (e.g. 10 acres of bananas of export varieties, 10 acres of sugarcane etc.) or in number of animals (e.g. 10 cows, 10 beehives etc.)",,
farms.faostat-wcad.holdings,MUS,2014,23456.0,,,,final,"WCA 2010 round, census 2014. FAO flag A: Official figure.",,
farms.faostat-wcad.holdings,MWI,1968/1969,885000.0,,,,final,"WCA 1970 round, census 1968/69. FAO flag A: Official figure.",,
farms.faostat-wcad.holdings,MWI,1980/1981,1135600.0,,,,final,"WCA 1980 round, census 1980/81. FAO flag A: Official figure.",,
farms.faostat-wcad.holdings,MWI,1993,1561416.0,,,,final,"WCA 1990 round, census 1993. FAO flag A: Official figure.",,
farms.faostat-wcad.holdings,MWI,2006/2007,2665565.0,,,,final,"WCA 2010 round, census 2006/07. FAO flag A: Official figure.",,
farms.faostat-wcad.holdings,MYS,1960,539875.0,,,,final,"WCA 1960 round, census 1960. FAO flag A: Official figure.",,
farms.faostat-wcad.holdings,MYS,2005,526265.0,,,,final,"WCA 2000 round, census 2005. FAO flag A: Official figure. FAO's note: The census covered only crop operators.",,
farms.faostat-wcad.holdings,NAM,1959/1960,5358.0,,,,final,"WCA 1960 round, census 1959/60. FAO flag A: Official figure. FAO's note: Holdings included 142 African tribal holdings.",,
farms.faostat-wcad.holdings,NAM,1995,113616.0,,,,final,"WCA 1990 round, census 1995. FAO flag A: Official figure. FAO's note: Data corresponds to the traditional sector only.",,
farms.faostat-wcad.holdings,NAM,1996/1997,102357.0,,,,final,"WCA 2000 round, census 1996/97. FAO flag A: Official figure. FAO's note: The census covered 6 regions of the country (out of 13), making up the Northern Communal.",,
farms.faostat-wcad.holdings,NAM,2013/2014,162821.0,,,,final,"WCA 2010 round, census 2013/14. FAO flag A: Official figure. FAO's note: The census covered the whole communal and commercial sectors of the country.",,
farms.faostat-wcad.holdings,NCL,1991/1992,10302.0,,,,final,"WCA 1990 round, census 1991/92. FAO flag A: Official figure. FAO's note: The census covered agricultural holding satisfying at the same time the following four conditions: an agricultural output; at least 1 ha of superficie agricole utilisÄe, or 0.2 ha of specialized cultivations mainly for sale, or overstepping a certain number of livestock (depending on the type of animal), or a certain level of agricultural output, or an agricultural activity for home consumption in the contest of the Tribe; an autonomous management; accurately located in a municipality and identified by the most important building or the most important parcel.",,
farms.faostat-wcad.holdings,NCL,2002,5574.0,,,,final,"WCA 2000 round, census 2002. FAO flag A: Official figure. FAO's note: The census covered agricultural holdings with at least 350 points. Points calculated as follows: 100 points for 1 ha under pasture-land, 100 points for 1 milk cow, 100 points for 1 sow, 20 points for 100 sq. m. under vegetables, 20 points for 1 bee-hive, 2 points for 1 laying-hen, etc.",,
farms.faostat-wcad.holdings,NER,1980,699332.0,,,,final,"WCA 1980 round, census 1980. FAO flag A: Official figure. FAO's note: The census covered holdings in the household sector. The census excluded the Department of Agadez, urban areas and areas devoted exclusively to pastures.",,
farms.faostat-wcad.holdings,NER,2004/2008,1627294.0,,,,final,"WCA 2010 round, census 2004-2008. FAO flag A: Official figure. FAO's note: The census covered holdings in the household sector. The census covered rural area and covered different types of livestock systems, including sedentary pastoral, nomadic and transhumant grazing systems.",,
farms.faostat-wcad.holdings,NGA,1950/1951,285000.0,,,,final,"WCA 1950 round, census 1950/51. FAO flag A: Official figure.",,
farms.faostat-wcad.holdings,NIC,1952,52000.0,,,,final,"WCA 1950 round, census 1952. FAO flag A: Official figure.",,
farms.faostat-wcad.holdings,NIC,1963,102201.0,,,,final,"WCA 1960 round, census 1963. FAO flag A: Official figure.",,
farms.faostat-wcad.holdings,NIC,2001,199549.0,,,,final,"WCA 2000 round, census 2001. FAO flag A: Official figure.",,
farms.faostat-wcad.holdings,NIC,2011,262546.0,,,,final,"WCA 2010 round, census 2011. FAO flag A: Official figure.",,
farms.faostat-wcad.holdings,NIU,1989,453.0,,,,final,"WCA 1990 round, census 1989. FAO flag A: Official figure.",,
farms.faostat-wcad.holdings,NIU,2009,429.0,,,,final,"WCA 2010 round, census 2009. FAO flag A: Official figure.",,
farms.faostat-wcad.holdings,NIU,2021,481.0,,,,final,"WCA 2020 round, census 2021. FAO flag A: Official figure.",,
farms.faostat-wcad.holdings,NLD,1930,372081.0,,,,final,"WCA 1930 round, census 1930. FAO flag A: Official figure.",,
farms.faostat-wcad.holdings,NLD,1950/1951,409798.0,,,,final,"WCA 1950 round, census 1950/51. FAO flag A: Official figure.",,
farms.faostat-wcad.holdings,NLD,1960,300702.0,,,,final,"WCA 1960 round, census 1960. FAO flag A: Official figure. FAO's note: The census covered agricultural holdings that met any of the following criteria: at least 1 ha of cultivated land; operated a market garden; or one head of cattle, one breeding pig, three pigs for fattening, three sheep, or 51 chickens or ducks. The census also included all contractors, co-operatives and other bodies, which operated or rented out agricultural machinery.",,
farms.faostat-wcad.holdings,NLD,1970,184613.0,,,,final,"WCA 1970 round, census 1970. FAO flag A: Official figure. FAO's note: The census covered agricultural holdings where the holder earned a living wholly or partially from agriculture and those that met any of the following criteria: at least 1 ha of cultivated land; engaged in horticulture; or one head of cattle, one breeding pig, three store pigs, three sheep, or 51 hens, ducks or turkeys. Holdings producing for own consumption were excluded from the census. The census also covered machine tool corporations and agrarian enterprises working on commision basis.",,
farms.faostat-wcad.holdings,NLD,1979,148674.0,,,,final,"WCA 1980 round, census 1979. FAO flag A: Official figure. FAO's note: The census covered agricultural holdings with at least ten standard farm units (criterion which expresses both the size of the holding and the separate production units whithin the holding, DFL 400 in 1979)",,
farms.faostat-wcad.holdings,NLD,1989,127367.0,,,,final,"WCA 1990 round, census 1989. FAO flag A: Official figure. FAO's note: The census covered agricultural holdings with at least an standard gross margins for livestock and crop production of ECU 3700 (aproximately $ 3600)",,
farms.faostat-wcad.holdings,NLD,1999/2000,101550.0,,,,final,"WCA 2000 round, census 1999/00. FAO flag A: Official figure. FAO's note: The census covered agricultural holdings with at least Standard Gross Margin of 3 European Size Units.",,
farms.faostat-wcad.holdings,NLD,2010,72320.0,,,,final,"WCA 2010 round, census 2010. FAO flag A: Official figure. FAO's note: The census covered agricultural holdings with at least EUR 3 000 of Standard Output (extended size calculation).",,
farms.faostat-wcad.holdings,NLD,2020,52640.0,,,,final,"WCA 2020 round, census 2020. FAO flag A: Official figure. FAO's note: The census covered agricultural holdings with at least EUR 3 000 of Standard Output",,
farms.faostat-wcad.holdings,NOR,1929,298360.0,,,,final,"WCA 1930 round, census 1929. FAO flag A: Official figure.",,
farms.faostat-wcad.holdings,NOR,1949,349528.0,,,,final,"WCA 1950 round, census 1949. FAO flag A: Official figure.",,
farms.faostat-wcad.holdings,NOR,1959,198315.0,,,,final,"WCA 1960 round, census 1959. FAO flag A: Official figure. FAO's note: The census covered agricultural holdings with at least 0.51 of agricultural area. Holdings with land in more than one commune counted in each commune. Land devoted to ornamental gardens and forestry estates was excluded from the census. Machinery stations were also to be included.",,
farms.faostat-wcad.holdings,NOR,1969,154977.0,,,,final,"WCA 1970 round, census 1969. FAO flag A: Official figure. FAO's note: The census covered agricultural holdings with at least 0.5 of agricultural area. Sites consisting of ornamental gardens, lawns, forestry estates, etc., were not considered as holdings.",,
farms.faostat-wcad.holdings,NOR,1979,125302.0,,,,final,"WCA 1980 round, census 1979. FAO flag A: Official figure. FAO's note: The census covered agricultural holdings that met the following thresholds: 0.5 ha of agricultural area in use; 0.5 ha agricultural land; 2.5 ha of productive forest area; or horticultural activity or animal husbandry.",,
farms.faostat-wcad.holdings,NOR,1989,99382.0,,,,final,"WCA 1990 round, census 1989. FAO flag A: Official figure. FAO's note: The holding was a unit that satisfied one of the following thresholds: 0.5 ha of agricultural area; 2.5 ha of productive forest area; 0.03 ha of area under glass/plastic, other than nursery gardens; 0.2 ha of field grown vegetables; 0.1 ha of strawberry beds or raspberry/black currant plantations; fruit trees; head of cattle; sheep over one year of age; goats over one year of age; sows for breeding and/or 200 other pigs; hen chickens; broilers; or any foxes or minks.",,
farms.faostat-wcad.holdings,NOR,1999,70740.0,,,,final,"WCA 2000 round, census 1999. FAO flag A: Official figure. FAO's note: The holding was a unit of farming operation including livestock keeping and horticulture that satisfied one of the following thresholds: 0.5 ha of agricultural area; 0.03 ha of greenhouses; 0.2 ha of field grown vegetables; 0.1 ha of field-grown berries (strawberries, raspberries, black currant etc.), under fruit trees, or nurseries; ten head of cattle; 25 sheep over one year of age; 10 goats over one year of age; 5 breeding pigs and/or 200 other pigs; 1000 laying hens and/or chickens reared for egg production; or 5000 chickens for meat production.",,
farms.faostat-wcad.holdings,NOR,2010,46620.0,,,,final,"WCA 2010 round, census 2010. FAO flag A: Official figure. FAO's note: The agricultural holdings meeting at least one of the following thresholds were covered: 0.5 ha of UAA: arable land, permanent grass land, permanent crops; 0.1 ha of permanent outdoor crops included strawberries; 0.2 ha of outdoor fresh vegetables; 0.03 ha of fresh vegetables or flowers and ornamental plants under glass or other accessible protective cover; 0.1 ha of nurseries (except nurseries for forest trees); or ten bovines or 20 sheep over one year old or ten goats over one year old or five breeding sows or 50 other pigs or 1 000 poultry or 25 beehives. The census included agricultural and forestry properties, irrespective of active farming.",,
farms.faostat-wcad.holdings,NOR,2020,38710.0,,,,final,"WCA 2020 round, census 2020. FAO flag A: Official figure. FAO's note: The agricultural holdings meeting at least one of the following thresholds were covered: two ha of Utilized Agricultural Area (UAA); 0.2 ha of permanent outdoor crops together: fruit species of temperate climate zones, berry species, fresh vegetables - outdoor, strawberries - outdoor; 0.1 ha of nurseries - outdoor; 0.03 ha of fresh vegetables (including melons) and strawberries, flowers and ornamental plant - under glass or high accessible cover; ten live bovine animals or goats breeding females; five breeding sows, live weight 50 kg or over; 50 piglets, live weight under 20 kg and other pigs; 20 sheep, breeding females and other; 1 000 laying hens and/or pullets intended for laying hens or broilers and live poultry excluding chicken (species); or 25 bees (hives).",,
farms.faostat-wcad.holdings,NPL,1971/1972,1721546.0,,,,final,"WCA 1970 round, census 1971/72. FAO flag A: Official figure. FAO's note: Holdings without land but with any livestock were covered by the census.",,
farms.faostat-wcad.holdings,NPL,1982,2193956.0,,,,final,"WCA 1980 round, census 1982. FAO flag A: Official figure. FAO's note: For holdings without land, the following thresholds were used: two head of cattle or buffaloes; five sheep or goats; or 20 poultry.",,
farms.faostat-wcad.holdings,NPL,1992,2736050.0,,,,final,"WCA 1990 round, census 1992. FAO flag A: Official figure. FAO's note: The census covered agricultural holdings that met the following thresholds: 0.01272 ha of land under crops in the hill or mountain district, or 0.01355 ha in the lowland districts; two head of cattle or buffaloes; five head of sheep or goats; 20 poultry; or a combination of livestock equivalent to two cattle/buffaloes. The census covered holdings in the household sector.",,
farms.faostat-wcad.holdings,NPL,2002,3364139.0,,,,final,"WCA 2000 round, census 2002. FAO flag A: Official figure. FAO's note: The census covered agricultural holdings that met the following thresholds: 0.01272 ha of land under crops in the hill or mountain district, or 0.01355 ha in the lowland districts; two head of cattle or buffaloes; five head of sheep or goats; 20 poultry; or a combination of livestock equivalent to two cattle/buffaloes. The census covered holdings in the household sector.",,
farms.faostat-wcad.holdings,NPL,2011/2012,3831093.0,,,,final,"WCA 2010 round, census 2011/12. FAO flag A: Official figure. FAO's note: The census covered agricultural holdings that met the following thresholds: 0.01272 ha of land under crops in the hill or mountain district, or 0.01355 ha in the terai; one head of cattle or buffaloes; five head of sheep or goats; or 20 poultry. The census covered holdings in the household sector.",,
farms.faostat-wcad.holdings,NPL,2021,4130789.0,,,,final,"WCA 2020 round, census 2021. FAO flag A: Official figure. FAO's note: The NSCA 2021/2022 considered the following threshold for agricultural holdings: area under crops greater than or equal to a quarter of a ropani (or four anna) in the hill or mountain district (0.01272 ha), or greater than or equal to eight dhur (0.01355 ha) in the Terai (lowlands); one or more head of cattle or buffaloes; five or more head of sheep or goats; or 20 or more poultry. Large livestock activities above the predefined threshold operated by households and agricultural activities undertaken by government organizations, cooperatives, and business farms were excluded. They were compiled and analyzed separately as Institutional holdings.",,
farms.faostat-wcad.holdings,NRU,2021,275.0,,,,final,"WCA 2020 round, census 2021. FAO flag A: Official figure. FAO's note: Nauru implemented the agricultural module of the PHC, but coverage was limited to the household sector.",,
farms.faostat-wcad.holdings,NZL,1930,85167.0,,,,final,"WCA 1930 round, census 1930. FAO flag A: Official figure.",,
farms.faostat-wcad.holdings,NZL,1950,90290.0,,,,final,"WCA 1950 round, census 1950. FAO flag A: Official figure.",,
farms.faostat-wcad.holdings,NZL,1959/1960,76928.0,,,,final,"WCA 1960 round, census 1959/60. FAO flag A: Official figure.",,
farms.faostat-wcad.holdings,NZL,1972,62789.0,,,,final,"WCA 1970 round, census 1972. FAO flag A: Official figure.",,
farms.faostat-wcad.holdings,NZL,1980,71505.0,,,,final,"WCA 1980 round, census 1980. FAO flag A: Official figure.",,
farms.faostat-wcad.holdings,NZL,1994,80904.0,,,,final,"WCA 1990 round, census 1994. FAO flag A: Official figure.",,
farms.faostat-wcad.holdings,NZL,2002,70000.0,,,,final,"WCA 2000 round, census 2002. FAO flag A: Official figure. FAO's note: The survey population for the 2002 Agricultural Production Census was all units that were identified on Statistics New Zealand's Business Frame or the Inland Revenue Department's (IRD) Client Register as being engaged in agricultural activity.",,
farms.faostat-wcad.holdings,NZL,2012,58071.0,,,,final,"WCA 2010 round, census 2012. FAO flag A: Official figure. FAO's note: The agricultural production surveys include all units identified on Statistics NZ's Business Register as having agricultural activity. The compulsory registration level for GST is $60,000, so there is a partial and unquantifiable coverage of units below this level.",,
farms.faostat-wcad.holdings,NZL,2017,52293.0,,,,final,"WCA 2020 round, census 2017. FAO flag A: Official figure. FAO's note: The agricultural production surveys include all units identified on Statistics NZ's Business Register as having agricultural activity. The compulsory registration level for GST is $60,000, so there is a partial and unquantifiable coverage of units below this level.",,
farms.faostat-wcad.holdings,OMN,1978/1979,83204.0,,,,final,"WCA 1980 round, census 1978/79. FAO flag A: Official figure. FAO's note: The agricultural holding was defined as an area of land (excluding garden, private of public) or a herd of livestock (minimum ten sheep or goats, five cattle or camel).",,
farms.faostat-wcad.holdings,OMN,2012/2013,166610.0,,,,final,"WCA 2010 round, census 2012/13. FAO flag A: Official figure. FAO's note: The following thresholds were established for agricultural holdings: one head of cattle or camel; five numbers of sheep or goats or a mixture of the two; or 50 poultry. House gardens were not included in the census. (regardless of the area).",,
farms.faostat-wcad.holdings,PAK,1960,5690528.0,,,,final,"WCA 1960 round, census 1960. FAO flag A: Official figure.",,
farms.faostat-wcad.holdings,PAK,1972,3761940.0,,,,final,"WCA 1970 round, census 1972. FAO flag A: Official figure.",,
farms.faostat-wcad.holdings,PAK,1980,4069611.0,,,,final,"WCA 1980 round, census 1980. FAO flag A: Official figure.",,
farms.faostat-wcad.holdings,PAK,1990,5071112.0,,,,final,"WCA 1990 round, census 1990. FAO flag A: Official figure.",,
farms.faostat-wcad.holdings,PAK,2000,6620224.0,,,,final,"WCA 2000 round, census 2000. FAO flag A: Official figure.",,
farms.faostat-wcad.holdings,PAK,2010,8264480.0,,,,final,"WCA 2010 round, census 2010. FAO flag A: Official figure.",,
farms.faostat-wcad.holdings,PAN,1960,95505.0,,,,final,"WCA 1960 round, census 1960. FAO flag A: Official figure. FAO's note: The census covered agricultural holdings with at least 0.5 ha of land. Indigenous zones were not covered (aproximately 8 300 holdings).",,
farms.faostat-wcad.holdings,PAN,1971,115364.0,,,,final,"WCA 1970 round, census 1971. FAO flag A: Official figure. FAO's note: No threshold was used. Indigenous zones were not covered.",,
farms.faostat-wcad.holdings,PAN,1981,153194.0,,,,final,"WCA 1980 round, census 1981. FAO flag A: Official figure. FAO's note: No threshold was used. Indigenous zones were not covered.",,
farms.faostat-wcad.holdings,PAN,1990,213895.0,,,,final,"WCA 1990 round, census 1990. FAO flag A: Official figure. FAO's note: No threshold was used.",,
farms.faostat-wcad.holdings,PAN,2001,236794.0,,,,final,"WCA 2000 round, census 2001. FAO flag A: Official figure. FAO's note: No threshold was used.",,
farms.faostat-wcad.holdings,PAN,2011,248560.0,,,,final,"WCA 2010 round, census 2011. FAO flag A: Official figure. FAO's note: The census covered agricultural holdings with at least 0.01 ha of land.",,
farms.faostat-wcad.holdings,PER,1961,869945.0,,,,final,"WCA 1960 round, census 1961. FAO flag A: Official figure.",,
farms.faostat-wcad.holdings,PER,1971/1972,1390877.0,,,,final,"WCA 1970 round, census 1971/72. FAO flag A: Official figure.",,
farms.faostat-wcad.holdings,PER,1994,1756141.0,,,,final,"WCA 1990 round, census 1994. FAO flag A: Official figure.",,
farms.faostat-wcad.holdings,PER,2012,2260973.0,,,,final,"WCA 2010 round, census 2012. FAO flag A: Official figure.",,
farms.faostat-wcad.holdings,PHL,1948,1638624.0,,,,final,"WCA 1950 round, census 1948. FAO flag A: Official figure. FAO's note: The census covered agricultural holdings with at least 0.1 ha of crops and/or livestock and/or poultry.",,
farms.faostat-wcad.holdings,PHL,1960,2166216.0,,,,final,"WCA 1960 round, census 1960. FAO flag A: Official figure. FAO's note: The census covered agricultural holdings that met the following thresholds: 0.1 ha of crops and/or livestock and/or poultry; or any land regardless of area used for the raising of at least 20 head of livestock and/or 100 poultry.",,
farms.faostat-wcad.holdings,PHL,1971,2354469.0,,,,final,"WCA 1970 round, census 1971. FAO flag A: Official figure. FAO's note: The census covered agricultural holdings that met the following thresholds: 0.1 ha of crops and/or livestock and/or poultry; or any land regardless of area used for the raising of at least 20 head of livestock and/or 100 poultry.",,
farms.faostat-wcad.holdings,PHL,1981,3420323.0,,,,final,"WCA 1980 round, census 1981. FAO flag A: Official figure. FAO's note: The census covered agricultural holdings that met the following thresholds: 0.1 ha of devoted crops; ten ha of permanent meadows and/or pastures; ten head of large animals (carabao, cattle, horse, of any age and kind); 20 head of small animals (hog, goat, sheep, of any age and kind); 100 poultry, regardless of age and kind; 50 rabbits regardless of age and kind; or the combination of land area and animals raised amount to at least ten agricultural units (one agricultural units is equivalente to one tenth of the cutoff in each of the aforementioned categories). The census covered fishing activities.",,
farms.faostat-wcad.holdings,PHL,1991,4610041.0,,,,final,"WCA 1990 round, census 1991. FAO flag A: Official figure. FAO's note: The census covered agricultural holdings that met the following thresholds: 0.1 ha of crops and/or livestock and/or poultry; or any land regardless of area used for the raising of at least 20 head of livestock and/or 100 poultry. The census covered fishing activities.",,
farms.faostat-wcad.holdings,PHL,2002,4822739.0,,,,final,"WCA 2000 round, census 2002. FAO flag A: Official figure. FAO's note: The census covered agricultural holdings that met the following thresholds: 0.1 ha of crops and/or livestock and/or poultry; or any land regardless of area used for the raising of at least 20 head of livestock and/or 100 poultry. The census covered fishing activities.",,
farms.faostat-wcad.holdings,PHL,2012,5563138.0,,,,final,"WCA 2010 round, census 2012. FAO flag A: Official figure. FAO's note: No threshold was used. Holdings in government institutions were excluded from the census. The census covered aquaculture and fishing activities. The census covered the entire country, except for the municipalities of Baganga, Boston and Cateel in Davao Oriental, which were not covered because of the vast damage caused by Typhoon Pablo. Nevertheless, certain households located in these municipalities were enumerated in other municipalities, where they were temporarily relocated.",,
farms.faostat-wcad.holdings,PLW,1989,300.0,,,,final,"WCA 1990 round, census 1989. FAO flag A: Official figure.",,
farms.faostat-wcad.holdings,PLW,2015,1179.0,,,,final,"WCA 2010 round, census 2015. FAO flag A: Official figure.",,
farms.faostat-wcad.holdings,POL,1960,3601895.0,,,,final,"WCA 1960 round, census 1960. FAO flag A: Official figure. FAO's note: The census covered: private holdings of at least 0.1 ha used wholly or partly for agricultural purposes (arable land, orchards, meadows, pastures, forest land and fish ponds); consciously planned collective that included the cooperative holdings; and government holdings. The census covered forestry activities. Land operated by labourers on state farms and land operated individually by members of collective were not counted as holdings.",,
farms.faostat-wcad.holdings,POL,1970,3398959.0,,,,final,"WCA 1970 round, census 1970. FAO flag A: Official figure. FAO's note: The census covered private holdings of at least 0.1 ha used wholly or partly for agricultural purposes (arable land, orchards, meadows, pastures, forest land and fish ponds).",,
farms.faostat-wcad.holdings,POL,1981,2897100.0,,,,final,"WCA 1980 round, census 1981. FAO flag A: Official figure. FAO's note: Individual private holdings",,
farms.faostat-wcad.holdings,POL,1990,3783000.0,,,,final,"WCA 1990 round, census 1990. FAO flag A: Official figure. FAO's note: No threshold was reported.",,
farms.faostat-wcad.holdings,POL,2002,2933000.0,,,,final,"WCA 2000 round, census 2002. FAO flag A: Official figure. FAO's note: The following thresholds, with regard to private farms, were used: one ha of agricultural area; one head of cattle; five head of pigs; one sow; three head of sheep or goats; one horse; 30 head of poultry; or five females of fur animals.",,
farms.faostat-wcad.holdings,POL,2010,1506620.0,,,,final,"WCA 2010 round, census 2010. FAO flag A: Official figure. FAO's note: The following thresholds, with regard to natural persons' holdings, were used: one ha of agricultural area; 0.5 ha of fruit trees plantations, fruit shrubs plantations, field vegetables and strawberries, or hops; 0.3 ha ornamental plants and orchard nurseries; 0.1 ha vegetables and strawberries under cover, flowers and ornamental plants under cover, or tobacco; or ten head of total cattle, five cows, 50 pigs, ten sows, or 20 sheep/goats; 100 head of poultry; or five horses.",,
farms.faostat-wcad.holdings,POL,2020,1301490.0,,,,final,"WCA 2020 round, census 2020. FAO flag A: Official figure. FAO's note: For the census, the country adopted the following thresholds: one ha of agricultural land; two ha of arable land; 0.5 ha of potatoes or fresh vegetables and strawberries; 0.2 ha of aromatic, medicinal and culinary plants, flowers and ornamental plants, seeds and seedlings, nurseries; 0.3 ha of fruits trees, berries, nuts trees, other permanent crops excluding nurseries, vineyards; 0.1 ha of vineyards; 0.01 ha of greenhouses or cultivated mushrooms; or 1.7 total livestock units.",,
farms.faostat-wcad.holdings,PRI,1930,52965.0,,,,final,"WCA 1930 round, census 1930. FAO flag A: Official figure.",,
farms.faostat-wcad.holdings,PRI,1950,53515.0,,,,final,"WCA 1950 round, census 1950. FAO flag A: Official figure.",,
farms.faostat-wcad.holdings,PRI,1959,45792.0,,,,final,"WCA 1960 round, census 1959. FAO flag A: Official figure.",,
farms.faostat-wcad.holdings,PRI,1969,32687.0,,,,final,"WCA 1970 round, census 1969. FAO flag A: Official figure. FAO's note: All places from which USD 100 or more of agricultural products were produced and sold, or normally would have been sold, during the 12-month period",,
farms.faostat-wcad.holdings,PRI,1978,31837.0,,,,final,"WCA 1980 round, census 1978. FAO flag A: Official figure. FAO's note: All places from which USD 100 or more of agricultural products were produced and sold, or normally would have been sold, during the 12-month period",,
farms.faostat-wcad.holdings,PRI,1987,20245.0,,,,final,"WCA 1990 round, census 1987. FAO flag A: Official figure. FAO's note: All places from which USD 500 or more of agricultural products were produced and sold, or normally would have been sold, during the 12-month period",,
farms.faostat-wcad.holdings,PRI,2002,17659.0,,,,final,"WCA 2000 round, census 2002. FAO flag A: Official figure. FAO's note: All places from which USD 500 or more of agricultural products were produced and sold, or normally would have been sold, during the 12-month period",,
farms.faostat-wcad.holdings,PRI,2012,13159.0,,,,final,"WCA 2010 round, census 2012. FAO flag A: Official figure. FAO's note: All places from which USD 500 or more of agricultural products were produced and sold, or normally would have been sold, during the 12-month period",,
farms.faostat-wcad.holdings,PRI,2018,8230.0,,,,final,"WCA 2020 round, census 2018. FAO flag A: Official figure. FAO's note: All places from which USD 500 or more of agricultural products were produced and sold, or normally would have been sold, during the 12-month period",,
farms.faostat-wcad.holdings,PRI,2022,7602.0,,,,final,"WCA 2020 round, census 2022. FAO flag A: Official figure.",,
farms.faostat-wcad.holdings,PRT,1952/1954,853568.0,,,,final,"WCA 1950 round, census 1952-1954. FAO flag A: Official figure. FAO's note: The census covered holdings with at least 0.02 ha of land.",,
farms.faostat-wcad.holdings,PRT,1968,811656.0,,,,final,"WCA 1970 round, census 1968. FAO flag A: Official figure. FAO's note: The census covered agricultural holdigns that met the following thresholds: 0.05 ha of agricultural/forest land; one specialized culture; ten livestock heads; or ten fruit trees. The census covered forestry activities.",,
farms.faostat-wcad.holdings,PRT,1979,783944.0,,,,final,"WCA 1980 round, census 1979. FAO flag A: Official figure. FAO's note: The census covered agricultural holdigns that met the following thresholds: 0.5 ha of agricultural/forest land; one specialized culture; five cattle or pigs; 500 chickens or ducks, or 250 geese or partridges. The census covered forestry activities.",,
farms.faostat-wcad.holdings,PRT,1989,598742.0,,,,final,"WCA 1990 round, census 1989. FAO flag A: Official figure. FAO's note: The census covered agricultural holdigns that met the following thresholds: one ha of UAA (0.1 ha in Azores and Madeira); 0.05 ha of flowers or greenhouses or nurseries; 0.5 hectares of specialized cultures; 0.1 ha of specialized garden crops or seed crops; 0.2 ha of tobacco or orchards or wines or hops; one breeding bull, cow or swine; two head of cattle two years old; three pigs for fattening; six sheep or goats; ten female rabbits; 100 chickens or other fowls; or a certain livestock production for the 1988-89 agricultural season. The limits were lowered and adapted to the peculiar characteristics of the autonomous insular regions of Azores and Madeira.",,
farms.faostat-wcad.holdings,PRT,1999,415969.0,,,,final,"WCA 2000 round, census 1999. FAO flag A: Official figure. FAO's note: The census covered agricultural holdigns that met the following thresholds: one ha of UAA; 0.05 ha of flowers or greenhouses or nurseries; 0.1 hectares of specialized cultures; 0.2 ha of industrial crops or orchards; 0.5 ha under potatoes or under other crops extensively cultivated; one breeding bull; one cow; two head of cattle two years old; three pigs for fattening; one swine; six sheep or goats; ten female rabbits; 100 chickens or other fowls; ten beehives; or reported a certain livestock production for the 1998/99 agricultural seasons. The limits prescribed for the Autonomous Regions of the Azores and Madeira were slightly lower, bearing in mind particular regional features.",,
farms.faostat-wcad.holdings,PRT,2009,305270.0,,,,final,"WCA 2010 round, census 2009. FAO flag A: Official figure. FAO's note: The census covered agricultural holding that met the threshold of 1 ha of UAA for the Mainland; however, the holdings had to fulfil a minimum area (or production) for certain specific crops or the existence - on the day of the interviewer's visit, or production in the reference year - of livestock above the established threshold. For the Autonomous Regions, lower thresholds were applied: the minimum UAA had to be 0.1 ha.",,
farms.faostat-wcad.holdings,PRT,2019,290230.0,,,,final,"WCA 2020 round, census 2019. FAO flag A: Official figure. FAO's note: The census covered agricultural holdings that met the threshold of 1 ha of UAA for the Mainland; however, the holdings had to fulfil a minimum area (or production) for certain specific crops or the existence - on the day of the interviewer's visit, or production in the reference year - of livestock above the established threshold. For the Autonomous Regions, lower thresholds were applied: the minimum UAA had to be 0.1 ha.",,
farms.faostat-wcad.holdings,PRY,1961,160777.0,,,,final,"WCA 1960 round, census 1961. FAO flag A: Official figure.",,
farms.faostat-wcad.holdings,PRY,1981,248930.0,,,,final,"WCA 1980 round, census 1981. FAO flag A: Official figure.",,
farms.faostat-wcad.holdings,PRY,1991,307221.0,,,,final,"WCA 1990 round, census 1991. FAO flag A: Official figure. FAO's note: Excluding 475 894 holder's household members under 10 years of age.",,
farms.faostat-wcad.holdings,PRY,2008,289649.0,,,,final,"WCA 2010 round, census 2008. FAO flag A: Official figure.",,
farms.faostat-wcad.holdings,PRY,2022,291497.0,,,,final,"WCA 2020 round, census 2022. FAO flag A: Official figure.",,
farms.faostat-wcad.holdings,PSE,2010,111310.0,,,,final,"WCA 2010 round, census 2010. FAO flag A: Official figure.",,
farms.faostat-wcad.holdings,PSE,2021,140568.0,,,,final,"WCA 2020 round, census 2021. FAO flag A: Official figure. FAO's note: The census considered the following thresholds for agricultural holdings: one dunum (0.1 ha) of cultivated land; 0.5 dunum (0.05 ha) of area under protective cover; one head of cattle or camel; five head of sheep, goats or pigs; 50 chickens or other poultry such as turkeys, ducks, or rabbits or a mixture thereof; three beehives; or the main purpose of production is mainly for sale. The census covered the entire country (16 Governorates in Gaza Strip and West Bank)",,
farms.faostat-wcad.holdings,PYF,1995,6223.0,,,,final,"WCA 1990 round, census 1995. FAO flag A: Official figure.",,
farms.faostat-wcad.holdings,QAT,2000/2001,3553.0,,,,final,"WCA 2000 round, census 2000/01. FAO flag A: Official figure.",,
farms.faostat-wcad.holdings,REU,1972/1973,39111.0,,,,final,"WCA 1970 round, census 1972/73. FAO flag A: Official figure. FAO's note: The census covered agricultural holdings that met the following thresholds: 0.25 ha of agricultural area; or a minimum agricultural production (crop and/or animal)",,
farms.faostat-wcad.holdings,REU,1981,20788.0,,,,final,"WCA 1980 round, census 1981. FAO flag A: Official figure. FAO's note: The census covered agricultural holdings that met the following thresholds: 0.5 ha of agricultural area, under vegetables, or under flower cultivation; 20 scattered fruit trees (harvested); 0.1 ha of cropland; one head of cattle; three pigs; five goats or sheep; 25 chickens for eggs; 50 chickens for meat; 50 other poultry; ten rabbits; or ten bee colonies.",,
farms.faostat-wcad.holdings,REU,1989,15198.0,,,,final,"WCA 1990 round, census 1989. FAO flag A: Official figure.",,
farms.faostat-wcad.holdings,REU,2000,9387.0,,,,final,"WCA 2000 round, census 2000. FAO flag A: Official figure. FAO's note: The census covered agricultural holdings that met the following thresholds: 1 ha of agricultural area in use (SAU); 20 acres (1 acre = 0.40469 ha) of specialized crops; or a sufficient agricultural production, estimated either in productive area (e.g. 10 acres of bananas of export varieties, 10 acres of sugarcane etc.) or in number of animals (e.g. 10 cows, 10 bee-hives etc.).",,
farms.faostat-wcad.holdings,ROU,2002,4484893.0,,,,final,"WCA 2000 round, census 2002. FAO flag A: Official figure. FAO's note: No threshold was used.",,
farms.faostat-wcad.holdings,ROU,2010,3859040.0,,,,final,"WCA 2010 round, census 2010. FAO flag A: Official figure. FAO's note: The following units were not covered: units having only unutilized agricultural area; units with a UAA comprising only kitchen garden, with a total area of less or equal to 15 acres (0.15 ha); and units with less than ten head of poultry.",,
farms.faostat-wcad.holdings,ROU,2020,2887070.0,,,,final,"WCA 2020 round, census 2020. FAO flag A: Official figure. FAO's note: The census covered agricultural holdings that met the following thresholds: 0.15 ha of kitchen garden; ten head of poultry; any area of UAA excluding kitchen gardens; or any livestock units excluding poultry.",,
farms.faostat-wcad.holdings,RUS,2006,23224000.0,,,,final,"WCA 2010 round, census 2006. FAO flag A: Official figure. FAO's note: For subsidiary agricultural enterprises of non-agricultural organizations, the following minimum size limits were applied: (i) 1 ha of sown area of agricultural crops; (ii) 10 head of livestock; (iii) 3 head of cows; (iv) 20 head of pigs; (v) 15 head of sheep and goats; (vi) 30 head of poultry; or (vii) 3 head of horses. For the households engaged in agricultural production, a threshold of 4 Ares (0.04 ha) was established.",,
farms.faostat-wcad.holdings,RUS,2016,23783658.0,,,,final,"WCA 2020 round, census 2016. FAO flag A: Official figure. FAO's note: Information provided by the Russian Federation includes statistical data for the Autonomous Republic of Crimea and the city of Sevastopol, Ukraine, temporarily occupied by the Russian Federation. For subsidiary agricultural enterprises of non-agricultural organizations, the following minimum size limits were applied: (i) 50 ha of sown areas of agricultural crops, or (ii) 10 head of cattle or horses, or (iii) 5 head of cows, or (iv) 20 head of pigs, or (v) 15 head of sheep and goats, or (vi) 100 head of poultry. For the households engaged in agricultural production, a threshold of 4 Ares (0.04 ha) was established.",,
farms.faostat-wcad.holdings,RWA,1984,1111897.0,,,,final,"WCA 1980 round, census 1984. FAO flag A: Official figure.",,
farms.faostat-wcad.holdings,RWA,2022,2280854.0,,,,final,"WCA 2020 round, census 2022. FAO flag A: Official figure. FAO's note: Rwanda implemented the agricultural module of the PHC, but coverage was limited to the household sector.",,
farms.faostat-wcad.holdings,SAU,1973/1974,180670.0,,,,final,"WCA 1970 round, census 1973/74. FAO flag A: Official figure. FAO's note: No threshold was used. The census covered the settled villages administered locally excluding the nomadic tribes living in the desert. Bedouin population was excluded.",,
farms.faostat-wcad.holdings,SAU,1983,212157.0,,,,final,"WCA 1980 round, census 1983. FAO flag A: Official figure. FAO's note: The census covered all holdings having land and practising agriculture in the settled villages. Also the Specialized Farms of wheat, livestock, poultry and vegetables. Nomadic and Bedouin population was excluded.",,
farms.faostat-wcad.holdings,SAU,1999,242267.0,,,,final,"WCA 2000 round, census 1999. FAO flag A: Official figure. FAO's note: No threshold was used. The census covered agriculturally productive regions of the entire country.",,
farms.faostat-wcad.holdings,SAU,2015,346829.0,,,,final,"WCA 2010 round, census 2015. FAO flag A: Official figure. FAO's note: To be covered by the census, agricultural holdings were to have one dunam (0.1 ha) of total land; to raise livestock in a stable manner; or to have at least one camel, one cow, 15 head of sheep or goats, 30 chickens, or five beehives. Aquaculture activities were covered by the census. Nurseries were not covered.",,
farms.faostat-wcad.holdings,SEN,1960/1961,295400.0,,,,final,"WCA 1960 round, census 1960/61. FAO flag A: Official figure.",,
farms.faostat-wcad.holdings,SEN,1998/1999,437037.0,,,,final,"WCA 2000 round, census 1998/99. FAO flag A: Official figure. FAO's note: The census covered all agricultural holdings practicing the rainfall (winter) agriculture in Senegal, with the exclusion of the agricultural holdings operating in urban areas, not identified during the 1997/98 Pre-Census. Geographically, the departments of Bignona, Oussouye and Ziguinchor in the region of Ziguinchor, and the district of Diattacounda in the department of Sedhiou, region of Kolda, were excluded from the census.",,
farms.faostat-wcad.holdings,SEN,2013,755532.0,,,,final,"WCA 2010 round, census 2013. FAO flag A: Official figure. FAO's note: The census covered households with at least one member practicing agricultural activities for own account. Holdings in the non-household sector were not covered in the census. The census covered forestry, aquaculture and capture fisheries activitities.",,
farms.faostat-wcad.holdings,SGP,1973,15741.0,,,,final,"WCA 1970 round, census 1973. FAO flag A: Official figure.",,
farms.faostat-wcad.holdings,SLE,1970/1971,286137.0,,,,final,"WCA 1970 round, census 1970/71. FAO flag A: Official figure.",,
farms.faostat-wcad.holdings,SLE,1985,223265.0,,,,final,"WCA 1980 round, census 1985. FAO flag A: Official figure.",,
farms.faostat-wcad.holdings,SLV,1950,174204.0,,,,final,"WCA 1950 round, census 1950. FAO flag A: Official figure. FAO's note: The census covered holdings engaged in forestry production.",,
farms.faostat-wcad.holdings,SLV,1961,224289.0,,,,final,"WCA 1960 round, census 1961. FAO flag A: Official figure. FAO's note: The census excluded holdings without land or pastures producing livestock or livestock products.",,
farms.faostat-wcad.holdings,SLV,1970/1971,318041.0,,,,final,"WCA 1970 round, census 1970/71. FAO flag A: Official figure. FAO's note: The census covered all holdings engaged in agricultural acttivities in the entire country",,
farms.faostat-wcad.holdings,SLV,2007/2008,397433.0,,,,final,"WCA 2010 round, census 2007/08. FAO flag A: Official figure. FAO's note: The census covered all holdings engaged in agricultural and aquaculture acttivities in the entire country",,
farms.faostat-wcad.holdings,SRB,2002,778891.0,,,,final,"WCA 2000 round, census 2002. FAO flag A: Official figure. FAO's note: The census covered family holding defined as a household that met the following thresholds: 0.1 ha of cultivable land used at the time of the census; a cow and calf or a cow and heifer; a cow and two fully grown heads of small livestock; five fully grown sheep; three fully grown pigs; four fully grown heads of sheep and pigs together; 50 heads of fully grown poultry; or 20 beehives. Agricultural enterprises and cooperatives (legal units) involved in agricultural production were not covered. Kosovo and Metohia were not covered.",,
farms.faostat-wcad.holdings,SRB,2012,631552.0,,,,final,"WCA 2010 round, census 2012. FAO flag A: Official figure. FAO's note: The following thresholds were applied for the family agricultural holdings: 50 ares (0.5 ha) of cultivated (used) agricultural land for agricultural production; practises intensive crop farming, fruit-growing, viticulture,growing of vegetables and flowers, production of mushrooms and livestock raising, that is, engages in other forms of agricultural production intended for the market; two head of cattle; one head of cattle and two head of small animals (pig, goat, sheep) in total; five head of sheep or goats; three head of pig; four head of small animals (pig, goat, sheep) in total; 50 heads of poultry; or 20 colonies of bees. No threshold was applied for legal entities.The Autonomous Provinces of Kosovo and Metohija were not covered by the census.",,
farms.faostat-wcad.holdings,SRB,2023,508325.0,,,,final,"WCA 2020 round, census 2023. FAO flag A: Official figure. FAO's note: The census covered agricultural activities (crop and livestock production). The following thresholds were applied for the family agricultural holdings: (i) cultivates (uses) 50 or more ares (0.5 ha) of agricultural land for agricultural production, regardless of whether such production is intended for the market; (ii) cultivates (uses) less than 50 ares (0.5 ha) of agricultural land but practises intensive crop farming, fruit-growing, viticulture, growing of vegetables and flowers production of mushrooms and/or livestock raising; (iii) two head of cattle; (iv) one head of cattle and two head of small animals (pig, goat, sheep); (v) five head of sheep or goats; (vi) three head of pig; (vii) four head of small animals; (viii) 50 head of poultry; or (ix) 20 bee colonies. No threshold was applied for legal entities.",,
farms.faostat-wcad.holdings,STP,1990,13822.0,,,,final,"WCA 1990 round, census 1990. FAO flag A: Official figure.",,
farms.faostat-wcad.holdings,SUR,1959,16239.0,,,,final,"WCA 1960 round, census 1959. FAO flag A: Official figure. FAO's note: The census covered holdings that met the following thresholds: 0.12 ha of total area; crops cultivated for sale; two cows or pigs or 100 chickens if major part of the produce was for sale. All census areas where farming was practised regularly and on a reasonable scale were covered by the census.",,
farms.faostat-wcad.holdings,SUR,1969,16078.0,,,,final,"WCA 1970 round, census 1969. FAO flag A: Official figure. FAO's note: The census covered holdings that met the following thresholds: 0.12 ha of total area; crops cultivated for sale; two cows or pigs or 100 chickens if major part of the produce was for sale. All census areas where farming was practised regularly and on a reasonable scale were covered by the census.",,
farms.faostat-wcad.holdings,SUR,1981,22103.0,,,,final,"WCA 1980 round, census 1981. FAO flag A: Official figure. FAO's note: The census covered holdings that met the following thresholds: 0.12 ha of total area; two cows or pigs; 100 chickens; or six goats or sheep.",,
farms.faostat-wcad.holdings,SUR,2008,10234.0,,,,final,"WCA 2010 round, census 2008. FAO flag A: Official figure. FAO's note: Only holdings above any of the following thresholds were enumerated: 0.02 ha of land under temporary or semi-perennial crops (bananas, papaya, pineapple, passionfruit and sugarcane); 20 m2 of leek, celery or leaf onions; 20 harvested fruit trees; ten fruit trees of a single type harvested; two head of cattle; five goats; five sheep or pigs; one sow; 25 chickens or ducks; five hives; or one fishpond larger than 50 m2. The census covered aquaculture activities.",,
farms.faostat-wcad.holdings,SVK,2001,71038.0,,,,final,"WCA 2000 round, census 2001. FAO flag A: Official figure. FAO's note: No threshold was used.",,
farms.faostat-wcad.holdings,SVK,2010,24460.0,,,,final,"WCA 2010 round, census 2010. FAO flag A: Official figure. FAO's note: The following thresholds were used for agricultural holdigns: 1 ha of UAA; 0.5 ha of vineyards, orchards or nurseries; 0.1 ha of tobacco, hops, vegetables, flowers, melons, strawberries and areas under protective cover; one cattle; three pigs; five goats or sheep; or 100 head of poultry.",,
farms.faostat-wcad.holdings,SVK,2020,19630.0,,,,final,"WCA 2020 round, census 2020. FAO flag A: Official figure. FAO's note: The census considered the following thresholds for agricultural holdings: five ha of UAA; two ha of arable land; 0.5 ha of potatoes (including seed potatoes) - outdoor, or fresh vegetables (including melons) and strawberries - outdoor; 0.2 ha of aromatic, medicinal and culinary plants - outdoor, flowers and ornamental plants (excluding nurseries) - outdoor, seeds and seedlings - outdoor, or nurseries - outdoor; 0.3 ha of fruits, berries and nuts (excluding citrus fruits, grapes and strawberries) - outdoor, or other permanent crops including other permanent crops for human consumption - outdoor; 0.1 ha of vineyards; 0.01 ha of UAA under glass or high accessible cover, or cultivated mushrooms; or 1.7 livestock units.",,
farms.faostat-wcad.holdings,SVN,1991,156549.0,,,,final,"WCA 1990 round, census 1991. FAO flag A: Official figure. FAO's note: The following thresholds were used for agricultural holdings: 0.1 ha of arable land; one cow and one calf or one cow and one young cattle; one cow and two small head of cattle; five full grown sheep; three full grown pigs; four full grown sheep and pigs in total; 50 head of full grown poultry; or 20 beehives.",,
farms.faostat-wcad.holdings,SVN,2000,86465.0,,,,final,"WCA 2000 round, census 2000. FAO flag A: Official figure. FAO's note: The following thresholds were used for agricultural holdings: 1 ha of UAA; 0.1 ha of agricultural land and 0.9 ha of wood/forest; 0.5 ha of arable land and kitchen gardens; 0.3 ha of vineyards and/or orchards; 0.1 ha of orchard plantation; two head of cattle; 50 beehives; or were market producers of vegetables.",,
farms.faostat-wcad.holdings,SVN,2010,74650.0,,,,final,"WCA 2010 round, census 2010. FAO flag A: Official figure. FAO's note: The following thresholds were used for agricultural holdings: 1 ha of UAA; 0.1 ha of UAA and 0.9 ha of forest; 0.3 ha of vineyards and/or orchards; two livestock units (LSUs); 0.15 to 0.3 ha of vineyards/orchards and one or two LSUs; 50 beehives; or the holdings were market producers of vegetables, herbs, strawberries, mushrooms, flowers or ornamental plants.",,
farms.faostat-wcad.holdings,SVN,2020,72470.0,,,,final,"WCA 2020 round, census 2020. FAO flag A: Official figure. FAO's note: The following thresholds were used for agricultural holdings: one ha of UAA; 0.1 ha of UAA and 0.9 ha of forest; 0.3 ha of vineyards and/or orchards; two livestock units; 0.15 to 0.3 ha ofvineyards/orchards and one or two LSU; 50 beehives; or the holdings are market producers of vegetables, herbs, strawberries, mushrooms, flowers or ornamental plants.",,
farms.faostat-wcad.holdings,SWE,1932,669751.0,,,,final,"WCA 1930 round, census 1932. FAO flag A: Official figure. FAO's note: No threshold was reported.",,
farms.faostat-wcad.holdings,SWE,1951,674624.0,,,,final,"WCA 1950 round, census 1951. FAO flag A: Official figure. FAO's note: No threshold was reported.",,
farms.faostat-wcad.holdings,SWE,1961,264580.0,,,,final,"WCA 1960 round, census 1961. FAO flag A: Official figure. FAO's note: The census covered farms with any agricultural land. Farms with less than two ha of arable land were enumerated only within certain parishes selected for the agricultural census.",,
farms.faostat-wcad.holdings,SWE,1971,161946.0,,,,final,"WCA 1970 round, census 1971. FAO flag A: Official figure. FAO's note: The census covered holdings with more than two ha of arable land or including 'agricultural real estate' and having 0.3 to two ha of arable land. Census included forestry activities.",,
farms.faostat-wcad.holdings,SWE,1981,115136.0,,,,final,"WCA 1980 round, census 1981. FAO flag A: Official figure. FAO's note: The census covered holdings that met the following thresholds: two ha. of arable land; 250 pigs or 500 sheep or 1 000 poultry.",,
farms.faostat-wcad.holdings,SWE,1999/2000,81410.0,,,,final,"WCA 2000 round, census 1999/00. FAO flag A: Official figure. FAO's note: The census covered holdings that met the following thresholds: 2.1 ha. of arable land; 50 cows or 250 cattle or 50 sows or 250 pigs or 50 ewes or 1000 poultry; or 0.02 ha of area under glass or 0.25 ha of outdoor cultivation. Cultivation in homestead garden or for own consumption was excluded.",,
farms.faostat-wcad.holdings,SWE,2010,71090.0,,,,final,"WCA 2010 round, census 2010. FAO flag A: Official figure. FAO's note: The census covered all agricultural holdings that met the following thresholds: two ha of arable land; five ha of agricultural land; 0.02 ha under glass; 0.25 ha of outdoor horticultural cultivation; or ten head of cattle, ten sows, 50 pigs, 20 ewes or 1 000 head of poultry.",,
farms.faostat-wcad.holdings,SWE,2020,58790.0,,,,final,"WCA 2020 round, census 2020. FAO flag A: Official figure. FAO's note: The census covered all agricultural holdings that met the following thresholds: five ha of UAA; two ha of arable land - outdoor, fruits, berries and nuts (excluding citrus fruits, grapes and strawberries) - outdoor, nurseries - outdoor, or short rotation coppice areas; 0.25 ha of fresh vegetables (including melons) and strawberries - outdoor, flowers and ornamental plants (excluding nurseries) - outdoor, permanent crops (including young and temporarily abandoned plantations, excluding areas producing for own consumption only) - outdoor; 0.02 ha of UAA - under glass or high accessible cover; ten cattle or breeding sows, live weight 50 kg or over; 50 pigs; 20 sheep; or 1 000 poultry.",,
farms.faostat-wcad.holdings,SWZ,1972,39377.0,,,,final,"WCA 1970 round, census 1972. FAO flag A: Official figure.",,
farms.faostat-wcad.holdings,SWZ,1984,53368.0,,,,final,"WCA 1980 round, census 1984. FAO flag A: Official figure.",,
farms.faostat-wcad.holdings,SWZ,1993,73745.0,,,,final,"WCA 1990 round, census 1993. FAO flag A: Official figure.",,
farms.faostat-wcad.holdings,SWZ,2012/2013,108164.0,,,,final,"WCA 2010 round, census 2012/13. FAO flag A: Official figure.",,
farms.faostat-wcad.holdings,SYC,1960,1143.0,,,,final,"WCA 1960 round, census 1960. FAO flag A: Official figure. FAO's note: The census covered holdings with at least two acres of total area.",,
farms.faostat-wcad.holdings,SYC,1998,4685.0,,,,final,"WCA 2000 round, census 1998. FAO flag A: Official figure. FAO's note: The census covered households involved in agricultural or livestock activities, identified through the Agricultural Module of the Population and Housing Census questionnaire.",,
farms.faostat-wcad.holdings,SYC,2011,530.0,,,,final,"WCA 2010 round, census 2011. FAO flag A: Official figure. FAO's note: The census covered agricultural households classified as producing mainly for sale. Households producing for own consumption were not included. All EAs without at least one non-household farm were excluded (40 percent of all agricultural holdings and 303 EAs (or 57 percent) of the 527 EAs were excluded). The islands of MahÄ, Praslin and La Digue and their immediate satellite islands, where agricultural activities were conducted, were covered by the census. Islands with low habitation or that are uninhabited were excluded.",,
farms.faostat-wcad.holdings,SYR,1970/1971,524133.0,,,,final,"WCA 1970 round, census 1970/71. FAO flag A: Official figure.",,
farms.faostat-wcad.holdings,SYR,1981,485691.0,,,,final,"WCA 1980 round, census 1981. FAO flag A: Official figure.",,
farms.faostat-wcad.holdings,TCD,1972/1973,366475.0,,,,final,"WCA 1970 round, census 1972/73. FAO flag A: Official figure. FAO's note: Traditional sector including 8 prefectures: Kanem Lac, Logone occidental, Logone oriental, TandjillÄ, Mayo-KÄbi, Moyen Chari, Chari Baguirmi",,
farms.faostat-wcad.holdings,TGO,1961/1962,217127.0,,,,final,"WCA 1960 round, census 1961/62. FAO flag A: Official figure.",,
farms.faostat-wcad.holdings,TGO,1970,232657.0,,,,final,"WCA 1970 round, census 1970. FAO flag A: Official figure. FAO's note: The census covered holdings in the traditional sector of which at least one member cultivates a minimum of one parcel. Landless holdings (e.g. livestock holdings) were excluded from the census. The communes of Lome, Aneho, Tsevie, Kpalime, Sokode, Bassar Kora and Atacpame were excluded.",,
farms.faostat-wcad.holdings,TGO,1983,262504.0,,,,final,"WCA 1980 round, census 1983. FAO flag A: Official figure. FAO's note: The census was based on a sample of households. The communes of Lome, Aneho, Tsevie, Kpalime, Sokode, Bassar Kora and Atacpame were excluded.",,
farms.faostat-wcad.holdings,TGO,1996,429534.0,,,,final,"WCA 2000 round, census 1996. FAO flag A: Official figure. FAO's note: The census covered agricultural holdings in the household sector. Households with more than 100 cattle were excluded from the scope of the survey. Were also excluded, the agricultural households of certain urban areas and those practicing cash crops (coffee, cocoa and cotton).",,
farms.faostat-wcad.holdings,TGO,2012/2014,508599.0,,,,final,"WCA 2010 round, census 2012-2014. FAO flag A: Official figure. FAO's note: The census covered agricultural holdings in the household sector, only in rural areas. The census did not cover the irrigation areas.",,
farms.faostat-wcad.holdings,THA,1963,3214405.0,,,,final,"WCA 1960 round, census 1963. FAO flag A: Official figure. FAO's note: The following threshold were used for agricultural holdings: two rais (0.32 ha) of land for agricultural operations; 0.5 rai (0.08 ha) land under vegetables; one head of cattle or buffalo; five pigs, goats or sheep; 100 chickens or ducks; or 2400 bath ($ 100) from the sale of products. Certain districts in the provinces of Phranakhorn and Thomburi were excluded.",,
farms.faostat-wcad.holdings,THA,1978,4018427.0,,,,final,"WCA 1980 round, census 1978. FAO flag A: Official figure. FAO's note: The following threshold were used for agricultural holdings: two rais (0.32 ha) of area operated; five head of cattle and/or buffaloes; five swines; or 100 chickens or ducks.",,
farms.faostat-wcad.holdings,THA,1993,5647490.0,,,,final,"WCA 1990 round, census 1993. FAO flag A: Official figure. FAO's note: The following threshold were used for agricultural holdings: two rais (0.32 ha) of area operated; two head of cattle and/or buffaloes; five pigs; 100 chickens and/or ducks; or income earned from selling crops or animals or animal products during the last 12 months mounting to 6 500 baths and over",,
farms.faostat-wcad.holdings,THA,2003,5792519.0,,,,final,"WCA 2000 round, census 2003. FAO flag A: Official figure. FAO's note: No threshold was used. The census covered fresh water culturing activities.",,
farms.faostat-wcad.holdings,THA,2013,5911567.0,,,,final,"WCA 2010 round, census 2013. FAO flag A: Official figure. FAO's note: No threshold was used. The census covered aquaculture activities and included sea salt farms.",,
farms.faostat-wcad.holdings,THA,2023,8659470.0,,,,final,"WCA 2020 round, census 2023. FAO flag A: Official figure. FAO's note: The census covered agricultural activities (crop and livestock production) and inland aquaculture activities. The AC 2023 included also sea salt farms.",,
farms.faostat-wcad.holdings,TJK,2013,1087298.0,,,,final,"WCA 2010 round, census 2013. FAO flag A: Official figure.",,
farms.faostat-wcad.holdings,TLS,2019,142644.0,,,,final,"WCA 2020 round, census 2019. FAO flag A: Official figure. FAO's note: The census covered all agricultural activities (crop production, livestock rearing, and poultry), fisheries and aquaculture activities for all households in the country including its rural and urban areas along with the non-household institutional farms operated by a corporation (company), religious or nonprofit organization (e.g., church, trust), cooperative/community (group activity), or government.",,
farms.faostat-wcad.holdings,TON,1985,10121.0,,,,final,"WCA 1980 round, census 1985. FAO flag A: Official figure.",,
farms.faostat-wcad.holdings,TON,2001,10328.0,,,,final,"WCA 2000 round, census 2001. FAO flag A: Official figure.",,
farms.faostat-wcad.holdings,TON,2015,13944.0,,,,final,"WCA 2010 round, census 2015. FAO flag A: Official figure.",,
farms.faostat-wcad.holdings,TTO,1950,31000.0,,,,final,"WCA 1950 round, census 1950. FAO flag A: Official figure.",,
farms.faostat-wcad.holdings,TTO,1963,35796.0,,,,final,"WCA 1960 round, census 1963. FAO flag A: Official figure. FAO's note: The census covered agricultural holdings that met the following thresholds: 0.4 ha of total land; 0.5 ha of cultivated land; ten bearing fruits trees, banana or plantain plants; 0.05 ha in vegetables, food and cash crops; one head of cattle; two pigs, goats or sheep; total of two pigs, goats and sheep; or 12 poultry.",,
farms.faostat-wcad.holdings,TTO,1982,30563.0,,,,final,"WCA 1980 round, census 1982. FAO flag A: Official figure. FAO's note: The census covered agricultural holdings that met the following thresholds: piece of land of any size; two head of cattle, pigs, goats or sheep or any other types of livestock beign raised for agricultural purposes, or one head of any two types of livestock; 12 poultry which were being raised for commercial purposes; or 1/8 of an acre of land under agricultural cultivation for commercial purposes.",,
farms.faostat-wcad.holdings,TTO,2004,19111.0,,,,final,"WCA 2000 round, census 2004. FAO flag A: Official figure. FAO's note: The census covered agricultural holdings that met the following thresholds: 1/8 acre (0.05 ha) of total area; two head of cattle, pigs, goats or sheep or any other types of livestock, or one head of any two types of livestock being raised for agricultural purposes primarily for sale; 12 poultry of which all or some were being raised primarily for sale; engaged in bee-keeping or fish farming activities primarily for sale; land being cultivated for crops (vegetables fruits and other tree crops) primarily for sale; growing of Ornamental Plants, Flowers primarily for sale. Backyard gardens on which crops were being grown solely for home consumption were not included. However, where hydroponic and grow box techniques are being used to produce crops for sale, such places would qualify as holdings regardless of the size of land being used.",,
farms.faostat-wcad.holdings,TUN,1961/1962,325800.0,,,,final,"WCA 1960 round, census 1961/62. FAO flag A: Official figure. FAO's note: No threshold was used. Small and medium holdings whose holders resided in the city of Tunis and its outskirts, and in the city of Bizerte, Menzel, Bourguiba and Kerkenna, were excluded. In the city of Sfax, family gardens with an area of less than 0.5 ha, were also excluded.",,
farms.faostat-wcad.holdings,TUN,1994/1995,471000.0,,,,final,"WCA 1990 round, census 1994/95. FAO flag A: Official figure.",,
farms.faostat-wcad.holdings,TUN,2004/2005,515850.0,,,,final,"WCA 2000 round, census 2004/05. FAO flag A: Official figure. FAO's note: To be considered agricultural holding, one of the following minimum size conditions was to be satisfied: 0.01 ha of irrigated cultures; one ha of not irrigated cultures; one milk cow; six female sheep or goats; ten mares; ten female camels; 500 chickens and 50 laying-hens; 20 bee-hives of a certain size; or 50 adult female-rabbits, five cages of adult males and five cages of young rabbits.",,
farms.faostat-wcad.holdings,TUR,1963,3409846.0,,,,final,"WCA 1960 round, census 1963. FAO flag A: Official figure. FAO's note: No threshold was used.",,
farms.faostat-wcad.holdings,TUR,1980,3650910.0,,,,final,"WCA 1980 round, census 1980. FAO flag A: Official figure. FAO's note: The census covered holdings engaged in crop production without regard to size of land and having at least two cattle or five sheep or goats.",,
farms.faostat-wcad.holdings,TUR,1991,4068432.0,,,,final,"WCA 1990 round, census 1991. FAO flag A: Official figure. FAO's note: In the villages/settlements having 5 000 inhabitants and more, holdings were covered that met the following thresholds:50 ha of irrigated land or 100 ha of not-irrigated land regardless of number of livestock owned in Region n. 1, 3, 5, 6 and 9; 25 ha of irrigated land or 50 ha of not-irrigated land regadless of number of livestock owned in Region n. 2, 4, 7 and 8; regardless of regional differences, all holdings having 300 sheep and/or goats and 100 cattle and/or buffaloes. In the villages/settlements having less than 5 000 inhabitants, no threshold was used.",,
farms.faostat-wcad.holdings,TUR,2001,3076649.0,,,,final,"WCA 2000 round, census 2001. FAO flag A: Official figure. FAO's note: No threshold was used.",,
farms.faostat-wcad.holdings,TUV,2017,1464.0,,,,final,"WCA 2020 round, census 2017. FAO flag A: Official figure.",,
farms.faostat-wcad.holdings,TWN,1961,808267.0,,,,final,"WCA 1960 round, census 1961. FAO flag A: Official figure. FAO's note: The pertains only to the Taiwan province of China",,
farms.faostat-wcad.holdings,TZA,1960,1241.0,,,,final,"WCA 1960 round, census 1960. FAO flag A: Official figure. FAO's note: Data pertains to commercial holdings only and it excludes Zanizibar",,
farms.faostat-wcad.holdings,TZA,1971/1972,2434425.0,,,,final,"WCA 1970 round, census 1971/72. FAO flag A: Official figure. FAO's note: No threshold was used. Zanzibar and Pemba were excluded.",,
farms.faostat-wcad.holdings,TZA,1994/1995,3872323.0,,,,final,"WCA 1990 round, census 1994/95. FAO flag A: Official figure. FAO's note: The census covered agricultural holdings that met the following thresholds: 25 m2 of arable land; one head of cattle; five goats/sheep/pigs; or 50 chicken/ducks/turkeys. Urban areas, large scale farms and Zanzibar were not covered by the census.",,
farms.faostat-wcad.holdings,TZA,2002/2003,4901837.0,,,,final,"WCA 2000 round, census 2002/03. FAO flag A: Official figure. FAO's note: The census covered agricultural holdings that met the following thresholds: 25 m2 of arable land; one head of cattle; five goats/sheep/pigs; or 50 chicken/ducks/turkeys. The census covered smallholders in rural areas only and all large-scale farms. Urban and peri-urban areas were not covered by the census.",,
farms.faostat-wcad.holdings,TZA,2007/2008,5839529.0,,,,final,"WCA 2010 round, census 2007/08. FAO flag A: Official figure. FAO's note: The census covered agricultural holdings that met the following thresholds: 25 m2 of arable land; one head of cattle; five goats/sheep/pigs; or 50 chicken/ducks/turkeys. The census covered smallholders in rural areas only and all large-scale farms. Urban and peri-urban areas were not covered by the census.",,
farms.faostat-wcad.holdings,UGA,1963/1964,1171000.0,,,,final,"WCA 1960 round, census 1963/64. FAO flag A: Official figure.",,
farms.faostat-wcad.holdings,UGA,1991,1704721.0,,,,final,"WCA 1990 round, census 1991. FAO flag A: Official figure.",,
farms.faostat-wcad.holdings,UGA,2002,3833485.0,,,,final,"WCA 2000 round, census 2002. FAO flag A: Official figure. FAO's note: Based on an agricultural module included in the population census conducted in both rural and urban areas.",,
farms.faostat-wcad.holdings,UGA,2008/2009,3945753.0,,,,final,"WCA 2010 round, census 2008/09. FAO flag A: Official figure. FAO's note: No threshold was used. The census covered aquaculture activities.",,
farms.faostat-wcad.holdings,URY,1930,37306.0,,,,final,"WCA 1930 round, census 1930. FAO flag A: Official figure. FAO's note: No threshold was used.",,
farms.faostat-wcad.holdings,URY,1951,85258.0,,,,final,"WCA 1950 round, census 1951. FAO flag A: Official figure. FAO's note: The census covered agricultural holdings with at least one ha of total area in rural zones.",,
farms.faostat-wcad.holdings,URY,1961,86928.0,,,,final,"WCA 1960 round, census 1961. FAO flag A: Official figure. FAO's note: The census covered agricultural holdings with at least one ha of total area.",,
farms.faostat-wcad.holdings,URY,1970,77163.0,,,,final,"WCA 1970 round, census 1970. FAO flag A: Official figure. FAO's note: Although no threshold was used, data was published for holdings with at least one ha of total land. The census covered forestry activities.",,
farms.faostat-wcad.holdings,URY,1980,68362.0,,,,final,"WCA 1980 round, census 1980. FAO flag A: Official figure. FAO's note: The census covered agricultural holdings with at least one ha of total area.",,
farms.faostat-wcad.holdings,URY,1990,54819.0,,,,final,"WCA 1990 round, census 1990. FAO flag A: Official figure. FAO's note: The census covered agricultural holdings with at least one ha of total area. Forestry holdings were not covered.",,
farms.faostat-wcad.holdings,URY,2000,57131.0,,,,final,"WCA 2000 round, census 2000. FAO flag A: Official figure. FAO's note: The census covered agricultural holdings with at least one ha of total area. The census covered forestry activities.",,
farms.faostat-wcad.holdings,URY,2011,44781.0,,,,final,"WCA 2010 round, census 2011. FAO flag A: Official figure. FAO's note: Although no threshold was used, data was published for holdings with at least one ha of total land. The census covered forestry activities.",,
farms.faostat-wcad.holdings,USA,1930,6295103.0,,,,final,"WCA 1930 round, census 1930. FAO flag A: Official figure.",,
farms.faostat-wcad.holdings,USA,1950,5388437.0,,,,final,"WCA 1950 round, census 1950. FAO flag A: Official figure.",,
farms.faostat-wcad.holdings,USA,1959,3710503.0,,,,final,"WCA 1960 round, census 1959. FAO flag A: Official figure.",,
farms.faostat-wcad.holdings,USA,1969,2730250.0,,,,final,"WCA 1970 round, census 1969. FAO flag A: Official figure.",,
farms.faostat-wcad.holdings,USA,1978,2478642.0,,,,final,"WCA 1980 round, census 1978. FAO flag A: Official figure. FAO's note: The census definition of a farm is any place from which $1,000 or more of agricultural products were produced and sold, or normally would have been sold, during the census year.",,
farms.faostat-wcad.holdings,USA,1987,2087759.0,,,,final,"WCA 1990 round, census 1987. FAO flag A: Official figure. FAO's note: The census definition of a farm is any place from which $1,000 or more of agricultural products were produced and sold, or normally would have been sold, during the census year.",,
farms.faostat-wcad.holdings,USA,2002,2128982.0,,,,final,"WCA 2000 round, census 2002. FAO flag A: Official figure. FAO's note: The census definition of a farm is any place from which $1,000 or more of agricultural products were produced and sold, or normally would have been sold, during the census year.",,
farms.faostat-wcad.holdings,USA,2012,2109303.0,,,,final,"WCA 2010 round, census 2012. FAO flag A: Official figure. FAO's note: The census definition of a farm is any place from which $1,000 or more of agricultural products were produced and sold, or normally would have been sold, during the census year.",,
farms.faostat-wcad.holdings,USA,2017,2042220.0,,,,final,"WCA 2020 round, census 2017. FAO flag A: Official figure. FAO's note: The census definition of a farm is any place from which $1,000 or more of agricultural products were produced and sold, or normally would have been sold, during the census year.",,
farms.faostat-wcad.holdings,USA,2022,1900487.0,,,,final,"WCA 2020 round, census 2022. FAO flag A: Official figure. FAO's note: The agricultural operations that did not produce and sell USD 1 000 or more of agricultural products during the census year, or did not have the potential, were excluded from the CA.",,
farms.faostat-wcad.holdings,VCT,1986,8860.0,,,,final,"WCA 1990 round, census 1986. FAO flag A: Official figure.",,
farms.faostat-wcad.holdings,VCT,2000,7380.0,,,,final,"WCA 2000 round, census 2000. FAO flag A: Official figure.",,
farms.faostat-wcad.holdings,VEN,1961,320094.0,,,,final,"WCA 1960 round, census 1961. FAO flag A: Official figure.",,
farms.faostat-wcad.holdings,VEN,1971,287919.0,,,,final,"WCA 1970 round, census 1971. FAO flag A: Official figure.",,
farms.faostat-wcad.holdings,VEN,1985,381276.0,,,,final,"WCA 1980 round, census 1985. FAO flag A: Official figure.",,
farms.faostat-wcad.holdings,VEN,1996/1997,500979.0,,,,final,"WCA 2000 round, census 1996/97. FAO flag A: Official figure. FAO's note: Places with less than the minimum size, abandoned holdings and those used only for recreation, were not considered as agricultural holdings. Minimum size was not reported. The census covered all sectors of agriculture.",,
farms.faostat-wcad.holdings,VEN,2008,502676.0,,,,final,"WCA 2010 round, census 2008. FAO flag A: Official figure. FAO's note: The census covered UPA that met the following thresholds: 0.5 ha of cultivated area; any surface cultivated with vegetables or flowers for commercial purposes; five ha of grassland; 20 fruit trees of the same species; five cattle; 15 pigs, goats or sheep; 100 birds of the same species; five beehives; 25 m2 of water mirror for aquaculture purposes; any production unit with organic crops, nurseries or crops with special and/or handicraft techniques; or other animals of agricultural production greater than or equal to 100 head.",,
farms.faostat-wcad.holdings,VGB,1961,792.0,,,,final,"WCA 1960 round, census 1961. FAO flag A: Official figure.",,
farms.faostat-wcad.holdings,VIR,1930,329.0,,,,final,"WCA 1930 round, census 1930. FAO flag A: Official figure.",,
farms.faostat-wcad.holdings,VIR,1950,755.0,,,,final,"WCA 1950 round, census 1950. FAO flag A: Official figure.",,
farms.faostat-wcad.holdings,VIR,1959,501.0,,,,final,"WCA 1960 round, census 1959. FAO flag A: Official figure.",,
farms.faostat-wcad.holdings,VIR,1969,212.0,,,,final,"WCA 1970 round, census 1969. FAO flag A: Official figure.",,
farms.faostat-wcad.holdings,VIR,1978,378.0,,,,final,"WCA 1980 round, census 1978. FAO flag A: Official figure.",,
farms.faostat-wcad.holdings,VIR,1987,267.0,,,,final,"WCA 1990 round, census 1987. FAO flag A: Official figure. FAO's note: All places from which USD 100 or more of agricultural products were produced and sold, or normally would have been sold, during the 12-month period",,
farms.faostat-wcad.holdings,VIR,2002,191.0,,,,final,"WCA 2000 round, census 2002. FAO flag A: Official figure. FAO's note: All places from which USD 500 or more of agricultural products were produced and sold, or normally would have been sold, during the 12-month period",,
farms.faostat-wcad.holdings,VIR,2007,219.0,,,,final,"WCA 2010 round, census 2007. FAO flag A: Official figure. FAO's note: All places from which USD 500 or more of agricultural products were produced and sold, or normally would have been sold, during the 12-month period",,
farms.faostat-wcad.holdings,VIR,2018,565.0,,,,final,"WCA 2020 round, census 2018. FAO flag A: Official figure. FAO's note: All places from which USD 500 or more of agricultural products were produced and sold, or normally would have been sold, during the 12-month period",,
farms.faostat-wcad.holdings,VIR,2023,619.0,,,,final,"WCA 2020 round, census 2023. FAO flag A: Official figure. FAO's note: The farm is defined as any agricultural production unit (called 'place' according to country's terminology) from which USD 500 or more of agricultural products were produced and sold, 2 or normally would have been sold, during the calendar year 2023.",,
farms.faostat-wcad.holdings,VNM,1960/1961,1897118.0,,,,final,"WCA 1960 round, census 1960/61. FAO flag A: Official figure.",,
farms.faostat-wcad.holdings,VNM,1994,9528896.0,,,,final,"WCA 1990 round, census 1994. FAO flag A: Official figure.",,
farms.faostat-wcad.holdings,VNM,2001,10689753.0,,,,final,"WCA 2000 round, census 2001. FAO flag A: Official figure.",,
farms.faostat-wcad.holdings,VNM,2011,10376981.0,,,,final,"WCA 2010 round, census 2011. FAO flag A: Official figure. FAO's note: The following thresholds were used for crop farm and aquaculture farm: 3.1 ha for the South East and for the Mekong River Delta; 2.1 ha for the rest of the provinces; the output value of its goods reached VND 700 million in 2010 (approximately $ 33 200). For livestock farm: the output value of its goods reached VND one billion in 2010 (approximately $ 47 430). And for forestry farm: having a minimum area of 31 ha and the average output value of its goods reached VND 500 million per year (approximately $ 23 700). The census covered fishery and forestry activities.",,
farms.faostat-wcad.holdings,VNM,2016,9291825.0,,,,final,"WCA 2020 round, census 2016. FAO flag A: Official figure. FAO's note: Data refer to households that are engaged in agricultural, forestry and fisheries activities.",,
farms.faostat-wcad.holdings,VUT,1993,22000.0,,,,final,"WCA 1990 round, census 1993. FAO flag A: Official figure.",,
farms.faostat-wcad.holdings,VUT,2007,38909.0,,,,final,"WCA 2010 round, census 2007. FAO flag A: Official figure.",,
farms.faostat-wcad.holdings,WSM,1989,11099.0,,,,final,"WCA 1990 round, census 1989. FAO flag A: Official figure.",,
farms.faostat-wcad.holdings,WSM,1999,14734.0,,,,final,"WCA 2000 round, census 1999. FAO flag A: Official figure.",,
farms.faostat-wcad.holdings,WSM,2009,15793.0,,,,final,"WCA 2010 round, census 2009. FAO flag A: Official figure.",,
farms.faostat-wcad.holdings,WSM,2019,27068.0,,,,final,"WCA 2020 round, census 2019. FAO flag A: Official figure.",,
farms.faostat-wcad.holdings,YEM,1982/1983,756271.0,,,,final,"WCA 1980 round, census 1982/83. FAO flag A: Official figure. FAO's note: Data refer to Yemen [Yemen A.R. (former) + Yemen D.R.(former)].",,
farms.faostat-wcad.holdings,YEM,2003,1488406.0,,,,final,"WCA 2000 round, census 2003. FAO flag A: Official figure. FAO's note: Data refer to Yemen [Yemen A.R. (former) + Yemen D.R.(former)].",,
farms.faostat-wcad.holdings,ZAF,1930,96940.0,,,,final,"WCA 1930 round, census 1930. FAO flag A: Official figure.",,
farms.faostat-wcad.holdings,ZAF,1950,116848.0,,,,final,"WCA 1950 round, census 1950. FAO flag A: Official figure.",,
farms.faostat-wcad.holdings,ZAF,1960,110362.0,,,,final,"WCA 1960 round, census 1960. FAO flag A: Official figure.",,
farms.faostat-wcad.holdings,ZAF,1970/1971,90422.0,,,,final,"WCA 1970 round, census 1970/71. FAO flag A: Official figure.",,
farms.faostat-wcad.holdings,ZAF,2000,1093000.0,,,,final,"WCA 2000 round, census 2000. FAO flag A: Official figure. FAO's note: In addition to Commercial Farm Sector covered in the previous surveys, this survey also covered Large, Small and Emerging Farm sectors. Thus the figures are not comparable.",,
farms.faostat-wcad.holdings,ZAF,2007,39966.0,,,,final,"WCA 2010 round, census 2007. FAO flag A: Official figure.",,
farms.faostat-wcad.holdings,ZAF,2017,40122.0,,,,final,"WCA 2020 round, census 2017. FAO flag A: Official figure. FAO's note: The data is only for commercial farmers (those registered for tax). Farmers not registered for tax are not included.",,
farms.faostat-wcad.holdings,ZMB,1950,967.0,,,,final,"WCA 1950 round, census 1950. FAO flag A: Official figure. FAO's note: Data pertains to European holdings only",,
farms.faostat-wcad.holdings,ZMB,1960,1467.0,,,,final,"WCA 1960 round, census 1960. FAO flag A: Official figure. FAO's note: Data pertains to European holdings only",,
farms.faostat-wcad.holdings,ZMB,1970/1971,767990.0,,,,final,"WCA 1970 round, census 1970/71. FAO flag A: Official figure.",,
farms.faostat-wcad.holdings,ZMB,1990,520520.0,,,,final,"WCA 1990 round, census 1990. FAO flag A: Official figure.",,
farms.faostat-wcad.holdings,ZMB,2000,1305783.0,,,,final,"WCA 2000 round, census 2000. FAO flag A: Official figure. FAO's note: Households engaged in agriculture, as per information collected in the Population and Housing Census.",,
farms.faostat-wcad.holdings,ZWE,1950,5054.0,,,,final,"WCA 1950 round, census 1950. FAO flag A: Official figure. FAO's note: Data pertains to European holdings only. 682 holdings for which the areas were not declared, are included in the number of holdings, but not in the total area.",,
farms.faostat-wcad.holdings,ZWE,1960,437589.0,,,,final,"WCA 1960 round, census 1960. FAO flag A: Official figure.",,
