# Greenhouse gas emissions from agrifood systems, by country
# Indicator: food.faostat.agrifood-emissions-by-country (vintage 2025-10-28); unit: million tonnes of carbon dioxide equivalent (MtCO2e)
# Source: Food and Agriculture Organization of the United Nations (FAO), Statistics Division <https://www.fao.org/faostat/en/>
# Credit: Calculated by Environment Dashboard from FAO. 2025. FAOSTAT. Accessed on 4 October 2026. https://www.fao.org/faostat/en/#data Licence: CC-BY-4.0. Changes: converted from kilotonnes to million tonnes of CO₂-equivalent.
# Licence: CC BY 4.0 (FAO Statistical Database Terms of Use) <https://creativecommons.org/licenses/by/4.0/>
# Provenance and processing: https://environmentdashboard.org/data/food/faostat/agrifood-emissions-by-country
indicator_id,entity,period,value,lower,upper,interval,status,note,missing_reason,age_bp
food.faostat.agrifood-emissions-by-country,ABW,1990,0.1064207,,,,final,,,
food.faostat.agrifood-emissions-by-country,ABW,1991,0.1140367,,,,final,,,
food.faostat.agrifood-emissions-by-country,ABW,1992,0.1122005,,,,final,,,
food.faostat.agrifood-emissions-by-country,ABW,1993,0.1174032,,,,final,,,
food.faostat.agrifood-emissions-by-country,ABW,1994,0.1217479,,,,final,,,
food.faostat.agrifood-emissions-by-country,ABW,1995,0.1266905,,,,final,,,
food.faostat.agrifood-emissions-by-country,ABW,1996,0.128312,,,,final,,,
food.faostat.agrifood-emissions-by-country,ABW,1997,0.1322762,,,,final,,,
food.faostat.agrifood-emissions-by-country,ABW,1998,0.1299769,,,,final,,,
food.faostat.agrifood-emissions-by-country,ABW,1999,0.1409559,,,,final,,,
food.faostat.agrifood-emissions-by-country,ABW,2000,0.2136553,,,,final,,,
food.faostat.agrifood-emissions-by-country,ABW,2001,0.213711,,,,final,,,
food.faostat.agrifood-emissions-by-country,ABW,2002,0.228377,,,,final,,,
food.faostat.agrifood-emissions-by-country,ABW,2003,0.2260487,,,,final,,,
food.faostat.agrifood-emissions-by-country,ABW,2004,0.2252382,,,,final,,,
food.faostat.agrifood-emissions-by-country,ABW,2005,0.231916,,,,final,,,
food.faostat.agrifood-emissions-by-country,ABW,2006,0.2272387,,,,final,,,
food.faostat.agrifood-emissions-by-country,ABW,2007,0.2432402,,,,final,,,
food.faostat.agrifood-emissions-by-country,ABW,2008,0.2430397,,,,final,,,
food.faostat.agrifood-emissions-by-country,ABW,2009,0.2419868,,,,final,,,
food.faostat.agrifood-emissions-by-country,ABW,2010,0.2593143,,,,final,,,
food.faostat.agrifood-emissions-by-country,ABW,2011,0.2569612,,,,final,,,
food.faostat.agrifood-emissions-by-country,ABW,2012,0.2509983,,,,final,,,
food.faostat.agrifood-emissions-by-country,ABW,2013,0.2491604,,,,final,,,
food.faostat.agrifood-emissions-by-country,ABW,2014,0.2526894,,,,final,,,
food.faostat.agrifood-emissions-by-country,ABW,2015,0.2587664,,,,final,,,
food.faostat.agrifood-emissions-by-country,ABW,2016,0.2627459,,,,final,,,
food.faostat.agrifood-emissions-by-country,ABW,2017,0.2595761,,,,final,,,
food.faostat.agrifood-emissions-by-country,ABW,2018,0.2530797,,,,final,,,
food.faostat.agrifood-emissions-by-country,ABW,2019,0.2590118,,,,final,,,
food.faostat.agrifood-emissions-by-country,ABW,2020,0.2550842,,,,final,,,
food.faostat.agrifood-emissions-by-country,ABW,2021,0.2648339,,,,final,,,
food.faostat.agrifood-emissions-by-country,ABW,2022,0.2687309,,,,final,,,
food.faostat.agrifood-emissions-by-country,ABW,2023,0.2685458,,,,final,,,
food.faostat.agrifood-emissions-by-country,AFG,1990,9.3809777,,,,final,,,
food.faostat.agrifood-emissions-by-country,AFG,1991,9.7335209,,,,final,,,
food.faostat.agrifood-emissions-by-country,AFG,1992,9.7971527,,,,final,,,
food.faostat.agrifood-emissions-by-country,AFG,1993,9.9053061,,,,final,,,
food.faostat.agrifood-emissions-by-country,AFG,1994,10.050782,,,,final,,,
food.faostat.agrifood-emissions-by-country,AFG,1995,10.5539214,,,,final,,,
food.faostat.agrifood-emissions-by-country,AFG,1996,11.6156889,,,,final,,,
food.faostat.agrifood-emissions-by-country,AFG,1997,12.6802215,,,,final,,,
food.faostat.agrifood-emissions-by-country,AFG,1998,13.547599,,,,final,,,
food.faostat.agrifood-emissions-by-country,AFG,1999,14.6707607,,,,final,,,
food.faostat.agrifood-emissions-by-country,AFG,2000,13.008762,,,,final,,,
food.faostat.agrifood-emissions-by-country,AFG,2001,11.3647872,,,,final,,,
food.faostat.agrifood-emissions-by-country,AFG,2002,14.0132318,,,,final,,,
food.faostat.agrifood-emissions-by-country,AFG,2003,14.6025183,,,,final,,,
food.faostat.agrifood-emissions-by-country,AFG,2004,14.4924449,,,,final,,,
food.faostat.agrifood-emissions-by-country,AFG,2005,15.0109685,,,,final,,,
food.faostat.agrifood-emissions-by-country,AFG,2006,15.2308325,,,,final,,,
food.faostat.agrifood-emissions-by-country,AFG,2007,15.4850737,,,,final,,,
food.faostat.agrifood-emissions-by-country,AFG,2008,17.1152942,,,,final,,,
food.faostat.agrifood-emissions-by-country,AFG,2009,17.9255537,,,,final,,,
food.faostat.agrifood-emissions-by-country,AFG,2010,20.299515,,,,final,,,
food.faostat.agrifood-emissions-by-country,AFG,2011,20.8036524,,,,final,,,
food.faostat.agrifood-emissions-by-country,AFG,2012,20.8584304,,,,final,,,
food.faostat.agrifood-emissions-by-country,AFG,2013,21.0955278,,,,final,,,
food.faostat.agrifood-emissions-by-country,AFG,2014,21.9406373,,,,final,,,
food.faostat.agrifood-emissions-by-country,AFG,2015,21.9364266,,,,final,,,
food.faostat.agrifood-emissions-by-country,AFG,2016,21.818828,,,,final,,,
food.faostat.agrifood-emissions-by-country,AFG,2017,21.6150377,,,,final,,,
food.faostat.agrifood-emissions-by-country,AFG,2018,21.8693155,,,,final,,,
food.faostat.agrifood-emissions-by-country,AFG,2019,22.0961199,,,,final,,,
food.faostat.agrifood-emissions-by-country,AFG,2020,22.4180866,,,,final,,,
food.faostat.agrifood-emissions-by-country,AFG,2021,22.2547508,,,,final,,,
food.faostat.agrifood-emissions-by-country,AFG,2022,22.3278469,,,,final,,,
food.faostat.agrifood-emissions-by-country,AFG,2023,22.6511769,,,,final,,,
food.faostat.agrifood-emissions-by-country,AGO,1990,57.4393927,,,,final,,,
food.faostat.agrifood-emissions-by-country,AGO,1991,57.5745288,,,,final,,,
food.faostat.agrifood-emissions-by-country,AGO,1992,57.7296388,,,,final,,,
food.faostat.agrifood-emissions-by-country,AGO,1993,57.66783,,,,final,,,
food.faostat.agrifood-emissions-by-country,AGO,1994,57.7816209,,,,final,,,
food.faostat.agrifood-emissions-by-country,AGO,1995,57.6427276,,,,final,,,
food.faostat.agrifood-emissions-by-country,AGO,1996,56.2260643,,,,final,,,
food.faostat.agrifood-emissions-by-country,AGO,1997,54.3751696,,,,final,,,
food.faostat.agrifood-emissions-by-country,AGO,1998,62.5364184,,,,final,,,
food.faostat.agrifood-emissions-by-country,AGO,1999,59.0661081,,,,final,,,
food.faostat.agrifood-emissions-by-country,AGO,2000,54.649291,,,,final,,,
food.faostat.agrifood-emissions-by-country,AGO,2001,78.4296546,,,,final,,,
food.faostat.agrifood-emissions-by-country,AGO,2002,79.8953921,,,,final,,,
food.faostat.agrifood-emissions-by-country,AGO,2003,85.6488209,,,,final,,,
food.faostat.agrifood-emissions-by-country,AGO,2004,87.3397257,,,,final,,,
food.faostat.agrifood-emissions-by-country,AGO,2005,87.9900588,,,,final,,,
food.faostat.agrifood-emissions-by-country,AGO,2006,82.5258887,,,,final,,,
food.faostat.agrifood-emissions-by-country,AGO,2007,84.9395271,,,,final,,,
food.faostat.agrifood-emissions-by-country,AGO,2008,85.1853387,,,,final,,,
food.faostat.agrifood-emissions-by-country,AGO,2009,87.7879559,,,,final,,,
food.faostat.agrifood-emissions-by-country,AGO,2010,91.5426969,,,,final,,,
food.faostat.agrifood-emissions-by-country,AGO,2011,91.3623002,,,,final,,,
food.faostat.agrifood-emissions-by-country,AGO,2012,90.6104084,,,,final,,,
food.faostat.agrifood-emissions-by-country,AGO,2013,90.0632557,,,,final,,,
food.faostat.agrifood-emissions-by-country,AGO,2014,88.3108537,,,,final,,,
food.faostat.agrifood-emissions-by-country,AGO,2015,89.8367829,,,,final,,,
food.faostat.agrifood-emissions-by-country,AGO,2016,87.6947156,,,,final,,,
food.faostat.agrifood-emissions-by-country,AGO,2017,92.7557804,,,,final,,,
food.faostat.agrifood-emissions-by-country,AGO,2018,81.6862702,,,,final,,,
food.faostat.agrifood-emissions-by-country,AGO,2019,90.3008633,,,,final,,,
food.faostat.agrifood-emissions-by-country,AGO,2020,85.4739983,,,,final,,,
food.faostat.agrifood-emissions-by-country,AGO,2021,85.2750698,,,,final,,,
food.faostat.agrifood-emissions-by-country,AGO,2022,82.3658702,,,,final,,,
food.faostat.agrifood-emissions-by-country,AGO,2023,83.8556628,,,,final,,,
food.faostat.agrifood-emissions-by-country,AIA,1990,0.0090411,,,,final,,,
food.faostat.agrifood-emissions-by-country,AIA,1991,0.0092661,,,,final,,,
food.faostat.agrifood-emissions-by-country,AIA,1992,0.0100692,,,,final,,,
food.faostat.agrifood-emissions-by-country,AIA,1993,0.0115752,,,,final,,,
food.faostat.agrifood-emissions-by-country,AIA,1994,0.0114598,,,,final,,,
food.faostat.agrifood-emissions-by-country,AIA,1995,0.0117866,,,,final,,,
food.faostat.agrifood-emissions-by-country,AIA,1996,0.0122941,,,,final,,,
food.faostat.agrifood-emissions-by-country,AIA,1997,0.0134333,,,,final,,,
food.faostat.agrifood-emissions-by-country,AIA,1998,0.0137637,,,,final,,,
food.faostat.agrifood-emissions-by-country,AIA,1999,0.0140475,,,,final,,,
food.faostat.agrifood-emissions-by-country,AIA,2000,0.0150696,,,,final,,,
food.faostat.agrifood-emissions-by-country,AIA,2001,0.0160456,,,,final,,,
food.faostat.agrifood-emissions-by-country,AIA,2002,0.0165379,,,,final,,,
food.faostat.agrifood-emissions-by-country,AIA,2003,0.0165254,,,,final,,,
food.faostat.agrifood-emissions-by-country,AIA,2004,0.0178734,,,,final,,,
food.faostat.agrifood-emissions-by-country,AIA,2005,0.0183561,,,,final,,,
food.faostat.agrifood-emissions-by-country,AIA,2006,0.0196283,,,,final,,,
food.faostat.agrifood-emissions-by-country,AIA,2007,0.0231609,,,,final,,,
food.faostat.agrifood-emissions-by-country,AIA,2008,0.0235976,,,,final,,,
food.faostat.agrifood-emissions-by-country,AIA,2009,0.0244278,,,,final,,,
food.faostat.agrifood-emissions-by-country,AIA,2010,0.0271468,,,,final,,,
food.faostat.agrifood-emissions-by-country,AIA,2011,0.0265893,,,,final,,,
food.faostat.agrifood-emissions-by-country,AIA,2012,0.0257366,,,,final,,,
food.faostat.agrifood-emissions-by-country,AIA,2013,0.0245607,,,,final,,,
food.faostat.agrifood-emissions-by-country,AIA,2014,0.0260876,,,,final,,,
food.faostat.agrifood-emissions-by-country,AIA,2015,0.031978,,,,final,,,
food.faostat.agrifood-emissions-by-country,AIA,2016,0.0330929,,,,final,,,
food.faostat.agrifood-emissions-by-country,AIA,2017,0.0290598,,,,final,,,
food.faostat.agrifood-emissions-by-country,AIA,2018,0.0289994,,,,final,,,
food.faostat.agrifood-emissions-by-country,AIA,2019,0.0311101,,,,final,,,
food.faostat.agrifood-emissions-by-country,AIA,2020,0.0288878,,,,final,,,
food.faostat.agrifood-emissions-by-country,AIA,2021,0.0300164,,,,final,,,
food.faostat.agrifood-emissions-by-country,AIA,2022,0.0302505,,,,final,,,
food.faostat.agrifood-emissions-by-country,AIA,2023,0.0300878,,,,final,,,
food.faostat.agrifood-emissions-by-country,ALB,1990,4.6295547,,,,final,,,
food.faostat.agrifood-emissions-by-country,ALB,1991,4.3493849,,,,final,,,
food.faostat.agrifood-emissions-by-country,ALB,1992,4.2671631,,,,final,,,
food.faostat.agrifood-emissions-by-country,ALB,1993,4.5308742,,,,final,,,
food.faostat.agrifood-emissions-by-country,ALB,1994,5.4599178,,,,final,,,
food.faostat.agrifood-emissions-by-country,ALB,1995,5.5628074,,,,final,,,
food.faostat.agrifood-emissions-by-country,ALB,1996,5.2577423,,,,final,,,
food.faostat.agrifood-emissions-by-country,ALB,1997,4.916097,,,,final,,,
food.faostat.agrifood-emissions-by-country,ALB,1998,4.8994772,,,,final,,,
food.faostat.agrifood-emissions-by-country,ALB,1999,5.2743683,,,,final,,,
food.faostat.agrifood-emissions-by-country,ALB,2000,5.4314499,,,,final,,,
food.faostat.agrifood-emissions-by-country,ALB,2001,5.1190769,,,,final,,,
food.faostat.agrifood-emissions-by-country,ALB,2002,5.2041883,,,,final,,,
food.faostat.agrifood-emissions-by-country,ALB,2003,5.0039803,,,,final,,,
food.faostat.agrifood-emissions-by-country,ALB,2004,5.0709204,,,,final,,,
food.faostat.agrifood-emissions-by-country,ALB,2005,5.0637848,,,,final,,,
food.faostat.agrifood-emissions-by-country,ALB,2006,5.2038144,,,,final,,,
food.faostat.agrifood-emissions-by-country,ALB,2007,5.0203585,,,,final,,,
food.faostat.agrifood-emissions-by-country,ALB,2008,4.8383296,,,,final,,,
food.faostat.agrifood-emissions-by-country,ALB,2009,4.6215085,,,,final,,,
food.faostat.agrifood-emissions-by-country,ALB,2010,4.7075751,,,,final,,,
food.faostat.agrifood-emissions-by-country,ALB,2011,4.7915798,,,,final,,,
food.faostat.agrifood-emissions-by-country,ALB,2012,4.8225235,,,,final,,,
food.faostat.agrifood-emissions-by-country,ALB,2013,4.9219137,,,,final,,,
food.faostat.agrifood-emissions-by-country,ALB,2014,5.0317905,,,,final,,,
food.faostat.agrifood-emissions-by-country,ALB,2015,5.1090836,,,,final,,,
food.faostat.agrifood-emissions-by-country,ALB,2016,5.1543427,,,,final,,,
food.faostat.agrifood-emissions-by-country,ALB,2017,5.1760969,,,,final,,,
food.faostat.agrifood-emissions-by-country,ALB,2018,5.0176981,,,,final,,,
food.faostat.agrifood-emissions-by-country,ALB,2019,4.8690266,,,,final,,,
food.faostat.agrifood-emissions-by-country,ALB,2020,4.5265414,,,,final,,,
food.faostat.agrifood-emissions-by-country,ALB,2021,4.3698382,,,,final,,,
food.faostat.agrifood-emissions-by-country,ALB,2022,4.0945963,,,,final,,,
food.faostat.agrifood-emissions-by-country,ALB,2023,3.8803354,,,,final,,,
food.faostat.agrifood-emissions-by-country,AND,1990,0.0640883,,,,final,,,
food.faostat.agrifood-emissions-by-country,AND,1991,0.0647112,,,,final,,,
food.faostat.agrifood-emissions-by-country,AND,1992,0.065319,,,,final,,,
food.faostat.agrifood-emissions-by-country,AND,1993,0.0641029,,,,final,,,
food.faostat.agrifood-emissions-by-country,AND,1994,0.0646512,,,,final,,,
food.faostat.agrifood-emissions-by-country,AND,1995,0.0641369,,,,final,,,
food.faostat.agrifood-emissions-by-country,AND,1996,0.0660907,,,,final,,,
food.faostat.agrifood-emissions-by-country,AND,1997,0.0685896,,,,final,,,
food.faostat.agrifood-emissions-by-country,AND,1998,0.0706631,,,,final,,,
food.faostat.agrifood-emissions-by-country,AND,1999,0.0724391,,,,final,,,
food.faostat.agrifood-emissions-by-country,AND,2000,0.0753415,,,,final,,,
food.faostat.agrifood-emissions-by-country,AND,2001,0.0616095,,,,final,,,
food.faostat.agrifood-emissions-by-country,AND,2002,0.0623879,,,,final,,,
food.faostat.agrifood-emissions-by-country,AND,2003,0.0624078,,,,final,,,
food.faostat.agrifood-emissions-by-country,AND,2004,0.066316,,,,final,,,
food.faostat.agrifood-emissions-by-country,AND,2005,0.067011,,,,final,,,
food.faostat.agrifood-emissions-by-country,AND,2006,0.0672398,,,,final,,,
food.faostat.agrifood-emissions-by-country,AND,2007,0.0662586,,,,final,,,
food.faostat.agrifood-emissions-by-country,AND,2008,0.0669569,,,,final,,,
food.faostat.agrifood-emissions-by-country,AND,2009,0.0659279,,,,final,,,
food.faostat.agrifood-emissions-by-country,AND,2010,0.0658935,,,,final,,,
food.faostat.agrifood-emissions-by-country,AND,2011,0.0694023,,,,final,,,
food.faostat.agrifood-emissions-by-country,AND,2012,0.0688049,,,,final,,,
food.faostat.agrifood-emissions-by-country,AND,2013,0.0673336,,,,final,,,
food.faostat.agrifood-emissions-by-country,AND,2014,0.0682409,,,,final,,,
food.faostat.agrifood-emissions-by-country,AND,2015,0.0679692,,,,final,,,
food.faostat.agrifood-emissions-by-country,AND,2016,0.0775456,,,,final,,,
food.faostat.agrifood-emissions-by-country,AND,2017,0.0783546,,,,final,,,
food.faostat.agrifood-emissions-by-country,AND,2018,0.0805531,,,,final,,,
food.faostat.agrifood-emissions-by-country,AND,2019,0.080126,,,,final,,,
food.faostat.agrifood-emissions-by-country,AND,2020,0.067658,,,,final,,,
food.faostat.agrifood-emissions-by-country,AND,2021,0.0634002,,,,final,,,
food.faostat.agrifood-emissions-by-country,AND,2022,0.0660428,,,,final,,,
food.faostat.agrifood-emissions-by-country,AND,2023,0.0675089,,,,final,,,
food.faostat.agrifood-emissions-by-country,ARE,1990,4.6748709,,,,final,,,
food.faostat.agrifood-emissions-by-country,ARE,1991,4.8791483,,,,final,,,
food.faostat.agrifood-emissions-by-country,ARE,1992,5.1700609,,,,final,,,
food.faostat.agrifood-emissions-by-country,ARE,1993,5.935305,,,,final,,,
food.faostat.agrifood-emissions-by-country,ARE,1994,6.3742696,,,,final,,,
food.faostat.agrifood-emissions-by-country,ARE,1995,6.5286681,,,,final,,,
food.faostat.agrifood-emissions-by-country,ARE,1996,6.6310914,,,,final,,,
food.faostat.agrifood-emissions-by-country,ARE,1997,7.0518812,,,,final,,,
food.faostat.agrifood-emissions-by-country,ARE,1998,8.0511343,,,,final,,,
food.faostat.agrifood-emissions-by-country,ARE,1999,8.5670003,,,,final,,,
food.faostat.agrifood-emissions-by-country,ARE,2000,9.2369334,,,,final,,,
food.faostat.agrifood-emissions-by-country,ARE,2001,10.1201758,,,,final,,,
food.faostat.agrifood-emissions-by-country,ARE,2002,11.440278,,,,final,,,
food.faostat.agrifood-emissions-by-country,ARE,2003,12.8868592,,,,final,,,
food.faostat.agrifood-emissions-by-country,ARE,2004,12.0882249,,,,final,,,
food.faostat.agrifood-emissions-by-country,ARE,2005,12.4670563,,,,final,,,
food.faostat.agrifood-emissions-by-country,ARE,2006,12.8967849,,,,final,,,
food.faostat.agrifood-emissions-by-country,ARE,2007,13.0136694,,,,final,,,
food.faostat.agrifood-emissions-by-country,ARE,2008,14.8921505,,,,final,,,
food.faostat.agrifood-emissions-by-country,ARE,2009,15.1814824,,,,final,,,
food.faostat.agrifood-emissions-by-country,ARE,2010,15.3033545,,,,final,,,
food.faostat.agrifood-emissions-by-country,ARE,2011,15.4086939,,,,final,,,
food.faostat.agrifood-emissions-by-country,ARE,2012,15.7763287,,,,final,,,
food.faostat.agrifood-emissions-by-country,ARE,2013,18.0465944,,,,final,,,
food.faostat.agrifood-emissions-by-country,ARE,2014,19.470319,,,,final,,,
food.faostat.agrifood-emissions-by-country,ARE,2015,20.0138143,,,,final,,,
food.faostat.agrifood-emissions-by-country,ARE,2016,19.85878,,,,final,,,
food.faostat.agrifood-emissions-by-country,ARE,2017,19.8715843,,,,final,,,
food.faostat.agrifood-emissions-by-country,ARE,2018,19.9692607,,,,final,,,
food.faostat.agrifood-emissions-by-country,ARE,2019,19.4928858,,,,final,,,
food.faostat.agrifood-emissions-by-country,ARE,2020,19.389626,,,,final,,,
food.faostat.agrifood-emissions-by-country,ARE,2021,20.6530055,,,,final,,,
food.faostat.agrifood-emissions-by-country,ARE,2022,21.0229559,,,,final,,,
food.faostat.agrifood-emissions-by-country,ARE,2023,21.0788152,,,,final,,,
food.faostat.agrifood-emissions-by-country,ARG,1990,238.1972814,,,,final,,,
food.faostat.agrifood-emissions-by-country,ARG,1991,235.6855697,,,,final,,,
food.faostat.agrifood-emissions-by-country,ARG,1992,240.0260739,,,,final,,,
food.faostat.agrifood-emissions-by-country,ARG,1993,238.9999401,,,,final,,,
food.faostat.agrifood-emissions-by-country,ARG,1994,242.3646,,,,final,,,
food.faostat.agrifood-emissions-by-country,ARG,1995,242.9813841,,,,final,,,
food.faostat.agrifood-emissions-by-country,ARG,1996,242.1986992,,,,final,,,
food.faostat.agrifood-emissions-by-country,ARG,1997,242.3577218,,,,final,,,
food.faostat.agrifood-emissions-by-country,ARG,1998,238.9772103,,,,final,,,
food.faostat.agrifood-emissions-by-country,ARG,1999,244.0545299,,,,final,,,
food.faostat.agrifood-emissions-by-country,ARG,2000,244.5281341,,,,final,,,
food.faostat.agrifood-emissions-by-country,ARG,2001,270.7092014,,,,final,,,
food.faostat.agrifood-emissions-by-country,ARG,2002,275.2554247,,,,final,,,
food.faostat.agrifood-emissions-by-country,ARG,2003,288.3449219,,,,final,,,
food.faostat.agrifood-emissions-by-country,ARG,2004,292.4466535,,,,final,,,
food.faostat.agrifood-emissions-by-country,ARG,2005,297.5145992,,,,final,,,
food.faostat.agrifood-emissions-by-country,ARG,2006,298.3494697,,,,final,,,
food.faostat.agrifood-emissions-by-country,ARG,2007,305.9846513,,,,final,,,
food.faostat.agrifood-emissions-by-country,ARG,2008,311.2294121,,,,final,,,
food.faostat.agrifood-emissions-by-country,ARG,2009,298.1162828,,,,final,,,
food.faostat.agrifood-emissions-by-country,ARG,2010,291.4766516,,,,final,,,
food.faostat.agrifood-emissions-by-country,ARG,2011,258.6941607,,,,final,,,
food.faostat.agrifood-emissions-by-country,ARG,2012,261.7461588,,,,final,,,
food.faostat.agrifood-emissions-by-country,ARG,2013,266.7048155,,,,final,,,
food.faostat.agrifood-emissions-by-country,ARG,2014,266.8524933,,,,final,,,
food.faostat.agrifood-emissions-by-country,ARG,2015,267.1872624,,,,final,,,
food.faostat.agrifood-emissions-by-country,ARG,2016,246.8247999,,,,final,,,
food.faostat.agrifood-emissions-by-country,ARG,2017,254.4587144,,,,final,,,
food.faostat.agrifood-emissions-by-country,ARG,2018,250.5239055,,,,final,,,
food.faostat.agrifood-emissions-by-country,ARG,2019,252.0703114,,,,final,,,
food.faostat.agrifood-emissions-by-country,ARG,2020,253.740777,,,,final,,,
food.faostat.agrifood-emissions-by-country,ARG,2021,254.5568213,,,,final,,,
food.faostat.agrifood-emissions-by-country,ARG,2022,258.2365727,,,,final,,,
food.faostat.agrifood-emissions-by-country,ARG,2023,244.7612685,,,,final,,,
food.faostat.agrifood-emissions-by-country,ARM,1992,2.6787421,,,,final,,,
food.faostat.agrifood-emissions-by-country,ARM,1993,1.6596531,,,,final,,,
food.faostat.agrifood-emissions-by-country,ARM,1994,1.6534583,,,,final,,,
food.faostat.agrifood-emissions-by-country,ARM,1995,1.7236537,,,,final,,,
food.faostat.agrifood-emissions-by-country,ARM,1996,1.6798834,,,,final,,,
food.faostat.agrifood-emissions-by-country,ARM,1997,1.7644892,,,,final,,,
food.faostat.agrifood-emissions-by-country,ARM,1998,1.6746787,,,,final,,,
food.faostat.agrifood-emissions-by-country,ARM,1999,1.6688857,,,,final,,,
food.faostat.agrifood-emissions-by-country,ARM,2000,1.8175502,,,,final,,,
food.faostat.agrifood-emissions-by-country,ARM,2001,1.8131782,,,,final,,,
food.faostat.agrifood-emissions-by-country,ARM,2002,1.8757282,,,,final,,,
food.faostat.agrifood-emissions-by-country,ARM,2003,1.9669219,,,,final,,,
food.faostat.agrifood-emissions-by-country,ARM,2004,2.0953815,,,,final,,,
food.faostat.agrifood-emissions-by-country,ARM,2005,2.1334366,,,,final,,,
food.faostat.agrifood-emissions-by-country,ARM,2006,2.438097,,,,final,,,
food.faostat.agrifood-emissions-by-country,ARM,2007,2.4762078,,,,final,,,
food.faostat.agrifood-emissions-by-country,ARM,2008,3.2070761,,,,final,,,
food.faostat.agrifood-emissions-by-country,ARM,2009,2.9452065,,,,final,,,
food.faostat.agrifood-emissions-by-country,ARM,2010,2.7460028,,,,final,,,
food.faostat.agrifood-emissions-by-country,ARM,2011,2.8654841,,,,final,,,
food.faostat.agrifood-emissions-by-country,ARM,2012,3.2138339,,,,final,,,
food.faostat.agrifood-emissions-by-country,ARM,2013,3.3287702,,,,final,,,
food.faostat.agrifood-emissions-by-country,ARM,2014,3.1844069,,,,final,,,
food.faostat.agrifood-emissions-by-country,ARM,2015,3.2234158,,,,final,,,
food.faostat.agrifood-emissions-by-country,ARM,2016,3.6894701,,,,final,,,
food.faostat.agrifood-emissions-by-country,ARM,2017,3.2987968,,,,final,,,
food.faostat.agrifood-emissions-by-country,ARM,2018,2.9059892,,,,final,,,
food.faostat.agrifood-emissions-by-country,ARM,2019,3.0230313,,,,final,,,
food.faostat.agrifood-emissions-by-country,ARM,2020,3.1083262,,,,final,,,
food.faostat.agrifood-emissions-by-country,ARM,2021,3.222825,,,,final,,,
food.faostat.agrifood-emissions-by-country,ARM,2022,3.1983437,,,,final,,,
food.faostat.agrifood-emissions-by-country,ARM,2023,3.0965124,,,,final,,,
food.faostat.agrifood-emissions-by-country,ASM,1990,0.172631,,,,final,,,
food.faostat.agrifood-emissions-by-country,ASM,1991,0.1697755,,,,final,,,
food.faostat.agrifood-emissions-by-country,ASM,1992,0.1776516,,,,final,,,
food.faostat.agrifood-emissions-by-country,ASM,1993,0.1723331,,,,final,,,
food.faostat.agrifood-emissions-by-country,ASM,1994,0.1623191,,,,final,,,
food.faostat.agrifood-emissions-by-country,ASM,1995,0.1530157,,,,final,,,
food.faostat.agrifood-emissions-by-country,ASM,1996,0.1515326,,,,final,,,
food.faostat.agrifood-emissions-by-country,ASM,1997,0.155638,,,,final,,,
food.faostat.agrifood-emissions-by-country,ASM,1998,0.1537658,,,,final,,,
food.faostat.agrifood-emissions-by-country,ASM,1999,0.1515626,,,,final,,,
food.faostat.agrifood-emissions-by-country,ASM,2000,0.1391718,,,,final,,,
food.faostat.agrifood-emissions-by-country,ASM,2001,0.1711184,,,,final,,,
food.faostat.agrifood-emissions-by-country,ASM,2002,0.1744893,,,,final,,,
food.faostat.agrifood-emissions-by-country,ASM,2003,0.1695932,,,,final,,,
food.faostat.agrifood-emissions-by-country,ASM,2004,0.1695947,,,,final,,,
food.faostat.agrifood-emissions-by-country,ASM,2005,0.1724973,,,,final,,,
food.faostat.agrifood-emissions-by-country,ASM,2006,0.1758391,,,,final,,,
food.faostat.agrifood-emissions-by-country,ASM,2007,0.1766055,,,,final,,,
food.faostat.agrifood-emissions-by-country,ASM,2008,0.1750792,,,,final,,,
food.faostat.agrifood-emissions-by-country,ASM,2009,0.1788253,,,,final,,,
food.faostat.agrifood-emissions-by-country,ASM,2010,0.1825851,,,,final,,,
food.faostat.agrifood-emissions-by-country,ASM,2011,0.1607443,,,,final,,,
food.faostat.agrifood-emissions-by-country,ASM,2012,0.1603783,,,,final,,,
food.faostat.agrifood-emissions-by-country,ASM,2013,0.1590956,,,,final,,,
food.faostat.agrifood-emissions-by-country,ASM,2014,0.1535964,,,,final,,,
food.faostat.agrifood-emissions-by-country,ASM,2015,0.1518972,,,,final,,,
food.faostat.agrifood-emissions-by-country,ASM,2016,0.130738,,,,final,,,
food.faostat.agrifood-emissions-by-country,ASM,2017,0.1308583,,,,final,,,
food.faostat.agrifood-emissions-by-country,ASM,2018,0.1307381,,,,final,,,
food.faostat.agrifood-emissions-by-country,ASM,2019,0.1307131,,,,final,,,
food.faostat.agrifood-emissions-by-country,ASM,2020,0.126966,,,,final,,,
food.faostat.agrifood-emissions-by-country,ASM,2021,0.1267358,,,,final,,,
food.faostat.agrifood-emissions-by-country,ASM,2022,0.1274071,,,,final,,,
food.faostat.agrifood-emissions-by-country,ASM,2023,0.1278693,,,,final,,,
food.faostat.agrifood-emissions-by-country,ATG,1990,0.1297085,,,,final,,,
food.faostat.agrifood-emissions-by-country,ATG,1991,0.1326629,,,,final,,,
food.faostat.agrifood-emissions-by-country,ATG,1992,0.1316263,,,,final,,,
food.faostat.agrifood-emissions-by-country,ATG,1993,0.1340564,,,,final,,,
food.faostat.agrifood-emissions-by-country,ATG,1994,0.1346555,,,,final,,,
food.faostat.agrifood-emissions-by-country,ATG,1995,0.1377394,,,,final,,,
food.faostat.agrifood-emissions-by-country,ATG,1996,0.1379863,,,,final,,,
food.faostat.agrifood-emissions-by-country,ATG,1997,0.1411953,,,,final,,,
food.faostat.agrifood-emissions-by-country,ATG,1998,0.1425484,,,,final,,,
food.faostat.agrifood-emissions-by-country,ATG,1999,0.1413294,,,,final,,,
food.faostat.agrifood-emissions-by-country,ATG,2000,0.1419451,,,,final,,,
food.faostat.agrifood-emissions-by-country,ATG,2001,0.1487313,,,,final,,,
food.faostat.agrifood-emissions-by-country,ATG,2002,0.1572905,,,,final,,,
food.faostat.agrifood-emissions-by-country,ATG,2003,0.1618148,,,,final,,,
food.faostat.agrifood-emissions-by-country,ATG,2004,0.1655824,,,,final,,,
food.faostat.agrifood-emissions-by-country,ATG,2005,0.1620215,,,,final,,,
food.faostat.agrifood-emissions-by-country,ATG,2006,0.1694745,,,,final,,,
food.faostat.agrifood-emissions-by-country,ATG,2007,0.1701848,,,,final,,,
food.faostat.agrifood-emissions-by-country,ATG,2008,0.1748926,,,,final,,,
food.faostat.agrifood-emissions-by-country,ATG,2009,0.1766511,,,,final,,,
food.faostat.agrifood-emissions-by-country,ATG,2010,0.1585211,,,,final,,,
food.faostat.agrifood-emissions-by-country,ATG,2011,0.1756088,,,,final,,,
food.faostat.agrifood-emissions-by-country,ATG,2012,0.1734833,,,,final,,,
food.faostat.agrifood-emissions-by-country,ATG,2013,0.1715252,,,,final,,,
food.faostat.agrifood-emissions-by-country,ATG,2014,0.156607,,,,final,,,
food.faostat.agrifood-emissions-by-country,ATG,2015,0.1613438,,,,final,,,
food.faostat.agrifood-emissions-by-country,ATG,2016,0.1614874,,,,final,,,
food.faostat.agrifood-emissions-by-country,ATG,2017,0.1602422,,,,final,,,
food.faostat.agrifood-emissions-by-country,ATG,2018,0.1647583,,,,final,,,
food.faostat.agrifood-emissions-by-country,ATG,2019,0.169015,,,,final,,,
food.faostat.agrifood-emissions-by-country,ATG,2020,0.1703024,,,,final,,,
food.faostat.agrifood-emissions-by-country,ATG,2021,0.1707075,,,,final,,,
food.faostat.agrifood-emissions-by-country,ATG,2022,0.1706738,,,,final,,,
food.faostat.agrifood-emissions-by-country,ATG,2023,0.1700087,,,,final,,,
food.faostat.agrifood-emissions-by-country,AUS,1990,286.0296283,,,,final,,,
food.faostat.agrifood-emissions-by-country,AUS,1991,284.9097955,,,,final,,,
food.faostat.agrifood-emissions-by-country,AUS,1992,280.4914724,,,,final,,,
food.faostat.agrifood-emissions-by-country,AUS,1993,279.3043386,,,,final,,,
food.faostat.agrifood-emissions-by-country,AUS,1994,282.0466324,,,,final,,,
food.faostat.agrifood-emissions-by-country,AUS,1995,279.4550651,,,,final,,,
food.faostat.agrifood-emissions-by-country,AUS,1996,273.5470741,,,,final,,,
food.faostat.agrifood-emissions-by-country,AUS,1997,274.8672381,,,,final,,,
food.faostat.agrifood-emissions-by-country,AUS,1998,284.009124,,,,final,,,
food.faostat.agrifood-emissions-by-country,AUS,1999,316.3449588,,,,final,,,
food.faostat.agrifood-emissions-by-country,AUS,2000,334.711521,,,,final,,,
food.faostat.agrifood-emissions-by-country,AUS,2001,364.5649311,,,,final,,,
food.faostat.agrifood-emissions-by-country,AUS,2002,351.4014451,,,,final,,,
food.faostat.agrifood-emissions-by-country,AUS,2003,273.824833,,,,final,,,
food.faostat.agrifood-emissions-by-country,AUS,2004,317.3154588,,,,final,,,
food.faostat.agrifood-emissions-by-country,AUS,2005,277.1435723,,,,final,,,
food.faostat.agrifood-emissions-by-country,AUS,2006,313.0031692,,,,final,,,
food.faostat.agrifood-emissions-by-country,AUS,2007,305.7764465,,,,final,,,
food.faostat.agrifood-emissions-by-country,AUS,2008,273.343677,,,,final,,,
food.faostat.agrifood-emissions-by-country,AUS,2009,285.7142091,,,,final,,,
food.faostat.agrifood-emissions-by-country,AUS,2010,261.5247847,,,,final,,,
food.faostat.agrifood-emissions-by-country,AUS,2011,289.718739,,,,final,,,
food.faostat.agrifood-emissions-by-country,AUS,2012,288.0530069,,,,final,,,
food.faostat.agrifood-emissions-by-country,AUS,2013,208.1171071,,,,final,,,
food.faostat.agrifood-emissions-by-country,AUS,2014,229.0066365,,,,final,,,
food.faostat.agrifood-emissions-by-country,AUS,2015,221.5177853,,,,final,,,
food.faostat.agrifood-emissions-by-country,AUS,2016,198.7534213,,,,final,,,
food.faostat.agrifood-emissions-by-country,AUS,2017,245.6546672,,,,final,,,
food.faostat.agrifood-emissions-by-country,AUS,2018,244.2799066,,,,final,,,
food.faostat.agrifood-emissions-by-country,AUS,2019,209.2479453,,,,final,,,
food.faostat.agrifood-emissions-by-country,AUS,2020,186.231831,,,,final,,,
food.faostat.agrifood-emissions-by-country,AUS,2021,198.9587494,,,,final,,,
food.faostat.agrifood-emissions-by-country,AUS,2022,201.4167021,,,,final,,,
food.faostat.agrifood-emissions-by-country,AUS,2023,283.854038,,,,final,,,
food.faostat.agrifood-emissions-by-country,AUT,1990,19.6537251,,,,final,,,
food.faostat.agrifood-emissions-by-country,AUT,1991,19.9410017,,,,final,,,
food.faostat.agrifood-emissions-by-country,AUT,1992,18.7474241,,,,final,,,
food.faostat.agrifood-emissions-by-country,AUT,1993,18.3288103,,,,final,,,
food.faostat.agrifood-emissions-by-country,AUT,1994,18.2817249,,,,final,,,
food.faostat.agrifood-emissions-by-country,AUT,1995,18.1941089,,,,final,,,
food.faostat.agrifood-emissions-by-country,AUT,1996,18.6200537,,,,final,,,
food.faostat.agrifood-emissions-by-country,AUT,1997,18.7388131,,,,final,,,
food.faostat.agrifood-emissions-by-country,AUT,1998,18.5741557,,,,final,,,
food.faostat.agrifood-emissions-by-country,AUT,1999,18.1636788,,,,final,,,
food.faostat.agrifood-emissions-by-country,AUT,2000,18.0926194,,,,final,,,
food.faostat.agrifood-emissions-by-country,AUT,2001,19.7661314,,,,final,,,
food.faostat.agrifood-emissions-by-country,AUT,2002,20.1906428,,,,final,,,
food.faostat.agrifood-emissions-by-country,AUT,2003,20.3936486,,,,final,,,
food.faostat.agrifood-emissions-by-country,AUT,2004,20.3484585,,,,final,,,
food.faostat.agrifood-emissions-by-country,AUT,2005,20.3967683,,,,final,,,
food.faostat.agrifood-emissions-by-country,AUT,2006,20.2826394,,,,final,,,
food.faostat.agrifood-emissions-by-country,AUT,2007,19.9310213,,,,final,,,
food.faostat.agrifood-emissions-by-country,AUT,2008,20.0558664,,,,final,,,
food.faostat.agrifood-emissions-by-country,AUT,2009,19.3704196,,,,final,,,
food.faostat.agrifood-emissions-by-country,AUT,2010,20.1708553,,,,final,,,
food.faostat.agrifood-emissions-by-country,AUT,2011,19.4796158,,,,final,,,
food.faostat.agrifood-emissions-by-country,AUT,2012,18.6648393,,,,final,,,
food.faostat.agrifood-emissions-by-country,AUT,2013,18.757218,,,,final,,,
food.faostat.agrifood-emissions-by-country,AUT,2014,18.5600917,,,,final,,,
food.faostat.agrifood-emissions-by-country,AUT,2015,18.9990802,,,,final,,,
food.faostat.agrifood-emissions-by-country,AUT,2016,18.9238241,,,,final,,,
food.faostat.agrifood-emissions-by-country,AUT,2017,19.2338166,,,,final,,,
food.faostat.agrifood-emissions-by-country,AUT,2018,18.749288,,,,final,,,
food.faostat.agrifood-emissions-by-country,AUT,2019,18.5289496,,,,final,,,
food.faostat.agrifood-emissions-by-country,AUT,2020,18.4139453,,,,final,,,
food.faostat.agrifood-emissions-by-country,AUT,2021,18.6597549,,,,final,,,
food.faostat.agrifood-emissions-by-country,AUT,2022,18.4221354,,,,final,,,
food.faostat.agrifood-emissions-by-country,AUT,2023,18.1823703,,,,final,,,
food.faostat.agrifood-emissions-by-country,AZE,1992,13.0235826,,,,final,,,
food.faostat.agrifood-emissions-by-country,AZE,1993,13.6156855,,,,final,,,
food.faostat.agrifood-emissions-by-country,AZE,1994,11.1121169,,,,final,,,
food.faostat.agrifood-emissions-by-country,AZE,1995,10.7642495,,,,final,,,
food.faostat.agrifood-emissions-by-country,AZE,1996,10.6945351,,,,final,,,
food.faostat.agrifood-emissions-by-country,AZE,1997,9.176972,,,,final,,,
food.faostat.agrifood-emissions-by-country,AZE,1998,9.3728023,,,,final,,,
food.faostat.agrifood-emissions-by-country,AZE,1999,9.8206128,,,,final,,,
food.faostat.agrifood-emissions-by-country,AZE,2000,9.5910402,,,,final,,,
food.faostat.agrifood-emissions-by-country,AZE,2001,10.3384288,,,,final,,,
food.faostat.agrifood-emissions-by-country,AZE,2002,10.6852164,,,,final,,,
food.faostat.agrifood-emissions-by-country,AZE,2003,11.1466546,,,,final,,,
food.faostat.agrifood-emissions-by-country,AZE,2004,11.5702594,,,,final,,,
food.faostat.agrifood-emissions-by-country,AZE,2005,12.1579679,,,,final,,,
food.faostat.agrifood-emissions-by-country,AZE,2006,12.3217974,,,,final,,,
food.faostat.agrifood-emissions-by-country,AZE,2007,13.2919418,,,,final,,,
food.faostat.agrifood-emissions-by-country,AZE,2008,14.6427435,,,,final,,,
food.faostat.agrifood-emissions-by-country,AZE,2009,14.7806931,,,,final,,,
food.faostat.agrifood-emissions-by-country,AZE,2010,14.8834281,,,,final,,,
food.faostat.agrifood-emissions-by-country,AZE,2011,14.5163411,,,,final,,,
food.faostat.agrifood-emissions-by-country,AZE,2012,15.2508622,,,,final,,,
food.faostat.agrifood-emissions-by-country,AZE,2013,14.468403,,,,final,,,
food.faostat.agrifood-emissions-by-country,AZE,2014,14.7644251,,,,final,,,
food.faostat.agrifood-emissions-by-country,AZE,2015,16.0481724,,,,final,,,
food.faostat.agrifood-emissions-by-country,AZE,2016,17.204431,,,,final,,,
food.faostat.agrifood-emissions-by-country,AZE,2017,16.7147409,,,,final,,,
food.faostat.agrifood-emissions-by-country,AZE,2018,17.0839963,,,,final,,,
food.faostat.agrifood-emissions-by-country,AZE,2019,17.2914004,,,,final,,,
food.faostat.agrifood-emissions-by-country,AZE,2020,17.3855899,,,,final,,,
food.faostat.agrifood-emissions-by-country,AZE,2021,16.4955347,,,,final,,,
food.faostat.agrifood-emissions-by-country,AZE,2022,16.7464492,,,,final,,,
food.faostat.agrifood-emissions-by-country,AZE,2023,16.6777747,,,,final,,,
food.faostat.agrifood-emissions-by-country,BDI,1990,6.9953851,,,,final,,,
food.faostat.agrifood-emissions-by-country,BDI,1991,7.0388925,,,,final,,,
food.faostat.agrifood-emissions-by-country,BDI,1992,7.0895834,,,,final,,,
food.faostat.agrifood-emissions-by-country,BDI,1993,7.0587507,,,,final,,,
food.faostat.agrifood-emissions-by-country,BDI,1994,6.9777592,,,,final,,,
food.faostat.agrifood-emissions-by-country,BDI,1995,7.1725184,,,,final,,,
food.faostat.agrifood-emissions-by-country,BDI,1996,7.2061705,,,,final,,,
food.faostat.agrifood-emissions-by-country,BDI,1997,7.2793603,,,,final,,,
food.faostat.agrifood-emissions-by-country,BDI,1998,7.2138133,,,,final,,,
food.faostat.agrifood-emissions-by-country,BDI,1999,7.3087325,,,,final,,,
food.faostat.agrifood-emissions-by-country,BDI,2000,7.3617685,,,,final,,,
food.faostat.agrifood-emissions-by-country,BDI,2001,5.3181176,,,,final,,,
food.faostat.agrifood-emissions-by-country,BDI,2002,5.3240244,,,,final,,,
food.faostat.agrifood-emissions-by-country,BDI,2003,5.369376,,,,final,,,
food.faostat.agrifood-emissions-by-country,BDI,2004,5.4622438,,,,final,,,
food.faostat.agrifood-emissions-by-country,BDI,2005,5.5590132,,,,final,,,
food.faostat.agrifood-emissions-by-country,BDI,2006,5.6869776,,,,final,,,
food.faostat.agrifood-emissions-by-country,BDI,2007,5.7635499,,,,final,,,
food.faostat.agrifood-emissions-by-country,BDI,2008,5.8968885,,,,final,,,
food.faostat.agrifood-emissions-by-country,BDI,2009,6.0472627,,,,final,,,
food.faostat.agrifood-emissions-by-country,BDI,2010,6.265228,,,,final,,,
food.faostat.agrifood-emissions-by-country,BDI,2011,6.4370307,,,,final,,,
food.faostat.agrifood-emissions-by-country,BDI,2012,6.4940594,,,,final,,,
food.faostat.agrifood-emissions-by-country,BDI,2013,6.9007904,,,,final,,,
food.faostat.agrifood-emissions-by-country,BDI,2014,6.853262,,,,final,,,
food.faostat.agrifood-emissions-by-country,BDI,2015,6.8511837,,,,final,,,
food.faostat.agrifood-emissions-by-country,BDI,2016,7.1642991,,,,final,,,
food.faostat.agrifood-emissions-by-country,BDI,2017,7.7248017,,,,final,,,
food.faostat.agrifood-emissions-by-country,BDI,2018,7.7758169,,,,final,,,
food.faostat.agrifood-emissions-by-country,BDI,2019,8.1094122,,,,final,,,
food.faostat.agrifood-emissions-by-country,BDI,2020,7.612091,,,,final,,,
food.faostat.agrifood-emissions-by-country,BDI,2021,8.7320232,,,,final,,,
food.faostat.agrifood-emissions-by-country,BDI,2022,8.8784829,,,,final,,,
food.faostat.agrifood-emissions-by-country,BDI,2023,8.7363844,,,,final,,,
food.faostat.agrifood-emissions-by-country,BEL,2000,25.9518087,,,,final,,,
food.faostat.agrifood-emissions-by-country,BEL,2001,25.0941034,,,,final,,,
food.faostat.agrifood-emissions-by-country,BEL,2002,25.012544,,,,final,,,
food.faostat.agrifood-emissions-by-country,BEL,2003,26.8718324,,,,final,,,
food.faostat.agrifood-emissions-by-country,BEL,2004,27.5643808,,,,final,,,
food.faostat.agrifood-emissions-by-country,BEL,2005,28.4211152,,,,final,,,
food.faostat.agrifood-emissions-by-country,BEL,2006,27.3173522,,,,final,,,
food.faostat.agrifood-emissions-by-country,BEL,2007,27.0074208,,,,final,,,
food.faostat.agrifood-emissions-by-country,BEL,2008,27.3889656,,,,final,,,
food.faostat.agrifood-emissions-by-country,BEL,2009,27.0264368,,,,final,,,
food.faostat.agrifood-emissions-by-country,BEL,2010,27.7646329,,,,final,,,
food.faostat.agrifood-emissions-by-country,BEL,2011,28.9252931,,,,final,,,
food.faostat.agrifood-emissions-by-country,BEL,2012,28.627108,,,,final,,,
food.faostat.agrifood-emissions-by-country,BEL,2013,28.6132979,,,,final,,,
food.faostat.agrifood-emissions-by-country,BEL,2014,28.2467064,,,,final,,,
food.faostat.agrifood-emissions-by-country,BEL,2015,29.0332844,,,,final,,,
food.faostat.agrifood-emissions-by-country,BEL,2016,26.0006365,,,,final,,,
food.faostat.agrifood-emissions-by-country,BEL,2017,25.6751227,,,,final,,,
food.faostat.agrifood-emissions-by-country,BEL,2018,26.2725816,,,,final,,,
food.faostat.agrifood-emissions-by-country,BEL,2019,26.1718398,,,,final,,,
food.faostat.agrifood-emissions-by-country,BEL,2020,25.405543,,,,final,,,
food.faostat.agrifood-emissions-by-country,BEL,2021,24.4071736,,,,final,,,
food.faostat.agrifood-emissions-by-country,BEL,2022,23.1721568,,,,final,,,
food.faostat.agrifood-emissions-by-country,BEL,2023,22.7354377,,,,final,,,
food.faostat.agrifood-emissions-by-country,BEN,1990,27.8990498,,,,final,,,
food.faostat.agrifood-emissions-by-country,BEN,1991,28.0630686,,,,final,,,
food.faostat.agrifood-emissions-by-country,BEN,1992,28.1407647,,,,final,,,
food.faostat.agrifood-emissions-by-country,BEN,1993,28.163578,,,,final,,,
food.faostat.agrifood-emissions-by-country,BEN,1994,28.4389363,,,,final,,,
food.faostat.agrifood-emissions-by-country,BEN,1995,28.2226452,,,,final,,,
food.faostat.agrifood-emissions-by-country,BEN,1996,29.4421105,,,,final,,,
food.faostat.agrifood-emissions-by-country,BEN,1997,29.5173257,,,,final,,,
food.faostat.agrifood-emissions-by-country,BEN,1998,30.1796803,,,,final,,,
food.faostat.agrifood-emissions-by-country,BEN,1999,29.9073102,,,,final,,,
food.faostat.agrifood-emissions-by-country,BEN,2000,30.4787306,,,,final,,,
food.faostat.agrifood-emissions-by-country,BEN,2001,38.2293847,,,,final,,,
food.faostat.agrifood-emissions-by-country,BEN,2002,38.8586411,,,,final,,,
food.faostat.agrifood-emissions-by-country,BEN,2003,38.642463,,,,final,,,
food.faostat.agrifood-emissions-by-country,BEN,2004,38.571277,,,,final,,,
food.faostat.agrifood-emissions-by-country,BEN,2005,39.5351838,,,,final,,,
food.faostat.agrifood-emissions-by-country,BEN,2006,39.1724686,,,,final,,,
food.faostat.agrifood-emissions-by-country,BEN,2007,39.4221586,,,,final,,,
food.faostat.agrifood-emissions-by-country,BEN,2008,39.0740066,,,,final,,,
food.faostat.agrifood-emissions-by-country,BEN,2009,39.3461881,,,,final,,,
food.faostat.agrifood-emissions-by-country,BEN,2010,39.4007469,,,,final,,,
food.faostat.agrifood-emissions-by-country,BEN,2011,39.5992936,,,,final,,,
food.faostat.agrifood-emissions-by-country,BEN,2012,39.6881737,,,,final,,,
food.faostat.agrifood-emissions-by-country,BEN,2013,40.0214945,,,,final,,,
food.faostat.agrifood-emissions-by-country,BEN,2014,39.9780877,,,,final,,,
food.faostat.agrifood-emissions-by-country,BEN,2015,40.1389152,,,,final,,,
food.faostat.agrifood-emissions-by-country,BEN,2016,15.2950324,,,,final,,,
food.faostat.agrifood-emissions-by-country,BEN,2017,15.3366649,,,,final,,,
food.faostat.agrifood-emissions-by-country,BEN,2018,15.942922,,,,final,,,
food.faostat.agrifood-emissions-by-country,BEN,2019,16.3250049,,,,final,,,
food.faostat.agrifood-emissions-by-country,BEN,2020,15.9082365,,,,final,,,
food.faostat.agrifood-emissions-by-country,BEN,2021,16.0923508,,,,final,,,
food.faostat.agrifood-emissions-by-country,BEN,2022,16.4572889,,,,final,,,
food.faostat.agrifood-emissions-by-country,BEN,2023,17.0492162,,,,final,,,
food.faostat.agrifood-emissions-by-country,BFA,1990,40.3565236,,,,final,,,
food.faostat.agrifood-emissions-by-country,BFA,1991,40.8252235,,,,final,,,
food.faostat.agrifood-emissions-by-country,BFA,1992,41.1562145,,,,final,,,
food.faostat.agrifood-emissions-by-country,BFA,1993,41.3689407,,,,final,,,
food.faostat.agrifood-emissions-by-country,BFA,1994,41.7074659,,,,final,,,
food.faostat.agrifood-emissions-by-country,BFA,1995,42.102447,,,,final,,,
food.faostat.agrifood-emissions-by-country,BFA,1996,42.9176459,,,,final,,,
food.faostat.agrifood-emissions-by-country,BFA,1997,43.4998646,,,,final,,,
food.faostat.agrifood-emissions-by-country,BFA,1998,43.9282817,,,,final,,,
food.faostat.agrifood-emissions-by-country,BFA,1999,44.2145296,,,,final,,,
food.faostat.agrifood-emissions-by-country,BFA,2000,45.1921255,,,,final,,,
food.faostat.agrifood-emissions-by-country,BFA,2001,35.4626371,,,,final,,,
food.faostat.agrifood-emissions-by-country,BFA,2002,36.1810958,,,,final,,,
food.faostat.agrifood-emissions-by-country,BFA,2003,39.5931478,,,,final,,,
food.faostat.agrifood-emissions-by-country,BFA,2004,40.2500417,,,,final,,,
food.faostat.agrifood-emissions-by-country,BFA,2005,40.9155529,,,,final,,,
food.faostat.agrifood-emissions-by-country,BFA,2006,40.6806025,,,,final,,,
food.faostat.agrifood-emissions-by-country,BFA,2007,41.1459133,,,,final,,,
food.faostat.agrifood-emissions-by-country,BFA,2008,41.5425633,,,,final,,,
food.faostat.agrifood-emissions-by-country,BFA,2009,42.1466625,,,,final,,,
food.faostat.agrifood-emissions-by-country,BFA,2010,43.1406866,,,,final,,,
food.faostat.agrifood-emissions-by-country,BFA,2011,41.1609292,,,,final,,,
food.faostat.agrifood-emissions-by-country,BFA,2012,41.3914537,,,,final,,,
food.faostat.agrifood-emissions-by-country,BFA,2013,42.1477511,,,,final,,,
food.faostat.agrifood-emissions-by-country,BFA,2014,42.5776574,,,,final,,,
food.faostat.agrifood-emissions-by-country,BFA,2015,42.9774561,,,,final,,,
food.faostat.agrifood-emissions-by-country,BFA,2016,44.1954589,,,,final,,,
food.faostat.agrifood-emissions-by-country,BFA,2017,44.5958566,,,,final,,,
food.faostat.agrifood-emissions-by-country,BFA,2018,44.954969,,,,final,,,
food.faostat.agrifood-emissions-by-country,BFA,2019,45.7685623,,,,final,,,
food.faostat.agrifood-emissions-by-country,BFA,2020,41.9152559,,,,final,,,
food.faostat.agrifood-emissions-by-country,BFA,2021,44.5838185,,,,final,,,
food.faostat.agrifood-emissions-by-country,BFA,2022,44.7850661,,,,final,,,
food.faostat.agrifood-emissions-by-country,BFA,2023,45.902417,,,,final,,,
food.faostat.agrifood-emissions-by-country,BGD,1990,104.8092881,,,,final,,,
food.faostat.agrifood-emissions-by-country,BGD,1991,105.5035943,,,,final,,,
food.faostat.agrifood-emissions-by-country,BGD,1992,106.4430589,,,,final,,,
food.faostat.agrifood-emissions-by-country,BGD,1993,106.3426918,,,,final,,,
food.faostat.agrifood-emissions-by-country,BGD,1994,108.2843256,,,,final,,,
food.faostat.agrifood-emissions-by-country,BGD,1995,111.217012,,,,final,,,
food.faostat.agrifood-emissions-by-country,BGD,1996,112.3236945,,,,final,,,
food.faostat.agrifood-emissions-by-country,BGD,1997,113.1444313,,,,final,,,
food.faostat.agrifood-emissions-by-country,BGD,1998,113.3671184,,,,final,,,
food.faostat.agrifood-emissions-by-country,BGD,1999,116.701845,,,,final,,,
food.faostat.agrifood-emissions-by-country,BGD,2000,116.9508987,,,,final,,,
food.faostat.agrifood-emissions-by-country,BGD,2001,117.0246119,,,,final,,,
food.faostat.agrifood-emissions-by-country,BGD,2002,118.2490263,,,,final,,,
food.faostat.agrifood-emissions-by-country,BGD,2003,117.8558306,,,,final,,,
food.faostat.agrifood-emissions-by-country,BGD,2004,116.7113085,,,,final,,,
food.faostat.agrifood-emissions-by-country,BGD,2005,118.6585326,,,,final,,,
food.faostat.agrifood-emissions-by-country,BGD,2006,120.528656,,,,final,,,
food.faostat.agrifood-emissions-by-country,BGD,2007,120.4982836,,,,final,,,
food.faostat.agrifood-emissions-by-country,BGD,2008,124.8893856,,,,final,,,
food.faostat.agrifood-emissions-by-country,BGD,2009,125.1013603,,,,final,,,
food.faostat.agrifood-emissions-by-country,BGD,2010,126.0767999,,,,final,,,
food.faostat.agrifood-emissions-by-country,BGD,2011,130.7883619,,,,final,,,
food.faostat.agrifood-emissions-by-country,BGD,2012,130.7310077,,,,final,,,
food.faostat.agrifood-emissions-by-country,BGD,2013,130.825685,,,,final,,,
food.faostat.agrifood-emissions-by-country,BGD,2014,132.6311347,,,,final,,,
food.faostat.agrifood-emissions-by-country,BGD,2015,132.1539951,,,,final,,,
food.faostat.agrifood-emissions-by-country,BGD,2016,132.6403021,,,,final,,,
food.faostat.agrifood-emissions-by-country,BGD,2017,135.6205439,,,,final,,,
food.faostat.agrifood-emissions-by-country,BGD,2018,137.2750142,,,,final,,,
food.faostat.agrifood-emissions-by-country,BGD,2019,137.9505307,,,,final,,,
food.faostat.agrifood-emissions-by-country,BGD,2020,138.6033614,,,,final,,,
food.faostat.agrifood-emissions-by-country,BGD,2021,142.8683483,,,,final,,,
food.faostat.agrifood-emissions-by-country,BGD,2022,143.4950659,,,,final,,,
food.faostat.agrifood-emissions-by-country,BGD,2023,143.8249265,,,,final,,,
food.faostat.agrifood-emissions-by-country,BGR,1990,21.0198864,,,,final,,,
food.faostat.agrifood-emissions-by-country,BGR,1991,19.3307344,,,,final,,,
food.faostat.agrifood-emissions-by-country,BGR,1992,16.5062545,,,,final,,,
food.faostat.agrifood-emissions-by-country,BGR,1993,14.6523713,,,,final,,,
food.faostat.agrifood-emissions-by-country,BGR,1994,13.9509431,,,,final,,,
food.faostat.agrifood-emissions-by-country,BGR,1995,12.9774131,,,,final,,,
food.faostat.agrifood-emissions-by-country,BGR,1996,13.0800883,,,,final,,,
food.faostat.agrifood-emissions-by-country,BGR,1997,12.4728606,,,,final,,,
food.faostat.agrifood-emissions-by-country,BGR,1998,12.3640499,,,,final,,,
food.faostat.agrifood-emissions-by-country,BGR,1999,12.3548263,,,,final,,,
food.faostat.agrifood-emissions-by-country,BGR,2000,12.5681342,,,,final,,,
food.faostat.agrifood-emissions-by-country,BGR,2001,13.579218,,,,final,,,
food.faostat.agrifood-emissions-by-country,BGR,2002,13.7855775,,,,final,,,
food.faostat.agrifood-emissions-by-country,BGR,2003,14.3536544,,,,final,,,
food.faostat.agrifood-emissions-by-country,BGR,2004,14.1799619,,,,final,,,
food.faostat.agrifood-emissions-by-country,BGR,2005,14.4749291,,,,final,,,
food.faostat.agrifood-emissions-by-country,BGR,2006,15.2971518,,,,final,,,
food.faostat.agrifood-emissions-by-country,BGR,2007,15.8566244,,,,final,,,
food.faostat.agrifood-emissions-by-country,BGR,2008,15.0519145,,,,final,,,
food.faostat.agrifood-emissions-by-country,BGR,2009,14.7902564,,,,final,,,
food.faostat.agrifood-emissions-by-country,BGR,2010,14.6055268,,,,final,,,
food.faostat.agrifood-emissions-by-country,BGR,2011,12.0212944,,,,final,,,
food.faostat.agrifood-emissions-by-country,BGR,2012,11.0481803,,,,final,,,
food.faostat.agrifood-emissions-by-country,BGR,2013,10.9870123,,,,final,,,
food.faostat.agrifood-emissions-by-country,BGR,2014,11.1794542,,,,final,,,
food.faostat.agrifood-emissions-by-country,BGR,2015,11.5533594,,,,final,,,
food.faostat.agrifood-emissions-by-country,BGR,2016,14.789315,,,,final,,,
food.faostat.agrifood-emissions-by-country,BGR,2017,14.8994481,,,,final,,,
food.faostat.agrifood-emissions-by-country,BGR,2018,14.7045603,,,,final,,,
food.faostat.agrifood-emissions-by-country,BGR,2019,14.7748276,,,,final,,,
food.faostat.agrifood-emissions-by-country,BGR,2020,14.8690821,,,,final,,,
food.faostat.agrifood-emissions-by-country,BGR,2021,15.2340097,,,,final,,,
food.faostat.agrifood-emissions-by-country,BGR,2022,14.9101957,,,,final,,,
food.faostat.agrifood-emissions-by-country,BGR,2023,14.940615,,,,final,,,
food.faostat.agrifood-emissions-by-country,BHR,1990,1.1442861,,,,final,,,
food.faostat.agrifood-emissions-by-country,BHR,1991,1.1365636,,,,final,,,
food.faostat.agrifood-emissions-by-country,BHR,1992,1.3128121,,,,final,,,
food.faostat.agrifood-emissions-by-country,BHR,1993,1.3555218,,,,final,,,
food.faostat.agrifood-emissions-by-country,BHR,1994,1.4323014,,,,final,,,
food.faostat.agrifood-emissions-by-country,BHR,1995,1.5012728,,,,final,,,
food.faostat.agrifood-emissions-by-country,BHR,1996,1.5404504,,,,final,,,
food.faostat.agrifood-emissions-by-country,BHR,1997,1.6106081,,,,final,,,
food.faostat.agrifood-emissions-by-country,BHR,1998,1.7342863,,,,final,,,
food.faostat.agrifood-emissions-by-country,BHR,1999,1.8260414,,,,final,,,
food.faostat.agrifood-emissions-by-country,BHR,2000,1.9340849,,,,final,,,
food.faostat.agrifood-emissions-by-country,BHR,2001,2.0968814,,,,final,,,
food.faostat.agrifood-emissions-by-country,BHR,2002,2.3111936,,,,final,,,
food.faostat.agrifood-emissions-by-country,BHR,2003,2.3466691,,,,final,,,
food.faostat.agrifood-emissions-by-country,BHR,2004,2.2972308,,,,final,,,
food.faostat.agrifood-emissions-by-country,BHR,2005,2.6380668,,,,final,,,
food.faostat.agrifood-emissions-by-country,BHR,2006,2.9243236,,,,final,,,
food.faostat.agrifood-emissions-by-country,BHR,2007,2.9165635,,,,final,,,
food.faostat.agrifood-emissions-by-country,BHR,2008,3.0760439,,,,final,,,
food.faostat.agrifood-emissions-by-country,BHR,2009,3.2239277,,,,final,,,
food.faostat.agrifood-emissions-by-country,BHR,2010,3.1013284,,,,final,,,
food.faostat.agrifood-emissions-by-country,BHR,2011,3.1117662,,,,final,,,
food.faostat.agrifood-emissions-by-country,BHR,2012,3.1669123,,,,final,,,
food.faostat.agrifood-emissions-by-country,BHR,2013,3.3377474,,,,final,,,
food.faostat.agrifood-emissions-by-country,BHR,2014,3.4136329,,,,final,,,
food.faostat.agrifood-emissions-by-country,BHR,2015,3.4609464,,,,final,,,
food.faostat.agrifood-emissions-by-country,BHR,2016,3.4657897,,,,final,,,
food.faostat.agrifood-emissions-by-country,BHR,2017,3.5463329,,,,final,,,
food.faostat.agrifood-emissions-by-country,BHR,2018,3.6383965,,,,final,,,
food.faostat.agrifood-emissions-by-country,BHR,2019,3.7158956,,,,final,,,
food.faostat.agrifood-emissions-by-country,BHR,2020,3.7384598,,,,final,,,
food.faostat.agrifood-emissions-by-country,BHR,2021,3.918836,,,,final,,,
food.faostat.agrifood-emissions-by-country,BHR,2022,3.9962049,,,,final,,,
food.faostat.agrifood-emissions-by-country,BHR,2023,4.0245162,,,,final,,,
food.faostat.agrifood-emissions-by-country,BHS,1990,0.4369687,,,,final,,,
food.faostat.agrifood-emissions-by-country,BHS,1991,0.4419291,,,,final,,,
food.faostat.agrifood-emissions-by-country,BHS,1992,0.4266014,,,,final,,,
food.faostat.agrifood-emissions-by-country,BHS,1993,0.4199852,,,,final,,,
food.faostat.agrifood-emissions-by-country,BHS,1994,0.4256788,,,,final,,,
food.faostat.agrifood-emissions-by-country,BHS,1995,0.4487047,,,,final,,,
food.faostat.agrifood-emissions-by-country,BHS,1996,0.4789002,,,,final,,,
food.faostat.agrifood-emissions-by-country,BHS,1997,0.4925398,,,,final,,,
food.faostat.agrifood-emissions-by-country,BHS,1998,0.5096548,,,,final,,,
food.faostat.agrifood-emissions-by-country,BHS,1999,0.5086697,,,,final,,,
food.faostat.agrifood-emissions-by-country,BHS,2000,0.510994,,,,final,,,
food.faostat.agrifood-emissions-by-country,BHS,2001,0.4948319,,,,final,,,
food.faostat.agrifood-emissions-by-country,BHS,2002,0.5306259,,,,final,,,
food.faostat.agrifood-emissions-by-country,BHS,2003,0.5093698,,,,final,,,
food.faostat.agrifood-emissions-by-country,BHS,2004,0.5616977,,,,final,,,
food.faostat.agrifood-emissions-by-country,BHS,2005,0.5537729,,,,final,,,
food.faostat.agrifood-emissions-by-country,BHS,2006,0.5306805,,,,final,,,
food.faostat.agrifood-emissions-by-country,BHS,2007,0.5292336,,,,final,,,
food.faostat.agrifood-emissions-by-country,BHS,2008,0.5929085,,,,final,,,
food.faostat.agrifood-emissions-by-country,BHS,2009,0.5722787,,,,final,,,
food.faostat.agrifood-emissions-by-country,BHS,2010,0.5933593,,,,final,,,
food.faostat.agrifood-emissions-by-country,BHS,2011,0.6321954,,,,final,,,
food.faostat.agrifood-emissions-by-country,BHS,2012,0.5669747,,,,final,,,
food.faostat.agrifood-emissions-by-country,BHS,2013,0.7241811,,,,final,,,
food.faostat.agrifood-emissions-by-country,BHS,2014,0.662462,,,,final,,,
food.faostat.agrifood-emissions-by-country,BHS,2015,0.6982615,,,,final,,,
food.faostat.agrifood-emissions-by-country,BHS,2016,0.7369595,,,,final,,,
food.faostat.agrifood-emissions-by-country,BHS,2017,0.7881335,,,,final,,,
food.faostat.agrifood-emissions-by-country,BHS,2018,0.717741,,,,final,,,
food.faostat.agrifood-emissions-by-country,BHS,2019,0.7319013,,,,final,,,
food.faostat.agrifood-emissions-by-country,BHS,2020,0.7078356,,,,final,,,
food.faostat.agrifood-emissions-by-country,BHS,2021,0.7661774,,,,final,,,
food.faostat.agrifood-emissions-by-country,BHS,2022,0.7602468,,,,final,,,
food.faostat.agrifood-emissions-by-country,BHS,2023,0.7693528,,,,final,,,
food.faostat.agrifood-emissions-by-country,BIH,1992,4.2778532,,,,final,,,
food.faostat.agrifood-emissions-by-country,BIH,1993,4.1167595,,,,final,,,
food.faostat.agrifood-emissions-by-country,BIH,1994,3.4839143,,,,final,,,
food.faostat.agrifood-emissions-by-country,BIH,1995,3.0561412,,,,final,,,
food.faostat.agrifood-emissions-by-country,BIH,1996,2.8357373,,,,final,,,
food.faostat.agrifood-emissions-by-country,BIH,1997,3.4500577,,,,final,,,
food.faostat.agrifood-emissions-by-country,BIH,1998,3.90199,,,,final,,,
food.faostat.agrifood-emissions-by-country,BIH,1999,4.0320191,,,,final,,,
food.faostat.agrifood-emissions-by-country,BIH,2000,4.3042326,,,,final,,,
food.faostat.agrifood-emissions-by-country,BIH,2001,4.2453243,,,,final,,,
food.faostat.agrifood-emissions-by-country,BIH,2002,4.2969759,,,,final,,,
food.faostat.agrifood-emissions-by-country,BIH,2003,4.4862827,,,,final,,,
food.faostat.agrifood-emissions-by-country,BIH,2004,4.7878753,,,,final,,,
food.faostat.agrifood-emissions-by-country,BIH,2005,4.9338621,,,,final,,,
food.faostat.agrifood-emissions-by-country,BIH,2006,5.2070693,,,,final,,,
food.faostat.agrifood-emissions-by-country,BIH,2007,5.3085298,,,,final,,,
food.faostat.agrifood-emissions-by-country,BIH,2008,5.8117428,,,,final,,,
food.faostat.agrifood-emissions-by-country,BIH,2009,5.8826822,,,,final,,,
food.faostat.agrifood-emissions-by-country,BIH,2010,5.8628951,,,,final,,,
food.faostat.agrifood-emissions-by-country,BIH,2011,6.5397965,,,,final,,,
food.faostat.agrifood-emissions-by-country,BIH,2012,6.5543239,,,,final,,,
food.faostat.agrifood-emissions-by-country,BIH,2013,5.9527543,,,,final,,,
food.faostat.agrifood-emissions-by-country,BIH,2014,6.1347587,,,,final,,,
food.faostat.agrifood-emissions-by-country,BIH,2015,6.3068321,,,,final,,,
food.faostat.agrifood-emissions-by-country,BIH,2016,6.7888462,,,,final,,,
food.faostat.agrifood-emissions-by-country,BIH,2017,6.8345302,,,,final,,,
food.faostat.agrifood-emissions-by-country,BIH,2018,6.5789273,,,,final,,,
food.faostat.agrifood-emissions-by-country,BIH,2019,6.3059782,,,,final,,,
food.faostat.agrifood-emissions-by-country,BIH,2020,6.3362109,,,,final,,,
food.faostat.agrifood-emissions-by-country,BIH,2021,5.6540601,,,,final,,,
food.faostat.agrifood-emissions-by-country,BIH,2022,5.6048714,,,,final,,,
food.faostat.agrifood-emissions-by-country,BIH,2023,5.3831393,,,,final,,,
food.faostat.agrifood-emissions-by-country,BLR,1992,93.6689422,,,,final,,,
food.faostat.agrifood-emissions-by-country,BLR,1993,91.0978291,,,,final,,,
food.faostat.agrifood-emissions-by-country,BLR,1994,87.2807159,,,,final,,,
food.faostat.agrifood-emissions-by-country,BLR,1995,85.3693309,,,,final,,,
food.faostat.agrifood-emissions-by-country,BLR,1996,84.8189873,,,,final,,,
food.faostat.agrifood-emissions-by-country,BLR,1997,84.6581418,,,,final,,,
food.faostat.agrifood-emissions-by-country,BLR,1998,84.7198934,,,,final,,,
food.faostat.agrifood-emissions-by-country,BLR,1999,84.2379053,,,,final,,,
food.faostat.agrifood-emissions-by-country,BLR,2000,84.0277246,,,,final,,,
food.faostat.agrifood-emissions-by-country,BLR,2001,80.5165284,,,,final,,,
food.faostat.agrifood-emissions-by-country,BLR,2002,79.7761262,,,,final,,,
food.faostat.agrifood-emissions-by-country,BLR,2003,79.9755928,,,,final,,,
food.faostat.agrifood-emissions-by-country,BLR,2004,80.4921968,,,,final,,,
food.faostat.agrifood-emissions-by-country,BLR,2005,81.3325111,,,,final,,,
food.faostat.agrifood-emissions-by-country,BLR,2006,82.2190141,,,,final,,,
food.faostat.agrifood-emissions-by-country,BLR,2007,82.1890944,,,,final,,,
food.faostat.agrifood-emissions-by-country,BLR,2008,83.1342775,,,,final,,,
food.faostat.agrifood-emissions-by-country,BLR,2009,82.1146876,,,,final,,,
food.faostat.agrifood-emissions-by-country,BLR,2010,83.324976,,,,final,,,
food.faostat.agrifood-emissions-by-country,BLR,2011,88.0319882,,,,final,,,
food.faostat.agrifood-emissions-by-country,BLR,2012,87.837145,,,,final,,,
food.faostat.agrifood-emissions-by-country,BLR,2013,89.885611,,,,final,,,
food.faostat.agrifood-emissions-by-country,BLR,2014,90.2823216,,,,final,,,
food.faostat.agrifood-emissions-by-country,BLR,2015,89.4702356,,,,final,,,
food.faostat.agrifood-emissions-by-country,BLR,2016,84.8195853,,,,final,,,
food.faostat.agrifood-emissions-by-country,BLR,2017,86.039173,,,,final,,,
food.faostat.agrifood-emissions-by-country,BLR,2018,86.1518256,,,,final,,,
food.faostat.agrifood-emissions-by-country,BLR,2019,85.9733168,,,,final,,,
food.faostat.agrifood-emissions-by-country,BLR,2020,86.5824405,,,,final,,,
food.faostat.agrifood-emissions-by-country,BLR,2021,86.2716496,,,,final,,,
food.faostat.agrifood-emissions-by-country,BLR,2022,86.2931414,,,,final,,,
food.faostat.agrifood-emissions-by-country,BLR,2023,86.3442392,,,,final,,,
food.faostat.agrifood-emissions-by-country,BLZ,1990,5.1105721,,,,final,,,
food.faostat.agrifood-emissions-by-country,BLZ,1991,5.1187016,,,,final,,,
food.faostat.agrifood-emissions-by-country,BLZ,1992,5.1209592,,,,final,,,
food.faostat.agrifood-emissions-by-country,BLZ,1993,5.1028371,,,,final,,,
food.faostat.agrifood-emissions-by-country,BLZ,1994,5.1092977,,,,final,,,
food.faostat.agrifood-emissions-by-country,BLZ,1995,5.0857088,,,,final,,,
food.faostat.agrifood-emissions-by-country,BLZ,1996,5.0521798,,,,final,,,
food.faostat.agrifood-emissions-by-country,BLZ,1997,5.0456107,,,,final,,,
food.faostat.agrifood-emissions-by-country,BLZ,1998,5.1333358,,,,final,,,
food.faostat.agrifood-emissions-by-country,BLZ,1999,5.2606639,,,,final,,,
food.faostat.agrifood-emissions-by-country,BLZ,2000,5.2088879,,,,final,,,
food.faostat.agrifood-emissions-by-country,BLZ,2001,5.1526755,,,,final,,,
food.faostat.agrifood-emissions-by-country,BLZ,2002,5.2357483,,,,final,,,
food.faostat.agrifood-emissions-by-country,BLZ,2003,5.5169415,,,,final,,,
food.faostat.agrifood-emissions-by-country,BLZ,2004,5.0988648,,,,final,,,
food.faostat.agrifood-emissions-by-country,BLZ,2005,5.2297233,,,,final,,,
food.faostat.agrifood-emissions-by-country,BLZ,2006,5.1638436,,,,final,,,
food.faostat.agrifood-emissions-by-country,BLZ,2007,5.3154143,,,,final,,,
food.faostat.agrifood-emissions-by-country,BLZ,2008,5.2454731,,,,final,,,
food.faostat.agrifood-emissions-by-country,BLZ,2009,5.2692034,,,,final,,,
food.faostat.agrifood-emissions-by-country,BLZ,2010,5.3040674,,,,final,,,
food.faostat.agrifood-emissions-by-country,BLZ,2011,5.7308936,,,,final,,,
food.faostat.agrifood-emissions-by-country,BLZ,2012,5.271578,,,,final,,,
food.faostat.agrifood-emissions-by-country,BLZ,2013,5.5007819,,,,final,,,
food.faostat.agrifood-emissions-by-country,BLZ,2014,5.3374642,,,,final,,,
food.faostat.agrifood-emissions-by-country,BLZ,2015,5.43129,,,,final,,,
food.faostat.agrifood-emissions-by-country,BLZ,2016,5.3948277,,,,final,,,
food.faostat.agrifood-emissions-by-country,BLZ,2017,5.4416113,,,,final,,,
food.faostat.agrifood-emissions-by-country,BLZ,2018,5.3750486,,,,final,,,
food.faostat.agrifood-emissions-by-country,BLZ,2019,5.4805727,,,,final,,,
food.faostat.agrifood-emissions-by-country,BLZ,2020,5.569532,,,,final,,,
food.faostat.agrifood-emissions-by-country,BLZ,2021,5.4324649,,,,final,,,
food.faostat.agrifood-emissions-by-country,BLZ,2022,5.368499,,,,final,,,
food.faostat.agrifood-emissions-by-country,BLZ,2023,5.5473595,,,,final,,,
food.faostat.agrifood-emissions-by-country,BMU,1990,0.0309242,,,,final,,,
food.faostat.agrifood-emissions-by-country,BMU,1991,0.0322689,,,,final,,,
food.faostat.agrifood-emissions-by-country,BMU,1992,0.0300187,,,,final,,,
food.faostat.agrifood-emissions-by-country,BMU,1993,0.0306075,,,,final,,,
food.faostat.agrifood-emissions-by-country,BMU,1994,0.0293877,,,,final,,,
food.faostat.agrifood-emissions-by-country,BMU,1995,0.0285829,,,,final,,,
food.faostat.agrifood-emissions-by-country,BMU,1996,0.0268602,,,,final,,,
food.faostat.agrifood-emissions-by-country,BMU,1997,0.0251389,,,,final,,,
food.faostat.agrifood-emissions-by-country,BMU,1998,0.0252408,,,,final,,,
food.faostat.agrifood-emissions-by-country,BMU,1999,0.0251694,,,,final,,,
food.faostat.agrifood-emissions-by-country,BMU,2000,0.0254629,,,,final,,,
food.faostat.agrifood-emissions-by-country,BMU,2001,0.0254699,,,,final,,,
food.faostat.agrifood-emissions-by-country,BMU,2002,0.0266563,,,,final,,,
food.faostat.agrifood-emissions-by-country,BMU,2003,0.026671,,,,final,,,
food.faostat.agrifood-emissions-by-country,BMU,2004,0.0270269,,,,final,,,
food.faostat.agrifood-emissions-by-country,BMU,2005,0.0290682,,,,final,,,
food.faostat.agrifood-emissions-by-country,BMU,2006,0.0328325,,,,final,,,
food.faostat.agrifood-emissions-by-country,BMU,2007,0.0319368,,,,final,,,
food.faostat.agrifood-emissions-by-country,BMU,2008,0.0317436,,,,final,,,
food.faostat.agrifood-emissions-by-country,BMU,2009,0.0323138,,,,final,,,
food.faostat.agrifood-emissions-by-country,BMU,2010,0.0322869,,,,final,,,
food.faostat.agrifood-emissions-by-country,BMU,2011,0.0306387,,,,final,,,
food.faostat.agrifood-emissions-by-country,BMU,2012,0.030491,,,,final,,,
food.faostat.agrifood-emissions-by-country,BMU,2013,0.0315905,,,,final,,,
food.faostat.agrifood-emissions-by-country,BMU,2014,0.0328653,,,,final,,,
food.faostat.agrifood-emissions-by-country,BMU,2015,0.0307068,,,,final,,,
food.faostat.agrifood-emissions-by-country,BMU,2016,0.0351841,,,,final,,,
food.faostat.agrifood-emissions-by-country,BMU,2017,0.0304531,,,,final,,,
food.faostat.agrifood-emissions-by-country,BMU,2018,0.0332715,,,,final,,,
food.faostat.agrifood-emissions-by-country,BMU,2019,0.0316173,,,,final,,,
food.faostat.agrifood-emissions-by-country,BMU,2020,0.0287735,,,,final,,,
food.faostat.agrifood-emissions-by-country,BMU,2021,0.0298089,,,,final,,,
food.faostat.agrifood-emissions-by-country,BMU,2022,0.0302035,,,,final,,,
food.faostat.agrifood-emissions-by-country,BMU,2023,0.0302499,,,,final,,,
food.faostat.agrifood-emissions-by-country,BOL,1990,96.2122978,,,,final,,,
food.faostat.agrifood-emissions-by-country,BOL,1991,96.6404852,,,,final,,,
food.faostat.agrifood-emissions-by-country,BOL,1992,97.0744607,,,,final,,,
food.faostat.agrifood-emissions-by-country,BOL,1993,97.4488814,,,,final,,,
food.faostat.agrifood-emissions-by-country,BOL,1994,98.0388262,,,,final,,,
food.faostat.agrifood-emissions-by-country,BOL,1995,98.5987633,,,,final,,,
food.faostat.agrifood-emissions-by-country,BOL,1996,97.6472373,,,,final,,,
food.faostat.agrifood-emissions-by-country,BOL,1997,99.0813164,,,,final,,,
food.faostat.agrifood-emissions-by-country,BOL,1998,100.1593096,,,,final,,,
food.faostat.agrifood-emissions-by-country,BOL,1999,106.7057217,,,,final,,,
food.faostat.agrifood-emissions-by-country,BOL,2000,98.13276,,,,final,,,
food.faostat.agrifood-emissions-by-country,BOL,2001,68.0733503,,,,final,,,
food.faostat.agrifood-emissions-by-country,BOL,2002,73.8971246,,,,final,,,
food.faostat.agrifood-emissions-by-country,BOL,2003,69.8774592,,,,final,,,
food.faostat.agrifood-emissions-by-country,BOL,2004,84.8153363,,,,final,,,
food.faostat.agrifood-emissions-by-country,BOL,2005,78.1283099,,,,final,,,
food.faostat.agrifood-emissions-by-country,BOL,2006,78.8726225,,,,final,,,
food.faostat.agrifood-emissions-by-country,BOL,2007,84.0902641,,,,final,,,
food.faostat.agrifood-emissions-by-country,BOL,2008,76.8548667,,,,final,,,
food.faostat.agrifood-emissions-by-country,BOL,2009,74.9580434,,,,final,,,
food.faostat.agrifood-emissions-by-country,BOL,2010,99.0733349,,,,final,,,
food.faostat.agrifood-emissions-by-country,BOL,2011,81.4412161,,,,final,,,
food.faostat.agrifood-emissions-by-country,BOL,2012,80.1561945,,,,final,,,
food.faostat.agrifood-emissions-by-country,BOL,2013,78.3217417,,,,final,,,
food.faostat.agrifood-emissions-by-country,BOL,2014,77.1287233,,,,final,,,
food.faostat.agrifood-emissions-by-country,BOL,2015,80.5332175,,,,final,,,
food.faostat.agrifood-emissions-by-country,BOL,2016,99.7123863,,,,final,,,
food.faostat.agrifood-emissions-by-country,BOL,2017,97.8383493,,,,final,,,
food.faostat.agrifood-emissions-by-country,BOL,2018,98.9782184,,,,final,,,
food.faostat.agrifood-emissions-by-country,BOL,2019,110.0032542,,,,final,,,
food.faostat.agrifood-emissions-by-country,BOL,2020,106.6124012,,,,final,,,
food.faostat.agrifood-emissions-by-country,BOL,2021,113.1666945,,,,final,,,
food.faostat.agrifood-emissions-by-country,BOL,2022,110.5870034,,,,final,,,
food.faostat.agrifood-emissions-by-country,BOL,2023,115.0158417,,,,final,,,
food.faostat.agrifood-emissions-by-country,BRA,1990,2548.0257743,,,,final,,,
food.faostat.agrifood-emissions-by-country,BRA,1991,2562.6809783,,,,final,,,
food.faostat.agrifood-emissions-by-country,BRA,1992,2571.3319085,,,,final,,,
food.faostat.agrifood-emissions-by-country,BRA,1993,2573.282999,,,,final,,,
food.faostat.agrifood-emissions-by-country,BRA,1994,2583.966953,,,,final,,,
food.faostat.agrifood-emissions-by-country,BRA,1995,2592.8705355,,,,final,,,
food.faostat.agrifood-emissions-by-country,BRA,1996,2578.790161,,,,final,,,
food.faostat.agrifood-emissions-by-country,BRA,1997,2594.7038147,,,,final,,,
food.faostat.agrifood-emissions-by-country,BRA,1998,2617.2151689,,,,final,,,
food.faostat.agrifood-emissions-by-country,BRA,1999,2616.1700297,,,,final,,,
food.faostat.agrifood-emissions-by-country,BRA,2000,2605.0240036,,,,final,,,
food.faostat.agrifood-emissions-by-country,BRA,2001,2008.7591964,,,,final,,,
food.faostat.agrifood-emissions-by-country,BRA,2002,2038.0540674,,,,final,,,
food.faostat.agrifood-emissions-by-country,BRA,2003,2056.443682,,,,final,,,
food.faostat.agrifood-emissions-by-country,BRA,2004,2086.5632403,,,,final,,,
food.faostat.agrifood-emissions-by-country,BRA,2005,2098.2216834,,,,final,,,
food.faostat.agrifood-emissions-by-country,BRA,2006,2080.4039673,,,,final,,,
food.faostat.agrifood-emissions-by-country,BRA,2007,2107.1965258,,,,final,,,
food.faostat.agrifood-emissions-by-country,BRA,2008,2098.5253948,,,,final,,,
food.faostat.agrifood-emissions-by-country,BRA,2009,2091.9359663,,,,final,,,
food.faostat.agrifood-emissions-by-country,BRA,2010,2154.9946796,,,,final,,,
food.faostat.agrifood-emissions-by-country,BRA,2011,1605.3515661,,,,final,,,
food.faostat.agrifood-emissions-by-country,BRA,2012,1618.504597,,,,final,,,
food.faostat.agrifood-emissions-by-country,BRA,2013,1606.9109341,,,,final,,,
food.faostat.agrifood-emissions-by-country,BRA,2014,1623.5359986,,,,final,,,
food.faostat.agrifood-emissions-by-country,BRA,2015,1631.5487887,,,,final,,,
food.faostat.agrifood-emissions-by-country,BRA,2016,1711.8456662,,,,final,,,
food.faostat.agrifood-emissions-by-country,BRA,2017,1733.360705,,,,final,,,
food.faostat.agrifood-emissions-by-country,BRA,2018,1709.0331025,,,,final,,,
food.faostat.agrifood-emissions-by-country,BRA,2019,1730.600227,,,,final,,,
food.faostat.agrifood-emissions-by-country,BRA,2020,1762.5774399,,,,final,,,
food.faostat.agrifood-emissions-by-country,BRA,2021,2024.8557218,,,,final,,,
food.faostat.agrifood-emissions-by-country,BRA,2022,2050.2209294,,,,final,,,
food.faostat.agrifood-emissions-by-country,BRA,2023,2059.7604058,,,,final,,,
food.faostat.agrifood-emissions-by-country,BRB,1990,0.3775578,,,,final,,,
food.faostat.agrifood-emissions-by-country,BRB,1991,0.4277687,,,,final,,,
food.faostat.agrifood-emissions-by-country,BRB,1992,0.4169386,,,,final,,,
food.faostat.agrifood-emissions-by-country,BRB,1993,0.404259,,,,final,,,
food.faostat.agrifood-emissions-by-country,BRB,1994,0.4102979,,,,final,,,
food.faostat.agrifood-emissions-by-country,BRB,1995,0.4404046,,,,final,,,
food.faostat.agrifood-emissions-by-country,BRB,1996,0.4329865,,,,final,,,
food.faostat.agrifood-emissions-by-country,BRB,1997,0.4312682,,,,final,,,
food.faostat.agrifood-emissions-by-country,BRB,1998,0.4344061,,,,final,,,
food.faostat.agrifood-emissions-by-country,BRB,1999,0.4373083,,,,final,,,
food.faostat.agrifood-emissions-by-country,BRB,2000,0.4327802,,,,final,,,
food.faostat.agrifood-emissions-by-country,BRB,2001,0.4145934,,,,final,,,
food.faostat.agrifood-emissions-by-country,BRB,2002,0.4221503,,,,final,,,
food.faostat.agrifood-emissions-by-country,BRB,2003,0.4358115,,,,final,,,
food.faostat.agrifood-emissions-by-country,BRB,2004,0.4496656,,,,final,,,
food.faostat.agrifood-emissions-by-country,BRB,2005,0.4490572,,,,final,,,
food.faostat.agrifood-emissions-by-country,BRB,2006,0.4428189,,,,final,,,
food.faostat.agrifood-emissions-by-country,BRB,2007,0.4518855,,,,final,,,
food.faostat.agrifood-emissions-by-country,BRB,2008,0.4537032,,,,final,,,
food.faostat.agrifood-emissions-by-country,BRB,2009,0.4508232,,,,final,,,
food.faostat.agrifood-emissions-by-country,BRB,2010,0.4771944,,,,final,,,
food.faostat.agrifood-emissions-by-country,BRB,2011,0.4713011,,,,final,,,
food.faostat.agrifood-emissions-by-country,BRB,2012,0.4652736,,,,final,,,
food.faostat.agrifood-emissions-by-country,BRB,2013,0.446725,,,,final,,,
food.faostat.agrifood-emissions-by-country,BRB,2014,0.4563198,,,,final,,,
food.faostat.agrifood-emissions-by-country,BRB,2015,0.4589225,,,,final,,,
food.faostat.agrifood-emissions-by-country,BRB,2016,0.4717654,,,,final,,,
food.faostat.agrifood-emissions-by-country,BRB,2017,0.4756052,,,,final,,,
food.faostat.agrifood-emissions-by-country,BRB,2018,0.4742742,,,,final,,,
food.faostat.agrifood-emissions-by-country,BRB,2019,0.4805214,,,,final,,,
food.faostat.agrifood-emissions-by-country,BRB,2020,0.4670104,,,,final,,,
food.faostat.agrifood-emissions-by-country,BRB,2021,0.4837326,,,,final,,,
food.faostat.agrifood-emissions-by-country,BRB,2022,0.4883648,,,,final,,,
food.faostat.agrifood-emissions-by-country,BRB,2023,0.492132,,,,final,,,
food.faostat.agrifood-emissions-by-country,BRN,1990,1.9020668,,,,final,,,
food.faostat.agrifood-emissions-by-country,BRN,1991,1.8983013,,,,final,,,
food.faostat.agrifood-emissions-by-country,BRN,1992,1.910665,,,,final,,,
food.faostat.agrifood-emissions-by-country,BRN,1993,1.9460411,,,,final,,,
food.faostat.agrifood-emissions-by-country,BRN,1994,1.9742542,,,,final,,,
food.faostat.agrifood-emissions-by-country,BRN,1995,1.938069,,,,final,,,
food.faostat.agrifood-emissions-by-country,BRN,1996,1.9060134,,,,final,,,
food.faostat.agrifood-emissions-by-country,BRN,1997,2.1397965,,,,final,,,
food.faostat.agrifood-emissions-by-country,BRN,1998,6.4532066,,,,final,,,
food.faostat.agrifood-emissions-by-country,BRN,1999,1.8871796,,,,final,,,
food.faostat.agrifood-emissions-by-country,BRN,2000,1.9072024,,,,final,,,
food.faostat.agrifood-emissions-by-country,BRN,2001,2.1076182,,,,final,,,
food.faostat.agrifood-emissions-by-country,BRN,2002,2.0944458,,,,final,,,
food.faostat.agrifood-emissions-by-country,BRN,2003,2.2929682,,,,final,,,
food.faostat.agrifood-emissions-by-country,BRN,2004,2.1808028,,,,final,,,
food.faostat.agrifood-emissions-by-country,BRN,2005,2.2197982,,,,final,,,
food.faostat.agrifood-emissions-by-country,BRN,2006,2.1754044,,,,final,,,
food.faostat.agrifood-emissions-by-country,BRN,2007,1.9639145,,,,final,,,
food.faostat.agrifood-emissions-by-country,BRN,2008,2.3375575,,,,final,,,
food.faostat.agrifood-emissions-by-country,BRN,2009,2.3648151,,,,final,,,
food.faostat.agrifood-emissions-by-country,BRN,2010,2.3284093,,,,final,,,
food.faostat.agrifood-emissions-by-country,BRN,2011,1.4460463,,,,final,,,
food.faostat.agrifood-emissions-by-country,BRN,2012,1.4939559,,,,final,,,
food.faostat.agrifood-emissions-by-country,BRN,2013,1.4134578,,,,final,,,
food.faostat.agrifood-emissions-by-country,BRN,2014,1.524323,,,,final,,,
food.faostat.agrifood-emissions-by-country,BRN,2015,1.4250711,,,,final,,,
food.faostat.agrifood-emissions-by-country,BRN,2016,1.4475148,,,,final,,,
food.faostat.agrifood-emissions-by-country,BRN,2017,1.3546291,,,,final,,,
food.faostat.agrifood-emissions-by-country,BRN,2018,1.4532373,,,,final,,,
food.faostat.agrifood-emissions-by-country,BRN,2019,1.4918155,,,,final,,,
food.faostat.agrifood-emissions-by-country,BRN,2020,1.5927554,,,,final,,,
food.faostat.agrifood-emissions-by-country,BRN,2021,1.501099,,,,final,,,
food.faostat.agrifood-emissions-by-country,BRN,2022,1.4803655,,,,final,,,
food.faostat.agrifood-emissions-by-country,BRN,2023,1.4761651,,,,final,,,
food.faostat.agrifood-emissions-by-country,BTN,1990,0.7801069,,,,final,,,
food.faostat.agrifood-emissions-by-country,BTN,1991,0.6440594,,,,final,,,
food.faostat.agrifood-emissions-by-country,BTN,1992,0.5989165,,,,final,,,
food.faostat.agrifood-emissions-by-country,BTN,1993,0.6016421,,,,final,,,
food.faostat.agrifood-emissions-by-country,BTN,1994,0.6063434,,,,final,,,
food.faostat.agrifood-emissions-by-country,BTN,1995,0.6527951,,,,final,,,
food.faostat.agrifood-emissions-by-country,BTN,1996,0.6442429,,,,final,,,
food.faostat.agrifood-emissions-by-country,BTN,1997,0.6417436,,,,final,,,
food.faostat.agrifood-emissions-by-country,BTN,1998,0.6407359,,,,final,,,
food.faostat.agrifood-emissions-by-country,BTN,1999,0.6786685,,,,final,,,
food.faostat.agrifood-emissions-by-country,BTN,2000,0.635327,,,,final,,,
food.faostat.agrifood-emissions-by-country,BTN,2001,0.5828484,,,,final,,,
food.faostat.agrifood-emissions-by-country,BTN,2002,0.5690557,,,,final,,,
food.faostat.agrifood-emissions-by-country,BTN,2003,0.5845891,,,,final,,,
food.faostat.agrifood-emissions-by-country,BTN,2004,0.6004498,,,,final,,,
food.faostat.agrifood-emissions-by-country,BTN,2005,0.668144,,,,final,,,
food.faostat.agrifood-emissions-by-country,BTN,2006,0.7017456,,,,final,,,
food.faostat.agrifood-emissions-by-country,BTN,2007,0.7304175,,,,final,,,
food.faostat.agrifood-emissions-by-country,BTN,2008,0.7393134,,,,final,,,
food.faostat.agrifood-emissions-by-country,BTN,2009,0.695889,,,,final,,,
food.faostat.agrifood-emissions-by-country,BTN,2010,0.6902011,,,,final,,,
food.faostat.agrifood-emissions-by-country,BTN,2011,0.7079273,,,,final,,,
food.faostat.agrifood-emissions-by-country,BTN,2012,0.7284489,,,,final,,,
food.faostat.agrifood-emissions-by-country,BTN,2013,0.7055716,,,,final,,,
food.faostat.agrifood-emissions-by-country,BTN,2014,0.7225064,,,,final,,,
food.faostat.agrifood-emissions-by-country,BTN,2015,0.7404039,,,,final,,,
food.faostat.agrifood-emissions-by-country,BTN,2016,0.7507121,,,,final,,,
food.faostat.agrifood-emissions-by-country,BTN,2017,0.77148,,,,final,,,
food.faostat.agrifood-emissions-by-country,BTN,2018,0.7653446,,,,final,,,
food.faostat.agrifood-emissions-by-country,BTN,2019,0.7631529,,,,final,,,
food.faostat.agrifood-emissions-by-country,BTN,2020,0.7376265,,,,final,,,
food.faostat.agrifood-emissions-by-country,BTN,2021,4.3680434,,,,final,,,
food.faostat.agrifood-emissions-by-country,BTN,2022,4.339993,,,,final,,,
food.faostat.agrifood-emissions-by-country,BTN,2023,4.3348734,,,,final,,,
food.faostat.agrifood-emissions-by-country,BWA,1990,11.1619525,,,,final,,,
food.faostat.agrifood-emissions-by-country,BWA,1991,10.403106,,,,final,,,
food.faostat.agrifood-emissions-by-country,BWA,1992,10.1004055,,,,final,,,
food.faostat.agrifood-emissions-by-country,BWA,1993,9.8277047,,,,final,,,
food.faostat.agrifood-emissions-by-country,BWA,1994,10.2048829,,,,final,,,
food.faostat.agrifood-emissions-by-country,BWA,1995,11.0125561,,,,final,,,
food.faostat.agrifood-emissions-by-country,BWA,1996,12.0612105,,,,final,,,
food.faostat.agrifood-emissions-by-country,BWA,1997,11.5250059,,,,final,,,
food.faostat.agrifood-emissions-by-country,BWA,1998,10.5444978,,,,final,,,
food.faostat.agrifood-emissions-by-country,BWA,1999,10.4699659,,,,final,,,
food.faostat.agrifood-emissions-by-country,BWA,2000,10.1265097,,,,final,,,
food.faostat.agrifood-emissions-by-country,BWA,2001,13.1688792,,,,final,,,
food.faostat.agrifood-emissions-by-country,BWA,2002,13.4146351,,,,final,,,
food.faostat.agrifood-emissions-by-country,BWA,2003,5.4723527,,,,final,,,
food.faostat.agrifood-emissions-by-country,BWA,2004,5.9601713,,,,final,,,
food.faostat.agrifood-emissions-by-country,BWA,2005,7.2899594,,,,final,,,
food.faostat.agrifood-emissions-by-country,BWA,2006,9.496048,,,,final,,,
food.faostat.agrifood-emissions-by-country,BWA,2007,7.9157171,,,,final,,,
food.faostat.agrifood-emissions-by-country,BWA,2008,17.29529,,,,final,,,
food.faostat.agrifood-emissions-by-country,BWA,2009,7.5588389,,,,final,,,
food.faostat.agrifood-emissions-by-country,BWA,2010,20.1008407,,,,final,,,
food.faostat.agrifood-emissions-by-country,BWA,2011,25.8910768,,,,final,,,
food.faostat.agrifood-emissions-by-country,BWA,2012,11.2307261,,,,final,,,
food.faostat.agrifood-emissions-by-country,BWA,2013,10.1217464,,,,final,,,
food.faostat.agrifood-emissions-by-country,BWA,2014,7.1375341,,,,final,,,
food.faostat.agrifood-emissions-by-country,BWA,2015,6.589669,,,,final,,,
food.faostat.agrifood-emissions-by-country,BWA,2016,5.7844387,,,,final,,,
food.faostat.agrifood-emissions-by-country,BWA,2017,9.0959544,,,,final,,,
food.faostat.agrifood-emissions-by-country,BWA,2018,6.772502,,,,final,,,
food.faostat.agrifood-emissions-by-country,BWA,2019,5.0602949,,,,final,,,
food.faostat.agrifood-emissions-by-country,BWA,2020,8.3616929,,,,final,,,
food.faostat.agrifood-emissions-by-country,BWA,2021,16.576906,,,,final,,,
food.faostat.agrifood-emissions-by-country,BWA,2022,13.2448286,,,,final,,,
food.faostat.agrifood-emissions-by-country,BWA,2023,16.7318456,,,,final,,,
food.faostat.agrifood-emissions-by-country,CAF,1990,52.9300053,,,,final,,,
food.faostat.agrifood-emissions-by-country,CAF,1991,53.2577487,,,,final,,,
food.faostat.agrifood-emissions-by-country,CAF,1992,53.2954647,,,,final,,,
food.faostat.agrifood-emissions-by-country,CAF,1993,53.2959246,,,,final,,,
food.faostat.agrifood-emissions-by-country,CAF,1994,53.4063905,,,,final,,,
food.faostat.agrifood-emissions-by-country,CAF,1995,53.5351553,,,,final,,,
food.faostat.agrifood-emissions-by-country,CAF,1996,39.9702946,,,,final,,,
food.faostat.agrifood-emissions-by-country,CAF,1997,42.970601,,,,final,,,
food.faostat.agrifood-emissions-by-country,CAF,1998,47.3737304,,,,final,,,
food.faostat.agrifood-emissions-by-country,CAF,1999,43.9370725,,,,final,,,
food.faostat.agrifood-emissions-by-country,CAF,2000,46.0052277,,,,final,,,
food.faostat.agrifood-emissions-by-country,CAF,2001,56.4890961,,,,final,,,
food.faostat.agrifood-emissions-by-country,CAF,2002,50.8536036,,,,final,,,
food.faostat.agrifood-emissions-by-country,CAF,2003,66.1379833,,,,final,,,
food.faostat.agrifood-emissions-by-country,CAF,2004,55.6121785,,,,final,,,
food.faostat.agrifood-emissions-by-country,CAF,2005,63.8555173,,,,final,,,
food.faostat.agrifood-emissions-by-country,CAF,2006,61.0343403,,,,final,,,
food.faostat.agrifood-emissions-by-country,CAF,2007,64.9120714,,,,final,,,
food.faostat.agrifood-emissions-by-country,CAF,2008,63.2797843,,,,final,,,
food.faostat.agrifood-emissions-by-country,CAF,2009,50.8656726,,,,final,,,
food.faostat.agrifood-emissions-by-country,CAF,2010,59.9099995,,,,final,,,
food.faostat.agrifood-emissions-by-country,CAF,2011,63.6104621,,,,final,,,
food.faostat.agrifood-emissions-by-country,CAF,2012,59.5366466,,,,final,,,
food.faostat.agrifood-emissions-by-country,CAF,2013,57.58468,,,,final,,,
food.faostat.agrifood-emissions-by-country,CAF,2014,54.0504287,,,,final,,,
food.faostat.agrifood-emissions-by-country,CAF,2015,54.9012206,,,,final,,,
food.faostat.agrifood-emissions-by-country,CAF,2016,70.6397683,,,,final,,,
food.faostat.agrifood-emissions-by-country,CAF,2017,64.8474523,,,,final,,,
food.faostat.agrifood-emissions-by-country,CAF,2018,65.7212715,,,,final,,,
food.faostat.agrifood-emissions-by-country,CAF,2019,63.6736822,,,,final,,,
food.faostat.agrifood-emissions-by-country,CAF,2020,63.6691241,,,,final,,,
food.faostat.agrifood-emissions-by-country,CAF,2021,64.3413871,,,,final,,,
food.faostat.agrifood-emissions-by-country,CAF,2022,65.7928904,,,,final,,,
food.faostat.agrifood-emissions-by-country,CAF,2023,56.5610095,,,,final,,,
food.faostat.agrifood-emissions-by-country,CAN,1990,252.5862678,,,,final,,,
food.faostat.agrifood-emissions-by-country,CAN,1991,252.7975485,,,,final,,,
food.faostat.agrifood-emissions-by-country,CAN,1992,255.5211159,,,,final,,,
food.faostat.agrifood-emissions-by-country,CAN,1993,255.1968359,,,,final,,,
food.faostat.agrifood-emissions-by-country,CAN,1994,256.3294006,,,,final,,,
food.faostat.agrifood-emissions-by-country,CAN,1995,260.6472469,,,,final,,,
food.faostat.agrifood-emissions-by-country,CAN,1996,264.4055516,,,,final,,,
food.faostat.agrifood-emissions-by-country,CAN,1997,265.7518691,,,,final,,,
food.faostat.agrifood-emissions-by-country,CAN,1998,269.4912087,,,,final,,,
food.faostat.agrifood-emissions-by-country,CAN,1999,269.6592457,,,,final,,,
food.faostat.agrifood-emissions-by-country,CAN,2000,271.2962916,,,,final,,,
food.faostat.agrifood-emissions-by-country,CAN,2001,158.1745794,,,,final,,,
food.faostat.agrifood-emissions-by-country,CAN,2002,159.6676597,,,,final,,,
food.faostat.agrifood-emissions-by-country,CAN,2003,162.043849,,,,final,,,
food.faostat.agrifood-emissions-by-country,CAN,2004,162.8008862,,,,final,,,
food.faostat.agrifood-emissions-by-country,CAN,2005,175.9027856,,,,final,,,
food.faostat.agrifood-emissions-by-country,CAN,2006,172.9523086,,,,final,,,
food.faostat.agrifood-emissions-by-country,CAN,2007,179.3307965,,,,final,,,
food.faostat.agrifood-emissions-by-country,CAN,2008,174.639662,,,,final,,,
food.faostat.agrifood-emissions-by-country,CAN,2009,167.4346157,,,,final,,,
food.faostat.agrifood-emissions-by-country,CAN,2010,172.0504091,,,,final,,,
food.faostat.agrifood-emissions-by-country,CAN,2011,174.9563239,,,,final,,,
food.faostat.agrifood-emissions-by-country,CAN,2012,175.4898292,,,,final,,,
food.faostat.agrifood-emissions-by-country,CAN,2013,188.1073679,,,,final,,,
food.faostat.agrifood-emissions-by-country,CAN,2014,187.7791968,,,,final,,,
food.faostat.agrifood-emissions-by-country,CAN,2015,187.833115,,,,final,,,
food.faostat.agrifood-emissions-by-country,CAN,2016,243.4066298,,,,final,,,
food.faostat.agrifood-emissions-by-country,CAN,2017,245.9455216,,,,final,,,
food.faostat.agrifood-emissions-by-country,CAN,2018,245.9663239,,,,final,,,
food.faostat.agrifood-emissions-by-country,CAN,2019,243.5055399,,,,final,,,
food.faostat.agrifood-emissions-by-country,CAN,2020,248.4822069,,,,final,,,
food.faostat.agrifood-emissions-by-country,CAN,2021,287.3039207,,,,final,,,
food.faostat.agrifood-emissions-by-country,CAN,2022,288.6130291,,,,final,,,
food.faostat.agrifood-emissions-by-country,CAN,2023,294.1048829,,,,final,,,
food.faostat.agrifood-emissions-by-country,CHE,1990,13.9499748,,,,final,,,
food.faostat.agrifood-emissions-by-country,CHE,1991,13.9565069,,,,final,,,
food.faostat.agrifood-emissions-by-country,CHE,1992,13.7874218,,,,final,,,
food.faostat.agrifood-emissions-by-country,CHE,1993,13.435425,,,,final,,,
food.faostat.agrifood-emissions-by-country,CHE,1994,13.4395986,,,,final,,,
food.faostat.agrifood-emissions-by-country,CHE,1995,13.4905766,,,,final,,,
food.faostat.agrifood-emissions-by-country,CHE,1996,13.7588589,,,,final,,,
food.faostat.agrifood-emissions-by-country,CHE,1997,13.7300472,,,,final,,,
food.faostat.agrifood-emissions-by-country,CHE,1998,13.897034,,,,final,,,
food.faostat.agrifood-emissions-by-country,CHE,1999,14.6940745,,,,final,,,
food.faostat.agrifood-emissions-by-country,CHE,2000,14.4635522,,,,final,,,
food.faostat.agrifood-emissions-by-country,CHE,2001,14.7412419,,,,final,,,
food.faostat.agrifood-emissions-by-country,CHE,2002,14.568909,,,,final,,,
food.faostat.agrifood-emissions-by-country,CHE,2003,14.7662586,,,,final,,,
food.faostat.agrifood-emissions-by-country,CHE,2004,14.9293534,,,,final,,,
food.faostat.agrifood-emissions-by-country,CHE,2005,15.2131411,,,,final,,,
food.faostat.agrifood-emissions-by-country,CHE,2006,15.5450526,,,,final,,,
food.faostat.agrifood-emissions-by-country,CHE,2007,15.6477549,,,,final,,,
food.faostat.agrifood-emissions-by-country,CHE,2008,15.8850662,,,,final,,,
food.faostat.agrifood-emissions-by-country,CHE,2009,15.7531428,,,,final,,,
food.faostat.agrifood-emissions-by-country,CHE,2010,15.9250019,,,,final,,,
food.faostat.agrifood-emissions-by-country,CHE,2011,15.4934814,,,,final,,,
food.faostat.agrifood-emissions-by-country,CHE,2012,15.7701297,,,,final,,,
food.faostat.agrifood-emissions-by-country,CHE,2013,15.8484874,,,,final,,,
food.faostat.agrifood-emissions-by-country,CHE,2014,15.7328881,,,,final,,,
food.faostat.agrifood-emissions-by-country,CHE,2015,15.6551282,,,,final,,,
food.faostat.agrifood-emissions-by-country,CHE,2016,15.2111758,,,,final,,,
food.faostat.agrifood-emissions-by-country,CHE,2017,15.1279222,,,,final,,,
food.faostat.agrifood-emissions-by-country,CHE,2018,14.9770004,,,,final,,,
food.faostat.agrifood-emissions-by-country,CHE,2019,14.630637,,,,final,,,
food.faostat.agrifood-emissions-by-country,CHE,2020,14.3688324,,,,final,,,
food.faostat.agrifood-emissions-by-country,CHE,2021,14.9109207,,,,final,,,
food.faostat.agrifood-emissions-by-country,CHE,2022,14.5929139,,,,final,,,
food.faostat.agrifood-emissions-by-country,CHE,2023,14.5953511,,,,final,,,
food.faostat.agrifood-emissions-by-country,CHI,1990,0.0,,,,final,,,
food.faostat.agrifood-emissions-by-country,CHI,1991,0.0,,,,final,,,
food.faostat.agrifood-emissions-by-country,CHI,1992,0.0,,,,final,,,
food.faostat.agrifood-emissions-by-country,CHI,1993,0.0,,,,final,,,
food.faostat.agrifood-emissions-by-country,CHI,1994,0.0,,,,final,,,
food.faostat.agrifood-emissions-by-country,CHI,1995,0.0,,,,final,,,
food.faostat.agrifood-emissions-by-country,CHI,1996,0.0,,,,final,,,
food.faostat.agrifood-emissions-by-country,CHI,1997,0.0,,,,final,,,
food.faostat.agrifood-emissions-by-country,CHI,1998,0.0050975,,,,final,,,
food.faostat.agrifood-emissions-by-country,CHI,1999,0.0071093,,,,final,,,
food.faostat.agrifood-emissions-by-country,CHI,2000,0.0090038,,,,final,,,
food.faostat.agrifood-emissions-by-country,CHI,2001,0.0107771,,,,final,,,
food.faostat.agrifood-emissions-by-country,CHI,2002,0.0124663,,,,final,,,
food.faostat.agrifood-emissions-by-country,CHI,2003,0.0140705,,,,final,,,
food.faostat.agrifood-emissions-by-country,CHI,2004,0.0156043,,,,final,,,
food.faostat.agrifood-emissions-by-country,CHI,2005,0.0170368,,,,final,,,
food.faostat.agrifood-emissions-by-country,CHI,2006,0.0184027,,,,final,,,
food.faostat.agrifood-emissions-by-country,CHI,2007,0.019717,,,,final,,,
food.faostat.agrifood-emissions-by-country,CHI,2008,0.0156859,,,,final,,,
food.faostat.agrifood-emissions-by-country,CHI,2009,0.0199663,,,,final,,,
food.faostat.agrifood-emissions-by-country,CHI,2010,0.0211389,,,,final,,,
food.faostat.agrifood-emissions-by-country,CHI,2011,0.0222642,,,,final,,,
food.faostat.agrifood-emissions-by-country,CHI,2012,0.0233094,,,,final,,,
food.faostat.agrifood-emissions-by-country,CHI,2013,0.0242995,,,,final,,,
food.faostat.agrifood-emissions-by-country,CHI,2014,0.0252512,,,,final,,,
food.faostat.agrifood-emissions-by-country,CHI,2015,0.0261267,,,,final,,,
food.faostat.agrifood-emissions-by-country,CHI,2016,0.0269342,,,,final,,,
food.faostat.agrifood-emissions-by-country,CHI,2017,0.0277068,,,,final,,,
food.faostat.agrifood-emissions-by-country,CHI,2018,0.0284546,,,,final,,,
food.faostat.agrifood-emissions-by-country,CHI,2019,0.0291479,,,,final,,,
food.faostat.agrifood-emissions-by-country,CHI,2020,0.029787,,,,final,,,
food.faostat.agrifood-emissions-by-country,CHI,2021,0.0304343,,,,final,,,
food.faostat.agrifood-emissions-by-country,CHI,2022,0.0310261,,,,final,,,
food.faostat.agrifood-emissions-by-country,CHI,2023,0.0316046,,,,final,,,
food.faostat.agrifood-emissions-by-country,CHL,1990,22.2098688,,,,final,,,
food.faostat.agrifood-emissions-by-country,CHL,1991,22.6521836,,,,final,,,
food.faostat.agrifood-emissions-by-country,CHL,1992,23.1110995,,,,final,,,
food.faostat.agrifood-emissions-by-country,CHL,1993,23.754722,,,,final,,,
food.faostat.agrifood-emissions-by-country,CHL,1994,24.852272,,,,final,,,
food.faostat.agrifood-emissions-by-country,CHL,1995,25.3844041,,,,final,,,
food.faostat.agrifood-emissions-by-country,CHL,1996,27.001761,,,,final,,,
food.faostat.agrifood-emissions-by-country,CHL,1997,27.4527324,,,,final,,,
food.faostat.agrifood-emissions-by-country,CHL,1998,27.4249631,,,,final,,,
food.faostat.agrifood-emissions-by-country,CHL,1999,27.9188346,,,,final,,,
food.faostat.agrifood-emissions-by-country,CHL,2000,27.7741328,,,,final,,,
food.faostat.agrifood-emissions-by-country,CHL,2001,27.4195276,,,,final,,,
food.faostat.agrifood-emissions-by-country,CHL,2002,27.540629,,,,final,,,
food.faostat.agrifood-emissions-by-country,CHL,2003,27.7042056,,,,final,,,
food.faostat.agrifood-emissions-by-country,CHL,2004,29.2283931,,,,final,,,
food.faostat.agrifood-emissions-by-country,CHL,2005,32.390045,,,,final,,,
food.faostat.agrifood-emissions-by-country,CHL,2006,32.6410071,,,,final,,,
food.faostat.agrifood-emissions-by-country,CHL,2007,31.8506374,,,,final,,,
food.faostat.agrifood-emissions-by-country,CHL,2008,32.9269544,,,,final,,,
food.faostat.agrifood-emissions-by-country,CHL,2009,32.5923287,,,,final,,,
food.faostat.agrifood-emissions-by-country,CHL,2010,34.0824214,,,,final,,,
food.faostat.agrifood-emissions-by-country,CHL,2011,35.3567032,,,,final,,,
food.faostat.agrifood-emissions-by-country,CHL,2012,36.0584626,,,,final,,,
food.faostat.agrifood-emissions-by-country,CHL,2013,32.2937901,,,,final,,,
food.faostat.agrifood-emissions-by-country,CHL,2014,31.2158086,,,,final,,,
food.faostat.agrifood-emissions-by-country,CHL,2015,32.123926,,,,final,,,
food.faostat.agrifood-emissions-by-country,CHL,2016,34.8295919,,,,final,,,
food.faostat.agrifood-emissions-by-country,CHL,2017,36.7794165,,,,final,,,
food.faostat.agrifood-emissions-by-country,CHL,2018,36.5626727,,,,final,,,
food.faostat.agrifood-emissions-by-country,CHL,2019,37.0930253,,,,final,,,
food.faostat.agrifood-emissions-by-country,CHL,2020,37.2058536,,,,final,,,
food.faostat.agrifood-emissions-by-country,CHL,2021,35.1478127,,,,final,,,
food.faostat.agrifood-emissions-by-country,CHL,2022,35.5063273,,,,final,,,
food.faostat.agrifood-emissions-by-country,CHL,2023,35.5692148,,,,final,,,
food.faostat.agrifood-emissions-by-country,CHN,1990,1126.4484738,,,,final,,,
food.faostat.agrifood-emissions-by-country,CHN,1991,1153.3413748,,,,final,,,
food.faostat.agrifood-emissions-by-country,CHN,1992,1161.7320764,,,,final,,,
food.faostat.agrifood-emissions-by-country,CHN,1993,1159.3150106,,,,final,,,
food.faostat.agrifood-emissions-by-country,CHN,1994,1201.1201477,,,,final,,,
food.faostat.agrifood-emissions-by-country,CHN,1995,1297.7153921,,,,final,,,
food.faostat.agrifood-emissions-by-country,CHN,1996,1376.0831833,,,,final,,,
food.faostat.agrifood-emissions-by-country,CHN,1997,1315.1941666,,,,final,,,
food.faostat.agrifood-emissions-by-country,CHN,1998,1345.5042694,,,,final,,,
food.faostat.agrifood-emissions-by-country,CHN,1999,1387.3485411,,,,final,,,
food.faostat.agrifood-emissions-by-country,CHN,2000,1474.3536417,,,,final,,,
food.faostat.agrifood-emissions-by-country,CHN,2001,1501.4290281,,,,final,,,
food.faostat.agrifood-emissions-by-country,CHN,2002,1467.4030669,,,,final,,,
food.faostat.agrifood-emissions-by-country,CHN,2003,1523.1931694,,,,final,,,
food.faostat.agrifood-emissions-by-country,CHN,2004,1625.2360465,,,,final,,,
food.faostat.agrifood-emissions-by-country,CHN,2005,1674.2467619,,,,final,,,
food.faostat.agrifood-emissions-by-country,CHN,2006,1731.4271336,,,,final,,,
food.faostat.agrifood-emissions-by-country,CHN,2007,1790.8032226,,,,final,,,
food.faostat.agrifood-emissions-by-country,CHN,2008,1831.5339979,,,,final,,,
food.faostat.agrifood-emissions-by-country,CHN,2009,1868.1106614,,,,final,,,
food.faostat.agrifood-emissions-by-country,CHN,2010,1914.1846982,,,,final,,,
food.faostat.agrifood-emissions-by-country,CHN,2011,1978.5809943,,,,final,,,
food.faostat.agrifood-emissions-by-country,CHN,2012,1990.7169727,,,,final,,,
food.faostat.agrifood-emissions-by-country,CHN,2013,2054.8392868,,,,final,,,
food.faostat.agrifood-emissions-by-country,CHN,2014,2073.5539144,,,,final,,,
food.faostat.agrifood-emissions-by-country,CHN,2015,2079.8173587,,,,final,,,
food.faostat.agrifood-emissions-by-country,CHN,2016,2107.6417065,,,,final,,,
food.faostat.agrifood-emissions-by-country,CHN,2017,2115.7012697,,,,final,,,
food.faostat.agrifood-emissions-by-country,CHN,2018,2105.1176983,,,,final,,,
food.faostat.agrifood-emissions-by-country,CHN,2019,2079.256307,,,,final,,,
food.faostat.agrifood-emissions-by-country,CHN,2020,2143.2943691,,,,final,,,
food.faostat.agrifood-emissions-by-country,CHN,2021,2183.3095104,,,,final,,,
food.faostat.agrifood-emissions-by-country,CHN,2022,2261.2358647,,,,final,,,
food.faostat.agrifood-emissions-by-country,CHN,2023,2265.8457239,,,,final,,,
food.faostat.agrifood-emissions-by-country,CIV,1990,89.4977086,,,,final,,,
food.faostat.agrifood-emissions-by-country,CIV,1991,89.710651,,,,final,,,
food.faostat.agrifood-emissions-by-country,CIV,1992,89.8400202,,,,final,,,
food.faostat.agrifood-emissions-by-country,CIV,1993,89.8176307,,,,final,,,
food.faostat.agrifood-emissions-by-country,CIV,1994,90.0723903,,,,final,,,
food.faostat.agrifood-emissions-by-country,CIV,1995,90.6006754,,,,final,,,
food.faostat.agrifood-emissions-by-country,CIV,1996,90.4934993,,,,final,,,
food.faostat.agrifood-emissions-by-country,CIV,1997,91.0795233,,,,final,,,
food.faostat.agrifood-emissions-by-country,CIV,1998,91.4698058,,,,final,,,
food.faostat.agrifood-emissions-by-country,CIV,1999,91.5578333,,,,final,,,
food.faostat.agrifood-emissions-by-country,CIV,2000,91.6800075,,,,final,,,
food.faostat.agrifood-emissions-by-country,CIV,2001,63.4172432,,,,final,,,
food.faostat.agrifood-emissions-by-country,CIV,2002,63.696416,,,,final,,,
food.faostat.agrifood-emissions-by-country,CIV,2003,63.6171202,,,,final,,,
food.faostat.agrifood-emissions-by-country,CIV,2004,62.4838887,,,,final,,,
food.faostat.agrifood-emissions-by-country,CIV,2005,64.1668869,,,,final,,,
food.faostat.agrifood-emissions-by-country,CIV,2006,63.8316295,,,,final,,,
food.faostat.agrifood-emissions-by-country,CIV,2007,64.4832835,,,,final,,,
food.faostat.agrifood-emissions-by-country,CIV,2008,64.1313519,,,,final,,,
food.faostat.agrifood-emissions-by-country,CIV,2009,64.503783,,,,final,,,
food.faostat.agrifood-emissions-by-country,CIV,2010,64.4532862,,,,final,,,
food.faostat.agrifood-emissions-by-country,CIV,2011,64.8195754,,,,final,,,
food.faostat.agrifood-emissions-by-country,CIV,2012,65.3652455,,,,final,,,
food.faostat.agrifood-emissions-by-country,CIV,2013,66.1357392,,,,final,,,
food.faostat.agrifood-emissions-by-country,CIV,2014,65.5754183,,,,final,,,
food.faostat.agrifood-emissions-by-country,CIV,2015,66.0161051,,,,final,,,
food.faostat.agrifood-emissions-by-country,CIV,2016,59.2046953,,,,final,,,
food.faostat.agrifood-emissions-by-country,CIV,2017,58.6554842,,,,final,,,
food.faostat.agrifood-emissions-by-country,CIV,2018,58.4142513,,,,final,,,
food.faostat.agrifood-emissions-by-country,CIV,2019,58.7318153,,,,final,,,
food.faostat.agrifood-emissions-by-country,CIV,2020,59.2073915,,,,final,,,
food.faostat.agrifood-emissions-by-country,CIV,2021,51.7407797,,,,final,,,
food.faostat.agrifood-emissions-by-country,CIV,2022,52.4805609,,,,final,,,
food.faostat.agrifood-emissions-by-country,CIV,2023,52.7543197,,,,final,,,
food.faostat.agrifood-emissions-by-country,CMR,1990,62.631594,,,,final,,,
food.faostat.agrifood-emissions-by-country,CMR,1991,62.5866948,,,,final,,,
food.faostat.agrifood-emissions-by-country,CMR,1992,62.6817486,,,,final,,,
food.faostat.agrifood-emissions-by-country,CMR,1993,62.5933657,,,,final,,,
food.faostat.agrifood-emissions-by-country,CMR,1994,62.7079492,,,,final,,,
food.faostat.agrifood-emissions-by-country,CMR,1995,62.7356193,,,,final,,,
food.faostat.agrifood-emissions-by-country,CMR,1996,63.5688475,,,,final,,,
food.faostat.agrifood-emissions-by-country,CMR,1997,63.9504764,,,,final,,,
food.faostat.agrifood-emissions-by-country,CMR,1998,67.099833,,,,final,,,
food.faostat.agrifood-emissions-by-country,CMR,1999,66.0614181,,,,final,,,
food.faostat.agrifood-emissions-by-country,CMR,2000,67.4451884,,,,final,,,
food.faostat.agrifood-emissions-by-country,CMR,2001,55.689096,,,,final,,,
food.faostat.agrifood-emissions-by-country,CMR,2002,55.3253001,,,,final,,,
food.faostat.agrifood-emissions-by-country,CMR,2003,58.4360583,,,,final,,,
food.faostat.agrifood-emissions-by-country,CMR,2004,55.7399935,,,,final,,,
food.faostat.agrifood-emissions-by-country,CMR,2005,58.5863824,,,,final,,,
food.faostat.agrifood-emissions-by-country,CMR,2006,55.9717221,,,,final,,,
food.faostat.agrifood-emissions-by-country,CMR,2007,55.8486615,,,,final,,,
food.faostat.agrifood-emissions-by-country,CMR,2008,55.4817418,,,,final,,,
food.faostat.agrifood-emissions-by-country,CMR,2009,54.6634639,,,,final,,,
food.faostat.agrifood-emissions-by-country,CMR,2010,55.5624147,,,,final,,,
food.faostat.agrifood-emissions-by-country,CMR,2011,48.1657667,,,,final,,,
food.faostat.agrifood-emissions-by-country,CMR,2012,48.3497231,,,,final,,,
food.faostat.agrifood-emissions-by-country,CMR,2013,48.9249347,,,,final,,,
food.faostat.agrifood-emissions-by-country,CMR,2014,48.9317295,,,,final,,,
food.faostat.agrifood-emissions-by-country,CMR,2015,49.2327468,,,,final,,,
food.faostat.agrifood-emissions-by-country,CMR,2016,119.4210609,,,,final,,,
food.faostat.agrifood-emissions-by-country,CMR,2017,119.2584911,,,,final,,,
food.faostat.agrifood-emissions-by-country,CMR,2018,119.0912864,,,,final,,,
food.faostat.agrifood-emissions-by-country,CMR,2019,119.652687,,,,final,,,
food.faostat.agrifood-emissions-by-country,CMR,2020,120.604168,,,,final,,,
food.faostat.agrifood-emissions-by-country,CMR,2021,80.3902902,,,,final,,,
food.faostat.agrifood-emissions-by-country,CMR,2022,80.941833,,,,final,,,
food.faostat.agrifood-emissions-by-country,CMR,2023,80.3402474,,,,final,,,
food.faostat.agrifood-emissions-by-country,COD,1990,432.3980499,,,,final,,,
food.faostat.agrifood-emissions-by-country,COD,1991,432.2650206,,,,final,,,
food.faostat.agrifood-emissions-by-country,COD,1992,432.4696091,,,,final,,,
food.faostat.agrifood-emissions-by-country,COD,1993,432.0291217,,,,final,,,
food.faostat.agrifood-emissions-by-country,COD,1994,432.0375673,,,,final,,,
food.faostat.agrifood-emissions-by-country,COD,1995,431.948202,,,,final,,,
food.faostat.agrifood-emissions-by-country,COD,1996,423.1699524,,,,final,,,
food.faostat.agrifood-emissions-by-country,COD,1997,429.4644966,,,,final,,,
food.faostat.agrifood-emissions-by-country,COD,1998,431.1592595,,,,final,,,
food.faostat.agrifood-emissions-by-country,COD,1999,422.8174171,,,,final,,,
food.faostat.agrifood-emissions-by-country,COD,2000,419.627647,,,,final,,,
food.faostat.agrifood-emissions-by-country,COD,2001,415.1330846,,,,final,,,
food.faostat.agrifood-emissions-by-country,COD,2002,429.1563744,,,,final,,,
food.faostat.agrifood-emissions-by-country,COD,2003,435.8385135,,,,final,,,
food.faostat.agrifood-emissions-by-country,COD,2004,439.6071855,,,,final,,,
food.faostat.agrifood-emissions-by-country,COD,2005,438.949297,,,,final,,,
food.faostat.agrifood-emissions-by-country,COD,2006,440.2691256,,,,final,,,
food.faostat.agrifood-emissions-by-country,COD,2007,431.5420227,,,,final,,,
food.faostat.agrifood-emissions-by-country,COD,2008,436.713161,,,,final,,,
food.faostat.agrifood-emissions-by-country,COD,2009,436.2174662,,,,final,,,
food.faostat.agrifood-emissions-by-country,COD,2010,439.9744623,,,,final,,,
food.faostat.agrifood-emissions-by-country,COD,2011,622.2345637,,,,final,,,
food.faostat.agrifood-emissions-by-country,COD,2012,618.8116818,,,,final,,,
food.faostat.agrifood-emissions-by-country,COD,2013,620.1059079,,,,final,,,
food.faostat.agrifood-emissions-by-country,COD,2014,616.9534018,,,,final,,,
food.faostat.agrifood-emissions-by-country,COD,2015,619.4495183,,,,final,,,
food.faostat.agrifood-emissions-by-country,COD,2016,225.843253,,,,final,,,
food.faostat.agrifood-emissions-by-country,COD,2017,227.2720637,,,,final,,,
food.faostat.agrifood-emissions-by-country,COD,2018,221.3205129,,,,final,,,
food.faostat.agrifood-emissions-by-country,COD,2019,225.5872585,,,,final,,,
food.faostat.agrifood-emissions-by-country,COD,2020,225.2177373,,,,final,,,
food.faostat.agrifood-emissions-by-country,COD,2021,223.4805616,,,,final,,,
food.faostat.agrifood-emissions-by-country,COD,2022,220.2003139,,,,final,,,
food.faostat.agrifood-emissions-by-country,COD,2023,217.7526241,,,,final,,,
food.faostat.agrifood-emissions-by-country,COG,1990,11.4793549,,,,final,,,
food.faostat.agrifood-emissions-by-country,COG,1991,11.5012271,,,,final,,,
food.faostat.agrifood-emissions-by-country,COG,1992,11.5088114,,,,final,,,
food.faostat.agrifood-emissions-by-country,COG,1993,11.5153603,,,,final,,,
food.faostat.agrifood-emissions-by-country,COG,1994,11.5196949,,,,final,,,
food.faostat.agrifood-emissions-by-country,COG,1995,11.5129566,,,,final,,,
food.faostat.agrifood-emissions-by-country,COG,1996,10.3798457,,,,final,,,
food.faostat.agrifood-emissions-by-country,COG,1997,10.3809226,,,,final,,,
food.faostat.agrifood-emissions-by-country,COG,1998,10.349934,,,,final,,,
food.faostat.agrifood-emissions-by-country,COG,1999,10.4429861,,,,final,,,
food.faostat.agrifood-emissions-by-country,COG,2000,10.1227541,,,,final,,,
food.faostat.agrifood-emissions-by-country,COG,2001,9.9673191,,,,final,,,
food.faostat.agrifood-emissions-by-country,COG,2002,10.3648177,,,,final,,,
food.faostat.agrifood-emissions-by-country,COG,2003,11.5608895,,,,final,,,
food.faostat.agrifood-emissions-by-country,COG,2004,11.605692,,,,final,,,
food.faostat.agrifood-emissions-by-country,COG,2005,12.0662114,,,,final,,,
food.faostat.agrifood-emissions-by-country,COG,2006,12.2555883,,,,final,,,
food.faostat.agrifood-emissions-by-country,COG,2007,11.874973,,,,final,,,
food.faostat.agrifood-emissions-by-country,COG,2008,11.9315286,,,,final,,,
food.faostat.agrifood-emissions-by-country,COG,2009,11.8042625,,,,final,,,
food.faostat.agrifood-emissions-by-country,COG,2010,12.4178146,,,,final,,,
food.faostat.agrifood-emissions-by-country,COG,2011,16.9813057,,,,final,,,
food.faostat.agrifood-emissions-by-country,COG,2012,16.9322417,,,,final,,,
food.faostat.agrifood-emissions-by-country,COG,2013,17.1544864,,,,final,,,
food.faostat.agrifood-emissions-by-country,COG,2014,16.6562993,,,,final,,,
food.faostat.agrifood-emissions-by-country,COG,2015,17.2826837,,,,final,,,
food.faostat.agrifood-emissions-by-country,COG,2016,20.3476674,,,,final,,,
food.faostat.agrifood-emissions-by-country,COG,2017,19.9330745,,,,final,,,
food.faostat.agrifood-emissions-by-country,COG,2018,20.3007563,,,,final,,,
food.faostat.agrifood-emissions-by-country,COG,2019,20.3693296,,,,final,,,
food.faostat.agrifood-emissions-by-country,COG,2020,19.8571609,,,,final,,,
food.faostat.agrifood-emissions-by-country,COG,2021,7.1561762,,,,final,,,
food.faostat.agrifood-emissions-by-country,COG,2022,7.9657351,,,,final,,,
food.faostat.agrifood-emissions-by-country,COG,2023,7.2821279,,,,final,,,
food.faostat.agrifood-emissions-by-country,COK,1990,0.0127985,,,,final,,,
food.faostat.agrifood-emissions-by-country,COK,1991,0.0127771,,,,final,,,
food.faostat.agrifood-emissions-by-country,COK,1992,0.0133795,,,,final,,,
food.faostat.agrifood-emissions-by-country,COK,1993,0.017509,,,,final,,,
food.faostat.agrifood-emissions-by-country,COK,1994,0.0192737,,,,final,,,
food.faostat.agrifood-emissions-by-country,COK,1995,0.0208356,,,,final,,,
food.faostat.agrifood-emissions-by-country,COK,1996,0.0236626,,,,final,,,
food.faostat.agrifood-emissions-by-country,COK,1997,0.0251568,,,,final,,,
food.faostat.agrifood-emissions-by-country,COK,1998,0.0265784,,,,final,,,
food.faostat.agrifood-emissions-by-country,COK,1999,0.0223844,,,,final,,,
food.faostat.agrifood-emissions-by-country,COK,2000,0.0213399,,,,final,,,
food.faostat.agrifood-emissions-by-country,COK,2001,0.0185582,,,,final,,,
food.faostat.agrifood-emissions-by-country,COK,2002,0.0178708,,,,final,,,
food.faostat.agrifood-emissions-by-country,COK,2003,0.0181223,,,,final,,,
food.faostat.agrifood-emissions-by-country,COK,2004,0.0196644,,,,final,,,
food.faostat.agrifood-emissions-by-country,COK,2005,0.0199399,,,,final,,,
food.faostat.agrifood-emissions-by-country,COK,2006,0.0201908,,,,final,,,
food.faostat.agrifood-emissions-by-country,COK,2007,0.0206003,,,,final,,,
food.faostat.agrifood-emissions-by-country,COK,2008,0.0209,,,,final,,,
food.faostat.agrifood-emissions-by-country,COK,2009,0.0206929,,,,final,,,
food.faostat.agrifood-emissions-by-country,COK,2010,0.0210974,,,,final,,,
food.faostat.agrifood-emissions-by-country,COK,2011,0.0216298,,,,final,,,
food.faostat.agrifood-emissions-by-country,COK,2012,0.0218555,,,,final,,,
food.faostat.agrifood-emissions-by-country,COK,2013,0.0217888,,,,final,,,
food.faostat.agrifood-emissions-by-country,COK,2014,0.0219651,,,,final,,,
food.faostat.agrifood-emissions-by-country,COK,2015,0.021512,,,,final,,,
food.faostat.agrifood-emissions-by-country,COK,2016,0.0209422,,,,final,,,
food.faostat.agrifood-emissions-by-country,COK,2017,0.0207156,,,,final,,,
food.faostat.agrifood-emissions-by-country,COK,2018,0.020838,,,,final,,,
food.faostat.agrifood-emissions-by-country,COK,2019,0.020152,,,,final,,,
food.faostat.agrifood-emissions-by-country,COK,2020,0.0183784,,,,final,,,
food.faostat.agrifood-emissions-by-country,COK,2021,0.0176672,,,,final,,,
food.faostat.agrifood-emissions-by-country,COK,2022,0.0170227,,,,final,,,
food.faostat.agrifood-emissions-by-country,COK,2023,0.0169334,,,,final,,,
food.faostat.agrifood-emissions-by-country,COL,1990,186.0165537,,,,final,,,
food.faostat.agrifood-emissions-by-country,COL,1991,185.9994502,,,,final,,,
food.faostat.agrifood-emissions-by-country,COL,1992,187.2323975,,,,final,,,
food.faostat.agrifood-emissions-by-country,COL,1993,189.9252613,,,,final,,,
food.faostat.agrifood-emissions-by-country,COL,1994,190.5972658,,,,final,,,
food.faostat.agrifood-emissions-by-country,COL,1995,191.6281268,,,,final,,,
food.faostat.agrifood-emissions-by-country,COL,1996,191.9922399,,,,final,,,
food.faostat.agrifood-emissions-by-country,COL,1997,192.9133336,,,,final,,,
food.faostat.agrifood-emissions-by-country,COL,1998,193.9223898,,,,final,,,
food.faostat.agrifood-emissions-by-country,COL,1999,190.3694082,,,,final,,,
food.faostat.agrifood-emissions-by-country,COL,2000,192.4417337,,,,final,,,
food.faostat.agrifood-emissions-by-country,COL,2001,143.9396568,,,,final,,,
food.faostat.agrifood-emissions-by-country,COL,2002,143.8379959,,,,final,,,
food.faostat.agrifood-emissions-by-country,COL,2003,145.5748349,,,,final,,,
food.faostat.agrifood-emissions-by-country,COL,2004,147.5607632,,,,final,,,
food.faostat.agrifood-emissions-by-country,COL,2005,147.0062057,,,,final,,,
food.faostat.agrifood-emissions-by-country,COL,2006,147.8184195,,,,final,,,
food.faostat.agrifood-emissions-by-country,COL,2007,151.069587,,,,final,,,
food.faostat.agrifood-emissions-by-country,COL,2008,151.865887,,,,final,,,
food.faostat.agrifood-emissions-by-country,COL,2009,153.6903999,,,,final,,,
food.faostat.agrifood-emissions-by-country,COL,2010,156.4150506,,,,final,,,
food.faostat.agrifood-emissions-by-country,COL,2011,137.7065979,,,,final,,,
food.faostat.agrifood-emissions-by-country,COL,2012,134.6581668,,,,final,,,
food.faostat.agrifood-emissions-by-country,COL,2013,133.620242,,,,final,,,
food.faostat.agrifood-emissions-by-country,COL,2014,134.9936553,,,,final,,,
food.faostat.agrifood-emissions-by-country,COL,2015,131.3415529,,,,final,,,
food.faostat.agrifood-emissions-by-country,COL,2016,168.8601933,,,,final,,,
food.faostat.agrifood-emissions-by-country,COL,2017,172.0463613,,,,final,,,
food.faostat.agrifood-emissions-by-country,COL,2018,179.4677873,,,,final,,,
food.faostat.agrifood-emissions-by-country,COL,2019,183.5018013,,,,final,,,
food.faostat.agrifood-emissions-by-country,COL,2020,185.4885558,,,,final,,,
food.faostat.agrifood-emissions-by-country,COL,2021,169.1611966,,,,final,,,
food.faostat.agrifood-emissions-by-country,COL,2022,172.1254065,,,,final,,,
food.faostat.agrifood-emissions-by-country,COL,2023,170.4125251,,,,final,,,
food.faostat.agrifood-emissions-by-country,COM,1990,0.3360029,,,,final,,,
food.faostat.agrifood-emissions-by-country,COM,1991,0.26982,,,,final,,,
food.faostat.agrifood-emissions-by-country,COM,1992,0.2690376,,,,final,,,
food.faostat.agrifood-emissions-by-country,COM,1993,0.270113,,,,final,,,
food.faostat.agrifood-emissions-by-country,COM,1994,0.2706646,,,,final,,,
food.faostat.agrifood-emissions-by-country,COM,1995,0.272239,,,,final,,,
food.faostat.agrifood-emissions-by-country,COM,1996,0.2733493,,,,final,,,
food.faostat.agrifood-emissions-by-country,COM,1997,0.2749023,,,,final,,,
food.faostat.agrifood-emissions-by-country,COM,1998,0.2815836,,,,final,,,
food.faostat.agrifood-emissions-by-country,COM,1999,0.2886091,,,,final,,,
food.faostat.agrifood-emissions-by-country,COM,2000,0.2753237,,,,final,,,
food.faostat.agrifood-emissions-by-country,COM,2001,0.2937768,,,,final,,,
food.faostat.agrifood-emissions-by-country,COM,2002,0.2957524,,,,final,,,
food.faostat.agrifood-emissions-by-country,COM,2003,0.2839359,,,,final,,,
food.faostat.agrifood-emissions-by-country,COM,2004,0.2916509,,,,final,,,
food.faostat.agrifood-emissions-by-country,COM,2005,0.3252344,,,,final,,,
food.faostat.agrifood-emissions-by-country,COM,2006,0.2867591,,,,final,,,
food.faostat.agrifood-emissions-by-country,COM,2007,0.2790865,,,,final,,,
food.faostat.agrifood-emissions-by-country,COM,2008,0.2806174,,,,final,,,
food.faostat.agrifood-emissions-by-country,COM,2009,0.2784876,,,,final,,,
food.faostat.agrifood-emissions-by-country,COM,2010,0.2744018,,,,final,,,
food.faostat.agrifood-emissions-by-country,COM,2011,0.2734269,,,,final,,,
food.faostat.agrifood-emissions-by-country,COM,2012,0.2753187,,,,final,,,
food.faostat.agrifood-emissions-by-country,COM,2013,0.2810229,,,,final,,,
food.faostat.agrifood-emissions-by-country,COM,2014,0.2798405,,,,final,,,
food.faostat.agrifood-emissions-by-country,COM,2015,0.2837101,,,,final,,,
food.faostat.agrifood-emissions-by-country,COM,2016,0.2700886,,,,final,,,
food.faostat.agrifood-emissions-by-country,COM,2017,0.2793706,,,,final,,,
food.faostat.agrifood-emissions-by-country,COM,2018,0.2825373,,,,final,,,
food.faostat.agrifood-emissions-by-country,COM,2019,0.2876689,,,,final,,,
food.faostat.agrifood-emissions-by-country,COM,2020,0.2918728,,,,final,,,
food.faostat.agrifood-emissions-by-country,COM,2021,0.2449152,,,,final,,,
food.faostat.agrifood-emissions-by-country,COM,2022,0.2498281,,,,final,,,
food.faostat.agrifood-emissions-by-country,COM,2023,0.2448127,,,,final,,,
food.faostat.agrifood-emissions-by-country,CPV,1990,0.1876234,,,,final,,,
food.faostat.agrifood-emissions-by-country,CPV,1991,0.195327,,,,final,,,
food.faostat.agrifood-emissions-by-country,CPV,1992,0.225472,,,,final,,,
food.faostat.agrifood-emissions-by-country,CPV,1993,0.226027,,,,final,,,
food.faostat.agrifood-emissions-by-country,CPV,1994,0.2093979,,,,final,,,
food.faostat.agrifood-emissions-by-country,CPV,1995,0.23865,,,,final,,,
food.faostat.agrifood-emissions-by-country,CPV,1996,0.2133545,,,,final,,,
food.faostat.agrifood-emissions-by-country,CPV,1997,0.2306052,,,,final,,,
food.faostat.agrifood-emissions-by-country,CPV,1998,0.248488,,,,final,,,
food.faostat.agrifood-emissions-by-country,CPV,1999,0.2606768,,,,final,,,
food.faostat.agrifood-emissions-by-country,CPV,2000,0.2611384,,,,final,,,
food.faostat.agrifood-emissions-by-country,CPV,2001,0.2622096,,,,final,,,
food.faostat.agrifood-emissions-by-country,CPV,2002,0.2640215,,,,final,,,
food.faostat.agrifood-emissions-by-country,CPV,2003,0.2662846,,,,final,,,
food.faostat.agrifood-emissions-by-country,CPV,2004,0.2786651,,,,final,,,
food.faostat.agrifood-emissions-by-country,CPV,2005,0.283099,,,,final,,,
food.faostat.agrifood-emissions-by-country,CPV,2006,0.2902793,,,,final,,,
food.faostat.agrifood-emissions-by-country,CPV,2007,0.2814952,,,,final,,,
food.faostat.agrifood-emissions-by-country,CPV,2008,0.2652249,,,,final,,,
food.faostat.agrifood-emissions-by-country,CPV,2009,0.2749935,,,,final,,,
food.faostat.agrifood-emissions-by-country,CPV,2010,0.2809898,,,,final,,,
food.faostat.agrifood-emissions-by-country,CPV,2011,0.2832307,,,,final,,,
food.faostat.agrifood-emissions-by-country,CPV,2012,0.2843288,,,,final,,,
food.faostat.agrifood-emissions-by-country,CPV,2013,0.2873156,,,,final,,,
food.faostat.agrifood-emissions-by-country,CPV,2014,0.2915829,,,,final,,,
food.faostat.agrifood-emissions-by-country,CPV,2015,0.2960466,,,,final,,,
food.faostat.agrifood-emissions-by-country,CPV,2016,0.3127189,,,,final,,,
food.faostat.agrifood-emissions-by-country,CPV,2017,0.2993547,,,,final,,,
food.faostat.agrifood-emissions-by-country,CPV,2018,0.3044136,,,,final,,,
food.faostat.agrifood-emissions-by-country,CPV,2019,0.3085641,,,,final,,,
food.faostat.agrifood-emissions-by-country,CPV,2020,0.3092562,,,,final,,,
food.faostat.agrifood-emissions-by-country,CPV,2021,0.3213751,,,,final,,,
food.faostat.agrifood-emissions-by-country,CPV,2022,0.3261029,,,,final,,,
food.faostat.agrifood-emissions-by-country,CPV,2023,0.3279987,,,,final,,,
food.faostat.agrifood-emissions-by-country,CRI,1990,7.1654328,,,,final,,,
food.faostat.agrifood-emissions-by-country,CRI,1991,7.3129694,,,,final,,,
food.faostat.agrifood-emissions-by-country,CRI,1992,7.2437961,,,,final,,,
food.faostat.agrifood-emissions-by-country,CRI,1993,7.3585794,,,,final,,,
food.faostat.agrifood-emissions-by-country,CRI,1994,7.196136,,,,final,,,
food.faostat.agrifood-emissions-by-country,CRI,1995,6.686214,,,,final,,,
food.faostat.agrifood-emissions-by-country,CRI,1996,6.7732528,,,,final,,,
food.faostat.agrifood-emissions-by-country,CRI,1997,6.6988078,,,,final,,,
food.faostat.agrifood-emissions-by-country,CRI,1998,6.5992952,,,,final,,,
food.faostat.agrifood-emissions-by-country,CRI,1999,6.3687209,,,,final,,,
food.faostat.agrifood-emissions-by-country,CRI,2000,6.3536356,,,,final,,,
food.faostat.agrifood-emissions-by-country,CRI,2001,6.3974113,,,,final,,,
food.faostat.agrifood-emissions-by-country,CRI,2002,6.2565154,,,,final,,,
food.faostat.agrifood-emissions-by-country,CRI,2003,6.2507679,,,,final,,,
food.faostat.agrifood-emissions-by-country,CRI,2004,5.7737113,,,,final,,,
food.faostat.agrifood-emissions-by-country,CRI,2005,6.1434198,,,,final,,,
food.faostat.agrifood-emissions-by-country,CRI,2006,6.9855288,,,,final,,,
food.faostat.agrifood-emissions-by-country,CRI,2007,7.5344532,,,,final,,,
food.faostat.agrifood-emissions-by-country,CRI,2008,7.6871102,,,,final,,,
food.faostat.agrifood-emissions-by-country,CRI,2009,6.9663569,,,,final,,,
food.faostat.agrifood-emissions-by-country,CRI,2010,7.259971,,,,final,,,
food.faostat.agrifood-emissions-by-country,CRI,2011,10.2464752,,,,final,,,
food.faostat.agrifood-emissions-by-country,CRI,2012,10.1531295,,,,final,,,
food.faostat.agrifood-emissions-by-country,CRI,2013,10.3187064,,,,final,,,
food.faostat.agrifood-emissions-by-country,CRI,2014,10.1085532,,,,final,,,
food.faostat.agrifood-emissions-by-country,CRI,2015,10.1401261,,,,final,,,
food.faostat.agrifood-emissions-by-country,CRI,2016,7.9000818,,,,final,,,
food.faostat.agrifood-emissions-by-country,CRI,2017,7.9691027,,,,final,,,
food.faostat.agrifood-emissions-by-country,CRI,2018,8.1803754,,,,final,,,
food.faostat.agrifood-emissions-by-country,CRI,2019,8.2390372,,,,final,,,
food.faostat.agrifood-emissions-by-country,CRI,2020,7.7606246,,,,final,,,
food.faostat.agrifood-emissions-by-country,CRI,2021,10.1664549,,,,final,,,
food.faostat.agrifood-emissions-by-country,CRI,2022,9.458935,,,,final,,,
food.faostat.agrifood-emissions-by-country,CRI,2023,10.321921,,,,final,,,
food.faostat.agrifood-emissions-by-country,CUB,1990,20.6983565,,,,final,,,
food.faostat.agrifood-emissions-by-country,CUB,1991,20.1200284,,,,final,,,
food.faostat.agrifood-emissions-by-country,CUB,1992,19.8527222,,,,final,,,
food.faostat.agrifood-emissions-by-country,CUB,1993,18.1672419,,,,final,,,
food.faostat.agrifood-emissions-by-country,CUB,1994,18.7775532,,,,final,,,
food.faostat.agrifood-emissions-by-country,CUB,1995,18.8727986,,,,final,,,
food.faostat.agrifood-emissions-by-country,CUB,1996,19.4786441,,,,final,,,
food.faostat.agrifood-emissions-by-country,CUB,1997,19.3754729,,,,final,,,
food.faostat.agrifood-emissions-by-country,CUB,1998,18.745343,,,,final,,,
food.faostat.agrifood-emissions-by-country,CUB,1999,18.024476,,,,final,,,
food.faostat.agrifood-emissions-by-country,CUB,2000,17.9366319,,,,final,,,
food.faostat.agrifood-emissions-by-country,CUB,2001,17.2553216,,,,final,,,
food.faostat.agrifood-emissions-by-country,CUB,2002,17.6662828,,,,final,,,
food.faostat.agrifood-emissions-by-country,CUB,2003,17.5815454,,,,final,,,
food.faostat.agrifood-emissions-by-country,CUB,2004,17.3823976,,,,final,,,
food.faostat.agrifood-emissions-by-country,CUB,2005,16.4893229,,,,final,,,
food.faostat.agrifood-emissions-by-country,CUB,2006,16.8295387,,,,final,,,
food.faostat.agrifood-emissions-by-country,CUB,2007,16.7252267,,,,final,,,
food.faostat.agrifood-emissions-by-country,CUB,2008,17.0581937,,,,final,,,
food.faostat.agrifood-emissions-by-country,CUB,2009,17.8683083,,,,final,,,
food.faostat.agrifood-emissions-by-country,CUB,2010,17.8604255,,,,final,,,
food.faostat.agrifood-emissions-by-country,CUB,2011,18.3252113,,,,final,,,
food.faostat.agrifood-emissions-by-country,CUB,2012,18.2839792,,,,final,,,
food.faostat.agrifood-emissions-by-country,CUB,2013,18.4832675,,,,final,,,
food.faostat.agrifood-emissions-by-country,CUB,2014,18.4255188,,,,final,,,
food.faostat.agrifood-emissions-by-country,CUB,2015,17.8837564,,,,final,,,
food.faostat.agrifood-emissions-by-country,CUB,2016,19.2575076,,,,final,,,
food.faostat.agrifood-emissions-by-country,CUB,2017,18.7355305,,,,final,,,
food.faostat.agrifood-emissions-by-country,CUB,2018,18.6150334,,,,final,,,
food.faostat.agrifood-emissions-by-country,CUB,2019,18.3561558,,,,final,,,
food.faostat.agrifood-emissions-by-country,CUB,2020,17.5821317,,,,final,,,
food.faostat.agrifood-emissions-by-country,CUB,2021,14.7073119,,,,final,,,
food.faostat.agrifood-emissions-by-country,CUB,2022,13.5405732,,,,final,,,
food.faostat.agrifood-emissions-by-country,CUB,2023,13.0668454,,,,final,,,
food.faostat.agrifood-emissions-by-country,CYM,1990,0.0294699,,,,final,,,
food.faostat.agrifood-emissions-by-country,CYM,1991,0.0302801,,,,final,,,
food.faostat.agrifood-emissions-by-country,CYM,1992,0.0326612,,,,final,,,
food.faostat.agrifood-emissions-by-country,CYM,1993,0.0320197,,,,final,,,
food.faostat.agrifood-emissions-by-country,CYM,1994,0.0319106,,,,final,,,
food.faostat.agrifood-emissions-by-country,CYM,1995,0.0323495,,,,final,,,
food.faostat.agrifood-emissions-by-country,CYM,1996,0.0316605,,,,final,,,
food.faostat.agrifood-emissions-by-country,CYM,1997,0.032458,,,,final,,,
food.faostat.agrifood-emissions-by-country,CYM,1998,0.0327295,,,,final,,,
food.faostat.agrifood-emissions-by-country,CYM,1999,0.0336282,,,,final,,,
food.faostat.agrifood-emissions-by-country,CYM,2000,0.035726,,,,final,,,
food.faostat.agrifood-emissions-by-country,CYM,2001,0.0365846,,,,final,,,
food.faostat.agrifood-emissions-by-country,CYM,2002,0.0381755,,,,final,,,
food.faostat.agrifood-emissions-by-country,CYM,2003,0.0397002,,,,final,,,
food.faostat.agrifood-emissions-by-country,CYM,2004,0.0395273,,,,final,,,
food.faostat.agrifood-emissions-by-country,CYM,2005,0.0415132,,,,final,,,
food.faostat.agrifood-emissions-by-country,CYM,2006,0.0586463,,,,final,,,
food.faostat.agrifood-emissions-by-country,CYM,2007,0.0709293,,,,final,,,
food.faostat.agrifood-emissions-by-country,CYM,2008,0.0805685,,,,final,,,
food.faostat.agrifood-emissions-by-country,CYM,2009,0.0817421,,,,final,,,
food.faostat.agrifood-emissions-by-country,CYM,2010,0.0832388,,,,final,,,
food.faostat.agrifood-emissions-by-country,CYM,2011,0.0850722,,,,final,,,
food.faostat.agrifood-emissions-by-country,CYM,2012,0.082952,,,,final,,,
food.faostat.agrifood-emissions-by-country,CYM,2013,0.0861205,,,,final,,,
food.faostat.agrifood-emissions-by-country,CYM,2014,0.0865779,,,,final,,,
food.faostat.agrifood-emissions-by-country,CYM,2015,0.0895294,,,,final,,,
food.faostat.agrifood-emissions-by-country,CYM,2016,0.092255,,,,final,,,
food.faostat.agrifood-emissions-by-country,CYM,2017,0.0958673,,,,final,,,
food.faostat.agrifood-emissions-by-country,CYM,2018,0.0991868,,,,final,,,
food.faostat.agrifood-emissions-by-country,CYM,2019,0.1112989,,,,final,,,
food.faostat.agrifood-emissions-by-country,CYM,2020,0.1038084,,,,final,,,
food.faostat.agrifood-emissions-by-country,CYM,2021,0.1074708,,,,final,,,
food.faostat.agrifood-emissions-by-country,CYM,2022,0.1112884,,,,final,,,
food.faostat.agrifood-emissions-by-country,CYM,2023,0.1104007,,,,final,,,
food.faostat.agrifood-emissions-by-country,CYP,1990,1.0930579,,,,final,,,
food.faostat.agrifood-emissions-by-country,CYP,1991,1.1453066,,,,final,,,
food.faostat.agrifood-emissions-by-country,CYP,1992,1.2292071,,,,final,,,
food.faostat.agrifood-emissions-by-country,CYP,1993,1.26572,,,,final,,,
food.faostat.agrifood-emissions-by-country,CYP,1994,1.2970336,,,,final,,,
food.faostat.agrifood-emissions-by-country,CYP,1995,1.3153488,,,,final,,,
food.faostat.agrifood-emissions-by-country,CYP,1996,1.3603919,,,,final,,,
food.faostat.agrifood-emissions-by-country,CYP,1997,1.344274,,,,final,,,
food.faostat.agrifood-emissions-by-country,CYP,1998,1.3645074,,,,final,,,
food.faostat.agrifood-emissions-by-country,CYP,1999,1.3911589,,,,final,,,
food.faostat.agrifood-emissions-by-country,CYP,2000,1.3927476,,,,final,,,
food.faostat.agrifood-emissions-by-country,CYP,2001,1.4288526,,,,final,,,
food.faostat.agrifood-emissions-by-country,CYP,2002,1.4921671,,,,final,,,
food.faostat.agrifood-emissions-by-country,CYP,2003,1.5858665,,,,final,,,
food.faostat.agrifood-emissions-by-country,CYP,2004,1.5535999,,,,final,,,
food.faostat.agrifood-emissions-by-country,CYP,2005,1.6352193,,,,final,,,
food.faostat.agrifood-emissions-by-country,CYP,2006,1.6648148,,,,final,,,
food.faostat.agrifood-emissions-by-country,CYP,2007,1.7059907,,,,final,,,
food.faostat.agrifood-emissions-by-country,CYP,2008,1.747074,,,,final,,,
food.faostat.agrifood-emissions-by-country,CYP,2009,1.7375693,,,,final,,,
food.faostat.agrifood-emissions-by-country,CYP,2010,1.7383309,,,,final,,,
food.faostat.agrifood-emissions-by-country,CYP,2011,1.7378971,,,,final,,,
food.faostat.agrifood-emissions-by-country,CYP,2012,1.7188878,,,,final,,,
food.faostat.agrifood-emissions-by-country,CYP,2013,1.5682488,,,,final,,,
food.faostat.agrifood-emissions-by-country,CYP,2014,1.5598077,,,,final,,,
food.faostat.agrifood-emissions-by-country,CYP,2015,1.6111609,,,,final,,,
food.faostat.agrifood-emissions-by-country,CYP,2016,1.6975622,,,,final,,,
food.faostat.agrifood-emissions-by-country,CYP,2017,1.752707,,,,final,,,
food.faostat.agrifood-emissions-by-country,CYP,2018,1.7492708,,,,final,,,
food.faostat.agrifood-emissions-by-country,CYP,2019,1.7516245,,,,final,,,
food.faostat.agrifood-emissions-by-country,CYP,2020,1.7689012,,,,final,,,
food.faostat.agrifood-emissions-by-country,CYP,2021,1.7786714,,,,final,,,
food.faostat.agrifood-emissions-by-country,CYP,2022,1.7507661,,,,final,,,
food.faostat.agrifood-emissions-by-country,CYP,2023,1.6260927,,,,final,,,
food.faostat.agrifood-emissions-by-country,CZE,1993,25.4099771,,,,final,,,
food.faostat.agrifood-emissions-by-country,CZE,1994,26.3881165,,,,final,,,
food.faostat.agrifood-emissions-by-country,CZE,1995,27.5720695,,,,final,,,
food.faostat.agrifood-emissions-by-country,CZE,1996,26.771865,,,,final,,,
food.faostat.agrifood-emissions-by-country,CZE,1997,24.9917988,,,,final,,,
food.faostat.agrifood-emissions-by-country,CZE,1998,24.1842004,,,,final,,,
food.faostat.agrifood-emissions-by-country,CZE,1999,24.0704217,,,,final,,,
food.faostat.agrifood-emissions-by-country,CZE,2000,24.3111491,,,,final,,,
food.faostat.agrifood-emissions-by-country,CZE,2001,24.9715796,,,,final,,,
food.faostat.agrifood-emissions-by-country,CZE,2002,23.095115,,,,final,,,
food.faostat.agrifood-emissions-by-country,CZE,2003,23.1011579,,,,final,,,
food.faostat.agrifood-emissions-by-country,CZE,2004,22.9134911,,,,final,,,
food.faostat.agrifood-emissions-by-country,CZE,2005,22.3140922,,,,final,,,
food.faostat.agrifood-emissions-by-country,CZE,2006,22.3109496,,,,final,,,
food.faostat.agrifood-emissions-by-country,CZE,2007,22.6252964,,,,final,,,
food.faostat.agrifood-emissions-by-country,CZE,2008,22.38695,,,,final,,,
food.faostat.agrifood-emissions-by-country,CZE,2009,21.1564119,,,,final,,,
food.faostat.agrifood-emissions-by-country,CZE,2010,21.0527406,,,,final,,,
food.faostat.agrifood-emissions-by-country,CZE,2011,20.848773,,,,final,,,
food.faostat.agrifood-emissions-by-country,CZE,2012,20.803486,,,,final,,,
food.faostat.agrifood-emissions-by-country,CZE,2013,20.3770386,,,,final,,,
food.faostat.agrifood-emissions-by-country,CZE,2014,20.5714998,,,,final,,,
food.faostat.agrifood-emissions-by-country,CZE,2015,21.2249505,,,,final,,,
food.faostat.agrifood-emissions-by-country,CZE,2016,26.2143001,,,,final,,,
food.faostat.agrifood-emissions-by-country,CZE,2017,25.9075019,,,,final,,,
food.faostat.agrifood-emissions-by-country,CZE,2018,25.6283709,,,,final,,,
food.faostat.agrifood-emissions-by-country,CZE,2019,25.1708476,,,,final,,,
food.faostat.agrifood-emissions-by-country,CZE,2020,24.8689346,,,,final,,,
food.faostat.agrifood-emissions-by-country,CZE,2021,20.8977522,,,,final,,,
food.faostat.agrifood-emissions-by-country,CZE,2022,20.5582984,,,,final,,,
food.faostat.agrifood-emissions-by-country,CZE,2023,19.7989627,,,,final,,,
food.faostat.agrifood-emissions-by-country,DEU,1990,151.1850156,,,,final,,,
food.faostat.agrifood-emissions-by-country,DEU,1991,245.2390997,,,,final,,,
food.faostat.agrifood-emissions-by-country,DEU,1992,231.6950034,,,,final,,,
food.faostat.agrifood-emissions-by-country,DEU,1993,226.4286865,,,,final,,,
food.faostat.agrifood-emissions-by-country,DEU,1994,224.2329328,,,,final,,,
food.faostat.agrifood-emissions-by-country,DEU,1995,225.0833098,,,,final,,,
food.faostat.agrifood-emissions-by-country,DEU,1996,230.8664075,,,,final,,,
food.faostat.agrifood-emissions-by-country,DEU,1997,210.2512106,,,,final,,,
food.faostat.agrifood-emissions-by-country,DEU,1998,226.9966702,,,,final,,,
food.faostat.agrifood-emissions-by-country,DEU,1999,226.2827074,,,,final,,,
food.faostat.agrifood-emissions-by-country,DEU,2000,224.553471,,,,final,,,
food.faostat.agrifood-emissions-by-country,DEU,2001,227.7352527,,,,final,,,
food.faostat.agrifood-emissions-by-country,DEU,2002,210.0073112,,,,final,,,
food.faostat.agrifood-emissions-by-country,DEU,2003,208.4508308,,,,final,,,
food.faostat.agrifood-emissions-by-country,DEU,2004,206.6909122,,,,final,,,
food.faostat.agrifood-emissions-by-country,DEU,2005,205.2606503,,,,final,,,
food.faostat.agrifood-emissions-by-country,DEU,2006,204.1733906,,,,final,,,
food.faostat.agrifood-emissions-by-country,DEU,2007,205.3791186,,,,final,,,
food.faostat.agrifood-emissions-by-country,DEU,2008,204.330184,,,,final,,,
food.faostat.agrifood-emissions-by-country,DEU,2009,200.287874,,,,final,,,
food.faostat.agrifood-emissions-by-country,DEU,2010,204.1469814,,,,final,,,
food.faostat.agrifood-emissions-by-country,DEU,2011,203.2262061,,,,final,,,
food.faostat.agrifood-emissions-by-country,DEU,2012,205.1589567,,,,final,,,
food.faostat.agrifood-emissions-by-country,DEU,2013,206.8591865,,,,final,,,
food.faostat.agrifood-emissions-by-country,DEU,2014,203.885984,,,,final,,,
food.faostat.agrifood-emissions-by-country,DEU,2015,202.5228845,,,,final,,,
food.faostat.agrifood-emissions-by-country,DEU,2016,201.3577464,,,,final,,,
food.faostat.agrifood-emissions-by-country,DEU,2017,196.9170247,,,,final,,,
food.faostat.agrifood-emissions-by-country,DEU,2018,190.5249947,,,,final,,,
food.faostat.agrifood-emissions-by-country,DEU,2019,183.210147,,,,final,,,
food.faostat.agrifood-emissions-by-country,DEU,2020,181.2126607,,,,final,,,
food.faostat.agrifood-emissions-by-country,DEU,2021,180.0939403,,,,final,,,
food.faostat.agrifood-emissions-by-country,DEU,2022,176.2975352,,,,final,,,
food.faostat.agrifood-emissions-by-country,DEU,2023,176.9898779,,,,final,,,
food.faostat.agrifood-emissions-by-country,DJI,1990,0.6354892,,,,final,,,
food.faostat.agrifood-emissions-by-country,DJI,1991,0.6455756,,,,final,,,
food.faostat.agrifood-emissions-by-country,DJI,1992,0.6533428,,,,final,,,
food.faostat.agrifood-emissions-by-country,DJI,1993,0.6676039,,,,final,,,
food.faostat.agrifood-emissions-by-country,DJI,1994,0.6902082,,,,final,,,
food.faostat.agrifood-emissions-by-country,DJI,1995,0.7382212,,,,final,,,
food.faostat.agrifood-emissions-by-country,DJI,1996,0.7686214,,,,final,,,
food.faostat.agrifood-emissions-by-country,DJI,1997,0.782221,,,,final,,,
food.faostat.agrifood-emissions-by-country,DJI,1998,0.8004489,,,,final,,,
food.faostat.agrifood-emissions-by-country,DJI,1999,0.8347091,,,,final,,,
food.faostat.agrifood-emissions-by-country,DJI,2000,0.8454119,,,,final,,,
food.faostat.agrifood-emissions-by-country,DJI,2001,0.8552503,,,,final,,,
food.faostat.agrifood-emissions-by-country,DJI,2002,0.8566384,,,,final,,,
food.faostat.agrifood-emissions-by-country,DJI,2003,0.8556488,,,,final,,,
food.faostat.agrifood-emissions-by-country,DJI,2004,0.8676791,,,,final,,,
food.faostat.agrifood-emissions-by-country,DJI,2005,0.872733,,,,final,,,
food.faostat.agrifood-emissions-by-country,DJI,2006,0.8910497,,,,final,,,
food.faostat.agrifood-emissions-by-country,DJI,2007,0.8996373,,,,final,,,
food.faostat.agrifood-emissions-by-country,DJI,2008,0.9039314,,,,final,,,
food.faostat.agrifood-emissions-by-country,DJI,2009,0.9092125,,,,final,,,
food.faostat.agrifood-emissions-by-country,DJI,2010,0.9179621,,,,final,,,
food.faostat.agrifood-emissions-by-country,DJI,2011,0.9188694,,,,final,,,
food.faostat.agrifood-emissions-by-country,DJI,2012,0.9331764,,,,final,,,
food.faostat.agrifood-emissions-by-country,DJI,2013,0.942746,,,,final,,,
food.faostat.agrifood-emissions-by-country,DJI,2014,0.9530025,,,,final,,,
food.faostat.agrifood-emissions-by-country,DJI,2015,0.9624552,,,,final,,,
food.faostat.agrifood-emissions-by-country,DJI,2016,0.9836427,,,,final,,,
food.faostat.agrifood-emissions-by-country,DJI,2017,1.0033437,,,,final,,,
food.faostat.agrifood-emissions-by-country,DJI,2018,1.0144361,,,,final,,,
food.faostat.agrifood-emissions-by-country,DJI,2019,1.0276521,,,,final,,,
food.faostat.agrifood-emissions-by-country,DJI,2020,1.0369167,,,,final,,,
food.faostat.agrifood-emissions-by-country,DJI,2021,1.05373,,,,final,,,
food.faostat.agrifood-emissions-by-country,DJI,2022,1.0535643,,,,final,,,
food.faostat.agrifood-emissions-by-country,DJI,2023,1.0686723,,,,final,,,
food.faostat.agrifood-emissions-by-country,DMA,1990,0.0850135,,,,final,,,
food.faostat.agrifood-emissions-by-country,DMA,1991,0.086002,,,,final,,,
food.faostat.agrifood-emissions-by-country,DMA,1992,0.0836014,,,,final,,,
food.faostat.agrifood-emissions-by-country,DMA,1993,0.0847601,,,,final,,,
food.faostat.agrifood-emissions-by-country,DMA,1994,0.0845295,,,,final,,,
food.faostat.agrifood-emissions-by-country,DMA,1995,0.0832545,,,,final,,,
food.faostat.agrifood-emissions-by-country,DMA,1996,0.0845703,,,,final,,,
food.faostat.agrifood-emissions-by-country,DMA,1997,0.0870298,,,,final,,,
food.faostat.agrifood-emissions-by-country,DMA,1998,0.0877873,,,,final,,,
food.faostat.agrifood-emissions-by-country,DMA,1999,0.0890192,,,,final,,,
food.faostat.agrifood-emissions-by-country,DMA,2000,0.090097,,,,final,,,
food.faostat.agrifood-emissions-by-country,DMA,2001,0.0868459,,,,final,,,
food.faostat.agrifood-emissions-by-country,DMA,2002,0.0805522,,,,final,,,
food.faostat.agrifood-emissions-by-country,DMA,2003,0.0817904,,,,final,,,
food.faostat.agrifood-emissions-by-country,DMA,2004,0.087341,,,,final,,,
food.faostat.agrifood-emissions-by-country,DMA,2005,0.0874146,,,,final,,,
food.faostat.agrifood-emissions-by-country,DMA,2006,0.0856204,,,,final,,,
food.faostat.agrifood-emissions-by-country,DMA,2007,0.0915129,,,,final,,,
food.faostat.agrifood-emissions-by-country,DMA,2008,0.089231,,,,final,,,
food.faostat.agrifood-emissions-by-country,DMA,2009,0.091168,,,,final,,,
food.faostat.agrifood-emissions-by-country,DMA,2010,0.0903244,,,,final,,,
food.faostat.agrifood-emissions-by-country,DMA,2011,0.1349384,,,,final,,,
food.faostat.agrifood-emissions-by-country,DMA,2012,0.1351121,,,,final,,,
food.faostat.agrifood-emissions-by-country,DMA,2013,0.1368064,,,,final,,,
food.faostat.agrifood-emissions-by-country,DMA,2014,0.1368587,,,,final,,,
food.faostat.agrifood-emissions-by-country,DMA,2015,0.138225,,,,final,,,
food.faostat.agrifood-emissions-by-country,DMA,2016,0.1079234,,,,final,,,
food.faostat.agrifood-emissions-by-country,DMA,2017,0.1042702,,,,final,,,
food.faostat.agrifood-emissions-by-country,DMA,2018,0.1050798,,,,final,,,
food.faostat.agrifood-emissions-by-country,DMA,2019,0.1052625,,,,final,,,
food.faostat.agrifood-emissions-by-country,DMA,2020,0.1027971,,,,final,,,
food.faostat.agrifood-emissions-by-country,DMA,2021,0.1027716,,,,final,,,
food.faostat.agrifood-emissions-by-country,DMA,2022,0.103653,,,,final,,,
food.faostat.agrifood-emissions-by-country,DMA,2023,0.1046274,,,,final,,,
food.faostat.agrifood-emissions-by-country,DNK,1990,29.4607132,,,,final,,,
food.faostat.agrifood-emissions-by-country,DNK,1991,30.042911,,,,final,,,
food.faostat.agrifood-emissions-by-country,DNK,1992,29.2548302,,,,final,,,
food.faostat.agrifood-emissions-by-country,DNK,1993,29.1953048,,,,final,,,
food.faostat.agrifood-emissions-by-country,DNK,1994,28.8771838,,,,final,,,
food.faostat.agrifood-emissions-by-country,DNK,1995,28.3567237,,,,final,,,
food.faostat.agrifood-emissions-by-country,DNK,1996,28.4744464,,,,final,,,
food.faostat.agrifood-emissions-by-country,DNK,1997,27.788366,,,,final,,,
food.faostat.agrifood-emissions-by-country,DNK,1998,27.1671036,,,,final,,,
food.faostat.agrifood-emissions-by-country,DNK,1999,26.3716588,,,,final,,,
food.faostat.agrifood-emissions-by-country,DNK,2000,26.133696,,,,final,,,
food.faostat.agrifood-emissions-by-country,DNK,2001,26.4663204,,,,final,,,
food.faostat.agrifood-emissions-by-country,DNK,2002,25.9727703,,,,final,,,
food.faostat.agrifood-emissions-by-country,DNK,2003,26.0446756,,,,final,,,
food.faostat.agrifood-emissions-by-country,DNK,2004,24.0484883,,,,final,,,
food.faostat.agrifood-emissions-by-country,DNK,2005,23.682972,,,,final,,,
food.faostat.agrifood-emissions-by-country,DNK,2006,24.7618771,,,,final,,,
food.faostat.agrifood-emissions-by-country,DNK,2007,32.7729771,,,,final,,,
food.faostat.agrifood-emissions-by-country,DNK,2008,24.1808572,,,,final,,,
food.faostat.agrifood-emissions-by-country,DNK,2009,23.2206945,,,,final,,,
food.faostat.agrifood-emissions-by-country,DNK,2010,23.0532292,,,,final,,,
food.faostat.agrifood-emissions-by-country,DNK,2011,22.143041,,,,final,,,
food.faostat.agrifood-emissions-by-country,DNK,2012,21.1958705,,,,final,,,
food.faostat.agrifood-emissions-by-country,DNK,2013,21.4639149,,,,final,,,
food.faostat.agrifood-emissions-by-country,DNK,2014,20.904267,,,,final,,,
food.faostat.agrifood-emissions-by-country,DNK,2015,20.3970276,,,,final,,,
food.faostat.agrifood-emissions-by-country,DNK,2016,21.8640167,,,,final,,,
food.faostat.agrifood-emissions-by-country,DNK,2017,21.3144179,,,,final,,,
food.faostat.agrifood-emissions-by-country,DNK,2018,21.2137616,,,,final,,,
food.faostat.agrifood-emissions-by-country,DNK,2019,20.6037446,,,,final,,,
food.faostat.agrifood-emissions-by-country,DNK,2020,20.6620028,,,,final,,,
food.faostat.agrifood-emissions-by-country,DNK,2021,19.4410222,,,,final,,,
food.faostat.agrifood-emissions-by-country,DNK,2022,18.6054029,,,,final,,,
food.faostat.agrifood-emissions-by-country,DNK,2023,18.24209,,,,final,,,
food.faostat.agrifood-emissions-by-country,DOM,1990,11.1218272,,,,final,,,
food.faostat.agrifood-emissions-by-country,DOM,1991,11.5990052,,,,final,,,
food.faostat.agrifood-emissions-by-country,DOM,1992,11.4486094,,,,final,,,
food.faostat.agrifood-emissions-by-country,DOM,1993,11.4813484,,,,final,,,
food.faostat.agrifood-emissions-by-country,DOM,1994,11.5134699,,,,final,,,
food.faostat.agrifood-emissions-by-country,DOM,1995,11.7786226,,,,final,,,
food.faostat.agrifood-emissions-by-country,DOM,1996,12.2196811,,,,final,,,
food.faostat.agrifood-emissions-by-country,DOM,1997,13.8247488,,,,final,,,
food.faostat.agrifood-emissions-by-country,DOM,1998,14.2021786,,,,final,,,
food.faostat.agrifood-emissions-by-country,DOM,1999,13.8273745,,,,final,,,
food.faostat.agrifood-emissions-by-country,DOM,2000,13.8918564,,,,final,,,
food.faostat.agrifood-emissions-by-country,DOM,2001,15.0541169,,,,final,,,
food.faostat.agrifood-emissions-by-country,DOM,2002,15.2918229,,,,final,,,
food.faostat.agrifood-emissions-by-country,DOM,2003,14.8509727,,,,final,,,
food.faostat.agrifood-emissions-by-country,DOM,2004,15.8000459,,,,final,,,
food.faostat.agrifood-emissions-by-country,DOM,2005,15.6937103,,,,final,,,
food.faostat.agrifood-emissions-by-country,DOM,2006,16.137809,,,,final,,,
food.faostat.agrifood-emissions-by-country,DOM,2007,16.9668895,,,,final,,,
food.faostat.agrifood-emissions-by-country,DOM,2008,16.9089635,,,,final,,,
food.faostat.agrifood-emissions-by-country,DOM,2009,16.8967031,,,,final,,,
food.faostat.agrifood-emissions-by-country,DOM,2010,17.2304758,,,,final,,,
food.faostat.agrifood-emissions-by-country,DOM,2011,18.213556,,,,final,,,
food.faostat.agrifood-emissions-by-country,DOM,2012,18.2399854,,,,final,,,
food.faostat.agrifood-emissions-by-country,DOM,2013,18.8005428,,,,final,,,
food.faostat.agrifood-emissions-by-country,DOM,2014,18.5475856,,,,final,,,
food.faostat.agrifood-emissions-by-country,DOM,2015,19.0148967,,,,final,,,
food.faostat.agrifood-emissions-by-country,DOM,2016,21.1027872,,,,final,,,
food.faostat.agrifood-emissions-by-country,DOM,2017,21.3979827,,,,final,,,
food.faostat.agrifood-emissions-by-country,DOM,2018,22.0854842,,,,final,,,
food.faostat.agrifood-emissions-by-country,DOM,2019,22.7030497,,,,final,,,
food.faostat.agrifood-emissions-by-country,DOM,2020,22.8388231,,,,final,,,
food.faostat.agrifood-emissions-by-country,DOM,2021,21.8294345,,,,final,,,
food.faostat.agrifood-emissions-by-country,DOM,2022,22.044024,,,,final,,,
food.faostat.agrifood-emissions-by-country,DOM,2023,22.0735661,,,,final,,,
food.faostat.agrifood-emissions-by-country,DZA,1990,21.1013457,,,,final,,,
food.faostat.agrifood-emissions-by-country,DZA,1991,23.6657782,,,,final,,,
food.faostat.agrifood-emissions-by-country,DZA,1992,24.0157561,,,,final,,,
food.faostat.agrifood-emissions-by-country,DZA,1993,25.2561613,,,,final,,,
food.faostat.agrifood-emissions-by-country,DZA,1994,24.8645424,,,,final,,,
food.faostat.agrifood-emissions-by-country,DZA,1995,24.9155317,,,,final,,,
food.faostat.agrifood-emissions-by-country,DZA,1996,25.1792625,,,,final,,,
food.faostat.agrifood-emissions-by-country,DZA,1997,25.2742662,,,,final,,,
food.faostat.agrifood-emissions-by-country,DZA,1998,26.7792554,,,,final,,,
food.faostat.agrifood-emissions-by-country,DZA,1999,27.8508269,,,,final,,,
food.faostat.agrifood-emissions-by-country,DZA,2000,28.3638858,,,,final,,,
food.faostat.agrifood-emissions-by-country,DZA,2001,28.8878371,,,,final,,,
food.faostat.agrifood-emissions-by-country,DZA,2002,29.4738271,,,,final,,,
food.faostat.agrifood-emissions-by-country,DZA,2003,30.2362323,,,,final,,,
food.faostat.agrifood-emissions-by-country,DZA,2004,32.6747273,,,,final,,,
food.faostat.agrifood-emissions-by-country,DZA,2005,32.7442681,,,,final,,,
food.faostat.agrifood-emissions-by-country,DZA,2006,34.1317218,,,,final,,,
food.faostat.agrifood-emissions-by-country,DZA,2007,36.3407486,,,,final,,,
food.faostat.agrifood-emissions-by-country,DZA,2008,36.474802,,,,final,,,
food.faostat.agrifood-emissions-by-country,DZA,2009,37.8393226,,,,final,,,
food.faostat.agrifood-emissions-by-country,DZA,2010,38.5351396,,,,final,,,
food.faostat.agrifood-emissions-by-country,DZA,2011,41.0912811,,,,final,,,
food.faostat.agrifood-emissions-by-country,DZA,2012,46.9044311,,,,final,,,
food.faostat.agrifood-emissions-by-country,DZA,2013,48.2765499,,,,final,,,
food.faostat.agrifood-emissions-by-country,DZA,2014,51.8754787,,,,final,,,
food.faostat.agrifood-emissions-by-country,DZA,2015,54.8588303,,,,final,,,
food.faostat.agrifood-emissions-by-country,DZA,2016,55.1106145,,,,final,,,
food.faostat.agrifood-emissions-by-country,DZA,2017,55.7269654,,,,final,,,
food.faostat.agrifood-emissions-by-country,DZA,2018,59.4830443,,,,final,,,
food.faostat.agrifood-emissions-by-country,DZA,2019,60.6546009,,,,final,,,
food.faostat.agrifood-emissions-by-country,DZA,2020,60.440259,,,,final,,,
food.faostat.agrifood-emissions-by-country,DZA,2021,61.6721214,,,,final,,,
food.faostat.agrifood-emissions-by-country,DZA,2022,64.4907115,,,,final,,,
food.faostat.agrifood-emissions-by-country,DZA,2023,64.7858651,,,,final,,,
food.faostat.agrifood-emissions-by-country,ECU,1990,55.2990011,,,,final,,,
food.faostat.agrifood-emissions-by-country,ECU,1991,55.601101,,,,final,,,
food.faostat.agrifood-emissions-by-country,ECU,1992,57.0309654,,,,final,,,
food.faostat.agrifood-emissions-by-country,ECU,1993,57.5503791,,,,final,,,
food.faostat.agrifood-emissions-by-country,ECU,1994,58.2435892,,,,final,,,
food.faostat.agrifood-emissions-by-country,ECU,1995,58.9896328,,,,final,,,
food.faostat.agrifood-emissions-by-country,ECU,1996,59.9733937,,,,final,,,
food.faostat.agrifood-emissions-by-country,ECU,1997,60.997044,,,,final,,,
food.faostat.agrifood-emissions-by-country,ECU,1998,60.1476265,,,,final,,,
food.faostat.agrifood-emissions-by-country,ECU,1999,60.0643429,,,,final,,,
food.faostat.agrifood-emissions-by-country,ECU,2000,58.0046191,,,,final,,,
food.faostat.agrifood-emissions-by-country,ECU,2001,51.6948165,,,,final,,,
food.faostat.agrifood-emissions-by-country,ECU,2002,51.6808591,,,,final,,,
food.faostat.agrifood-emissions-by-country,ECU,2003,52.4206343,,,,final,,,
food.faostat.agrifood-emissions-by-country,ECU,2004,53.1507116,,,,final,,,
food.faostat.agrifood-emissions-by-country,ECU,2005,53.1094838,,,,final,,,
food.faostat.agrifood-emissions-by-country,ECU,2006,52.2236188,,,,final,,,
food.faostat.agrifood-emissions-by-country,ECU,2007,51.0626623,,,,final,,,
food.faostat.agrifood-emissions-by-country,ECU,2008,51.4753426,,,,final,,,
food.faostat.agrifood-emissions-by-country,ECU,2009,52.7460058,,,,final,,,
food.faostat.agrifood-emissions-by-country,ECU,2010,54.1236356,,,,final,,,
food.faostat.agrifood-emissions-by-country,ECU,2011,44.9405498,,,,final,,,
food.faostat.agrifood-emissions-by-country,ECU,2012,44.7983975,,,,final,,,
food.faostat.agrifood-emissions-by-country,ECU,2013,44.9990821,,,,final,,,
food.faostat.agrifood-emissions-by-country,ECU,2014,44.5216724,,,,final,,,
food.faostat.agrifood-emissions-by-country,ECU,2015,43.3045213,,,,final,,,
food.faostat.agrifood-emissions-by-country,ECU,2016,52.3167714,,,,final,,,
food.faostat.agrifood-emissions-by-country,ECU,2017,52.3845361,,,,final,,,
food.faostat.agrifood-emissions-by-country,ECU,2018,51.9494056,,,,final,,,
food.faostat.agrifood-emissions-by-country,ECU,2019,52.2054307,,,,final,,,
food.faostat.agrifood-emissions-by-country,ECU,2020,52.1054437,,,,final,,,
food.faostat.agrifood-emissions-by-country,ECU,2021,35.3869388,,,,final,,,
food.faostat.agrifood-emissions-by-country,ECU,2022,34.8294069,,,,final,,,
food.faostat.agrifood-emissions-by-country,ECU,2023,34.3055105,,,,final,,,
food.faostat.agrifood-emissions-by-country,EGY,1990,39.1669636,,,,final,,,
food.faostat.agrifood-emissions-by-country,EGY,1991,41.219504,,,,final,,,
food.faostat.agrifood-emissions-by-country,EGY,1992,42.4924271,,,,final,,,
food.faostat.agrifood-emissions-by-country,EGY,1993,44.1385044,,,,final,,,
food.faostat.agrifood-emissions-by-country,EGY,1994,45.0293114,,,,final,,,
food.faostat.agrifood-emissions-by-country,EGY,1995,47.7212937,,,,final,,,
food.faostat.agrifood-emissions-by-country,EGY,1996,50.4100398,,,,final,,,
food.faostat.agrifood-emissions-by-country,EGY,1997,52.6487092,,,,final,,,
food.faostat.agrifood-emissions-by-country,EGY,1998,53.4657181,,,,final,,,
food.faostat.agrifood-emissions-by-country,EGY,1999,57.0389066,,,,final,,,
food.faostat.agrifood-emissions-by-country,EGY,2000,59.0015796,,,,final,,,
food.faostat.agrifood-emissions-by-country,EGY,2001,60.9632704,,,,final,,,
food.faostat.agrifood-emissions-by-country,EGY,2002,65.1740685,,,,final,,,
food.faostat.agrifood-emissions-by-country,EGY,2003,67.3815607,,,,final,,,
food.faostat.agrifood-emissions-by-country,EGY,2004,73.7460743,,,,final,,,
food.faostat.agrifood-emissions-by-country,EGY,2005,78.9492564,,,,final,,,
food.faostat.agrifood-emissions-by-country,EGY,2006,81.5721093,,,,final,,,
food.faostat.agrifood-emissions-by-country,EGY,2007,84.4837908,,,,final,,,
food.faostat.agrifood-emissions-by-country,EGY,2008,83.3737847,,,,final,,,
food.faostat.agrifood-emissions-by-country,EGY,2009,83.6402405,,,,final,,,
food.faostat.agrifood-emissions-by-country,EGY,2010,86.7025918,,,,final,,,
food.faostat.agrifood-emissions-by-country,EGY,2011,90.8096034,,,,final,,,
food.faostat.agrifood-emissions-by-country,EGY,2012,91.9320528,,,,final,,,
food.faostat.agrifood-emissions-by-country,EGY,2013,92.6757734,,,,final,,,
food.faostat.agrifood-emissions-by-country,EGY,2014,95.4085737,,,,final,,,
food.faostat.agrifood-emissions-by-country,EGY,2015,91.7070229,,,,final,,,
food.faostat.agrifood-emissions-by-country,EGY,2016,94.7064803,,,,final,,,
food.faostat.agrifood-emissions-by-country,EGY,2017,95.6250981,,,,final,,,
food.faostat.agrifood-emissions-by-country,EGY,2018,94.5567691,,,,final,,,
food.faostat.agrifood-emissions-by-country,EGY,2019,87.9336725,,,,final,,,
food.faostat.agrifood-emissions-by-country,EGY,2020,85.1478234,,,,final,,,
food.faostat.agrifood-emissions-by-country,EGY,2021,86.8553912,,,,final,,,
food.faostat.agrifood-emissions-by-country,EGY,2022,87.527287,,,,final,,,
food.faostat.agrifood-emissions-by-country,EGY,2023,87.7338212,,,,final,,,
food.faostat.agrifood-emissions-by-country,ERI,1993,3.9711783,,,,final,,,
food.faostat.agrifood-emissions-by-country,ERI,1994,4.0887482,,,,final,,,
food.faostat.agrifood-emissions-by-country,ERI,1995,4.1473802,,,,final,,,
food.faostat.agrifood-emissions-by-country,ERI,1996,4.6187274,,,,final,,,
food.faostat.agrifood-emissions-by-country,ERI,1997,5.1422528,,,,final,,,
food.faostat.agrifood-emissions-by-country,ERI,1998,5.3454998,,,,final,,,
food.faostat.agrifood-emissions-by-country,ERI,1999,5.4595068,,,,final,,,
food.faostat.agrifood-emissions-by-country,ERI,2000,5.6398277,,,,final,,,
food.faostat.agrifood-emissions-by-country,ERI,2001,5.3102033,,,,final,,,
food.faostat.agrifood-emissions-by-country,ERI,2002,5.2528585,,,,final,,,
food.faostat.agrifood-emissions-by-country,ERI,2003,5.3814714,,,,final,,,
food.faostat.agrifood-emissions-by-country,ERI,2004,5.4450607,,,,final,,,
food.faostat.agrifood-emissions-by-country,ERI,2005,5.5180768,,,,final,,,
food.faostat.agrifood-emissions-by-country,ERI,2006,5.4672348,,,,final,,,
food.faostat.agrifood-emissions-by-country,ERI,2007,5.7854593,,,,final,,,
food.faostat.agrifood-emissions-by-country,ERI,2008,5.7960182,,,,final,,,
food.faostat.agrifood-emissions-by-country,ERI,2009,5.8254232,,,,final,,,
food.faostat.agrifood-emissions-by-country,ERI,2010,5.7255577,,,,final,,,
food.faostat.agrifood-emissions-by-country,ERI,2011,5.9497016,,,,final,,,
food.faostat.agrifood-emissions-by-country,ERI,2012,5.7455635,,,,final,,,
food.faostat.agrifood-emissions-by-country,ERI,2013,5.7870655,,,,final,,,
food.faostat.agrifood-emissions-by-country,ERI,2014,5.8022141,,,,final,,,
food.faostat.agrifood-emissions-by-country,ERI,2015,5.821302,,,,final,,,
food.faostat.agrifood-emissions-by-country,ERI,2016,5.8621857,,,,final,,,
food.faostat.agrifood-emissions-by-country,ERI,2017,5.8920277,,,,final,,,
food.faostat.agrifood-emissions-by-country,ERI,2018,5.9394694,,,,final,,,
food.faostat.agrifood-emissions-by-country,ERI,2019,5.9665401,,,,final,,,
food.faostat.agrifood-emissions-by-country,ERI,2020,6.0325905,,,,final,,,
food.faostat.agrifood-emissions-by-country,ERI,2021,5.9963394,,,,final,,,
food.faostat.agrifood-emissions-by-country,ERI,2022,6.0241225,,,,final,,,
food.faostat.agrifood-emissions-by-country,ERI,2023,6.0495454,,,,final,,,
food.faostat.agrifood-emissions-by-country,ESH,1990,0.8435945,,,,final,,,
food.faostat.agrifood-emissions-by-country,ESH,1991,0.8436156,,,,final,,,
food.faostat.agrifood-emissions-by-country,ESH,1992,0.8436177,,,,final,,,
food.faostat.agrifood-emissions-by-country,ESH,1993,0.8436196,,,,final,,,
food.faostat.agrifood-emissions-by-country,ESH,1994,0.843621,,,,final,,,
food.faostat.agrifood-emissions-by-country,ESH,1995,0.843623,,,,final,,,
food.faostat.agrifood-emissions-by-country,ESH,1996,0.8436246,,,,final,,,
food.faostat.agrifood-emissions-by-country,ESH,1997,0.8436267,,,,final,,,
food.faostat.agrifood-emissions-by-country,ESH,1998,0.8436282,,,,final,,,
food.faostat.agrifood-emissions-by-country,ESH,1999,0.8436305,,,,final,,,
food.faostat.agrifood-emissions-by-country,ESH,2000,0.8436332,,,,final,,,
food.faostat.agrifood-emissions-by-country,ESH,2001,0.0331032,,,,final,,,
food.faostat.agrifood-emissions-by-country,ESH,2002,0.0331032,,,,final,,,
food.faostat.agrifood-emissions-by-country,ESH,2003,0.0331053,,,,final,,,
food.faostat.agrifood-emissions-by-country,ESH,2004,0.0331053,,,,final,,,
food.faostat.agrifood-emissions-by-country,ESH,2005,0.0331053,,,,final,,,
food.faostat.agrifood-emissions-by-country,ESH,2006,0.0331053,,,,final,,,
food.faostat.agrifood-emissions-by-country,ESH,2007,0.0330998,,,,final,,,
food.faostat.agrifood-emissions-by-country,ESH,2008,0.0331112,,,,final,,,
food.faostat.agrifood-emissions-by-country,ESH,2009,0.033112,,,,final,,,
food.faostat.agrifood-emissions-by-country,ESH,2010,0.0331118,,,,final,,,
food.faostat.agrifood-emissions-by-country,ESH,2011,0.0002396,,,,final,,,
food.faostat.agrifood-emissions-by-country,ESH,2012,0.0002482,,,,final,,,
food.faostat.agrifood-emissions-by-country,ESH,2013,0.0002444,,,,final,,,
food.faostat.agrifood-emissions-by-country,ESH,2014,0.0001345,,,,final,,,
food.faostat.agrifood-emissions-by-country,ESH,2015,0.0001355,,,,final,,,
food.faostat.agrifood-emissions-by-country,ESH,2016,0.1901151,,,,final,,,
food.faostat.agrifood-emissions-by-country,ESH,2017,0.1901152,,,,final,,,
food.faostat.agrifood-emissions-by-country,ESH,2018,0.190116,,,,final,,,
food.faostat.agrifood-emissions-by-country,ESH,2019,0.190116,,,,final,,,
food.faostat.agrifood-emissions-by-country,ESH,2020,0.190116,,,,final,,,
food.faostat.agrifood-emissions-by-country,ESH,2021,0.1231811,,,,final,,,
food.faostat.agrifood-emissions-by-country,ESH,2022,0.1231811,,,,final,,,
food.faostat.agrifood-emissions-by-country,ESH,2023,0.1231811,,,,final,,,
food.faostat.agrifood-emissions-by-country,ESP,1990,83.9623969,,,,final,,,
food.faostat.agrifood-emissions-by-country,ESP,1991,85.3374032,,,,final,,,
food.faostat.agrifood-emissions-by-country,ESP,1992,85.9595702,,,,final,,,
food.faostat.agrifood-emissions-by-country,ESP,1993,84.0105915,,,,final,,,
food.faostat.agrifood-emissions-by-country,ESP,1994,86.056274,,,,final,,,
food.faostat.agrifood-emissions-by-country,ESP,1995,86.4563108,,,,final,,,
food.faostat.agrifood-emissions-by-country,ESP,1996,87.0833362,,,,final,,,
food.faostat.agrifood-emissions-by-country,ESP,1997,92.301903,,,,final,,,
food.faostat.agrifood-emissions-by-country,ESP,1998,96.7138155,,,,final,,,
food.faostat.agrifood-emissions-by-country,ESP,1999,101.1119734,,,,final,,,
food.faostat.agrifood-emissions-by-country,ESP,2000,106.1951305,,,,final,,,
food.faostat.agrifood-emissions-by-country,ESP,2001,106.4408886,,,,final,,,
food.faostat.agrifood-emissions-by-country,ESP,2002,111.0317064,,,,final,,,
food.faostat.agrifood-emissions-by-country,ESP,2003,116.3861733,,,,final,,,
food.faostat.agrifood-emissions-by-country,ESP,2004,117.3924475,,,,final,,,
food.faostat.agrifood-emissions-by-country,ESP,2005,109.0357019,,,,final,,,
food.faostat.agrifood-emissions-by-country,ESP,2006,106.9916764,,,,final,,,
food.faostat.agrifood-emissions-by-country,ESP,2007,111.3332756,,,,final,,,
food.faostat.agrifood-emissions-by-country,ESP,2008,103.1355443,,,,final,,,
food.faostat.agrifood-emissions-by-country,ESP,2009,99.2241361,,,,final,,,
food.faostat.agrifood-emissions-by-country,ESP,2010,97.2896977,,,,final,,,
food.faostat.agrifood-emissions-by-country,ESP,2011,97.3337971,,,,final,,,
food.faostat.agrifood-emissions-by-country,ESP,2012,98.2393853,,,,final,,,
food.faostat.agrifood-emissions-by-country,ESP,2013,97.4018679,,,,final,,,
food.faostat.agrifood-emissions-by-country,ESP,2014,98.8969774,,,,final,,,
food.faostat.agrifood-emissions-by-country,ESP,2015,95.8445161,,,,final,,,
food.faostat.agrifood-emissions-by-country,ESP,2016,94.6872163,,,,final,,,
food.faostat.agrifood-emissions-by-country,ESP,2017,95.9885077,,,,final,,,
food.faostat.agrifood-emissions-by-country,ESP,2018,92.8195375,,,,final,,,
food.faostat.agrifood-emissions-by-country,ESP,2019,91.3355805,,,,final,,,
food.faostat.agrifood-emissions-by-country,ESP,2020,91.7128318,,,,final,,,
food.faostat.agrifood-emissions-by-country,ESP,2021,92.1225505,,,,final,,,
food.faostat.agrifood-emissions-by-country,ESP,2022,88.141315,,,,final,,,
food.faostat.agrifood-emissions-by-country,ESP,2023,87.0562082,,,,final,,,
food.faostat.agrifood-emissions-by-country,EST,1992,11.5461028,,,,final,,,
food.faostat.agrifood-emissions-by-country,EST,1993,10.1156016,,,,final,,,
food.faostat.agrifood-emissions-by-country,EST,1994,9.9208279,,,,final,,,
food.faostat.agrifood-emissions-by-country,EST,1995,8.6976128,,,,final,,,
food.faostat.agrifood-emissions-by-country,EST,1996,8.7283751,,,,final,,,
food.faostat.agrifood-emissions-by-country,EST,1997,8.5038094,,,,final,,,
food.faostat.agrifood-emissions-by-country,EST,1998,8.6550381,,,,final,,,
food.faostat.agrifood-emissions-by-country,EST,1999,8.7301122,,,,final,,,
food.faostat.agrifood-emissions-by-country,EST,2000,8.7049075,,,,final,,,
food.faostat.agrifood-emissions-by-country,EST,2001,8.9506658,,,,final,,,
food.faostat.agrifood-emissions-by-country,EST,2002,9.0400536,,,,final,,,
food.faostat.agrifood-emissions-by-country,EST,2003,8.9394858,,,,final,,,
food.faostat.agrifood-emissions-by-country,EST,2004,9.2365941,,,,final,,,
food.faostat.agrifood-emissions-by-country,EST,2005,9.2620337,,,,final,,,
food.faostat.agrifood-emissions-by-country,EST,2006,9.2242711,,,,final,,,
food.faostat.agrifood-emissions-by-country,EST,2007,9.2973514,,,,final,,,
food.faostat.agrifood-emissions-by-country,EST,2008,9.5650081,,,,final,,,
food.faostat.agrifood-emissions-by-country,EST,2009,9.4236168,,,,final,,,
food.faostat.agrifood-emissions-by-country,EST,2010,9.5781155,,,,final,,,
food.faostat.agrifood-emissions-by-country,EST,2011,9.4796638,,,,final,,,
food.faostat.agrifood-emissions-by-country,EST,2012,9.5652959,,,,final,,,
food.faostat.agrifood-emissions-by-country,EST,2013,9.6479751,,,,final,,,
food.faostat.agrifood-emissions-by-country,EST,2014,9.8070878,,,,final,,,
food.faostat.agrifood-emissions-by-country,EST,2015,9.8771519,,,,final,,,
food.faostat.agrifood-emissions-by-country,EST,2016,9.6020747,,,,final,,,
food.faostat.agrifood-emissions-by-country,EST,2017,9.6236316,,,,final,,,
food.faostat.agrifood-emissions-by-country,EST,2018,9.5092225,,,,final,,,
food.faostat.agrifood-emissions-by-country,EST,2019,9.3664922,,,,final,,,
food.faostat.agrifood-emissions-by-country,EST,2020,9.349722,,,,final,,,
food.faostat.agrifood-emissions-by-country,EST,2021,10.320324,,,,final,,,
food.faostat.agrifood-emissions-by-country,EST,2022,10.2082481,,,,final,,,
food.faostat.agrifood-emissions-by-country,EST,2023,10.1566187,,,,final,,,
food.faostat.agrifood-emissions-by-country,ETH,1993,93.8105847,,,,final,,,
food.faostat.agrifood-emissions-by-country,ETH,1994,94.6483003,,,,final,,,
food.faostat.agrifood-emissions-by-country,ETH,1995,94.9438317,,,,final,,,
food.faostat.agrifood-emissions-by-country,ETH,1996,97.5771127,,,,final,,,
food.faostat.agrifood-emissions-by-country,ETH,1997,99.6714746,,,,final,,,
food.faostat.agrifood-emissions-by-country,ETH,1998,105.2743642,,,,final,,,
food.faostat.agrifood-emissions-by-country,ETH,1999,104.9638484,,,,final,,,
food.faostat.agrifood-emissions-by-country,ETH,2000,101.4167613,,,,final,,,
food.faostat.agrifood-emissions-by-country,ETH,2001,104.1323272,,,,final,,,
food.faostat.agrifood-emissions-by-country,ETH,2002,113.1965358,,,,final,,,
food.faostat.agrifood-emissions-by-country,ETH,2003,110.8360978,,,,final,,,
food.faostat.agrifood-emissions-by-country,ETH,2004,112.5176941,,,,final,,,
food.faostat.agrifood-emissions-by-country,ETH,2005,116.2495262,,,,final,,,
food.faostat.agrifood-emissions-by-country,ETH,2006,120.7821524,,,,final,,,
food.faostat.agrifood-emissions-by-country,ETH,2007,130.420305,,,,final,,,
food.faostat.agrifood-emissions-by-country,ETH,2008,133.8515386,,,,final,,,
food.faostat.agrifood-emissions-by-country,ETH,2009,138.0509794,,,,final,,,
food.faostat.agrifood-emissions-by-country,ETH,2010,142.8804569,,,,final,,,
food.faostat.agrifood-emissions-by-country,ETH,2011,135.3673827,,,,final,,,
food.faostat.agrifood-emissions-by-country,ETH,2012,139.8702549,,,,final,,,
food.faostat.agrifood-emissions-by-country,ETH,2013,142.7526333,,,,final,,,
food.faostat.agrifood-emissions-by-country,ETH,2014,146.8152035,,,,final,,,
food.faostat.agrifood-emissions-by-country,ETH,2015,149.2778908,,,,final,,,
food.faostat.agrifood-emissions-by-country,ETH,2016,141.2803001,,,,final,,,
food.faostat.agrifood-emissions-by-country,ETH,2017,143.7332281,,,,final,,,
food.faostat.agrifood-emissions-by-country,ETH,2018,145.2149138,,,,final,,,
food.faostat.agrifood-emissions-by-country,ETH,2019,154.7850192,,,,final,,,
food.faostat.agrifood-emissions-by-country,ETH,2020,162.6505032,,,,final,,,
food.faostat.agrifood-emissions-by-country,ETH,2021,151.5299103,,,,final,,,
food.faostat.agrifood-emissions-by-country,ETH,2022,152.6692072,,,,final,,,
food.faostat.agrifood-emissions-by-country,ETH,2023,160.8469962,,,,final,,,
food.faostat.agrifood-emissions-by-country,EU27,1990,1039.7673985,,,,final,,,
food.faostat.agrifood-emissions-by-country,EU27,1991,1138.3550949,,,,final,,,
food.faostat.agrifood-emissions-by-country,EU27,1992,1155.2704079,,,,final,,,
food.faostat.agrifood-emissions-by-country,EU27,1993,1171.9418301,,,,final,,,
food.faostat.agrifood-emissions-by-country,EU27,1994,1153.6033043,,,,final,,,
food.faostat.agrifood-emissions-by-country,EU27,1995,1156.9926538,,,,final,,,
food.faostat.agrifood-emissions-by-country,EU27,1996,1175.4581206,,,,final,,,
food.faostat.agrifood-emissions-by-country,EU27,1997,1152.3983675,,,,final,,,
food.faostat.agrifood-emissions-by-country,EU27,1998,1170.8723322,,,,final,,,
food.faostat.agrifood-emissions-by-country,EU27,1999,1178.3707941,,,,final,,,
food.faostat.agrifood-emissions-by-country,EU27,2000,1199.2339811,,,,final,,,
food.faostat.agrifood-emissions-by-country,EU27,2001,1223.7147457,,,,final,,,
food.faostat.agrifood-emissions-by-country,EU27,2002,1212.5622311,,,,final,,,
food.faostat.agrifood-emissions-by-country,EU27,2003,1227.3213608,,,,final,,,
food.faostat.agrifood-emissions-by-country,EU27,2004,1225.0300538,,,,final,,,
food.faostat.agrifood-emissions-by-country,EU27,2005,1213.2446521,,,,final,,,
food.faostat.agrifood-emissions-by-country,EU27,2006,1206.0966442,,,,final,,,
food.faostat.agrifood-emissions-by-country,EU27,2007,1223.0227535,,,,final,,,
food.faostat.agrifood-emissions-by-country,EU27,2008,1203.6720732,,,,final,,,
food.faostat.agrifood-emissions-by-country,EU27,2009,1175.5161737,,,,final,,,
food.faostat.agrifood-emissions-by-country,EU27,2010,1187.4047719,,,,final,,,
food.faostat.agrifood-emissions-by-country,EU27,2011,1171.3800818,,,,final,,,
food.faostat.agrifood-emissions-by-country,EU27,2012,1171.8703092,,,,final,,,
food.faostat.agrifood-emissions-by-country,EU27,2013,1174.923694,,,,final,,,
food.faostat.agrifood-emissions-by-country,EU27,2014,1166.0875075,,,,final,,,
food.faostat.agrifood-emissions-by-country,EU27,2015,1172.2019011,,,,final,,,
food.faostat.agrifood-emissions-by-country,EU27,2016,1166.1113766,,,,final,,,
food.faostat.agrifood-emissions-by-country,EU27,2017,1168.1564998,,,,final,,,
food.faostat.agrifood-emissions-by-country,EU27,2018,1144.994666,,,,final,,,
food.faostat.agrifood-emissions-by-country,EU27,2019,1123.6174372,,,,final,,,
food.faostat.agrifood-emissions-by-country,EU27,2020,1114.1519324,,,,final,,,
food.faostat.agrifood-emissions-by-country,EU27,2021,1120.7921701,,,,final,,,
food.faostat.agrifood-emissions-by-country,EU27,2022,1090.0431906,,,,final,,,
food.faostat.agrifood-emissions-by-country,EU27,2023,1084.4804835,,,,final,,,
food.faostat.agrifood-emissions-by-country,FIN,1990,28.4784745,,,,final,,,
food.faostat.agrifood-emissions-by-country,FIN,1991,27.6676766,,,,final,,,
food.faostat.agrifood-emissions-by-country,FIN,1992,27.2603465,,,,final,,,
food.faostat.agrifood-emissions-by-country,FIN,1993,27.5679752,,,,final,,,
food.faostat.agrifood-emissions-by-country,FIN,1994,27.8935267,,,,final,,,
food.faostat.agrifood-emissions-by-country,FIN,1995,27.516429,,,,final,,,
food.faostat.agrifood-emissions-by-country,FIN,1996,28.2911236,,,,final,,,
food.faostat.agrifood-emissions-by-country,FIN,1997,28.1137571,,,,final,,,
food.faostat.agrifood-emissions-by-country,FIN,1998,28.4091013,,,,final,,,
food.faostat.agrifood-emissions-by-country,FIN,1999,29.2894204,,,,final,,,
food.faostat.agrifood-emissions-by-country,FIN,2000,29.1286966,,,,final,,,
food.faostat.agrifood-emissions-by-country,FIN,2001,50.8975207,,,,final,,,
food.faostat.agrifood-emissions-by-country,FIN,2002,51.302452,,,,final,,,
food.faostat.agrifood-emissions-by-country,FIN,2003,52.1397536,,,,final,,,
food.faostat.agrifood-emissions-by-country,FIN,2004,51.761632,,,,final,,,
food.faostat.agrifood-emissions-by-country,FIN,2005,50.5238387,,,,final,,,
food.faostat.agrifood-emissions-by-country,FIN,2006,51.7270977,,,,final,,,
food.faostat.agrifood-emissions-by-country,FIN,2007,51.7771379,,,,final,,,
food.faostat.agrifood-emissions-by-country,FIN,2008,50.2691385,,,,final,,,
food.faostat.agrifood-emissions-by-country,FIN,2009,50.2344392,,,,final,,,
food.faostat.agrifood-emissions-by-country,FIN,2010,51.2512346,,,,final,,,
food.faostat.agrifood-emissions-by-country,FIN,2011,34.9467934,,,,final,,,
food.faostat.agrifood-emissions-by-country,FIN,2012,34.3151786,,,,final,,,
food.faostat.agrifood-emissions-by-country,FIN,2013,34.7961761,,,,final,,,
food.faostat.agrifood-emissions-by-country,FIN,2014,34.6788736,,,,final,,,
food.faostat.agrifood-emissions-by-country,FIN,2015,34.2261024,,,,final,,,
food.faostat.agrifood-emissions-by-country,FIN,2016,36.4898336,,,,final,,,
food.faostat.agrifood-emissions-by-country,FIN,2017,36.4846249,,,,final,,,
food.faostat.agrifood-emissions-by-country,FIN,2018,36.8382829,,,,final,,,
food.faostat.agrifood-emissions-by-country,FIN,2019,36.8810124,,,,final,,,
food.faostat.agrifood-emissions-by-country,FIN,2020,36.88607,,,,final,,,
food.faostat.agrifood-emissions-by-country,FIN,2021,27.5439165,,,,final,,,
food.faostat.agrifood-emissions-by-country,FIN,2022,27.0762259,,,,final,,,
food.faostat.agrifood-emissions-by-country,FIN,2023,27.1417445,,,,final,,,
food.faostat.agrifood-emissions-by-country,FJI,1990,1.170762,,,,final,,,
food.faostat.agrifood-emissions-by-country,FJI,1991,1.1970172,,,,final,,,
food.faostat.agrifood-emissions-by-country,FJI,1992,1.1983588,,,,final,,,
food.faostat.agrifood-emissions-by-country,FJI,1993,1.2595796,,,,final,,,
food.faostat.agrifood-emissions-by-country,FJI,1994,1.3102251,,,,final,,,
food.faostat.agrifood-emissions-by-country,FJI,1995,1.398639,,,,final,,,
food.faostat.agrifood-emissions-by-country,FJI,1996,1.3895626,,,,final,,,
food.faostat.agrifood-emissions-by-country,FJI,1997,1.4007907,,,,final,,,
food.faostat.agrifood-emissions-by-country,FJI,1998,1.3682856,,,,final,,,
food.faostat.agrifood-emissions-by-country,FJI,1999,1.3226561,,,,final,,,
food.faostat.agrifood-emissions-by-country,FJI,2000,1.3117643,,,,final,,,
food.faostat.agrifood-emissions-by-country,FJI,2001,1.3604223,,,,final,,,
food.faostat.agrifood-emissions-by-country,FJI,2002,1.3315304,,,,final,,,
food.faostat.agrifood-emissions-by-country,FJI,2003,1.3050402,,,,final,,,
food.faostat.agrifood-emissions-by-country,FJI,2004,1.3340433,,,,final,,,
food.faostat.agrifood-emissions-by-country,FJI,2005,1.3391383,,,,final,,,
food.faostat.agrifood-emissions-by-country,FJI,2006,1.3428252,,,,final,,,
food.faostat.agrifood-emissions-by-country,FJI,2007,1.3445907,,,,final,,,
food.faostat.agrifood-emissions-by-country,FJI,2008,1.3496438,,,,final,,,
food.faostat.agrifood-emissions-by-country,FJI,2009,1.3297291,,,,final,,,
food.faostat.agrifood-emissions-by-country,FJI,2010,1.3301346,,,,final,,,
food.faostat.agrifood-emissions-by-country,FJI,2011,1.2934783,,,,final,,,
food.faostat.agrifood-emissions-by-country,FJI,2012,1.2902753,,,,final,,,
food.faostat.agrifood-emissions-by-country,FJI,2013,1.3134103,,,,final,,,
food.faostat.agrifood-emissions-by-country,FJI,2014,0.7872962,,,,final,,,
food.faostat.agrifood-emissions-by-country,FJI,2015,0.818064,,,,final,,,
food.faostat.agrifood-emissions-by-country,FJI,2016,0.8172527,,,,final,,,
food.faostat.agrifood-emissions-by-country,FJI,2017,0.8778092,,,,final,,,
food.faostat.agrifood-emissions-by-country,FJI,2018,0.8863506,,,,final,,,
food.faostat.agrifood-emissions-by-country,FJI,2019,0.9959054,,,,final,,,
food.faostat.agrifood-emissions-by-country,FJI,2020,0.92267,,,,final,,,
food.faostat.agrifood-emissions-by-country,FJI,2021,0.8972052,,,,final,,,
food.faostat.agrifood-emissions-by-country,FJI,2022,0.9587513,,,,final,,,
food.faostat.agrifood-emissions-by-country,FJI,2023,1.0494477,,,,final,,,
food.faostat.agrifood-emissions-by-country,FLK,1990,6.5792841,,,,final,,,
food.faostat.agrifood-emissions-by-country,FLK,1991,6.5785861,,,,final,,,
food.faostat.agrifood-emissions-by-country,FLK,1992,6.5786049,,,,final,,,
food.faostat.agrifood-emissions-by-country,FLK,1993,6.5785936,,,,final,,,
food.faostat.agrifood-emissions-by-country,FLK,1994,6.5785297,,,,final,,,
food.faostat.agrifood-emissions-by-country,FLK,1995,6.5790891,,,,final,,,
food.faostat.agrifood-emissions-by-country,FLK,1996,6.5794755,,,,final,,,
food.faostat.agrifood-emissions-by-country,FLK,1997,6.5801805,,,,final,,,
food.faostat.agrifood-emissions-by-country,FLK,1998,6.5798464,,,,final,,,
food.faostat.agrifood-emissions-by-country,FLK,1999,6.5776394,,,,final,,,
food.faostat.agrifood-emissions-by-country,FLK,2000,6.575144,,,,final,,,
food.faostat.agrifood-emissions-by-country,FLK,2001,6.568704,,,,final,,,
food.faostat.agrifood-emissions-by-country,FLK,2002,6.5662438,,,,final,,,
food.faostat.agrifood-emissions-by-country,FLK,2003,6.5650252,,,,final,,,
food.faostat.agrifood-emissions-by-country,FLK,2004,6.5657001,,,,final,,,
food.faostat.agrifood-emissions-by-country,FLK,2005,6.5607165,,,,final,,,
food.faostat.agrifood-emissions-by-country,FLK,2006,6.5612489,,,,final,,,
food.faostat.agrifood-emissions-by-country,FLK,2007,6.5601195,,,,final,,,
food.faostat.agrifood-emissions-by-country,FLK,2008,6.5597574,,,,final,,,
food.faostat.agrifood-emissions-by-country,FLK,2009,6.5593782,,,,final,,,
food.faostat.agrifood-emissions-by-country,FLK,2010,6.5597967,,,,final,,,
food.faostat.agrifood-emissions-by-country,FLK,2011,6.5598637,,,,final,,,
food.faostat.agrifood-emissions-by-country,FLK,2012,6.5606095,,,,final,,,
food.faostat.agrifood-emissions-by-country,FLK,2013,6.5610819,,,,final,,,
food.faostat.agrifood-emissions-by-country,FLK,2014,6.5611058,,,,final,,,
food.faostat.agrifood-emissions-by-country,FLK,2015,6.5611574,,,,final,,,
food.faostat.agrifood-emissions-by-country,FLK,2016,6.5612347,,,,final,,,
food.faostat.agrifood-emissions-by-country,FLK,2017,6.5612379,,,,final,,,
food.faostat.agrifood-emissions-by-country,FLK,2018,6.5610739,,,,final,,,
food.faostat.agrifood-emissions-by-country,FLK,2019,6.5612626,,,,final,,,
food.faostat.agrifood-emissions-by-country,FLK,2020,6.5608712,,,,final,,,
food.faostat.agrifood-emissions-by-country,FLK,2021,6.5508672,,,,final,,,
food.faostat.agrifood-emissions-by-country,FLK,2022,6.5493373,,,,final,,,
food.faostat.agrifood-emissions-by-country,FLK,2023,6.5567584,,,,final,,,
food.faostat.agrifood-emissions-by-country,FRA,1990,152.9495695,,,,final,,,
food.faostat.agrifood-emissions-by-country,FRA,1991,161.282216,,,,final,,,
food.faostat.agrifood-emissions-by-country,FRA,1992,146.0699675,,,,final,,,
food.faostat.agrifood-emissions-by-country,FRA,1993,144.2706897,,,,final,,,
food.faostat.agrifood-emissions-by-country,FRA,1994,143.5343033,,,,final,,,
food.faostat.agrifood-emissions-by-country,FRA,1995,145.5131207,,,,final,,,
food.faostat.agrifood-emissions-by-country,FRA,1996,149.4057778,,,,final,,,
food.faostat.agrifood-emissions-by-country,FRA,1997,148.5570907,,,,final,,,
food.faostat.agrifood-emissions-by-country,FRA,1998,154.7046689,,,,final,,,
food.faostat.agrifood-emissions-by-country,FRA,1999,162.7075784,,,,final,,,
food.faostat.agrifood-emissions-by-country,FRA,2000,168.5046456,,,,final,,,
food.faostat.agrifood-emissions-by-country,FRA,2001,168.4852401,,,,final,,,
food.faostat.agrifood-emissions-by-country,FRA,2002,168.3902752,,,,final,,,
food.faostat.agrifood-emissions-by-country,FRA,2003,167.8942396,,,,final,,,
food.faostat.agrifood-emissions-by-country,FRA,2004,168.9795611,,,,final,,,
food.faostat.agrifood-emissions-by-country,FRA,2005,165.4565868,,,,final,,,
food.faostat.agrifood-emissions-by-country,FRA,2006,164.8697608,,,,final,,,
food.faostat.agrifood-emissions-by-country,FRA,2007,167.0979573,,,,final,,,
food.faostat.agrifood-emissions-by-country,FRA,2008,165.7201884,,,,final,,,
food.faostat.agrifood-emissions-by-country,FRA,2009,162.8960292,,,,final,,,
food.faostat.agrifood-emissions-by-country,FRA,2010,164.5068533,,,,final,,,
food.faostat.agrifood-emissions-by-country,FRA,2011,161.6653601,,,,final,,,
food.faostat.agrifood-emissions-by-country,FRA,2012,163.4779757,,,,final,,,
food.faostat.agrifood-emissions-by-country,FRA,2013,163.49858,,,,final,,,
food.faostat.agrifood-emissions-by-country,FRA,2014,159.5835108,,,,final,,,
food.faostat.agrifood-emissions-by-country,FRA,2015,162.5855976,,,,final,,,
food.faostat.agrifood-emissions-by-country,FRA,2016,156.739205,,,,final,,,
food.faostat.agrifood-emissions-by-country,FRA,2017,157.1470518,,,,final,,,
food.faostat.agrifood-emissions-by-country,FRA,2018,152.9770665,,,,final,,,
food.faostat.agrifood-emissions-by-country,FRA,2019,147.3108703,,,,final,,,
food.faostat.agrifood-emissions-by-country,FRA,2020,143.8595157,,,,final,,,
food.faostat.agrifood-emissions-by-country,FRA,2021,147.8291074,,,,final,,,
food.faostat.agrifood-emissions-by-country,FRA,2022,141.4303401,,,,final,,,
food.faostat.agrifood-emissions-by-country,FRA,2023,140.3267148,,,,final,,,
food.faostat.agrifood-emissions-by-country,FRO,1990,0.6826375,,,,final,,,
food.faostat.agrifood-emissions-by-country,FRO,1991,0.6666869,,,,final,,,
food.faostat.agrifood-emissions-by-country,FRO,1992,0.6628484,,,,final,,,
food.faostat.agrifood-emissions-by-country,FRO,1993,0.6250658,,,,final,,,
food.faostat.agrifood-emissions-by-country,FRO,1994,0.6453259,,,,final,,,
food.faostat.agrifood-emissions-by-country,FRO,1995,0.635054,,,,final,,,
food.faostat.agrifood-emissions-by-country,FRO,1996,0.6504478,,,,final,,,
food.faostat.agrifood-emissions-by-country,FRO,1997,0.6356464,,,,final,,,
food.faostat.agrifood-emissions-by-country,FRO,1998,0.6388409,,,,final,,,
food.faostat.agrifood-emissions-by-country,FRO,1999,0.6371365,,,,final,,,
food.faostat.agrifood-emissions-by-country,FRO,2000,0.6768539,,,,final,,,
food.faostat.agrifood-emissions-by-country,FRO,2001,0.7357261,,,,final,,,
food.faostat.agrifood-emissions-by-country,FRO,2002,0.7068442,,,,final,,,
food.faostat.agrifood-emissions-by-country,FRO,2003,0.6964284,,,,final,,,
food.faostat.agrifood-emissions-by-country,FRO,2004,0.7183049,,,,final,,,
food.faostat.agrifood-emissions-by-country,FRO,2005,0.701168,,,,final,,,
food.faostat.agrifood-emissions-by-country,FRO,2006,0.6686635,,,,final,,,
food.faostat.agrifood-emissions-by-country,FRO,2007,0.6620493,,,,final,,,
food.faostat.agrifood-emissions-by-country,FRO,2008,0.5931936,,,,final,,,
food.faostat.agrifood-emissions-by-country,FRO,2009,0.5572414,,,,final,,,
food.faostat.agrifood-emissions-by-country,FRO,2010,0.5905084,,,,final,,,
food.faostat.agrifood-emissions-by-country,FRO,2011,0.5569654,,,,final,,,
food.faostat.agrifood-emissions-by-country,FRO,2012,0.5804338,,,,final,,,
food.faostat.agrifood-emissions-by-country,FRO,2013,0.6221213,,,,final,,,
food.faostat.agrifood-emissions-by-country,FRO,2014,0.590348,,,,final,,,
food.faostat.agrifood-emissions-by-country,FRO,2015,0.6122376,,,,final,,,
food.faostat.agrifood-emissions-by-country,FRO,2016,0.6075646,,,,final,,,
food.faostat.agrifood-emissions-by-country,FRO,2017,0.6740597,,,,final,,,
food.faostat.agrifood-emissions-by-country,FRO,2018,0.6816743,,,,final,,,
food.faostat.agrifood-emissions-by-country,FRO,2019,0.6629525,,,,final,,,
food.faostat.agrifood-emissions-by-country,FRO,2020,0.6726278,,,,final,,,
food.faostat.agrifood-emissions-by-country,FRO,2021,0.7129949,,,,final,,,
food.faostat.agrifood-emissions-by-country,FRO,2022,0.6786548,,,,final,,,
food.faostat.agrifood-emissions-by-country,FRO,2023,0.6833879,,,,final,,,
food.faostat.agrifood-emissions-by-country,FSM,1991,0.1893607,,,,final,,,
food.faostat.agrifood-emissions-by-country,FSM,1992,0.2030845,,,,final,,,
food.faostat.agrifood-emissions-by-country,FSM,1993,0.2034122,,,,final,,,
food.faostat.agrifood-emissions-by-country,FSM,1994,0.2037732,,,,final,,,
food.faostat.agrifood-emissions-by-country,FSM,1995,0.2055733,,,,final,,,
food.faostat.agrifood-emissions-by-country,FSM,1996,0.2067399,,,,final,,,
food.faostat.agrifood-emissions-by-country,FSM,1997,0.2071962,,,,final,,,
food.faostat.agrifood-emissions-by-country,FSM,1998,0.2080209,,,,final,,,
food.faostat.agrifood-emissions-by-country,FSM,1999,0.2086008,,,,final,,,
food.faostat.agrifood-emissions-by-country,FSM,2000,0.2083692,,,,final,,,
food.faostat.agrifood-emissions-by-country,FSM,2001,0.2074691,,,,final,,,
food.faostat.agrifood-emissions-by-country,FSM,2002,0.2071866,,,,final,,,
food.faostat.agrifood-emissions-by-country,FSM,2003,0.2079411,,,,final,,,
food.faostat.agrifood-emissions-by-country,FSM,2004,0.2055007,,,,final,,,
food.faostat.agrifood-emissions-by-country,FSM,2005,0.202089,,,,final,,,
food.faostat.agrifood-emissions-by-country,FSM,2006,0.2023229,,,,final,,,
food.faostat.agrifood-emissions-by-country,FSM,2007,0.2035669,,,,final,,,
food.faostat.agrifood-emissions-by-country,FSM,2008,0.2019904,,,,final,,,
food.faostat.agrifood-emissions-by-country,FSM,2009,0.2086862,,,,final,,,
food.faostat.agrifood-emissions-by-country,FSM,2010,0.203727,,,,final,,,
food.faostat.agrifood-emissions-by-country,FSM,2011,0.0770501,,,,final,,,
food.faostat.agrifood-emissions-by-country,FSM,2012,0.0780289,,,,final,,,
food.faostat.agrifood-emissions-by-country,FSM,2013,0.0801751,,,,final,,,
food.faostat.agrifood-emissions-by-country,FSM,2014,0.0807033,,,,final,,,
food.faostat.agrifood-emissions-by-country,FSM,2015,0.0811011,,,,final,,,
food.faostat.agrifood-emissions-by-country,FSM,2016,0.0824379,,,,final,,,
food.faostat.agrifood-emissions-by-country,FSM,2017,0.0815853,,,,final,,,
food.faostat.agrifood-emissions-by-country,FSM,2018,0.0822013,,,,final,,,
food.faostat.agrifood-emissions-by-country,FSM,2019,0.0833867,,,,final,,,
food.faostat.agrifood-emissions-by-country,FSM,2020,0.0858996,,,,final,,,
food.faostat.agrifood-emissions-by-country,FSM,2021,0.0848102,,,,final,,,
food.faostat.agrifood-emissions-by-country,FSM,2022,0.0860928,,,,final,,,
food.faostat.agrifood-emissions-by-country,FSM,2023,0.0872119,,,,final,,,
food.faostat.agrifood-emissions-by-country,GAB,1990,6.2601124,,,,final,,,
food.faostat.agrifood-emissions-by-country,GAB,1991,6.2916914,,,,final,,,
food.faostat.agrifood-emissions-by-country,GAB,1992,6.2972672,,,,final,,,
food.faostat.agrifood-emissions-by-country,GAB,1993,6.312962,,,,final,,,
food.faostat.agrifood-emissions-by-country,GAB,1994,6.314669,,,,final,,,
food.faostat.agrifood-emissions-by-country,GAB,1995,6.3343689,,,,final,,,
food.faostat.agrifood-emissions-by-country,GAB,1996,6.2654351,,,,final,,,
food.faostat.agrifood-emissions-by-country,GAB,1997,6.3082129,,,,final,,,
food.faostat.agrifood-emissions-by-country,GAB,1998,6.2997126,,,,final,,,
food.faostat.agrifood-emissions-by-country,GAB,1999,6.3402965,,,,final,,,
food.faostat.agrifood-emissions-by-country,GAB,2000,6.2970465,,,,final,,,
food.faostat.agrifood-emissions-by-country,GAB,2001,3.1545921,,,,final,,,
food.faostat.agrifood-emissions-by-country,GAB,2002,3.2635846,,,,final,,,
food.faostat.agrifood-emissions-by-country,GAB,2003,3.3057914,,,,final,,,
food.faostat.agrifood-emissions-by-country,GAB,2004,3.4821617,,,,final,,,
food.faostat.agrifood-emissions-by-country,GAB,2005,3.3934422,,,,final,,,
food.faostat.agrifood-emissions-by-country,GAB,2006,3.4506165,,,,final,,,
food.faostat.agrifood-emissions-by-country,GAB,2007,3.46999,,,,final,,,
food.faostat.agrifood-emissions-by-country,GAB,2008,3.5323843,,,,final,,,
food.faostat.agrifood-emissions-by-country,GAB,2009,3.4294383,,,,final,,,
food.faostat.agrifood-emissions-by-country,GAB,2010,3.5347453,,,,final,,,
food.faostat.agrifood-emissions-by-country,GAB,2011,9.5018981,,,,final,,,
food.faostat.agrifood-emissions-by-country,GAB,2012,9.4649735,,,,final,,,
food.faostat.agrifood-emissions-by-country,GAB,2013,9.5300225,,,,final,,,
food.faostat.agrifood-emissions-by-country,GAB,2014,9.4509777,,,,final,,,
food.faostat.agrifood-emissions-by-country,GAB,2015,9.499581,,,,final,,,
food.faostat.agrifood-emissions-by-country,GAB,2016,6.1042248,,,,final,,,
food.faostat.agrifood-emissions-by-country,GAB,2017,6.1237299,,,,final,,,
food.faostat.agrifood-emissions-by-country,GAB,2018,6.1441279,,,,final,,,
food.faostat.agrifood-emissions-by-country,GAB,2019,6.2353856,,,,final,,,
food.faostat.agrifood-emissions-by-country,GAB,2020,6.1768372,,,,final,,,
food.faostat.agrifood-emissions-by-country,GAB,2021,6.156924,,,,final,,,
food.faostat.agrifood-emissions-by-country,GAB,2022,6.348186,,,,final,,,
food.faostat.agrifood-emissions-by-country,GAB,2023,6.2511802,,,,final,,,
food.faostat.agrifood-emissions-by-country,GBR,1990,176.663935,,,,final,,,
food.faostat.agrifood-emissions-by-country,GBR,1991,176.490617,,,,final,,,
food.faostat.agrifood-emissions-by-country,GBR,1992,176.346438,,,,final,,,
food.faostat.agrifood-emissions-by-country,GBR,1993,169.6137273,,,,final,,,
food.faostat.agrifood-emissions-by-country,GBR,1994,167.9757076,,,,final,,,
food.faostat.agrifood-emissions-by-country,GBR,1995,165.7282083,,,,final,,,
food.faostat.agrifood-emissions-by-country,GBR,1996,168.3112514,,,,final,,,
food.faostat.agrifood-emissions-by-country,GBR,1997,163.5544373,,,,final,,,
food.faostat.agrifood-emissions-by-country,GBR,1998,167.0765515,,,,final,,,
food.faostat.agrifood-emissions-by-country,GBR,1999,160.5460897,,,,final,,,
food.faostat.agrifood-emissions-by-country,GBR,2000,157.9177527,,,,final,,,
food.faostat.agrifood-emissions-by-country,GBR,2001,156.5140545,,,,final,,,
food.faostat.agrifood-emissions-by-country,GBR,2002,155.4785658,,,,final,,,
food.faostat.agrifood-emissions-by-country,GBR,2003,154.765839,,,,final,,,
food.faostat.agrifood-emissions-by-country,GBR,2004,155.7498596,,,,final,,,
food.faostat.agrifood-emissions-by-country,GBR,2005,164.8965036,,,,final,,,
food.faostat.agrifood-emissions-by-country,GBR,2006,164.8199585,,,,final,,,
food.faostat.agrifood-emissions-by-country,GBR,2007,151.5426808,,,,final,,,
food.faostat.agrifood-emissions-by-country,GBR,2008,149.6491572,,,,final,,,
food.faostat.agrifood-emissions-by-country,GBR,2009,142.9386525,,,,final,,,
food.faostat.agrifood-emissions-by-country,GBR,2010,146.1537316,,,,final,,,
food.faostat.agrifood-emissions-by-country,GBR,2011,143.6002307,,,,final,,,
food.faostat.agrifood-emissions-by-country,GBR,2012,146.7272114,,,,final,,,
food.faostat.agrifood-emissions-by-country,GBR,2013,145.3768871,,,,final,,,
food.faostat.agrifood-emissions-by-country,GBR,2014,141.8849127,,,,final,,,
food.faostat.agrifood-emissions-by-country,GBR,2015,139.0532946,,,,final,,,
food.faostat.agrifood-emissions-by-country,GBR,2016,135.6961913,,,,final,,,
food.faostat.agrifood-emissions-by-country,GBR,2017,134.4123989,,,,final,,,
food.faostat.agrifood-emissions-by-country,GBR,2018,132.9072735,,,,final,,,
food.faostat.agrifood-emissions-by-country,GBR,2019,131.291165,,,,final,,,
food.faostat.agrifood-emissions-by-country,GBR,2020,126.7951588,,,,final,,,
food.faostat.agrifood-emissions-by-country,GBR,2021,128.6981351,,,,final,,,
food.faostat.agrifood-emissions-by-country,GBR,2022,126.6830108,,,,final,,,
food.faostat.agrifood-emissions-by-country,GBR,2023,125.7980776,,,,final,,,
food.faostat.agrifood-emissions-by-country,GEO,1992,5.0901219,,,,final,,,
food.faostat.agrifood-emissions-by-country,GEO,1993,4.4245471,,,,final,,,
food.faostat.agrifood-emissions-by-country,GEO,1994,3.6594134,,,,final,,,
food.faostat.agrifood-emissions-by-country,GEO,1995,3.5583433,,,,final,,,
food.faostat.agrifood-emissions-by-country,GEO,1996,3.5955332,,,,final,,,
food.faostat.agrifood-emissions-by-country,GEO,1997,3.9173609,,,,final,,,
food.faostat.agrifood-emissions-by-country,GEO,1998,4.0500875,,,,final,,,
food.faostat.agrifood-emissions-by-country,GEO,1999,4.1132337,,,,final,,,
food.faostat.agrifood-emissions-by-country,GEO,2000,4.2377044,,,,final,,,
food.faostat.agrifood-emissions-by-country,GEO,2001,3.9891051,,,,final,,,
food.faostat.agrifood-emissions-by-country,GEO,2002,4.1273583,,,,final,,,
food.faostat.agrifood-emissions-by-country,GEO,2003,4.2417114,,,,final,,,
food.faostat.agrifood-emissions-by-country,GEO,2004,4.4073823,,,,final,,,
food.faostat.agrifood-emissions-by-country,GEO,2005,4.9507262,,,,final,,,
food.faostat.agrifood-emissions-by-country,GEO,2006,4.9713273,,,,final,,,
food.faostat.agrifood-emissions-by-country,GEO,2007,5.0471082,,,,final,,,
food.faostat.agrifood-emissions-by-country,GEO,2008,5.1387728,,,,final,,,
food.faostat.agrifood-emissions-by-country,GEO,2009,4.8967932,,,,final,,,
food.faostat.agrifood-emissions-by-country,GEO,2010,4.6688715,,,,final,,,
food.faostat.agrifood-emissions-by-country,GEO,2011,5.0675607,,,,final,,,
food.faostat.agrifood-emissions-by-country,GEO,2012,5.5397774,,,,final,,,
food.faostat.agrifood-emissions-by-country,GEO,2013,5.2003359,,,,final,,,
food.faostat.agrifood-emissions-by-country,GEO,2014,5.2988676,,,,final,,,
food.faostat.agrifood-emissions-by-country,GEO,2015,4.9431265,,,,final,,,
food.faostat.agrifood-emissions-by-country,GEO,2016,5.0749439,,,,final,,,
food.faostat.agrifood-emissions-by-country,GEO,2017,5.0433148,,,,final,,,
food.faostat.agrifood-emissions-by-country,GEO,2018,4.9194578,,,,final,,,
food.faostat.agrifood-emissions-by-country,GEO,2019,5.0675111,,,,final,,,
food.faostat.agrifood-emissions-by-country,GEO,2020,5.2986086,,,,final,,,
food.faostat.agrifood-emissions-by-country,GEO,2021,5.5351052,,,,final,,,
food.faostat.agrifood-emissions-by-country,GEO,2022,5.6451828,,,,final,,,
food.faostat.agrifood-emissions-by-country,GEO,2023,5.5305411,,,,final,,,
food.faostat.agrifood-emissions-by-country,GHA,1990,10.6968669,,,,final,,,
food.faostat.agrifood-emissions-by-country,GHA,1991,11.1044152,,,,final,,,
food.faostat.agrifood-emissions-by-country,GHA,1992,10.9457654,,,,final,,,
food.faostat.agrifood-emissions-by-country,GHA,1993,11.0237974,,,,final,,,
food.faostat.agrifood-emissions-by-country,GHA,1994,11.2327239,,,,final,,,
food.faostat.agrifood-emissions-by-country,GHA,1995,11.44731,,,,final,,,
food.faostat.agrifood-emissions-by-country,GHA,1996,12.2769162,,,,final,,,
food.faostat.agrifood-emissions-by-country,GHA,1997,13.0003671,,,,final,,,
food.faostat.agrifood-emissions-by-country,GHA,1998,14.6915366,,,,final,,,
food.faostat.agrifood-emissions-by-country,GHA,1999,13.1619159,,,,final,,,
food.faostat.agrifood-emissions-by-country,GHA,2000,14.6819801,,,,final,,,
food.faostat.agrifood-emissions-by-country,GHA,2001,12.226926,,,,final,,,
food.faostat.agrifood-emissions-by-country,GHA,2002,12.1429909,,,,final,,,
food.faostat.agrifood-emissions-by-country,GHA,2003,12.4897791,,,,final,,,
food.faostat.agrifood-emissions-by-country,GHA,2004,12.0246132,,,,final,,,
food.faostat.agrifood-emissions-by-country,GHA,2005,13.817501,,,,final,,,
food.faostat.agrifood-emissions-by-country,GHA,2006,13.665752,,,,final,,,
food.faostat.agrifood-emissions-by-country,GHA,2007,13.3138611,,,,final,,,
food.faostat.agrifood-emissions-by-country,GHA,2008,13.3877766,,,,final,,,
food.faostat.agrifood-emissions-by-country,GHA,2009,13.5165121,,,,final,,,
food.faostat.agrifood-emissions-by-country,GHA,2010,14.0001306,,,,final,,,
food.faostat.agrifood-emissions-by-country,GHA,2011,15.1800858,,,,final,,,
food.faostat.agrifood-emissions-by-country,GHA,2012,15.0851846,,,,final,,,
food.faostat.agrifood-emissions-by-country,GHA,2013,16.0028043,,,,final,,,
food.faostat.agrifood-emissions-by-country,GHA,2014,15.8497105,,,,final,,,
food.faostat.agrifood-emissions-by-country,GHA,2015,16.288116,,,,final,,,
food.faostat.agrifood-emissions-by-country,GHA,2016,16.4378928,,,,final,,,
food.faostat.agrifood-emissions-by-country,GHA,2017,16.9017006,,,,final,,,
food.faostat.agrifood-emissions-by-country,GHA,2018,16.8449267,,,,final,,,
food.faostat.agrifood-emissions-by-country,GHA,2019,17.3258957,,,,final,,,
food.faostat.agrifood-emissions-by-country,GHA,2020,19.5011171,,,,final,,,
food.faostat.agrifood-emissions-by-country,GHA,2021,18.6914206,,,,final,,,
food.faostat.agrifood-emissions-by-country,GHA,2022,19.3805262,,,,final,,,
food.faostat.agrifood-emissions-by-country,GHA,2023,18.7217848,,,,final,,,
food.faostat.agrifood-emissions-by-country,GIB,1990,0.0131397,,,,final,,,
food.faostat.agrifood-emissions-by-country,GIB,1991,0.0188146,,,,final,,,
food.faostat.agrifood-emissions-by-country,GIB,1992,0.0234139,,,,final,,,
food.faostat.agrifood-emissions-by-country,GIB,1993,0.0226879,,,,final,,,
food.faostat.agrifood-emissions-by-country,GIB,1994,0.0273352,,,,final,,,
food.faostat.agrifood-emissions-by-country,GIB,1995,0.0251693,,,,final,,,
food.faostat.agrifood-emissions-by-country,GIB,1996,0.0257214,,,,final,,,
food.faostat.agrifood-emissions-by-country,GIB,1997,0.0267605,,,,final,,,
food.faostat.agrifood-emissions-by-country,GIB,1998,0.0283603,,,,final,,,
food.faostat.agrifood-emissions-by-country,GIB,1999,0.0294977,,,,final,,,
food.faostat.agrifood-emissions-by-country,GIB,2000,0.0311018,,,,final,,,
food.faostat.agrifood-emissions-by-country,GIB,2001,0.0317027,,,,final,,,
food.faostat.agrifood-emissions-by-country,GIB,2002,0.0321637,,,,final,,,
food.faostat.agrifood-emissions-by-country,GIB,2003,0.0327023,,,,final,,,
food.faostat.agrifood-emissions-by-country,GIB,2004,0.0368489,,,,final,,,
food.faostat.agrifood-emissions-by-country,GIB,2005,0.0379981,,,,final,,,
food.faostat.agrifood-emissions-by-country,GIB,2006,0.0394948,,,,final,,,
food.faostat.agrifood-emissions-by-country,GIB,2007,0.0394493,,,,final,,,
food.faostat.agrifood-emissions-by-country,GIB,2008,0.0398952,,,,final,,,
food.faostat.agrifood-emissions-by-country,GIB,2009,0.0441259,,,,final,,,
food.faostat.agrifood-emissions-by-country,GIB,2010,0.0449295,,,,final,,,
food.faostat.agrifood-emissions-by-country,GIB,2011,0.0438327,,,,final,,,
food.faostat.agrifood-emissions-by-country,GIB,2012,0.0459614,,,,final,,,
food.faostat.agrifood-emissions-by-country,GIB,2013,0.0481993,,,,final,,,
food.faostat.agrifood-emissions-by-country,GIB,2014,0.0526924,,,,final,,,
food.faostat.agrifood-emissions-by-country,GIB,2015,0.0561587,,,,final,,,
food.faostat.agrifood-emissions-by-country,GIB,2016,0.0699429,,,,final,,,
food.faostat.agrifood-emissions-by-country,GIB,2017,0.0735583,,,,final,,,
food.faostat.agrifood-emissions-by-country,GIB,2018,0.0787357,,,,final,,,
food.faostat.agrifood-emissions-by-country,GIB,2019,0.0820363,,,,final,,,
food.faostat.agrifood-emissions-by-country,GIB,2020,0.078127,,,,final,,,
food.faostat.agrifood-emissions-by-country,GIB,2021,0.0783856,,,,final,,,
food.faostat.agrifood-emissions-by-country,GIB,2022,0.0782431,,,,final,,,
food.faostat.agrifood-emissions-by-country,GIB,2023,0.0782838,,,,final,,,
food.faostat.agrifood-emissions-by-country,GIN,1990,27.7165959,,,,final,,,
food.faostat.agrifood-emissions-by-country,GIN,1991,27.9770042,,,,final,,,
food.faostat.agrifood-emissions-by-country,GIN,1992,28.245327,,,,final,,,
food.faostat.agrifood-emissions-by-country,GIN,1993,28.5007111,,,,final,,,
food.faostat.agrifood-emissions-by-country,GIN,1994,28.8500587,,,,final,,,
food.faostat.agrifood-emissions-by-country,GIN,1995,29.194182,,,,final,,,
food.faostat.agrifood-emissions-by-country,GIN,1996,28.6257555,,,,final,,,
food.faostat.agrifood-emissions-by-country,GIN,1997,28.9694958,,,,final,,,
food.faostat.agrifood-emissions-by-country,GIN,1998,30.3036919,,,,final,,,
food.faostat.agrifood-emissions-by-country,GIN,1999,29.7607741,,,,final,,,
food.faostat.agrifood-emissions-by-country,GIN,2000,30.1350942,,,,final,,,
food.faostat.agrifood-emissions-by-country,GIN,2001,30.5833126,,,,final,,,
food.faostat.agrifood-emissions-by-country,GIN,2002,31.6421582,,,,final,,,
food.faostat.agrifood-emissions-by-country,GIN,2003,31.9162368,,,,final,,,
food.faostat.agrifood-emissions-by-country,GIN,2004,31.8273275,,,,final,,,
food.faostat.agrifood-emissions-by-country,GIN,2005,33.2331996,,,,final,,,
food.faostat.agrifood-emissions-by-country,GIN,2006,33.4861819,,,,final,,,
food.faostat.agrifood-emissions-by-country,GIN,2007,33.6839744,,,,final,,,
food.faostat.agrifood-emissions-by-country,GIN,2008,34.289343,,,,final,,,
food.faostat.agrifood-emissions-by-country,GIN,2009,34.5603153,,,,final,,,
food.faostat.agrifood-emissions-by-country,GIN,2010,36.6327253,,,,final,,,
food.faostat.agrifood-emissions-by-country,GIN,2011,37.7091768,,,,final,,,
food.faostat.agrifood-emissions-by-country,GIN,2012,39.0888399,,,,final,,,
food.faostat.agrifood-emissions-by-country,GIN,2013,39.4811952,,,,final,,,
food.faostat.agrifood-emissions-by-country,GIN,2014,39.7684087,,,,final,,,
food.faostat.agrifood-emissions-by-country,GIN,2015,40.0323832,,,,final,,,
food.faostat.agrifood-emissions-by-country,GIN,2016,42.1847257,,,,final,,,
food.faostat.agrifood-emissions-by-country,GIN,2017,42.1402926,,,,final,,,
food.faostat.agrifood-emissions-by-country,GIN,2018,42.0094865,,,,final,,,
food.faostat.agrifood-emissions-by-country,GIN,2019,42.9805944,,,,final,,,
food.faostat.agrifood-emissions-by-country,GIN,2020,43.7053174,,,,final,,,
food.faostat.agrifood-emissions-by-country,GIN,2021,44.1590121,,,,final,,,
food.faostat.agrifood-emissions-by-country,GIN,2022,46.5721973,,,,final,,,
food.faostat.agrifood-emissions-by-country,GIN,2023,46.1880754,,,,final,,,
food.faostat.agrifood-emissions-by-country,GLP,1990,0.3248109,,,,final,,,
food.faostat.agrifood-emissions-by-country,GLP,1991,0.323426,,,,final,,,
food.faostat.agrifood-emissions-by-country,GLP,1992,0.3225724,,,,final,,,
food.faostat.agrifood-emissions-by-country,GLP,1993,0.295515,,,,final,,,
food.faostat.agrifood-emissions-by-country,GLP,1994,0.3003622,,,,final,,,
food.faostat.agrifood-emissions-by-country,GLP,1995,0.2993547,,,,final,,,
food.faostat.agrifood-emissions-by-country,GLP,1996,0.3429967,,,,final,,,
food.faostat.agrifood-emissions-by-country,GLP,1997,0.3493646,,,,final,,,
food.faostat.agrifood-emissions-by-country,GLP,1998,0.3874904,,,,final,,,
food.faostat.agrifood-emissions-by-country,GLP,1999,0.357789,,,,final,,,
food.faostat.agrifood-emissions-by-country,GLP,2000,0.3585365,,,,final,,,
food.faostat.agrifood-emissions-by-country,GLP,2001,0.3510799,,,,final,,,
food.faostat.agrifood-emissions-by-country,GLP,2002,0.36582,,,,final,,,
food.faostat.agrifood-emissions-by-country,GLP,2003,0.3371978,,,,final,,,
food.faostat.agrifood-emissions-by-country,GLP,2004,0.3267769,,,,final,,,
food.faostat.agrifood-emissions-by-country,GLP,2005,0.3248699,,,,final,,,
food.faostat.agrifood-emissions-by-country,GLP,2006,0.3300657,,,,final,,,
food.faostat.agrifood-emissions-by-country,GLP,2007,0.1655,,,,final,,,
food.faostat.agrifood-emissions-by-country,GLP,2008,0.1726513,,,,final,,,
food.faostat.agrifood-emissions-by-country,GLP,2009,0.168475,,,,final,,,
food.faostat.agrifood-emissions-by-country,GLP,2010,0.1701902,,,,final,,,
food.faostat.agrifood-emissions-by-country,GLP,2011,0.0056036,,,,final,,,
food.faostat.agrifood-emissions-by-country,GLP,2012,0.0054656,,,,final,,,
food.faostat.agrifood-emissions-by-country,GLP,2013,0.0054149,,,,final,,,
food.faostat.agrifood-emissions-by-country,GLP,2014,0.0051312,,,,final,,,
food.faostat.agrifood-emissions-by-country,GLP,2015,0.0051336,,,,final,,,
food.faostat.agrifood-emissions-by-country,GLP,2016,0.0051245,,,,final,,,
food.faostat.agrifood-emissions-by-country,GLP,2017,0.0051252,,,,final,,,
food.faostat.agrifood-emissions-by-country,GLP,2018,0.0051217,,,,final,,,
food.faostat.agrifood-emissions-by-country,GLP,2019,0.0051217,,,,final,,,
food.faostat.agrifood-emissions-by-country,GLP,2020,0.0051217,,,,final,,,
food.faostat.agrifood-emissions-by-country,GLP,2021,0.0050179,,,,final,,,
food.faostat.agrifood-emissions-by-country,GLP,2022,0.0050179,,,,final,,,
food.faostat.agrifood-emissions-by-country,GLP,2023,0.0050179,,,,final,,,
food.faostat.agrifood-emissions-by-country,GMB,1990,1.4901506,,,,final,,,
food.faostat.agrifood-emissions-by-country,GMB,1991,1.5234976,,,,final,,,
food.faostat.agrifood-emissions-by-country,GMB,1992,1.5112013,,,,final,,,
food.faostat.agrifood-emissions-by-country,GMB,1993,1.4920843,,,,final,,,
food.faostat.agrifood-emissions-by-country,GMB,1994,1.5347237,,,,final,,,
food.faostat.agrifood-emissions-by-country,GMB,1995,1.5542975,,,,final,,,
food.faostat.agrifood-emissions-by-country,GMB,1996,1.6110211,,,,final,,,
food.faostat.agrifood-emissions-by-country,GMB,1997,1.5947323,,,,final,,,
food.faostat.agrifood-emissions-by-country,GMB,1998,1.5907592,,,,final,,,
food.faostat.agrifood-emissions-by-country,GMB,1999,1.6925168,,,,final,,,
food.faostat.agrifood-emissions-by-country,GMB,2000,1.6858415,,,,final,,,
food.faostat.agrifood-emissions-by-country,GMB,2001,1.5041758,,,,final,,,
food.faostat.agrifood-emissions-by-country,GMB,2002,1.4982313,,,,final,,,
food.faostat.agrifood-emissions-by-country,GMB,2003,1.5936097,,,,final,,,
food.faostat.agrifood-emissions-by-country,GMB,2004,1.6888157,,,,final,,,
food.faostat.agrifood-emissions-by-country,GMB,2005,1.7362802,,,,final,,,
food.faostat.agrifood-emissions-by-country,GMB,2006,1.7872002,,,,final,,,
food.faostat.agrifood-emissions-by-country,GMB,2007,1.7788547,,,,final,,,
food.faostat.agrifood-emissions-by-country,GMB,2008,1.8995529,,,,final,,,
food.faostat.agrifood-emissions-by-country,GMB,2009,2.2327381,,,,final,,,
food.faostat.agrifood-emissions-by-country,GMB,2010,2.3055403,,,,final,,,
food.faostat.agrifood-emissions-by-country,GMB,2011,1.9401669,,,,final,,,
food.faostat.agrifood-emissions-by-country,GMB,2012,2.0149494,,,,final,,,
food.faostat.agrifood-emissions-by-country,GMB,2013,2.1011118,,,,final,,,
food.faostat.agrifood-emissions-by-country,GMB,2014,2.1559315,,,,final,,,
food.faostat.agrifood-emissions-by-country,GMB,2015,2.2899996,,,,final,,,
food.faostat.agrifood-emissions-by-country,GMB,2016,2.1792628,,,,final,,,
food.faostat.agrifood-emissions-by-country,GMB,2017,2.1033474,,,,final,,,
food.faostat.agrifood-emissions-by-country,GMB,2018,1.9237193,,,,final,,,
food.faostat.agrifood-emissions-by-country,GMB,2019,2.0268696,,,,final,,,
food.faostat.agrifood-emissions-by-country,GMB,2020,2.0149692,,,,final,,,
food.faostat.agrifood-emissions-by-country,GMB,2021,1.9005709,,,,final,,,
food.faostat.agrifood-emissions-by-country,GMB,2022,2.0041016,,,,final,,,
food.faostat.agrifood-emissions-by-country,GMB,2023,2.1559325,,,,final,,,
food.faostat.agrifood-emissions-by-country,GNB,1990,2.4181501,,,,final,,,
food.faostat.agrifood-emissions-by-country,GNB,1991,2.4271972,,,,final,,,
food.faostat.agrifood-emissions-by-country,GNB,1992,2.4591764,,,,final,,,
food.faostat.agrifood-emissions-by-country,GNB,1993,2.4784478,,,,final,,,
food.faostat.agrifood-emissions-by-country,GNB,1994,2.5034627,,,,final,,,
food.faostat.agrifood-emissions-by-country,GNB,1995,2.5344598,,,,final,,,
food.faostat.agrifood-emissions-by-country,GNB,1996,2.2032263,,,,final,,,
food.faostat.agrifood-emissions-by-country,GNB,1997,2.2234799,,,,final,,,
food.faostat.agrifood-emissions-by-country,GNB,1998,2.4748062,,,,final,,,
food.faostat.agrifood-emissions-by-country,GNB,1999,2.823038,,,,final,,,
food.faostat.agrifood-emissions-by-country,GNB,2000,2.5482692,,,,final,,,
food.faostat.agrifood-emissions-by-country,GNB,2001,2.7583038,,,,final,,,
food.faostat.agrifood-emissions-by-country,GNB,2002,2.9175263,,,,final,,,
food.faostat.agrifood-emissions-by-country,GNB,2003,2.8918326,,,,final,,,
food.faostat.agrifood-emissions-by-country,GNB,2004,2.7688892,,,,final,,,
food.faostat.agrifood-emissions-by-country,GNB,2005,2.6661525,,,,final,,,
food.faostat.agrifood-emissions-by-country,GNB,2006,3.0442265,,,,final,,,
food.faostat.agrifood-emissions-by-country,GNB,2007,3.0406588,,,,final,,,
food.faostat.agrifood-emissions-by-country,GNB,2008,2.8754302,,,,final,,,
food.faostat.agrifood-emissions-by-country,GNB,2009,2.8734913,,,,final,,,
food.faostat.agrifood-emissions-by-country,GNB,2010,3.0268189,,,,final,,,
food.faostat.agrifood-emissions-by-country,GNB,2011,2.9090071,,,,final,,,
food.faostat.agrifood-emissions-by-country,GNB,2012,3.4667243,,,,final,,,
food.faostat.agrifood-emissions-by-country,GNB,2013,3.1590962,,,,final,,,
food.faostat.agrifood-emissions-by-country,GNB,2014,3.2175673,,,,final,,,
food.faostat.agrifood-emissions-by-country,GNB,2015,3.4175262,,,,final,,,
food.faostat.agrifood-emissions-by-country,GNB,2016,3.0417798,,,,final,,,
food.faostat.agrifood-emissions-by-country,GNB,2017,2.9544154,,,,final,,,
food.faostat.agrifood-emissions-by-country,GNB,2018,3.0567249,,,,final,,,
food.faostat.agrifood-emissions-by-country,GNB,2019,3.1271975,,,,final,,,
food.faostat.agrifood-emissions-by-country,GNB,2020,3.1992154,,,,final,,,
food.faostat.agrifood-emissions-by-country,GNB,2021,2.9870864,,,,final,,,
food.faostat.agrifood-emissions-by-country,GNB,2022,3.03428,,,,final,,,
food.faostat.agrifood-emissions-by-country,GNB,2023,2.9498135,,,,final,,,
food.faostat.agrifood-emissions-by-country,GNQ,1990,3.9359408,,,,final,,,
food.faostat.agrifood-emissions-by-country,GNQ,1991,3.9378341,,,,final,,,
food.faostat.agrifood-emissions-by-country,GNQ,1992,3.9397773,,,,final,,,
food.faostat.agrifood-emissions-by-country,GNQ,1993,3.9371058,,,,final,,,
food.faostat.agrifood-emissions-by-country,GNQ,1994,3.9394184,,,,final,,,
food.faostat.agrifood-emissions-by-country,GNQ,1995,3.9428951,,,,final,,,
food.faostat.agrifood-emissions-by-country,GNQ,1996,3.9483886,,,,final,,,
food.faostat.agrifood-emissions-by-country,GNQ,1997,3.9572236,,,,final,,,
food.faostat.agrifood-emissions-by-country,GNQ,1998,3.953002,,,,final,,,
food.faostat.agrifood-emissions-by-country,GNQ,1999,3.964327,,,,final,,,
food.faostat.agrifood-emissions-by-country,GNQ,2000,3.9829365,,,,final,,,
food.faostat.agrifood-emissions-by-country,GNQ,2001,3.9964724,,,,final,,,
food.faostat.agrifood-emissions-by-country,GNQ,2002,4.0186472,,,,final,,,
food.faostat.agrifood-emissions-by-country,GNQ,2003,4.0334141,,,,final,,,
food.faostat.agrifood-emissions-by-country,GNQ,2004,4.0492014,,,,final,,,
food.faostat.agrifood-emissions-by-country,GNQ,2005,4.0684326,,,,final,,,
food.faostat.agrifood-emissions-by-country,GNQ,2006,4.0825776,,,,final,,,
food.faostat.agrifood-emissions-by-country,GNQ,2007,4.0900337,,,,final,,,
food.faostat.agrifood-emissions-by-country,GNQ,2008,4.0987494,,,,final,,,
food.faostat.agrifood-emissions-by-country,GNQ,2009,4.1059403,,,,final,,,
food.faostat.agrifood-emissions-by-country,GNQ,2010,4.1120657,,,,final,,,
food.faostat.agrifood-emissions-by-country,GNQ,2011,4.1243244,,,,final,,,
food.faostat.agrifood-emissions-by-country,GNQ,2012,4.1421163,,,,final,,,
food.faostat.agrifood-emissions-by-country,GNQ,2013,4.1487128,,,,final,,,
food.faostat.agrifood-emissions-by-country,GNQ,2014,4.1605264,,,,final,,,
food.faostat.agrifood-emissions-by-country,GNQ,2015,4.1883711,,,,final,,,
food.faostat.agrifood-emissions-by-country,GNQ,2016,4.2075351,,,,final,,,
food.faostat.agrifood-emissions-by-country,GNQ,2017,4.2269121,,,,final,,,
food.faostat.agrifood-emissions-by-country,GNQ,2018,4.2380256,,,,final,,,
food.faostat.agrifood-emissions-by-country,GNQ,2019,4.2816559,,,,final,,,
food.faostat.agrifood-emissions-by-country,GNQ,2020,4.2891594,,,,final,,,
food.faostat.agrifood-emissions-by-country,GNQ,2021,4.2921244,,,,final,,,
food.faostat.agrifood-emissions-by-country,GNQ,2022,4.287023,,,,final,,,
food.faostat.agrifood-emissions-by-country,GNQ,2023,4.3011764,,,,final,,,
food.faostat.agrifood-emissions-by-country,GRC,1990,29.1356456,,,,final,,,
food.faostat.agrifood-emissions-by-country,GRC,1991,29.2581366,,,,final,,,
food.faostat.agrifood-emissions-by-country,GRC,1992,29.7173468,,,,final,,,
food.faostat.agrifood-emissions-by-country,GRC,1993,29.4330068,,,,final,,,
food.faostat.agrifood-emissions-by-country,GRC,1994,29.7109033,,,,final,,,
food.faostat.agrifood-emissions-by-country,GRC,1995,29.4541121,,,,final,,,
food.faostat.agrifood-emissions-by-country,GRC,1996,29.7199519,,,,final,,,
food.faostat.agrifood-emissions-by-country,GRC,1997,29.9310137,,,,final,,,
food.faostat.agrifood-emissions-by-country,GRC,1998,30.2230997,,,,final,,,
food.faostat.agrifood-emissions-by-country,GRC,1999,30.299124,,,,final,,,
food.faostat.agrifood-emissions-by-country,GRC,2000,31.8428023,,,,final,,,
food.faostat.agrifood-emissions-by-country,GRC,2001,32.0578285,,,,final,,,
food.faostat.agrifood-emissions-by-country,GRC,2002,30.3119307,,,,final,,,
food.faostat.agrifood-emissions-by-country,GRC,2003,34.2787741,,,,final,,,
food.faostat.agrifood-emissions-by-country,GRC,2004,31.2020154,,,,final,,,
food.faostat.agrifood-emissions-by-country,GRC,2005,31.4097229,,,,final,,,
food.faostat.agrifood-emissions-by-country,GRC,2006,31.1942674,,,,final,,,
food.faostat.agrifood-emissions-by-country,GRC,2007,32.469482,,,,final,,,
food.faostat.agrifood-emissions-by-country,GRC,2008,32.3597868,,,,final,,,
food.faostat.agrifood-emissions-by-country,GRC,2009,30.8717353,,,,final,,,
food.faostat.agrifood-emissions-by-country,GRC,2010,30.8519173,,,,final,,,
food.faostat.agrifood-emissions-by-country,GRC,2011,29.988154,,,,final,,,
food.faostat.agrifood-emissions-by-country,GRC,2012,28.5640324,,,,final,,,
food.faostat.agrifood-emissions-by-country,GRC,2013,29.5614585,,,,final,,,
food.faostat.agrifood-emissions-by-country,GRC,2014,26.3472982,,,,final,,,
food.faostat.agrifood-emissions-by-country,GRC,2015,25.3404644,,,,final,,,
food.faostat.agrifood-emissions-by-country,GRC,2016,24.9647231,,,,final,,,
food.faostat.agrifood-emissions-by-country,GRC,2017,24.7908739,,,,final,,,
food.faostat.agrifood-emissions-by-country,GRC,2018,23.6940767,,,,final,,,
food.faostat.agrifood-emissions-by-country,GRC,2019,23.5965585,,,,final,,,
food.faostat.agrifood-emissions-by-country,GRC,2020,23.0126237,,,,final,,,
food.faostat.agrifood-emissions-by-country,GRC,2021,23.4099062,,,,final,,,
food.faostat.agrifood-emissions-by-country,GRC,2022,22.5895048,,,,final,,,
food.faostat.agrifood-emissions-by-country,GRC,2023,22.9158512,,,,final,,,
food.faostat.agrifood-emissions-by-country,GRD,1990,0.0659655,,,,final,,,
food.faostat.agrifood-emissions-by-country,GRD,1991,0.0679237,,,,final,,,
food.faostat.agrifood-emissions-by-country,GRD,1992,0.0688476,,,,final,,,
food.faostat.agrifood-emissions-by-country,GRD,1993,0.068855,,,,final,,,
food.faostat.agrifood-emissions-by-country,GRD,1994,0.0725754,,,,final,,,
food.faostat.agrifood-emissions-by-country,GRD,1995,0.075969,,,,final,,,
food.faostat.agrifood-emissions-by-country,GRD,1996,0.0767841,,,,final,,,
food.faostat.agrifood-emissions-by-country,GRD,1997,0.0806062,,,,final,,,
food.faostat.agrifood-emissions-by-country,GRD,1998,0.0877788,,,,final,,,
food.faostat.agrifood-emissions-by-country,GRD,1999,0.0887917,,,,final,,,
food.faostat.agrifood-emissions-by-country,GRD,2000,0.0903561,,,,final,,,
food.faostat.agrifood-emissions-by-country,GRD,2001,0.0920949,,,,final,,,
food.faostat.agrifood-emissions-by-country,GRD,2002,0.096852,,,,final,,,
food.faostat.agrifood-emissions-by-country,GRD,2003,0.0977657,,,,final,,,
food.faostat.agrifood-emissions-by-country,GRD,2004,0.0953897,,,,final,,,
food.faostat.agrifood-emissions-by-country,GRD,2005,0.0975287,,,,final,,,
food.faostat.agrifood-emissions-by-country,GRD,2006,0.1004717,,,,final,,,
food.faostat.agrifood-emissions-by-country,GRD,2007,0.1092343,,,,final,,,
food.faostat.agrifood-emissions-by-country,GRD,2008,0.109708,,,,final,,,
food.faostat.agrifood-emissions-by-country,GRD,2009,0.1105972,,,,final,,,
food.faostat.agrifood-emissions-by-country,GRD,2010,0.1106953,,,,final,,,
food.faostat.agrifood-emissions-by-country,GRD,2011,0.1123761,,,,final,,,
food.faostat.agrifood-emissions-by-country,GRD,2012,0.109379,,,,final,,,
food.faostat.agrifood-emissions-by-country,GRD,2013,0.1092344,,,,final,,,
food.faostat.agrifood-emissions-by-country,GRD,2014,0.1119123,,,,final,,,
food.faostat.agrifood-emissions-by-country,GRD,2015,0.1158232,,,,final,,,
food.faostat.agrifood-emissions-by-country,GRD,2016,0.1187325,,,,final,,,
food.faostat.agrifood-emissions-by-country,GRD,2017,0.1225788,,,,final,,,
food.faostat.agrifood-emissions-by-country,GRD,2018,0.125052,,,,final,,,
food.faostat.agrifood-emissions-by-country,GRD,2019,0.1324003,,,,final,,,
food.faostat.agrifood-emissions-by-country,GRD,2020,0.1254431,,,,final,,,
food.faostat.agrifood-emissions-by-country,GRD,2021,0.1320259,,,,final,,,
food.faostat.agrifood-emissions-by-country,GRD,2022,0.1356525,,,,final,,,
food.faostat.agrifood-emissions-by-country,GRD,2023,0.1387092,,,,final,,,
food.faostat.agrifood-emissions-by-country,GRL,1990,0.0773841,,,,final,,,
food.faostat.agrifood-emissions-by-country,GRL,1991,0.073628,,,,final,,,
food.faostat.agrifood-emissions-by-country,GRL,1992,0.0681595,,,,final,,,
food.faostat.agrifood-emissions-by-country,GRL,1993,0.0655912,,,,final,,,
food.faostat.agrifood-emissions-by-country,GRL,1994,0.0692099,,,,final,,,
food.faostat.agrifood-emissions-by-country,GRL,1995,0.0732481,,,,final,,,
food.faostat.agrifood-emissions-by-country,GRL,1996,0.073953,,,,final,,,
food.faostat.agrifood-emissions-by-country,GRL,1997,0.0818268,,,,final,,,
food.faostat.agrifood-emissions-by-country,GRL,1998,0.0823787,,,,final,,,
food.faostat.agrifood-emissions-by-country,GRL,1999,0.079825,,,,final,,,
food.faostat.agrifood-emissions-by-country,GRL,2000,0.0832414,,,,final,,,
food.faostat.agrifood-emissions-by-country,GRL,2001,0.0838864,,,,final,,,
food.faostat.agrifood-emissions-by-country,GRL,2002,0.0845627,,,,final,,,
food.faostat.agrifood-emissions-by-country,GRL,2003,0.083683,,,,final,,,
food.faostat.agrifood-emissions-by-country,GRL,2004,0.1417289,,,,final,,,
food.faostat.agrifood-emissions-by-country,GRL,2005,0.1589838,,,,final,,,
food.faostat.agrifood-emissions-by-country,GRL,2006,0.130539,,,,final,,,
food.faostat.agrifood-emissions-by-country,GRL,2007,0.2052469,,,,final,,,
food.faostat.agrifood-emissions-by-country,GRL,2008,0.2066771,,,,final,,,
food.faostat.agrifood-emissions-by-country,GRL,2009,0.1840502,,,,final,,,
food.faostat.agrifood-emissions-by-country,GRL,2010,0.1718941,,,,final,,,
food.faostat.agrifood-emissions-by-country,GRL,2011,0.1701225,,,,final,,,
food.faostat.agrifood-emissions-by-country,GRL,2012,0.1880807,,,,final,,,
food.faostat.agrifood-emissions-by-country,GRL,2013,0.1904132,,,,final,,,
food.faostat.agrifood-emissions-by-country,GRL,2014,0.181316,,,,final,,,
food.faostat.agrifood-emissions-by-country,GRL,2015,0.1754678,,,,final,,,
food.faostat.agrifood-emissions-by-country,GRL,2016,0.1900783,,,,final,,,
food.faostat.agrifood-emissions-by-country,GRL,2017,0.1959292,,,,final,,,
food.faostat.agrifood-emissions-by-country,GRL,2018,0.2117573,,,,final,,,
food.faostat.agrifood-emissions-by-country,GRL,2019,0.2242741,,,,final,,,
food.faostat.agrifood-emissions-by-country,GRL,2020,0.2221646,,,,final,,,
food.faostat.agrifood-emissions-by-country,GRL,2021,0.2200546,,,,final,,,
food.faostat.agrifood-emissions-by-country,GRL,2022,0.2334155,,,,final,,,
food.faostat.agrifood-emissions-by-country,GRL,2023,0.2238131,,,,final,,,
food.faostat.agrifood-emissions-by-country,GTM,1990,35.2183227,,,,final,,,
food.faostat.agrifood-emissions-by-country,GTM,1991,35.557284,,,,final,,,
food.faostat.agrifood-emissions-by-country,GTM,1992,36.1447113,,,,final,,,
food.faostat.agrifood-emissions-by-country,GTM,1993,36.6874847,,,,final,,,
food.faostat.agrifood-emissions-by-country,GTM,1994,36.5873061,,,,final,,,
food.faostat.agrifood-emissions-by-country,GTM,1995,36.8060664,,,,final,,,
food.faostat.agrifood-emissions-by-country,GTM,1996,37.2804347,,,,final,,,
food.faostat.agrifood-emissions-by-country,GTM,1997,37.1386732,,,,final,,,
food.faostat.agrifood-emissions-by-country,GTM,1998,39.1588576,,,,final,,,
food.faostat.agrifood-emissions-by-country,GTM,1999,37.8308035,,,,final,,,
food.faostat.agrifood-emissions-by-country,GTM,2000,38.9395233,,,,final,,,
food.faostat.agrifood-emissions-by-country,GTM,2001,33.6085803,,,,final,,,
food.faostat.agrifood-emissions-by-country,GTM,2002,34.4504293,,,,final,,,
food.faostat.agrifood-emissions-by-country,GTM,2003,36.2277607,,,,final,,,
food.faostat.agrifood-emissions-by-country,GTM,2004,34.3103996,,,,final,,,
food.faostat.agrifood-emissions-by-country,GTM,2005,36.0959312,,,,final,,,
food.faostat.agrifood-emissions-by-country,GTM,2006,34.9258414,,,,final,,,
food.faostat.agrifood-emissions-by-country,GTM,2007,36.3148655,,,,final,,,
food.faostat.agrifood-emissions-by-country,GTM,2008,35.5889566,,,,final,,,
food.faostat.agrifood-emissions-by-country,GTM,2009,36.661748,,,,final,,,
food.faostat.agrifood-emissions-by-country,GTM,2010,36.5151169,,,,final,,,
food.faostat.agrifood-emissions-by-country,GTM,2011,22.9557894,,,,final,,,
food.faostat.agrifood-emissions-by-country,GTM,2012,23.3304304,,,,final,,,
food.faostat.agrifood-emissions-by-country,GTM,2013,23.7659069,,,,final,,,
food.faostat.agrifood-emissions-by-country,GTM,2014,23.618055,,,,final,,,
food.faostat.agrifood-emissions-by-country,GTM,2015,24.2597315,,,,final,,,
food.faostat.agrifood-emissions-by-country,GTM,2016,25.8088912,,,,final,,,
food.faostat.agrifood-emissions-by-country,GTM,2017,26.1675776,,,,final,,,
food.faostat.agrifood-emissions-by-country,GTM,2018,26.5069265,,,,final,,,
food.faostat.agrifood-emissions-by-country,GTM,2019,26.8848256,,,,final,,,
food.faostat.agrifood-emissions-by-country,GTM,2020,27.5011141,,,,final,,,
food.faostat.agrifood-emissions-by-country,GTM,2021,33.779758,,,,final,,,
food.faostat.agrifood-emissions-by-country,GTM,2022,33.6793915,,,,final,,,
food.faostat.agrifood-emissions-by-country,GTM,2023,34.1931355,,,,final,,,
food.faostat.agrifood-emissions-by-country,GUF,1990,3.7549045,,,,final,,,
food.faostat.agrifood-emissions-by-country,GUF,1991,3.7669466,,,,final,,,
food.faostat.agrifood-emissions-by-country,GUF,1992,3.7623683,,,,final,,,
food.faostat.agrifood-emissions-by-country,GUF,1993,3.7531486,,,,final,,,
food.faostat.agrifood-emissions-by-country,GUF,1994,3.7544756,,,,final,,,
food.faostat.agrifood-emissions-by-country,GUF,1995,3.7558278,,,,final,,,
food.faostat.agrifood-emissions-by-country,GUF,1996,3.7752647,,,,final,,,
food.faostat.agrifood-emissions-by-country,GUF,1997,3.7822838,,,,final,,,
food.faostat.agrifood-emissions-by-country,GUF,1998,3.8184888,,,,final,,,
food.faostat.agrifood-emissions-by-country,GUF,1999,3.8108879,,,,final,,,
food.faostat.agrifood-emissions-by-country,GUF,2000,3.7979393,,,,final,,,
food.faostat.agrifood-emissions-by-country,GUF,2001,3.5872315,,,,final,,,
food.faostat.agrifood-emissions-by-country,GUF,2002,3.581157,,,,final,,,
food.faostat.agrifood-emissions-by-country,GUF,2003,3.5601776,,,,final,,,
food.faostat.agrifood-emissions-by-country,GUF,2004,3.609384,,,,final,,,
food.faostat.agrifood-emissions-by-country,GUF,2005,3.6283712,,,,final,,,
food.faostat.agrifood-emissions-by-country,GUF,2006,3.6018445,,,,final,,,
food.faostat.agrifood-emissions-by-country,GUF,2007,3.5295895,,,,final,,,
food.faostat.agrifood-emissions-by-country,GUF,2008,3.5079701,,,,final,,,
food.faostat.agrifood-emissions-by-country,GUF,2009,3.5288755,,,,final,,,
food.faostat.agrifood-emissions-by-country,GUF,2010,3.5152331,,,,final,,,
food.faostat.agrifood-emissions-by-country,GUF,2011,2.6363803,,,,final,,,
food.faostat.agrifood-emissions-by-country,GUF,2012,2.6387037,,,,final,,,
food.faostat.agrifood-emissions-by-country,GUF,2013,2.6368422,,,,final,,,
food.faostat.agrifood-emissions-by-country,GUF,2014,2.6384105,,,,final,,,
food.faostat.agrifood-emissions-by-country,GUF,2015,2.6385912,,,,final,,,
food.faostat.agrifood-emissions-by-country,GUF,2016,2.7587841,,,,final,,,
food.faostat.agrifood-emissions-by-country,GUF,2017,2.7558665,,,,final,,,
food.faostat.agrifood-emissions-by-country,GUF,2018,2.7568651,,,,final,,,
food.faostat.agrifood-emissions-by-country,GUF,2019,2.7630151,,,,final,,,
food.faostat.agrifood-emissions-by-country,GUF,2020,2.7627189,,,,final,,,
food.faostat.agrifood-emissions-by-country,GUF,2021,3.3403655,,,,final,,,
food.faostat.agrifood-emissions-by-country,GUF,2022,3.3484555,,,,final,,,
food.faostat.agrifood-emissions-by-country,GUF,2023,3.3518907,,,,final,,,
food.faostat.agrifood-emissions-by-country,GUM,1990,0.0052959,,,,final,,,
food.faostat.agrifood-emissions-by-country,GUM,1991,0.0053827,,,,final,,,
food.faostat.agrifood-emissions-by-country,GUM,1992,0.005467,,,,final,,,
food.faostat.agrifood-emissions-by-country,GUM,1993,0.0055493,,,,final,,,
food.faostat.agrifood-emissions-by-country,GUM,1994,0.0056493,,,,final,,,
food.faostat.agrifood-emissions-by-country,GUM,1995,0.0057274,,,,final,,,
food.faostat.agrifood-emissions-by-country,GUM,1996,0.0058031,,,,final,,,
food.faostat.agrifood-emissions-by-country,GUM,1997,0.0058771,,,,final,,,
food.faostat.agrifood-emissions-by-country,GUM,1998,0.0059494,,,,final,,,
food.faostat.agrifood-emissions-by-country,GUM,1999,0.0060249,,,,final,,,
food.faostat.agrifood-emissions-by-country,GUM,2000,0.0060897,,,,final,,,
food.faostat.agrifood-emissions-by-country,GUM,2001,0.006136,,,,final,,,
food.faostat.agrifood-emissions-by-country,GUM,2002,0.0061509,,,,final,,,
food.faostat.agrifood-emissions-by-country,GUM,2003,0.006117,,,,final,,,
food.faostat.agrifood-emissions-by-country,GUM,2004,0.0060875,,,,final,,,
food.faostat.agrifood-emissions-by-country,GUM,2005,0.0060658,,,,final,,,
food.faostat.agrifood-emissions-by-country,GUM,2006,0.0060622,,,,final,,,
food.faostat.agrifood-emissions-by-country,GUM,2007,0.006099,,,,final,,,
food.faostat.agrifood-emissions-by-country,GUM,2008,0.0061142,,,,final,,,
food.faostat.agrifood-emissions-by-country,GUM,2009,0.0061521,,,,final,,,
food.faostat.agrifood-emissions-by-country,GUM,2010,0.0061647,,,,final,,,
food.faostat.agrifood-emissions-by-country,GUM,2011,0.0061449,,,,final,,,
food.faostat.agrifood-emissions-by-country,GUM,2012,0.0061196,,,,final,,,
food.faostat.agrifood-emissions-by-country,GUM,2013,0.0060733,,,,final,,,
food.faostat.agrifood-emissions-by-country,GUM,2014,0.0060137,,,,final,,,
food.faostat.agrifood-emissions-by-country,GUM,2015,0.0059717,,,,final,,,
food.faostat.agrifood-emissions-by-country,GUM,2016,0.0061479,,,,final,,,
food.faostat.agrifood-emissions-by-country,GUM,2017,0.006576,,,,final,,,
food.faostat.agrifood-emissions-by-country,GUM,2018,0.007244,,,,final,,,
food.faostat.agrifood-emissions-by-country,GUM,2019,0.0075212,,,,final,,,
food.faostat.agrifood-emissions-by-country,GUM,2020,0.0075129,,,,final,,,
food.faostat.agrifood-emissions-by-country,GUM,2021,0.006909,,,,final,,,
food.faostat.agrifood-emissions-by-country,GUM,2022,0.0064608,,,,final,,,
food.faostat.agrifood-emissions-by-country,GUM,2023,0.0061285,,,,final,,,
food.faostat.agrifood-emissions-by-country,GUY,1990,6.9038254,,,,final,,,
food.faostat.agrifood-emissions-by-country,GUY,1991,7.1702968,,,,final,,,
food.faostat.agrifood-emissions-by-country,GUY,1992,7.1980846,,,,final,,,
food.faostat.agrifood-emissions-by-country,GUY,1993,7.9939426,,,,final,,,
food.faostat.agrifood-emissions-by-country,GUY,1994,8.3117794,,,,final,,,
food.faostat.agrifood-emissions-by-country,GUY,1995,8.9709407,,,,final,,,
food.faostat.agrifood-emissions-by-country,GUY,1996,9.294503,,,,final,,,
food.faostat.agrifood-emissions-by-country,GUY,1997,9.6534226,,,,final,,,
food.faostat.agrifood-emissions-by-country,GUY,1998,9.6241117,,,,final,,,
food.faostat.agrifood-emissions-by-country,GUY,1999,9.7350003,,,,final,,,
food.faostat.agrifood-emissions-by-country,GUY,2000,9.3357968,,,,final,,,
food.faostat.agrifood-emissions-by-country,GUY,2001,10.1299708,,,,final,,,
food.faostat.agrifood-emissions-by-country,GUY,2002,10.0007033,,,,final,,,
food.faostat.agrifood-emissions-by-country,GUY,2003,10.2759799,,,,final,,,
food.faostat.agrifood-emissions-by-country,GUY,2004,10.5317753,,,,final,,,
food.faostat.agrifood-emissions-by-country,GUY,2005,10.2346189,,,,final,,,
food.faostat.agrifood-emissions-by-country,GUY,2006,10.1178955,,,,final,,,
food.faostat.agrifood-emissions-by-country,GUY,2007,10.2490544,,,,final,,,
food.faostat.agrifood-emissions-by-country,GUY,2008,10.3526553,,,,final,,,
food.faostat.agrifood-emissions-by-country,GUY,2009,10.3962899,,,,final,,,
food.faostat.agrifood-emissions-by-country,GUY,2010,10.4885632,,,,final,,,
food.faostat.agrifood-emissions-by-country,GUY,2011,18.1985667,,,,final,,,
food.faostat.agrifood-emissions-by-country,GUY,2012,18.2188594,,,,final,,,
food.faostat.agrifood-emissions-by-country,GUY,2013,18.3248698,,,,final,,,
food.faostat.agrifood-emissions-by-country,GUY,2014,18.5373944,,,,final,,,
food.faostat.agrifood-emissions-by-country,GUY,2015,18.6458772,,,,final,,,
food.faostat.agrifood-emissions-by-country,GUY,2016,15.7590029,,,,final,,,
food.faostat.agrifood-emissions-by-country,GUY,2017,15.8877937,,,,final,,,
food.faostat.agrifood-emissions-by-country,GUY,2018,15.9413297,,,,final,,,
food.faostat.agrifood-emissions-by-country,GUY,2019,16.1901113,,,,final,,,
food.faostat.agrifood-emissions-by-country,GUY,2020,16.1925157,,,,final,,,
food.faostat.agrifood-emissions-by-country,GUY,2021,14.3919989,,,,final,,,
food.faostat.agrifood-emissions-by-country,GUY,2022,14.3734992,,,,final,,,
food.faostat.agrifood-emissions-by-country,GUY,2023,14.4839539,,,,final,,,
food.faostat.agrifood-emissions-by-country,HKG,1990,6.4821048,,,,final,,,
food.faostat.agrifood-emissions-by-country,HKG,1991,6.7964727,,,,final,,,
food.faostat.agrifood-emissions-by-country,HKG,1992,7.0863673,,,,final,,,
food.faostat.agrifood-emissions-by-country,HKG,1993,7.3353708,,,,final,,,
food.faostat.agrifood-emissions-by-country,HKG,1994,7.8484841,,,,final,,,
food.faostat.agrifood-emissions-by-country,HKG,1995,8.0369108,,,,final,,,
food.faostat.agrifood-emissions-by-country,HKG,1996,7.9704714,,,,final,,,
food.faostat.agrifood-emissions-by-country,HKG,1997,7.8660026,,,,final,,,
food.faostat.agrifood-emissions-by-country,HKG,1998,8.7441488,,,,final,,,
food.faostat.agrifood-emissions-by-country,HKG,1999,8.9195701,,,,final,,,
food.faostat.agrifood-emissions-by-country,HKG,2000,8.766585,,,,final,,,
food.faostat.agrifood-emissions-by-country,HKG,2001,9.0220813,,,,final,,,
food.faostat.agrifood-emissions-by-country,HKG,2002,9.0661807,,,,final,,,
food.faostat.agrifood-emissions-by-country,HKG,2003,9.6744952,,,,final,,,
food.faostat.agrifood-emissions-by-country,HKG,2004,9.2147252,,,,final,,,
food.faostat.agrifood-emissions-by-country,HKG,2005,9.631543,,,,final,,,
food.faostat.agrifood-emissions-by-country,HKG,2006,9.5954505,,,,final,,,
food.faostat.agrifood-emissions-by-country,HKG,2007,10.0079338,,,,final,,,
food.faostat.agrifood-emissions-by-country,HKG,2008,9.9549696,,,,final,,,
food.faostat.agrifood-emissions-by-country,HKG,2009,10.0760478,,,,final,,,
food.faostat.agrifood-emissions-by-country,HKG,2010,9.9229795,,,,final,,,
food.faostat.agrifood-emissions-by-country,HKG,2011,10.4744289,,,,final,,,
food.faostat.agrifood-emissions-by-country,HKG,2012,10.7454289,,,,final,,,
food.faostat.agrifood-emissions-by-country,HKG,2013,10.8767581,,,,final,,,
food.faostat.agrifood-emissions-by-country,HKG,2014,11.428533,,,,final,,,
food.faostat.agrifood-emissions-by-country,HKG,2015,10.858104,,,,final,,,
food.faostat.agrifood-emissions-by-country,HKG,2016,11.0119531,,,,final,,,
food.faostat.agrifood-emissions-by-country,HKG,2017,10.8806065,,,,final,,,
food.faostat.agrifood-emissions-by-country,HKG,2018,11.0411993,,,,final,,,
food.faostat.agrifood-emissions-by-country,HKG,2019,10.9655723,,,,final,,,
food.faostat.agrifood-emissions-by-country,HKG,2020,11.1413546,,,,final,,,
food.faostat.agrifood-emissions-by-country,HKG,2021,11.2226003,,,,final,,,
food.faostat.agrifood-emissions-by-country,HKG,2022,10.6913397,,,,final,,,
food.faostat.agrifood-emissions-by-country,HKG,2023,10.6442344,,,,final,,,
food.faostat.agrifood-emissions-by-country,HND,1990,12.4709779,,,,final,,,
food.faostat.agrifood-emissions-by-country,HND,1991,12.4939505,,,,final,,,
food.faostat.agrifood-emissions-by-country,HND,1992,12.5056055,,,,final,,,
food.faostat.agrifood-emissions-by-country,HND,1993,11.9772276,,,,final,,,
food.faostat.agrifood-emissions-by-country,HND,1994,12.3581558,,,,final,,,
food.faostat.agrifood-emissions-by-country,HND,1995,12.5217606,,,,final,,,
food.faostat.agrifood-emissions-by-country,HND,1996,12.1568997,,,,final,,,
food.faostat.agrifood-emissions-by-country,HND,1997,12.7147436,,,,final,,,
food.faostat.agrifood-emissions-by-country,HND,1998,12.7189554,,,,final,,,
food.faostat.agrifood-emissions-by-country,HND,1999,11.9228417,,,,final,,,
food.faostat.agrifood-emissions-by-country,HND,2000,12.3612003,,,,final,,,
food.faostat.agrifood-emissions-by-country,HND,2001,10.863502,,,,final,,,
food.faostat.agrifood-emissions-by-country,HND,2002,11.1027746,,,,final,,,
food.faostat.agrifood-emissions-by-country,HND,2003,13.3287946,,,,final,,,
food.faostat.agrifood-emissions-by-country,HND,2004,11.9849869,,,,final,,,
food.faostat.agrifood-emissions-by-country,HND,2005,13.3153695,,,,final,,,
food.faostat.agrifood-emissions-by-country,HND,2006,12.6244798,,,,final,,,
food.faostat.agrifood-emissions-by-country,HND,2007,12.8422476,,,,final,,,
food.faostat.agrifood-emissions-by-country,HND,2008,13.0022729,,,,final,,,
food.faostat.agrifood-emissions-by-country,HND,2009,13.2520976,,,,final,,,
food.faostat.agrifood-emissions-by-country,HND,2010,13.2632712,,,,final,,,
food.faostat.agrifood-emissions-by-country,HND,2011,16.1254469,,,,final,,,
food.faostat.agrifood-emissions-by-country,HND,2012,15.5854111,,,,final,,,
food.faostat.agrifood-emissions-by-country,HND,2013,16.261316,,,,final,,,
food.faostat.agrifood-emissions-by-country,HND,2014,16.4604875,,,,final,,,
food.faostat.agrifood-emissions-by-country,HND,2015,16.5055599,,,,final,,,
food.faostat.agrifood-emissions-by-country,HND,2016,24.2233346,,,,final,,,
food.faostat.agrifood-emissions-by-country,HND,2017,24.0184618,,,,final,,,
food.faostat.agrifood-emissions-by-country,HND,2018,24.4510314,,,,final,,,
food.faostat.agrifood-emissions-by-country,HND,2019,24.548,,,,final,,,
food.faostat.agrifood-emissions-by-country,HND,2020,25.7867692,,,,final,,,
food.faostat.agrifood-emissions-by-country,HND,2021,17.9722888,,,,final,,,
food.faostat.agrifood-emissions-by-country,HND,2022,18.1502378,,,,final,,,
food.faostat.agrifood-emissions-by-country,HND,2023,19.0283821,,,,final,,,
food.faostat.agrifood-emissions-by-country,HRV,1992,7.2578606,,,,final,,,
food.faostat.agrifood-emissions-by-country,HRV,1993,7.0233545,,,,final,,,
food.faostat.agrifood-emissions-by-country,HRV,1994,6.8138082,,,,final,,,
food.faostat.agrifood-emissions-by-country,HRV,1995,6.8653204,,,,final,,,
food.faostat.agrifood-emissions-by-country,HRV,1996,6.9622946,,,,final,,,
food.faostat.agrifood-emissions-by-country,HRV,1997,7.4971279,,,,final,,,
food.faostat.agrifood-emissions-by-country,HRV,1998,7.3519981,,,,final,,,
food.faostat.agrifood-emissions-by-country,HRV,1999,7.52526,,,,final,,,
food.faostat.agrifood-emissions-by-country,HRV,2000,7.4178715,,,,final,,,
food.faostat.agrifood-emissions-by-country,HRV,2001,7.7221496,,,,final,,,
food.faostat.agrifood-emissions-by-country,HRV,2002,8.3163335,,,,final,,,
food.faostat.agrifood-emissions-by-country,HRV,2003,7.9306522,,,,final,,,
food.faostat.agrifood-emissions-by-country,HRV,2004,8.7448246,,,,final,,,
food.faostat.agrifood-emissions-by-country,HRV,2005,8.6784758,,,,final,,,
food.faostat.agrifood-emissions-by-country,HRV,2006,9.0901392,,,,final,,,
food.faostat.agrifood-emissions-by-country,HRV,2007,9.2954702,,,,final,,,
food.faostat.agrifood-emissions-by-country,HRV,2008,9.3133771,,,,final,,,
food.faostat.agrifood-emissions-by-country,HRV,2009,7.7833946,,,,final,,,
food.faostat.agrifood-emissions-by-country,HRV,2010,7.9086464,,,,final,,,
food.faostat.agrifood-emissions-by-country,HRV,2011,7.9934189,,,,final,,,
food.faostat.agrifood-emissions-by-country,HRV,2012,7.5398943,,,,final,,,
food.faostat.agrifood-emissions-by-country,HRV,2013,7.8508677,,,,final,,,
food.faostat.agrifood-emissions-by-country,HRV,2014,7.9012095,,,,final,,,
food.faostat.agrifood-emissions-by-country,HRV,2015,7.9455311,,,,final,,,
food.faostat.agrifood-emissions-by-country,HRV,2016,7.9310363,,,,final,,,
food.faostat.agrifood-emissions-by-country,HRV,2017,8.2219471,,,,final,,,
food.faostat.agrifood-emissions-by-country,HRV,2018,7.6894974,,,,final,,,
food.faostat.agrifood-emissions-by-country,HRV,2019,8.0068315,,,,final,,,
food.faostat.agrifood-emissions-by-country,HRV,2020,7.7632146,,,,final,,,
food.faostat.agrifood-emissions-by-country,HRV,2021,8.0270624,,,,final,,,
food.faostat.agrifood-emissions-by-country,HRV,2022,7.9055566,,,,final,,,
food.faostat.agrifood-emissions-by-country,HRV,2023,7.8005495,,,,final,,,
food.faostat.agrifood-emissions-by-country,HTI,1990,6.2864904,,,,final,,,
food.faostat.agrifood-emissions-by-country,HTI,1991,6.538561,,,,final,,,
food.faostat.agrifood-emissions-by-country,HTI,1992,7.0518718,,,,final,,,
food.faostat.agrifood-emissions-by-country,HTI,1993,6.5954243,,,,final,,,
food.faostat.agrifood-emissions-by-country,HTI,1994,6.5602127,,,,final,,,
food.faostat.agrifood-emissions-by-country,HTI,1995,6.744518,,,,final,,,
food.faostat.agrifood-emissions-by-country,HTI,1996,6.860105,,,,final,,,
food.faostat.agrifood-emissions-by-country,HTI,1997,7.2048931,,,,final,,,
food.faostat.agrifood-emissions-by-country,HTI,1998,7.1073483,,,,final,,,
food.faostat.agrifood-emissions-by-country,HTI,1999,7.3332985,,,,final,,,
food.faostat.agrifood-emissions-by-country,HTI,2000,8.0105441,,,,final,,,
food.faostat.agrifood-emissions-by-country,HTI,2001,8.2074141,,,,final,,,
food.faostat.agrifood-emissions-by-country,HTI,2002,8.3920729,,,,final,,,
food.faostat.agrifood-emissions-by-country,HTI,2003,8.5453374,,,,final,,,
food.faostat.agrifood-emissions-by-country,HTI,2004,8.6147294,,,,final,,,
food.faostat.agrifood-emissions-by-country,HTI,2005,8.8516403,,,,final,,,
food.faostat.agrifood-emissions-by-country,HTI,2006,8.9191423,,,,final,,,
food.faostat.agrifood-emissions-by-country,HTI,2007,9.0298837,,,,final,,,
food.faostat.agrifood-emissions-by-country,HTI,2008,9.1061021,,,,final,,,
food.faostat.agrifood-emissions-by-country,HTI,2009,9.1751373,,,,final,,,
food.faostat.agrifood-emissions-by-country,HTI,2010,9.2632259,,,,final,,,
food.faostat.agrifood-emissions-by-country,HTI,2011,9.9381234,,,,final,,,
food.faostat.agrifood-emissions-by-country,HTI,2012,10.0795156,,,,final,,,
food.faostat.agrifood-emissions-by-country,HTI,2013,10.1909185,,,,final,,,
food.faostat.agrifood-emissions-by-country,HTI,2014,10.4237333,,,,final,,,
food.faostat.agrifood-emissions-by-country,HTI,2015,10.6415519,,,,final,,,
food.faostat.agrifood-emissions-by-country,HTI,2016,10.3659593,,,,final,,,
food.faostat.agrifood-emissions-by-country,HTI,2017,10.6750279,,,,final,,,
food.faostat.agrifood-emissions-by-country,HTI,2018,11.2560985,,,,final,,,
food.faostat.agrifood-emissions-by-country,HTI,2019,11.3318286,,,,final,,,
food.faostat.agrifood-emissions-by-country,HTI,2020,11.6103254,,,,final,,,
food.faostat.agrifood-emissions-by-country,HTI,2021,12.0229213,,,,final,,,
food.faostat.agrifood-emissions-by-country,HTI,2022,12.0494857,,,,final,,,
food.faostat.agrifood-emissions-by-country,HTI,2023,12.0672192,,,,final,,,
food.faostat.agrifood-emissions-by-country,HUN,1990,31.2776128,,,,final,,,
food.faostat.agrifood-emissions-by-country,HUN,1991,29.562508,,,,final,,,
food.faostat.agrifood-emissions-by-country,HUN,1992,26.303288,,,,final,,,
food.faostat.agrifood-emissions-by-country,HUN,1993,25.5618564,,,,final,,,
food.faostat.agrifood-emissions-by-country,HUN,1994,24.990947,,,,final,,,
food.faostat.agrifood-emissions-by-country,HUN,1995,24.200285,,,,final,,,
food.faostat.agrifood-emissions-by-country,HUN,1996,25.1306972,,,,final,,,
food.faostat.agrifood-emissions-by-country,HUN,1997,24.5665934,,,,final,,,
food.faostat.agrifood-emissions-by-country,HUN,1998,24.4100562,,,,final,,,
food.faostat.agrifood-emissions-by-country,HUN,1999,24.5586558,,,,final,,,
food.faostat.agrifood-emissions-by-country,HUN,2000,24.139794,,,,final,,,
food.faostat.agrifood-emissions-by-country,HUN,2001,24.6506353,,,,final,,,
food.faostat.agrifood-emissions-by-country,HUN,2002,24.4875735,,,,final,,,
food.faostat.agrifood-emissions-by-country,HUN,2003,25.7572971,,,,final,,,
food.faostat.agrifood-emissions-by-country,HUN,2004,25.7691063,,,,final,,,
food.faostat.agrifood-emissions-by-country,HUN,2005,24.1494005,,,,final,,,
food.faostat.agrifood-emissions-by-country,HUN,2006,24.0125646,,,,final,,,
food.faostat.agrifood-emissions-by-country,HUN,2007,23.4019871,,,,final,,,
food.faostat.agrifood-emissions-by-country,HUN,2008,24.2042212,,,,final,,,
food.faostat.agrifood-emissions-by-country,HUN,2009,23.5827133,,,,final,,,
food.faostat.agrifood-emissions-by-country,HUN,2010,23.4511266,,,,final,,,
food.faostat.agrifood-emissions-by-country,HUN,2011,23.3463469,,,,final,,,
food.faostat.agrifood-emissions-by-country,HUN,2012,23.0143159,,,,final,,,
food.faostat.agrifood-emissions-by-country,HUN,2013,24.0212174,,,,final,,,
food.faostat.agrifood-emissions-by-country,HUN,2014,24.6873073,,,,final,,,
food.faostat.agrifood-emissions-by-country,HUN,2015,24.4949437,,,,final,,,
food.faostat.agrifood-emissions-by-country,HUN,2016,26.3609345,,,,final,,,
food.faostat.agrifood-emissions-by-country,HUN,2017,27.2852031,,,,final,,,
food.faostat.agrifood-emissions-by-country,HUN,2018,27.1860484,,,,final,,,
food.faostat.agrifood-emissions-by-country,HUN,2019,26.9971134,,,,final,,,
food.faostat.agrifood-emissions-by-country,HUN,2020,27.8182652,,,,final,,,
food.faostat.agrifood-emissions-by-country,HUN,2021,27.2029813,,,,final,,,
food.faostat.agrifood-emissions-by-country,HUN,2022,25.8002832,,,,final,,,
food.faostat.agrifood-emissions-by-country,HUN,2023,25.8804291,,,,final,,,
food.faostat.agrifood-emissions-by-country,IDN,1990,1649.2496045,,,,final,,,
food.faostat.agrifood-emissions-by-country,IDN,1991,1649.9937084,,,,final,,,
food.faostat.agrifood-emissions-by-country,IDN,1992,1660.983693,,,,final,,,
food.faostat.agrifood-emissions-by-country,IDN,1993,1663.0708551,,,,final,,,
food.faostat.agrifood-emissions-by-country,IDN,1994,1665.3405029,,,,final,,,
food.faostat.agrifood-emissions-by-country,IDN,1995,1675.7932173,,,,final,,,
food.faostat.agrifood-emissions-by-country,IDN,1996,1513.905206,,,,final,,,
food.faostat.agrifood-emissions-by-country,IDN,1997,2484.5420911,,,,final,,,
food.faostat.agrifood-emissions-by-country,IDN,1998,1688.4936422,,,,final,,,
food.faostat.agrifood-emissions-by-country,IDN,1999,1558.0681332,,,,final,,,
food.faostat.agrifood-emissions-by-country,IDN,2000,1483.8192913,,,,final,,,
food.faostat.agrifood-emissions-by-country,IDN,2001,463.1781566,,,,final,,,
food.faostat.agrifood-emissions-by-country,IDN,2002,965.8951843,,,,final,,,
food.faostat.agrifood-emissions-by-country,IDN,2003,603.5774189,,,,final,,,
food.faostat.agrifood-emissions-by-country,IDN,2004,963.47333,,,,final,,,
food.faostat.agrifood-emissions-by-country,IDN,2005,683.6448848,,,,final,,,
food.faostat.agrifood-emissions-by-country,IDN,2006,1095.3133481,,,,final,,,
food.faostat.agrifood-emissions-by-country,IDN,2007,516.1093095,,,,final,,,
food.faostat.agrifood-emissions-by-country,IDN,2008,516.1249568,,,,final,,,
food.faostat.agrifood-emissions-by-country,IDN,2009,908.6121354,,,,final,,,
food.faostat.agrifood-emissions-by-country,IDN,2010,523.6377717,,,,final,,,
food.faostat.agrifood-emissions-by-country,IDN,2011,848.7301608,,,,final,,,
food.faostat.agrifood-emissions-by-country,IDN,2012,873.64738,,,,final,,,
food.faostat.agrifood-emissions-by-country,IDN,2013,827.009472,,,,final,,,
food.faostat.agrifood-emissions-by-country,IDN,2014,1180.8743838,,,,final,,,
food.faostat.agrifood-emissions-by-country,IDN,2015,1215.5303582,,,,final,,,
food.faostat.agrifood-emissions-by-country,IDN,2016,613.2905,,,,final,,,
food.faostat.agrifood-emissions-by-country,IDN,2017,587.6106884,,,,final,,,
food.faostat.agrifood-emissions-by-country,IDN,2018,779.5031901,,,,final,,,
food.faostat.agrifood-emissions-by-country,IDN,2019,1013.4278506,,,,final,,,
food.faostat.agrifood-emissions-by-country,IDN,2020,612.8887991,,,,final,,,
food.faostat.agrifood-emissions-by-country,IDN,2021,574.4962422,,,,final,,,
food.faostat.agrifood-emissions-by-country,IDN,2022,569.4803054,,,,final,,,
food.faostat.agrifood-emissions-by-country,IDN,2023,825.3230223,,,,final,,,
food.faostat.agrifood-emissions-by-country,IMN,1990,0.036685,,,,final,,,
food.faostat.agrifood-emissions-by-country,IMN,1991,0.0368617,,,,final,,,
food.faostat.agrifood-emissions-by-country,IMN,1992,0.0371143,,,,final,,,
food.faostat.agrifood-emissions-by-country,IMN,1993,0.033006,,,,final,,,
food.faostat.agrifood-emissions-by-country,IMN,1994,0.0333132,,,,final,,,
food.faostat.agrifood-emissions-by-country,IMN,1995,0.0336414,,,,final,,,
food.faostat.agrifood-emissions-by-country,IMN,1996,0.0342612,,,,final,,,
food.faostat.agrifood-emissions-by-country,IMN,1997,0.0348211,,,,final,,,
food.faostat.agrifood-emissions-by-country,IMN,1998,0.0354932,,,,final,,,
food.faostat.agrifood-emissions-by-country,IMN,1999,0.0359493,,,,final,,,
food.faostat.agrifood-emissions-by-country,IMN,2000,0.0364387,,,,final,,,
food.faostat.agrifood-emissions-by-country,IMN,2001,0.0368196,,,,final,,,
food.faostat.agrifood-emissions-by-country,IMN,2002,0.0410083,,,,final,,,
food.faostat.agrifood-emissions-by-country,IMN,2003,0.0416644,,,,final,,,
food.faostat.agrifood-emissions-by-country,IMN,2004,0.0420402,,,,final,,,
food.faostat.agrifood-emissions-by-country,IMN,2005,0.0431025,,,,final,,,
food.faostat.agrifood-emissions-by-country,IMN,2006,0.043308,,,,final,,,
food.faostat.agrifood-emissions-by-country,IMN,2007,0.0436132,,,,final,,,
food.faostat.agrifood-emissions-by-country,IMN,2008,0.0456664,,,,final,,,
food.faostat.agrifood-emissions-by-country,IMN,2009,0.046424,,,,final,,,
food.faostat.agrifood-emissions-by-country,IMN,2010,0.0471822,,,,final,,,
food.faostat.agrifood-emissions-by-country,IMN,2011,0.0472523,,,,final,,,
food.faostat.agrifood-emissions-by-country,IMN,2012,0.0494912,,,,final,,,
food.faostat.agrifood-emissions-by-country,IMN,2013,0.0503845,,,,final,,,
food.faostat.agrifood-emissions-by-country,IMN,2014,0.0499695,,,,final,,,
food.faostat.agrifood-emissions-by-country,IMN,2015,0.0501972,,,,final,,,
food.faostat.agrifood-emissions-by-country,IMN,2016,0.0515806,,,,final,,,
food.faostat.agrifood-emissions-by-country,IMN,2017,0.0505455,,,,final,,,
food.faostat.agrifood-emissions-by-country,IMN,2018,0.0478212,,,,final,,,
food.faostat.agrifood-emissions-by-country,IMN,2019,0.0492543,,,,final,,,
food.faostat.agrifood-emissions-by-country,IMN,2020,0.0488312,,,,final,,,
food.faostat.agrifood-emissions-by-country,IMN,2021,0.0479308,,,,final,,,
food.faostat.agrifood-emissions-by-country,IMN,2022,0.0447663,,,,final,,,
food.faostat.agrifood-emissions-by-country,IMN,2023,0.0441696,,,,final,,,
food.faostat.agrifood-emissions-by-country,IND,1990,808.0397513,,,,final,,,
food.faostat.agrifood-emissions-by-country,IND,1991,829.1970774,,,,final,,,
food.faostat.agrifood-emissions-by-country,IND,1992,846.3089357,,,,final,,,
food.faostat.agrifood-emissions-by-country,IND,1993,862.1201722,,,,final,,,
food.faostat.agrifood-emissions-by-country,IND,1994,879.9459046,,,,final,,,
food.faostat.agrifood-emissions-by-country,IND,1995,899.5943881,,,,final,,,
food.faostat.agrifood-emissions-by-country,IND,1996,908.5657613,,,,final,,,
food.faostat.agrifood-emissions-by-country,IND,1997,922.9533123,,,,final,,,
food.faostat.agrifood-emissions-by-country,IND,1998,937.830506,,,,final,,,
food.faostat.agrifood-emissions-by-country,IND,1999,942.3445607,,,,final,,,
food.faostat.agrifood-emissions-by-country,IND,2000,940.174686,,,,final,,,
food.faostat.agrifood-emissions-by-country,IND,2001,946.562011,,,,final,,,
food.faostat.agrifood-emissions-by-country,IND,2002,943.8464559,,,,final,,,
food.faostat.agrifood-emissions-by-country,IND,2003,967.0469285,,,,final,,,
food.faostat.agrifood-emissions-by-country,IND,2004,987.2809591,,,,final,,,
food.faostat.agrifood-emissions-by-country,IND,2005,998.2952854,,,,final,,,
food.faostat.agrifood-emissions-by-country,IND,2006,1057.0694561,,,,final,,,
food.faostat.agrifood-emissions-by-country,IND,2007,1056.2254039,,,,final,,,
food.faostat.agrifood-emissions-by-country,IND,2008,1079.3140581,,,,final,,,
food.faostat.agrifood-emissions-by-country,IND,2009,1097.2216405,,,,final,,,
food.faostat.agrifood-emissions-by-country,IND,2010,1125.6275476,,,,final,,,
food.faostat.agrifood-emissions-by-country,IND,2011,1137.6798001,,,,final,,,
food.faostat.agrifood-emissions-by-country,IND,2012,1150.4766454,,,,final,,,
food.faostat.agrifood-emissions-by-country,IND,2013,1253.484658,,,,final,,,
food.faostat.agrifood-emissions-by-country,IND,2014,1276.8690512,,,,final,,,
food.faostat.agrifood-emissions-by-country,IND,2015,1260.1687337,,,,final,,,
food.faostat.agrifood-emissions-by-country,IND,2016,1296.6752813,,,,final,,,
food.faostat.agrifood-emissions-by-country,IND,2017,1278.3073653,,,,final,,,
food.faostat.agrifood-emissions-by-country,IND,2018,1299.8403834,,,,final,,,
food.faostat.agrifood-emissions-by-country,IND,2019,1334.6542707,,,,final,,,
food.faostat.agrifood-emissions-by-country,IND,2020,1345.5791305,,,,final,,,
food.faostat.agrifood-emissions-by-country,IND,2021,1376.8528951,,,,final,,,
food.faostat.agrifood-emissions-by-country,IND,2022,1405.9132937,,,,final,,,
food.faostat.agrifood-emissions-by-country,IND,2023,1413.1318609,,,,final,,,
food.faostat.agrifood-emissions-by-country,IRL,1990,40.0956388,,,,final,,,
food.faostat.agrifood-emissions-by-country,IRL,1991,40.260407,,,,final,,,
food.faostat.agrifood-emissions-by-country,IRL,1992,40.2723807,,,,final,,,
food.faostat.agrifood-emissions-by-country,IRL,1993,40.7750797,,,,final,,,
food.faostat.agrifood-emissions-by-country,IRL,1994,41.0640469,,,,final,,,
food.faostat.agrifood-emissions-by-country,IRL,1995,41.3777077,,,,final,,,
food.faostat.agrifood-emissions-by-country,IRL,1996,41.4514409,,,,final,,,
food.faostat.agrifood-emissions-by-country,IRL,1997,41.9860371,,,,final,,,
food.faostat.agrifood-emissions-by-country,IRL,1998,43.0335043,,,,final,,,
food.faostat.agrifood-emissions-by-country,IRL,1999,43.2337986,,,,final,,,
food.faostat.agrifood-emissions-by-country,IRL,2000,43.9393552,,,,final,,,
food.faostat.agrifood-emissions-by-country,IRL,2001,43.9719598,,,,final,,,
food.faostat.agrifood-emissions-by-country,IRL,2002,43.6017377,,,,final,,,
food.faostat.agrifood-emissions-by-country,IRL,2003,43.781162,,,,final,,,
food.faostat.agrifood-emissions-by-country,IRL,2004,43.5143194,,,,final,,,
food.faostat.agrifood-emissions-by-country,IRL,2005,43.5112901,,,,final,,,
food.faostat.agrifood-emissions-by-country,IRL,2006,42.9114062,,,,final,,,
food.faostat.agrifood-emissions-by-country,IRL,2007,42.0787852,,,,final,,,
food.faostat.agrifood-emissions-by-country,IRL,2008,41.9750758,,,,final,,,
food.faostat.agrifood-emissions-by-country,IRL,2009,41.6896768,,,,final,,,
food.faostat.agrifood-emissions-by-country,IRL,2010,40.9132663,,,,final,,,
food.faostat.agrifood-emissions-by-country,IRL,2011,40.4706761,,,,final,,,
food.faostat.agrifood-emissions-by-country,IRL,2012,41.7137013,,,,final,,,
food.faostat.agrifood-emissions-by-country,IRL,2013,41.9546852,,,,final,,,
food.faostat.agrifood-emissions-by-country,IRL,2014,42.1353723,,,,final,,,
food.faostat.agrifood-emissions-by-country,IRL,2015,42.3906595,,,,final,,,
food.faostat.agrifood-emissions-by-country,IRL,2016,43.5027439,,,,final,,,
food.faostat.agrifood-emissions-by-country,IRL,2017,44.1956178,,,,final,,,
food.faostat.agrifood-emissions-by-country,IRL,2018,41.2806517,,,,final,,,
food.faostat.agrifood-emissions-by-country,IRL,2019,40.979607,,,,final,,,
food.faostat.agrifood-emissions-by-country,IRL,2020,40.9246527,,,,final,,,
food.faostat.agrifood-emissions-by-country,IRL,2021,41.386203,,,,final,,,
food.faostat.agrifood-emissions-by-country,IRL,2022,40.9831334,,,,final,,,
food.faostat.agrifood-emissions-by-country,IRL,2023,40.3174249,,,,final,,,
food.faostat.agrifood-emissions-by-country,IRN,1990,72.4442176,,,,final,,,
food.faostat.agrifood-emissions-by-country,IRN,1991,74.7333047,,,,final,,,
food.faostat.agrifood-emissions-by-country,IRN,1992,81.87571,,,,final,,,
food.faostat.agrifood-emissions-by-country,IRN,1993,79.7222047,,,,final,,,
food.faostat.agrifood-emissions-by-country,IRN,1994,82.9160448,,,,final,,,
food.faostat.agrifood-emissions-by-country,IRN,1995,84.0688348,,,,final,,,
food.faostat.agrifood-emissions-by-country,IRN,1996,87.0867751,,,,final,,,
food.faostat.agrifood-emissions-by-country,IRN,1997,88.5173244,,,,final,,,
food.faostat.agrifood-emissions-by-country,IRN,1998,92.4886103,,,,final,,,
food.faostat.agrifood-emissions-by-country,IRN,1999,92.4641121,,,,final,,,
food.faostat.agrifood-emissions-by-country,IRN,2000,94.2667657,,,,final,,,
food.faostat.agrifood-emissions-by-country,IRN,2001,96.391173,,,,final,,,
food.faostat.agrifood-emissions-by-country,IRN,2002,99.1430426,,,,final,,,
food.faostat.agrifood-emissions-by-country,IRN,2003,102.5913084,,,,final,,,
food.faostat.agrifood-emissions-by-country,IRN,2004,105.5334438,,,,final,,,
food.faostat.agrifood-emissions-by-country,IRN,2005,110.6095154,,,,final,,,
food.faostat.agrifood-emissions-by-country,IRN,2006,119.2942266,,,,final,,,
food.faostat.agrifood-emissions-by-country,IRN,2007,115.2116507,,,,final,,,
food.faostat.agrifood-emissions-by-country,IRN,2008,122.336272,,,,final,,,
food.faostat.agrifood-emissions-by-country,IRN,2009,123.9609436,,,,final,,,
food.faostat.agrifood-emissions-by-country,IRN,2010,125.3768643,,,,final,,,
food.faostat.agrifood-emissions-by-country,IRN,2011,126.1542984,,,,final,,,
food.faostat.agrifood-emissions-by-country,IRN,2012,128.3717573,,,,final,,,
food.faostat.agrifood-emissions-by-country,IRN,2013,133.072092,,,,final,,,
food.faostat.agrifood-emissions-by-country,IRN,2014,128.1283433,,,,final,,,
food.faostat.agrifood-emissions-by-country,IRN,2015,130.1200428,,,,final,,,
food.faostat.agrifood-emissions-by-country,IRN,2016,132.7270387,,,,final,,,
food.faostat.agrifood-emissions-by-country,IRN,2017,134.8945156,,,,final,,,
food.faostat.agrifood-emissions-by-country,IRN,2018,134.5794702,,,,final,,,
food.faostat.agrifood-emissions-by-country,IRN,2019,141.5324932,,,,final,,,
food.faostat.agrifood-emissions-by-country,IRN,2020,148.2415833,,,,final,,,
food.faostat.agrifood-emissions-by-country,IRN,2021,154.9602548,,,,final,,,
food.faostat.agrifood-emissions-by-country,IRN,2022,158.9108092,,,,final,,,
food.faostat.agrifood-emissions-by-country,IRN,2023,157.8073666,,,,final,,,
food.faostat.agrifood-emissions-by-country,IRQ,1990,18.5721818,,,,final,,,
food.faostat.agrifood-emissions-by-country,IRQ,1991,14.6324729,,,,final,,,
food.faostat.agrifood-emissions-by-country,IRQ,1992,16.7511945,,,,final,,,
food.faostat.agrifood-emissions-by-country,IRQ,1993,19.7909722,,,,final,,,
food.faostat.agrifood-emissions-by-country,IRQ,1994,20.0678506,,,,final,,,
food.faostat.agrifood-emissions-by-country,IRQ,1995,19.7749253,,,,final,,,
food.faostat.agrifood-emissions-by-country,IRQ,1996,19.1653789,,,,final,,,
food.faostat.agrifood-emissions-by-country,IRQ,1997,20.0020238,,,,final,,,
food.faostat.agrifood-emissions-by-country,IRQ,1998,19.9880307,,,,final,,,
food.faostat.agrifood-emissions-by-country,IRQ,1999,20.0114147,,,,final,,,
food.faostat.agrifood-emissions-by-country,IRQ,2000,20.5551507,,,,final,,,
food.faostat.agrifood-emissions-by-country,IRQ,2001,22.7305267,,,,final,,,
food.faostat.agrifood-emissions-by-country,IRQ,2002,22.9602336,,,,final,,,
food.faostat.agrifood-emissions-by-country,IRQ,2003,18.7967403,,,,final,,,
food.faostat.agrifood-emissions-by-country,IRQ,2004,20.5411842,,,,final,,,
food.faostat.agrifood-emissions-by-country,IRQ,2005,24.5174544,,,,final,,,
food.faostat.agrifood-emissions-by-country,IRQ,2006,22.183273,,,,final,,,
food.faostat.agrifood-emissions-by-country,IRQ,2007,21.3620532,,,,final,,,
food.faostat.agrifood-emissions-by-country,IRQ,2008,23.5929782,,,,final,,,
food.faostat.agrifood-emissions-by-country,IRQ,2009,26.4441313,,,,final,,,
food.faostat.agrifood-emissions-by-country,IRQ,2010,26.56962,,,,final,,,
food.faostat.agrifood-emissions-by-country,IRQ,2011,29.0901192,,,,final,,,
food.faostat.agrifood-emissions-by-country,IRQ,2012,29.889114,,,,final,,,
food.faostat.agrifood-emissions-by-country,IRQ,2013,30.0974308,,,,final,,,
food.faostat.agrifood-emissions-by-country,IRQ,2014,28.228075,,,,final,,,
food.faostat.agrifood-emissions-by-country,IRQ,2015,26.3327217,,,,final,,,
food.faostat.agrifood-emissions-by-country,IRQ,2016,26.2524581,,,,final,,,
food.faostat.agrifood-emissions-by-country,IRQ,2017,27.7527111,,,,final,,,
food.faostat.agrifood-emissions-by-country,IRQ,2018,28.3962423,,,,final,,,
food.faostat.agrifood-emissions-by-country,IRQ,2019,31.6046103,,,,final,,,
food.faostat.agrifood-emissions-by-country,IRQ,2020,30.9705388,,,,final,,,
food.faostat.agrifood-emissions-by-country,IRQ,2021,31.7271885,,,,final,,,
food.faostat.agrifood-emissions-by-country,IRQ,2022,31.9222377,,,,final,,,
food.faostat.agrifood-emissions-by-country,IRQ,2023,32.209078,,,,final,,,
food.faostat.agrifood-emissions-by-country,ISL,1990,2.5576043,,,,final,,,
food.faostat.agrifood-emissions-by-country,ISL,1991,2.5181515,,,,final,,,
food.faostat.agrifood-emissions-by-country,ISL,1992,2.6241594,,,,final,,,
food.faostat.agrifood-emissions-by-country,ISL,1993,2.6712088,,,,final,,,
food.faostat.agrifood-emissions-by-country,ISL,1994,2.6575247,,,,final,,,
food.faostat.agrifood-emissions-by-country,ISL,1995,2.626136,,,,final,,,
food.faostat.agrifood-emissions-by-country,ISL,1996,2.7922741,,,,final,,,
food.faostat.agrifood-emissions-by-country,ISL,1997,2.794084,,,,final,,,
food.faostat.agrifood-emissions-by-country,ISL,1998,2.7187626,,,,final,,,
food.faostat.agrifood-emissions-by-country,ISL,1999,2.7076385,,,,final,,,
food.faostat.agrifood-emissions-by-country,ISL,2000,2.6305207,,,,final,,,
food.faostat.agrifood-emissions-by-country,ISL,2001,2.5587266,,,,final,,,
food.faostat.agrifood-emissions-by-country,ISL,2002,2.660201,,,,final,,,
food.faostat.agrifood-emissions-by-country,ISL,2003,2.6568004,,,,final,,,
food.faostat.agrifood-emissions-by-country,ISL,2004,2.5951701,,,,final,,,
food.faostat.agrifood-emissions-by-country,ISL,2005,2.5680835,,,,final,,,
food.faostat.agrifood-emissions-by-country,ISL,2006,2.3940805,,,,final,,,
food.faostat.agrifood-emissions-by-country,ISL,2007,2.3930972,,,,final,,,
food.faostat.agrifood-emissions-by-country,ISL,2008,2.3738171,,,,final,,,
food.faostat.agrifood-emissions-by-country,ISL,2009,2.4324582,,,,final,,,
food.faostat.agrifood-emissions-by-country,ISL,2010,2.3854128,,,,final,,,
food.faostat.agrifood-emissions-by-country,ISL,2011,2.3635018,,,,final,,,
food.faostat.agrifood-emissions-by-country,ISL,2012,2.3627522,,,,final,,,
food.faostat.agrifood-emissions-by-country,ISL,2013,2.4738295,,,,final,,,
food.faostat.agrifood-emissions-by-country,ISL,2014,2.4700143,,,,final,,,
food.faostat.agrifood-emissions-by-country,ISL,2015,2.5638499,,,,final,,,
food.faostat.agrifood-emissions-by-country,ISL,2016,2.4518321,,,,final,,,
food.faostat.agrifood-emissions-by-country,ISL,2017,2.4333888,,,,final,,,
food.faostat.agrifood-emissions-by-country,ISL,2018,2.424704,,,,final,,,
food.faostat.agrifood-emissions-by-country,ISL,2019,2.4080916,,,,final,,,
food.faostat.agrifood-emissions-by-country,ISL,2020,2.3898817,,,,final,,,
food.faostat.agrifood-emissions-by-country,ISL,2021,2.4647941,,,,final,,,
food.faostat.agrifood-emissions-by-country,ISL,2022,2.4193646,,,,final,,,
food.faostat.agrifood-emissions-by-country,ISL,2023,2.4074205,,,,final,,,
food.faostat.agrifood-emissions-by-country,ISR,1990,7.4327638,,,,final,,,
food.faostat.agrifood-emissions-by-country,ISR,1991,7.655847,,,,final,,,
food.faostat.agrifood-emissions-by-country,ISR,1992,8.1585676,,,,final,,,
food.faostat.agrifood-emissions-by-country,ISR,1993,8.132563,,,,final,,,
food.faostat.agrifood-emissions-by-country,ISR,1994,8.6454313,,,,final,,,
food.faostat.agrifood-emissions-by-country,ISR,1995,9.2599629,,,,final,,,
food.faostat.agrifood-emissions-by-country,ISR,1996,9.5450394,,,,final,,,
food.faostat.agrifood-emissions-by-country,ISR,1997,9.6640837,,,,final,,,
food.faostat.agrifood-emissions-by-country,ISR,1998,9.7363908,,,,final,,,
food.faostat.agrifood-emissions-by-country,ISR,1999,10.3018251,,,,final,,,
food.faostat.agrifood-emissions-by-country,ISR,2000,11.3203513,,,,final,,,
food.faostat.agrifood-emissions-by-country,ISR,2001,11.4730859,,,,final,,,
food.faostat.agrifood-emissions-by-country,ISR,2002,12.3151285,,,,final,,,
food.faostat.agrifood-emissions-by-country,ISR,2003,12.7411566,,,,final,,,
food.faostat.agrifood-emissions-by-country,ISR,2004,13.1831835,,,,final,,,
food.faostat.agrifood-emissions-by-country,ISR,2005,12.8906612,,,,final,,,
food.faostat.agrifood-emissions-by-country,ISR,2006,13.4468332,,,,final,,,
food.faostat.agrifood-emissions-by-country,ISR,2007,12.928578,,,,final,,,
food.faostat.agrifood-emissions-by-country,ISR,2008,13.1153256,,,,final,,,
food.faostat.agrifood-emissions-by-country,ISR,2009,12.3022529,,,,final,,,
food.faostat.agrifood-emissions-by-country,ISR,2010,13.0131418,,,,final,,,
food.faostat.agrifood-emissions-by-country,ISR,2011,14.0727756,,,,final,,,
food.faostat.agrifood-emissions-by-country,ISR,2012,15.0962388,,,,final,,,
food.faostat.agrifood-emissions-by-country,ISR,2013,14.7389361,,,,final,,,
food.faostat.agrifood-emissions-by-country,ISR,2014,13.7769583,,,,final,,,
food.faostat.agrifood-emissions-by-country,ISR,2015,15.7448688,,,,final,,,
food.faostat.agrifood-emissions-by-country,ISR,2016,16.9609383,,,,final,,,
food.faostat.agrifood-emissions-by-country,ISR,2017,18.2005726,,,,final,,,
food.faostat.agrifood-emissions-by-country,ISR,2018,18.4220732,,,,final,,,
food.faostat.agrifood-emissions-by-country,ISR,2019,18.7394033,,,,final,,,
food.faostat.agrifood-emissions-by-country,ISR,2020,19.1547565,,,,final,,,
food.faostat.agrifood-emissions-by-country,ISR,2021,19.4608161,,,,final,,,
food.faostat.agrifood-emissions-by-country,ISR,2022,18.9197022,,,,final,,,
food.faostat.agrifood-emissions-by-country,ISR,2023,18.7642171,,,,final,,,
food.faostat.agrifood-emissions-by-country,ITA,1990,115.4186372,,,,final,,,
food.faostat.agrifood-emissions-by-country,ITA,1991,113.660396,,,,final,,,
food.faostat.agrifood-emissions-by-country,ITA,1992,113.3358161,,,,final,,,
food.faostat.agrifood-emissions-by-country,ITA,1993,111.49596,,,,final,,,
food.faostat.agrifood-emissions-by-country,ITA,1994,103.8333595,,,,final,,,
food.faostat.agrifood-emissions-by-country,ITA,1995,104.7674732,,,,final,,,
food.faostat.agrifood-emissions-by-country,ITA,1996,106.100751,,,,final,,,
food.faostat.agrifood-emissions-by-country,ITA,1997,107.3639238,,,,final,,,
food.faostat.agrifood-emissions-by-country,ITA,1998,111.3982638,,,,final,,,
food.faostat.agrifood-emissions-by-country,ITA,1999,114.4935285,,,,final,,,
food.faostat.agrifood-emissions-by-country,ITA,2000,116.4263699,,,,final,,,
food.faostat.agrifood-emissions-by-country,ITA,2001,114.7474272,,,,final,,,
food.faostat.agrifood-emissions-by-country,ITA,2002,120.6283097,,,,final,,,
food.faostat.agrifood-emissions-by-country,ITA,2003,124.2941,,,,final,,,
food.faostat.agrifood-emissions-by-country,ITA,2004,125.4691725,,,,final,,,
food.faostat.agrifood-emissions-by-country,ITA,2005,123.7687936,,,,final,,,
food.faostat.agrifood-emissions-by-country,ITA,2006,123.3708156,,,,final,,,
food.faostat.agrifood-emissions-by-country,ITA,2007,122.7578853,,,,final,,,
food.faostat.agrifood-emissions-by-country,ITA,2008,122.2329067,,,,final,,,
food.faostat.agrifood-emissions-by-country,ITA,2009,117.4251444,,,,final,,,
food.faostat.agrifood-emissions-by-country,ITA,2010,117.7445011,,,,final,,,
food.faostat.agrifood-emissions-by-country,ITA,2011,121.7606798,,,,final,,,
food.faostat.agrifood-emissions-by-country,ITA,2012,121.0766809,,,,final,,,
food.faostat.agrifood-emissions-by-country,ITA,2013,118.2442428,,,,final,,,
food.faostat.agrifood-emissions-by-country,ITA,2014,116.9360803,,,,final,,,
food.faostat.agrifood-emissions-by-country,ITA,2015,119.1386323,,,,final,,,
food.faostat.agrifood-emissions-by-country,ITA,2016,105.8042953,,,,final,,,
food.faostat.agrifood-emissions-by-country,ITA,2017,105.2525886,,,,final,,,
food.faostat.agrifood-emissions-by-country,ITA,2018,104.6796111,,,,final,,,
food.faostat.agrifood-emissions-by-country,ITA,2019,102.7139768,,,,final,,,
food.faostat.agrifood-emissions-by-country,ITA,2020,100.5994076,,,,final,,,
food.faostat.agrifood-emissions-by-country,ITA,2021,106.2650535,,,,final,,,
food.faostat.agrifood-emissions-by-country,ITA,2022,104.1116046,,,,final,,,
food.faostat.agrifood-emissions-by-country,ITA,2023,103.4262816,,,,final,,,
food.faostat.agrifood-emissions-by-country,JAM,1990,2.8889164,,,,final,,,
food.faostat.agrifood-emissions-by-country,JAM,1991,2.9952908,,,,final,,,
food.faostat.agrifood-emissions-by-country,JAM,1992,3.0982051,,,,final,,,
food.faostat.agrifood-emissions-by-country,JAM,1993,2.9482091,,,,final,,,
food.faostat.agrifood-emissions-by-country,JAM,1994,2.957709,,,,final,,,
food.faostat.agrifood-emissions-by-country,JAM,1995,3.1197279,,,,final,,,
food.faostat.agrifood-emissions-by-country,JAM,1996,3.0935588,,,,final,,,
food.faostat.agrifood-emissions-by-country,JAM,1997,3.0629444,,,,final,,,
food.faostat.agrifood-emissions-by-country,JAM,1998,4.4191726,,,,final,,,
food.faostat.agrifood-emissions-by-country,JAM,1999,4.5908896,,,,final,,,
food.faostat.agrifood-emissions-by-country,JAM,2000,4.7151707,,,,final,,,
food.faostat.agrifood-emissions-by-country,JAM,2001,4.7163718,,,,final,,,
food.faostat.agrifood-emissions-by-country,JAM,2002,4.53748,,,,final,,,
food.faostat.agrifood-emissions-by-country,JAM,2003,4.6224836,,,,final,,,
food.faostat.agrifood-emissions-by-country,JAM,2004,4.8939896,,,,final,,,
food.faostat.agrifood-emissions-by-country,JAM,2005,6.1144193,,,,final,,,
food.faostat.agrifood-emissions-by-country,JAM,2006,3.1887398,,,,final,,,
food.faostat.agrifood-emissions-by-country,JAM,2007,3.2874021,,,,final,,,
food.faostat.agrifood-emissions-by-country,JAM,2008,2.9647404,,,,final,,,
food.faostat.agrifood-emissions-by-country,JAM,2009,2.9322025,,,,final,,,
food.faostat.agrifood-emissions-by-country,JAM,2010,2.9506187,,,,final,,,
food.faostat.agrifood-emissions-by-country,JAM,2011,2.9140304,,,,final,,,
food.faostat.agrifood-emissions-by-country,JAM,2012,2.8969478,,,,final,,,
food.faostat.agrifood-emissions-by-country,JAM,2013,2.8694673,,,,final,,,
food.faostat.agrifood-emissions-by-country,JAM,2014,2.8790916,,,,final,,,
food.faostat.agrifood-emissions-by-country,JAM,2015,2.8472222,,,,final,,,
food.faostat.agrifood-emissions-by-country,JAM,2016,2.8851004,,,,final,,,
food.faostat.agrifood-emissions-by-country,JAM,2017,2.9593119,,,,final,,,
food.faostat.agrifood-emissions-by-country,JAM,2018,3.0905599,,,,final,,,
food.faostat.agrifood-emissions-by-country,JAM,2019,3.2002427,,,,final,,,
food.faostat.agrifood-emissions-by-country,JAM,2020,3.1317718,,,,final,,,
food.faostat.agrifood-emissions-by-country,JAM,2021,3.1157516,,,,final,,,
food.faostat.agrifood-emissions-by-country,JAM,2022,3.1580541,,,,final,,,
food.faostat.agrifood-emissions-by-country,JAM,2023,3.2110976,,,,final,,,
food.faostat.agrifood-emissions-by-country,JOR,1990,2.6271342,,,,final,,,
food.faostat.agrifood-emissions-by-country,JOR,1991,3.5807749,,,,final,,,
food.faostat.agrifood-emissions-by-country,JOR,1992,3.5569191,,,,final,,,
food.faostat.agrifood-emissions-by-country,JOR,1993,3.5091728,,,,final,,,
food.faostat.agrifood-emissions-by-country,JOR,1994,3.5633918,,,,final,,,
food.faostat.agrifood-emissions-by-country,JOR,1995,3.7387896,,,,final,,,
food.faostat.agrifood-emissions-by-country,JOR,1996,3.7196126,,,,final,,,
food.faostat.agrifood-emissions-by-country,JOR,1997,4.4650227,,,,final,,,
food.faostat.agrifood-emissions-by-country,JOR,1998,4.4649166,,,,final,,,
food.faostat.agrifood-emissions-by-country,JOR,1999,4.5707544,,,,final,,,
food.faostat.agrifood-emissions-by-country,JOR,2000,4.6271236,,,,final,,,
food.faostat.agrifood-emissions-by-country,JOR,2001,4.7367877,,,,final,,,
food.faostat.agrifood-emissions-by-country,JOR,2002,5.3032261,,,,final,,,
food.faostat.agrifood-emissions-by-country,JOR,2003,5.2861145,,,,final,,,
food.faostat.agrifood-emissions-by-country,JOR,2004,5.5922782,,,,final,,,
food.faostat.agrifood-emissions-by-country,JOR,2005,5.9771107,,,,final,,,
food.faostat.agrifood-emissions-by-country,JOR,2006,5.7966917,,,,final,,,
food.faostat.agrifood-emissions-by-country,JOR,2007,6.5177367,,,,final,,,
food.faostat.agrifood-emissions-by-country,JOR,2008,6.2125873,,,,final,,,
food.faostat.agrifood-emissions-by-country,JOR,2009,6.4884648,,,,final,,,
food.faostat.agrifood-emissions-by-country,JOR,2010,6.7417865,,,,final,,,
food.faostat.agrifood-emissions-by-country,JOR,2011,7.2702272,,,,final,,,
food.faostat.agrifood-emissions-by-country,JOR,2012,7.3261889,,,,final,,,
food.faostat.agrifood-emissions-by-country,JOR,2013,7.5219371,,,,final,,,
food.faostat.agrifood-emissions-by-country,JOR,2014,8.0360794,,,,final,,,
food.faostat.agrifood-emissions-by-country,JOR,2015,8.1915647,,,,final,,,
food.faostat.agrifood-emissions-by-country,JOR,2016,8.4629064,,,,final,,,
food.faostat.agrifood-emissions-by-country,JOR,2017,8.8743239,,,,final,,,
food.faostat.agrifood-emissions-by-country,JOR,2018,8.8344872,,,,final,,,
food.faostat.agrifood-emissions-by-country,JOR,2019,8.8472558,,,,final,,,
food.faostat.agrifood-emissions-by-country,JOR,2020,8.8857419,,,,final,,,
food.faostat.agrifood-emissions-by-country,JOR,2021,9.0033681,,,,final,,,
food.faostat.agrifood-emissions-by-country,JOR,2022,9.2759346,,,,final,,,
food.faostat.agrifood-emissions-by-country,JOR,2023,9.2992808,,,,final,,,
food.faostat.agrifood-emissions-by-country,JPN,1990,152.3878911,,,,final,,,
food.faostat.agrifood-emissions-by-country,JPN,1991,155.2198705,,,,final,,,
food.faostat.agrifood-emissions-by-country,JPN,1992,158.3147875,,,,final,,,
food.faostat.agrifood-emissions-by-country,JPN,1993,158.0297268,,,,final,,,
food.faostat.agrifood-emissions-by-country,JPN,1994,163.2188385,,,,final,,,
food.faostat.agrifood-emissions-by-country,JPN,1995,165.3172874,,,,final,,,
food.faostat.agrifood-emissions-by-country,JPN,1996,165.9754941,,,,final,,,
food.faostat.agrifood-emissions-by-country,JPN,1997,166.2410301,,,,final,,,
food.faostat.agrifood-emissions-by-country,JPN,1998,164.236668,,,,final,,,
food.faostat.agrifood-emissions-by-country,JPN,1999,165.4054955,,,,final,,,
food.faostat.agrifood-emissions-by-country,JPN,2000,168.0736909,,,,final,,,
food.faostat.agrifood-emissions-by-country,JPN,2001,167.779883,,,,final,,,
food.faostat.agrifood-emissions-by-country,JPN,2002,170.9125264,,,,final,,,
food.faostat.agrifood-emissions-by-country,JPN,2003,172.8749613,,,,final,,,
food.faostat.agrifood-emissions-by-country,JPN,2004,175.7176658,,,,final,,,
food.faostat.agrifood-emissions-by-country,JPN,2005,174.8136796,,,,final,,,
food.faostat.agrifood-emissions-by-country,JPN,2006,171.3748627,,,,final,,,
food.faostat.agrifood-emissions-by-country,JPN,2007,174.4293919,,,,final,,,
food.faostat.agrifood-emissions-by-country,JPN,2008,166.2841744,,,,final,,,
food.faostat.agrifood-emissions-by-country,JPN,2009,164.0404428,,,,final,,,
food.faostat.agrifood-emissions-by-country,JPN,2010,165.5124936,,,,final,,,
food.faostat.agrifood-emissions-by-country,JPN,2011,173.6265437,,,,final,,,
food.faostat.agrifood-emissions-by-country,JPN,2012,179.2494049,,,,final,,,
food.faostat.agrifood-emissions-by-country,JPN,2013,178.2313491,,,,final,,,
food.faostat.agrifood-emissions-by-country,JPN,2014,173.5442267,,,,final,,,
food.faostat.agrifood-emissions-by-country,JPN,2015,171.1711509,,,,final,,,
food.faostat.agrifood-emissions-by-country,JPN,2016,173.5207516,,,,final,,,
food.faostat.agrifood-emissions-by-country,JPN,2017,171.7174851,,,,final,,,
food.faostat.agrifood-emissions-by-country,JPN,2018,167.1162747,,,,final,,,
food.faostat.agrifood-emissions-by-country,JPN,2019,165.028972,,,,final,,,
food.faostat.agrifood-emissions-by-country,JPN,2020,162.2674125,,,,final,,,
food.faostat.agrifood-emissions-by-country,JPN,2021,161.259563,,,,final,,,
food.faostat.agrifood-emissions-by-country,JPN,2022,159.4913646,,,,final,,,
food.faostat.agrifood-emissions-by-country,JPN,2023,159.0437018,,,,final,,,
food.faostat.agrifood-emissions-by-country,KAZ,1992,55.7953342,,,,final,,,
food.faostat.agrifood-emissions-by-country,KAZ,1993,54.6300229,,,,final,,,
food.faostat.agrifood-emissions-by-country,KAZ,1994,58.7933291,,,,final,,,
food.faostat.agrifood-emissions-by-country,KAZ,1995,45.8146158,,,,final,,,
food.faostat.agrifood-emissions-by-country,KAZ,1996,39.7446075,,,,final,,,
food.faostat.agrifood-emissions-by-country,KAZ,1997,32.897739,,,,final,,,
food.faostat.agrifood-emissions-by-country,KAZ,1998,29.1595049,,,,final,,,
food.faostat.agrifood-emissions-by-country,KAZ,1999,26.979187,,,,final,,,
food.faostat.agrifood-emissions-by-country,KAZ,2000,28.9495059,,,,final,,,
food.faostat.agrifood-emissions-by-country,KAZ,2001,30.478353,,,,final,,,
food.faostat.agrifood-emissions-by-country,KAZ,2002,41.6213785,,,,final,,,
food.faostat.agrifood-emissions-by-country,KAZ,2003,32.4726838,,,,final,,,
food.faostat.agrifood-emissions-by-country,KAZ,2004,35.0816097,,,,final,,,
food.faostat.agrifood-emissions-by-country,KAZ,2005,37.1127621,,,,final,,,
food.faostat.agrifood-emissions-by-country,KAZ,2006,42.2389249,,,,final,,,
food.faostat.agrifood-emissions-by-country,KAZ,2007,34.6300514,,,,final,,,
food.faostat.agrifood-emissions-by-country,KAZ,2008,45.2665243,,,,final,,,
food.faostat.agrifood-emissions-by-country,KAZ,2009,44.4462943,,,,final,,,
food.faostat.agrifood-emissions-by-country,KAZ,2010,47.9772908,,,,final,,,
food.faostat.agrifood-emissions-by-country,KAZ,2011,42.8736748,,,,final,,,
food.faostat.agrifood-emissions-by-country,KAZ,2012,42.5049647,,,,final,,,
food.faostat.agrifood-emissions-by-country,KAZ,2013,40.1725543,,,,final,,,
food.faostat.agrifood-emissions-by-country,KAZ,2014,45.428696,,,,final,,,
food.faostat.agrifood-emissions-by-country,KAZ,2015,45.6430893,,,,final,,,
food.faostat.agrifood-emissions-by-country,KAZ,2016,44.8115169,,,,final,,,
food.faostat.agrifood-emissions-by-country,KAZ,2017,54.4707027,,,,final,,,
food.faostat.agrifood-emissions-by-country,KAZ,2018,53.5333884,,,,final,,,
food.faostat.agrifood-emissions-by-country,KAZ,2019,51.5262564,,,,final,,,
food.faostat.agrifood-emissions-by-country,KAZ,2020,50.5089301,,,,final,,,
food.faostat.agrifood-emissions-by-country,KAZ,2021,55.546954,,,,final,,,
food.faostat.agrifood-emissions-by-country,KAZ,2022,55.6908754,,,,final,,,
food.faostat.agrifood-emissions-by-country,KAZ,2023,52.1306179,,,,final,,,
food.faostat.agrifood-emissions-by-country,KEN,1990,32.8571713,,,,final,,,
food.faostat.agrifood-emissions-by-country,KEN,1991,31.6498739,,,,final,,,
food.faostat.agrifood-emissions-by-country,KEN,1992,31.5817584,,,,final,,,
food.faostat.agrifood-emissions-by-country,KEN,1993,31.4054464,,,,final,,,
food.faostat.agrifood-emissions-by-country,KEN,1994,31.6880551,,,,final,,,
food.faostat.agrifood-emissions-by-country,KEN,1995,31.5144499,,,,final,,,
food.faostat.agrifood-emissions-by-country,KEN,1996,30.1931849,,,,final,,,
food.faostat.agrifood-emissions-by-country,KEN,1997,30.0310738,,,,final,,,
food.faostat.agrifood-emissions-by-country,KEN,1998,30.6763614,,,,final,,,
food.faostat.agrifood-emissions-by-country,KEN,1999,32.2844729,,,,final,,,
food.faostat.agrifood-emissions-by-country,KEN,2000,30.1295593,,,,final,,,
food.faostat.agrifood-emissions-by-country,KEN,2001,30.2037007,,,,final,,,
food.faostat.agrifood-emissions-by-country,KEN,2002,31.3122125,,,,final,,,
food.faostat.agrifood-emissions-by-country,KEN,2003,33.2160507,,,,final,,,
food.faostat.agrifood-emissions-by-country,KEN,2004,35.0107852,,,,final,,,
food.faostat.agrifood-emissions-by-country,KEN,2005,34.2240859,,,,final,,,
food.faostat.agrifood-emissions-by-country,KEN,2006,33.5929871,,,,final,,,
food.faostat.agrifood-emissions-by-country,KEN,2007,50.731748,,,,final,,,
food.faostat.agrifood-emissions-by-country,KEN,2008,51.2142306,,,,final,,,
food.faostat.agrifood-emissions-by-country,KEN,2009,49.5436764,,,,final,,,
food.faostat.agrifood-emissions-by-country,KEN,2010,49.665919,,,,final,,,
food.faostat.agrifood-emissions-by-country,KEN,2011,73.8013538,,,,final,,,
food.faostat.agrifood-emissions-by-country,KEN,2012,73.5823957,,,,final,,,
food.faostat.agrifood-emissions-by-country,KEN,2013,73.0087365,,,,final,,,
food.faostat.agrifood-emissions-by-country,KEN,2014,73.8746689,,,,final,,,
food.faostat.agrifood-emissions-by-country,KEN,2015,74.2767391,,,,final,,,
food.faostat.agrifood-emissions-by-country,KEN,2016,55.7780118,,,,final,,,
food.faostat.agrifood-emissions-by-country,KEN,2017,52.4843312,,,,final,,,
food.faostat.agrifood-emissions-by-country,KEN,2018,53.9962066,,,,final,,,
food.faostat.agrifood-emissions-by-country,KEN,2019,61.7918107,,,,final,,,
food.faostat.agrifood-emissions-by-country,KEN,2020,69.8886816,,,,final,,,
food.faostat.agrifood-emissions-by-country,KEN,2021,63.3705214,,,,final,,,
food.faostat.agrifood-emissions-by-country,KEN,2022,57.4862034,,,,final,,,
food.faostat.agrifood-emissions-by-country,KEN,2023,62.1612161,,,,final,,,
food.faostat.agrifood-emissions-by-country,KGZ,1992,6.3731476,,,,final,,,
food.faostat.agrifood-emissions-by-country,KGZ,1993,5.8232473,,,,final,,,
food.faostat.agrifood-emissions-by-country,KGZ,1994,5.3517796,,,,final,,,
food.faostat.agrifood-emissions-by-country,KGZ,1995,4.6808057,,,,final,,,
food.faostat.agrifood-emissions-by-country,KGZ,1996,4.4792368,,,,final,,,
food.faostat.agrifood-emissions-by-country,KGZ,1997,4.3586001,,,,final,,,
food.faostat.agrifood-emissions-by-country,KGZ,1998,4.4945319,,,,final,,,
food.faostat.agrifood-emissions-by-country,KGZ,1999,4.5707998,,,,final,,,
food.faostat.agrifood-emissions-by-country,KGZ,2000,4.6874638,,,,final,,,
food.faostat.agrifood-emissions-by-country,KGZ,2001,4.6916027,,,,final,,,
food.faostat.agrifood-emissions-by-country,KGZ,2002,4.6472997,,,,final,,,
food.faostat.agrifood-emissions-by-country,KGZ,2003,4.8464938,,,,final,,,
food.faostat.agrifood-emissions-by-country,KGZ,2004,4.8332704,,,,final,,,
food.faostat.agrifood-emissions-by-country,KGZ,2005,4.9192029,,,,final,,,
food.faostat.agrifood-emissions-by-country,KGZ,2006,5.0480978,,,,final,,,
food.faostat.agrifood-emissions-by-country,KGZ,2007,5.4586025,,,,final,,,
food.faostat.agrifood-emissions-by-country,KGZ,2008,5.6140457,,,,final,,,
food.faostat.agrifood-emissions-by-country,KGZ,2009,5.9931266,,,,final,,,
food.faostat.agrifood-emissions-by-country,KGZ,2010,5.9988799,,,,final,,,
food.faostat.agrifood-emissions-by-country,KGZ,2011,6.3196647,,,,final,,,
food.faostat.agrifood-emissions-by-country,KGZ,2012,6.4995829,,,,final,,,
food.faostat.agrifood-emissions-by-country,KGZ,2013,7.0551418,,,,final,,,
food.faostat.agrifood-emissions-by-country,KGZ,2014,7.1477604,,,,final,,,
food.faostat.agrifood-emissions-by-country,KGZ,2015,7.0861818,,,,final,,,
food.faostat.agrifood-emissions-by-country,KGZ,2016,9.8162184,,,,final,,,
food.faostat.agrifood-emissions-by-country,KGZ,2017,9.5556168,,,,final,,,
food.faostat.agrifood-emissions-by-country,KGZ,2018,9.6981918,,,,final,,,
food.faostat.agrifood-emissions-by-country,KGZ,2019,9.6628828,,,,final,,,
food.faostat.agrifood-emissions-by-country,KGZ,2020,9.8743106,,,,final,,,
food.faostat.agrifood-emissions-by-country,KGZ,2021,7.8039339,,,,final,,,
food.faostat.agrifood-emissions-by-country,KGZ,2022,7.7710975,,,,final,,,
food.faostat.agrifood-emissions-by-country,KGZ,2023,7.8225001,,,,final,,,
food.faostat.agrifood-emissions-by-country,KHM,1990,25.9523617,,,,final,,,
food.faostat.agrifood-emissions-by-country,KHM,1991,25.5898344,,,,final,,,
food.faostat.agrifood-emissions-by-country,KHM,1992,26.1359678,,,,final,,,
food.faostat.agrifood-emissions-by-country,KHM,1993,26.7451145,,,,final,,,
food.faostat.agrifood-emissions-by-country,KHM,1994,25.3696219,,,,final,,,
food.faostat.agrifood-emissions-by-country,KHM,1995,27.6215516,,,,final,,,
food.faostat.agrifood-emissions-by-country,KHM,1996,25.5062035,,,,final,,,
food.faostat.agrifood-emissions-by-country,KHM,1997,26.5678413,,,,final,,,
food.faostat.agrifood-emissions-by-country,KHM,1998,27.5036432,,,,final,,,
food.faostat.agrifood-emissions-by-country,KHM,1999,27.7342716,,,,final,,,
food.faostat.agrifood-emissions-by-country,KHM,2000,26.1422567,,,,final,,,
food.faostat.agrifood-emissions-by-country,KHM,2001,26.4439302,,,,final,,,
food.faostat.agrifood-emissions-by-country,KHM,2002,28.2393628,,,,final,,,
food.faostat.agrifood-emissions-by-country,KHM,2003,30.2453698,,,,final,,,
food.faostat.agrifood-emissions-by-country,KHM,2004,30.5933406,,,,final,,,
food.faostat.agrifood-emissions-by-country,KHM,2005,29.7725791,,,,final,,,
food.faostat.agrifood-emissions-by-country,KHM,2006,33.0823588,,,,final,,,
food.faostat.agrifood-emissions-by-country,KHM,2007,33.3604664,,,,final,,,
food.faostat.agrifood-emissions-by-country,KHM,2008,33.2371277,,,,final,,,
food.faostat.agrifood-emissions-by-country,KHM,2009,34.1782869,,,,final,,,
food.faostat.agrifood-emissions-by-country,KHM,2010,33.6674607,,,,final,,,
food.faostat.agrifood-emissions-by-country,KHM,2011,127.3281445,,,,final,,,
food.faostat.agrifood-emissions-by-country,KHM,2012,125.2596408,,,,final,,,
food.faostat.agrifood-emissions-by-country,KHM,2013,124.9029488,,,,final,,,
food.faostat.agrifood-emissions-by-country,KHM,2014,125.4296164,,,,final,,,
food.faostat.agrifood-emissions-by-country,KHM,2015,126.2699428,,,,final,,,
food.faostat.agrifood-emissions-by-country,KHM,2016,73.6260485,,,,final,,,
food.faostat.agrifood-emissions-by-country,KHM,2017,75.3015034,,,,final,,,
food.faostat.agrifood-emissions-by-country,KHM,2018,75.3215495,,,,final,,,
food.faostat.agrifood-emissions-by-country,KHM,2019,75.3154636,,,,final,,,
food.faostat.agrifood-emissions-by-country,KHM,2020,76.4683891,,,,final,,,
food.faostat.agrifood-emissions-by-country,KHM,2021,105.1292832,,,,final,,,
food.faostat.agrifood-emissions-by-country,KHM,2022,102.6426637,,,,final,,,
food.faostat.agrifood-emissions-by-country,KHM,2023,104.2123799,,,,final,,,
food.faostat.agrifood-emissions-by-country,KIR,1990,0.0111884,,,,final,,,
food.faostat.agrifood-emissions-by-country,KIR,1991,0.0112632,,,,final,,,
food.faostat.agrifood-emissions-by-country,KIR,1992,0.0114193,,,,final,,,
food.faostat.agrifood-emissions-by-country,KIR,1993,0.0119503,,,,final,,,
food.faostat.agrifood-emissions-by-country,KIR,1994,0.011917,,,,final,,,
food.faostat.agrifood-emissions-by-country,KIR,1995,0.0124769,,,,final,,,
food.faostat.agrifood-emissions-by-country,KIR,1996,0.0131649,,,,final,,,
food.faostat.agrifood-emissions-by-country,KIR,1997,0.0127932,,,,final,,,
food.faostat.agrifood-emissions-by-country,KIR,1998,0.0130738,,,,final,,,
food.faostat.agrifood-emissions-by-country,KIR,1999,0.013057,,,,final,,,
food.faostat.agrifood-emissions-by-country,KIR,2000,0.0157179,,,,final,,,
food.faostat.agrifood-emissions-by-country,KIR,2001,0.0157281,,,,final,,,
food.faostat.agrifood-emissions-by-country,KIR,2002,0.0173131,,,,final,,,
food.faostat.agrifood-emissions-by-country,KIR,2003,0.0179336,,,,final,,,
food.faostat.agrifood-emissions-by-country,KIR,2004,0.018807,,,,final,,,
food.faostat.agrifood-emissions-by-country,KIR,2005,0.0191298,,,,final,,,
food.faostat.agrifood-emissions-by-country,KIR,2006,0.0199881,,,,final,,,
food.faostat.agrifood-emissions-by-country,KIR,2007,0.0207817,,,,final,,,
food.faostat.agrifood-emissions-by-country,KIR,2008,0.0213356,,,,final,,,
food.faostat.agrifood-emissions-by-country,KIR,2009,0.022532,,,,final,,,
food.faostat.agrifood-emissions-by-country,KIR,2010,0.0226076,,,,final,,,
food.faostat.agrifood-emissions-by-country,KIR,2011,0.0226535,,,,final,,,
food.faostat.agrifood-emissions-by-country,KIR,2012,0.0237114,,,,final,,,
food.faostat.agrifood-emissions-by-country,KIR,2013,0.0263255,,,,final,,,
food.faostat.agrifood-emissions-by-country,KIR,2014,0.0245965,,,,final,,,
food.faostat.agrifood-emissions-by-country,KIR,2015,0.0257682,,,,final,,,
food.faostat.agrifood-emissions-by-country,KIR,2016,0.0257211,,,,final,,,
food.faostat.agrifood-emissions-by-country,KIR,2017,0.0289147,,,,final,,,
food.faostat.agrifood-emissions-by-country,KIR,2018,0.0293627,,,,final,,,
food.faostat.agrifood-emissions-by-country,KIR,2019,0.0298805,,,,final,,,
food.faostat.agrifood-emissions-by-country,KIR,2020,0.0299519,,,,final,,,
food.faostat.agrifood-emissions-by-country,KIR,2021,0.0299874,,,,final,,,
food.faostat.agrifood-emissions-by-country,KIR,2022,0.0304945,,,,final,,,
food.faostat.agrifood-emissions-by-country,KIR,2023,0.0307188,,,,final,,,
food.faostat.agrifood-emissions-by-country,KNA,1990,0.0705324,,,,final,,,
food.faostat.agrifood-emissions-by-country,KNA,1991,0.0743122,,,,final,,,
food.faostat.agrifood-emissions-by-country,KNA,1992,0.0728441,,,,final,,,
food.faostat.agrifood-emissions-by-country,KNA,1993,0.0759505,,,,final,,,
food.faostat.agrifood-emissions-by-country,KNA,1994,0.0779268,,,,final,,,
food.faostat.agrifood-emissions-by-country,KNA,1995,0.0821,,,,final,,,
food.faostat.agrifood-emissions-by-country,KNA,1996,0.0755987,,,,final,,,
food.faostat.agrifood-emissions-by-country,KNA,1997,0.0792826,,,,final,,,
food.faostat.agrifood-emissions-by-country,KNA,1998,0.0801794,,,,final,,,
food.faostat.agrifood-emissions-by-country,KNA,1999,0.0792696,,,,final,,,
food.faostat.agrifood-emissions-by-country,KNA,2000,0.0850721,,,,final,,,
food.faostat.agrifood-emissions-by-country,KNA,2001,0.0870478,,,,final,,,
food.faostat.agrifood-emissions-by-country,KNA,2002,0.0934056,,,,final,,,
food.faostat.agrifood-emissions-by-country,KNA,2003,0.0904569,,,,final,,,
food.faostat.agrifood-emissions-by-country,KNA,2004,0.0929274,,,,final,,,
food.faostat.agrifood-emissions-by-country,KNA,2005,0.0851484,,,,final,,,
food.faostat.agrifood-emissions-by-country,KNA,2006,0.082872,,,,final,,,
food.faostat.agrifood-emissions-by-country,KNA,2007,0.0886965,,,,final,,,
food.faostat.agrifood-emissions-by-country,KNA,2008,0.0896978,,,,final,,,
food.faostat.agrifood-emissions-by-country,KNA,2009,0.0905597,,,,final,,,
food.faostat.agrifood-emissions-by-country,KNA,2010,0.0950342,,,,final,,,
food.faostat.agrifood-emissions-by-country,KNA,2011,0.0952467,,,,final,,,
food.faostat.agrifood-emissions-by-country,KNA,2012,0.0844121,,,,final,,,
food.faostat.agrifood-emissions-by-country,KNA,2013,0.0841324,,,,final,,,
food.faostat.agrifood-emissions-by-country,KNA,2014,0.0845194,,,,final,,,
food.faostat.agrifood-emissions-by-country,KNA,2015,0.0868264,,,,final,,,
food.faostat.agrifood-emissions-by-country,KNA,2016,0.0887774,,,,final,,,
food.faostat.agrifood-emissions-by-country,KNA,2017,0.0853837,,,,final,,,
food.faostat.agrifood-emissions-by-country,KNA,2018,0.0879611,,,,final,,,
food.faostat.agrifood-emissions-by-country,KNA,2019,0.0903348,,,,final,,,
food.faostat.agrifood-emissions-by-country,KNA,2020,0.088482,,,,final,,,
food.faostat.agrifood-emissions-by-country,KNA,2021,0.0889314,,,,final,,,
food.faostat.agrifood-emissions-by-country,KNA,2022,0.0915812,,,,final,,,
food.faostat.agrifood-emissions-by-country,KNA,2023,0.0926528,,,,final,,,
food.faostat.agrifood-emissions-by-country,KOR,1990,54.5917816,,,,final,,,
food.faostat.agrifood-emissions-by-country,KOR,1991,57.8117992,,,,final,,,
food.faostat.agrifood-emissions-by-country,KOR,1992,62.4833113,,,,final,,,
food.faostat.agrifood-emissions-by-country,KOR,1993,65.5198027,,,,final,,,
food.faostat.agrifood-emissions-by-country,KOR,1994,70.3786005,,,,final,,,
food.faostat.agrifood-emissions-by-country,KOR,1995,74.515693,,,,final,,,
food.faostat.agrifood-emissions-by-country,KOR,1996,78.8888112,,,,final,,,
food.faostat.agrifood-emissions-by-country,KOR,1997,82.9917694,,,,final,,,
food.faostat.agrifood-emissions-by-country,KOR,1998,72.4901915,,,,final,,,
food.faostat.agrifood-emissions-by-country,KOR,1999,76.5457035,,,,final,,,
food.faostat.agrifood-emissions-by-country,KOR,2000,80.4584479,,,,final,,,
food.faostat.agrifood-emissions-by-country,KOR,2001,84.1366458,,,,final,,,
food.faostat.agrifood-emissions-by-country,KOR,2002,84.9363223,,,,final,,,
food.faostat.agrifood-emissions-by-country,KOR,2003,84.6417634,,,,final,,,
food.faostat.agrifood-emissions-by-country,KOR,2004,83.38697,,,,final,,,
food.faostat.agrifood-emissions-by-country,KOR,2005,83.6603253,,,,final,,,
food.faostat.agrifood-emissions-by-country,KOR,2006,82.9815032,,,,final,,,
food.faostat.agrifood-emissions-by-country,KOR,2007,85.0672035,,,,final,,,
food.faostat.agrifood-emissions-by-country,KOR,2008,87.6237934,,,,final,,,
food.faostat.agrifood-emissions-by-country,KOR,2009,89.513983,,,,final,,,
food.faostat.agrifood-emissions-by-country,KOR,2010,94.5194732,,,,final,,,
food.faostat.agrifood-emissions-by-country,KOR,2011,95.8715515,,,,final,,,
food.faostat.agrifood-emissions-by-country,KOR,2012,98.1505858,,,,final,,,
food.faostat.agrifood-emissions-by-country,KOR,2013,95.4907339,,,,final,,,
food.faostat.agrifood-emissions-by-country,KOR,2014,92.3932939,,,,final,,,
food.faostat.agrifood-emissions-by-country,KOR,2015,94.3474631,,,,final,,,
food.faostat.agrifood-emissions-by-country,KOR,2016,93.2738407,,,,final,,,
food.faostat.agrifood-emissions-by-country,KOR,2017,94.965844,,,,final,,,
food.faostat.agrifood-emissions-by-country,KOR,2018,94.7512779,,,,final,,,
food.faostat.agrifood-emissions-by-country,KOR,2019,96.0444694,,,,final,,,
food.faostat.agrifood-emissions-by-country,KOR,2020,96.3372631,,,,final,,,
food.faostat.agrifood-emissions-by-country,KOR,2021,98.0776773,,,,final,,,
food.faostat.agrifood-emissions-by-country,KOR,2022,98.177931,,,,final,,,
food.faostat.agrifood-emissions-by-country,KOR,2023,97.72333,,,,final,,,
food.faostat.agrifood-emissions-by-country,KWT,1990,3.4487613,,,,final,,,
food.faostat.agrifood-emissions-by-country,KWT,1991,2.2026093,,,,final,,,
food.faostat.agrifood-emissions-by-country,KWT,1992,2.4971997,,,,final,,,
food.faostat.agrifood-emissions-by-country,KWT,1993,2.6922522,,,,final,,,
food.faostat.agrifood-emissions-by-country,KWT,1994,3.1213061,,,,final,,,
food.faostat.agrifood-emissions-by-country,KWT,1995,3.3404081,,,,final,,,
food.faostat.agrifood-emissions-by-country,KWT,1996,3.5603933,,,,final,,,
food.faostat.agrifood-emissions-by-country,KWT,1997,3.7921516,,,,final,,,
food.faostat.agrifood-emissions-by-country,KWT,1998,4.3731211,,,,final,,,
food.faostat.agrifood-emissions-by-country,KWT,1999,4.9047424,,,,final,,,
food.faostat.agrifood-emissions-by-country,KWT,2000,5.5030123,,,,final,,,
food.faostat.agrifood-emissions-by-country,KWT,2001,5.8377333,,,,final,,,
food.faostat.agrifood-emissions-by-country,KWT,2002,6.2010808,,,,final,,,
food.faostat.agrifood-emissions-by-country,KWT,2003,6.5813907,,,,final,,,
food.faostat.agrifood-emissions-by-country,KWT,2004,6.766948,,,,final,,,
food.faostat.agrifood-emissions-by-country,KWT,2005,7.3239701,,,,final,,,
food.faostat.agrifood-emissions-by-country,KWT,2006,7.9660067,,,,final,,,
food.faostat.agrifood-emissions-by-country,KWT,2007,8.1430606,,,,final,,,
food.faostat.agrifood-emissions-by-country,KWT,2008,8.6241876,,,,final,,,
food.faostat.agrifood-emissions-by-country,KWT,2009,8.9554213,,,,final,,,
food.faostat.agrifood-emissions-by-country,KWT,2010,9.4037431,,,,final,,,
food.faostat.agrifood-emissions-by-country,KWT,2011,9.2860396,,,,final,,,
food.faostat.agrifood-emissions-by-country,KWT,2012,9.7155672,,,,final,,,
food.faostat.agrifood-emissions-by-country,KWT,2013,9.9296243,,,,final,,,
food.faostat.agrifood-emissions-by-country,KWT,2014,10.1110263,,,,final,,,
food.faostat.agrifood-emissions-by-country,KWT,2015,10.4173725,,,,final,,,
food.faostat.agrifood-emissions-by-country,KWT,2016,10.6487433,,,,final,,,
food.faostat.agrifood-emissions-by-country,KWT,2017,11.1343385,,,,final,,,
food.faostat.agrifood-emissions-by-country,KWT,2018,11.279739,,,,final,,,
food.faostat.agrifood-emissions-by-country,KWT,2019,11.4354961,,,,final,,,
food.faostat.agrifood-emissions-by-country,KWT,2020,11.179903,,,,final,,,
food.faostat.agrifood-emissions-by-country,KWT,2021,11.9309034,,,,final,,,
food.faostat.agrifood-emissions-by-country,KWT,2022,12.3148438,,,,final,,,
food.faostat.agrifood-emissions-by-country,KWT,2023,12.3331076,,,,final,,,
food.faostat.agrifood-emissions-by-country,LAO,1990,16.8832818,,,,final,,,
food.faostat.agrifood-emissions-by-country,LAO,1991,16.8005679,,,,final,,,
food.faostat.agrifood-emissions-by-country,LAO,1992,17.1195711,,,,final,,,
food.faostat.agrifood-emissions-by-country,LAO,1993,17.0310316,,,,final,,,
food.faostat.agrifood-emissions-by-country,LAO,1994,17.4287434,,,,final,,,
food.faostat.agrifood-emissions-by-country,LAO,1995,17.4906684,,,,final,,,
food.faostat.agrifood-emissions-by-country,LAO,1996,17.4152542,,,,final,,,
food.faostat.agrifood-emissions-by-country,LAO,1997,17.3279304,,,,final,,,
food.faostat.agrifood-emissions-by-country,LAO,1998,17.8512335,,,,final,,,
food.faostat.agrifood-emissions-by-country,LAO,1999,17.3313718,,,,final,,,
food.faostat.agrifood-emissions-by-country,LAO,2000,17.2588587,,,,final,,,
food.faostat.agrifood-emissions-by-country,LAO,2001,19.5583336,,,,final,,,
food.faostat.agrifood-emissions-by-country,LAO,2002,20.4709545,,,,final,,,
food.faostat.agrifood-emissions-by-country,LAO,2003,20.7671314,,,,final,,,
food.faostat.agrifood-emissions-by-country,LAO,2004,23.8047753,,,,final,,,
food.faostat.agrifood-emissions-by-country,LAO,2005,22.1858556,,,,final,,,
food.faostat.agrifood-emissions-by-country,LAO,2006,21.537634,,,,final,,,
food.faostat.agrifood-emissions-by-country,LAO,2007,24.3757043,,,,final,,,
food.faostat.agrifood-emissions-by-country,LAO,2008,22.0724956,,,,final,,,
food.faostat.agrifood-emissions-by-country,LAO,2009,22.6677608,,,,final,,,
food.faostat.agrifood-emissions-by-country,LAO,2010,24.9987395,,,,final,,,
food.faostat.agrifood-emissions-by-country,LAO,2011,29.6822211,,,,final,,,
food.faostat.agrifood-emissions-by-country,LAO,2012,30.794365,,,,final,,,
food.faostat.agrifood-emissions-by-country,LAO,2013,31.4553161,,,,final,,,
food.faostat.agrifood-emissions-by-country,LAO,2014,31.3062624,,,,final,,,
food.faostat.agrifood-emissions-by-country,LAO,2015,31.8270487,,,,final,,,
food.faostat.agrifood-emissions-by-country,LAO,2016,29.812166,,,,final,,,
food.faostat.agrifood-emissions-by-country,LAO,2017,28.688603,,,,final,,,
food.faostat.agrifood-emissions-by-country,LAO,2018,28.6384205,,,,final,,,
food.faostat.agrifood-emissions-by-country,LAO,2019,29.6277,,,,final,,,
food.faostat.agrifood-emissions-by-country,LAO,2020,32.0005667,,,,final,,,
food.faostat.agrifood-emissions-by-country,LAO,2021,32.8350409,,,,final,,,
food.faostat.agrifood-emissions-by-country,LAO,2022,32.6533053,,,,final,,,
food.faostat.agrifood-emissions-by-country,LAO,2023,36.6724556,,,,final,,,
food.faostat.agrifood-emissions-by-country,LBN,1990,2.2699844,,,,final,,,
food.faostat.agrifood-emissions-by-country,LBN,1991,2.4103852,,,,final,,,
food.faostat.agrifood-emissions-by-country,LBN,1992,2.6341841,,,,final,,,
food.faostat.agrifood-emissions-by-country,LBN,1993,2.6019637,,,,final,,,
food.faostat.agrifood-emissions-by-country,LBN,1994,2.6592521,,,,final,,,
food.faostat.agrifood-emissions-by-country,LBN,1995,2.8395468,,,,final,,,
food.faostat.agrifood-emissions-by-country,LBN,1996,2.9126287,,,,final,,,
food.faostat.agrifood-emissions-by-country,LBN,1997,2.9110591,,,,final,,,
food.faostat.agrifood-emissions-by-country,LBN,1998,3.041059,,,,final,,,
food.faostat.agrifood-emissions-by-country,LBN,1999,3.1546853,,,,final,,,
food.faostat.agrifood-emissions-by-country,LBN,2000,3.3317954,,,,final,,,
food.faostat.agrifood-emissions-by-country,LBN,2001,3.4838218,,,,final,,,
food.faostat.agrifood-emissions-by-country,LBN,2002,3.5764184,,,,final,,,
food.faostat.agrifood-emissions-by-country,LBN,2003,3.8081498,,,,final,,,
food.faostat.agrifood-emissions-by-country,LBN,2004,3.9640042,,,,final,,,
food.faostat.agrifood-emissions-by-country,LBN,2005,3.9586361,,,,final,,,
food.faostat.agrifood-emissions-by-country,LBN,2006,4.0297117,,,,final,,,
food.faostat.agrifood-emissions-by-country,LBN,2007,3.8984796,,,,final,,,
food.faostat.agrifood-emissions-by-country,LBN,2008,4.2627049,,,,final,,,
food.faostat.agrifood-emissions-by-country,LBN,2009,4.5201508,,,,final,,,
food.faostat.agrifood-emissions-by-country,LBN,2010,4.4766211,,,,final,,,
food.faostat.agrifood-emissions-by-country,LBN,2011,4.7210197,,,,final,,,
food.faostat.agrifood-emissions-by-country,LBN,2012,4.7911432,,,,final,,,
food.faostat.agrifood-emissions-by-country,LBN,2013,4.9426058,,,,final,,,
food.faostat.agrifood-emissions-by-country,LBN,2014,5.2117729,,,,final,,,
food.faostat.agrifood-emissions-by-country,LBN,2015,5.529641,,,,final,,,
food.faostat.agrifood-emissions-by-country,LBN,2016,5.7340863,,,,final,,,
food.faostat.agrifood-emissions-by-country,LBN,2017,6.0162738,,,,final,,,
food.faostat.agrifood-emissions-by-country,LBN,2018,5.9988133,,,,final,,,
food.faostat.agrifood-emissions-by-country,LBN,2019,6.3092635,,,,final,,,
food.faostat.agrifood-emissions-by-country,LBN,2020,6.2509224,,,,final,,,
food.faostat.agrifood-emissions-by-country,LBN,2021,6.4241558,,,,final,,,
food.faostat.agrifood-emissions-by-country,LBN,2022,6.114637,,,,final,,,
food.faostat.agrifood-emissions-by-country,LBN,2023,6.330882,,,,final,,,
food.faostat.agrifood-emissions-by-country,LBR,1990,1.0239775,,,,final,,,
food.faostat.agrifood-emissions-by-country,LBR,1991,0.9691973,,,,final,,,
food.faostat.agrifood-emissions-by-country,LBR,1992,0.9740512,,,,final,,,
food.faostat.agrifood-emissions-by-country,LBR,1993,0.9395439,,,,final,,,
food.faostat.agrifood-emissions-by-country,LBR,1994,0.9269989,,,,final,,,
food.faostat.agrifood-emissions-by-country,LBR,1995,0.931307,,,,final,,,
food.faostat.agrifood-emissions-by-country,LBR,1996,0.8270478,,,,final,,,
food.faostat.agrifood-emissions-by-country,LBR,1997,0.855674,,,,final,,,
food.faostat.agrifood-emissions-by-country,LBR,1998,0.906477,,,,final,,,
food.faostat.agrifood-emissions-by-country,LBR,1999,0.9039644,,,,final,,,
food.faostat.agrifood-emissions-by-country,LBR,2000,0.9217003,,,,final,,,
food.faostat.agrifood-emissions-by-country,LBR,2001,22.7915593,,,,final,,,
food.faostat.agrifood-emissions-by-country,LBR,2002,22.8041041,,,,final,,,
food.faostat.agrifood-emissions-by-country,LBR,2003,22.9237607,,,,final,,,
food.faostat.agrifood-emissions-by-country,LBR,2004,22.8865907,,,,final,,,
food.faostat.agrifood-emissions-by-country,LBR,2005,22.8522111,,,,final,,,
food.faostat.agrifood-emissions-by-country,LBR,2006,23.148109,,,,final,,,
food.faostat.agrifood-emissions-by-country,LBR,2007,22.9668427,,,,final,,,
food.faostat.agrifood-emissions-by-country,LBR,2008,23.0515296,,,,final,,,
food.faostat.agrifood-emissions-by-country,LBR,2009,24.0585566,,,,final,,,
food.faostat.agrifood-emissions-by-country,LBR,2010,23.1338759,,,,final,,,
food.faostat.agrifood-emissions-by-country,LBR,2011,66.9490854,,,,final,,,
food.faostat.agrifood-emissions-by-country,LBR,2012,66.9326859,,,,final,,,
food.faostat.agrifood-emissions-by-country,LBR,2013,66.9597128,,,,final,,,
food.faostat.agrifood-emissions-by-country,LBR,2014,67.3612532,,,,final,,,
food.faostat.agrifood-emissions-by-country,LBR,2015,68.1404696,,,,final,,,
food.faostat.agrifood-emissions-by-country,LBR,2016,58.4488343,,,,final,,,
food.faostat.agrifood-emissions-by-country,LBR,2017,58.4217736,,,,final,,,
food.faostat.agrifood-emissions-by-country,LBR,2018,58.3716419,,,,final,,,
food.faostat.agrifood-emissions-by-country,LBR,2019,58.7338116,,,,final,,,
food.faostat.agrifood-emissions-by-country,LBR,2020,58.4463929,,,,final,,,
food.faostat.agrifood-emissions-by-country,LBR,2021,24.1732808,,,,final,,,
food.faostat.agrifood-emissions-by-country,LBR,2022,24.2218651,,,,final,,,
food.faostat.agrifood-emissions-by-country,LBR,2023,24.2533558,,,,final,,,
food.faostat.agrifood-emissions-by-country,LBY,1990,6.5339958,,,,final,,,
food.faostat.agrifood-emissions-by-country,LBY,1991,6.6326051,,,,final,,,
food.faostat.agrifood-emissions-by-country,LBY,1992,6.5847259,,,,final,,,
food.faostat.agrifood-emissions-by-country,LBY,1993,6.9665171,,,,final,,,
food.faostat.agrifood-emissions-by-country,LBY,1994,7.5373003,,,,final,,,
food.faostat.agrifood-emissions-by-country,LBY,1995,8.5239949,,,,final,,,
food.faostat.agrifood-emissions-by-country,LBY,1996,8.7461094,,,,final,,,
food.faostat.agrifood-emissions-by-country,LBY,1997,8.4337391,,,,final,,,
food.faostat.agrifood-emissions-by-country,LBY,1998,9.2779799,,,,final,,,
food.faostat.agrifood-emissions-by-country,LBY,1999,9.6227988,,,,final,,,
food.faostat.agrifood-emissions-by-country,LBY,2000,9.2795221,,,,final,,,
food.faostat.agrifood-emissions-by-country,LBY,2001,9.5889013,,,,final,,,
food.faostat.agrifood-emissions-by-country,LBY,2002,8.7104451,,,,final,,,
food.faostat.agrifood-emissions-by-country,LBY,2003,9.3752828,,,,final,,,
food.faostat.agrifood-emissions-by-country,LBY,2004,9.4621546,,,,final,,,
food.faostat.agrifood-emissions-by-country,LBY,2005,13.0762616,,,,final,,,
food.faostat.agrifood-emissions-by-country,LBY,2006,12.7175084,,,,final,,,
food.faostat.agrifood-emissions-by-country,LBY,2007,11.7187101,,,,final,,,
food.faostat.agrifood-emissions-by-country,LBY,2008,11.0291039,,,,final,,,
food.faostat.agrifood-emissions-by-country,LBY,2009,11.7279504,,,,final,,,
food.faostat.agrifood-emissions-by-country,LBY,2010,12.229901,,,,final,,,
food.faostat.agrifood-emissions-by-country,LBY,2011,10.8194264,,,,final,,,
food.faostat.agrifood-emissions-by-country,LBY,2012,11.2830334,,,,final,,,
food.faostat.agrifood-emissions-by-country,LBY,2013,11.8792819,,,,final,,,
food.faostat.agrifood-emissions-by-country,LBY,2014,11.5401087,,,,final,,,
food.faostat.agrifood-emissions-by-country,LBY,2015,10.7744837,,,,final,,,
food.faostat.agrifood-emissions-by-country,LBY,2016,11.2353953,,,,final,,,
food.faostat.agrifood-emissions-by-country,LBY,2017,11.4440694,,,,final,,,
food.faostat.agrifood-emissions-by-country,LBY,2018,12.4203811,,,,final,,,
food.faostat.agrifood-emissions-by-country,LBY,2019,13.2371316,,,,final,,,
food.faostat.agrifood-emissions-by-country,LBY,2020,13.2725689,,,,final,,,
food.faostat.agrifood-emissions-by-country,LBY,2021,13.3936372,,,,final,,,
food.faostat.agrifood-emissions-by-country,LBY,2022,13.57517,,,,final,,,
food.faostat.agrifood-emissions-by-country,LBY,2023,13.6098992,,,,final,,,
food.faostat.agrifood-emissions-by-country,LCA,1990,0.1690198,,,,final,,,
food.faostat.agrifood-emissions-by-country,LCA,1991,0.1803265,,,,final,,,
food.faostat.agrifood-emissions-by-country,LCA,1992,0.1835603,,,,final,,,
food.faostat.agrifood-emissions-by-country,LCA,1993,0.1787704,,,,final,,,
food.faostat.agrifood-emissions-by-country,LCA,1994,0.1739623,,,,final,,,
food.faostat.agrifood-emissions-by-country,LCA,1995,0.1872734,,,,final,,,
food.faostat.agrifood-emissions-by-country,LCA,1996,0.1971468,,,,final,,,
food.faostat.agrifood-emissions-by-country,LCA,1997,0.2001921,,,,final,,,
food.faostat.agrifood-emissions-by-country,LCA,1998,0.2087725,,,,final,,,
food.faostat.agrifood-emissions-by-country,LCA,1999,0.2278431,,,,final,,,
food.faostat.agrifood-emissions-by-country,LCA,2000,0.2317921,,,,final,,,
food.faostat.agrifood-emissions-by-country,LCA,2001,0.2266579,,,,final,,,
food.faostat.agrifood-emissions-by-country,LCA,2002,0.2330933,,,,final,,,
food.faostat.agrifood-emissions-by-country,LCA,2003,0.2355091,,,,final,,,
food.faostat.agrifood-emissions-by-country,LCA,2004,0.2331235,,,,final,,,
food.faostat.agrifood-emissions-by-country,LCA,2005,0.2343501,,,,final,,,
food.faostat.agrifood-emissions-by-country,LCA,2006,0.2365539,,,,final,,,
food.faostat.agrifood-emissions-by-country,LCA,2007,0.2416825,,,,final,,,
food.faostat.agrifood-emissions-by-country,LCA,2008,0.240894,,,,final,,,
food.faostat.agrifood-emissions-by-country,LCA,2009,0.2415979,,,,final,,,
food.faostat.agrifood-emissions-by-country,LCA,2010,0.2543419,,,,final,,,
food.faostat.agrifood-emissions-by-country,LCA,2011,0.253838,,,,final,,,
food.faostat.agrifood-emissions-by-country,LCA,2012,0.2546902,,,,final,,,
food.faostat.agrifood-emissions-by-country,LCA,2013,0.2539721,,,,final,,,
food.faostat.agrifood-emissions-by-country,LCA,2014,0.2588445,,,,final,,,
food.faostat.agrifood-emissions-by-country,LCA,2015,0.25891,,,,final,,,
food.faostat.agrifood-emissions-by-country,LCA,2016,0.257787,,,,final,,,
food.faostat.agrifood-emissions-by-country,LCA,2017,0.2629892,,,,final,,,
food.faostat.agrifood-emissions-by-country,LCA,2018,0.2610412,,,,final,,,
food.faostat.agrifood-emissions-by-country,LCA,2019,0.2594685,,,,final,,,
food.faostat.agrifood-emissions-by-country,LCA,2020,0.2563079,,,,final,,,
food.faostat.agrifood-emissions-by-country,LCA,2021,0.2650146,,,,final,,,
food.faostat.agrifood-emissions-by-country,LCA,2022,0.2671853,,,,final,,,
food.faostat.agrifood-emissions-by-country,LCA,2023,0.2707284,,,,final,,,
food.faostat.agrifood-emissions-by-country,LIE,1990,0.0069386,,,,final,,,
food.faostat.agrifood-emissions-by-country,LIE,1991,0.0071039,,,,final,,,
food.faostat.agrifood-emissions-by-country,LIE,1992,0.0072803,,,,final,,,
food.faostat.agrifood-emissions-by-country,LIE,1993,0.0074268,,,,final,,,
food.faostat.agrifood-emissions-by-country,LIE,1994,0.0076056,,,,final,,,
food.faostat.agrifood-emissions-by-country,LIE,1995,0.0078074,,,,final,,,
food.faostat.agrifood-emissions-by-country,LIE,1996,0.0080076,,,,final,,,
food.faostat.agrifood-emissions-by-country,LIE,1997,0.0081681,,,,final,,,
food.faostat.agrifood-emissions-by-country,LIE,1998,0.0084125,,,,final,,,
food.faostat.agrifood-emissions-by-country,LIE,1999,0.0086975,,,,final,,,
food.faostat.agrifood-emissions-by-country,LIE,2000,0.0090009,,,,final,,,
food.faostat.agrifood-emissions-by-country,LIE,2001,0.0092815,,,,final,,,
food.faostat.agrifood-emissions-by-country,LIE,2002,0.0095826,,,,final,,,
food.faostat.agrifood-emissions-by-country,LIE,2003,0.0098736,,,,final,,,
food.faostat.agrifood-emissions-by-country,LIE,2004,0.0101301,,,,final,,,
food.faostat.agrifood-emissions-by-country,LIE,2005,0.0103246,,,,final,,,
food.faostat.agrifood-emissions-by-country,LIE,2006,0.0106146,,,,final,,,
food.faostat.agrifood-emissions-by-country,LIE,2007,0.0108761,,,,final,,,
food.faostat.agrifood-emissions-by-country,LIE,2008,0.0110392,,,,final,,,
food.faostat.agrifood-emissions-by-country,LIE,2009,0.011115,,,,final,,,
food.faostat.agrifood-emissions-by-country,LIE,2010,0.011255,,,,final,,,
food.faostat.agrifood-emissions-by-country,LIE,2011,0.0113952,,,,final,,,
food.faostat.agrifood-emissions-by-country,LIE,2012,0.0114939,,,,final,,,
food.faostat.agrifood-emissions-by-country,LIE,2013,0.0113691,,,,final,,,
food.faostat.agrifood-emissions-by-country,LIE,2014,0.0114264,,,,final,,,
food.faostat.agrifood-emissions-by-country,LIE,2015,0.0114144,,,,final,,,
food.faostat.agrifood-emissions-by-country,LIE,2016,0.0112445,,,,final,,,
food.faostat.agrifood-emissions-by-country,LIE,2017,0.0111958,,,,final,,,
food.faostat.agrifood-emissions-by-country,LIE,2018,0.0111476,,,,final,,,
food.faostat.agrifood-emissions-by-country,LIE,2019,0.0109721,,,,final,,,
food.faostat.agrifood-emissions-by-country,LIE,2020,0.0108802,,,,final,,,
food.faostat.agrifood-emissions-by-country,LIE,2021,0.0108253,,,,final,,,
food.faostat.agrifood-emissions-by-country,LIE,2022,0.0108497,,,,final,,,
food.faostat.agrifood-emissions-by-country,LIE,2023,0.0100163,,,,final,,,
food.faostat.agrifood-emissions-by-country,LKA,1990,13.8362118,,,,final,,,
food.faostat.agrifood-emissions-by-country,LKA,1991,13.2479683,,,,final,,,
food.faostat.agrifood-emissions-by-country,LKA,1992,13.5599563,,,,final,,,
food.faostat.agrifood-emissions-by-country,LKA,1993,13.7087458,,,,final,,,
food.faostat.agrifood-emissions-by-country,LKA,1994,14.1052662,,,,final,,,
food.faostat.agrifood-emissions-by-country,LKA,1995,14.0917897,,,,final,,,
food.faostat.agrifood-emissions-by-country,LKA,1996,13.3399911,,,,final,,,
food.faostat.agrifood-emissions-by-country,LKA,1997,13.2982888,,,,final,,,
food.faostat.agrifood-emissions-by-country,LKA,1998,12.5185044,,,,final,,,
food.faostat.agrifood-emissions-by-country,LKA,1999,13.1050598,,,,final,,,
food.faostat.agrifood-emissions-by-country,LKA,2000,12.991999,,,,final,,,
food.faostat.agrifood-emissions-by-country,LKA,2001,11.8777749,,,,final,,,
food.faostat.agrifood-emissions-by-country,LKA,2002,12.2513742,,,,final,,,
food.faostat.agrifood-emissions-by-country,LKA,2003,12.4814921,,,,final,,,
food.faostat.agrifood-emissions-by-country,LKA,2004,12.1183072,,,,final,,,
food.faostat.agrifood-emissions-by-country,LKA,2005,12.8941917,,,,final,,,
food.faostat.agrifood-emissions-by-country,LKA,2006,12.7894185,,,,final,,,
food.faostat.agrifood-emissions-by-country,LKA,2007,12.5382536,,,,final,,,
food.faostat.agrifood-emissions-by-country,LKA,2008,13.5955225,,,,final,,,
food.faostat.agrifood-emissions-by-country,LKA,2009,13.2674408,,,,final,,,
food.faostat.agrifood-emissions-by-country,LKA,2010,13.8072537,,,,final,,,
food.faostat.agrifood-emissions-by-country,LKA,2011,14.8697124,,,,final,,,
food.faostat.agrifood-emissions-by-country,LKA,2012,14.7845825,,,,final,,,
food.faostat.agrifood-emissions-by-country,LKA,2013,14.8117952,,,,final,,,
food.faostat.agrifood-emissions-by-country,LKA,2014,14.4166385,,,,final,,,
food.faostat.agrifood-emissions-by-country,LKA,2015,15.2305779,,,,final,,,
food.faostat.agrifood-emissions-by-country,LKA,2016,13.6598284,,,,final,,,
food.faostat.agrifood-emissions-by-country,LKA,2017,12.7299757,,,,final,,,
food.faostat.agrifood-emissions-by-country,LKA,2018,13.4772364,,,,final,,,
food.faostat.agrifood-emissions-by-country,LKA,2019,13.7324746,,,,final,,,
food.faostat.agrifood-emissions-by-country,LKA,2020,14.7369342,,,,final,,,
food.faostat.agrifood-emissions-by-country,LKA,2021,15.3245497,,,,final,,,
food.faostat.agrifood-emissions-by-country,LKA,2022,14.6393735,,,,final,,,
food.faostat.agrifood-emissions-by-country,LKA,2023,14.8059199,,,,final,,,
food.faostat.agrifood-emissions-by-country,LSO,1990,1.6461999,,,,final,,,
food.faostat.agrifood-emissions-by-country,LSO,1991,1.6385749,,,,final,,,
food.faostat.agrifood-emissions-by-country,LSO,1992,1.7999932,,,,final,,,
food.faostat.agrifood-emissions-by-country,LSO,1993,1.7423865,,,,final,,,
food.faostat.agrifood-emissions-by-country,LSO,1994,1.7058067,,,,final,,,
food.faostat.agrifood-emissions-by-country,LSO,1995,1.6348788,,,,final,,,
food.faostat.agrifood-emissions-by-country,LSO,1996,1.6236939,,,,final,,,
food.faostat.agrifood-emissions-by-country,LSO,1997,1.713611,,,,final,,,
food.faostat.agrifood-emissions-by-country,LSO,1998,1.4622301,,,,final,,,
food.faostat.agrifood-emissions-by-country,LSO,1999,2.0081678,,,,final,,,
food.faostat.agrifood-emissions-by-country,LSO,2000,1.9523975,,,,final,,,
food.faostat.agrifood-emissions-by-country,LSO,2001,1.9422149,,,,final,,,
food.faostat.agrifood-emissions-by-country,LSO,2002,1.7692742,,,,final,,,
food.faostat.agrifood-emissions-by-country,LSO,2003,1.8202932,,,,final,,,
food.faostat.agrifood-emissions-by-country,LSO,2004,1.7584722,,,,final,,,
food.faostat.agrifood-emissions-by-country,LSO,2005,1.9302738,,,,final,,,
food.faostat.agrifood-emissions-by-country,LSO,2006,1.8660071,,,,final,,,
food.faostat.agrifood-emissions-by-country,LSO,2007,1.9248928,,,,final,,,
food.faostat.agrifood-emissions-by-country,LSO,2008,1.855129,,,,final,,,
food.faostat.agrifood-emissions-by-country,LSO,2009,1.8834995,,,,final,,,
food.faostat.agrifood-emissions-by-country,LSO,2010,1.8484723,,,,final,,,
food.faostat.agrifood-emissions-by-country,LSO,2011,1.9251182,,,,final,,,
food.faostat.agrifood-emissions-by-country,LSO,2012,1.9017169,,,,final,,,
food.faostat.agrifood-emissions-by-country,LSO,2013,1.8389267,,,,final,,,
food.faostat.agrifood-emissions-by-country,LSO,2014,1.7926294,,,,final,,,
food.faostat.agrifood-emissions-by-country,LSO,2015,1.763122,,,,final,,,
food.faostat.agrifood-emissions-by-country,LSO,2016,1.7609311,,,,final,,,
food.faostat.agrifood-emissions-by-country,LSO,2017,1.9407354,,,,final,,,
food.faostat.agrifood-emissions-by-country,LSO,2018,1.8488008,,,,final,,,
food.faostat.agrifood-emissions-by-country,LSO,2019,1.6972212,,,,final,,,
food.faostat.agrifood-emissions-by-country,LSO,2020,1.4103121,,,,final,,,
food.faostat.agrifood-emissions-by-country,LSO,2021,1.529984,,,,final,,,
food.faostat.agrifood-emissions-by-country,LSO,2022,2.3238532,,,,final,,,
food.faostat.agrifood-emissions-by-country,LSO,2023,1.7959406,,,,final,,,
food.faostat.agrifood-emissions-by-country,LTU,1992,23.9155353,,,,final,,,
food.faostat.agrifood-emissions-by-country,LTU,1993,21.0818429,,,,final,,,
food.faostat.agrifood-emissions-by-country,LTU,1994,20.074782,,,,final,,,
food.faostat.agrifood-emissions-by-country,LTU,1995,19.2775305,,,,final,,,
food.faostat.agrifood-emissions-by-country,LTU,1996,19.11132,,,,final,,,
food.faostat.agrifood-emissions-by-country,LTU,1997,19.1998542,,,,final,,,
food.faostat.agrifood-emissions-by-country,LTU,1998,19.3685433,,,,final,,,
food.faostat.agrifood-emissions-by-country,LTU,1999,18.9200898,,,,final,,,
food.faostat.agrifood-emissions-by-country,LTU,2000,18.7942456,,,,final,,,
food.faostat.agrifood-emissions-by-country,LTU,2001,18.5276672,,,,final,,,
food.faostat.agrifood-emissions-by-country,LTU,2002,18.2663324,,,,final,,,
food.faostat.agrifood-emissions-by-country,LTU,2003,18.4344183,,,,final,,,
food.faostat.agrifood-emissions-by-country,LTU,2004,18.5111302,,,,final,,,
food.faostat.agrifood-emissions-by-country,LTU,2005,19.5047147,,,,final,,,
food.faostat.agrifood-emissions-by-country,LTU,2006,18.6649494,,,,final,,,
food.faostat.agrifood-emissions-by-country,LTU,2007,18.9191312,,,,final,,,
food.faostat.agrifood-emissions-by-country,LTU,2008,19.4785225,,,,final,,,
food.faostat.agrifood-emissions-by-country,LTU,2009,19.2943175,,,,final,,,
food.faostat.agrifood-emissions-by-country,LTU,2010,19.6381797,,,,final,,,
food.faostat.agrifood-emissions-by-country,LTU,2011,21.6026479,,,,final,,,
food.faostat.agrifood-emissions-by-country,LTU,2012,21.7343631,,,,final,,,
food.faostat.agrifood-emissions-by-country,LTU,2013,23.6381612,,,,final,,,
food.faostat.agrifood-emissions-by-country,LTU,2014,24.1891626,,,,final,,,
food.faostat.agrifood-emissions-by-country,LTU,2015,24.3695367,,,,final,,,
food.faostat.agrifood-emissions-by-country,LTU,2016,22.1724161,,,,final,,,
food.faostat.agrifood-emissions-by-country,LTU,2017,22.8853723,,,,final,,,
food.faostat.agrifood-emissions-by-country,LTU,2018,21.6379126,,,,final,,,
food.faostat.agrifood-emissions-by-country,LTU,2019,21.936266,,,,final,,,
food.faostat.agrifood-emissions-by-country,LTU,2020,22.0212506,,,,final,,,
food.faostat.agrifood-emissions-by-country,LTU,2021,22.0237747,,,,final,,,
food.faostat.agrifood-emissions-by-country,LTU,2022,21.6815198,,,,final,,,
food.faostat.agrifood-emissions-by-country,LTU,2023,21.5663488,,,,final,,,
food.faostat.agrifood-emissions-by-country,LUX,2000,1.4942479,,,,final,,,
food.faostat.agrifood-emissions-by-country,LUX,2001,1.6825888,,,,final,,,
food.faostat.agrifood-emissions-by-country,LUX,2002,1.7306243,,,,final,,,
food.faostat.agrifood-emissions-by-country,LUX,2003,1.7311727,,,,final,,,
food.faostat.agrifood-emissions-by-country,LUX,2004,1.801343,,,,final,,,
food.faostat.agrifood-emissions-by-country,LUX,2005,1.7982636,,,,final,,,
food.faostat.agrifood-emissions-by-country,LUX,2006,1.7567357,,,,final,,,
food.faostat.agrifood-emissions-by-country,LUX,2007,1.7556706,,,,final,,,
food.faostat.agrifood-emissions-by-country,LUX,2008,1.7700489,,,,final,,,
food.faostat.agrifood-emissions-by-country,LUX,2009,1.7367826,,,,final,,,
food.faostat.agrifood-emissions-by-country,LUX,2010,1.7994385,,,,final,,,
food.faostat.agrifood-emissions-by-country,LUX,2011,1.793247,,,,final,,,
food.faostat.agrifood-emissions-by-country,LUX,2012,1.7479738,,,,final,,,
food.faostat.agrifood-emissions-by-country,LUX,2013,1.733172,,,,final,,,
food.faostat.agrifood-emissions-by-country,LUX,2014,1.7441109,,,,final,,,
food.faostat.agrifood-emissions-by-country,LUX,2015,1.7028008,,,,final,,,
food.faostat.agrifood-emissions-by-country,LUX,2016,1.6756016,,,,final,,,
food.faostat.agrifood-emissions-by-country,LUX,2017,1.6903312,,,,final,,,
food.faostat.agrifood-emissions-by-country,LUX,2018,1.6626079,,,,final,,,
food.faostat.agrifood-emissions-by-country,LUX,2019,1.6846687,,,,final,,,
food.faostat.agrifood-emissions-by-country,LUX,2020,1.5587561,,,,final,,,
food.faostat.agrifood-emissions-by-country,LUX,2021,1.5950713,,,,final,,,
food.faostat.agrifood-emissions-by-country,LUX,2022,1.4534366,,,,final,,,
food.faostat.agrifood-emissions-by-country,LUX,2023,1.4396921,,,,final,,,
food.faostat.agrifood-emissions-by-country,LVA,1992,13.1485621,,,,final,,,
food.faostat.agrifood-emissions-by-country,LVA,1993,11.8597768,,,,final,,,
food.faostat.agrifood-emissions-by-country,LVA,1994,10.0414706,,,,final,,,
food.faostat.agrifood-emissions-by-country,LVA,1995,9.4869653,,,,final,,,
food.faostat.agrifood-emissions-by-country,LVA,1996,9.5156662,,,,final,,,
food.faostat.agrifood-emissions-by-country,LVA,1997,9.3367365,,,,final,,,
food.faostat.agrifood-emissions-by-country,LVA,1998,9.2867975,,,,final,,,
food.faostat.agrifood-emissions-by-country,LVA,1999,9.5269014,,,,final,,,
food.faostat.agrifood-emissions-by-country,LVA,2000,9.4702061,,,,final,,,
food.faostat.agrifood-emissions-by-country,LVA,2001,9.3841427,,,,final,,,
food.faostat.agrifood-emissions-by-country,LVA,2002,9.4660051,,,,final,,,
food.faostat.agrifood-emissions-by-country,LVA,2003,9.6054185,,,,final,,,
food.faostat.agrifood-emissions-by-country,LVA,2004,9.5885623,,,,final,,,
food.faostat.agrifood-emissions-by-country,LVA,2005,9.6531631,,,,final,,,
food.faostat.agrifood-emissions-by-country,LVA,2006,9.7813458,,,,final,,,
food.faostat.agrifood-emissions-by-country,LVA,2007,9.8663484,,,,final,,,
food.faostat.agrifood-emissions-by-country,LVA,2008,10.043077,,,,final,,,
food.faostat.agrifood-emissions-by-country,LVA,2009,9.8356403,,,,final,,,
food.faostat.agrifood-emissions-by-country,LVA,2010,9.9937686,,,,final,,,
food.faostat.agrifood-emissions-by-country,LVA,2011,13.8517052,,,,final,,,
food.faostat.agrifood-emissions-by-country,LVA,2012,13.8984872,,,,final,,,
food.faostat.agrifood-emissions-by-country,LVA,2013,13.9833051,,,,final,,,
food.faostat.agrifood-emissions-by-country,LVA,2014,13.9998824,,,,final,,,
food.faostat.agrifood-emissions-by-country,LVA,2015,14.0666109,,,,final,,,
food.faostat.agrifood-emissions-by-country,LVA,2016,15.452482,,,,final,,,
food.faostat.agrifood-emissions-by-country,LVA,2017,15.3939499,,,,final,,,
food.faostat.agrifood-emissions-by-country,LVA,2018,15.3130917,,,,final,,,
food.faostat.agrifood-emissions-by-country,LVA,2019,15.3944296,,,,final,,,
food.faostat.agrifood-emissions-by-country,LVA,2020,15.5008571,,,,final,,,
food.faostat.agrifood-emissions-by-country,LVA,2021,10.1143214,,,,final,,,
food.faostat.agrifood-emissions-by-country,LVA,2022,10.0548449,,,,final,,,
food.faostat.agrifood-emissions-by-country,LVA,2023,9.9262564,,,,final,,,
food.faostat.agrifood-emissions-by-country,MAC,1990,0.2063568,,,,final,,,
food.faostat.agrifood-emissions-by-country,MAC,1991,0.2090896,,,,final,,,
food.faostat.agrifood-emissions-by-country,MAC,1992,0.2161474,,,,final,,,
food.faostat.agrifood-emissions-by-country,MAC,1993,0.218709,,,,final,,,
food.faostat.agrifood-emissions-by-country,MAC,1994,0.2266024,,,,final,,,
food.faostat.agrifood-emissions-by-country,MAC,1995,0.234904,,,,final,,,
food.faostat.agrifood-emissions-by-country,MAC,1996,0.2329561,,,,final,,,
food.faostat.agrifood-emissions-by-country,MAC,1997,0.2396917,,,,final,,,
food.faostat.agrifood-emissions-by-country,MAC,1998,0.2457291,,,,final,,,
food.faostat.agrifood-emissions-by-country,MAC,1999,0.247309,,,,final,,,
food.faostat.agrifood-emissions-by-country,MAC,2000,0.2503135,,,,final,,,
food.faostat.agrifood-emissions-by-country,MAC,2001,0.2525944,,,,final,,,
food.faostat.agrifood-emissions-by-country,MAC,2002,0.258461,,,,final,,,
food.faostat.agrifood-emissions-by-country,MAC,2003,0.2651913,,,,final,,,
food.faostat.agrifood-emissions-by-country,MAC,2004,0.2720775,,,,final,,,
food.faostat.agrifood-emissions-by-country,MAC,2005,0.2776881,,,,final,,,
food.faostat.agrifood-emissions-by-country,MAC,2006,0.27804,,,,final,,,
food.faostat.agrifood-emissions-by-country,MAC,2007,0.2823883,,,,final,,,
food.faostat.agrifood-emissions-by-country,MAC,2008,0.2875363,,,,final,,,
food.faostat.agrifood-emissions-by-country,MAC,2009,0.2881671,,,,final,,,
food.faostat.agrifood-emissions-by-country,MAC,2010,0.2939421,,,,final,,,
food.faostat.agrifood-emissions-by-country,MAC,2011,0.2991119,,,,final,,,
food.faostat.agrifood-emissions-by-country,MAC,2012,0.3097067,,,,final,,,
food.faostat.agrifood-emissions-by-country,MAC,2013,0.3187784,,,,final,,,
food.faostat.agrifood-emissions-by-country,MAC,2014,0.3236984,,,,final,,,
food.faostat.agrifood-emissions-by-country,MAC,2015,0.3296828,,,,final,,,
food.faostat.agrifood-emissions-by-country,MAC,2016,0.3373028,,,,final,,,
food.faostat.agrifood-emissions-by-country,MAC,2017,0.3450666,,,,final,,,
food.faostat.agrifood-emissions-by-country,MAC,2018,0.3523677,,,,final,,,
food.faostat.agrifood-emissions-by-country,MAC,2019,0.3543905,,,,final,,,
food.faostat.agrifood-emissions-by-country,MAC,2020,0.3497463,,,,final,,,
food.faostat.agrifood-emissions-by-country,MAC,2021,0.3571566,,,,final,,,
food.faostat.agrifood-emissions-by-country,MAC,2022,0.3480886,,,,final,,,
food.faostat.agrifood-emissions-by-country,MAC,2023,0.3507375,,,,final,,,
food.faostat.agrifood-emissions-by-country,MAR,1990,19.8712457,,,,final,,,
food.faostat.agrifood-emissions-by-country,MAR,1991,19.816312,,,,final,,,
food.faostat.agrifood-emissions-by-country,MAR,1992,19.2816384,,,,final,,,
food.faostat.agrifood-emissions-by-country,MAR,1993,18.4754376,,,,final,,,
food.faostat.agrifood-emissions-by-country,MAR,1994,19.4989178,,,,final,,,
food.faostat.agrifood-emissions-by-country,MAR,1995,19.6743758,,,,final,,,
food.faostat.agrifood-emissions-by-country,MAR,1996,20.2410196,,,,final,,,
food.faostat.agrifood-emissions-by-country,MAR,1997,20.9573578,,,,final,,,
food.faostat.agrifood-emissions-by-country,MAR,1998,23.5705457,,,,final,,,
food.faostat.agrifood-emissions-by-country,MAR,1999,24.7024533,,,,final,,,
food.faostat.agrifood-emissions-by-country,MAR,2000,25.4822167,,,,final,,,
food.faostat.agrifood-emissions-by-country,MAR,2001,25.8706439,,,,final,,,
food.faostat.agrifood-emissions-by-country,MAR,2002,26.8678847,,,,final,,,
food.faostat.agrifood-emissions-by-country,MAR,2003,27.5697352,,,,final,,,
food.faostat.agrifood-emissions-by-country,MAR,2004,28.7194304,,,,final,,,
food.faostat.agrifood-emissions-by-country,MAR,2005,30.1261742,,,,final,,,
food.faostat.agrifood-emissions-by-country,MAR,2006,31.9336914,,,,final,,,
food.faostat.agrifood-emissions-by-country,MAR,2007,32.1857086,,,,final,,,
food.faostat.agrifood-emissions-by-country,MAR,2008,32.2650302,,,,final,,,
food.faostat.agrifood-emissions-by-country,MAR,2009,32.7130019,,,,final,,,
food.faostat.agrifood-emissions-by-country,MAR,2010,33.5637707,,,,final,,,
food.faostat.agrifood-emissions-by-country,MAR,2011,36.9355759,,,,final,,,
food.faostat.agrifood-emissions-by-country,MAR,2012,37.4149816,,,,final,,,
food.faostat.agrifood-emissions-by-country,MAR,2013,38.458983,,,,final,,,
food.faostat.agrifood-emissions-by-country,MAR,2014,41.7031056,,,,final,,,
food.faostat.agrifood-emissions-by-country,MAR,2015,42.8096544,,,,final,,,
food.faostat.agrifood-emissions-by-country,MAR,2016,43.8706406,,,,final,,,
food.faostat.agrifood-emissions-by-country,MAR,2017,45.4710575,,,,final,,,
food.faostat.agrifood-emissions-by-country,MAR,2018,45.4581424,,,,final,,,
food.faostat.agrifood-emissions-by-country,MAR,2019,46.1852718,,,,final,,,
food.faostat.agrifood-emissions-by-country,MAR,2020,46.3794192,,,,final,,,
food.faostat.agrifood-emissions-by-country,MAR,2021,47.6793198,,,,final,,,
food.faostat.agrifood-emissions-by-country,MAR,2022,47.2803018,,,,final,,,
food.faostat.agrifood-emissions-by-country,MAR,2023,46.7797162,,,,final,,,
food.faostat.agrifood-emissions-by-country,MCO,1990,0.003655,,,,final,,,
food.faostat.agrifood-emissions-by-country,MCO,1991,0.0037467,,,,final,,,
food.faostat.agrifood-emissions-by-country,MCO,1992,0.0037889,,,,final,,,
food.faostat.agrifood-emissions-by-country,MCO,1993,0.0038386,,,,final,,,
food.faostat.agrifood-emissions-by-country,MCO,1994,0.0039461,,,,final,,,
food.faostat.agrifood-emissions-by-country,MCO,1995,0.0040853,,,,final,,,
food.faostat.agrifood-emissions-by-country,MCO,1996,0.0042348,,,,final,,,
food.faostat.agrifood-emissions-by-country,MCO,1997,0.0043571,,,,final,,,
food.faostat.agrifood-emissions-by-country,MCO,1998,0.0045598,,,,final,,,
food.faostat.agrifood-emissions-by-country,MCO,1999,0.0047986,,,,final,,,
food.faostat.agrifood-emissions-by-country,MCO,2000,0.0050621,,,,final,,,
food.faostat.agrifood-emissions-by-country,MCO,2001,0.0053078,,,,final,,,
food.faostat.agrifood-emissions-by-country,MCO,2002,0.0055739,,,,final,,,
food.faostat.agrifood-emissions-by-country,MCO,2003,0.0058313,,,,final,,,
food.faostat.agrifood-emissions-by-country,MCO,2004,0.0060535,,,,final,,,
food.faostat.agrifood-emissions-by-country,MCO,2005,0.0062174,,,,final,,,
food.faostat.agrifood-emissions-by-country,MCO,2006,0.006474,,,,final,,,
food.faostat.agrifood-emissions-by-country,MCO,2007,0.0067045,,,,final,,,
food.faostat.agrifood-emissions-by-country,MCO,2008,0.0068473,,,,final,,,
food.faostat.agrifood-emissions-by-country,MCO,2009,0.0069361,,,,final,,,
food.faostat.agrifood-emissions-by-country,MCO,2010,0.0070902,,,,final,,,
food.faostat.agrifood-emissions-by-country,MCO,2011,0.0072448,,,,final,,,
food.faostat.agrifood-emissions-by-country,MCO,2012,0.0073655,,,,final,,,
food.faostat.agrifood-emissions-by-country,MCO,2013,0.0072552,,,,final,,,
food.faostat.agrifood-emissions-by-country,MCO,2014,0.0073312,,,,final,,,
food.faostat.agrifood-emissions-by-country,MCO,2015,0.0073407,,,,final,,,
food.faostat.agrifood-emissions-by-country,MCO,2016,0.0071898,,,,final,,,
food.faostat.agrifood-emissions-by-country,MCO,2017,0.007152,,,,final,,,
food.faostat.agrifood-emissions-by-country,MCO,2018,0.0071196,,,,final,,,
food.faostat.agrifood-emissions-by-country,MCO,2019,0.0069361,,,,final,,,
food.faostat.agrifood-emissions-by-country,MCO,2020,0.0068293,,,,final,,,
food.faostat.agrifood-emissions-by-country,MCO,2021,0.0067809,,,,final,,,
food.faostat.agrifood-emissions-by-country,MCO,2022,0.006805,,,,final,,,
food.faostat.agrifood-emissions-by-country,MCO,2023,0.0068157,,,,final,,,
food.faostat.agrifood-emissions-by-country,MDA,1992,10.5086158,,,,final,,,
food.faostat.agrifood-emissions-by-country,MDA,1993,8.5254557,,,,final,,,
food.faostat.agrifood-emissions-by-country,MDA,1994,8.2681206,,,,final,,,
food.faostat.agrifood-emissions-by-country,MDA,1995,7.7312973,,,,final,,,
food.faostat.agrifood-emissions-by-country,MDA,1996,7.4793296,,,,final,,,
food.faostat.agrifood-emissions-by-country,MDA,1997,6.5134828,,,,final,,,
food.faostat.agrifood-emissions-by-country,MDA,1998,5.6757933,,,,final,,,
food.faostat.agrifood-emissions-by-country,MDA,1999,5.0915275,,,,final,,,
food.faostat.agrifood-emissions-by-country,MDA,2000,4.8414066,,,,final,,,
food.faostat.agrifood-emissions-by-country,MDA,2001,5.4991891,,,,final,,,
food.faostat.agrifood-emissions-by-country,MDA,2002,5.504325,,,,final,,,
food.faostat.agrifood-emissions-by-country,MDA,2003,5.7408002,,,,final,,,
food.faostat.agrifood-emissions-by-country,MDA,2004,5.8456771,,,,final,,,
food.faostat.agrifood-emissions-by-country,MDA,2005,5.6757311,,,,final,,,
food.faostat.agrifood-emissions-by-country,MDA,2006,5.6315912,,,,final,,,
food.faostat.agrifood-emissions-by-country,MDA,2007,5.8312744,,,,final,,,
food.faostat.agrifood-emissions-by-country,MDA,2008,5.7466126,,,,final,,,
food.faostat.agrifood-emissions-by-country,MDA,2009,5.4494257,,,,final,,,
food.faostat.agrifood-emissions-by-country,MDA,2010,5.6743051,,,,final,,,
food.faostat.agrifood-emissions-by-country,MDA,2011,5.1850678,,,,final,,,
food.faostat.agrifood-emissions-by-country,MDA,2012,5.187381,,,,final,,,
food.faostat.agrifood-emissions-by-country,MDA,2013,5.3241963,,,,final,,,
food.faostat.agrifood-emissions-by-country,MDA,2014,5.4665755,,,,final,,,
food.faostat.agrifood-emissions-by-country,MDA,2015,5.2485249,,,,final,,,
food.faostat.agrifood-emissions-by-country,MDA,2016,6.1411205,,,,final,,,
food.faostat.agrifood-emissions-by-country,MDA,2017,6.3168498,,,,final,,,
food.faostat.agrifood-emissions-by-country,MDA,2018,6.4395565,,,,final,,,
food.faostat.agrifood-emissions-by-country,MDA,2019,6.3277501,,,,final,,,
food.faostat.agrifood-emissions-by-country,MDA,2020,6.040308,,,,final,,,
food.faostat.agrifood-emissions-by-country,MDA,2021,6.0810412,,,,final,,,
food.faostat.agrifood-emissions-by-country,MDA,2022,5.651228,,,,final,,,
food.faostat.agrifood-emissions-by-country,MDA,2023,5.8359096,,,,final,,,
food.faostat.agrifood-emissions-by-country,MDG,1990,54.979122,,,,final,,,
food.faostat.agrifood-emissions-by-country,MDG,1991,54.9354705,,,,final,,,
food.faostat.agrifood-emissions-by-country,MDG,1992,55.2013875,,,,final,,,
food.faostat.agrifood-emissions-by-country,MDG,1993,55.574488,,,,final,,,
food.faostat.agrifood-emissions-by-country,MDG,1994,55.1993735,,,,final,,,
food.faostat.agrifood-emissions-by-country,MDG,1995,55.5841959,,,,final,,,
food.faostat.agrifood-emissions-by-country,MDG,1996,55.7410224,,,,final,,,
food.faostat.agrifood-emissions-by-country,MDG,1997,55.4546193,,,,final,,,
food.faostat.agrifood-emissions-by-country,MDG,1998,56.2784226,,,,final,,,
food.faostat.agrifood-emissions-by-country,MDG,1999,55.9985557,,,,final,,,
food.faostat.agrifood-emissions-by-country,MDG,2000,55.0654025,,,,final,,,
food.faostat.agrifood-emissions-by-country,MDG,2001,63.834328,,,,final,,,
food.faostat.agrifood-emissions-by-country,MDG,2002,61.9141116,,,,final,,,
food.faostat.agrifood-emissions-by-country,MDG,2003,64.0111089,,,,final,,,
food.faostat.agrifood-emissions-by-country,MDG,2004,62.5243492,,,,final,,,
food.faostat.agrifood-emissions-by-country,MDG,2005,66.6374194,,,,final,,,
food.faostat.agrifood-emissions-by-country,MDG,2006,65.335952,,,,final,,,
food.faostat.agrifood-emissions-by-country,MDG,2007,66.6341495,,,,final,,,
food.faostat.agrifood-emissions-by-country,MDG,2008,65.3578729,,,,final,,,
food.faostat.agrifood-emissions-by-country,MDG,2009,66.38667,,,,final,,,
food.faostat.agrifood-emissions-by-country,MDG,2010,66.6628059,,,,final,,,
food.faostat.agrifood-emissions-by-country,MDG,2011,77.5441836,,,,final,,,
food.faostat.agrifood-emissions-by-country,MDG,2012,77.9229334,,,,final,,,
food.faostat.agrifood-emissions-by-country,MDG,2013,76.6951084,,,,final,,,
food.faostat.agrifood-emissions-by-country,MDG,2014,77.4858168,,,,final,,,
food.faostat.agrifood-emissions-by-country,MDG,2015,77.728846,,,,final,,,
food.faostat.agrifood-emissions-by-country,MDG,2016,66.5623981,,,,final,,,
food.faostat.agrifood-emissions-by-country,MDG,2017,65.5723583,,,,final,,,
food.faostat.agrifood-emissions-by-country,MDG,2018,64.5669198,,,,final,,,
food.faostat.agrifood-emissions-by-country,MDG,2019,65.5193343,,,,final,,,
food.faostat.agrifood-emissions-by-country,MDG,2020,65.2231369,,,,final,,,
food.faostat.agrifood-emissions-by-country,MDG,2021,63.9887218,,,,final,,,
food.faostat.agrifood-emissions-by-country,MDG,2022,63.0199112,,,,final,,,
food.faostat.agrifood-emissions-by-country,MDG,2023,67.0003171,,,,final,,,
food.faostat.agrifood-emissions-by-country,MDV,1990,0.0618132,,,,final,,,
food.faostat.agrifood-emissions-by-country,MDV,1991,0.062765,,,,final,,,
food.faostat.agrifood-emissions-by-country,MDV,1992,0.0691007,,,,final,,,
food.faostat.agrifood-emissions-by-country,MDV,1993,0.0660865,,,,final,,,
food.faostat.agrifood-emissions-by-country,MDV,1994,0.066381,,,,final,,,
food.faostat.agrifood-emissions-by-country,MDV,1995,0.0703379,,,,final,,,
food.faostat.agrifood-emissions-by-country,MDV,1996,0.0714526,,,,final,,,
food.faostat.agrifood-emissions-by-country,MDV,1997,0.0774212,,,,final,,,
food.faostat.agrifood-emissions-by-country,MDV,1998,0.0753799,,,,final,,,
food.faostat.agrifood-emissions-by-country,MDV,1999,0.0850802,,,,final,,,
food.faostat.agrifood-emissions-by-country,MDV,2000,0.0840588,,,,final,,,
food.faostat.agrifood-emissions-by-country,MDV,2001,0.0909528,,,,final,,,
food.faostat.agrifood-emissions-by-country,MDV,2002,0.1007764,,,,final,,,
food.faostat.agrifood-emissions-by-country,MDV,2003,0.0927453,,,,final,,,
food.faostat.agrifood-emissions-by-country,MDV,2004,0.1169651,,,,final,,,
food.faostat.agrifood-emissions-by-country,MDV,2005,0.1180127,,,,final,,,
food.faostat.agrifood-emissions-by-country,MDV,2006,0.1277189,,,,final,,,
food.faostat.agrifood-emissions-by-country,MDV,2007,0.1313983,,,,final,,,
food.faostat.agrifood-emissions-by-country,MDV,2008,0.1401733,,,,final,,,
food.faostat.agrifood-emissions-by-country,MDV,2009,0.1479562,,,,final,,,
food.faostat.agrifood-emissions-by-country,MDV,2010,0.1523932,,,,final,,,
food.faostat.agrifood-emissions-by-country,MDV,2011,0.1579326,,,,final,,,
food.faostat.agrifood-emissions-by-country,MDV,2012,0.1646715,,,,final,,,
food.faostat.agrifood-emissions-by-country,MDV,2013,0.1660904,,,,final,,,
food.faostat.agrifood-emissions-by-country,MDV,2014,0.1863403,,,,final,,,
food.faostat.agrifood-emissions-by-country,MDV,2015,0.1849643,,,,final,,,
food.faostat.agrifood-emissions-by-country,MDV,2016,0.2196195,,,,final,,,
food.faostat.agrifood-emissions-by-country,MDV,2017,0.2290044,,,,final,,,
food.faostat.agrifood-emissions-by-country,MDV,2018,0.2502431,,,,final,,,
food.faostat.agrifood-emissions-by-country,MDV,2019,0.2715403,,,,final,,,
food.faostat.agrifood-emissions-by-country,MDV,2020,0.2448618,,,,final,,,
food.faostat.agrifood-emissions-by-country,MDV,2021,0.2721094,,,,final,,,
food.faostat.agrifood-emissions-by-country,MDV,2022,0.2943024,,,,final,,,
food.faostat.agrifood-emissions-by-country,MDV,2023,0.3092378,,,,final,,,
food.faostat.agrifood-emissions-by-country,MEX,1990,196.4610588,,,,final,,,
food.faostat.agrifood-emissions-by-country,MEX,1991,197.6340367,,,,final,,,
food.faostat.agrifood-emissions-by-country,MEX,1992,198.0539638,,,,final,,,
food.faostat.agrifood-emissions-by-country,MEX,1993,201.4361808,,,,final,,,
food.faostat.agrifood-emissions-by-country,MEX,1994,204.3446673,,,,final,,,
food.faostat.agrifood-emissions-by-country,MEX,1995,201.191716,,,,final,,,
food.faostat.agrifood-emissions-by-country,MEX,1996,202.2986893,,,,final,,,
food.faostat.agrifood-emissions-by-country,MEX,1997,205.7213939,,,,final,,,
food.faostat.agrifood-emissions-by-country,MEX,1998,215.0026066,,,,final,,,
food.faostat.agrifood-emissions-by-country,MEX,1999,208.8304946,,,,final,,,
food.faostat.agrifood-emissions-by-country,MEX,2000,212.8693661,,,,final,,,
food.faostat.agrifood-emissions-by-country,MEX,2001,204.3154784,,,,final,,,
food.faostat.agrifood-emissions-by-country,MEX,2002,205.2481992,,,,final,,,
food.faostat.agrifood-emissions-by-country,MEX,2003,210.1043322,,,,final,,,
food.faostat.agrifood-emissions-by-country,MEX,2004,205.9728306,,,,final,,,
food.faostat.agrifood-emissions-by-country,MEX,2005,210.6486163,,,,final,,,
food.faostat.agrifood-emissions-by-country,MEX,2006,212.1268021,,,,final,,,
food.faostat.agrifood-emissions-by-country,MEX,2007,221.9317715,,,,final,,,
food.faostat.agrifood-emissions-by-country,MEX,2008,225.3229015,,,,final,,,
food.faostat.agrifood-emissions-by-country,MEX,2009,229.0048525,,,,final,,,
food.faostat.agrifood-emissions-by-country,MEX,2010,226.0807844,,,,final,,,
food.faostat.agrifood-emissions-by-country,MEX,2011,233.2064371,,,,final,,,
food.faostat.agrifood-emissions-by-country,MEX,2012,231.0815645,,,,final,,,
food.faostat.agrifood-emissions-by-country,MEX,2013,234.4279088,,,,final,,,
food.faostat.agrifood-emissions-by-country,MEX,2014,233.8693853,,,,final,,,
food.faostat.agrifood-emissions-by-country,MEX,2015,235.8528304,,,,final,,,
food.faostat.agrifood-emissions-by-country,MEX,2016,243.6154144,,,,final,,,
food.faostat.agrifood-emissions-by-country,MEX,2017,245.1643866,,,,final,,,
food.faostat.agrifood-emissions-by-country,MEX,2018,242.4082016,,,,final,,,
food.faostat.agrifood-emissions-by-country,MEX,2019,243.7631479,,,,final,,,
food.faostat.agrifood-emissions-by-country,MEX,2020,240.3630095,,,,final,,,
food.faostat.agrifood-emissions-by-country,MEX,2021,240.0751482,,,,final,,,
food.faostat.agrifood-emissions-by-country,MEX,2022,245.8828487,,,,final,,,
food.faostat.agrifood-emissions-by-country,MEX,2023,243.1094321,,,,final,,,
food.faostat.agrifood-emissions-by-country,MHL,1991,0.00203,,,,final,,,
food.faostat.agrifood-emissions-by-country,MHL,1992,0.0102876,,,,final,,,
food.faostat.agrifood-emissions-by-country,MHL,1993,0.0103052,,,,final,,,
food.faostat.agrifood-emissions-by-country,MHL,1994,0.0105375,,,,final,,,
food.faostat.agrifood-emissions-by-country,MHL,1995,0.0107974,,,,final,,,
food.faostat.agrifood-emissions-by-country,MHL,1996,0.0111259,,,,final,,,
food.faostat.agrifood-emissions-by-country,MHL,1997,0.0114146,,,,final,,,
food.faostat.agrifood-emissions-by-country,MHL,1998,0.0117122,,,,final,,,
food.faostat.agrifood-emissions-by-country,MHL,1999,0.0119804,,,,final,,,
food.faostat.agrifood-emissions-by-country,MHL,2000,0.0123011,,,,final,,,
food.faostat.agrifood-emissions-by-country,MHL,2001,0.0127322,,,,final,,,
food.faostat.agrifood-emissions-by-country,MHL,2002,0.0137887,,,,final,,,
food.faostat.agrifood-emissions-by-country,MHL,2003,0.0139405,,,,final,,,
food.faostat.agrifood-emissions-by-country,MHL,2004,0.0145245,,,,final,,,
food.faostat.agrifood-emissions-by-country,MHL,2005,0.0145823,,,,final,,,
food.faostat.agrifood-emissions-by-country,MHL,2006,0.0150903,,,,final,,,
food.faostat.agrifood-emissions-by-country,MHL,2007,0.0163573,,,,final,,,
food.faostat.agrifood-emissions-by-country,MHL,2008,0.0162528,,,,final,,,
food.faostat.agrifood-emissions-by-country,MHL,2009,0.0167749,,,,final,,,
food.faostat.agrifood-emissions-by-country,MHL,2010,0.0155564,,,,final,,,
food.faostat.agrifood-emissions-by-country,MHL,2011,0.0167077,,,,final,,,
food.faostat.agrifood-emissions-by-country,MHL,2012,0.0165266,,,,final,,,
food.faostat.agrifood-emissions-by-country,MHL,2013,0.0164086,,,,final,,,
food.faostat.agrifood-emissions-by-country,MHL,2014,0.0170557,,,,final,,,
food.faostat.agrifood-emissions-by-country,MHL,2015,0.0173364,,,,final,,,
food.faostat.agrifood-emissions-by-country,MHL,2016,0.0207899,,,,final,,,
food.faostat.agrifood-emissions-by-country,MHL,2017,0.0210889,,,,final,,,
food.faostat.agrifood-emissions-by-country,MHL,2018,0.0209133,,,,final,,,
food.faostat.agrifood-emissions-by-country,MHL,2019,0.0207646,,,,final,,,
food.faostat.agrifood-emissions-by-country,MHL,2020,0.0207095,,,,final,,,
food.faostat.agrifood-emissions-by-country,MHL,2021,0.0163772,,,,final,,,
food.faostat.agrifood-emissions-by-country,MHL,2022,0.0172065,,,,final,,,
food.faostat.agrifood-emissions-by-country,MHL,2023,0.0172937,,,,final,,,
food.faostat.agrifood-emissions-by-country,MKD,1992,3.0591737,,,,final,,,
food.faostat.agrifood-emissions-by-country,MKD,1993,3.0482863,,,,final,,,
food.faostat.agrifood-emissions-by-country,MKD,1994,3.4527147,,,,final,,,
food.faostat.agrifood-emissions-by-country,MKD,1995,3.3254982,,,,final,,,
food.faostat.agrifood-emissions-by-country,MKD,1996,3.3599203,,,,final,,,
food.faostat.agrifood-emissions-by-country,MKD,1997,3.0950925,,,,final,,,
food.faostat.agrifood-emissions-by-country,MKD,1998,2.9691179,,,,final,,,
food.faostat.agrifood-emissions-by-country,MKD,1999,2.7859868,,,,final,,,
food.faostat.agrifood-emissions-by-country,MKD,2000,2.7880213,,,,final,,,
food.faostat.agrifood-emissions-by-country,MKD,2001,2.7817276,,,,final,,,
food.faostat.agrifood-emissions-by-country,MKD,2002,2.9415503,,,,final,,,
food.faostat.agrifood-emissions-by-country,MKD,2003,2.9500268,,,,final,,,
food.faostat.agrifood-emissions-by-country,MKD,2004,3.2374337,,,,final,,,
food.faostat.agrifood-emissions-by-country,MKD,2005,3.1756946,,,,final,,,
food.faostat.agrifood-emissions-by-country,MKD,2006,3.2308841,,,,final,,,
food.faostat.agrifood-emissions-by-country,MKD,2007,3.3958689,,,,final,,,
food.faostat.agrifood-emissions-by-country,MKD,2008,3.4530473,,,,final,,,
food.faostat.agrifood-emissions-by-country,MKD,2009,3.1660839,,,,final,,,
food.faostat.agrifood-emissions-by-country,MKD,2010,3.0734658,,,,final,,,
food.faostat.agrifood-emissions-by-country,MKD,2011,3.1611127,,,,final,,,
food.faostat.agrifood-emissions-by-country,MKD,2012,2.968847,,,,final,,,
food.faostat.agrifood-emissions-by-country,MKD,2013,2.971691,,,,final,,,
food.faostat.agrifood-emissions-by-country,MKD,2014,3.0385733,,,,final,,,
food.faostat.agrifood-emissions-by-country,MKD,2015,3.082364,,,,final,,,
food.faostat.agrifood-emissions-by-country,MKD,2016,3.0940199,,,,final,,,
food.faostat.agrifood-emissions-by-country,MKD,2017,3.1730047,,,,final,,,
food.faostat.agrifood-emissions-by-country,MKD,2018,3.0740292,,,,final,,,
food.faostat.agrifood-emissions-by-country,MKD,2019,3.0318829,,,,final,,,
food.faostat.agrifood-emissions-by-country,MKD,2020,3.0242872,,,,final,,,
food.faostat.agrifood-emissions-by-country,MKD,2021,3.6481673,,,,final,,,
food.faostat.agrifood-emissions-by-country,MKD,2022,3.5320225,,,,final,,,
food.faostat.agrifood-emissions-by-country,MKD,2023,3.3634091,,,,final,,,
food.faostat.agrifood-emissions-by-country,MLI,1990,37.5926111,,,,final,,,
food.faostat.agrifood-emissions-by-country,MLI,1991,37.5589872,,,,final,,,
food.faostat.agrifood-emissions-by-country,MLI,1992,37.613657,,,,final,,,
food.faostat.agrifood-emissions-by-country,MLI,1993,37.7854738,,,,final,,,
food.faostat.agrifood-emissions-by-country,MLI,1994,38.0507382,,,,final,,,
food.faostat.agrifood-emissions-by-country,MLI,1995,38.4271959,,,,final,,,
food.faostat.agrifood-emissions-by-country,MLI,1996,40.1404013,,,,final,,,
food.faostat.agrifood-emissions-by-country,MLI,1997,40.393163,,,,final,,,
food.faostat.agrifood-emissions-by-country,MLI,1998,42.2462528,,,,final,,,
food.faostat.agrifood-emissions-by-country,MLI,1999,43.1603364,,,,final,,,
food.faostat.agrifood-emissions-by-country,MLI,2000,43.5869985,,,,final,,,
food.faostat.agrifood-emissions-by-country,MLI,2001,46.322083,,,,final,,,
food.faostat.agrifood-emissions-by-country,MLI,2002,46.8894321,,,,final,,,
food.faostat.agrifood-emissions-by-country,MLI,2003,47.5656662,,,,final,,,
food.faostat.agrifood-emissions-by-country,MLI,2004,49.8517404,,,,final,,,
food.faostat.agrifood-emissions-by-country,MLI,2005,50.6128005,,,,final,,,
food.faostat.agrifood-emissions-by-country,MLI,2006,50.661582,,,,final,,,
food.faostat.agrifood-emissions-by-country,MLI,2007,51.595435,,,,final,,,
food.faostat.agrifood-emissions-by-country,MLI,2008,52.9966051,,,,final,,,
food.faostat.agrifood-emissions-by-country,MLI,2009,52.7985247,,,,final,,,
food.faostat.agrifood-emissions-by-country,MLI,2010,54.2975189,,,,final,,,
food.faostat.agrifood-emissions-by-country,MLI,2011,57.2048359,,,,final,,,
food.faostat.agrifood-emissions-by-country,MLI,2012,58.0197829,,,,final,,,
food.faostat.agrifood-emissions-by-country,MLI,2013,58.9143081,,,,final,,,
food.faostat.agrifood-emissions-by-country,MLI,2014,59.7211163,,,,final,,,
food.faostat.agrifood-emissions-by-country,MLI,2015,60.8891401,,,,final,,,
food.faostat.agrifood-emissions-by-country,MLI,2016,59.7603659,,,,final,,,
food.faostat.agrifood-emissions-by-country,MLI,2017,60.3435827,,,,final,,,
food.faostat.agrifood-emissions-by-country,MLI,2018,61.4544824,,,,final,,,
food.faostat.agrifood-emissions-by-country,MLI,2019,63.1337682,,,,final,,,
food.faostat.agrifood-emissions-by-country,MLI,2020,64.7645624,,,,final,,,
food.faostat.agrifood-emissions-by-country,MLI,2021,63.7238353,,,,final,,,
food.faostat.agrifood-emissions-by-country,MLI,2022,64.4680634,,,,final,,,
food.faostat.agrifood-emissions-by-country,MLI,2023,66.0224059,,,,final,,,
food.faostat.agrifood-emissions-by-country,MLT,1990,0.3930425,,,,final,,,
food.faostat.agrifood-emissions-by-country,MLT,1991,0.3914698,,,,final,,,
food.faostat.agrifood-emissions-by-country,MLT,1992,0.4096771,,,,final,,,
food.faostat.agrifood-emissions-by-country,MLT,1993,0.4298477,,,,final,,,
food.faostat.agrifood-emissions-by-country,MLT,1994,0.4515417,,,,final,,,
food.faostat.agrifood-emissions-by-country,MLT,1995,0.4608746,,,,final,,,
food.faostat.agrifood-emissions-by-country,MLT,1996,0.4508369,,,,final,,,
food.faostat.agrifood-emissions-by-country,MLT,1997,0.4815605,,,,final,,,
food.faostat.agrifood-emissions-by-country,MLT,1998,0.4741305,,,,final,,,
food.faostat.agrifood-emissions-by-country,MLT,1999,0.4794478,,,,final,,,
food.faostat.agrifood-emissions-by-country,MLT,2000,0.463848,,,,final,,,
food.faostat.agrifood-emissions-by-country,MLT,2001,0.4923866,,,,final,,,
food.faostat.agrifood-emissions-by-country,MLT,2002,0.4836556,,,,final,,,
food.faostat.agrifood-emissions-by-country,MLT,2003,0.5057644,,,,final,,,
food.faostat.agrifood-emissions-by-country,MLT,2004,0.5057927,,,,final,,,
food.faostat.agrifood-emissions-by-country,MLT,2005,0.4871281,,,,final,,,
food.faostat.agrifood-emissions-by-country,MLT,2006,0.5495726,,,,final,,,
food.faostat.agrifood-emissions-by-country,MLT,2007,0.550986,,,,final,,,
food.faostat.agrifood-emissions-by-country,MLT,2008,0.5721958,,,,final,,,
food.faostat.agrifood-emissions-by-country,MLT,2009,0.5722876,,,,final,,,
food.faostat.agrifood-emissions-by-country,MLT,2010,0.6714088,,,,final,,,
food.faostat.agrifood-emissions-by-country,MLT,2011,0.6695026,,,,final,,,
food.faostat.agrifood-emissions-by-country,MLT,2012,0.7121907,,,,final,,,
food.faostat.agrifood-emissions-by-country,MLT,2013,0.687186,,,,final,,,
food.faostat.agrifood-emissions-by-country,MLT,2014,0.7042586,,,,final,,,
food.faostat.agrifood-emissions-by-country,MLT,2015,0.7142045,,,,final,,,
food.faostat.agrifood-emissions-by-country,MLT,2016,0.721289,,,,final,,,
food.faostat.agrifood-emissions-by-country,MLT,2017,0.6849635,,,,final,,,
food.faostat.agrifood-emissions-by-country,MLT,2018,0.6955248,,,,final,,,
food.faostat.agrifood-emissions-by-country,MLT,2019,0.7028433,,,,final,,,
food.faostat.agrifood-emissions-by-country,MLT,2020,0.6909341,,,,final,,,
food.faostat.agrifood-emissions-by-country,MLT,2021,0.687989,,,,final,,,
food.faostat.agrifood-emissions-by-country,MLT,2022,0.7199596,,,,final,,,
food.faostat.agrifood-emissions-by-country,MLT,2023,0.7237432,,,,final,,,
food.faostat.agrifood-emissions-by-country,MMR,1990,166.1156217,,,,final,,,
food.faostat.agrifood-emissions-by-country,MMR,1991,165.5573728,,,,final,,,
food.faostat.agrifood-emissions-by-country,MMR,1992,168.2917892,,,,final,,,
food.faostat.agrifood-emissions-by-country,MMR,1993,170.9195546,,,,final,,,
food.faostat.agrifood-emissions-by-country,MMR,1994,172.9004494,,,,final,,,
food.faostat.agrifood-emissions-by-country,MMR,1995,175.0310966,,,,final,,,
food.faostat.agrifood-emissions-by-country,MMR,1996,171.2544684,,,,final,,,
food.faostat.agrifood-emissions-by-country,MMR,1997,169.2784811,,,,final,,,
food.faostat.agrifood-emissions-by-country,MMR,1998,173.775725,,,,final,,,
food.faostat.agrifood-emissions-by-country,MMR,1999,178.0028809,,,,final,,,
food.faostat.agrifood-emissions-by-country,MMR,2000,175.2545459,,,,final,,,
food.faostat.agrifood-emissions-by-country,MMR,2001,156.7564879,,,,final,,,
food.faostat.agrifood-emissions-by-country,MMR,2002,156.8407062,,,,final,,,
food.faostat.agrifood-emissions-by-country,MMR,2003,167.4276588,,,,final,,,
food.faostat.agrifood-emissions-by-country,MMR,2004,178.8179288,,,,final,,,
food.faostat.agrifood-emissions-by-country,MMR,2005,171.0879435,,,,final,,,
food.faostat.agrifood-emissions-by-country,MMR,2006,176.0524426,,,,final,,,
food.faostat.agrifood-emissions-by-country,MMR,2007,184.8512814,,,,final,,,
food.faostat.agrifood-emissions-by-country,MMR,2008,175.7930908,,,,final,,,
food.faostat.agrifood-emissions-by-country,MMR,2009,184.2945025,,,,final,,,
food.faostat.agrifood-emissions-by-country,MMR,2010,190.0484057,,,,final,,,
food.faostat.agrifood-emissions-by-country,MMR,2011,168.7839007,,,,final,,,
food.faostat.agrifood-emissions-by-country,MMR,2012,172.3497882,,,,final,,,
food.faostat.agrifood-emissions-by-country,MMR,2013,174.6579751,,,,final,,,
food.faostat.agrifood-emissions-by-country,MMR,2014,179.1016202,,,,final,,,
food.faostat.agrifood-emissions-by-country,MMR,2015,183.1809145,,,,final,,,
food.faostat.agrifood-emissions-by-country,MMR,2016,179.3410813,,,,final,,,
food.faostat.agrifood-emissions-by-country,MMR,2017,182.2684705,,,,final,,,
food.faostat.agrifood-emissions-by-country,MMR,2018,163.8292524,,,,final,,,
food.faostat.agrifood-emissions-by-country,MMR,2019,162.8774372,,,,final,,,
food.faostat.agrifood-emissions-by-country,MMR,2020,168.3266886,,,,final,,,
food.faostat.agrifood-emissions-by-country,MMR,2021,163.2588649,,,,final,,,
food.faostat.agrifood-emissions-by-country,MMR,2022,158.995619,,,,final,,,
food.faostat.agrifood-emissions-by-country,MMR,2023,159.6703204,,,,final,,,
food.faostat.agrifood-emissions-by-country,MNE,2006,0.9692206,,,,final,,,
food.faostat.agrifood-emissions-by-country,MNE,2007,1.1169316,,,,final,,,
food.faostat.agrifood-emissions-by-country,MNE,2008,1.1228219,,,,final,,,
food.faostat.agrifood-emissions-by-country,MNE,2009,0.9794264,,,,final,,,
food.faostat.agrifood-emissions-by-country,MNE,2010,1.0432005,,,,final,,,
food.faostat.agrifood-emissions-by-country,MNE,2011,1.1359225,,,,final,,,
food.faostat.agrifood-emissions-by-country,MNE,2012,1.1321537,,,,final,,,
food.faostat.agrifood-emissions-by-country,MNE,2013,0.9989301,,,,final,,,
food.faostat.agrifood-emissions-by-country,MNE,2014,1.1209736,,,,final,,,
food.faostat.agrifood-emissions-by-country,MNE,2015,1.1511341,,,,final,,,
food.faostat.agrifood-emissions-by-country,MNE,2016,1.0989357,,,,final,,,
food.faostat.agrifood-emissions-by-country,MNE,2017,1.1570192,,,,final,,,
food.faostat.agrifood-emissions-by-country,MNE,2018,1.0932343,,,,final,,,
food.faostat.agrifood-emissions-by-country,MNE,2019,1.1080637,,,,final,,,
food.faostat.agrifood-emissions-by-country,MNE,2020,1.0670955,,,,final,,,
food.faostat.agrifood-emissions-by-country,MNE,2021,1.0829044,,,,final,,,
food.faostat.agrifood-emissions-by-country,MNE,2022,1.079256,,,,final,,,
food.faostat.agrifood-emissions-by-country,MNE,2023,1.096359,,,,final,,,
food.faostat.agrifood-emissions-by-country,MNG,1990,42.7671403,,,,final,,,
food.faostat.agrifood-emissions-by-country,MNG,1991,43.6219942,,,,final,,,
food.faostat.agrifood-emissions-by-country,MNG,1992,43.4238623,,,,final,,,
food.faostat.agrifood-emissions-by-country,MNG,1993,43.2252445,,,,final,,,
food.faostat.agrifood-emissions-by-country,MNG,1994,42.9587035,,,,final,,,
food.faostat.agrifood-emissions-by-country,MNG,1995,44.2281277,,,,final,,,
food.faostat.agrifood-emissions-by-country,MNG,1996,45.1402522,,,,final,,,
food.faostat.agrifood-emissions-by-country,MNG,1997,45.7161188,,,,final,,,
food.faostat.agrifood-emissions-by-country,MNG,1998,46.4466181,,,,final,,,
food.faostat.agrifood-emissions-by-country,MNG,1999,46.9327732,,,,final,,,
food.faostat.agrifood-emissions-by-country,MNG,2000,47.3084435,,,,final,,,
food.faostat.agrifood-emissions-by-country,MNG,2001,44.6204917,,,,final,,,
food.faostat.agrifood-emissions-by-country,MNG,2002,42.1682716,,,,final,,,
food.faostat.agrifood-emissions-by-country,MNG,2003,42.2339595,,,,final,,,
food.faostat.agrifood-emissions-by-country,MNG,2004,41.7952801,,,,final,,,
food.faostat.agrifood-emissions-by-country,MNG,2005,43.196473,,,,final,,,
food.faostat.agrifood-emissions-by-country,MNG,2006,44.695919,,,,final,,,
food.faostat.agrifood-emissions-by-country,MNG,2007,46.8349374,,,,final,,,
food.faostat.agrifood-emissions-by-country,MNG,2008,46.977113,,,,final,,,
food.faostat.agrifood-emissions-by-country,MNG,2009,47.4431682,,,,final,,,
food.faostat.agrifood-emissions-by-country,MNG,2010,43.9214199,,,,final,,,
food.faostat.agrifood-emissions-by-country,MNG,2011,45.3635573,,,,final,,,
food.faostat.agrifood-emissions-by-country,MNG,2012,47.3963061,,,,final,,,
food.faostat.agrifood-emissions-by-country,MNG,2013,48.789911,,,,final,,,
food.faostat.agrifood-emissions-by-country,MNG,2014,51.6762515,,,,final,,,
food.faostat.agrifood-emissions-by-country,MNG,2015,53.7461872,,,,final,,,
food.faostat.agrifood-emissions-by-country,MNG,2016,55.2928303,,,,final,,,
food.faostat.agrifood-emissions-by-country,MNG,2017,56.8988954,,,,final,,,
food.faostat.agrifood-emissions-by-country,MNG,2018,56.9521145,,,,final,,,
food.faostat.agrifood-emissions-by-country,MNG,2019,58.8603454,,,,final,,,
food.faostat.agrifood-emissions-by-country,MNG,2020,57.931668,,,,final,,,
food.faostat.agrifood-emissions-by-country,MNG,2021,58.6090098,,,,final,,,
food.faostat.agrifood-emissions-by-country,MNG,2022,60.934707,,,,final,,,
food.faostat.agrifood-emissions-by-country,MNG,2023,59.9354799,,,,final,,,
food.faostat.agrifood-emissions-by-country,MNP,1991,0.0016086,,,,final,,,
food.faostat.agrifood-emissions-by-country,MNP,1992,0.0059191,,,,final,,,
food.faostat.agrifood-emissions-by-country,MNP,1993,0.005932,,,,final,,,
food.faostat.agrifood-emissions-by-country,MNP,1994,0.0059435,,,,final,,,
food.faostat.agrifood-emissions-by-country,MNP,1995,0.0059806,,,,final,,,
food.faostat.agrifood-emissions-by-country,MNP,1996,0.0063165,,,,final,,,
food.faostat.agrifood-emissions-by-country,MNP,1997,0.0066552,,,,final,,,
food.faostat.agrifood-emissions-by-country,MNP,1998,0.0065267,,,,final,,,
food.faostat.agrifood-emissions-by-country,MNP,1999,0.0061988,,,,final,,,
food.faostat.agrifood-emissions-by-country,MNP,2000,0.006296,,,,final,,,
food.faostat.agrifood-emissions-by-country,MNP,2001,0.0062753,,,,final,,,
food.faostat.agrifood-emissions-by-country,MNP,2002,0.0057246,,,,final,,,
food.faostat.agrifood-emissions-by-country,MNP,2003,0.0066936,,,,final,,,
food.faostat.agrifood-emissions-by-country,MNP,2004,0.0063278,,,,final,,,
food.faostat.agrifood-emissions-by-country,MNP,2005,0.0065946,,,,final,,,
food.faostat.agrifood-emissions-by-country,MNP,2006,0.0065435,,,,final,,,
food.faostat.agrifood-emissions-by-country,MNP,2007,0.0051997,,,,final,,,
food.faostat.agrifood-emissions-by-country,MNP,2008,0.0046527,,,,final,,,
food.faostat.agrifood-emissions-by-country,MNP,2009,0.0047523,,,,final,,,
food.faostat.agrifood-emissions-by-country,MNP,2010,0.0048538,,,,final,,,
food.faostat.agrifood-emissions-by-country,MNP,2011,0.0052613,,,,final,,,
food.faostat.agrifood-emissions-by-country,MNP,2012,0.0048158,,,,final,,,
food.faostat.agrifood-emissions-by-country,MNP,2013,0.0046428,,,,final,,,
food.faostat.agrifood-emissions-by-country,MNP,2014,0.004625,,,,final,,,
food.faostat.agrifood-emissions-by-country,MNP,2015,0.0047756,,,,final,,,
food.faostat.agrifood-emissions-by-country,MNP,2016,0.0048765,,,,final,,,
food.faostat.agrifood-emissions-by-country,MNP,2017,0.0051009,,,,final,,,
food.faostat.agrifood-emissions-by-country,MNP,2018,0.0049294,,,,final,,,
food.faostat.agrifood-emissions-by-country,MNP,2019,0.0048848,,,,final,,,
food.faostat.agrifood-emissions-by-country,MNP,2020,0.0039584,,,,final,,,
food.faostat.agrifood-emissions-by-country,MNP,2021,0.0041757,,,,final,,,
food.faostat.agrifood-emissions-by-country,MNP,2022,0.0039883,,,,final,,,
food.faostat.agrifood-emissions-by-country,MNP,2023,0.0038938,,,,final,,,
food.faostat.agrifood-emissions-by-country,MOZ,1990,64.1585939,,,,final,,,
food.faostat.agrifood-emissions-by-country,MOZ,1991,64.3877177,,,,final,,,
food.faostat.agrifood-emissions-by-country,MOZ,1992,64.7924577,,,,final,,,
food.faostat.agrifood-emissions-by-country,MOZ,1993,65.1832784,,,,final,,,
food.faostat.agrifood-emissions-by-country,MOZ,1994,65.4351705,,,,final,,,
food.faostat.agrifood-emissions-by-country,MOZ,1995,65.6762622,,,,final,,,
food.faostat.agrifood-emissions-by-country,MOZ,1996,60.9841256,,,,final,,,
food.faostat.agrifood-emissions-by-country,MOZ,1997,59.4825263,,,,final,,,
food.faostat.agrifood-emissions-by-country,MOZ,1998,62.0592844,,,,final,,,
food.faostat.agrifood-emissions-by-country,MOZ,1999,60.8742648,,,,final,,,
food.faostat.agrifood-emissions-by-country,MOZ,2000,59.1643462,,,,final,,,
food.faostat.agrifood-emissions-by-country,MOZ,2001,65.6363474,,,,final,,,
food.faostat.agrifood-emissions-by-country,MOZ,2002,66.5661094,,,,final,,,
food.faostat.agrifood-emissions-by-country,MOZ,2003,68.3096954,,,,final,,,
food.faostat.agrifood-emissions-by-country,MOZ,2004,67.1350647,,,,final,,,
food.faostat.agrifood-emissions-by-country,MOZ,2005,69.7049128,,,,final,,,
food.faostat.agrifood-emissions-by-country,MOZ,2006,68.7128741,,,,final,,,
food.faostat.agrifood-emissions-by-country,MOZ,2007,70.5778607,,,,final,,,
food.faostat.agrifood-emissions-by-country,MOZ,2008,72.268792,,,,final,,,
food.faostat.agrifood-emissions-by-country,MOZ,2009,69.5054933,,,,final,,,
food.faostat.agrifood-emissions-by-country,MOZ,2010,72.7575943,,,,final,,,
food.faostat.agrifood-emissions-by-country,MOZ,2011,69.9984982,,,,final,,,
food.faostat.agrifood-emissions-by-country,MOZ,2012,72.2397697,,,,final,,,
food.faostat.agrifood-emissions-by-country,MOZ,2013,72.8961734,,,,final,,,
food.faostat.agrifood-emissions-by-country,MOZ,2014,72.7044729,,,,final,,,
food.faostat.agrifood-emissions-by-country,MOZ,2015,71.7402437,,,,final,,,
food.faostat.agrifood-emissions-by-country,MOZ,2016,72.6166012,,,,final,,,
food.faostat.agrifood-emissions-by-country,MOZ,2017,71.5470159,,,,final,,,
food.faostat.agrifood-emissions-by-country,MOZ,2018,72.8779522,,,,final,,,
food.faostat.agrifood-emissions-by-country,MOZ,2019,71.3583791,,,,final,,,
food.faostat.agrifood-emissions-by-country,MOZ,2020,70.3092456,,,,final,,,
food.faostat.agrifood-emissions-by-country,MOZ,2021,69.9802358,,,,final,,,
food.faostat.agrifood-emissions-by-country,MOZ,2022,72.7680564,,,,final,,,
food.faostat.agrifood-emissions-by-country,MOZ,2023,68.9461971,,,,final,,,
food.faostat.agrifood-emissions-by-country,MRT,1990,7.1078731,,,,final,,,
food.faostat.agrifood-emissions-by-country,MRT,1991,7.3329713,,,,final,,,
food.faostat.agrifood-emissions-by-country,MRT,1992,7.1631508,,,,final,,,
food.faostat.agrifood-emissions-by-country,MRT,1993,7.3374386,,,,final,,,
food.faostat.agrifood-emissions-by-country,MRT,1994,7.2220954,,,,final,,,
food.faostat.agrifood-emissions-by-country,MRT,1995,7.2583363,,,,final,,,
food.faostat.agrifood-emissions-by-country,MRT,1996,7.7842736,,,,final,,,
food.faostat.agrifood-emissions-by-country,MRT,1997,8.13167,,,,final,,,
food.faostat.agrifood-emissions-by-country,MRT,1998,8.4639882,,,,final,,,
food.faostat.agrifood-emissions-by-country,MRT,1999,9.0096073,,,,final,,,
food.faostat.agrifood-emissions-by-country,MRT,2000,9.4588526,,,,final,,,
food.faostat.agrifood-emissions-by-country,MRT,2001,9.5568013,,,,final,,,
food.faostat.agrifood-emissions-by-country,MRT,2002,9.5822833,,,,final,,,
food.faostat.agrifood-emissions-by-country,MRT,2003,9.7508337,,,,final,,,
food.faostat.agrifood-emissions-by-country,MRT,2004,9.7065178,,,,final,,,
food.faostat.agrifood-emissions-by-country,MRT,2005,9.8029014,,,,final,,,
food.faostat.agrifood-emissions-by-country,MRT,2006,10.0846568,,,,final,,,
food.faostat.agrifood-emissions-by-country,MRT,2007,10.0302193,,,,final,,,
food.faostat.agrifood-emissions-by-country,MRT,2008,9.2114137,,,,final,,,
food.faostat.agrifood-emissions-by-country,MRT,2009,9.7977701,,,,final,,,
food.faostat.agrifood-emissions-by-country,MRT,2010,10.1877382,,,,final,,,
food.faostat.agrifood-emissions-by-country,MRT,2011,10.2772085,,,,final,,,
food.faostat.agrifood-emissions-by-country,MRT,2012,10.5872859,,,,final,,,
food.faostat.agrifood-emissions-by-country,MRT,2013,10.8222212,,,,final,,,
food.faostat.agrifood-emissions-by-country,MRT,2014,11.0632387,,,,final,,,
food.faostat.agrifood-emissions-by-country,MRT,2015,11.4231962,,,,final,,,
food.faostat.agrifood-emissions-by-country,MRT,2016,11.3658989,,,,final,,,
food.faostat.agrifood-emissions-by-country,MRT,2017,11.554624,,,,final,,,
food.faostat.agrifood-emissions-by-country,MRT,2018,11.5681304,,,,final,,,
food.faostat.agrifood-emissions-by-country,MRT,2019,11.7991351,,,,final,,,
food.faostat.agrifood-emissions-by-country,MRT,2020,12.0573679,,,,final,,,
food.faostat.agrifood-emissions-by-country,MRT,2021,12.3596643,,,,final,,,
food.faostat.agrifood-emissions-by-country,MRT,2022,12.3422381,,,,final,,,
food.faostat.agrifood-emissions-by-country,MRT,2023,12.560706,,,,final,,,
food.faostat.agrifood-emissions-by-country,MSR,1990,0.0281248,,,,final,,,
food.faostat.agrifood-emissions-by-country,MSR,1991,0.0281346,,,,final,,,
food.faostat.agrifood-emissions-by-country,MSR,1992,0.0281369,,,,final,,,
food.faostat.agrifood-emissions-by-country,MSR,1993,0.0281394,,,,final,,,
food.faostat.agrifood-emissions-by-country,MSR,1994,0.0284933,,,,final,,,
food.faostat.agrifood-emissions-by-country,MSR,1995,0.0284934,,,,final,,,
food.faostat.agrifood-emissions-by-country,MSR,1996,0.028503,,,,final,,,
food.faostat.agrifood-emissions-by-country,MSR,1997,0.028503,,,,final,,,
food.faostat.agrifood-emissions-by-country,MSR,1998,0.028503,,,,final,,,
food.faostat.agrifood-emissions-by-country,MSR,1999,0.029351,,,,final,,,
food.faostat.agrifood-emissions-by-country,MSR,2000,0.0291142,,,,final,,,
food.faostat.agrifood-emissions-by-country,MSR,2001,0.0020776,,,,final,,,
food.faostat.agrifood-emissions-by-country,MSR,2002,0.0033674,,,,final,,,
food.faostat.agrifood-emissions-by-country,MSR,2003,0.0025731,,,,final,,,
food.faostat.agrifood-emissions-by-country,MSR,2004,0.0038485,,,,final,,,
food.faostat.agrifood-emissions-by-country,MSR,2005,0.002648,,,,final,,,
food.faostat.agrifood-emissions-by-country,MSR,2006,0.0026314,,,,final,,,
food.faostat.agrifood-emissions-by-country,MSR,2007,0.0025028,,,,final,,,
food.faostat.agrifood-emissions-by-country,MSR,2008,0.0028772,,,,final,,,
food.faostat.agrifood-emissions-by-country,MSR,2009,0.0029855,,,,final,,,
food.faostat.agrifood-emissions-by-country,MSR,2010,0.0050671,,,,final,,,
food.faostat.agrifood-emissions-by-country,MSR,2011,0.0037339,,,,final,,,
food.faostat.agrifood-emissions-by-country,MSR,2012,0.0036514,,,,final,,,
food.faostat.agrifood-emissions-by-country,MSR,2013,0.003586,,,,final,,,
food.faostat.agrifood-emissions-by-country,MSR,2014,0.0031581,,,,final,,,
food.faostat.agrifood-emissions-by-country,MSR,2015,0.0031949,,,,final,,,
food.faostat.agrifood-emissions-by-country,MSR,2016,0.0018395,,,,final,,,
food.faostat.agrifood-emissions-by-country,MSR,2017,0.0023085,,,,final,,,
food.faostat.agrifood-emissions-by-country,MSR,2018,0.0022447,,,,final,,,
food.faostat.agrifood-emissions-by-country,MSR,2019,0.0018479,,,,final,,,
food.faostat.agrifood-emissions-by-country,MSR,2020,0.0018583,,,,final,,,
food.faostat.agrifood-emissions-by-country,MSR,2021,0.0021656,,,,final,,,
food.faostat.agrifood-emissions-by-country,MSR,2022,0.0036643,,,,final,,,
food.faostat.agrifood-emissions-by-country,MSR,2023,0.003614,,,,final,,,
food.faostat.agrifood-emissions-by-country,MTQ,1990,0.2134384,,,,final,,,
food.faostat.agrifood-emissions-by-country,MTQ,1991,0.2065074,,,,final,,,
food.faostat.agrifood-emissions-by-country,MTQ,1992,0.2092463,,,,final,,,
food.faostat.agrifood-emissions-by-country,MTQ,1993,0.1941629,,,,final,,,
food.faostat.agrifood-emissions-by-country,MTQ,1994,0.1779029,,,,final,,,
food.faostat.agrifood-emissions-by-country,MTQ,1995,0.1764003,,,,final,,,
food.faostat.agrifood-emissions-by-country,MTQ,1996,0.1861436,,,,final,,,
food.faostat.agrifood-emissions-by-country,MTQ,1997,0.1825853,,,,final,,,
food.faostat.agrifood-emissions-by-country,MTQ,1998,0.1926772,,,,final,,,
food.faostat.agrifood-emissions-by-country,MTQ,1999,0.1764214,,,,final,,,
food.faostat.agrifood-emissions-by-country,MTQ,2000,0.1719696,,,,final,,,
food.faostat.agrifood-emissions-by-country,MTQ,2001,0.1917405,,,,final,,,
food.faostat.agrifood-emissions-by-country,MTQ,2002,0.1551053,,,,final,,,
food.faostat.agrifood-emissions-by-country,MTQ,2003,0.1505642,,,,final,,,
food.faostat.agrifood-emissions-by-country,MTQ,2004,0.1509766,,,,final,,,
food.faostat.agrifood-emissions-by-country,MTQ,2005,0.1423784,,,,final,,,
food.faostat.agrifood-emissions-by-country,MTQ,2006,0.1491256,,,,final,,,
food.faostat.agrifood-emissions-by-country,MTQ,2007,0.0937841,,,,final,,,
food.faostat.agrifood-emissions-by-country,MTQ,2008,0.096704,,,,final,,,
food.faostat.agrifood-emissions-by-country,MTQ,2009,0.0987254,,,,final,,,
food.faostat.agrifood-emissions-by-country,MTQ,2010,0.0956365,,,,final,,,
food.faostat.agrifood-emissions-by-country,MTQ,2011,0.0024126,,,,final,,,
food.faostat.agrifood-emissions-by-country,MTQ,2012,0.0025687,,,,final,,,
food.faostat.agrifood-emissions-by-country,MTQ,2013,0.0027542,,,,final,,,
food.faostat.agrifood-emissions-by-country,MTQ,2014,0.0025101,,,,final,,,
food.faostat.agrifood-emissions-by-country,MTQ,2015,0.002508,,,,final,,,
food.faostat.agrifood-emissions-by-country,MTQ,2016,0.0023381,,,,final,,,
food.faostat.agrifood-emissions-by-country,MTQ,2017,0.0022275,,,,final,,,
food.faostat.agrifood-emissions-by-country,MTQ,2018,0.002902,,,,final,,,
food.faostat.agrifood-emissions-by-country,MTQ,2019,0.002849,,,,final,,,
food.faostat.agrifood-emissions-by-country,MTQ,2020,0.0028225,,,,final,,,
food.faostat.agrifood-emissions-by-country,MTQ,2021,0.0025045,,,,final,,,
food.faostat.agrifood-emissions-by-country,MTQ,2022,0.002266,,,,final,,,
food.faostat.agrifood-emissions-by-country,MTQ,2023,0.002266,,,,final,,,
food.faostat.agrifood-emissions-by-country,MUS,1990,0.462668,,,,final,,,
food.faostat.agrifood-emissions-by-country,MUS,1991,0.4881729,,,,final,,,
food.faostat.agrifood-emissions-by-country,MUS,1992,0.4919833,,,,final,,,
food.faostat.agrifood-emissions-by-country,MUS,1993,0.4995297,,,,final,,,
food.faostat.agrifood-emissions-by-country,MUS,1994,0.5130927,,,,final,,,
food.faostat.agrifood-emissions-by-country,MUS,1995,0.5460965,,,,final,,,
food.faostat.agrifood-emissions-by-country,MUS,1996,0.5814319,,,,final,,,
food.faostat.agrifood-emissions-by-country,MUS,1997,0.5851638,,,,final,,,
food.faostat.agrifood-emissions-by-country,MUS,1998,0.5919207,,,,final,,,
food.faostat.agrifood-emissions-by-country,MUS,1999,0.6340313,,,,final,,,
food.faostat.agrifood-emissions-by-country,MUS,2000,0.6534328,,,,final,,,
food.faostat.agrifood-emissions-by-country,MUS,2001,0.775448,,,,final,,,
food.faostat.agrifood-emissions-by-country,MUS,2002,0.7355773,,,,final,,,
food.faostat.agrifood-emissions-by-country,MUS,2003,0.7153621,,,,final,,,
food.faostat.agrifood-emissions-by-country,MUS,2004,0.7207582,,,,final,,,
food.faostat.agrifood-emissions-by-country,MUS,2005,0.6669939,,,,final,,,
food.faostat.agrifood-emissions-by-country,MUS,2006,0.7141216,,,,final,,,
food.faostat.agrifood-emissions-by-country,MUS,2007,1.1158352,,,,final,,,
food.faostat.agrifood-emissions-by-country,MUS,2008,1.1941278,,,,final,,,
food.faostat.agrifood-emissions-by-country,MUS,2009,1.2438583,,,,final,,,
food.faostat.agrifood-emissions-by-country,MUS,2010,1.2985355,,,,final,,,
food.faostat.agrifood-emissions-by-country,MUS,2011,1.2693338,,,,final,,,
food.faostat.agrifood-emissions-by-country,MUS,2012,1.3334636,,,,final,,,
food.faostat.agrifood-emissions-by-country,MUS,2013,1.3681578,,,,final,,,
food.faostat.agrifood-emissions-by-country,MUS,2014,1.4600925,,,,final,,,
food.faostat.agrifood-emissions-by-country,MUS,2015,1.4553498,,,,final,,,
food.faostat.agrifood-emissions-by-country,MUS,2016,1.5126884,,,,final,,,
food.faostat.agrifood-emissions-by-country,MUS,2017,1.6133868,,,,final,,,
food.faostat.agrifood-emissions-by-country,MUS,2018,1.6349265,,,,final,,,
food.faostat.agrifood-emissions-by-country,MUS,2019,1.6950717,,,,final,,,
food.faostat.agrifood-emissions-by-country,MUS,2020,1.6970405,,,,final,,,
food.faostat.agrifood-emissions-by-country,MUS,2021,1.7850707,,,,final,,,
food.faostat.agrifood-emissions-by-country,MUS,2022,1.8012743,,,,final,,,
food.faostat.agrifood-emissions-by-country,MUS,2023,1.8100146,,,,final,,,
food.faostat.agrifood-emissions-by-country,MWI,1990,10.961529,,,,final,,,
food.faostat.agrifood-emissions-by-country,MWI,1991,11.0721343,,,,final,,,
food.faostat.agrifood-emissions-by-country,MWI,1992,11.0816866,,,,final,,,
food.faostat.agrifood-emissions-by-country,MWI,1993,11.1046933,,,,final,,,
food.faostat.agrifood-emissions-by-country,MWI,1994,10.711309,,,,final,,,
food.faostat.agrifood-emissions-by-country,MWI,1995,10.907168,,,,final,,,
food.faostat.agrifood-emissions-by-country,MWI,1996,10.9520509,,,,final,,,
food.faostat.agrifood-emissions-by-country,MWI,1997,10.8624255,,,,final,,,
food.faostat.agrifood-emissions-by-country,MWI,1998,11.0582531,,,,final,,,
food.faostat.agrifood-emissions-by-country,MWI,1999,11.0306833,,,,final,,,
food.faostat.agrifood-emissions-by-country,MWI,2000,11.0621145,,,,final,,,
food.faostat.agrifood-emissions-by-country,MWI,2001,11.0583283,,,,final,,,
food.faostat.agrifood-emissions-by-country,MWI,2002,11.3962539,,,,final,,,
food.faostat.agrifood-emissions-by-country,MWI,2003,11.8385919,,,,final,,,
food.faostat.agrifood-emissions-by-country,MWI,2004,11.6742457,,,,final,,,
food.faostat.agrifood-emissions-by-country,MWI,2005,12.0750888,,,,final,,,
food.faostat.agrifood-emissions-by-country,MWI,2006,11.964461,,,,final,,,
food.faostat.agrifood-emissions-by-country,MWI,2007,12.389174,,,,final,,,
food.faostat.agrifood-emissions-by-country,MWI,2008,13.2107593,,,,final,,,
food.faostat.agrifood-emissions-by-country,MWI,2009,13.0941957,,,,final,,,
food.faostat.agrifood-emissions-by-country,MWI,2010,14.1666692,,,,final,,,
food.faostat.agrifood-emissions-by-country,MWI,2011,14.0874044,,,,final,,,
food.faostat.agrifood-emissions-by-country,MWI,2012,14.5219915,,,,final,,,
food.faostat.agrifood-emissions-by-country,MWI,2013,14.600217,,,,final,,,
food.faostat.agrifood-emissions-by-country,MWI,2014,15.1453793,,,,final,,,
food.faostat.agrifood-emissions-by-country,MWI,2015,15.5177436,,,,final,,,
food.faostat.agrifood-emissions-by-country,MWI,2016,15.9928499,,,,final,,,
food.faostat.agrifood-emissions-by-country,MWI,2017,16.0312337,,,,final,,,
food.faostat.agrifood-emissions-by-country,MWI,2018,17.3346638,,,,final,,,
food.faostat.agrifood-emissions-by-country,MWI,2019,18.3901015,,,,final,,,
food.faostat.agrifood-emissions-by-country,MWI,2020,18.9517854,,,,final,,,
food.faostat.agrifood-emissions-by-country,MWI,2021,18.9978759,,,,final,,,
food.faostat.agrifood-emissions-by-country,MWI,2022,19.3068408,,,,final,,,
food.faostat.agrifood-emissions-by-country,MWI,2023,20.7086525,,,,final,,,
food.faostat.agrifood-emissions-by-country,MYS,1990,91.4965353,,,,final,,,
food.faostat.agrifood-emissions-by-country,MYS,1991,91.5475741,,,,final,,,
food.faostat.agrifood-emissions-by-country,MYS,1992,92.1829246,,,,final,,,
food.faostat.agrifood-emissions-by-country,MYS,1993,92.8515527,,,,final,,,
food.faostat.agrifood-emissions-by-country,MYS,1994,93.9345425,,,,final,,,
food.faostat.agrifood-emissions-by-country,MYS,1995,93.9928577,,,,final,,,
food.faostat.agrifood-emissions-by-country,MYS,1996,91.6449919,,,,final,,,
food.faostat.agrifood-emissions-by-country,MYS,1997,93.6681318,,,,final,,,
food.faostat.agrifood-emissions-by-country,MYS,1998,126.2119604,,,,final,,,
food.faostat.agrifood-emissions-by-country,MYS,1999,94.3313815,,,,final,,,
food.faostat.agrifood-emissions-by-country,MYS,2000,95.9575573,,,,final,,,
food.faostat.agrifood-emissions-by-country,MYS,2001,82.9791763,,,,final,,,
food.faostat.agrifood-emissions-by-country,MYS,2002,93.1010055,,,,final,,,
food.faostat.agrifood-emissions-by-country,MYS,2003,93.0878164,,,,final,,,
food.faostat.agrifood-emissions-by-country,MYS,2004,103.9539738,,,,final,,,
food.faostat.agrifood-emissions-by-country,MYS,2005,109.3035234,,,,final,,,
food.faostat.agrifood-emissions-by-country,MYS,2006,98.1480741,,,,final,,,
food.faostat.agrifood-emissions-by-country,MYS,2007,109.162766,,,,final,,,
food.faostat.agrifood-emissions-by-country,MYS,2008,106.6338169,,,,final,,,
food.faostat.agrifood-emissions-by-country,MYS,2009,122.5785959,,,,final,,,
food.faostat.agrifood-emissions-by-country,MYS,2010,122.5575984,,,,final,,,
food.faostat.agrifood-emissions-by-country,MYS,2011,86.7051707,,,,final,,,
food.faostat.agrifood-emissions-by-country,MYS,2012,83.8330075,,,,final,,,
food.faostat.agrifood-emissions-by-country,MYS,2013,89.1837405,,,,final,,,
food.faostat.agrifood-emissions-by-country,MYS,2014,107.3271381,,,,final,,,
food.faostat.agrifood-emissions-by-country,MYS,2015,91.0902598,,,,final,,,
food.faostat.agrifood-emissions-by-country,MYS,2016,150.9547539,,,,final,,,
food.faostat.agrifood-emissions-by-country,MYS,2017,143.6393339,,,,final,,,
food.faostat.agrifood-emissions-by-country,MYS,2018,149.7601672,,,,final,,,
food.faostat.agrifood-emissions-by-country,MYS,2019,152.4281152,,,,final,,,
food.faostat.agrifood-emissions-by-country,MYS,2020,145.561631,,,,final,,,
food.faostat.agrifood-emissions-by-country,MYS,2021,144.8614936,,,,final,,,
food.faostat.agrifood-emissions-by-country,MYS,2022,142.5801854,,,,final,,,
food.faostat.agrifood-emissions-by-country,MYS,2023,143.1652031,,,,final,,,
food.faostat.agrifood-emissions-by-country,MYT,1990,0.2317083,,,,final,,,
food.faostat.agrifood-emissions-by-country,MYT,1991,0.2320621,,,,final,,,
food.faostat.agrifood-emissions-by-country,MYT,1992,0.2324902,,,,final,,,
food.faostat.agrifood-emissions-by-country,MYT,1993,0.2328439,,,,final,,,
food.faostat.agrifood-emissions-by-country,MYT,1994,0.2331458,,,,final,,,
food.faostat.agrifood-emissions-by-country,MYT,1995,0.233438,,,,final,,,
food.faostat.agrifood-emissions-by-country,MYT,1996,0.2338127,,,,final,,,
food.faostat.agrifood-emissions-by-country,MYT,1997,0.2342791,,,,final,,,
food.faostat.agrifood-emissions-by-country,MYT,1998,0.2347237,,,,final,,,
food.faostat.agrifood-emissions-by-country,MYT,1999,0.2351193,,,,final,,,
food.faostat.agrifood-emissions-by-country,MYT,2000,0.2351961,,,,final,,,
food.faostat.agrifood-emissions-by-country,MYT,2001,0.2329383,,,,final,,,
food.faostat.agrifood-emissions-by-country,MYT,2002,0.2333362,,,,final,,,
food.faostat.agrifood-emissions-by-country,MYT,2003,0.2339173,,,,final,,,
food.faostat.agrifood-emissions-by-country,MYT,2004,0.2344813,,,,final,,,
food.faostat.agrifood-emissions-by-country,MYT,2005,0.2356134,,,,final,,,
food.faostat.agrifood-emissions-by-country,MYT,2006,0.2360956,,,,final,,,
food.faostat.agrifood-emissions-by-country,MYT,2007,0.2366396,,,,final,,,
food.faostat.agrifood-emissions-by-country,MYT,2008,0.2374865,,,,final,,,
food.faostat.agrifood-emissions-by-country,MYT,2009,0.2378692,,,,final,,,
food.faostat.agrifood-emissions-by-country,MYT,2010,0.2378577,,,,final,,,
food.faostat.agrifood-emissions-by-country,MYT,2011,0.0403935,,,,final,,,
food.faostat.agrifood-emissions-by-country,MYT,2012,0.0403808,,,,final,,,
food.faostat.agrifood-emissions-by-country,MYT,2013,0.0404018,,,,final,,,
food.faostat.agrifood-emissions-by-country,MYT,2014,0.0404018,,,,final,,,
food.faostat.agrifood-emissions-by-country,MYT,2015,0.0404018,,,,final,,,
food.faostat.agrifood-emissions-by-country,MYT,2016,0.0384017,,,,final,,,
food.faostat.agrifood-emissions-by-country,MYT,2017,0.0384017,,,,final,,,
food.faostat.agrifood-emissions-by-country,MYT,2018,0.038398,,,,final,,,
food.faostat.agrifood-emissions-by-country,MYT,2019,0.038398,,,,final,,,
food.faostat.agrifood-emissions-by-country,MYT,2020,0.038398,,,,final,,,
food.faostat.agrifood-emissions-by-country,MYT,2021,0.031635,,,,final,,,
food.faostat.agrifood-emissions-by-country,MYT,2022,0.0316262,,,,final,,,
food.faostat.agrifood-emissions-by-country,MYT,2023,0.0316262,,,,final,,,
food.faostat.agrifood-emissions-by-country,NAM,1990,18.323932,,,,final,,,
food.faostat.agrifood-emissions-by-country,NAM,1991,18.8013375,,,,final,,,
food.faostat.agrifood-emissions-by-country,NAM,1992,18.6915626,,,,final,,,
food.faostat.agrifood-emissions-by-country,NAM,1993,18.4032063,,,,final,,,
food.faostat.agrifood-emissions-by-country,NAM,1994,18.4363639,,,,final,,,
food.faostat.agrifood-emissions-by-country,NAM,1995,18.4888376,,,,final,,,
food.faostat.agrifood-emissions-by-country,NAM,1996,18.4547444,,,,final,,,
food.faostat.agrifood-emissions-by-country,NAM,1997,18.2055508,,,,final,,,
food.faostat.agrifood-emissions-by-country,NAM,1998,18.8218097,,,,final,,,
food.faostat.agrifood-emissions-by-country,NAM,1999,18.799498,,,,final,,,
food.faostat.agrifood-emissions-by-country,NAM,2000,19.6922242,,,,final,,,
food.faostat.agrifood-emissions-by-country,NAM,2001,8.760725,,,,final,,,
food.faostat.agrifood-emissions-by-country,NAM,2002,7.8202646,,,,final,,,
food.faostat.agrifood-emissions-by-country,NAM,2003,8.3269628,,,,final,,,
food.faostat.agrifood-emissions-by-country,NAM,2004,8.7632447,,,,final,,,
food.faostat.agrifood-emissions-by-country,NAM,2005,9.5205429,,,,final,,,
food.faostat.agrifood-emissions-by-country,NAM,2006,10.8701125,,,,final,,,
food.faostat.agrifood-emissions-by-country,NAM,2007,9.9787742,,,,final,,,
food.faostat.agrifood-emissions-by-country,NAM,2008,8.0768794,,,,final,,,
food.faostat.agrifood-emissions-by-country,NAM,2009,11.1025847,,,,final,,,
food.faostat.agrifood-emissions-by-country,NAM,2010,10.3474332,,,,final,,,
food.faostat.agrifood-emissions-by-country,NAM,2011,15.3891145,,,,final,,,
food.faostat.agrifood-emissions-by-country,NAM,2012,16.9743802,,,,final,,,
food.faostat.agrifood-emissions-by-country,NAM,2013,8.7393283,,,,final,,,
food.faostat.agrifood-emissions-by-country,NAM,2014,7.8964177,,,,final,,,
food.faostat.agrifood-emissions-by-country,NAM,2015,7.8326042,,,,final,,,
food.faostat.agrifood-emissions-by-country,NAM,2016,8.4720577,,,,final,,,
food.faostat.agrifood-emissions-by-country,NAM,2017,8.4591279,,,,final,,,
food.faostat.agrifood-emissions-by-country,NAM,2018,7.5453043,,,,final,,,
food.faostat.agrifood-emissions-by-country,NAM,2019,6.4496685,,,,final,,,
food.faostat.agrifood-emissions-by-country,NAM,2020,9.3370134,,,,final,,,
food.faostat.agrifood-emissions-by-country,NAM,2021,9.7908519,,,,final,,,
food.faostat.agrifood-emissions-by-country,NAM,2022,8.6173392,,,,final,,,
food.faostat.agrifood-emissions-by-country,NAM,2023,9.3059626,,,,final,,,
food.faostat.agrifood-emissions-by-country,NCL,1990,0.4286969,,,,final,,,
food.faostat.agrifood-emissions-by-country,NCL,1991,0.433979,,,,final,,,
food.faostat.agrifood-emissions-by-country,NCL,1992,0.4285493,,,,final,,,
food.faostat.agrifood-emissions-by-country,NCL,1993,0.4146966,,,,final,,,
food.faostat.agrifood-emissions-by-country,NCL,1994,0.3930809,,,,final,,,
food.faostat.agrifood-emissions-by-country,NCL,1995,0.4042608,,,,final,,,
food.faostat.agrifood-emissions-by-country,NCL,1996,0.4046384,,,,final,,,
food.faostat.agrifood-emissions-by-country,NCL,1997,0.4039783,,,,final,,,
food.faostat.agrifood-emissions-by-country,NCL,1998,0.3586891,,,,final,,,
food.faostat.agrifood-emissions-by-country,NCL,1999,0.4019507,,,,final,,,
food.faostat.agrifood-emissions-by-country,NCL,2000,0.3983935,,,,final,,,
food.faostat.agrifood-emissions-by-country,NCL,2001,0.3800755,,,,final,,,
food.faostat.agrifood-emissions-by-country,NCL,2002,0.4274593,,,,final,,,
food.faostat.agrifood-emissions-by-country,NCL,2003,0.4248809,,,,final,,,
food.faostat.agrifood-emissions-by-country,NCL,2004,0.4393557,,,,final,,,
food.faostat.agrifood-emissions-by-country,NCL,2005,0.4322315,,,,final,,,
food.faostat.agrifood-emissions-by-country,NCL,2006,0.3931637,,,,final,,,
food.faostat.agrifood-emissions-by-country,NCL,2007,0.4099488,,,,final,,,
food.faostat.agrifood-emissions-by-country,NCL,2008,0.4209762,,,,final,,,
food.faostat.agrifood-emissions-by-country,NCL,2009,0.4178017,,,,final,,,
food.faostat.agrifood-emissions-by-country,NCL,2010,0.4258383,,,,final,,,
food.faostat.agrifood-emissions-by-country,NCL,2011,0.799353,,,,final,,,
food.faostat.agrifood-emissions-by-country,NCL,2012,0.7800207,,,,final,,,
food.faostat.agrifood-emissions-by-country,NCL,2013,0.8089801,,,,final,,,
food.faostat.agrifood-emissions-by-country,NCL,2014,0.799629,,,,final,,,
food.faostat.agrifood-emissions-by-country,NCL,2015,0.7974855,,,,final,,,
food.faostat.agrifood-emissions-by-country,NCL,2016,0.4366504,,,,final,,,
food.faostat.agrifood-emissions-by-country,NCL,2017,0.4309313,,,,final,,,
food.faostat.agrifood-emissions-by-country,NCL,2018,0.4285876,,,,final,,,
food.faostat.agrifood-emissions-by-country,NCL,2019,0.4520584,,,,final,,,
food.faostat.agrifood-emissions-by-country,NCL,2020,0.432223,,,,final,,,
food.faostat.agrifood-emissions-by-country,NCL,2021,0.4305539,,,,final,,,
food.faostat.agrifood-emissions-by-country,NCL,2022,0.4251292,,,,final,,,
food.faostat.agrifood-emissions-by-country,NCL,2023,0.4507787,,,,final,,,
food.faostat.agrifood-emissions-by-country,NER,1990,17.3936636,,,,final,,,
food.faostat.agrifood-emissions-by-country,NER,1991,17.8363313,,,,final,,,
food.faostat.agrifood-emissions-by-country,NER,1992,18.3267162,,,,final,,,
food.faostat.agrifood-emissions-by-country,NER,1993,18.821668,,,,final,,,
food.faostat.agrifood-emissions-by-country,NER,1994,19.2883966,,,,final,,,
food.faostat.agrifood-emissions-by-country,NER,1995,19.8362583,,,,final,,,
food.faostat.agrifood-emissions-by-country,NER,1996,20.4453683,,,,final,,,
food.faostat.agrifood-emissions-by-country,NER,1997,20.9836306,,,,final,,,
food.faostat.agrifood-emissions-by-country,NER,1998,21.5666629,,,,final,,,
food.faostat.agrifood-emissions-by-country,NER,1999,22.1867684,,,,final,,,
food.faostat.agrifood-emissions-by-country,NER,2000,22.8712832,,,,final,,,
food.faostat.agrifood-emissions-by-country,NER,2001,19.2178019,,,,final,,,
food.faostat.agrifood-emissions-by-country,NER,2002,19.8722475,,,,final,,,
food.faostat.agrifood-emissions-by-country,NER,2003,20.7507063,,,,final,,,
food.faostat.agrifood-emissions-by-country,NER,2004,21.5350561,,,,final,,,
food.faostat.agrifood-emissions-by-country,NER,2005,22.3776817,,,,final,,,
food.faostat.agrifood-emissions-by-country,NER,2006,23.1404399,,,,final,,,
food.faostat.agrifood-emissions-by-country,NER,2007,24.1023782,,,,final,,,
food.faostat.agrifood-emissions-by-country,NER,2008,25.1059398,,,,final,,,
food.faostat.agrifood-emissions-by-country,NER,2009,26.0793049,,,,final,,,
food.faostat.agrifood-emissions-by-country,NER,2010,25.6817129,,,,final,,,
food.faostat.agrifood-emissions-by-country,NER,2011,26.5293936,,,,final,,,
food.faostat.agrifood-emissions-by-country,NER,2012,27.79822,,,,final,,,
food.faostat.agrifood-emissions-by-country,NER,2013,29.0178433,,,,final,,,
food.faostat.agrifood-emissions-by-country,NER,2014,30.3693146,,,,final,,,
food.faostat.agrifood-emissions-by-country,NER,2015,31.4852785,,,,final,,,
food.faostat.agrifood-emissions-by-country,NER,2016,32.9795171,,,,final,,,
food.faostat.agrifood-emissions-by-country,NER,2017,34.4033847,,,,final,,,
food.faostat.agrifood-emissions-by-country,NER,2018,36.031702,,,,final,,,
food.faostat.agrifood-emissions-by-country,NER,2019,37.5388937,,,,final,,,
food.faostat.agrifood-emissions-by-country,NER,2020,39.249875,,,,final,,,
food.faostat.agrifood-emissions-by-country,NER,2021,41.615889,,,,final,,,
food.faostat.agrifood-emissions-by-country,NER,2022,43.2843509,,,,final,,,
food.faostat.agrifood-emissions-by-country,NER,2023,41.9135511,,,,final,,,
food.faostat.agrifood-emissions-by-country,NFK,1990,2.08e-05,,,,final,,,
food.faostat.agrifood-emissions-by-country,NFK,1991,2.08e-05,,,,final,,,
food.faostat.agrifood-emissions-by-country,NFK,1992,2.08e-05,,,,final,,,
food.faostat.agrifood-emissions-by-country,NFK,1993,2.08e-05,,,,final,,,
food.faostat.agrifood-emissions-by-country,NFK,1994,2.08e-05,,,,final,,,
food.faostat.agrifood-emissions-by-country,NFK,1995,2.08e-05,,,,final,,,
food.faostat.agrifood-emissions-by-country,NFK,1996,2.08e-05,,,,final,,,
food.faostat.agrifood-emissions-by-country,NFK,1997,5.4e-05,,,,final,,,
food.faostat.agrifood-emissions-by-country,NFK,1998,5.4e-05,,,,final,,,
food.faostat.agrifood-emissions-by-country,NFK,1999,5.4e-05,,,,final,,,
food.faostat.agrifood-emissions-by-country,NFK,2000,5.4e-05,,,,final,,,
food.faostat.agrifood-emissions-by-country,NFK,2001,5.4e-05,,,,final,,,
food.faostat.agrifood-emissions-by-country,NFK,2002,4.15e-05,,,,final,,,
food.faostat.agrifood-emissions-by-country,NFK,2003,4.15e-05,,,,final,,,
food.faostat.agrifood-emissions-by-country,NFK,2004,2.08e-05,,,,final,,,
food.faostat.agrifood-emissions-by-country,NFK,2005,2.08e-05,,,,final,,,
food.faostat.agrifood-emissions-by-country,NFK,2006,2.08e-05,,,,final,,,
food.faostat.agrifood-emissions-by-country,NFK,2007,2.08e-05,,,,final,,,
food.faostat.agrifood-emissions-by-country,NFK,2008,2.08e-05,,,,final,,,
food.faostat.agrifood-emissions-by-country,NFK,2009,2.08e-05,,,,final,,,
food.faostat.agrifood-emissions-by-country,NFK,2010,0.0,,,,final,,,
food.faostat.agrifood-emissions-by-country,NFK,2011,0.0,,,,final,,,
food.faostat.agrifood-emissions-by-country,NFK,2012,0.0,,,,final,,,
food.faostat.agrifood-emissions-by-country,NFK,2013,0.0,,,,final,,,
food.faostat.agrifood-emissions-by-country,NFK,2014,2.08e-05,,,,final,,,
food.faostat.agrifood-emissions-by-country,NFK,2015,2.08e-05,,,,final,,,
food.faostat.agrifood-emissions-by-country,NFK,2016,2.08e-05,,,,final,,,
food.faostat.agrifood-emissions-by-country,NFK,2017,2.08e-05,,,,final,,,
food.faostat.agrifood-emissions-by-country,NFK,2018,2.08e-05,,,,final,,,
food.faostat.agrifood-emissions-by-country,NFK,2019,2.08e-05,,,,final,,,
food.faostat.agrifood-emissions-by-country,NFK,2020,2.08e-05,,,,final,,,
food.faostat.agrifood-emissions-by-country,NFK,2021,2.08e-05,,,,final,,,
food.faostat.agrifood-emissions-by-country,NFK,2022,2.08e-05,,,,final,,,
food.faostat.agrifood-emissions-by-country,NFK,2023,2.08e-05,,,,final,,,
food.faostat.agrifood-emissions-by-country,NGA,1990,113.3821984,,,,final,,,
food.faostat.agrifood-emissions-by-country,NGA,1991,115.8753617,,,,final,,,
food.faostat.agrifood-emissions-by-country,NGA,1992,117.040148,,,,final,,,
food.faostat.agrifood-emissions-by-country,NGA,1993,118.1015394,,,,final,,,
food.faostat.agrifood-emissions-by-country,NGA,1994,119.2442147,,,,final,,,
food.faostat.agrifood-emissions-by-country,NGA,1995,120.7810389,,,,final,,,
food.faostat.agrifood-emissions-by-country,NGA,1996,130.786041,,,,final,,,
food.faostat.agrifood-emissions-by-country,NGA,1997,133.1351089,,,,final,,,
food.faostat.agrifood-emissions-by-country,NGA,1998,136.3808327,,,,final,,,
food.faostat.agrifood-emissions-by-country,NGA,1999,136.457104,,,,final,,,
food.faostat.agrifood-emissions-by-country,NGA,2000,137.5728753,,,,final,,,
food.faostat.agrifood-emissions-by-country,NGA,2001,130.1513233,,,,final,,,
food.faostat.agrifood-emissions-by-country,NGA,2002,131.2103091,,,,final,,,
food.faostat.agrifood-emissions-by-country,NGA,2003,133.6285264,,,,final,,,
food.faostat.agrifood-emissions-by-country,NGA,2004,134.7323741,,,,final,,,
food.faostat.agrifood-emissions-by-country,NGA,2005,138.6596711,,,,final,,,
food.faostat.agrifood-emissions-by-country,NGA,2006,138.6806378,,,,final,,,
food.faostat.agrifood-emissions-by-country,NGA,2007,137.9049604,,,,final,,,
food.faostat.agrifood-emissions-by-country,NGA,2008,139.0237036,,,,final,,,
food.faostat.agrifood-emissions-by-country,NGA,2009,136.8739822,,,,final,,,
food.faostat.agrifood-emissions-by-country,NGA,2010,143.2551205,,,,final,,,
food.faostat.agrifood-emissions-by-country,NGA,2011,148.4050606,,,,final,,,
food.faostat.agrifood-emissions-by-country,NGA,2012,153.4529067,,,,final,,,
food.faostat.agrifood-emissions-by-country,NGA,2013,156.1641996,,,,final,,,
food.faostat.agrifood-emissions-by-country,NGA,2014,158.3162304,,,,final,,,
food.faostat.agrifood-emissions-by-country,NGA,2015,160.1809871,,,,final,,,
food.faostat.agrifood-emissions-by-country,NGA,2016,165.090162,,,,final,,,
food.faostat.agrifood-emissions-by-country,NGA,2017,166.4954359,,,,final,,,
food.faostat.agrifood-emissions-by-country,NGA,2018,168.7746909,,,,final,,,
food.faostat.agrifood-emissions-by-country,NGA,2019,171.3154997,,,,final,,,
food.faostat.agrifood-emissions-by-country,NGA,2020,175.3730921,,,,final,,,
food.faostat.agrifood-emissions-by-country,NGA,2021,176.7707445,,,,final,,,
food.faostat.agrifood-emissions-by-country,NGA,2022,176.7998858,,,,final,,,
food.faostat.agrifood-emissions-by-country,NGA,2023,176.81403,,,,final,,,
food.faostat.agrifood-emissions-by-country,NIC,1990,28.7180788,,,,final,,,
food.faostat.agrifood-emissions-by-country,NIC,1991,27.263302,,,,final,,,
food.faostat.agrifood-emissions-by-country,NIC,1992,27.9253922,,,,final,,,
food.faostat.agrifood-emissions-by-country,NIC,1993,28.614252,,,,final,,,
food.faostat.agrifood-emissions-by-country,NIC,1994,28.6423614,,,,final,,,
food.faostat.agrifood-emissions-by-country,NIC,1995,27.7885384,,,,final,,,
food.faostat.agrifood-emissions-by-country,NIC,1996,27.5707676,,,,final,,,
food.faostat.agrifood-emissions-by-country,NIC,1997,28.2398,,,,final,,,
food.faostat.agrifood-emissions-by-country,NIC,1998,28.6325373,,,,final,,,
food.faostat.agrifood-emissions-by-country,NIC,1999,29.1620366,,,,final,,,
food.faostat.agrifood-emissions-by-country,NIC,2000,29.4825983,,,,final,,,
food.faostat.agrifood-emissions-by-country,NIC,2001,29.8333089,,,,final,,,
food.faostat.agrifood-emissions-by-country,NIC,2002,30.1292954,,,,final,,,
food.faostat.agrifood-emissions-by-country,NIC,2003,30.9212815,,,,final,,,
food.faostat.agrifood-emissions-by-country,NIC,2004,30.348761,,,,final,,,
food.faostat.agrifood-emissions-by-country,NIC,2005,31.1690358,,,,final,,,
food.faostat.agrifood-emissions-by-country,NIC,2006,31.0652127,,,,final,,,
food.faostat.agrifood-emissions-by-country,NIC,2007,31.1933389,,,,final,,,
food.faostat.agrifood-emissions-by-country,NIC,2008,31.2379101,,,,final,,,
food.faostat.agrifood-emissions-by-country,NIC,2009,31.4009857,,,,final,,,
food.faostat.agrifood-emissions-by-country,NIC,2010,31.7180763,,,,final,,,
food.faostat.agrifood-emissions-by-country,NIC,2011,18.3000924,,,,final,,,
food.faostat.agrifood-emissions-by-country,NIC,2012,18.7887998,,,,final,,,
food.faostat.agrifood-emissions-by-country,NIC,2013,19.3461065,,,,final,,,
food.faostat.agrifood-emissions-by-country,NIC,2014,19.8450663,,,,final,,,
food.faostat.agrifood-emissions-by-country,NIC,2015,20.2782003,,,,final,,,
food.faostat.agrifood-emissions-by-country,NIC,2016,20.2990287,,,,final,,,
food.faostat.agrifood-emissions-by-country,NIC,2017,20.1013049,,,,final,,,
food.faostat.agrifood-emissions-by-country,NIC,2018,20.3449268,,,,final,,,
food.faostat.agrifood-emissions-by-country,NIC,2019,20.6661746,,,,final,,,
food.faostat.agrifood-emissions-by-country,NIC,2020,21.1644575,,,,final,,,
food.faostat.agrifood-emissions-by-country,NIC,2021,21.1182737,,,,final,,,
food.faostat.agrifood-emissions-by-country,NIC,2022,21.2720036,,,,final,,,
food.faostat.agrifood-emissions-by-country,NIC,2023,22.2342798,,,,final,,,
food.faostat.agrifood-emissions-by-country,NIU,1990,0.0042305,,,,final,,,
food.faostat.agrifood-emissions-by-country,NIU,1991,0.0042616,,,,final,,,
food.faostat.agrifood-emissions-by-country,NIU,1992,0.0042798,,,,final,,,
food.faostat.agrifood-emissions-by-country,NIU,1993,0.004305,,,,final,,,
food.faostat.agrifood-emissions-by-country,NIU,1994,0.0044437,,,,final,,,
food.faostat.agrifood-emissions-by-country,NIU,1995,0.0044108,,,,final,,,
food.faostat.agrifood-emissions-by-country,NIU,1996,0.0044211,,,,final,,,
food.faostat.agrifood-emissions-by-country,NIU,1997,0.0044267,,,,final,,,
food.faostat.agrifood-emissions-by-country,NIU,1998,0.0044576,,,,final,,,
food.faostat.agrifood-emissions-by-country,NIU,1999,0.0045371,,,,final,,,
food.faostat.agrifood-emissions-by-country,NIU,2000,0.0045351,,,,final,,,
food.faostat.agrifood-emissions-by-country,NIU,2001,0.0037096,,,,final,,,
food.faostat.agrifood-emissions-by-country,NIU,2002,0.0036603,,,,final,,,
food.faostat.agrifood-emissions-by-country,NIU,2003,0.0038164,,,,final,,,
food.faostat.agrifood-emissions-by-country,NIU,2004,0.0036398,,,,final,,,
food.faostat.agrifood-emissions-by-country,NIU,2005,0.0036705,,,,final,,,
food.faostat.agrifood-emissions-by-country,NIU,2006,0.0036286,,,,final,,,
food.faostat.agrifood-emissions-by-country,NIU,2007,0.0035446,,,,final,,,
food.faostat.agrifood-emissions-by-country,NIU,2008,0.00399,,,,final,,,
food.faostat.agrifood-emissions-by-country,NIU,2009,0.0037342,,,,final,,,
food.faostat.agrifood-emissions-by-country,NIU,2010,0.0036717,,,,final,,,
food.faostat.agrifood-emissions-by-country,NIU,2011,0.0021489,,,,final,,,
food.faostat.agrifood-emissions-by-country,NIU,2012,0.0021283,,,,final,,,
food.faostat.agrifood-emissions-by-country,NIU,2013,0.0021512,,,,final,,,
food.faostat.agrifood-emissions-by-country,NIU,2014,0.0021967,,,,final,,,
food.faostat.agrifood-emissions-by-country,NIU,2015,0.0022436,,,,final,,,
food.faostat.agrifood-emissions-by-country,NIU,2016,0.0022687,,,,final,,,
food.faostat.agrifood-emissions-by-country,NIU,2017,0.0022697,,,,final,,,
food.faostat.agrifood-emissions-by-country,NIU,2018,0.0023327,,,,final,,,
food.faostat.agrifood-emissions-by-country,NIU,2019,0.0023957,,,,final,,,
food.faostat.agrifood-emissions-by-country,NIU,2020,0.0023464,,,,final,,,
food.faostat.agrifood-emissions-by-country,NIU,2021,0.0024277,,,,final,,,
food.faostat.agrifood-emissions-by-country,NIU,2022,0.0023893,,,,final,,,
food.faostat.agrifood-emissions-by-country,NIU,2023,0.0024166,,,,final,,,
food.faostat.agrifood-emissions-by-country,NLD,1990,71.8206951,,,,final,,,
food.faostat.agrifood-emissions-by-country,NLD,1991,73.6640706,,,,final,,,
food.faostat.agrifood-emissions-by-country,NLD,1992,72.798564,,,,final,,,
food.faostat.agrifood-emissions-by-country,NLD,1993,73.8669829,,,,final,,,
food.faostat.agrifood-emissions-by-country,NLD,1994,73.4752494,,,,final,,,
food.faostat.agrifood-emissions-by-country,NLD,1995,73.8555977,,,,final,,,
food.faostat.agrifood-emissions-by-country,NLD,1996,74.2663536,,,,final,,,
food.faostat.agrifood-emissions-by-country,NLD,1997,71.5676585,,,,final,,,
food.faostat.agrifood-emissions-by-country,NLD,1998,70.8773721,,,,final,,,
food.faostat.agrifood-emissions-by-country,NLD,1999,71.0290279,,,,final,,,
food.faostat.agrifood-emissions-by-country,NLD,2000,70.5617283,,,,final,,,
food.faostat.agrifood-emissions-by-country,NLD,2001,70.7331186,,,,final,,,
food.faostat.agrifood-emissions-by-country,NLD,2002,69.087185,,,,final,,,
food.faostat.agrifood-emissions-by-country,NLD,2003,68.7407842,,,,final,,,
food.faostat.agrifood-emissions-by-country,NLD,2004,68.3782348,,,,final,,,
food.faostat.agrifood-emissions-by-country,NLD,2005,68.4015335,,,,final,,,
food.faostat.agrifood-emissions-by-country,NLD,2006,66.7238744,,,,final,,,
food.faostat.agrifood-emissions-by-country,NLD,2007,67.1624171,,,,final,,,
food.faostat.agrifood-emissions-by-country,NLD,2008,67.3810389,,,,final,,,
food.faostat.agrifood-emissions-by-country,NLD,2009,66.0277793,,,,final,,,
food.faostat.agrifood-emissions-by-country,NLD,2010,67.9812826,,,,final,,,
food.faostat.agrifood-emissions-by-country,NLD,2011,65.9698993,,,,final,,,
food.faostat.agrifood-emissions-by-country,NLD,2012,66.3914567,,,,final,,,
food.faostat.agrifood-emissions-by-country,NLD,2013,65.3951731,,,,final,,,
food.faostat.agrifood-emissions-by-country,NLD,2014,65.173586,,,,final,,,
food.faostat.agrifood-emissions-by-country,NLD,2015,66.9418217,,,,final,,,
food.faostat.agrifood-emissions-by-country,NLD,2016,66.114166,,,,final,,,
food.faostat.agrifood-emissions-by-country,NLD,2017,63.4114058,,,,final,,,
food.faostat.agrifood-emissions-by-country,NLD,2018,62.9462479,,,,final,,,
food.faostat.agrifood-emissions-by-country,NLD,2019,62.1621407,,,,final,,,
food.faostat.agrifood-emissions-by-country,NLD,2020,61.0365767,,,,final,,,
food.faostat.agrifood-emissions-by-country,NLD,2021,60.7700503,,,,final,,,
food.faostat.agrifood-emissions-by-country,NLD,2022,56.721696,,,,final,,,
food.faostat.agrifood-emissions-by-country,NLD,2023,56.2174367,,,,final,,,
food.faostat.agrifood-emissions-by-country,NOR,1990,14.9445027,,,,final,,,
food.faostat.agrifood-emissions-by-country,NOR,1991,15.3545913,,,,final,,,
food.faostat.agrifood-emissions-by-country,NOR,1992,15.2158423,,,,final,,,
food.faostat.agrifood-emissions-by-country,NOR,1993,14.8549109,,,,final,,,
food.faostat.agrifood-emissions-by-country,NOR,1994,15.1421367,,,,final,,,
food.faostat.agrifood-emissions-by-country,NOR,1995,15.0883872,,,,final,,,
food.faostat.agrifood-emissions-by-country,NOR,1996,15.5769819,,,,final,,,
food.faostat.agrifood-emissions-by-country,NOR,1997,15.5209337,,,,final,,,
food.faostat.agrifood-emissions-by-country,NOR,1998,15.7042901,,,,final,,,
food.faostat.agrifood-emissions-by-country,NOR,1999,15.6434748,,,,final,,,
food.faostat.agrifood-emissions-by-country,NOR,2000,15.293959,,,,final,,,
food.faostat.agrifood-emissions-by-country,NOR,2001,15.50159,,,,final,,,
food.faostat.agrifood-emissions-by-country,NOR,2002,16.2546342,,,,final,,,
food.faostat.agrifood-emissions-by-country,NOR,2003,16.6772093,,,,final,,,
food.faostat.agrifood-emissions-by-country,NOR,2004,16.6952865,,,,final,,,
food.faostat.agrifood-emissions-by-country,NOR,2005,16.444304,,,,final,,,
food.faostat.agrifood-emissions-by-country,NOR,2006,16.4884358,,,,final,,,
food.faostat.agrifood-emissions-by-country,NOR,2007,16.4719037,,,,final,,,
food.faostat.agrifood-emissions-by-country,NOR,2008,16.4197331,,,,final,,,
food.faostat.agrifood-emissions-by-country,NOR,2009,16.582408,,,,final,,,
food.faostat.agrifood-emissions-by-country,NOR,2010,16.1021349,,,,final,,,
food.faostat.agrifood-emissions-by-country,NOR,2011,16.3558506,,,,final,,,
food.faostat.agrifood-emissions-by-country,NOR,2012,16.2705649,,,,final,,,
food.faostat.agrifood-emissions-by-country,NOR,2013,16.273645,,,,final,,,
food.faostat.agrifood-emissions-by-country,NOR,2014,16.2141741,,,,final,,,
food.faostat.agrifood-emissions-by-country,NOR,2015,16.3232103,,,,final,,,
food.faostat.agrifood-emissions-by-country,NOR,2016,15.4633963,,,,final,,,
food.faostat.agrifood-emissions-by-country,NOR,2017,15.6526466,,,,final,,,
food.faostat.agrifood-emissions-by-country,NOR,2018,15.6589718,,,,final,,,
food.faostat.agrifood-emissions-by-country,NOR,2019,15.4970126,,,,final,,,
food.faostat.agrifood-emissions-by-country,NOR,2020,15.5371667,,,,final,,,
food.faostat.agrifood-emissions-by-country,NOR,2021,15.6433075,,,,final,,,
food.faostat.agrifood-emissions-by-country,NOR,2022,15.5198214,,,,final,,,
food.faostat.agrifood-emissions-by-country,NOR,2023,15.377665,,,,final,,,
food.faostat.agrifood-emissions-by-country,NPL,1990,24.7570183,,,,final,,,
food.faostat.agrifood-emissions-by-country,NPL,1991,24.2993514,,,,final,,,
food.faostat.agrifood-emissions-by-country,NPL,1992,25.0362567,,,,final,,,
food.faostat.agrifood-emissions-by-country,NPL,1993,24.7542913,,,,final,,,
food.faostat.agrifood-emissions-by-country,NPL,1994,25.9761671,,,,final,,,
food.faostat.agrifood-emissions-by-country,NPL,1995,26.5049934,,,,final,,,
food.faostat.agrifood-emissions-by-country,NPL,1996,26.2519034,,,,final,,,
food.faostat.agrifood-emissions-by-country,NPL,1997,26.4814361,,,,final,,,
food.faostat.agrifood-emissions-by-country,NPL,1998,27.2634317,,,,final,,,
food.faostat.agrifood-emissions-by-country,NPL,1999,27.6316217,,,,final,,,
food.faostat.agrifood-emissions-by-country,NPL,2000,27.6875575,,,,final,,,
food.faostat.agrifood-emissions-by-country,NPL,2001,28.104221,,,,final,,,
food.faostat.agrifood-emissions-by-country,NPL,2002,27.8660727,,,,final,,,
food.faostat.agrifood-emissions-by-country,NPL,2003,29.029266,,,,final,,,
food.faostat.agrifood-emissions-by-country,NPL,2004,29.214976,,,,final,,,
food.faostat.agrifood-emissions-by-country,NPL,2005,29.6040478,,,,final,,,
food.faostat.agrifood-emissions-by-country,NPL,2006,29.3762449,,,,final,,,
food.faostat.agrifood-emissions-by-country,NPL,2007,29.974748,,,,final,,,
food.faostat.agrifood-emissions-by-country,NPL,2008,30.9125317,,,,final,,,
food.faostat.agrifood-emissions-by-country,NPL,2009,31.7885684,,,,final,,,
food.faostat.agrifood-emissions-by-country,NPL,2010,32.689099,,,,final,,,
food.faostat.agrifood-emissions-by-country,NPL,2011,33.0405968,,,,final,,,
food.faostat.agrifood-emissions-by-country,NPL,2012,33.7173597,,,,final,,,
food.faostat.agrifood-emissions-by-country,NPL,2013,34.792506,,,,final,,,
food.faostat.agrifood-emissions-by-country,NPL,2014,34.740694,,,,final,,,
food.faostat.agrifood-emissions-by-country,NPL,2015,33.312555,,,,final,,,
food.faostat.agrifood-emissions-by-country,NPL,2016,37.3716205,,,,final,,,
food.faostat.agrifood-emissions-by-country,NPL,2017,35.4253978,,,,final,,,
food.faostat.agrifood-emissions-by-country,NPL,2018,36.0971639,,,,final,,,
food.faostat.agrifood-emissions-by-country,NPL,2019,37.2438174,,,,final,,,
food.faostat.agrifood-emissions-by-country,NPL,2020,36.681247,,,,final,,,
food.faostat.agrifood-emissions-by-country,NPL,2021,38.0937293,,,,final,,,
food.faostat.agrifood-emissions-by-country,NPL,2022,36.9093071,,,,final,,,
food.faostat.agrifood-emissions-by-country,NPL,2023,30.951079,,,,final,,,
food.faostat.agrifood-emissions-by-country,NRU,1990,0.0146847,,,,final,,,
food.faostat.agrifood-emissions-by-country,NRU,1991,0.0140387,,,,final,,,
food.faostat.agrifood-emissions-by-country,NRU,1992,0.0131772,,,,final,,,
food.faostat.agrifood-emissions-by-country,NRU,1993,0.0122769,,,,final,,,
food.faostat.agrifood-emissions-by-country,NRU,1994,0.0116684,,,,final,,,
food.faostat.agrifood-emissions-by-country,NRU,1995,0.0111727,,,,final,,,
food.faostat.agrifood-emissions-by-country,NRU,1996,0.0105988,,,,final,,,
food.faostat.agrifood-emissions-by-country,NRU,1997,0.0106262,,,,final,,,
food.faostat.agrifood-emissions-by-country,NRU,1998,0.0101941,,,,final,,,
food.faostat.agrifood-emissions-by-country,NRU,1999,0.0101717,,,,final,,,
food.faostat.agrifood-emissions-by-country,NRU,2000,0.0096664,,,,final,,,
food.faostat.agrifood-emissions-by-country,NRU,2001,0.0096551,,,,final,,,
food.faostat.agrifood-emissions-by-country,NRU,2002,0.0038837,,,,final,,,
food.faostat.agrifood-emissions-by-country,NRU,2003,0.0037281,,,,final,,,
food.faostat.agrifood-emissions-by-country,NRU,2004,0.0035172,,,,final,,,
food.faostat.agrifood-emissions-by-country,NRU,2005,0.0033976,,,,final,,,
food.faostat.agrifood-emissions-by-country,NRU,2006,0.0027164,,,,final,,,
food.faostat.agrifood-emissions-by-country,NRU,2007,0.0040398,,,,final,,,
food.faostat.agrifood-emissions-by-country,NRU,2008,0.0040482,,,,final,,,
food.faostat.agrifood-emissions-by-country,NRU,2009,0.0043107,,,,final,,,
food.faostat.agrifood-emissions-by-country,NRU,2010,0.0036606,,,,final,,,
food.faostat.agrifood-emissions-by-country,NRU,2011,0.0042435,,,,final,,,
food.faostat.agrifood-emissions-by-country,NRU,2012,0.0037449,,,,final,,,
food.faostat.agrifood-emissions-by-country,NRU,2013,0.0037355,,,,final,,,
food.faostat.agrifood-emissions-by-country,NRU,2014,0.0037737,,,,final,,,
food.faostat.agrifood-emissions-by-country,NRU,2015,0.0040097,,,,final,,,
food.faostat.agrifood-emissions-by-country,NRU,2016,0.0042004,,,,final,,,
food.faostat.agrifood-emissions-by-country,NRU,2017,0.0046677,,,,final,,,
food.faostat.agrifood-emissions-by-country,NRU,2018,0.0048497,,,,final,,,
food.faostat.agrifood-emissions-by-country,NRU,2019,0.0050075,,,,final,,,
food.faostat.agrifood-emissions-by-country,NRU,2020,0.0051472,,,,final,,,
food.faostat.agrifood-emissions-by-country,NRU,2021,0.0057783,,,,final,,,
food.faostat.agrifood-emissions-by-country,NRU,2022,0.005669,,,,final,,,
food.faostat.agrifood-emissions-by-country,NRU,2023,0.0057352,,,,final,,,
food.faostat.agrifood-emissions-by-country,NZL,1990,52.3987012,,,,final,,,
food.faostat.agrifood-emissions-by-country,NZL,1991,51.4986054,,,,final,,,
food.faostat.agrifood-emissions-by-country,NZL,1992,51.1039755,,,,final,,,
food.faostat.agrifood-emissions-by-country,NZL,1993,50.8372788,,,,final,,,
food.faostat.agrifood-emissions-by-country,NZL,1994,52.2234018,,,,final,,,
food.faostat.agrifood-emissions-by-country,NZL,1995,53.497378,,,,final,,,
food.faostat.agrifood-emissions-by-country,NZL,1996,52.5383973,,,,final,,,
food.faostat.agrifood-emissions-by-country,NZL,1997,53.2212469,,,,final,,,
food.faostat.agrifood-emissions-by-country,NZL,1998,52.1842779,,,,final,,,
food.faostat.agrifood-emissions-by-country,NZL,1999,53.1018875,,,,final,,,
food.faostat.agrifood-emissions-by-country,NZL,2000,52.2791847,,,,final,,,
food.faostat.agrifood-emissions-by-country,NZL,2001,52.3537435,,,,final,,,
food.faostat.agrifood-emissions-by-country,NZL,2002,53.5778777,,,,final,,,
food.faostat.agrifood-emissions-by-country,NZL,2003,54.779863,,,,final,,,
food.faostat.agrifood-emissions-by-country,NZL,2004,54.9305326,,,,final,,,
food.faostat.agrifood-emissions-by-country,NZL,2005,55.193452,,,,final,,,
food.faostat.agrifood-emissions-by-country,NZL,2006,55.2567047,,,,final,,,
food.faostat.agrifood-emissions-by-country,NZL,2007,54.8201578,,,,final,,,
food.faostat.agrifood-emissions-by-country,NZL,2008,53.9106392,,,,final,,,
food.faostat.agrifood-emissions-by-country,NZL,2009,54.6483833,,,,final,,,
food.faostat.agrifood-emissions-by-country,NZL,2010,55.3644115,,,,final,,,
food.faostat.agrifood-emissions-by-country,NZL,2011,55.4294096,,,,final,,,
food.faostat.agrifood-emissions-by-country,NZL,2012,56.2513439,,,,final,,,
food.faostat.agrifood-emissions-by-country,NZL,2013,56.2056551,,,,final,,,
food.faostat.agrifood-emissions-by-country,NZL,2014,57.326311,,,,final,,,
food.faostat.agrifood-emissions-by-country,NZL,2015,56.4046298,,,,final,,,
food.faostat.agrifood-emissions-by-country,NZL,2016,55.8462946,,,,final,,,
food.faostat.agrifood-emissions-by-country,NZL,2017,55.6905118,,,,final,,,
food.faostat.agrifood-emissions-by-country,NZL,2018,55.5153433,,,,final,,,
food.faostat.agrifood-emissions-by-country,NZL,2019,55.9761821,,,,final,,,
food.faostat.agrifood-emissions-by-country,NZL,2020,55.3340389,,,,final,,,
food.faostat.agrifood-emissions-by-country,NZL,2021,55.0266308,,,,final,,,
food.faostat.agrifood-emissions-by-country,NZL,2022,53.0812493,,,,final,,,
food.faostat.agrifood-emissions-by-country,NZL,2023,52.0342755,,,,final,,,
food.faostat.agrifood-emissions-by-country,OMN,1990,2.1231963,,,,final,,,
food.faostat.agrifood-emissions-by-country,OMN,1991,2.2299064,,,,final,,,
food.faostat.agrifood-emissions-by-country,OMN,1992,2.3339838,,,,final,,,
food.faostat.agrifood-emissions-by-country,OMN,1993,2.3991864,,,,final,,,
food.faostat.agrifood-emissions-by-country,OMN,1994,2.5377839,,,,final,,,
food.faostat.agrifood-emissions-by-country,OMN,1995,2.5649839,,,,final,,,
food.faostat.agrifood-emissions-by-country,OMN,1996,2.60325,,,,final,,,
food.faostat.agrifood-emissions-by-country,OMN,1997,2.6622018,,,,final,,,
food.faostat.agrifood-emissions-by-country,OMN,1998,2.8128273,,,,final,,,
food.faostat.agrifood-emissions-by-country,OMN,1999,2.9192147,,,,final,,,
food.faostat.agrifood-emissions-by-country,OMN,2000,2.8805997,,,,final,,,
food.faostat.agrifood-emissions-by-country,OMN,2001,3.1039607,,,,final,,,
food.faostat.agrifood-emissions-by-country,OMN,2002,3.2621151,,,,final,,,
food.faostat.agrifood-emissions-by-country,OMN,2003,3.3928924,,,,final,,,
food.faostat.agrifood-emissions-by-country,OMN,2004,3.5387167,,,,final,,,
food.faostat.agrifood-emissions-by-country,OMN,2005,3.6814761,,,,final,,,
food.faostat.agrifood-emissions-by-country,OMN,2006,4.360472,,,,final,,,
food.faostat.agrifood-emissions-by-country,OMN,2007,4.766024,,,,final,,,
food.faostat.agrifood-emissions-by-country,OMN,2008,5.1273628,,,,final,,,
food.faostat.agrifood-emissions-by-country,OMN,2009,5.5032484,,,,final,,,
food.faostat.agrifood-emissions-by-country,OMN,2010,5.7249965,,,,final,,,
food.faostat.agrifood-emissions-by-country,OMN,2011,6.0269995,,,,final,,,
food.faostat.agrifood-emissions-by-country,OMN,2012,6.1941587,,,,final,,,
food.faostat.agrifood-emissions-by-country,OMN,2013,9.2629141,,,,final,,,
food.faostat.agrifood-emissions-by-country,OMN,2014,8.9939347,,,,final,,,
food.faostat.agrifood-emissions-by-country,OMN,2015,10.4784126,,,,final,,,
food.faostat.agrifood-emissions-by-country,OMN,2016,10.5731097,,,,final,,,
food.faostat.agrifood-emissions-by-country,OMN,2017,10.2031305,,,,final,,,
food.faostat.agrifood-emissions-by-country,OMN,2018,11.066147,,,,final,,,
food.faostat.agrifood-emissions-by-country,OMN,2019,12.0609959,,,,final,,,
food.faostat.agrifood-emissions-by-country,OMN,2020,11.2434085,,,,final,,,
food.faostat.agrifood-emissions-by-country,OMN,2021,11.5036171,,,,final,,,
food.faostat.agrifood-emissions-by-country,OMN,2022,12.0309402,,,,final,,,
food.faostat.agrifood-emissions-by-country,OMN,2023,12.0798387,,,,final,,,
food.faostat.agrifood-emissions-by-country,PAK,1990,120.3662864,,,,final,,,
food.faostat.agrifood-emissions-by-country,PAK,1991,123.570919,,,,final,,,
food.faostat.agrifood-emissions-by-country,PAK,1992,127.0884434,,,,final,,,
food.faostat.agrifood-emissions-by-country,PAK,1993,130.5704805,,,,final,,,
food.faostat.agrifood-emissions-by-country,PAK,1994,133.9461798,,,,final,,,
food.faostat.agrifood-emissions-by-country,PAK,1995,139.1271118,,,,final,,,
food.faostat.agrifood-emissions-by-country,PAK,1996,143.7724529,,,,final,,,
food.faostat.agrifood-emissions-by-country,PAK,1997,148.2515768,,,,final,,,
food.faostat.agrifood-emissions-by-country,PAK,1998,151.0683618,,,,final,,,
food.faostat.agrifood-emissions-by-country,PAK,1999,155.4470142,,,,final,,,
food.faostat.agrifood-emissions-by-country,PAK,2000,158.5814528,,,,final,,,
food.faostat.agrifood-emissions-by-country,PAK,2001,160.8648557,,,,final,,,
food.faostat.agrifood-emissions-by-country,PAK,2002,164.9449617,,,,final,,,
food.faostat.agrifood-emissions-by-country,PAK,2003,171.3058576,,,,final,,,
food.faostat.agrifood-emissions-by-country,PAK,2004,175.9187821,,,,final,,,
food.faostat.agrifood-emissions-by-country,PAK,2005,181.2793291,,,,final,,,
food.faostat.agrifood-emissions-by-country,PAK,2006,190.6899574,,,,final,,,
food.faostat.agrifood-emissions-by-country,PAK,2007,195.4149918,,,,final,,,
food.faostat.agrifood-emissions-by-country,PAK,2008,202.8684334,,,,final,,,
food.faostat.agrifood-emissions-by-country,PAK,2009,210.8852376,,,,final,,,
food.faostat.agrifood-emissions-by-country,PAK,2010,208.9095977,,,,final,,,
food.faostat.agrifood-emissions-by-country,PAK,2011,218.3934617,,,,final,,,
food.faostat.agrifood-emissions-by-country,PAK,2012,219.0708277,,,,final,,,
food.faostat.agrifood-emissions-by-country,PAK,2013,228.7993419,,,,final,,,
food.faostat.agrifood-emissions-by-country,PAK,2014,233.7971584,,,,final,,,
food.faostat.agrifood-emissions-by-country,PAK,2015,239.8538921,,,,final,,,
food.faostat.agrifood-emissions-by-country,PAK,2016,243.3853278,,,,final,,,
food.faostat.agrifood-emissions-by-country,PAK,2017,251.5721147,,,,final,,,
food.faostat.agrifood-emissions-by-country,PAK,2018,255.5475282,,,,final,,,
food.faostat.agrifood-emissions-by-country,PAK,2019,262.9880938,,,,final,,,
food.faostat.agrifood-emissions-by-country,PAK,2020,271.6302617,,,,final,,,
food.faostat.agrifood-emissions-by-country,PAK,2021,281.4006913,,,,final,,,
food.faostat.agrifood-emissions-by-country,PAK,2022,283.6307585,,,,final,,,
food.faostat.agrifood-emissions-by-country,PAK,2023,293.8220711,,,,final,,,
food.faostat.agrifood-emissions-by-country,PAN,1990,11.54975,,,,final,,,
food.faostat.agrifood-emissions-by-country,PAN,1991,11.6085198,,,,final,,,
food.faostat.agrifood-emissions-by-country,PAN,1992,11.7687059,,,,final,,,
food.faostat.agrifood-emissions-by-country,PAN,1993,11.7923406,,,,final,,,
food.faostat.agrifood-emissions-by-country,PAN,1994,11.8192155,,,,final,,,
food.faostat.agrifood-emissions-by-country,PAN,1995,11.7880423,,,,final,,,
food.faostat.agrifood-emissions-by-country,PAN,1996,11.8014827,,,,final,,,
food.faostat.agrifood-emissions-by-country,PAN,1997,11.6919567,,,,final,,,
food.faostat.agrifood-emissions-by-country,PAN,1998,12.0798102,,,,final,,,
food.faostat.agrifood-emissions-by-country,PAN,1999,12.0118209,,,,final,,,
food.faostat.agrifood-emissions-by-country,PAN,2000,12.052668,,,,final,,,
food.faostat.agrifood-emissions-by-country,PAN,2001,11.0940622,,,,final,,,
food.faostat.agrifood-emissions-by-country,PAN,2002,11.1066391,,,,final,,,
food.faostat.agrifood-emissions-by-country,PAN,2003,11.4946239,,,,final,,,
food.faostat.agrifood-emissions-by-country,PAN,2004,11.2609607,,,,final,,,
food.faostat.agrifood-emissions-by-country,PAN,2005,11.4314949,,,,final,,,
food.faostat.agrifood-emissions-by-country,PAN,2006,11.5746778,,,,final,,,
food.faostat.agrifood-emissions-by-country,PAN,2007,11.4758997,,,,final,,,
food.faostat.agrifood-emissions-by-country,PAN,2008,11.6562609,,,,final,,,
food.faostat.agrifood-emissions-by-country,PAN,2009,11.903943,,,,final,,,
food.faostat.agrifood-emissions-by-country,PAN,2010,12.010622,,,,final,,,
food.faostat.agrifood-emissions-by-country,PAN,2011,10.2923175,,,,final,,,
food.faostat.agrifood-emissions-by-country,PAN,2012,10.3222503,,,,final,,,
food.faostat.agrifood-emissions-by-country,PAN,2013,10.3513725,,,,final,,,
food.faostat.agrifood-emissions-by-country,PAN,2014,10.2235744,,,,final,,,
food.faostat.agrifood-emissions-by-country,PAN,2015,10.1672925,,,,final,,,
food.faostat.agrifood-emissions-by-country,PAN,2016,9.1241965,,,,final,,,
food.faostat.agrifood-emissions-by-country,PAN,2017,8.909947,,,,final,,,
food.faostat.agrifood-emissions-by-country,PAN,2018,9.1424275,,,,final,,,
food.faostat.agrifood-emissions-by-country,PAN,2019,10.0655947,,,,final,,,
food.faostat.agrifood-emissions-by-country,PAN,2020,10.1853363,,,,final,,,
food.faostat.agrifood-emissions-by-country,PAN,2021,11.2869971,,,,final,,,
food.faostat.agrifood-emissions-by-country,PAN,2022,11.1464846,,,,final,,,
food.faostat.agrifood-emissions-by-country,PAN,2023,11.7014959,,,,final,,,
food.faostat.agrifood-emissions-by-country,PCN,1990,0.0001254,,,,final,,,
food.faostat.agrifood-emissions-by-country,PCN,1991,0.0001254,,,,final,,,
food.faostat.agrifood-emissions-by-country,PCN,1992,0.0001254,,,,final,,,
food.faostat.agrifood-emissions-by-country,PCN,1993,0.0001254,,,,final,,,
food.faostat.agrifood-emissions-by-country,PCN,1994,0.0001254,,,,final,,,
food.faostat.agrifood-emissions-by-country,PCN,1995,0.0001046,,,,final,,,
food.faostat.agrifood-emissions-by-country,PCN,1996,5.4e-05,,,,final,,,
food.faostat.agrifood-emissions-by-country,PCN,1997,2.08e-05,,,,final,,,
food.faostat.agrifood-emissions-by-country,PCN,1998,0.0,,,,final,,,
food.faostat.agrifood-emissions-by-country,PCN,1999,0.0,,,,final,,,
food.faostat.agrifood-emissions-by-country,PCN,2000,0.0,,,,final,,,
food.faostat.agrifood-emissions-by-country,PCN,2001,0.0,,,,final,,,
food.faostat.agrifood-emissions-by-country,PCN,2002,0.0,,,,final,,,
food.faostat.agrifood-emissions-by-country,PCN,2003,0.0,,,,final,,,
food.faostat.agrifood-emissions-by-country,PCN,2004,0.0,,,,final,,,
food.faostat.agrifood-emissions-by-country,PCN,2005,0.0,,,,final,,,
food.faostat.agrifood-emissions-by-country,PCN,2006,0.0,,,,final,,,
food.faostat.agrifood-emissions-by-country,PCN,2007,0.0,,,,final,,,
food.faostat.agrifood-emissions-by-country,PCN,2008,0.0,,,,final,,,
food.faostat.agrifood-emissions-by-country,PCN,2009,0.0,,,,final,,,
food.faostat.agrifood-emissions-by-country,PCN,2010,0.0,,,,final,,,
food.faostat.agrifood-emissions-by-country,PCN,2011,0.0,,,,final,,,
food.faostat.agrifood-emissions-by-country,PCN,2012,0.0,,,,final,,,
food.faostat.agrifood-emissions-by-country,PCN,2013,0.0,,,,final,,,
food.faostat.agrifood-emissions-by-country,PCN,2014,0.0,,,,final,,,
food.faostat.agrifood-emissions-by-country,PCN,2015,0.0,,,,final,,,
food.faostat.agrifood-emissions-by-country,PCN,2016,0.0,,,,final,,,
food.faostat.agrifood-emissions-by-country,PCN,2017,0.0,,,,final,,,
food.faostat.agrifood-emissions-by-country,PCN,2018,0.0,,,,final,,,
food.faostat.agrifood-emissions-by-country,PCN,2019,0.0,,,,final,,,
food.faostat.agrifood-emissions-by-country,PCN,2020,0.0,,,,final,,,
food.faostat.agrifood-emissions-by-country,PCN,2021,0.0,,,,final,,,
food.faostat.agrifood-emissions-by-country,PCN,2022,0.0,,,,final,,,
food.faostat.agrifood-emissions-by-country,PCN,2023,0.0,,,,final,,,
food.faostat.agrifood-emissions-by-country,PER,1990,155.9121665,,,,final,,,
food.faostat.agrifood-emissions-by-country,PER,1991,155.6561124,,,,final,,,
food.faostat.agrifood-emissions-by-country,PER,1992,155.8443604,,,,final,,,
food.faostat.agrifood-emissions-by-country,PER,1993,156.5630916,,,,final,,,
food.faostat.agrifood-emissions-by-country,PER,1994,157.7112214,,,,final,,,
food.faostat.agrifood-emissions-by-country,PER,1995,158.9688636,,,,final,,,
food.faostat.agrifood-emissions-by-country,PER,1996,161.2615845,,,,final,,,
food.faostat.agrifood-emissions-by-country,PER,1997,161.5087675,,,,final,,,
food.faostat.agrifood-emissions-by-country,PER,1998,160.9519313,,,,final,,,
food.faostat.agrifood-emissions-by-country,PER,1999,162.4745395,,,,final,,,
food.faostat.agrifood-emissions-by-country,PER,2000,162.575307,,,,final,,,
food.faostat.agrifood-emissions-by-country,PER,2001,163.8557889,,,,final,,,
food.faostat.agrifood-emissions-by-country,PER,2002,164.802075,,,,final,,,
food.faostat.agrifood-emissions-by-country,PER,2003,165.2680929,,,,final,,,
food.faostat.agrifood-emissions-by-country,PER,2004,165.8551769,,,,final,,,
food.faostat.agrifood-emissions-by-country,PER,2005,167.3161331,,,,final,,,
food.faostat.agrifood-emissions-by-country,PER,2006,167.1071174,,,,final,,,
food.faostat.agrifood-emissions-by-country,PER,2007,168.1176483,,,,final,,,
food.faostat.agrifood-emissions-by-country,PER,2008,168.6189847,,,,final,,,
food.faostat.agrifood-emissions-by-country,PER,2009,169.8996098,,,,final,,,
food.faostat.agrifood-emissions-by-country,PER,2010,169.9613091,,,,final,,,
food.faostat.agrifood-emissions-by-country,PER,2011,172.5202274,,,,final,,,
food.faostat.agrifood-emissions-by-country,PER,2012,172.4759245,,,,final,,,
food.faostat.agrifood-emissions-by-country,PER,2013,173.2080608,,,,final,,,
food.faostat.agrifood-emissions-by-country,PER,2014,173.4018536,,,,final,,,
food.faostat.agrifood-emissions-by-country,PER,2015,173.9286871,,,,final,,,
food.faostat.agrifood-emissions-by-country,PER,2016,122.4177856,,,,final,,,
food.faostat.agrifood-emissions-by-country,PER,2017,122.6850077,,,,final,,,
food.faostat.agrifood-emissions-by-country,PER,2018,122.7797008,,,,final,,,
food.faostat.agrifood-emissions-by-country,PER,2019,123.5928674,,,,final,,,
food.faostat.agrifood-emissions-by-country,PER,2020,123.0535359,,,,final,,,
food.faostat.agrifood-emissions-by-country,PER,2021,175.9941624,,,,final,,,
food.faostat.agrifood-emissions-by-country,PER,2022,175.9893052,,,,final,,,
food.faostat.agrifood-emissions-by-country,PER,2023,175.6417462,,,,final,,,
food.faostat.agrifood-emissions-by-country,PHL,1990,86.2200481,,,,final,,,
food.faostat.agrifood-emissions-by-country,PHL,1991,88.0045744,,,,final,,,
food.faostat.agrifood-emissions-by-country,PHL,1992,87.3449871,,,,final,,,
food.faostat.agrifood-emissions-by-country,PHL,1993,87.5188004,,,,final,,,
food.faostat.agrifood-emissions-by-country,PHL,1994,92.0807833,,,,final,,,
food.faostat.agrifood-emissions-by-country,PHL,1995,94.752499,,,,final,,,
food.faostat.agrifood-emissions-by-country,PHL,1996,98.4967502,,,,final,,,
food.faostat.agrifood-emissions-by-country,PHL,1997,99.4496067,,,,final,,,
food.faostat.agrifood-emissions-by-country,PHL,1998,91.4015383,,,,final,,,
food.faostat.agrifood-emissions-by-country,PHL,1999,98.9200255,,,,final,,,
food.faostat.agrifood-emissions-by-country,PHL,2000,100.0987041,,,,final,,,
food.faostat.agrifood-emissions-by-country,PHL,2001,102.5213827,,,,final,,,
food.faostat.agrifood-emissions-by-country,PHL,2002,102.5935335,,,,final,,,
food.faostat.agrifood-emissions-by-country,PHL,2003,104.4468894,,,,final,,,
food.faostat.agrifood-emissions-by-country,PHL,2004,107.1934751,,,,final,,,
food.faostat.agrifood-emissions-by-country,PHL,2005,105.7827105,,,,final,,,
food.faostat.agrifood-emissions-by-country,PHL,2006,106.1078373,,,,final,,,
food.faostat.agrifood-emissions-by-country,PHL,2007,110.027938,,,,final,,,
food.faostat.agrifood-emissions-by-country,PHL,2008,111.5456533,,,,final,,,
food.faostat.agrifood-emissions-by-country,PHL,2009,113.3528646,,,,final,,,
food.faostat.agrifood-emissions-by-country,PHL,2010,112.58207,,,,final,,,
food.faostat.agrifood-emissions-by-country,PHL,2011,90.1175404,,,,final,,,
food.faostat.agrifood-emissions-by-country,PHL,2012,91.44595,,,,final,,,
food.faostat.agrifood-emissions-by-country,PHL,2013,93.3730482,,,,final,,,
food.faostat.agrifood-emissions-by-country,PHL,2014,94.320724,,,,final,,,
food.faostat.agrifood-emissions-by-country,PHL,2015,94.6485246,,,,final,,,
food.faostat.agrifood-emissions-by-country,PHL,2016,96.5920094,,,,final,,,
food.faostat.agrifood-emissions-by-country,PHL,2017,101.6984141,,,,final,,,
food.faostat.agrifood-emissions-by-country,PHL,2018,106.1116465,,,,final,,,
food.faostat.agrifood-emissions-by-country,PHL,2019,106.7947019,,,,final,,,
food.faostat.agrifood-emissions-by-country,PHL,2020,106.9456989,,,,final,,,
food.faostat.agrifood-emissions-by-country,PHL,2021,109.2907509,,,,final,,,
food.faostat.agrifood-emissions-by-country,PHL,2022,109.149564,,,,final,,,
food.faostat.agrifood-emissions-by-country,PHL,2023,108.5994392,,,,final,,,
food.faostat.agrifood-emissions-by-country,PLW,1991,0.0008491,,,,final,,,
food.faostat.agrifood-emissions-by-country,PLW,1992,0.0182602,,,,final,,,
food.faostat.agrifood-emissions-by-country,PLW,1993,0.0180855,,,,final,,,
food.faostat.agrifood-emissions-by-country,PLW,1994,0.0180014,,,,final,,,
food.faostat.agrifood-emissions-by-country,PLW,1995,0.0182351,,,,final,,,
food.faostat.agrifood-emissions-by-country,PLW,1996,0.0186548,,,,final,,,
food.faostat.agrifood-emissions-by-country,PLW,1997,0.0190444,,,,final,,,
food.faostat.agrifood-emissions-by-country,PLW,1998,0.0196382,,,,final,,,
food.faostat.agrifood-emissions-by-country,PLW,1999,0.0195264,,,,final,,,
food.faostat.agrifood-emissions-by-country,PLW,2000,0.0201334,,,,final,,,
food.faostat.agrifood-emissions-by-country,PLW,2001,0.0204399,,,,final,,,
food.faostat.agrifood-emissions-by-country,PLW,2002,0.020192,,,,final,,,
food.faostat.agrifood-emissions-by-country,PLW,2003,0.0202135,,,,final,,,
food.faostat.agrifood-emissions-by-country,PLW,2004,0.0202288,,,,final,,,
food.faostat.agrifood-emissions-by-country,PLW,2005,0.0215675,,,,final,,,
food.faostat.agrifood-emissions-by-country,PLW,2006,0.0213729,,,,final,,,
food.faostat.agrifood-emissions-by-country,PLW,2007,0.0216853,,,,final,,,
food.faostat.agrifood-emissions-by-country,PLW,2008,0.0205479,,,,final,,,
food.faostat.agrifood-emissions-by-country,PLW,2009,0.0197943,,,,final,,,
food.faostat.agrifood-emissions-by-country,PLW,2010,0.0200287,,,,final,,,
food.faostat.agrifood-emissions-by-country,PLW,2011,0.0200287,,,,final,,,
food.faostat.agrifood-emissions-by-country,PLW,2012,0.020426,,,,final,,,
food.faostat.agrifood-emissions-by-country,PLW,2013,0.0207904,,,,final,,,
food.faostat.agrifood-emissions-by-country,PLW,2014,0.020441,,,,final,,,
food.faostat.agrifood-emissions-by-country,PLW,2015,0.0201796,,,,final,,,
food.faostat.agrifood-emissions-by-country,PLW,2016,0.0196136,,,,final,,,
food.faostat.agrifood-emissions-by-country,PLW,2017,0.0208854,,,,final,,,
food.faostat.agrifood-emissions-by-country,PLW,2018,0.0206058,,,,final,,,
food.faostat.agrifood-emissions-by-country,PLW,2019,0.0205944,,,,final,,,
food.faostat.agrifood-emissions-by-country,PLW,2020,0.0201092,,,,final,,,
food.faostat.agrifood-emissions-by-country,PLW,2021,0.0201089,,,,final,,,
food.faostat.agrifood-emissions-by-country,PLW,2022,0.0203453,,,,final,,,
food.faostat.agrifood-emissions-by-country,PLW,2023,0.0203442,,,,final,,,
food.faostat.agrifood-emissions-by-country,PNG,1990,29.5187576,,,,final,,,
food.faostat.agrifood-emissions-by-country,PNG,1991,29.5391667,,,,final,,,
food.faostat.agrifood-emissions-by-country,PNG,1992,29.5993209,,,,final,,,
food.faostat.agrifood-emissions-by-country,PNG,1993,29.644629,,,,final,,,
food.faostat.agrifood-emissions-by-country,PNG,1994,29.7017163,,,,final,,,
food.faostat.agrifood-emissions-by-country,PNG,1995,31.6901606,,,,final,,,
food.faostat.agrifood-emissions-by-country,PNG,1996,31.3080825,,,,final,,,
food.faostat.agrifood-emissions-by-country,PNG,1997,45.8480996,,,,final,,,
food.faostat.agrifood-emissions-by-country,PNG,1998,32.1650535,,,,final,,,
food.faostat.agrifood-emissions-by-country,PNG,1999,33.2621367,,,,final,,,
food.faostat.agrifood-emissions-by-country,PNG,2000,34.0419393,,,,final,,,
food.faostat.agrifood-emissions-by-country,PNG,2001,34.2728682,,,,final,,,
food.faostat.agrifood-emissions-by-country,PNG,2002,34.9621919,,,,final,,,
food.faostat.agrifood-emissions-by-country,PNG,2003,34.7399218,,,,final,,,
food.faostat.agrifood-emissions-by-country,PNG,2004,35.5423877,,,,final,,,
food.faostat.agrifood-emissions-by-country,PNG,2005,34.5781511,,,,final,,,
food.faostat.agrifood-emissions-by-country,PNG,2006,34.5816596,,,,final,,,
food.faostat.agrifood-emissions-by-country,PNG,2007,34.4662068,,,,final,,,
food.faostat.agrifood-emissions-by-country,PNG,2008,34.0264929,,,,final,,,
food.faostat.agrifood-emissions-by-country,PNG,2009,33.9423651,,,,final,,,
food.faostat.agrifood-emissions-by-country,PNG,2010,33.9798404,,,,final,,,
food.faostat.agrifood-emissions-by-country,PNG,2011,26.839069,,,,final,,,
food.faostat.agrifood-emissions-by-country,PNG,2012,26.8734923,,,,final,,,
food.faostat.agrifood-emissions-by-country,PNG,2013,26.8721075,,,,final,,,
food.faostat.agrifood-emissions-by-country,PNG,2014,26.9466561,,,,final,,,
food.faostat.agrifood-emissions-by-country,PNG,2015,28.043047,,,,final,,,
food.faostat.agrifood-emissions-by-country,PNG,2016,33.7700957,,,,final,,,
food.faostat.agrifood-emissions-by-country,PNG,2017,33.840359,,,,final,,,
food.faostat.agrifood-emissions-by-country,PNG,2018,34.2448303,,,,final,,,
food.faostat.agrifood-emissions-by-country,PNG,2019,34.1984588,,,,final,,,
food.faostat.agrifood-emissions-by-country,PNG,2020,34.5341477,,,,final,,,
food.faostat.agrifood-emissions-by-country,PNG,2021,27.7250441,,,,final,,,
food.faostat.agrifood-emissions-by-country,PNG,2022,28.0359783,,,,final,,,
food.faostat.agrifood-emissions-by-country,PNG,2023,28.1256221,,,,final,,,
food.faostat.agrifood-emissions-by-country,POL,1990,140.3676813,,,,final,,,
food.faostat.agrifood-emissions-by-country,POL,1991,142.0533868,,,,final,,,
food.faostat.agrifood-emissions-by-country,POL,1992,138.4049371,,,,final,,,
food.faostat.agrifood-emissions-by-country,POL,1993,141.7901054,,,,final,,,
food.faostat.agrifood-emissions-by-country,POL,1994,138.6742081,,,,final,,,
food.faostat.agrifood-emissions-by-country,POL,1995,141.5711208,,,,final,,,
food.faostat.agrifood-emissions-by-country,POL,1996,146.3524056,,,,final,,,
food.faostat.agrifood-emissions-by-country,POL,1997,145.1346579,,,,final,,,
food.faostat.agrifood-emissions-by-country,POL,1998,135.8284446,,,,final,,,
food.faostat.agrifood-emissions-by-country,POL,1999,131.2555662,,,,final,,,
food.faostat.agrifood-emissions-by-country,POL,2000,129.8019258,,,,final,,,
food.faostat.agrifood-emissions-by-country,POL,2001,130.0657705,,,,final,,,
food.faostat.agrifood-emissions-by-country,POL,2002,129.4247131,,,,final,,,
food.faostat.agrifood-emissions-by-country,POL,2003,128.0881626,,,,final,,,
food.faostat.agrifood-emissions-by-country,POL,2004,128.3228419,,,,final,,,
food.faostat.agrifood-emissions-by-country,POL,2005,131.4843536,,,,final,,,
food.faostat.agrifood-emissions-by-country,POL,2006,131.6574453,,,,final,,,
food.faostat.agrifood-emissions-by-country,POL,2007,131.9595883,,,,final,,,
food.faostat.agrifood-emissions-by-country,POL,2008,133.1985384,,,,final,,,
food.faostat.agrifood-emissions-by-country,POL,2009,131.9775976,,,,final,,,
food.faostat.agrifood-emissions-by-country,POL,2010,136.4935845,,,,final,,,
food.faostat.agrifood-emissions-by-country,POL,2011,133.1923552,,,,final,,,
food.faostat.agrifood-emissions-by-country,POL,2012,134.503527,,,,final,,,
food.faostat.agrifood-emissions-by-country,POL,2013,133.3550447,,,,final,,,
food.faostat.agrifood-emissions-by-country,POL,2014,133.8745379,,,,final,,,
food.faostat.agrifood-emissions-by-country,POL,2015,137.6815298,,,,final,,,
food.faostat.agrifood-emissions-by-country,POL,2016,140.6574048,,,,final,,,
food.faostat.agrifood-emissions-by-country,POL,2017,144.4988755,,,,final,,,
food.faostat.agrifood-emissions-by-country,POL,2018,142.2640415,,,,final,,,
food.faostat.agrifood-emissions-by-country,POL,2019,140.1690418,,,,final,,,
food.faostat.agrifood-emissions-by-country,POL,2020,140.0842214,,,,final,,,
food.faostat.agrifood-emissions-by-country,POL,2021,139.1067127,,,,final,,,
food.faostat.agrifood-emissions-by-country,POL,2022,137.6680796,,,,final,,,
food.faostat.agrifood-emissions-by-country,POL,2023,137.6961044,,,,final,,,
food.faostat.agrifood-emissions-by-country,PRI,1990,4.2842387,,,,final,,,
food.faostat.agrifood-emissions-by-country,PRI,1991,4.449042,,,,final,,,
food.faostat.agrifood-emissions-by-country,PRI,1992,4.0412667,,,,final,,,
food.faostat.agrifood-emissions-by-country,PRI,1993,4.0534691,,,,final,,,
food.faostat.agrifood-emissions-by-country,PRI,1994,4.019023,,,,final,,,
food.faostat.agrifood-emissions-by-country,PRI,1995,4.2080213,,,,final,,,
food.faostat.agrifood-emissions-by-country,PRI,1996,4.2170622,,,,final,,,
food.faostat.agrifood-emissions-by-country,PRI,1997,4.3270458,,,,final,,,
food.faostat.agrifood-emissions-by-country,PRI,1998,4.153364,,,,final,,,
food.faostat.agrifood-emissions-by-country,PRI,1999,4.2485012,,,,final,,,
food.faostat.agrifood-emissions-by-country,PRI,2000,4.3416205,,,,final,,,
food.faostat.agrifood-emissions-by-country,PRI,2001,4.4027482,,,,final,,,
food.faostat.agrifood-emissions-by-country,PRI,2002,4.7634729,,,,final,,,
food.faostat.agrifood-emissions-by-country,PRI,2003,4.763168,,,,final,,,
food.faostat.agrifood-emissions-by-country,PRI,2004,4.6078772,,,,final,,,
food.faostat.agrifood-emissions-by-country,PRI,2005,4.6957592,,,,final,,,
food.faostat.agrifood-emissions-by-country,PRI,2006,4.5181486,,,,final,,,
food.faostat.agrifood-emissions-by-country,PRI,2007,4.6807964,,,,final,,,
food.faostat.agrifood-emissions-by-country,PRI,2008,4.5369369,,,,final,,,
food.faostat.agrifood-emissions-by-country,PRI,2009,4.4549557,,,,final,,,
food.faostat.agrifood-emissions-by-country,PRI,2010,4.7303338,,,,final,,,
food.faostat.agrifood-emissions-by-country,PRI,2011,4.7035638,,,,final,,,
food.faostat.agrifood-emissions-by-country,PRI,2012,4.609454,,,,final,,,
food.faostat.agrifood-emissions-by-country,PRI,2013,4.5299106,,,,final,,,
food.faostat.agrifood-emissions-by-country,PRI,2014,4.5647864,,,,final,,,
food.faostat.agrifood-emissions-by-country,PRI,2015,4.5920731,,,,final,,,
food.faostat.agrifood-emissions-by-country,PRI,2016,5.3515,,,,final,,,
food.faostat.agrifood-emissions-by-country,PRI,2017,4.8447482,,,,final,,,
food.faostat.agrifood-emissions-by-country,PRI,2018,5.1344574,,,,final,,,
food.faostat.agrifood-emissions-by-country,PRI,2019,5.1827024,,,,final,,,
food.faostat.agrifood-emissions-by-country,PRI,2020,5.3329164,,,,final,,,
food.faostat.agrifood-emissions-by-country,PRI,2021,5.5850871,,,,final,,,
food.faostat.agrifood-emissions-by-country,PRI,2022,5.4447518,,,,final,,,
food.faostat.agrifood-emissions-by-country,PRI,2023,5.6270282,,,,final,,,
food.faostat.agrifood-emissions-by-country,PRK,1990,13.2589033,,,,final,,,
food.faostat.agrifood-emissions-by-country,PRK,1991,13.0876509,,,,final,,,
food.faostat.agrifood-emissions-by-country,PRK,1992,12.7662489,,,,final,,,
food.faostat.agrifood-emissions-by-country,PRK,1993,12.5318854,,,,final,,,
food.faostat.agrifood-emissions-by-country,PRK,1994,10.4529585,,,,final,,,
food.faostat.agrifood-emissions-by-country,PRK,1995,8.9169969,,,,final,,,
food.faostat.agrifood-emissions-by-country,PRK,1996,8.358902,,,,final,,,
food.faostat.agrifood-emissions-by-country,PRK,1997,8.7201925,,,,final,,,
food.faostat.agrifood-emissions-by-country,PRK,1998,8.7182299,,,,final,,,
food.faostat.agrifood-emissions-by-country,PRK,1999,8.8702586,,,,final,,,
food.faostat.agrifood-emissions-by-country,PRK,2000,9.0208638,,,,final,,,
food.faostat.agrifood-emissions-by-country,PRK,2001,7.7707923,,,,final,,,
food.faostat.agrifood-emissions-by-country,PRK,2002,7.3582095,,,,final,,,
food.faostat.agrifood-emissions-by-country,PRK,2003,7.3742976,,,,final,,,
food.faostat.agrifood-emissions-by-country,PRK,2004,7.7493203,,,,final,,,
food.faostat.agrifood-emissions-by-country,PRK,2005,7.8686801,,,,final,,,
food.faostat.agrifood-emissions-by-country,PRK,2006,8.022219,,,,final,,,
food.faostat.agrifood-emissions-by-country,PRK,2007,7.8221138,,,,final,,,
food.faostat.agrifood-emissions-by-country,PRK,2008,7.8277238,,,,final,,,
food.faostat.agrifood-emissions-by-country,PRK,2009,8.0347008,,,,final,,,
food.faostat.agrifood-emissions-by-country,PRK,2010,8.1863159,,,,final,,,
food.faostat.agrifood-emissions-by-country,PRK,2011,8.2535207,,,,final,,,
food.faostat.agrifood-emissions-by-country,PRK,2012,8.0528118,,,,final,,,
food.faostat.agrifood-emissions-by-country,PRK,2013,7.9724839,,,,final,,,
food.faostat.agrifood-emissions-by-country,PRK,2014,7.7685363,,,,final,,,
food.faostat.agrifood-emissions-by-country,PRK,2015,7.4865208,,,,final,,,
food.faostat.agrifood-emissions-by-country,PRK,2016,7.8794112,,,,final,,,
food.faostat.agrifood-emissions-by-country,PRK,2017,10.9418864,,,,final,,,
food.faostat.agrifood-emissions-by-country,PRK,2018,10.9493489,,,,final,,,
food.faostat.agrifood-emissions-by-country,PRK,2019,10.9190932,,,,final,,,
food.faostat.agrifood-emissions-by-country,PRK,2020,10.7832633,,,,final,,,
food.faostat.agrifood-emissions-by-country,PRK,2021,10.7258647,,,,final,,,
food.faostat.agrifood-emissions-by-country,PRK,2022,10.2497726,,,,final,,,
food.faostat.agrifood-emissions-by-country,PRK,2023,10.1294791,,,,final,,,
food.faostat.agrifood-emissions-by-country,PRT,1990,19.3930172,,,,final,,,
food.faostat.agrifood-emissions-by-country,PRT,1991,19.6105194,,,,final,,,
food.faostat.agrifood-emissions-by-country,PRT,1992,20.1037682,,,,final,,,
food.faostat.agrifood-emissions-by-country,PRT,1993,19.3027823,,,,final,,,
food.faostat.agrifood-emissions-by-country,PRT,1994,19.688229,,,,final,,,
food.faostat.agrifood-emissions-by-country,PRT,1995,19.6708032,,,,final,,,
food.faostat.agrifood-emissions-by-country,PRT,1996,19.6204916,,,,final,,,
food.faostat.agrifood-emissions-by-country,PRT,1997,20.405251,,,,final,,,
food.faostat.agrifood-emissions-by-country,PRT,1998,21.1522454,,,,final,,,
food.faostat.agrifood-emissions-by-country,PRT,1999,22.1704108,,,,final,,,
food.faostat.agrifood-emissions-by-country,PRT,2000,22.4373777,,,,final,,,
food.faostat.agrifood-emissions-by-country,PRT,2001,20.9058181,,,,final,,,
food.faostat.agrifood-emissions-by-country,PRT,2002,22.1041244,,,,final,,,
food.faostat.agrifood-emissions-by-country,PRT,2003,21.5385607,,,,final,,,
food.faostat.agrifood-emissions-by-country,PRT,2004,22.2904204,,,,final,,,
food.faostat.agrifood-emissions-by-country,PRT,2005,22.9679207,,,,final,,,
food.faostat.agrifood-emissions-by-country,PRT,2006,21.8580738,,,,final,,,
food.faostat.agrifood-emissions-by-country,PRT,2007,22.0056043,,,,final,,,
food.faostat.agrifood-emissions-by-country,PRT,2008,21.7818306,,,,final,,,
food.faostat.agrifood-emissions-by-country,PRT,2009,21.5694601,,,,final,,,
food.faostat.agrifood-emissions-by-country,PRT,2010,20.6429801,,,,final,,,
food.faostat.agrifood-emissions-by-country,PRT,2011,19.2350127,,,,final,,,
food.faostat.agrifood-emissions-by-country,PRT,2012,19.388941,,,,final,,,
food.faostat.agrifood-emissions-by-country,PRT,2013,18.4711192,,,,final,,,
food.faostat.agrifood-emissions-by-country,PRT,2014,18.8414685,,,,final,,,
food.faostat.agrifood-emissions-by-country,PRT,2015,19.6142223,,,,final,,,
food.faostat.agrifood-emissions-by-country,PRT,2016,19.1989631,,,,final,,,
food.faostat.agrifood-emissions-by-country,PRT,2017,20.2690285,,,,final,,,
food.faostat.agrifood-emissions-by-country,PRT,2018,19.4679245,,,,final,,,
food.faostat.agrifood-emissions-by-country,PRT,2019,19.0853042,,,,final,,,
food.faostat.agrifood-emissions-by-country,PRT,2020,20.0382349,,,,final,,,
food.faostat.agrifood-emissions-by-country,PRT,2021,19.9684208,,,,final,,,
food.faostat.agrifood-emissions-by-country,PRT,2022,19.4255232,,,,final,,,
food.faostat.agrifood-emissions-by-country,PRT,2023,19.3597625,,,,final,,,
food.faostat.agrifood-emissions-by-country,PRY,1990,86.2455978,,,,final,,,
food.faostat.agrifood-emissions-by-country,PRY,1991,84.8537306,,,,final,,,
food.faostat.agrifood-emissions-by-country,PRY,1992,85.476596,,,,final,,,
food.faostat.agrifood-emissions-by-country,PRY,1993,87.0861677,,,,final,,,
food.faostat.agrifood-emissions-by-country,PRY,1994,88.2166703,,,,final,,,
food.faostat.agrifood-emissions-by-country,PRY,1995,89.764451,,,,final,,,
food.faostat.agrifood-emissions-by-country,PRY,1996,89.1670385,,,,final,,,
food.faostat.agrifood-emissions-by-country,PRY,1997,89.4190101,,,,final,,,
food.faostat.agrifood-emissions-by-country,PRY,1998,89.4275827,,,,final,,,
food.faostat.agrifood-emissions-by-country,PRY,1999,91.298483,,,,final,,,
food.faostat.agrifood-emissions-by-country,PRY,2000,88.3435071,,,,final,,,
food.faostat.agrifood-emissions-by-country,PRY,2001,90.1413085,,,,final,,,
food.faostat.agrifood-emissions-by-country,PRY,2002,90.125521,,,,final,,,
food.faostat.agrifood-emissions-by-country,PRY,2003,91.9230097,,,,final,,,
food.faostat.agrifood-emissions-by-country,PRY,2004,89.5104992,,,,final,,,
food.faostat.agrifood-emissions-by-country,PRY,2005,91.0317317,,,,final,,,
food.faostat.agrifood-emissions-by-country,PRY,2006,90.7949913,,,,final,,,
food.faostat.agrifood-emissions-by-country,PRY,2007,94.254975,,,,final,,,
food.faostat.agrifood-emissions-by-country,PRY,2008,91.5466825,,,,final,,,
food.faostat.agrifood-emissions-by-country,PRY,2009,93.4693035,,,,final,,,
food.faostat.agrifood-emissions-by-country,PRY,2010,95.3645979,,,,final,,,
food.faostat.agrifood-emissions-by-country,PRY,2011,92.3312947,,,,final,,,
food.faostat.agrifood-emissions-by-country,PRY,2012,93.6697022,,,,final,,,
food.faostat.agrifood-emissions-by-country,PRY,2013,94.8825041,,,,final,,,
food.faostat.agrifood-emissions-by-country,PRY,2014,96.2422929,,,,final,,,
food.faostat.agrifood-emissions-by-country,PRY,2015,95.6173615,,,,final,,,
food.faostat.agrifood-emissions-by-country,PRY,2016,79.5925793,,,,final,,,
food.faostat.agrifood-emissions-by-country,PRY,2017,81.1691656,,,,final,,,
food.faostat.agrifood-emissions-by-country,PRY,2018,79.0114875,,,,final,,,
food.faostat.agrifood-emissions-by-country,PRY,2019,80.560302,,,,final,,,
food.faostat.agrifood-emissions-by-country,PRY,2020,82.0883537,,,,final,,,
food.faostat.agrifood-emissions-by-country,PRY,2021,73.1651902,,,,final,,,
food.faostat.agrifood-emissions-by-country,PRY,2022,71.1727037,,,,final,,,
food.faostat.agrifood-emissions-by-country,PRY,2023,71.4078139,,,,final,,,
food.faostat.agrifood-emissions-by-country,PSE,1990,0.5928262,,,,final,,,
food.faostat.agrifood-emissions-by-country,PSE,1991,0.6254033,,,,final,,,
food.faostat.agrifood-emissions-by-country,PSE,1992,0.6573698,,,,final,,,
food.faostat.agrifood-emissions-by-country,PSE,1993,0.5054054,,,,final,,,
food.faostat.agrifood-emissions-by-country,PSE,1994,0.8655717,,,,final,,,
food.faostat.agrifood-emissions-by-country,PSE,1995,0.9677933,,,,final,,,
food.faostat.agrifood-emissions-by-country,PSE,1996,0.9869667,,,,final,,,
food.faostat.agrifood-emissions-by-country,PSE,1997,1.1423276,,,,final,,,
food.faostat.agrifood-emissions-by-country,PSE,1998,1.2704277,,,,final,,,
food.faostat.agrifood-emissions-by-country,PSE,1999,1.4535384,,,,final,,,
food.faostat.agrifood-emissions-by-country,PSE,2000,1.7882393,,,,final,,,
food.faostat.agrifood-emissions-by-country,PSE,2001,2.058837,,,,final,,,
food.faostat.agrifood-emissions-by-country,PSE,2002,2.3841959,,,,final,,,
food.faostat.agrifood-emissions-by-country,PSE,2003,2.6022978,,,,final,,,
food.faostat.agrifood-emissions-by-country,PSE,2004,2.7576071,,,,final,,,
food.faostat.agrifood-emissions-by-country,PSE,2005,2.9907769,,,,final,,,
food.faostat.agrifood-emissions-by-country,PSE,2006,3.0398491,,,,final,,,
food.faostat.agrifood-emissions-by-country,PSE,2007,3.0613147,,,,final,,,
food.faostat.agrifood-emissions-by-country,PSE,2008,3.0086798,,,,final,,,
food.faostat.agrifood-emissions-by-country,PSE,2009,3.0824384,,,,final,,,
food.faostat.agrifood-emissions-by-country,PSE,2010,3.0155737,,,,final,,,
food.faostat.agrifood-emissions-by-country,PSE,2011,3.1408378,,,,final,,,
food.faostat.agrifood-emissions-by-country,PSE,2012,3.260253,,,,final,,,
food.faostat.agrifood-emissions-by-country,PSE,2013,3.3078495,,,,final,,,
food.faostat.agrifood-emissions-by-country,PSE,2014,3.5606814,,,,final,,,
food.faostat.agrifood-emissions-by-country,PSE,2015,3.7023006,,,,final,,,
food.faostat.agrifood-emissions-by-country,PSE,2016,4.028863,,,,final,,,
food.faostat.agrifood-emissions-by-country,PSE,2017,4.2974659,,,,final,,,
food.faostat.agrifood-emissions-by-country,PSE,2018,4.4919237,,,,final,,,
food.faostat.agrifood-emissions-by-country,PSE,2019,4.8321571,,,,final,,,
food.faostat.agrifood-emissions-by-country,PSE,2020,5.1333756,,,,final,,,
food.faostat.agrifood-emissions-by-country,PSE,2021,5.512669,,,,final,,,
food.faostat.agrifood-emissions-by-country,PSE,2022,5.6902381,,,,final,,,
food.faostat.agrifood-emissions-by-country,PSE,2023,5.6791698,,,,final,,,
food.faostat.agrifood-emissions-by-country,PYF,1990,0.0738392,,,,final,,,
food.faostat.agrifood-emissions-by-country,PYF,1991,0.0752353,,,,final,,,
food.faostat.agrifood-emissions-by-country,PYF,1992,0.077789,,,,final,,,
food.faostat.agrifood-emissions-by-country,PYF,1993,0.080379,,,,final,,,
food.faostat.agrifood-emissions-by-country,PYF,1994,0.0830014,,,,final,,,
food.faostat.agrifood-emissions-by-country,PYF,1995,0.0821779,,,,final,,,
food.faostat.agrifood-emissions-by-country,PYF,1996,0.0821466,,,,final,,,
food.faostat.agrifood-emissions-by-country,PYF,1997,0.0806199,,,,final,,,
food.faostat.agrifood-emissions-by-country,PYF,1998,0.0857042,,,,final,,,
food.faostat.agrifood-emissions-by-country,PYF,1999,0.0872545,,,,final,,,
food.faostat.agrifood-emissions-by-country,PYF,2000,0.0867034,,,,final,,,
food.faostat.agrifood-emissions-by-country,PYF,2001,0.0906855,,,,final,,,
food.faostat.agrifood-emissions-by-country,PYF,2002,0.0852717,,,,final,,,
food.faostat.agrifood-emissions-by-country,PYF,2003,0.0861539,,,,final,,,
food.faostat.agrifood-emissions-by-country,PYF,2004,0.0923512,,,,final,,,
food.faostat.agrifood-emissions-by-country,PYF,2005,0.0869654,,,,final,,,
food.faostat.agrifood-emissions-by-country,PYF,2006,0.0805812,,,,final,,,
food.faostat.agrifood-emissions-by-country,PYF,2007,0.0867657,,,,final,,,
food.faostat.agrifood-emissions-by-country,PYF,2008,0.0893399,,,,final,,,
food.faostat.agrifood-emissions-by-country,PYF,2009,0.0874227,,,,final,,,
food.faostat.agrifood-emissions-by-country,PYF,2010,0.1430426,,,,final,,,
food.faostat.agrifood-emissions-by-country,PYF,2011,0.1412657,,,,final,,,
food.faostat.agrifood-emissions-by-country,PYF,2012,0.1398011,,,,final,,,
food.faostat.agrifood-emissions-by-country,PYF,2013,0.1399671,,,,final,,,
food.faostat.agrifood-emissions-by-country,PYF,2014,0.1375018,,,,final,,,
food.faostat.agrifood-emissions-by-country,PYF,2015,0.1410119,,,,final,,,
food.faostat.agrifood-emissions-by-country,PYF,2016,0.1427442,,,,final,,,
food.faostat.agrifood-emissions-by-country,PYF,2017,0.1416292,,,,final,,,
food.faostat.agrifood-emissions-by-country,PYF,2018,0.1450986,,,,final,,,
food.faostat.agrifood-emissions-by-country,PYF,2019,0.148414,,,,final,,,
food.faostat.agrifood-emissions-by-country,PYF,2020,0.1442612,,,,final,,,
food.faostat.agrifood-emissions-by-country,PYF,2021,0.1518835,,,,final,,,
food.faostat.agrifood-emissions-by-country,PYF,2022,0.154227,,,,final,,,
food.faostat.agrifood-emissions-by-country,PYF,2023,0.1521651,,,,final,,,
food.faostat.agrifood-emissions-by-country,QAT,1990,1.0061455,,,,final,,,
food.faostat.agrifood-emissions-by-country,QAT,1991,1.0605202,,,,final,,,
food.faostat.agrifood-emissions-by-country,QAT,1992,1.1225076,,,,final,,,
food.faostat.agrifood-emissions-by-country,QAT,1993,1.2345509,,,,final,,,
food.faostat.agrifood-emissions-by-country,QAT,1994,1.4654658,,,,final,,,
food.faostat.agrifood-emissions-by-country,QAT,1995,1.6741005,,,,final,,,
food.faostat.agrifood-emissions-by-country,QAT,1996,1.7878351,,,,final,,,
food.faostat.agrifood-emissions-by-country,QAT,1997,2.0054572,,,,final,,,
food.faostat.agrifood-emissions-by-country,QAT,1998,2.4561987,,,,final,,,
food.faostat.agrifood-emissions-by-country,QAT,1999,2.6334441,,,,final,,,
food.faostat.agrifood-emissions-by-country,QAT,2000,2.899009,,,,final,,,
food.faostat.agrifood-emissions-by-country,QAT,2001,3.1179515,,,,final,,,
food.faostat.agrifood-emissions-by-country,QAT,2002,3.0591228,,,,final,,,
food.faostat.agrifood-emissions-by-country,QAT,2003,3.2381959,,,,final,,,
food.faostat.agrifood-emissions-by-country,QAT,2004,3.6538562,,,,final,,,
food.faostat.agrifood-emissions-by-country,QAT,2005,4.4078698,,,,final,,,
food.faostat.agrifood-emissions-by-country,QAT,2006,4.685083,,,,final,,,
food.faostat.agrifood-emissions-by-country,QAT,2007,4.7421641,,,,final,,,
food.faostat.agrifood-emissions-by-country,QAT,2008,5.1802976,,,,final,,,
food.faostat.agrifood-emissions-by-country,QAT,2009,5.7629381,,,,final,,,
food.faostat.agrifood-emissions-by-country,QAT,2010,5.7704141,,,,final,,,
food.faostat.agrifood-emissions-by-country,QAT,2011,6.0511168,,,,final,,,
food.faostat.agrifood-emissions-by-country,QAT,2012,6.885691,,,,final,,,
food.faostat.agrifood-emissions-by-country,QAT,2013,11.5469323,,,,final,,,
food.faostat.agrifood-emissions-by-country,QAT,2014,12.2520543,,,,final,,,
food.faostat.agrifood-emissions-by-country,QAT,2015,12.7363374,,,,final,,,
food.faostat.agrifood-emissions-by-country,QAT,2016,13.3738949,,,,final,,,
food.faostat.agrifood-emissions-by-country,QAT,2017,6.5953732,,,,final,,,
food.faostat.agrifood-emissions-by-country,QAT,2018,6.6656429,,,,final,,,
food.faostat.agrifood-emissions-by-country,QAT,2019,10.8970478,,,,final,,,
food.faostat.agrifood-emissions-by-country,QAT,2020,11.2048583,,,,final,,,
food.faostat.agrifood-emissions-by-country,QAT,2021,11.7300955,,,,final,,,
food.faostat.agrifood-emissions-by-country,QAT,2022,11.7510199,,,,final,,,
food.faostat.agrifood-emissions-by-country,QAT,2023,11.7602797,,,,final,,,
food.faostat.agrifood-emissions-by-country,REU,1990,0.2403631,,,,final,,,
food.faostat.agrifood-emissions-by-country,REU,1991,0.2737344,,,,final,,,
food.faostat.agrifood-emissions-by-country,REU,1992,0.2880351,,,,final,,,
food.faostat.agrifood-emissions-by-country,REU,1993,0.2641093,,,,final,,,
food.faostat.agrifood-emissions-by-country,REU,1994,0.259498,,,,final,,,
food.faostat.agrifood-emissions-by-country,REU,1995,0.2774047,,,,final,,,
food.faostat.agrifood-emissions-by-country,REU,1996,0.2838207,,,,final,,,
food.faostat.agrifood-emissions-by-country,REU,1997,0.2879766,,,,final,,,
food.faostat.agrifood-emissions-by-country,REU,1998,0.2935218,,,,final,,,
food.faostat.agrifood-emissions-by-country,REU,1999,0.2987864,,,,final,,,
food.faostat.agrifood-emissions-by-country,REU,2000,0.2942824,,,,final,,,
food.faostat.agrifood-emissions-by-country,REU,2001,0.3031456,,,,final,,,
food.faostat.agrifood-emissions-by-country,REU,2002,0.2976824,,,,final,,,
food.faostat.agrifood-emissions-by-country,REU,2003,0.301817,,,,final,,,
food.faostat.agrifood-emissions-by-country,REU,2004,0.312106,,,,final,,,
food.faostat.agrifood-emissions-by-country,REU,2005,0.3143459,,,,final,,,
food.faostat.agrifood-emissions-by-country,REU,2006,0.3176545,,,,final,,,
food.faostat.agrifood-emissions-by-country,REU,2007,0.161139,,,,final,,,
food.faostat.agrifood-emissions-by-country,REU,2008,0.1638724,,,,final,,,
food.faostat.agrifood-emissions-by-country,REU,2009,0.1668291,,,,final,,,
food.faostat.agrifood-emissions-by-country,REU,2010,0.170229,,,,final,,,
food.faostat.agrifood-emissions-by-country,REU,2011,0.0133059,,,,final,,,
food.faostat.agrifood-emissions-by-country,REU,2012,0.0122834,,,,final,,,
food.faostat.agrifood-emissions-by-country,REU,2013,0.0120998,,,,final,,,
food.faostat.agrifood-emissions-by-country,REU,2014,0.0123157,,,,final,,,
food.faostat.agrifood-emissions-by-country,REU,2015,0.0121037,,,,final,,,
food.faostat.agrifood-emissions-by-country,REU,2016,0.0125542,,,,final,,,
food.faostat.agrifood-emissions-by-country,REU,2017,0.0129252,,,,final,,,
food.faostat.agrifood-emissions-by-country,REU,2018,0.0123952,,,,final,,,
food.faostat.agrifood-emissions-by-country,REU,2019,0.0125277,,,,final,,,
food.faostat.agrifood-emissions-by-country,REU,2020,0.0126602,,,,final,,,
food.faostat.agrifood-emissions-by-country,REU,2021,0.0123687,,,,final,,,
food.faostat.agrifood-emissions-by-country,REU,2022,0.0121302,,,,final,,,
food.faostat.agrifood-emissions-by-country,REU,2023,0.0121302,,,,final,,,
food.faostat.agrifood-emissions-by-country,ROU,1990,54.91618,,,,final,,,
food.faostat.agrifood-emissions-by-country,ROU,1991,51.392211,,,,final,,,
food.faostat.agrifood-emissions-by-country,ROU,1992,49.1385093,,,,final,,,
food.faostat.agrifood-emissions-by-country,ROU,1993,43.8786411,,,,final,,,
food.faostat.agrifood-emissions-by-country,ROU,1994,41.1695606,,,,final,,,
food.faostat.agrifood-emissions-by-country,ROU,1995,40.5967677,,,,final,,,
food.faostat.agrifood-emissions-by-country,ROU,1996,40.1542292,,,,final,,,
food.faostat.agrifood-emissions-by-country,ROU,1997,38.9627238,,,,final,,,
food.faostat.agrifood-emissions-by-country,ROU,1998,35.7414621,,,,final,,,
food.faostat.agrifood-emissions-by-country,ROU,1999,32.8879454,,,,final,,,
food.faostat.agrifood-emissions-by-country,ROU,2000,32.5296188,,,,final,,,
food.faostat.agrifood-emissions-by-country,ROU,2001,32.3901836,,,,final,,,
food.faostat.agrifood-emissions-by-country,ROU,2002,31.4549826,,,,final,,,
food.faostat.agrifood-emissions-by-country,ROU,2003,32.5504226,,,,final,,,
food.faostat.agrifood-emissions-by-country,ROU,2004,33.1848172,,,,final,,,
food.faostat.agrifood-emissions-by-country,ROU,2005,33.7138755,,,,final,,,
food.faostat.agrifood-emissions-by-country,ROU,2006,32.6404541,,,,final,,,
food.faostat.agrifood-emissions-by-country,ROU,2007,33.0163238,,,,final,,,
food.faostat.agrifood-emissions-by-country,ROU,2008,33.3970648,,,,final,,,
food.faostat.agrifood-emissions-by-country,ROU,2009,32.3657466,,,,final,,,
food.faostat.agrifood-emissions-by-country,ROU,2010,31.8557709,,,,final,,,
food.faostat.agrifood-emissions-by-country,ROU,2011,34.1499535,,,,final,,,
food.faostat.agrifood-emissions-by-country,ROU,2012,33.7990435,,,,final,,,
food.faostat.agrifood-emissions-by-country,ROU,2013,37.0467029,,,,final,,,
food.faostat.agrifood-emissions-by-country,ROU,2014,36.9724996,,,,final,,,
food.faostat.agrifood-emissions-by-country,ROU,2015,35.3104662,,,,final,,,
food.faostat.agrifood-emissions-by-country,ROU,2016,38.3362905,,,,final,,,
food.faostat.agrifood-emissions-by-country,ROU,2017,39.486342,,,,final,,,
food.faostat.agrifood-emissions-by-country,ROU,2018,40.3386481,,,,final,,,
food.faostat.agrifood-emissions-by-country,ROU,2019,39.7290294,,,,final,,,
food.faostat.agrifood-emissions-by-country,ROU,2020,39.1918601,,,,final,,,
food.faostat.agrifood-emissions-by-country,ROU,2021,58.4674658,,,,final,,,
food.faostat.agrifood-emissions-by-country,ROU,2022,57.2428218,,,,final,,,
food.faostat.agrifood-emissions-by-country,ROU,2023,57.1863742,,,,final,,,
food.faostat.agrifood-emissions-by-country,RUS,1992,498.2683693,,,,final,,,
food.faostat.agrifood-emissions-by-country,RUS,1993,509.0321261,,,,final,,,
food.faostat.agrifood-emissions-by-country,RUS,1994,482.3076503,,,,final,,,
food.faostat.agrifood-emissions-by-country,RUS,1995,449.6808098,,,,final,,,
food.faostat.agrifood-emissions-by-country,RUS,1996,428.0110658,,,,final,,,
food.faostat.agrifood-emissions-by-country,RUS,1997,402.3429355,,,,final,,,
food.faostat.agrifood-emissions-by-country,RUS,1998,385.5065914,,,,final,,,
food.faostat.agrifood-emissions-by-country,RUS,1999,377.9271355,,,,final,,,
food.faostat.agrifood-emissions-by-country,RUS,2000,369.0205755,,,,final,,,
food.faostat.agrifood-emissions-by-country,RUS,2001,361.7019349,,,,final,,,
food.faostat.agrifood-emissions-by-country,RUS,2002,353.3928559,,,,final,,,
food.faostat.agrifood-emissions-by-country,RUS,2003,356.8625047,,,,final,,,
food.faostat.agrifood-emissions-by-country,RUS,2004,340.9038156,,,,final,,,
food.faostat.agrifood-emissions-by-country,RUS,2005,344.5610087,,,,final,,,
food.faostat.agrifood-emissions-by-country,RUS,2006,347.4216503,,,,final,,,
food.faostat.agrifood-emissions-by-country,RUS,2007,347.4475949,,,,final,,,
food.faostat.agrifood-emissions-by-country,RUS,2008,359.7273212,,,,final,,,
food.faostat.agrifood-emissions-by-country,RUS,2009,344.9739799,,,,final,,,
food.faostat.agrifood-emissions-by-country,RUS,2010,351.1948436,,,,final,,,
food.faostat.agrifood-emissions-by-country,RUS,2011,372.1629585,,,,final,,,
food.faostat.agrifood-emissions-by-country,RUS,2012,365.7810484,,,,final,,,
food.faostat.agrifood-emissions-by-country,RUS,2013,356.0463679,,,,final,,,
food.faostat.agrifood-emissions-by-country,RUS,2014,366.5127985,,,,final,,,
food.faostat.agrifood-emissions-by-country,RUS,2015,364.1318643,,,,final,,,
food.faostat.agrifood-emissions-by-country,RUS,2016,368.8074417,,,,final,,,
food.faostat.agrifood-emissions-by-country,RUS,2017,380.0399123,,,,final,,,
food.faostat.agrifood-emissions-by-country,RUS,2018,395.2958998,,,,final,,,
food.faostat.agrifood-emissions-by-country,RUS,2019,398.3857549,,,,final,,,
food.faostat.agrifood-emissions-by-country,RUS,2020,403.8614877,,,,final,,,
food.faostat.agrifood-emissions-by-country,RUS,2021,418.6918322,,,,final,,,
food.faostat.agrifood-emissions-by-country,RUS,2022,423.0652275,,,,final,,,
food.faostat.agrifood-emissions-by-country,RUS,2023,423.2411754,,,,final,,,
food.faostat.agrifood-emissions-by-country,RWA,1990,7.2054317,,,,final,,,
food.faostat.agrifood-emissions-by-country,RWA,1991,7.2892663,,,,final,,,
food.faostat.agrifood-emissions-by-country,RWA,1992,7.2654965,,,,final,,,
food.faostat.agrifood-emissions-by-country,RWA,1993,7.2262822,,,,final,,,
food.faostat.agrifood-emissions-by-country,RWA,1994,7.0852734,,,,final,,,
food.faostat.agrifood-emissions-by-country,RWA,1995,6.8613267,,,,final,,,
food.faostat.agrifood-emissions-by-country,RWA,1996,7.0158947,,,,final,,,
food.faostat.agrifood-emissions-by-country,RWA,1997,7.1479714,,,,final,,,
food.faostat.agrifood-emissions-by-country,RWA,1998,7.2989577,,,,final,,,
food.faostat.agrifood-emissions-by-country,RWA,1999,7.4891609,,,,final,,,
food.faostat.agrifood-emissions-by-country,RWA,2000,7.4989923,,,,final,,,
food.faostat.agrifood-emissions-by-country,RWA,2001,6.8953603,,,,final,,,
food.faostat.agrifood-emissions-by-country,RWA,2002,6.9972231,,,,final,,,
food.faostat.agrifood-emissions-by-country,RWA,2003,7.2535149,,,,final,,,
food.faostat.agrifood-emissions-by-country,RWA,2004,7.436282,,,,final,,,
food.faostat.agrifood-emissions-by-country,RWA,2005,7.6019687,,,,final,,,
food.faostat.agrifood-emissions-by-country,RWA,2006,7.8672903,,,,final,,,
food.faostat.agrifood-emissions-by-country,RWA,2007,8.0750213,,,,final,,,
food.faostat.agrifood-emissions-by-country,RWA,2008,8.2927136,,,,final,,,
food.faostat.agrifood-emissions-by-country,RWA,2009,8.4080423,,,,final,,,
food.faostat.agrifood-emissions-by-country,RWA,2010,8.6569614,,,,final,,,
food.faostat.agrifood-emissions-by-country,RWA,2011,7.6742542,,,,final,,,
food.faostat.agrifood-emissions-by-country,RWA,2012,7.73913,,,,final,,,
food.faostat.agrifood-emissions-by-country,RWA,2013,7.8463174,,,,final,,,
food.faostat.agrifood-emissions-by-country,RWA,2014,7.8102794,,,,final,,,
food.faostat.agrifood-emissions-by-country,RWA,2015,8.343439,,,,final,,,
food.faostat.agrifood-emissions-by-country,RWA,2016,8.1354525,,,,final,,,
food.faostat.agrifood-emissions-by-country,RWA,2017,8.209391,,,,final,,,
food.faostat.agrifood-emissions-by-country,RWA,2018,8.2513463,,,,final,,,
food.faostat.agrifood-emissions-by-country,RWA,2019,8.3196207,,,,final,,,
food.faostat.agrifood-emissions-by-country,RWA,2020,8.4679845,,,,final,,,
food.faostat.agrifood-emissions-by-country,RWA,2021,8.3607255,,,,final,,,
food.faostat.agrifood-emissions-by-country,RWA,2022,8.086919,,,,final,,,
food.faostat.agrifood-emissions-by-country,RWA,2023,8.1566375,,,,final,,,
food.faostat.agrifood-emissions-by-country,SAU,1990,21.5502575,,,,final,,,
food.faostat.agrifood-emissions-by-country,SAU,1991,22.8794804,,,,final,,,
food.faostat.agrifood-emissions-by-country,SAU,1992,24.5555583,,,,final,,,
food.faostat.agrifood-emissions-by-country,SAU,1993,25.9282694,,,,final,,,
food.faostat.agrifood-emissions-by-country,SAU,1994,27.3432798,,,,final,,,
food.faostat.agrifood-emissions-by-country,SAU,1995,26.9830735,,,,final,,,
food.faostat.agrifood-emissions-by-country,SAU,1996,28.4217815,,,,final,,,
food.faostat.agrifood-emissions-by-country,SAU,1997,29.3971573,,,,final,,,
food.faostat.agrifood-emissions-by-country,SAU,1998,30.6945986,,,,final,,,
food.faostat.agrifood-emissions-by-country,SAU,1999,31.4908921,,,,final,,,
food.faostat.agrifood-emissions-by-country,SAU,2000,32.7288445,,,,final,,,
food.faostat.agrifood-emissions-by-country,SAU,2001,34.1844153,,,,final,,,
food.faostat.agrifood-emissions-by-country,SAU,2002,36.5341562,,,,final,,,
food.faostat.agrifood-emissions-by-country,SAU,2003,37.4891332,,,,final,,,
food.faostat.agrifood-emissions-by-country,SAU,2004,38.7661312,,,,final,,,
food.faostat.agrifood-emissions-by-country,SAU,2005,40.0482262,,,,final,,,
food.faostat.agrifood-emissions-by-country,SAU,2006,45.8309331,,,,final,,,
food.faostat.agrifood-emissions-by-country,SAU,2007,48.9657008,,,,final,,,
food.faostat.agrifood-emissions-by-country,SAU,2008,50.2056103,,,,final,,,
food.faostat.agrifood-emissions-by-country,SAU,2009,52.8119096,,,,final,,,
food.faostat.agrifood-emissions-by-country,SAU,2010,53.3728768,,,,final,,,
food.faostat.agrifood-emissions-by-country,SAU,2011,55.9980474,,,,final,,,
food.faostat.agrifood-emissions-by-country,SAU,2012,59.5651503,,,,final,,,
food.faostat.agrifood-emissions-by-country,SAU,2013,60.7046396,,,,final,,,
food.faostat.agrifood-emissions-by-country,SAU,2014,60.2743873,,,,final,,,
food.faostat.agrifood-emissions-by-country,SAU,2015,65.2044325,,,,final,,,
food.faostat.agrifood-emissions-by-country,SAU,2016,65.0747202,,,,final,,,
food.faostat.agrifood-emissions-by-country,SAU,2017,63.1427803,,,,final,,,
food.faostat.agrifood-emissions-by-country,SAU,2018,60.3066806,,,,final,,,
food.faostat.agrifood-emissions-by-country,SAU,2019,64.1728825,,,,final,,,
food.faostat.agrifood-emissions-by-country,SAU,2020,67.1049618,,,,final,,,
food.faostat.agrifood-emissions-by-country,SAU,2021,70.2956846,,,,final,,,
food.faostat.agrifood-emissions-by-country,SAU,2022,75.7622931,,,,final,,,
food.faostat.agrifood-emissions-by-country,SAU,2023,75.0987098,,,,final,,,
food.faostat.agrifood-emissions-by-country,SDN,2012,88.6289434,,,,final,,,
food.faostat.agrifood-emissions-by-country,SDN,2013,89.1401739,,,,final,,,
food.faostat.agrifood-emissions-by-country,SDN,2014,89.5478382,,,,final,,,
food.faostat.agrifood-emissions-by-country,SDN,2015,90.9927071,,,,final,,,
food.faostat.agrifood-emissions-by-country,SDN,2016,93.4393941,,,,final,,,
food.faostat.agrifood-emissions-by-country,SDN,2017,93.331978,,,,final,,,
food.faostat.agrifood-emissions-by-country,SDN,2018,94.8352296,,,,final,,,
food.faostat.agrifood-emissions-by-country,SDN,2019,95.1847208,,,,final,,,
food.faostat.agrifood-emissions-by-country,SDN,2020,97.180939,,,,final,,,
food.faostat.agrifood-emissions-by-country,SDN,2021,96.6029521,,,,final,,,
food.faostat.agrifood-emissions-by-country,SDN,2022,93.9926585,,,,final,,,
food.faostat.agrifood-emissions-by-country,SDN,2023,96.3916206,,,,final,,,
food.faostat.agrifood-emissions-by-country,SEN,1990,11.849758,,,,final,,,
food.faostat.agrifood-emissions-by-country,SEN,1991,12.1525636,,,,final,,,
food.faostat.agrifood-emissions-by-country,SEN,1992,12.3863229,,,,final,,,
food.faostat.agrifood-emissions-by-country,SEN,1993,12.6465711,,,,final,,,
food.faostat.agrifood-emissions-by-country,SEN,1994,12.8870456,,,,final,,,
food.faostat.agrifood-emissions-by-country,SEN,1995,13.0518094,,,,final,,,
food.faostat.agrifood-emissions-by-country,SEN,1996,13.9549171,,,,final,,,
food.faostat.agrifood-emissions-by-country,SEN,1997,14.0898081,,,,final,,,
food.faostat.agrifood-emissions-by-country,SEN,1998,14.5457475,,,,final,,,
food.faostat.agrifood-emissions-by-country,SEN,1999,15.6235313,,,,final,,,
food.faostat.agrifood-emissions-by-country,SEN,2000,16.1464447,,,,final,,,
food.faostat.agrifood-emissions-by-country,SEN,2001,14.3862231,,,,final,,,
food.faostat.agrifood-emissions-by-country,SEN,2002,13.9578729,,,,final,,,
food.faostat.agrifood-emissions-by-country,SEN,2003,13.356855,,,,final,,,
food.faostat.agrifood-emissions-by-country,SEN,2004,14.5228011,,,,final,,,
food.faostat.agrifood-emissions-by-country,SEN,2005,14.9985518,,,,final,,,
food.faostat.agrifood-emissions-by-country,SEN,2006,15.6392007,,,,final,,,
food.faostat.agrifood-emissions-by-country,SEN,2007,14.9065694,,,,final,,,
food.faostat.agrifood-emissions-by-country,SEN,2008,15.5196502,,,,final,,,
food.faostat.agrifood-emissions-by-country,SEN,2009,15.6760135,,,,final,,,
food.faostat.agrifood-emissions-by-country,SEN,2010,16.2507685,,,,final,,,
food.faostat.agrifood-emissions-by-country,SEN,2011,16.873704,,,,final,,,
food.faostat.agrifood-emissions-by-country,SEN,2012,16.3844509,,,,final,,,
food.faostat.agrifood-emissions-by-country,SEN,2013,17.0458099,,,,final,,,
food.faostat.agrifood-emissions-by-country,SEN,2014,16.9917362,,,,final,,,
food.faostat.agrifood-emissions-by-country,SEN,2015,16.9679299,,,,final,,,
food.faostat.agrifood-emissions-by-country,SEN,2016,18.3089247,,,,final,,,
food.faostat.agrifood-emissions-by-country,SEN,2017,18.7019389,,,,final,,,
food.faostat.agrifood-emissions-by-country,SEN,2018,18.3869824,,,,final,,,
food.faostat.agrifood-emissions-by-country,SEN,2019,19.2285364,,,,final,,,
food.faostat.agrifood-emissions-by-country,SEN,2020,20.5060406,,,,final,,,
food.faostat.agrifood-emissions-by-country,SEN,2021,20.7473428,,,,final,,,
food.faostat.agrifood-emissions-by-country,SEN,2022,20.9014703,,,,final,,,
food.faostat.agrifood-emissions-by-country,SEN,2023,21.1249214,,,,final,,,
food.faostat.agrifood-emissions-by-country,SGP,1990,2.0501548,,,,final,,,
food.faostat.agrifood-emissions-by-country,SGP,1991,2.0409736,,,,final,,,
food.faostat.agrifood-emissions-by-country,SGP,1992,2.1127102,,,,final,,,
food.faostat.agrifood-emissions-by-country,SGP,1993,2.3176964,,,,final,,,
food.faostat.agrifood-emissions-by-country,SGP,1994,2.2523714,,,,final,,,
food.faostat.agrifood-emissions-by-country,SGP,1995,2.3860922,,,,final,,,
food.faostat.agrifood-emissions-by-country,SGP,1996,2.8214226,,,,final,,,
food.faostat.agrifood-emissions-by-country,SGP,1997,2.8618101,,,,final,,,
food.faostat.agrifood-emissions-by-country,SGP,1998,2.76624,,,,final,,,
food.faostat.agrifood-emissions-by-country,SGP,1999,2.9605335,,,,final,,,
food.faostat.agrifood-emissions-by-country,SGP,2000,3.3501725,,,,final,,,
food.faostat.agrifood-emissions-by-country,SGP,2001,3.6948591,,,,final,,,
food.faostat.agrifood-emissions-by-country,SGP,2002,3.9351785,,,,final,,,
food.faostat.agrifood-emissions-by-country,SGP,2003,3.8916096,,,,final,,,
food.faostat.agrifood-emissions-by-country,SGP,2004,3.7321672,,,,final,,,
food.faostat.agrifood-emissions-by-country,SGP,2005,3.5327801,,,,final,,,
food.faostat.agrifood-emissions-by-country,SGP,2006,4.5390329,,,,final,,,
food.faostat.agrifood-emissions-by-country,SGP,2007,4.6567996,,,,final,,,
food.faostat.agrifood-emissions-by-country,SGP,2008,4.7547259,,,,final,,,
food.faostat.agrifood-emissions-by-country,SGP,2009,4.2848566,,,,final,,,
food.faostat.agrifood-emissions-by-country,SGP,2010,4.4668632,,,,final,,,
food.faostat.agrifood-emissions-by-country,SGP,2011,4.6035904,,,,final,,,
food.faostat.agrifood-emissions-by-country,SGP,2012,4.5154316,,,,final,,,
food.faostat.agrifood-emissions-by-country,SGP,2013,4.8315415,,,,final,,,
food.faostat.agrifood-emissions-by-country,SGP,2014,4.8027463,,,,final,,,
food.faostat.agrifood-emissions-by-country,SGP,2015,4.8810995,,,,final,,,
food.faostat.agrifood-emissions-by-country,SGP,2016,4.9686217,,,,final,,,
food.faostat.agrifood-emissions-by-country,SGP,2017,5.0345081,,,,final,,,
food.faostat.agrifood-emissions-by-country,SGP,2018,4.9890713,,,,final,,,
food.faostat.agrifood-emissions-by-country,SGP,2019,5.1037491,,,,final,,,
food.faostat.agrifood-emissions-by-country,SGP,2020,5.2105059,,,,final,,,
food.faostat.agrifood-emissions-by-country,SGP,2021,5.2948183,,,,final,,,
food.faostat.agrifood-emissions-by-country,SGP,2022,5.2979902,,,,final,,,
food.faostat.agrifood-emissions-by-country,SGP,2023,5.3499073,,,,final,,,
food.faostat.agrifood-emissions-by-country,SHN,1990,0.0004937,,,,final,,,
food.faostat.agrifood-emissions-by-country,SHN,1991,0.0004937,,,,final,,,
food.faostat.agrifood-emissions-by-country,SHN,1992,0.0004937,,,,final,,,
food.faostat.agrifood-emissions-by-country,SHN,1993,0.0005561,,,,final,,,
food.faostat.agrifood-emissions-by-country,SHN,1994,0.0005462,,,,final,,,
food.faostat.agrifood-emissions-by-country,SHN,1995,0.0005293,,,,final,,,
food.faostat.agrifood-emissions-by-country,SHN,1996,0.0003515,,,,final,,,
food.faostat.agrifood-emissions-by-country,SHN,1997,0.0005515,,,,final,,,
food.faostat.agrifood-emissions-by-country,SHN,1998,0.000542,,,,final,,,
food.faostat.agrifood-emissions-by-country,SHN,1999,0.0005193,,,,final,,,
food.faostat.agrifood-emissions-by-country,SHN,2000,0.0004722,,,,final,,,
food.faostat.agrifood-emissions-by-country,SHN,2001,0.0004624,,,,final,,,
food.faostat.agrifood-emissions-by-country,SHN,2002,0.0005121,,,,final,,,
food.faostat.agrifood-emissions-by-country,SHN,2003,0.0004857,,,,final,,,
food.faostat.agrifood-emissions-by-country,SHN,2004,0.0003528,,,,final,,,
food.faostat.agrifood-emissions-by-country,SHN,2005,0.0005594,,,,final,,,
food.faostat.agrifood-emissions-by-country,SHN,2006,0.0004572,,,,final,,,
food.faostat.agrifood-emissions-by-country,SHN,2007,0.0006808,,,,final,,,
food.faostat.agrifood-emissions-by-country,SHN,2008,0.0004665,,,,final,,,
food.faostat.agrifood-emissions-by-country,SHN,2009,0.0003768,,,,final,,,
food.faostat.agrifood-emissions-by-country,SHN,2010,0.0005479,,,,final,,,
food.faostat.agrifood-emissions-by-country,SHN,2011,0.0005164,,,,final,,,
food.faostat.agrifood-emissions-by-country,SHN,2012,0.0006086,,,,final,,,
food.faostat.agrifood-emissions-by-country,SHN,2013,0.0005023,,,,final,,,
food.faostat.agrifood-emissions-by-country,SHN,2014,0.0008448,,,,final,,,
food.faostat.agrifood-emissions-by-country,SHN,2015,0.0007011,,,,final,,,
food.faostat.agrifood-emissions-by-country,SHN,2016,0.0011631,,,,final,,,
food.faostat.agrifood-emissions-by-country,SHN,2017,0.0004879,,,,final,,,
food.faostat.agrifood-emissions-by-country,SHN,2018,0.000928,,,,final,,,
food.faostat.agrifood-emissions-by-country,SHN,2019,0.000952,,,,final,,,
food.faostat.agrifood-emissions-by-country,SHN,2020,0.0006971,,,,final,,,
food.faostat.agrifood-emissions-by-country,SHN,2021,0.0005581,,,,final,,,
food.faostat.agrifood-emissions-by-country,SHN,2022,0.0006567,,,,final,,,
food.faostat.agrifood-emissions-by-country,SHN,2023,0.000595,,,,final,,,
food.faostat.agrifood-emissions-by-country,SJM,1990,0.0,,,,final,,,
food.faostat.agrifood-emissions-by-country,SJM,1991,0.0,,,,final,,,
food.faostat.agrifood-emissions-by-country,SJM,1992,0.0,,,,final,,,
food.faostat.agrifood-emissions-by-country,SJM,1993,0.0,,,,final,,,
food.faostat.agrifood-emissions-by-country,SJM,1994,0.0,,,,final,,,
food.faostat.agrifood-emissions-by-country,SJM,1995,0.0,,,,final,,,
food.faostat.agrifood-emissions-by-country,SJM,1996,0.0,,,,final,,,
food.faostat.agrifood-emissions-by-country,SJM,1997,0.0,,,,final,,,
food.faostat.agrifood-emissions-by-country,SJM,1998,0.0,,,,final,,,
food.faostat.agrifood-emissions-by-country,SJM,1999,0.0,,,,final,,,
food.faostat.agrifood-emissions-by-country,SJM,2000,0.0,,,,final,,,
food.faostat.agrifood-emissions-by-country,SJM,2001,0.0,,,,final,,,
food.faostat.agrifood-emissions-by-country,SJM,2002,0.0,,,,final,,,
food.faostat.agrifood-emissions-by-country,SJM,2003,0.0,,,,final,,,
food.faostat.agrifood-emissions-by-country,SJM,2004,0.0,,,,final,,,
food.faostat.agrifood-emissions-by-country,SJM,2005,0.0,,,,final,,,
food.faostat.agrifood-emissions-by-country,SJM,2006,0.0,,,,final,,,
food.faostat.agrifood-emissions-by-country,SJM,2007,0.0,,,,final,,,
food.faostat.agrifood-emissions-by-country,SJM,2008,0.0,,,,final,,,
food.faostat.agrifood-emissions-by-country,SJM,2009,0.0,,,,final,,,
food.faostat.agrifood-emissions-by-country,SJM,2010,0.0,,,,final,,,
food.faostat.agrifood-emissions-by-country,SJM,2011,0.0,,,,final,,,
food.faostat.agrifood-emissions-by-country,SJM,2012,0.0,,,,final,,,
food.faostat.agrifood-emissions-by-country,SJM,2013,0.0,,,,final,,,
food.faostat.agrifood-emissions-by-country,SJM,2014,0.0,,,,final,,,
food.faostat.agrifood-emissions-by-country,SJM,2015,0.0,,,,final,,,
food.faostat.agrifood-emissions-by-country,SJM,2016,0.0,,,,final,,,
food.faostat.agrifood-emissions-by-country,SJM,2017,0.0,,,,final,,,
food.faostat.agrifood-emissions-by-country,SJM,2018,0.0,,,,final,,,
food.faostat.agrifood-emissions-by-country,SJM,2019,0.0,,,,final,,,
food.faostat.agrifood-emissions-by-country,SJM,2020,0.0,,,,final,,,
food.faostat.agrifood-emissions-by-country,SJM,2021,0.0,,,,final,,,
food.faostat.agrifood-emissions-by-country,SJM,2022,0.0,,,,final,,,
food.faostat.agrifood-emissions-by-country,SJM,2023,0.0,,,,final,,,
food.faostat.agrifood-emissions-by-country,SLB,1990,0.6109667,,,,final,,,
food.faostat.agrifood-emissions-by-country,SLB,1991,0.6128389,,,,final,,,
food.faostat.agrifood-emissions-by-country,SLB,1992,0.6152137,,,,final,,,
food.faostat.agrifood-emissions-by-country,SLB,1993,0.6118857,,,,final,,,
food.faostat.agrifood-emissions-by-country,SLB,1994,0.6136738,,,,final,,,
food.faostat.agrifood-emissions-by-country,SLB,1995,0.6159003,,,,final,,,
food.faostat.agrifood-emissions-by-country,SLB,1996,0.6181883,,,,final,,,
food.faostat.agrifood-emissions-by-country,SLB,1997,0.6191175,,,,final,,,
food.faostat.agrifood-emissions-by-country,SLB,1998,0.6126208,,,,final,,,
food.faostat.agrifood-emissions-by-country,SLB,1999,0.615536,,,,final,,,
food.faostat.agrifood-emissions-by-country,SLB,2000,0.6215942,,,,final,,,
food.faostat.agrifood-emissions-by-country,SLB,2001,0.6242535,,,,final,,,
food.faostat.agrifood-emissions-by-country,SLB,2002,0.6305459,,,,final,,,
food.faostat.agrifood-emissions-by-country,SLB,2003,0.6378956,,,,final,,,
food.faostat.agrifood-emissions-by-country,SLB,2004,0.6474763,,,,final,,,
food.faostat.agrifood-emissions-by-country,SLB,2005,0.6600152,,,,final,,,
food.faostat.agrifood-emissions-by-country,SLB,2006,0.6613363,,,,final,,,
food.faostat.agrifood-emissions-by-country,SLB,2007,0.6671736,,,,final,,,
food.faostat.agrifood-emissions-by-country,SLB,2008,0.6696087,,,,final,,,
food.faostat.agrifood-emissions-by-country,SLB,2009,0.6732252,,,,final,,,
food.faostat.agrifood-emissions-by-country,SLB,2010,0.6751505,,,,final,,,
food.faostat.agrifood-emissions-by-country,SLB,2011,0.6811319,,,,final,,,
food.faostat.agrifood-emissions-by-country,SLB,2012,0.6837272,,,,final,,,
food.faostat.agrifood-emissions-by-country,SLB,2013,0.6919365,,,,final,,,
food.faostat.agrifood-emissions-by-country,SLB,2014,0.6925553,,,,final,,,
food.faostat.agrifood-emissions-by-country,SLB,2015,0.6983553,,,,final,,,
food.faostat.agrifood-emissions-by-country,SLB,2016,0.7119791,,,,final,,,
food.faostat.agrifood-emissions-by-country,SLB,2017,0.7219654,,,,final,,,
food.faostat.agrifood-emissions-by-country,SLB,2018,0.7375162,,,,final,,,
food.faostat.agrifood-emissions-by-country,SLB,2019,0.7429402,,,,final,,,
food.faostat.agrifood-emissions-by-country,SLB,2020,0.75507,,,,final,,,
food.faostat.agrifood-emissions-by-country,SLB,2021,0.7676317,,,,final,,,
food.faostat.agrifood-emissions-by-country,SLB,2022,0.7667094,,,,final,,,
food.faostat.agrifood-emissions-by-country,SLB,2023,0.769522,,,,final,,,
food.faostat.agrifood-emissions-by-country,SLE,1990,6.0910699,,,,final,,,
food.faostat.agrifood-emissions-by-country,SLE,1991,6.0540674,,,,final,,,
food.faostat.agrifood-emissions-by-country,SLE,1992,6.0583628,,,,final,,,
food.faostat.agrifood-emissions-by-country,SLE,1993,6.1425831,,,,final,,,
food.faostat.agrifood-emissions-by-country,SLE,1994,6.0944891,,,,final,,,
food.faostat.agrifood-emissions-by-country,SLE,1995,5.9729873,,,,final,,,
food.faostat.agrifood-emissions-by-country,SLE,1996,5.6627057,,,,final,,,
food.faostat.agrifood-emissions-by-country,SLE,1997,5.6819066,,,,final,,,
food.faostat.agrifood-emissions-by-country,SLE,1998,5.7485879,,,,final,,,
food.faostat.agrifood-emissions-by-country,SLE,1999,5.4848836,,,,final,,,
food.faostat.agrifood-emissions-by-country,SLE,2000,5.3976318,,,,final,,,
food.faostat.agrifood-emissions-by-country,SLE,2001,5.5693067,,,,final,,,
food.faostat.agrifood-emissions-by-country,SLE,2002,5.8674213,,,,final,,,
food.faostat.agrifood-emissions-by-country,SLE,2003,6.3698494,,,,final,,,
food.faostat.agrifood-emissions-by-country,SLE,2004,6.6835265,,,,final,,,
food.faostat.agrifood-emissions-by-country,SLE,2005,6.8932257,,,,final,,,
food.faostat.agrifood-emissions-by-country,SLE,2006,7.8309748,,,,final,,,
food.faostat.agrifood-emissions-by-country,SLE,2007,7.0911577,,,,final,,,
food.faostat.agrifood-emissions-by-country,SLE,2008,6.8280894,,,,final,,,
food.faostat.agrifood-emissions-by-country,SLE,2009,7.1044689,,,,final,,,
food.faostat.agrifood-emissions-by-country,SLE,2010,7.0738382,,,,final,,,
food.faostat.agrifood-emissions-by-country,SLE,2011,7.4039577,,,,final,,,
food.faostat.agrifood-emissions-by-country,SLE,2012,8.0967045,,,,final,,,
food.faostat.agrifood-emissions-by-country,SLE,2013,7.9994793,,,,final,,,
food.faostat.agrifood-emissions-by-country,SLE,2014,8.2816819,,,,final,,,
food.faostat.agrifood-emissions-by-country,SLE,2015,8.365396,,,,final,,,
food.faostat.agrifood-emissions-by-country,SLE,2016,8.2136797,,,,final,,,
food.faostat.agrifood-emissions-by-country,SLE,2017,8.1640276,,,,final,,,
food.faostat.agrifood-emissions-by-country,SLE,2018,8.7710007,,,,final,,,
food.faostat.agrifood-emissions-by-country,SLE,2019,7.6786405,,,,final,,,
food.faostat.agrifood-emissions-by-country,SLE,2020,7.7679324,,,,final,,,
food.faostat.agrifood-emissions-by-country,SLE,2021,8.6522544,,,,final,,,
food.faostat.agrifood-emissions-by-country,SLE,2022,8.1058169,,,,final,,,
food.faostat.agrifood-emissions-by-country,SLE,2023,8.4880415,,,,final,,,
food.faostat.agrifood-emissions-by-country,SLV,1990,5.7473175,,,,final,,,
food.faostat.agrifood-emissions-by-country,SLV,1991,5.9609005,,,,final,,,
food.faostat.agrifood-emissions-by-country,SLV,1992,6.0337589,,,,final,,,
food.faostat.agrifood-emissions-by-country,SLV,1993,5.9791413,,,,final,,,
food.faostat.agrifood-emissions-by-country,SLV,1994,6.1290856,,,,final,,,
food.faostat.agrifood-emissions-by-country,SLV,1995,5.8888569,,,,final,,,
food.faostat.agrifood-emissions-by-country,SLV,1996,6.2463688,,,,final,,,
food.faostat.agrifood-emissions-by-country,SLV,1997,6.2316159,,,,final,,,
food.faostat.agrifood-emissions-by-country,SLV,1998,5.9683723,,,,final,,,
food.faostat.agrifood-emissions-by-country,SLV,1999,6.1468005,,,,final,,,
food.faostat.agrifood-emissions-by-country,SLV,2000,6.042769,,,,final,,,
food.faostat.agrifood-emissions-by-country,SLV,2001,6.3904658,,,,final,,,
food.faostat.agrifood-emissions-by-country,SLV,2002,6.5010919,,,,final,,,
food.faostat.agrifood-emissions-by-country,SLV,2003,6.5037532,,,,final,,,
food.faostat.agrifood-emissions-by-country,SLV,2004,6.6383541,,,,final,,,
food.faostat.agrifood-emissions-by-country,SLV,2005,6.77395,,,,final,,,
food.faostat.agrifood-emissions-by-country,SLV,2006,6.9128587,,,,final,,,
food.faostat.agrifood-emissions-by-country,SLV,2007,7.076722,,,,final,,,
food.faostat.agrifood-emissions-by-country,SLV,2008,7.23652,,,,final,,,
food.faostat.agrifood-emissions-by-country,SLV,2009,7.0519523,,,,final,,,
food.faostat.agrifood-emissions-by-country,SLV,2010,6.8976576,,,,final,,,
food.faostat.agrifood-emissions-by-country,SLV,2011,5.7538101,,,,final,,,
food.faostat.agrifood-emissions-by-country,SLV,2012,5.865985,,,,final,,,
food.faostat.agrifood-emissions-by-country,SLV,2013,5.4819551,,,,final,,,
food.faostat.agrifood-emissions-by-country,SLV,2014,5.7391032,,,,final,,,
food.faostat.agrifood-emissions-by-country,SLV,2015,5.7397083,,,,final,,,
food.faostat.agrifood-emissions-by-country,SLV,2016,5.4008054,,,,final,,,
food.faostat.agrifood-emissions-by-country,SLV,2017,5.1191083,,,,final,,,
food.faostat.agrifood-emissions-by-country,SLV,2018,5.1559378,,,,final,,,
food.faostat.agrifood-emissions-by-country,SLV,2019,5.1509792,,,,final,,,
food.faostat.agrifood-emissions-by-country,SLV,2020,5.3112463,,,,final,,,
food.faostat.agrifood-emissions-by-country,SLV,2021,5.5699602,,,,final,,,
food.faostat.agrifood-emissions-by-country,SLV,2022,5.266389,,,,final,,,
food.faostat.agrifood-emissions-by-country,SLV,2023,5.4435114,,,,final,,,
food.faostat.agrifood-emissions-by-country,SMR,1990,0.0028659,,,,final,,,
food.faostat.agrifood-emissions-by-country,SMR,1991,0.002853,,,,final,,,
food.faostat.agrifood-emissions-by-country,SMR,1992,0.0027615,,,,final,,,
food.faostat.agrifood-emissions-by-country,SMR,1993,0.0022815,,,,final,,,
food.faostat.agrifood-emissions-by-country,SMR,1994,0.002318,,,,final,,,
food.faostat.agrifood-emissions-by-country,SMR,1995,0.0012711,,,,final,,,
food.faostat.agrifood-emissions-by-country,SMR,1996,0.0012861,,,,final,,,
food.faostat.agrifood-emissions-by-country,SMR,1997,0.0020105,,,,final,,,
food.faostat.agrifood-emissions-by-country,SMR,1998,0.0026163,,,,final,,,
food.faostat.agrifood-emissions-by-country,SMR,1999,0.0032031,,,,final,,,
food.faostat.agrifood-emissions-by-country,SMR,2000,0.0037463,,,,final,,,
food.faostat.agrifood-emissions-by-country,SMR,2001,0.0042984,,,,final,,,
food.faostat.agrifood-emissions-by-country,SMR,2002,0.0048336,,,,final,,,
food.faostat.agrifood-emissions-by-country,SMR,2003,0.0053329,,,,final,,,
food.faostat.agrifood-emissions-by-country,SMR,2004,0.0063953,,,,final,,,
food.faostat.agrifood-emissions-by-country,SMR,2005,0.0069954,,,,final,,,
food.faostat.agrifood-emissions-by-country,SMR,2006,0.0071828,,,,final,,,
food.faostat.agrifood-emissions-by-country,SMR,2007,0.00789,,,,final,,,
food.faostat.agrifood-emissions-by-country,SMR,2008,0.0084676,,,,final,,,
food.faostat.agrifood-emissions-by-country,SMR,2009,0.0089348,,,,final,,,
food.faostat.agrifood-emissions-by-country,SMR,2010,0.0095117,,,,final,,,
food.faostat.agrifood-emissions-by-country,SMR,2011,0.0100878,,,,final,,,
food.faostat.agrifood-emissions-by-country,SMR,2012,0.0106619,,,,final,,,
food.faostat.agrifood-emissions-by-country,SMR,2013,0.011113,,,,final,,,
food.faostat.agrifood-emissions-by-country,SMR,2014,0.0114965,,,,final,,,
food.faostat.agrifood-emissions-by-country,SMR,2015,0.0116737,,,,final,,,
food.faostat.agrifood-emissions-by-country,SMR,2016,0.0118895,,,,final,,,
food.faostat.agrifood-emissions-by-country,SMR,2017,0.0121052,,,,final,,,
food.faostat.agrifood-emissions-by-country,SMR,2018,0.0119591,,,,final,,,
food.faostat.agrifood-emissions-by-country,SMR,2019,0.0118973,,,,final,,,
food.faostat.agrifood-emissions-by-country,SMR,2020,0.0118958,,,,final,,,
food.faostat.agrifood-emissions-by-country,SMR,2021,0.0119472,,,,final,,,
food.faostat.agrifood-emissions-by-country,SMR,2022,0.0119474,,,,final,,,
food.faostat.agrifood-emissions-by-country,SMR,2023,0.0119221,,,,final,,,
food.faostat.agrifood-emissions-by-country,SOM,1990,42.0213032,,,,final,,,
food.faostat.agrifood-emissions-by-country,SOM,1991,39.0059932,,,,final,,,
food.faostat.agrifood-emissions-by-country,SOM,1992,36.9347813,,,,final,,,
food.faostat.agrifood-emissions-by-country,SOM,1993,38.9832081,,,,final,,,
food.faostat.agrifood-emissions-by-country,SOM,1994,40.9621457,,,,final,,,
food.faostat.agrifood-emissions-by-country,SOM,1995,41.6393135,,,,final,,,
food.faostat.agrifood-emissions-by-country,SOM,1996,42.1976224,,,,final,,,
food.faostat.agrifood-emissions-by-country,SOM,1997,42.6960206,,,,final,,,
food.faostat.agrifood-emissions-by-country,SOM,1998,42.6405277,,,,final,,,
food.faostat.agrifood-emissions-by-country,SOM,1999,42.8165774,,,,final,,,
food.faostat.agrifood-emissions-by-country,SOM,2000,43.0737196,,,,final,,,
food.faostat.agrifood-emissions-by-country,SOM,2001,43.5940064,,,,final,,,
food.faostat.agrifood-emissions-by-country,SOM,2002,43.9190769,,,,final,,,
food.faostat.agrifood-emissions-by-country,SOM,2003,44.1259814,,,,final,,,
food.faostat.agrifood-emissions-by-country,SOM,2004,44.4187593,,,,final,,,
food.faostat.agrifood-emissions-by-country,SOM,2005,44.8933614,,,,final,,,
food.faostat.agrifood-emissions-by-country,SOM,2006,43.4817379,,,,final,,,
food.faostat.agrifood-emissions-by-country,SOM,2007,42.2570315,,,,final,,,
food.faostat.agrifood-emissions-by-country,SOM,2008,42.2425614,,,,final,,,
food.faostat.agrifood-emissions-by-country,SOM,2009,42.2276601,,,,final,,,
food.faostat.agrifood-emissions-by-country,SOM,2010,42.3769206,,,,final,,,
food.faostat.agrifood-emissions-by-country,SOM,2011,59.853498,,,,final,,,
food.faostat.agrifood-emissions-by-country,SOM,2012,60.1268777,,,,final,,,
food.faostat.agrifood-emissions-by-country,SOM,2013,60.1799867,,,,final,,,
food.faostat.agrifood-emissions-by-country,SOM,2014,60.2932369,,,,final,,,
food.faostat.agrifood-emissions-by-country,SOM,2015,60.3247578,,,,final,,,
food.faostat.agrifood-emissions-by-country,SOM,2016,60.2906512,,,,final,,,
food.faostat.agrifood-emissions-by-country,SOM,2017,60.1744418,,,,final,,,
food.faostat.agrifood-emissions-by-country,SOM,2018,60.2964948,,,,final,,,
food.faostat.agrifood-emissions-by-country,SOM,2019,60.4506971,,,,final,,,
food.faostat.agrifood-emissions-by-country,SOM,2020,60.5580377,,,,final,,,
food.faostat.agrifood-emissions-by-country,SOM,2021,32.0409379,,,,final,,,
food.faostat.agrifood-emissions-by-country,SOM,2022,31.8637245,,,,final,,,
food.faostat.agrifood-emissions-by-country,SOM,2023,31.8548883,,,,final,,,
food.faostat.agrifood-emissions-by-country,SPM,1990,0.0034629,,,,final,,,
food.faostat.agrifood-emissions-by-country,SPM,1991,0.0034628,,,,final,,,
food.faostat.agrifood-emissions-by-country,SPM,1992,0.0034628,,,,final,,,
food.faostat.agrifood-emissions-by-country,SPM,1993,0.0034628,,,,final,,,
food.faostat.agrifood-emissions-by-country,SPM,1994,0.0038142,,,,final,,,
food.faostat.agrifood-emissions-by-country,SPM,1995,0.0038142,,,,final,,,
food.faostat.agrifood-emissions-by-country,SPM,1996,0.0038152,,,,final,,,
food.faostat.agrifood-emissions-by-country,SPM,1997,0.0038157,,,,final,,,
food.faostat.agrifood-emissions-by-country,SPM,1998,0.003816,,,,final,,,
food.faostat.agrifood-emissions-by-country,SPM,1999,0.0038279,,,,final,,,
food.faostat.agrifood-emissions-by-country,SPM,2000,0.0020521,,,,final,,,
food.faostat.agrifood-emissions-by-country,SPM,2001,0.0021612,,,,final,,,
food.faostat.agrifood-emissions-by-country,SPM,2002,0.0021607,,,,final,,,
food.faostat.agrifood-emissions-by-country,SPM,2003,0.0024052,,,,final,,,
food.faostat.agrifood-emissions-by-country,SPM,2004,0.0024052,,,,final,,,
food.faostat.agrifood-emissions-by-country,SPM,2005,0.0024404,,,,final,,,
food.faostat.agrifood-emissions-by-country,SPM,2006,0.0025107,,,,final,,,
food.faostat.agrifood-emissions-by-country,SPM,2007,0.0025107,,,,final,,,
food.faostat.agrifood-emissions-by-country,SPM,2008,0.0025109,,,,final,,,
food.faostat.agrifood-emissions-by-country,SPM,2009,0.0025108,,,,final,,,
food.faostat.agrifood-emissions-by-country,SPM,2010,0.0029669,,,,final,,,
food.faostat.agrifood-emissions-by-country,SPM,2011,0.0033335,,,,final,,,
food.faostat.agrifood-emissions-by-country,SPM,2012,0.0032816,,,,final,,,
food.faostat.agrifood-emissions-by-country,SPM,2013,0.0033815,,,,final,,,
food.faostat.agrifood-emissions-by-country,SPM,2014,0.0034663,,,,final,,,
food.faostat.agrifood-emissions-by-country,SPM,2015,0.003448,,,,final,,,
food.faostat.agrifood-emissions-by-country,SPM,2016,0.003616,,,,final,,,
food.faostat.agrifood-emissions-by-country,SPM,2017,0.003627,,,,final,,,
food.faostat.agrifood-emissions-by-country,SPM,2018,0.0035426,,,,final,,,
food.faostat.agrifood-emissions-by-country,SPM,2019,0.0036705,,,,final,,,
food.faostat.agrifood-emissions-by-country,SPM,2020,0.003521,,,,final,,,
food.faostat.agrifood-emissions-by-country,SPM,2021,0.0028853,,,,final,,,
food.faostat.agrifood-emissions-by-country,SPM,2022,0.0028365,,,,final,,,
food.faostat.agrifood-emissions-by-country,SPM,2023,0.0028504,,,,final,,,
food.faostat.agrifood-emissions-by-country,SRB,2006,12.5701901,,,,final,,,
food.faostat.agrifood-emissions-by-country,SRB,2007,16.4009743,,,,final,,,
food.faostat.agrifood-emissions-by-country,SRB,2008,15.3951795,,,,final,,,
food.faostat.agrifood-emissions-by-country,SRB,2009,15.6647187,,,,final,,,
food.faostat.agrifood-emissions-by-country,SRB,2010,15.9673258,,,,final,,,
food.faostat.agrifood-emissions-by-country,SRB,2011,16.5961353,,,,final,,,
food.faostat.agrifood-emissions-by-country,SRB,2012,17.1124688,,,,final,,,
food.faostat.agrifood-emissions-by-country,SRB,2013,17.145027,,,,final,,,
food.faostat.agrifood-emissions-by-country,SRB,2014,15.8579715,,,,final,,,
food.faostat.agrifood-emissions-by-country,SRB,2015,15.8921147,,,,final,,,
food.faostat.agrifood-emissions-by-country,SRB,2016,15.8938674,,,,final,,,
food.faostat.agrifood-emissions-by-country,SRB,2017,16.0127335,,,,final,,,
food.faostat.agrifood-emissions-by-country,SRB,2018,15.0736823,,,,final,,,
food.faostat.agrifood-emissions-by-country,SRB,2019,15.2261539,,,,final,,,
food.faostat.agrifood-emissions-by-country,SRB,2020,15.6926339,,,,final,,,
food.faostat.agrifood-emissions-by-country,SRB,2021,15.122018,,,,final,,,
food.faostat.agrifood-emissions-by-country,SRB,2022,15.8050685,,,,final,,,
food.faostat.agrifood-emissions-by-country,SRB,2023,15.3091044,,,,final,,,
food.faostat.agrifood-emissions-by-country,SRB_MNE,1992,10.8205,,,,final,,,
food.faostat.agrifood-emissions-by-country,SRB_MNE,1993,10.600366,,,,final,,,
food.faostat.agrifood-emissions-by-country,SRB_MNE,1994,10.4118897,,,,final,,,
food.faostat.agrifood-emissions-by-country,SRB_MNE,1995,11.6405148,,,,final,,,
food.faostat.agrifood-emissions-by-country,SRB_MNE,1996,12.0694174,,,,final,,,
food.faostat.agrifood-emissions-by-country,SRB_MNE,1997,12.5867291,,,,final,,,
food.faostat.agrifood-emissions-by-country,SRB_MNE,1998,12.5330699,,,,final,,,
food.faostat.agrifood-emissions-by-country,SRB_MNE,1999,11.6093523,,,,final,,,
food.faostat.agrifood-emissions-by-country,SRB_MNE,2000,10.5777007,,,,final,,,
food.faostat.agrifood-emissions-by-country,SRB_MNE,2001,11.0240379,,,,final,,,
food.faostat.agrifood-emissions-by-country,SRB_MNE,2002,10.9844016,,,,final,,,
food.faostat.agrifood-emissions-by-country,SRB_MNE,2003,10.6894153,,,,final,,,
food.faostat.agrifood-emissions-by-country,SRB_MNE,2004,12.0183834,,,,final,,,
food.faostat.agrifood-emissions-by-country,SRB_MNE,2005,10.2514261,,,,final,,,
food.faostat.agrifood-emissions-by-country,SSD,2012,59.2533444,,,,final,,,
food.faostat.agrifood-emissions-by-country,SSD,2013,58.441606,,,,final,,,
food.faostat.agrifood-emissions-by-country,SSD,2014,59.3554556,,,,final,,,
food.faostat.agrifood-emissions-by-country,SSD,2015,58.964758,,,,final,,,
food.faostat.agrifood-emissions-by-country,SSD,2016,60.7628511,,,,final,,,
food.faostat.agrifood-emissions-by-country,SSD,2017,58.4527003,,,,final,,,
food.faostat.agrifood-emissions-by-country,SSD,2018,65.0397775,,,,final,,,
food.faostat.agrifood-emissions-by-country,SSD,2019,55.8277713,,,,final,,,
food.faostat.agrifood-emissions-by-country,SSD,2020,65.4695016,,,,final,,,
food.faostat.agrifood-emissions-by-country,SSD,2021,61.4719489,,,,final,,,
food.faostat.agrifood-emissions-by-country,SSD,2022,58.6093225,,,,final,,,
food.faostat.agrifood-emissions-by-country,SSD,2023,60.649877,,,,final,,,
food.faostat.agrifood-emissions-by-country,STP,1990,0.0459222,,,,final,,,
food.faostat.agrifood-emissions-by-country,STP,1991,0.0466767,,,,final,,,
food.faostat.agrifood-emissions-by-country,STP,1992,0.0468238,,,,final,,,
food.faostat.agrifood-emissions-by-country,STP,1993,0.0453308,,,,final,,,
food.faostat.agrifood-emissions-by-country,STP,1994,0.0462681,,,,final,,,
food.faostat.agrifood-emissions-by-country,STP,1995,0.0465674,,,,final,,,
food.faostat.agrifood-emissions-by-country,STP,1996,0.0472642,,,,final,,,
food.faostat.agrifood-emissions-by-country,STP,1997,0.0476788,,,,final,,,
food.faostat.agrifood-emissions-by-country,STP,1998,0.0463771,,,,final,,,
food.faostat.agrifood-emissions-by-country,STP,1999,0.0469415,,,,final,,,
food.faostat.agrifood-emissions-by-country,STP,2000,0.049296,,,,final,,,
food.faostat.agrifood-emissions-by-country,STP,2001,0.0511858,,,,final,,,
food.faostat.agrifood-emissions-by-country,STP,2002,0.0538443,,,,final,,,
food.faostat.agrifood-emissions-by-country,STP,2003,0.0567776,,,,final,,,
food.faostat.agrifood-emissions-by-country,STP,2004,0.0580116,,,,final,,,
food.faostat.agrifood-emissions-by-country,STP,2005,0.059672,,,,final,,,
food.faostat.agrifood-emissions-by-country,STP,2006,0.059995,,,,final,,,
food.faostat.agrifood-emissions-by-country,STP,2007,0.0611108,,,,final,,,
food.faostat.agrifood-emissions-by-country,STP,2008,0.0621365,,,,final,,,
food.faostat.agrifood-emissions-by-country,STP,2009,0.0649082,,,,final,,,
food.faostat.agrifood-emissions-by-country,STP,2010,0.0689824,,,,final,,,
food.faostat.agrifood-emissions-by-country,STP,2011,0.2535006,,,,final,,,
food.faostat.agrifood-emissions-by-country,STP,2012,0.2557382,,,,final,,,
food.faostat.agrifood-emissions-by-country,STP,2013,0.2567591,,,,final,,,
food.faostat.agrifood-emissions-by-country,STP,2014,0.2598212,,,,final,,,
food.faostat.agrifood-emissions-by-country,STP,2015,0.2629618,,,,final,,,
food.faostat.agrifood-emissions-by-country,STP,2016,0.0595833,,,,final,,,
food.faostat.agrifood-emissions-by-country,STP,2017,0.064825,,,,final,,,
food.faostat.agrifood-emissions-by-country,STP,2018,0.0643927,,,,final,,,
food.faostat.agrifood-emissions-by-country,STP,2019,0.0663579,,,,final,,,
food.faostat.agrifood-emissions-by-country,STP,2020,0.0688188,,,,final,,,
food.faostat.agrifood-emissions-by-country,STP,2021,0.0709661,,,,final,,,
food.faostat.agrifood-emissions-by-country,STP,2022,0.0719855,,,,final,,,
food.faostat.agrifood-emissions-by-country,STP,2023,0.0731886,,,,final,,,
food.faostat.agrifood-emissions-by-country,SUR,1990,1.2128468,,,,final,,,
food.faostat.agrifood-emissions-by-country,SUR,1991,1.2818755,,,,final,,,
food.faostat.agrifood-emissions-by-country,SUR,1992,1.3689866,,,,final,,,
food.faostat.agrifood-emissions-by-country,SUR,1993,1.3580438,,,,final,,,
food.faostat.agrifood-emissions-by-country,SUR,1994,1.3662768,,,,final,,,
food.faostat.agrifood-emissions-by-country,SUR,1995,1.3977078,,,,final,,,
food.faostat.agrifood-emissions-by-country,SUR,1996,1.481303,,,,final,,,
food.faostat.agrifood-emissions-by-country,SUR,1997,1.454473,,,,final,,,
food.faostat.agrifood-emissions-by-country,SUR,1998,1.4963464,,,,final,,,
food.faostat.agrifood-emissions-by-country,SUR,1999,1.4598707,,,,final,,,
food.faostat.agrifood-emissions-by-country,SUR,2000,1.321832,,,,final,,,
food.faostat.agrifood-emissions-by-country,SUR,2001,4.0244295,,,,final,,,
food.faostat.agrifood-emissions-by-country,SUR,2002,4.0218602,,,,final,,,
food.faostat.agrifood-emissions-by-country,SUR,2003,4.1613871,,,,final,,,
food.faostat.agrifood-emissions-by-country,SUR,2004,4.3718698,,,,final,,,
food.faostat.agrifood-emissions-by-country,SUR,2005,4.3465227,,,,final,,,
food.faostat.agrifood-emissions-by-country,SUR,2006,4.3621668,,,,final,,,
food.faostat.agrifood-emissions-by-country,SUR,2007,4.2927645,,,,final,,,
food.faostat.agrifood-emissions-by-country,SUR,2008,4.3791249,,,,final,,,
food.faostat.agrifood-emissions-by-country,SUR,2009,4.4263449,,,,final,,,
food.faostat.agrifood-emissions-by-country,SUR,2010,4.5175856,,,,final,,,
food.faostat.agrifood-emissions-by-country,SUR,2011,4.9788125,,,,final,,,
food.faostat.agrifood-emissions-by-country,SUR,2012,5.1005121,,,,final,,,
food.faostat.agrifood-emissions-by-country,SUR,2013,4.9855304,,,,final,,,
food.faostat.agrifood-emissions-by-country,SUR,2014,5.1328672,,,,final,,,
food.faostat.agrifood-emissions-by-country,SUR,2015,5.1250887,,,,final,,,
food.faostat.agrifood-emissions-by-country,SUR,2016,11.4739049,,,,final,,,
food.faostat.agrifood-emissions-by-country,SUR,2017,11.4651398,,,,final,,,
food.faostat.agrifood-emissions-by-country,SUR,2018,11.3876748,,,,final,,,
food.faostat.agrifood-emissions-by-country,SUR,2019,11.4636346,,,,final,,,
food.faostat.agrifood-emissions-by-country,SUR,2020,11.4437264,,,,final,,,
food.faostat.agrifood-emissions-by-country,SUR,2021,13.7852071,,,,final,,,
food.faostat.agrifood-emissions-by-country,SUR,2022,13.9432638,,,,final,,,
food.faostat.agrifood-emissions-by-country,SUR,2023,14.0051656,,,,final,,,
food.faostat.agrifood-emissions-by-country,SVK,1993,12.1634642,,,,final,,,
food.faostat.agrifood-emissions-by-country,SVK,1994,10.647584,,,,final,,,
food.faostat.agrifood-emissions-by-country,SVK,1995,10.9032772,,,,final,,,
food.faostat.agrifood-emissions-by-country,SVK,1996,10.9936122,,,,final,,,
food.faostat.agrifood-emissions-by-country,SVK,1997,10.8900625,,,,final,,,
food.faostat.agrifood-emissions-by-country,SVK,1998,10.1623269,,,,final,,,
food.faostat.agrifood-emissions-by-country,SVK,1999,9.3104759,,,,final,,,
food.faostat.agrifood-emissions-by-country,SVK,2000,8.7512688,,,,final,,,
food.faostat.agrifood-emissions-by-country,SVK,2001,8.5385309,,,,final,,,
food.faostat.agrifood-emissions-by-country,SVK,2002,8.6877382,,,,final,,,
food.faostat.agrifood-emissions-by-country,SVK,2003,8.4624143,,,,final,,,
food.faostat.agrifood-emissions-by-country,SVK,2004,8.252695,,,,final,,,
food.faostat.agrifood-emissions-by-country,SVK,2005,8.3609241,,,,final,,,
food.faostat.agrifood-emissions-by-country,SVK,2006,8.3171901,,,,final,,,
food.faostat.agrifood-emissions-by-country,SVK,2007,7.8822377,,,,final,,,
food.faostat.agrifood-emissions-by-country,SVK,2008,8.017112,,,,final,,,
food.faostat.agrifood-emissions-by-country,SVK,2009,7.8715822,,,,final,,,
food.faostat.agrifood-emissions-by-country,SVK,2010,7.9103468,,,,final,,,
food.faostat.agrifood-emissions-by-country,SVK,2011,7.4667579,,,,final,,,
food.faostat.agrifood-emissions-by-country,SVK,2012,7.3060753,,,,final,,,
food.faostat.agrifood-emissions-by-country,SVK,2013,7.4194664,,,,final,,,
food.faostat.agrifood-emissions-by-country,SVK,2014,7.2040751,,,,final,,,
food.faostat.agrifood-emissions-by-country,SVK,2015,7.0541955,,,,final,,,
food.faostat.agrifood-emissions-by-country,SVK,2016,8.1911737,,,,final,,,
food.faostat.agrifood-emissions-by-country,SVK,2017,8.2855676,,,,final,,,
food.faostat.agrifood-emissions-by-country,SVK,2018,8.2528556,,,,final,,,
food.faostat.agrifood-emissions-by-country,SVK,2019,8.0936521,,,,final,,,
food.faostat.agrifood-emissions-by-country,SVK,2020,7.9068746,,,,final,,,
food.faostat.agrifood-emissions-by-country,SVK,2021,6.9235827,,,,final,,,
food.faostat.agrifood-emissions-by-country,SVK,2022,6.6822785,,,,final,,,
food.faostat.agrifood-emissions-by-country,SVK,2023,6.6655866,,,,final,,,
food.faostat.agrifood-emissions-by-country,SVN,1992,3.9712227,,,,final,,,
food.faostat.agrifood-emissions-by-country,SVN,1993,4.0458819,,,,final,,,
food.faostat.agrifood-emissions-by-country,SVN,1994,3.961599,,,,final,,,
food.faostat.agrifood-emissions-by-country,SVN,1995,3.8582976,,,,final,,,
food.faostat.agrifood-emissions-by-country,SVN,1996,3.8755765,,,,final,,,
food.faostat.agrifood-emissions-by-country,SVN,1997,4.0954309,,,,final,,,
food.faostat.agrifood-emissions-by-country,SVN,1998,4.2947473,,,,final,,,
food.faostat.agrifood-emissions-by-country,SVN,1999,4.2148814,,,,final,,,
food.faostat.agrifood-emissions-by-country,SVN,2000,4.228052,,,,final,,,
food.faostat.agrifood-emissions-by-country,SVN,2001,4.2541122,,,,final,,,
food.faostat.agrifood-emissions-by-country,SVN,2002,4.2096503,,,,final,,,
food.faostat.agrifood-emissions-by-country,SVN,2003,4.1638193,,,,final,,,
food.faostat.agrifood-emissions-by-country,SVN,2004,3.9599934,,,,final,,,
food.faostat.agrifood-emissions-by-country,SVN,2005,3.9584771,,,,final,,,
food.faostat.agrifood-emissions-by-country,SVN,2006,4.0286237,,,,final,,,
food.faostat.agrifood-emissions-by-country,SVN,2007,4.0143841,,,,final,,,
food.faostat.agrifood-emissions-by-country,SVN,2008,4.2752762,,,,final,,,
food.faostat.agrifood-emissions-by-country,SVN,2009,4.0147145,,,,final,,,
food.faostat.agrifood-emissions-by-country,SVN,2010,4.0960475,,,,final,,,
food.faostat.agrifood-emissions-by-country,SVN,2011,4.1026864,,,,final,,,
food.faostat.agrifood-emissions-by-country,SVN,2012,4.01565,,,,final,,,
food.faostat.agrifood-emissions-by-country,SVN,2013,3.9585589,,,,final,,,
food.faostat.agrifood-emissions-by-country,SVN,2014,3.856741,,,,final,,,
food.faostat.agrifood-emissions-by-country,SVN,2015,3.9630907,,,,final,,,
food.faostat.agrifood-emissions-by-country,SVN,2016,4.4623871,,,,final,,,
food.faostat.agrifood-emissions-by-country,SVN,2017,4.5179692,,,,final,,,
food.faostat.agrifood-emissions-by-country,SVN,2018,4.4811625,,,,final,,,
food.faostat.agrifood-emissions-by-country,SVN,2019,4.4285818,,,,final,,,
food.faostat.agrifood-emissions-by-country,SVN,2020,4.3371979,,,,final,,,
food.faostat.agrifood-emissions-by-country,SVN,2021,4.4873929,,,,final,,,
food.faostat.agrifood-emissions-by-country,SVN,2022,4.4114641,,,,final,,,
food.faostat.agrifood-emissions-by-country,SVN,2023,4.3158088,,,,final,,,
food.faostat.agrifood-emissions-by-country,SWE,1990,32.9294751,,,,final,,,
food.faostat.agrifood-emissions-by-country,SWE,1991,32.2250655,,,,final,,,
food.faostat.agrifood-emissions-by-country,SWE,1992,32.1322703,,,,final,,,
food.faostat.agrifood-emissions-by-country,SWE,1993,31.9904191,,,,final,,,
food.faostat.agrifood-emissions-by-country,SWE,1994,32.141185,,,,final,,,
food.faostat.agrifood-emissions-by-country,SWE,1995,32.0958605,,,,final,,,
food.faostat.agrifood-emissions-by-country,SWE,1996,32.1323296,,,,final,,,
food.faostat.agrifood-emissions-by-country,SWE,1997,31.7210434,,,,final,,,
food.faostat.agrifood-emissions-by-country,SWE,1998,32.0306874,,,,final,,,
food.faostat.agrifood-emissions-by-country,SWE,1999,31.8730679,,,,final,,,
food.faostat.agrifood-emissions-by-country,SWE,2000,31.398263,,,,final,,,
food.faostat.agrifood-emissions-by-country,SWE,2001,29.7746528,,,,final,,,
food.faostat.agrifood-emissions-by-country,SWE,2002,30.9807197,,,,final,,,
food.faostat.agrifood-emissions-by-country,SWE,2003,31.2971193,,,,final,,,
food.faostat.agrifood-emissions-by-country,SWE,2004,30.8652574,,,,final,,,
food.faostat.agrifood-emissions-by-country,SWE,2005,30.9327076,,,,final,,,
food.faostat.agrifood-emissions-by-country,SWE,2006,30.9182049,,,,final,,,
food.faostat.agrifood-emissions-by-country,SWE,2007,31.1022807,,,,final,,,
food.faostat.agrifood-emissions-by-country,SWE,2008,29.8403095,,,,final,,,
food.faostat.agrifood-emissions-by-country,SWE,2009,29.5297174,,,,final,,,
food.faostat.agrifood-emissions-by-country,SWE,2010,30.2943081,,,,final,,,
food.faostat.agrifood-emissions-by-country,SWE,2011,33.9793034,,,,final,,,
food.faostat.agrifood-emissions-by-country,SWE,2012,33.6488124,,,,final,,,
food.faostat.agrifood-emissions-by-country,SWE,2013,33.632817,,,,final,,,
food.faostat.agrifood-emissions-by-country,SWE,2014,33.6456567,,,,final,,,
food.faostat.agrifood-emissions-by-country,SWE,2015,33.5980754,,,,final,,,
food.faostat.agrifood-emissions-by-country,SWE,2016,32.1997392,,,,final,,,
food.faostat.agrifood-emissions-by-country,SWE,2017,32.3426088,,,,final,,,
food.faostat.agrifood-emissions-by-country,SWE,2018,32.4178264,,,,final,,,
food.faostat.agrifood-emissions-by-country,SWE,2019,32.8314562,,,,final,,,
food.faostat.agrifood-emissions-by-country,SWE,2020,32.6577961,,,,final,,,
food.faostat.agrifood-emissions-by-country,SWE,2021,32.0279592,,,,final,,,
food.faostat.agrifood-emissions-by-country,SWE,2022,32.0188643,,,,final,,,
food.faostat.agrifood-emissions-by-country,SWE,2023,31.8461009,,,,final,,,
food.faostat.agrifood-emissions-by-country,SWZ,1990,1.868497,,,,final,,,
food.faostat.agrifood-emissions-by-country,SWZ,1991,1.8805708,,,,final,,,
food.faostat.agrifood-emissions-by-country,SWZ,1992,1.86739,,,,final,,,
food.faostat.agrifood-emissions-by-country,SWZ,1993,1.6575863,,,,final,,,
food.faostat.agrifood-emissions-by-country,SWZ,1994,1.7505041,,,,final,,,
food.faostat.agrifood-emissions-by-country,SWZ,1995,2.0414782,,,,final,,,
food.faostat.agrifood-emissions-by-country,SWZ,1996,1.9842531,,,,final,,,
food.faostat.agrifood-emissions-by-country,SWZ,1997,2.127002,,,,final,,,
food.faostat.agrifood-emissions-by-country,SWZ,1998,2.0826071,,,,final,,,
food.faostat.agrifood-emissions-by-country,SWZ,1999,2.0952245,,,,final,,,
food.faostat.agrifood-emissions-by-country,SWZ,2000,1.849888,,,,final,,,
food.faostat.agrifood-emissions-by-country,SWZ,2001,1.8331225,,,,final,,,
food.faostat.agrifood-emissions-by-country,SWZ,2002,1.8853829,,,,final,,,
food.faostat.agrifood-emissions-by-country,SWZ,2003,1.8748145,,,,final,,,
food.faostat.agrifood-emissions-by-country,SWZ,2004,1.9336288,,,,final,,,
food.faostat.agrifood-emissions-by-country,SWZ,2005,1.9349177,,,,final,,,
food.faostat.agrifood-emissions-by-country,SWZ,2006,1.855711,,,,final,,,
food.faostat.agrifood-emissions-by-country,SWZ,2007,1.9570944,,,,final,,,
food.faostat.agrifood-emissions-by-country,SWZ,2008,1.9650702,,,,final,,,
food.faostat.agrifood-emissions-by-country,SWZ,2009,1.9315899,,,,final,,,
food.faostat.agrifood-emissions-by-country,SWZ,2010,2.1415913,,,,final,,,
food.faostat.agrifood-emissions-by-country,SWZ,2011,2.1599246,,,,final,,,
food.faostat.agrifood-emissions-by-country,SWZ,2012,2.1741713,,,,final,,,
food.faostat.agrifood-emissions-by-country,SWZ,2013,2.1228771,,,,final,,,
food.faostat.agrifood-emissions-by-country,SWZ,2014,2.2235018,,,,final,,,
food.faostat.agrifood-emissions-by-country,SWZ,2015,2.2178778,,,,final,,,
food.faostat.agrifood-emissions-by-country,SWZ,2016,2.314581,,,,final,,,
food.faostat.agrifood-emissions-by-country,SWZ,2017,2.2546874,,,,final,,,
food.faostat.agrifood-emissions-by-country,SWZ,2018,2.2832657,,,,final,,,
food.faostat.agrifood-emissions-by-country,SWZ,2019,2.4336712,,,,final,,,
food.faostat.agrifood-emissions-by-country,SWZ,2020,2.389999,,,,final,,,
food.faostat.agrifood-emissions-by-country,SWZ,2021,2.4648205,,,,final,,,
food.faostat.agrifood-emissions-by-country,SWZ,2022,2.1701315,,,,final,,,
food.faostat.agrifood-emissions-by-country,SWZ,2023,2.2562034,,,,final,,,
food.faostat.agrifood-emissions-by-country,SYC,1990,0.1254287,,,,final,,,
food.faostat.agrifood-emissions-by-country,SYC,1991,0.126714,,,,final,,,
food.faostat.agrifood-emissions-by-country,SYC,1992,0.1269646,,,,final,,,
food.faostat.agrifood-emissions-by-country,SYC,1993,0.1278004,,,,final,,,
food.faostat.agrifood-emissions-by-country,SYC,1994,0.1287215,,,,final,,,
food.faostat.agrifood-emissions-by-country,SYC,1995,0.1295791,,,,final,,,
food.faostat.agrifood-emissions-by-country,SYC,1996,0.1330895,,,,final,,,
food.faostat.agrifood-emissions-by-country,SYC,1997,0.1368585,,,,final,,,
food.faostat.agrifood-emissions-by-country,SYC,1998,0.1395811,,,,final,,,
food.faostat.agrifood-emissions-by-country,SYC,1999,0.1415883,,,,final,,,
food.faostat.agrifood-emissions-by-country,SYC,2000,0.1432239,,,,final,,,
food.faostat.agrifood-emissions-by-country,SYC,2001,0.143101,,,,final,,,
food.faostat.agrifood-emissions-by-country,SYC,2002,0.1460212,,,,final,,,
food.faostat.agrifood-emissions-by-country,SYC,2003,0.1488898,,,,final,,,
food.faostat.agrifood-emissions-by-country,SYC,2004,0.1596581,,,,final,,,
food.faostat.agrifood-emissions-by-country,SYC,2005,0.1399888,,,,final,,,
food.faostat.agrifood-emissions-by-country,SYC,2006,0.1482308,,,,final,,,
food.faostat.agrifood-emissions-by-country,SYC,2007,0.1547326,,,,final,,,
food.faostat.agrifood-emissions-by-country,SYC,2008,0.1510275,,,,final,,,
food.faostat.agrifood-emissions-by-country,SYC,2009,0.1632378,,,,final,,,
food.faostat.agrifood-emissions-by-country,SYC,2010,0.1647167,,,,final,,,
food.faostat.agrifood-emissions-by-country,SYC,2011,0.1618958,,,,final,,,
food.faostat.agrifood-emissions-by-country,SYC,2012,0.1603085,,,,final,,,
food.faostat.agrifood-emissions-by-country,SYC,2013,0.1610322,,,,final,,,
food.faostat.agrifood-emissions-by-country,SYC,2014,0.1576404,,,,final,,,
food.faostat.agrifood-emissions-by-country,SYC,2015,0.1563747,,,,final,,,
food.faostat.agrifood-emissions-by-country,SYC,2016,0.1611737,,,,final,,,
food.faostat.agrifood-emissions-by-country,SYC,2017,0.1667783,,,,final,,,
food.faostat.agrifood-emissions-by-country,SYC,2018,0.1722412,,,,final,,,
food.faostat.agrifood-emissions-by-country,SYC,2019,0.1710161,,,,final,,,
food.faostat.agrifood-emissions-by-country,SYC,2020,0.1735742,,,,final,,,
food.faostat.agrifood-emissions-by-country,SYC,2021,0.1795479,,,,final,,,
food.faostat.agrifood-emissions-by-country,SYC,2022,0.1821277,,,,final,,,
food.faostat.agrifood-emissions-by-country,SYC,2023,0.1832918,,,,final,,,
food.faostat.agrifood-emissions-by-country,SYR,1990,13.1828343,,,,final,,,
food.faostat.agrifood-emissions-by-country,SYR,1991,13.4232868,,,,final,,,
food.faostat.agrifood-emissions-by-country,SYR,1992,13.6347641,,,,final,,,
food.faostat.agrifood-emissions-by-country,SYR,1993,11.9335038,,,,final,,,
food.faostat.agrifood-emissions-by-country,SYR,1994,12.6212264,,,,final,,,
food.faostat.agrifood-emissions-by-country,SYR,1995,13.2854613,,,,final,,,
food.faostat.agrifood-emissions-by-country,SYR,1996,12.5824622,,,,final,,,
food.faostat.agrifood-emissions-by-country,SYR,1997,13.0088678,,,,final,,,
food.faostat.agrifood-emissions-by-country,SYR,1998,13.8728675,,,,final,,,
food.faostat.agrifood-emissions-by-country,SYR,1999,13.8522613,,,,final,,,
food.faostat.agrifood-emissions-by-country,SYR,2000,13.9666485,,,,final,,,
food.faostat.agrifood-emissions-by-country,SYR,2001,13.4939635,,,,final,,,
food.faostat.agrifood-emissions-by-country,SYR,2002,14.6340576,,,,final,,,
food.faostat.agrifood-emissions-by-country,SYR,2003,15.4369147,,,,final,,,
food.faostat.agrifood-emissions-by-country,SYR,2004,16.2758866,,,,final,,,
food.faostat.agrifood-emissions-by-country,SYR,2005,18.0151555,,,,final,,,
food.faostat.agrifood-emissions-by-country,SYR,2006,20.0447022,,,,final,,,
food.faostat.agrifood-emissions-by-country,SYR,2007,22.5068598,,,,final,,,
food.faostat.agrifood-emissions-by-country,SYR,2008,21.4766552,,,,final,,,
food.faostat.agrifood-emissions-by-country,SYR,2009,19.8602809,,,,final,,,
food.faostat.agrifood-emissions-by-country,SYR,2010,18.5063876,,,,final,,,
food.faostat.agrifood-emissions-by-country,SYR,2011,19.6051128,,,,final,,,
food.faostat.agrifood-emissions-by-country,SYR,2012,18.1530335,,,,final,,,
food.faostat.agrifood-emissions-by-country,SYR,2013,15.6694646,,,,final,,,
food.faostat.agrifood-emissions-by-country,SYR,2014,15.6723588,,,,final,,,
food.faostat.agrifood-emissions-by-country,SYR,2015,15.3794602,,,,final,,,
food.faostat.agrifood-emissions-by-country,SYR,2016,15.1363005,,,,final,,,
food.faostat.agrifood-emissions-by-country,SYR,2017,14.494805,,,,final,,,
food.faostat.agrifood-emissions-by-country,SYR,2018,15.3824464,,,,final,,,
food.faostat.agrifood-emissions-by-country,SYR,2019,16.1662427,,,,final,,,
food.faostat.agrifood-emissions-by-country,SYR,2020,16.5925337,,,,final,,,
food.faostat.agrifood-emissions-by-country,SYR,2021,16.6799813,,,,final,,,
food.faostat.agrifood-emissions-by-country,SYR,2022,16.8818771,,,,final,,,
food.faostat.agrifood-emissions-by-country,SYR,2023,17.5142016,,,,final,,,
food.faostat.agrifood-emissions-by-country,TCA,1990,0.0062659,,,,final,,,
food.faostat.agrifood-emissions-by-country,TCA,1991,0.0065973,,,,final,,,
food.faostat.agrifood-emissions-by-country,TCA,1992,0.0068439,,,,final,,,
food.faostat.agrifood-emissions-by-country,TCA,1993,0.0066285,,,,final,,,
food.faostat.agrifood-emissions-by-country,TCA,1994,0.0070262,,,,final,,,
food.faostat.agrifood-emissions-by-country,TCA,1995,0.0073651,,,,final,,,
food.faostat.agrifood-emissions-by-country,TCA,1996,0.0076851,,,,final,,,
food.faostat.agrifood-emissions-by-country,TCA,1997,0.0086541,,,,final,,,
food.faostat.agrifood-emissions-by-country,TCA,1998,0.0084616,,,,final,,,
food.faostat.agrifood-emissions-by-country,TCA,1999,0.0095133,,,,final,,,
food.faostat.agrifood-emissions-by-country,TCA,2000,0.0105072,,,,final,,,
food.faostat.agrifood-emissions-by-country,TCA,2001,0.0111097,,,,final,,,
food.faostat.agrifood-emissions-by-country,TCA,2002,0.0140454,,,,final,,,
food.faostat.agrifood-emissions-by-country,TCA,2003,0.0149063,,,,final,,,
food.faostat.agrifood-emissions-by-country,TCA,2004,0.0160736,,,,final,,,
food.faostat.agrifood-emissions-by-country,TCA,2005,0.01917,,,,final,,,
food.faostat.agrifood-emissions-by-country,TCA,2006,0.0215352,,,,final,,,
food.faostat.agrifood-emissions-by-country,TCA,2007,0.0237374,,,,final,,,
food.faostat.agrifood-emissions-by-country,TCA,2008,0.0245495,,,,final,,,
food.faostat.agrifood-emissions-by-country,TCA,2009,0.0253926,,,,final,,,
food.faostat.agrifood-emissions-by-country,TCA,2010,0.0256579,,,,final,,,
food.faostat.agrifood-emissions-by-country,TCA,2011,0.0263078,,,,final,,,
food.faostat.agrifood-emissions-by-country,TCA,2012,0.0267596,,,,final,,,
food.faostat.agrifood-emissions-by-country,TCA,2013,0.0275228,,,,final,,,
food.faostat.agrifood-emissions-by-country,TCA,2014,0.0295103,,,,final,,,
food.faostat.agrifood-emissions-by-country,TCA,2015,0.0306653,,,,final,,,
food.faostat.agrifood-emissions-by-country,TCA,2016,0.0326064,,,,final,,,
food.faostat.agrifood-emissions-by-country,TCA,2017,0.036299,,,,final,,,
food.faostat.agrifood-emissions-by-country,TCA,2018,0.0375217,,,,final,,,
food.faostat.agrifood-emissions-by-country,TCA,2019,0.0385914,,,,final,,,
food.faostat.agrifood-emissions-by-country,TCA,2020,0.0393208,,,,final,,,
food.faostat.agrifood-emissions-by-country,TCA,2021,0.0411767,,,,final,,,
food.faostat.agrifood-emissions-by-country,TCA,2022,0.0410492,,,,final,,,
food.faostat.agrifood-emissions-by-country,TCA,2023,0.0412691,,,,final,,,
food.faostat.agrifood-emissions-by-country,TCD,1990,27.3817744,,,,final,,,
food.faostat.agrifood-emissions-by-country,TCD,1991,28.2480533,,,,final,,,
food.faostat.agrifood-emissions-by-country,TCD,1992,29.144635,,,,final,,,
food.faostat.agrifood-emissions-by-country,TCD,1993,29.8977706,,,,final,,,
food.faostat.agrifood-emissions-by-country,TCD,1994,30.938996,,,,final,,,
food.faostat.agrifood-emissions-by-country,TCD,1995,31.98191,,,,final,,,
food.faostat.agrifood-emissions-by-country,TCD,1996,35.6330615,,,,final,,,
food.faostat.agrifood-emissions-by-country,TCD,1997,36.1078174,,,,final,,,
food.faostat.agrifood-emissions-by-country,TCD,1998,37.173137,,,,final,,,
food.faostat.agrifood-emissions-by-country,TCD,1999,38.7114107,,,,final,,,
food.faostat.agrifood-emissions-by-country,TCD,2000,41.1469347,,,,final,,,
food.faostat.agrifood-emissions-by-country,TCD,2001,45.8504004,,,,final,,,
food.faostat.agrifood-emissions-by-country,TCD,2002,48.3877752,,,,final,,,
food.faostat.agrifood-emissions-by-country,TCD,2003,50.4110757,,,,final,,,
food.faostat.agrifood-emissions-by-country,TCD,2004,52.1244287,,,,final,,,
food.faostat.agrifood-emissions-by-country,TCD,2005,54.0853684,,,,final,,,
food.faostat.agrifood-emissions-by-country,TCD,2006,56.1124184,,,,final,,,
food.faostat.agrifood-emissions-by-country,TCD,2007,59.0905924,,,,final,,,
food.faostat.agrifood-emissions-by-country,TCD,2008,59.7263033,,,,final,,,
food.faostat.agrifood-emissions-by-country,TCD,2009,60.1970227,,,,final,,,
food.faostat.agrifood-emissions-by-country,TCD,2010,64.0526718,,,,final,,,
food.faostat.agrifood-emissions-by-country,TCD,2011,73.9719793,,,,final,,,
food.faostat.agrifood-emissions-by-country,TCD,2012,77.5456335,,,,final,,,
food.faostat.agrifood-emissions-by-country,TCD,2013,79.0363147,,,,final,,,
food.faostat.agrifood-emissions-by-country,TCD,2014,81.5496057,,,,final,,,
food.faostat.agrifood-emissions-by-country,TCD,2015,86.3196058,,,,final,,,
food.faostat.agrifood-emissions-by-country,TCD,2016,91.6316304,,,,final,,,
food.faostat.agrifood-emissions-by-country,TCD,2017,93.6255449,,,,final,,,
food.faostat.agrifood-emissions-by-country,TCD,2018,98.018868,,,,final,,,
food.faostat.agrifood-emissions-by-country,TCD,2019,100.8517272,,,,final,,,
food.faostat.agrifood-emissions-by-country,TCD,2020,106.2898228,,,,final,,,
food.faostat.agrifood-emissions-by-country,TCD,2021,109.5934444,,,,final,,,
food.faostat.agrifood-emissions-by-country,TCD,2022,113.8710653,,,,final,,,
food.faostat.agrifood-emissions-by-country,TCD,2023,119.359136,,,,final,,,
food.faostat.agrifood-emissions-by-country,TGO,1990,3.6212214,,,,final,,,
food.faostat.agrifood-emissions-by-country,TGO,1991,3.5002789,,,,final,,,
food.faostat.agrifood-emissions-by-country,TGO,1992,3.3593564,,,,final,,,
food.faostat.agrifood-emissions-by-country,TGO,1993,3.3119878,,,,final,,,
food.faostat.agrifood-emissions-by-country,TGO,1994,3.2977879,,,,final,,,
food.faostat.agrifood-emissions-by-country,TGO,1995,3.1696298,,,,final,,,
food.faostat.agrifood-emissions-by-country,TGO,1996,3.3972369,,,,final,,,
food.faostat.agrifood-emissions-by-country,TGO,1997,3.7282279,,,,final,,,
food.faostat.agrifood-emissions-by-country,TGO,1998,4.196385,,,,final,,,
food.faostat.agrifood-emissions-by-country,TGO,1999,4.0728392,,,,final,,,
food.faostat.agrifood-emissions-by-country,TGO,2000,3.9609991,,,,final,,,
food.faostat.agrifood-emissions-by-country,TGO,2001,3.6496283,,,,final,,,
food.faostat.agrifood-emissions-by-country,TGO,2002,3.8710299,,,,final,,,
food.faostat.agrifood-emissions-by-country,TGO,2003,4.0440791,,,,final,,,
food.faostat.agrifood-emissions-by-country,TGO,2004,3.9007483,,,,final,,,
food.faostat.agrifood-emissions-by-country,TGO,2005,4.7717069,,,,final,,,
food.faostat.agrifood-emissions-by-country,TGO,2006,4.3911209,,,,final,,,
food.faostat.agrifood-emissions-by-country,TGO,2007,4.1176675,,,,final,,,
food.faostat.agrifood-emissions-by-country,TGO,2008,4.341686,,,,final,,,
food.faostat.agrifood-emissions-by-country,TGO,2009,4.620009,,,,final,,,
food.faostat.agrifood-emissions-by-country,TGO,2010,4.572949,,,,final,,,
food.faostat.agrifood-emissions-by-country,TGO,2011,5.0649657,,,,final,,,
food.faostat.agrifood-emissions-by-country,TGO,2012,4.8094622,,,,final,,,
food.faostat.agrifood-emissions-by-country,TGO,2013,5.1585891,,,,final,,,
food.faostat.agrifood-emissions-by-country,TGO,2014,4.8712867,,,,final,,,
food.faostat.agrifood-emissions-by-country,TGO,2015,5.2625122,,,,final,,,
food.faostat.agrifood-emissions-by-country,TGO,2016,5.3827626,,,,final,,,
food.faostat.agrifood-emissions-by-country,TGO,2017,5.3810678,,,,final,,,
food.faostat.agrifood-emissions-by-country,TGO,2018,5.6408962,,,,final,,,
food.faostat.agrifood-emissions-by-country,TGO,2019,5.6453525,,,,final,,,
food.faostat.agrifood-emissions-by-country,TGO,2020,6.0924728,,,,final,,,
food.faostat.agrifood-emissions-by-country,TGO,2021,6.0575138,,,,final,,,
food.faostat.agrifood-emissions-by-country,TGO,2022,6.5509583,,,,final,,,
food.faostat.agrifood-emissions-by-country,TGO,2023,6.3559269,,,,final,,,
food.faostat.agrifood-emissions-by-country,THA,1990,114.6457588,,,,final,,,
food.faostat.agrifood-emissions-by-country,THA,1991,118.9244796,,,,final,,,
food.faostat.agrifood-emissions-by-country,THA,1992,120.0140542,,,,final,,,
food.faostat.agrifood-emissions-by-country,THA,1993,120.187642,,,,final,,,
food.faostat.agrifood-emissions-by-country,THA,1994,122.2132463,,,,final,,,
food.faostat.agrifood-emissions-by-country,THA,1995,121.588272,,,,final,,,
food.faostat.agrifood-emissions-by-country,THA,1996,123.61903,,,,final,,,
food.faostat.agrifood-emissions-by-country,THA,1997,124.7455561,,,,final,,,
food.faostat.agrifood-emissions-by-country,THA,1998,121.5772223,,,,final,,,
food.faostat.agrifood-emissions-by-country,THA,1999,123.3820934,,,,final,,,
food.faostat.agrifood-emissions-by-country,THA,2000,121.2584548,,,,final,,,
food.faostat.agrifood-emissions-by-country,THA,2001,124.6972678,,,,final,,,
food.faostat.agrifood-emissions-by-country,THA,2002,126.723917,,,,final,,,
food.faostat.agrifood-emissions-by-country,THA,2003,133.6678635,,,,final,,,
food.faostat.agrifood-emissions-by-country,THA,2004,140.996344,,,,final,,,
food.faostat.agrifood-emissions-by-country,THA,2005,137.0295336,,,,final,,,
food.faostat.agrifood-emissions-by-country,THA,2006,136.0753526,,,,final,,,
food.faostat.agrifood-emissions-by-country,THA,2007,147.9200154,,,,final,,,
food.faostat.agrifood-emissions-by-country,THA,2008,142.8929624,,,,final,,,
food.faostat.agrifood-emissions-by-country,THA,2009,147.2657456,,,,final,,,
food.faostat.agrifood-emissions-by-country,THA,2010,152.6539338,,,,final,,,
food.faostat.agrifood-emissions-by-country,THA,2011,154.3888018,,,,final,,,
food.faostat.agrifood-emissions-by-country,THA,2012,161.724499,,,,final,,,
food.faostat.agrifood-emissions-by-country,THA,2013,159.2339624,,,,final,,,
food.faostat.agrifood-emissions-by-country,THA,2014,167.6812516,,,,final,,,
food.faostat.agrifood-emissions-by-country,THA,2015,161.1438999,,,,final,,,
food.faostat.agrifood-emissions-by-country,THA,2016,163.0911466,,,,final,,,
food.faostat.agrifood-emissions-by-country,THA,2017,165.5234088,,,,final,,,
food.faostat.agrifood-emissions-by-country,THA,2018,165.7186166,,,,final,,,
food.faostat.agrifood-emissions-by-country,THA,2019,165.9314198,,,,final,,,
food.faostat.agrifood-emissions-by-country,THA,2020,177.077018,,,,final,,,
food.faostat.agrifood-emissions-by-country,THA,2021,230.4140913,,,,final,,,
food.faostat.agrifood-emissions-by-country,THA,2022,234.4937622,,,,final,,,
food.faostat.agrifood-emissions-by-country,THA,2023,247.3294269,,,,final,,,
food.faostat.agrifood-emissions-by-country,TJK,1992,5.3786565,,,,final,,,
food.faostat.agrifood-emissions-by-country,TJK,1993,4.9076996,,,,final,,,
food.faostat.agrifood-emissions-by-country,TJK,1994,4.7607523,,,,final,,,
food.faostat.agrifood-emissions-by-country,TJK,1995,4.610353,,,,final,,,
food.faostat.agrifood-emissions-by-country,TJK,1996,4.4451486,,,,final,,,
food.faostat.agrifood-emissions-by-country,TJK,1997,4.4707332,,,,final,,,
food.faostat.agrifood-emissions-by-country,TJK,1998,4.3161076,,,,final,,,
food.faostat.agrifood-emissions-by-country,TJK,1999,4.2743925,,,,final,,,
food.faostat.agrifood-emissions-by-country,TJK,2000,4.2452773,,,,final,,,
food.faostat.agrifood-emissions-by-country,TJK,2001,4.3309668,,,,final,,,
food.faostat.agrifood-emissions-by-country,TJK,2002,4.4372202,,,,final,,,
food.faostat.agrifood-emissions-by-country,TJK,2003,4.5842131,,,,final,,,
food.faostat.agrifood-emissions-by-country,TJK,2004,4.8757376,,,,final,,,
food.faostat.agrifood-emissions-by-country,TJK,2005,5.1369628,,,,final,,,
food.faostat.agrifood-emissions-by-country,TJK,2006,5.5158691,,,,final,,,
food.faostat.agrifood-emissions-by-country,TJK,2007,5.6556493,,,,final,,,
food.faostat.agrifood-emissions-by-country,TJK,2008,6.3167948,,,,final,,,
food.faostat.agrifood-emissions-by-country,TJK,2009,6.7079792,,,,final,,,
food.faostat.agrifood-emissions-by-country,TJK,2010,6.8053539,,,,final,,,
food.faostat.agrifood-emissions-by-country,TJK,2011,6.9200147,,,,final,,,
food.faostat.agrifood-emissions-by-country,TJK,2012,7.2449825,,,,final,,,
food.faostat.agrifood-emissions-by-country,TJK,2013,7.5422767,,,,final,,,
food.faostat.agrifood-emissions-by-country,TJK,2014,7.7442604,,,,final,,,
food.faostat.agrifood-emissions-by-country,TJK,2015,7.9864536,,,,final,,,
food.faostat.agrifood-emissions-by-country,TJK,2016,8.1198195,,,,final,,,
food.faostat.agrifood-emissions-by-country,TJK,2017,8.4061644,,,,final,,,
food.faostat.agrifood-emissions-by-country,TJK,2018,8.4913533,,,,final,,,
food.faostat.agrifood-emissions-by-country,TJK,2019,9.0106569,,,,final,,,
food.faostat.agrifood-emissions-by-country,TJK,2020,9.2066597,,,,final,,,
food.faostat.agrifood-emissions-by-country,TJK,2021,9.4066253,,,,final,,,
food.faostat.agrifood-emissions-by-country,TJK,2022,9.7096243,,,,final,,,
food.faostat.agrifood-emissions-by-country,TJK,2023,9.8099826,,,,final,,,
food.faostat.agrifood-emissions-by-country,TKL,1990,0.0005616,,,,final,,,
food.faostat.agrifood-emissions-by-country,TKL,1991,0.0005616,,,,final,,,
food.faostat.agrifood-emissions-by-country,TKL,1992,0.0005616,,,,final,,,
food.faostat.agrifood-emissions-by-country,TKL,1993,0.0005616,,,,final,,,
food.faostat.agrifood-emissions-by-country,TKL,1994,0.0005616,,,,final,,,
food.faostat.agrifood-emissions-by-country,TKL,1995,0.0005616,,,,final,,,
food.faostat.agrifood-emissions-by-country,TKL,1996,0.0005826,,,,final,,,
food.faostat.agrifood-emissions-by-country,TKL,1997,0.0005826,,,,final,,,
food.faostat.agrifood-emissions-by-country,TKL,1998,0.0005616,,,,final,,,
food.faostat.agrifood-emissions-by-country,TKL,1999,0.0005616,,,,final,,,
food.faostat.agrifood-emissions-by-country,TKL,2000,0.0005616,,,,final,,,
food.faostat.agrifood-emissions-by-country,TKL,2001,0.0005616,,,,final,,,
food.faostat.agrifood-emissions-by-country,TKL,2002,0.0006455,,,,final,,,
food.faostat.agrifood-emissions-by-country,TKL,2003,0.0006662,,,,final,,,
food.faostat.agrifood-emissions-by-country,TKL,2004,0.0006454,,,,final,,,
food.faostat.agrifood-emissions-by-country,TKL,2005,0.0006122,,,,final,,,
food.faostat.agrifood-emissions-by-country,TKL,2006,0.0005826,,,,final,,,
food.faostat.agrifood-emissions-by-country,TKL,2007,0.0005826,,,,final,,,
food.faostat.agrifood-emissions-by-country,TKL,2008,0.0005284,,,,final,,,
food.faostat.agrifood-emissions-by-country,TKL,2009,0.0005284,,,,final,,,
food.faostat.agrifood-emissions-by-country,TKL,2010,0.0005491,,,,final,,,
food.faostat.agrifood-emissions-by-country,TKL,2011,0.0005616,,,,final,,,
food.faostat.agrifood-emissions-by-country,TKL,2012,0.0005826,,,,final,,,
food.faostat.agrifood-emissions-by-country,TKL,2013,0.0006033,,,,final,,,
food.faostat.agrifood-emissions-by-country,TKL,2014,0.0006109,,,,final,,,
food.faostat.agrifood-emissions-by-country,TKL,2015,0.0006442,,,,final,,,
food.faostat.agrifood-emissions-by-country,TKL,2016,0.0006649,,,,final,,,
food.faostat.agrifood-emissions-by-country,TKL,2017,0.0007153,,,,final,,,
food.faostat.agrifood-emissions-by-country,TKL,2018,0.0007909,,,,final,,,
food.faostat.agrifood-emissions-by-country,TKL,2019,0.0011524,,,,final,,,
food.faostat.agrifood-emissions-by-country,TKL,2020,0.0018493,,,,final,,,
food.faostat.agrifood-emissions-by-country,TKL,2021,0.0021567,,,,final,,,
food.faostat.agrifood-emissions-by-country,TKL,2022,0.0021934,,,,final,,,
food.faostat.agrifood-emissions-by-country,TKL,2023,0.0011927,,,,final,,,
food.faostat.agrifood-emissions-by-country,TKM,1992,5.4325006,,,,final,,,
food.faostat.agrifood-emissions-by-country,TKM,1993,6.6077803,,,,final,,,
food.faostat.agrifood-emissions-by-country,TKM,1994,8.5276792,,,,final,,,
food.faostat.agrifood-emissions-by-country,TKM,1995,8.9932341,,,,final,,,
food.faostat.agrifood-emissions-by-country,TKM,1996,8.3597422,,,,final,,,
food.faostat.agrifood-emissions-by-country,TKM,1997,7.8872495,,,,final,,,
food.faostat.agrifood-emissions-by-country,TKM,1998,8.0867714,,,,final,,,
food.faostat.agrifood-emissions-by-country,TKM,1999,9.3635135,,,,final,,,
food.faostat.agrifood-emissions-by-country,TKM,2000,9.9412134,,,,final,,,
food.faostat.agrifood-emissions-by-country,TKM,2001,10.4087545,,,,final,,,
food.faostat.agrifood-emissions-by-country,TKM,2002,11.4092683,,,,final,,,
food.faostat.agrifood-emissions-by-country,TKM,2003,12.7969893,,,,final,,,
food.faostat.agrifood-emissions-by-country,TKM,2004,13.6716672,,,,final,,,
food.faostat.agrifood-emissions-by-country,TKM,2005,14.5003902,,,,final,,,
food.faostat.agrifood-emissions-by-country,TKM,2006,15.4976828,,,,final,,,
food.faostat.agrifood-emissions-by-country,TKM,2007,15.6943232,,,,final,,,
food.faostat.agrifood-emissions-by-country,TKM,2008,16.7912252,,,,final,,,
food.faostat.agrifood-emissions-by-country,TKM,2009,16.2473374,,,,final,,,
food.faostat.agrifood-emissions-by-country,TKM,2010,17.1087442,,,,final,,,
food.faostat.agrifood-emissions-by-country,TKM,2011,17.2177021,,,,final,,,
food.faostat.agrifood-emissions-by-country,TKM,2012,17.8831009,,,,final,,,
food.faostat.agrifood-emissions-by-country,TKM,2013,18.2855573,,,,final,,,
food.faostat.agrifood-emissions-by-country,TKM,2014,18.7469705,,,,final,,,
food.faostat.agrifood-emissions-by-country,TKM,2015,20.2073469,,,,final,,,
food.faostat.agrifood-emissions-by-country,TKM,2016,20.178214,,,,final,,,
food.faostat.agrifood-emissions-by-country,TKM,2017,20.1905502,,,,final,,,
food.faostat.agrifood-emissions-by-country,TKM,2018,20.8883212,,,,final,,,
food.faostat.agrifood-emissions-by-country,TKM,2019,20.6184477,,,,final,,,
food.faostat.agrifood-emissions-by-country,TKM,2020,22.2770656,,,,final,,,
food.faostat.agrifood-emissions-by-country,TKM,2021,22.1371826,,,,final,,,
food.faostat.agrifood-emissions-by-country,TKM,2022,23.2003278,,,,final,,,
food.faostat.agrifood-emissions-by-country,TKM,2023,23.2569404,,,,final,,,
food.faostat.agrifood-emissions-by-country,TLS,1990,0.9272895,,,,final,,,
food.faostat.agrifood-emissions-by-country,TLS,1991,1.013583,,,,final,,,
food.faostat.agrifood-emissions-by-country,TLS,1992,1.0180033,,,,final,,,
food.faostat.agrifood-emissions-by-country,TLS,1993,1.0315676,,,,final,,,
food.faostat.agrifood-emissions-by-country,TLS,1994,1.1181604,,,,final,,,
food.faostat.agrifood-emissions-by-country,TLS,1995,1.143523,,,,final,,,
food.faostat.agrifood-emissions-by-country,TLS,1996,1.1726982,,,,final,,,
food.faostat.agrifood-emissions-by-country,TLS,1997,1.1803154,,,,final,,,
food.faostat.agrifood-emissions-by-country,TLS,1998,1.1824696,,,,final,,,
food.faostat.agrifood-emissions-by-country,TLS,1999,1.0646281,,,,final,,,
food.faostat.agrifood-emissions-by-country,TLS,2000,1.1494622,,,,final,,,
food.faostat.agrifood-emissions-by-country,TLS,2001,1.3761754,,,,final,,,
food.faostat.agrifood-emissions-by-country,TLS,2002,1.4142913,,,,final,,,
food.faostat.agrifood-emissions-by-country,TLS,2003,1.4197995,,,,final,,,
food.faostat.agrifood-emissions-by-country,TLS,2004,1.3191049,,,,final,,,
food.faostat.agrifood-emissions-by-country,TLS,2005,1.4566028,,,,final,,,
food.faostat.agrifood-emissions-by-country,TLS,2006,1.5058354,,,,final,,,
food.faostat.agrifood-emissions-by-country,TLS,2007,1.4834143,,,,final,,,
food.faostat.agrifood-emissions-by-country,TLS,2008,1.5416007,,,,final,,,
food.faostat.agrifood-emissions-by-country,TLS,2009,1.5246357,,,,final,,,
food.faostat.agrifood-emissions-by-country,TLS,2010,1.4915618,,,,final,,,
food.faostat.agrifood-emissions-by-country,TLS,2011,1.5061887,,,,final,,,
food.faostat.agrifood-emissions-by-country,TLS,2012,1.5793034,,,,final,,,
food.faostat.agrifood-emissions-by-country,TLS,2013,1.5269534,,,,final,,,
food.faostat.agrifood-emissions-by-country,TLS,2014,1.5742644,,,,final,,,
food.faostat.agrifood-emissions-by-country,TLS,2015,1.6802034,,,,final,,,
food.faostat.agrifood-emissions-by-country,TLS,2016,1.69117,,,,final,,,
food.faostat.agrifood-emissions-by-country,TLS,2017,1.7358413,,,,final,,,
food.faostat.agrifood-emissions-by-country,TLS,2018,1.7451138,,,,final,,,
food.faostat.agrifood-emissions-by-country,TLS,2019,1.9222754,,,,final,,,
food.faostat.agrifood-emissions-by-country,TLS,2020,1.8433387,,,,final,,,
food.faostat.agrifood-emissions-by-country,TLS,2021,1.7114279,,,,final,,,
food.faostat.agrifood-emissions-by-country,TLS,2022,1.8376207,,,,final,,,
food.faostat.agrifood-emissions-by-country,TLS,2023,1.857608,,,,final,,,
food.faostat.agrifood-emissions-by-country,TON,1990,0.0911006,,,,final,,,
food.faostat.agrifood-emissions-by-country,TON,1991,0.0915433,,,,final,,,
food.faostat.agrifood-emissions-by-country,TON,1992,0.0937661,,,,final,,,
food.faostat.agrifood-emissions-by-country,TON,1993,0.0937919,,,,final,,,
food.faostat.agrifood-emissions-by-country,TON,1994,0.0919716,,,,final,,,
food.faostat.agrifood-emissions-by-country,TON,1995,0.0873005,,,,final,,,
food.faostat.agrifood-emissions-by-country,TON,1996,0.087334,,,,final,,,
food.faostat.agrifood-emissions-by-country,TON,1997,0.0875016,,,,final,,,
food.faostat.agrifood-emissions-by-country,TON,1998,0.0863794,,,,final,,,
food.faostat.agrifood-emissions-by-country,TON,1999,0.0896712,,,,final,,,
food.faostat.agrifood-emissions-by-country,TON,2000,0.0916349,,,,final,,,
food.faostat.agrifood-emissions-by-country,TON,2001,0.091464,,,,final,,,
food.faostat.agrifood-emissions-by-country,TON,2002,0.0914638,,,,final,,,
food.faostat.agrifood-emissions-by-country,TON,2003,0.0911887,,,,final,,,
food.faostat.agrifood-emissions-by-country,TON,2004,0.0905183,,,,final,,,
food.faostat.agrifood-emissions-by-country,TON,2005,0.0906878,,,,final,,,
food.faostat.agrifood-emissions-by-country,TON,2006,0.0922246,,,,final,,,
food.faostat.agrifood-emissions-by-country,TON,2007,0.0904987,,,,final,,,
food.faostat.agrifood-emissions-by-country,TON,2008,0.0925168,,,,final,,,
food.faostat.agrifood-emissions-by-country,TON,2009,0.095986,,,,final,,,
food.faostat.agrifood-emissions-by-country,TON,2010,0.0971119,,,,final,,,
food.faostat.agrifood-emissions-by-country,TON,2011,0.0960272,,,,final,,,
food.faostat.agrifood-emissions-by-country,TON,2012,0.0976681,,,,final,,,
food.faostat.agrifood-emissions-by-country,TON,2013,0.0987248,,,,final,,,
food.faostat.agrifood-emissions-by-country,TON,2014,0.0988789,,,,final,,,
food.faostat.agrifood-emissions-by-country,TON,2015,0.0988988,,,,final,,,
food.faostat.agrifood-emissions-by-country,TON,2016,0.1032387,,,,final,,,
food.faostat.agrifood-emissions-by-country,TON,2017,0.10498,,,,final,,,
food.faostat.agrifood-emissions-by-country,TON,2018,0.1034341,,,,final,,,
food.faostat.agrifood-emissions-by-country,TON,2019,0.1070868,,,,final,,,
food.faostat.agrifood-emissions-by-country,TON,2020,0.1047564,,,,final,,,
food.faostat.agrifood-emissions-by-country,TON,2021,0.1050771,,,,final,,,
food.faostat.agrifood-emissions-by-country,TON,2022,0.1053298,,,,final,,,
food.faostat.agrifood-emissions-by-country,TON,2023,0.1059808,,,,final,,,
food.faostat.agrifood-emissions-by-country,TTO,1990,12.3350724,,,,final,,,
food.faostat.agrifood-emissions-by-country,TTO,1991,12.3164369,,,,final,,,
food.faostat.agrifood-emissions-by-country,TTO,1992,12.162308,,,,final,,,
food.faostat.agrifood-emissions-by-country,TTO,1993,11.830947,,,,final,,,
food.faostat.agrifood-emissions-by-country,TTO,1994,11.9415538,,,,final,,,
food.faostat.agrifood-emissions-by-country,TTO,1995,11.9164386,,,,final,,,
food.faostat.agrifood-emissions-by-country,TTO,1996,12.0832608,,,,final,,,
food.faostat.agrifood-emissions-by-country,TTO,1997,12.2641897,,,,final,,,
food.faostat.agrifood-emissions-by-country,TTO,1998,12.371008,,,,final,,,
food.faostat.agrifood-emissions-by-country,TTO,1999,12.6160821,,,,final,,,
food.faostat.agrifood-emissions-by-country,TTO,2000,12.8002065,,,,final,,,
food.faostat.agrifood-emissions-by-country,TTO,2001,12.9161858,,,,final,,,
food.faostat.agrifood-emissions-by-country,TTO,2002,13.1828635,,,,final,,,
food.faostat.agrifood-emissions-by-country,TTO,2003,14.2277511,,,,final,,,
food.faostat.agrifood-emissions-by-country,TTO,2004,14.6566788,,,,final,,,
food.faostat.agrifood-emissions-by-country,TTO,2005,16.0889141,,,,final,,,
food.faostat.agrifood-emissions-by-country,TTO,2006,16.4365826,,,,final,,,
food.faostat.agrifood-emissions-by-country,TTO,2007,16.2060991,,,,final,,,
food.faostat.agrifood-emissions-by-country,TTO,2008,15.7379658,,,,final,,,
food.faostat.agrifood-emissions-by-country,TTO,2009,17.6913904,,,,final,,,
food.faostat.agrifood-emissions-by-country,TTO,2010,18.0875889,,,,final,,,
food.faostat.agrifood-emissions-by-country,TTO,2011,17.4958937,,,,final,,,
food.faostat.agrifood-emissions-by-country,TTO,2012,16.6170888,,,,final,,,
food.faostat.agrifood-emissions-by-country,TTO,2013,15.5700948,,,,final,,,
food.faostat.agrifood-emissions-by-country,TTO,2014,15.7191586,,,,final,,,
food.faostat.agrifood-emissions-by-country,TTO,2015,15.7641145,,,,final,,,
food.faostat.agrifood-emissions-by-country,TTO,2016,16.0180254,,,,final,,,
food.faostat.agrifood-emissions-by-country,TTO,2017,16.4541174,,,,final,,,
food.faostat.agrifood-emissions-by-country,TTO,2018,15.7499801,,,,final,,,
food.faostat.agrifood-emissions-by-country,TTO,2019,17.1789605,,,,final,,,
food.faostat.agrifood-emissions-by-country,TTO,2020,20.3620919,,,,final,,,
food.faostat.agrifood-emissions-by-country,TTO,2021,20.9899406,,,,final,,,
food.faostat.agrifood-emissions-by-country,TTO,2022,21.0187541,,,,final,,,
food.faostat.agrifood-emissions-by-country,TTO,2023,21.0279156,,,,final,,,
food.faostat.agrifood-emissions-by-country,TUN,1990,8.5293035,,,,final,,,
food.faostat.agrifood-emissions-by-country,TUN,1991,9.1268092,,,,final,,,
food.faostat.agrifood-emissions-by-country,TUN,1992,9.2871849,,,,final,,,
food.faostat.agrifood-emissions-by-country,TUN,1993,9.6340297,,,,final,,,
food.faostat.agrifood-emissions-by-country,TUN,1994,9.3916964,,,,final,,,
food.faostat.agrifood-emissions-by-country,TUN,1995,9.4359402,,,,final,,,
food.faostat.agrifood-emissions-by-country,TUN,1996,10.1695798,,,,final,,,
food.faostat.agrifood-emissions-by-country,TUN,1997,10.0194494,,,,final,,,
food.faostat.agrifood-emissions-by-country,TUN,1998,10.2735747,,,,final,,,
food.faostat.agrifood-emissions-by-country,TUN,1999,10.5845295,,,,final,,,
food.faostat.agrifood-emissions-by-country,TUN,2000,10.9274117,,,,final,,,
food.faostat.agrifood-emissions-by-country,TUN,2001,11.1466186,,,,final,,,
food.faostat.agrifood-emissions-by-country,TUN,2002,11.5377905,,,,final,,,
food.faostat.agrifood-emissions-by-country,TUN,2003,11.6914805,,,,final,,,
food.faostat.agrifood-emissions-by-country,TUN,2004,11.812862,,,,final,,,
food.faostat.agrifood-emissions-by-country,TUN,2005,12.1578958,,,,final,,,
food.faostat.agrifood-emissions-by-country,TUN,2006,12.4118844,,,,final,,,
food.faostat.agrifood-emissions-by-country,TUN,2007,12.9094096,,,,final,,,
food.faostat.agrifood-emissions-by-country,TUN,2008,13.4442995,,,,final,,,
food.faostat.agrifood-emissions-by-country,TUN,2009,14.2823973,,,,final,,,
food.faostat.agrifood-emissions-by-country,TUN,2010,14.4347407,,,,final,,,
food.faostat.agrifood-emissions-by-country,TUN,2011,13.7496408,,,,final,,,
food.faostat.agrifood-emissions-by-country,TUN,2012,14.2514858,,,,final,,,
food.faostat.agrifood-emissions-by-country,TUN,2013,14.591578,,,,final,,,
food.faostat.agrifood-emissions-by-country,TUN,2014,15.0064467,,,,final,,,
food.faostat.agrifood-emissions-by-country,TUN,2015,15.2765976,,,,final,,,
food.faostat.agrifood-emissions-by-country,TUN,2016,15.4084089,,,,final,,,
food.faostat.agrifood-emissions-by-country,TUN,2017,15.7910754,,,,final,,,
food.faostat.agrifood-emissions-by-country,TUN,2018,16.064335,,,,final,,,
food.faostat.agrifood-emissions-by-country,TUN,2019,16.2486037,,,,final,,,
food.faostat.agrifood-emissions-by-country,TUN,2020,16.249286,,,,final,,,
food.faostat.agrifood-emissions-by-country,TUN,2021,17.0382865,,,,final,,,
food.faostat.agrifood-emissions-by-country,TUN,2022,17.1081367,,,,final,,,
food.faostat.agrifood-emissions-by-country,TUN,2023,16.895558,,,,final,,,
food.faostat.agrifood-emissions-by-country,TUR,1990,79.4396953,,,,final,,,
food.faostat.agrifood-emissions-by-country,TUR,1991,78.1790917,,,,final,,,
food.faostat.agrifood-emissions-by-country,TUR,1992,80.4078768,,,,final,,,
food.faostat.agrifood-emissions-by-country,TUR,1993,83.5613996,,,,final,,,
food.faostat.agrifood-emissions-by-country,TUR,1994,81.1266256,,,,final,,,
food.faostat.agrifood-emissions-by-country,TUR,1995,82.7662642,,,,final,,,
food.faostat.agrifood-emissions-by-country,TUR,1996,85.4181677,,,,final,,,
food.faostat.agrifood-emissions-by-country,TUR,1997,86.1807857,,,,final,,,
food.faostat.agrifood-emissions-by-country,TUR,1998,87.1502305,,,,final,,,
food.faostat.agrifood-emissions-by-country,TUR,1999,87.9454262,,,,final,,,
food.faostat.agrifood-emissions-by-country,TUR,2000,89.9589543,,,,final,,,
food.faostat.agrifood-emissions-by-country,TUR,2001,87.4318594,,,,final,,,
food.faostat.agrifood-emissions-by-country,TUR,2002,88.6665381,,,,final,,,
food.faostat.agrifood-emissions-by-country,TUR,2003,89.5723768,,,,final,,,
food.faostat.agrifood-emissions-by-country,TUR,2004,90.3843583,,,,final,,,
food.faostat.agrifood-emissions-by-country,TUR,2005,93.8487345,,,,final,,,
food.faostat.agrifood-emissions-by-country,TUR,2006,96.4309372,,,,final,,,
food.faostat.agrifood-emissions-by-country,TUR,2007,99.8131718,,,,final,,,
food.faostat.agrifood-emissions-by-country,TUR,2008,106.5018276,,,,final,,,
food.faostat.agrifood-emissions-by-country,TUR,2009,107.1144454,,,,final,,,
food.faostat.agrifood-emissions-by-country,TUR,2010,109.1977903,,,,final,,,
food.faostat.agrifood-emissions-by-country,TUR,2011,114.8969811,,,,final,,,
food.faostat.agrifood-emissions-by-country,TUR,2012,116.5537627,,,,final,,,
food.faostat.agrifood-emissions-by-country,TUR,2013,124.4059801,,,,final,,,
food.faostat.agrifood-emissions-by-country,TUR,2014,129.3624948,,,,final,,,
food.faostat.agrifood-emissions-by-country,TUR,2015,128.552163,,,,final,,,
food.faostat.agrifood-emissions-by-country,TUR,2016,133.8006828,,,,final,,,
food.faostat.agrifood-emissions-by-country,TUR,2017,137.9188204,,,,final,,,
food.faostat.agrifood-emissions-by-country,TUR,2018,144.2630473,,,,final,,,
food.faostat.agrifood-emissions-by-country,TUR,2019,148.8449828,,,,final,,,
food.faostat.agrifood-emissions-by-country,TUR,2020,158.1773734,,,,final,,,
food.faostat.agrifood-emissions-by-country,TUR,2021,161.0092454,,,,final,,,
food.faostat.agrifood-emissions-by-country,TUR,2022,156.857259,,,,final,,,
food.faostat.agrifood-emissions-by-country,TUR,2023,157.7888951,,,,final,,,
food.faostat.agrifood-emissions-by-country,TUV,1990,0.0066718,,,,final,,,
food.faostat.agrifood-emissions-by-country,TUV,1991,0.0074902,,,,final,,,
food.faostat.agrifood-emissions-by-country,TUV,1992,0.0076374,,,,final,,,
food.faostat.agrifood-emissions-by-country,TUV,1993,0.0075052,,,,final,,,
food.faostat.agrifood-emissions-by-country,TUV,1994,0.0076176,,,,final,,,
food.faostat.agrifood-emissions-by-country,TUV,1995,0.0076436,,,,final,,,
food.faostat.agrifood-emissions-by-country,TUV,1996,0.0075073,,,,final,,,
food.faostat.agrifood-emissions-by-country,TUV,1997,0.0077824,,,,final,,,
food.faostat.agrifood-emissions-by-country,TUV,1998,0.0090437,,,,final,,,
food.faostat.agrifood-emissions-by-country,TUV,1999,0.0080047,,,,final,,,
food.faostat.agrifood-emissions-by-country,TUV,2000,0.0080494,,,,final,,,
food.faostat.agrifood-emissions-by-country,TUV,2001,0.0082619,,,,final,,,
food.faostat.agrifood-emissions-by-country,TUV,2002,0.0086805,,,,final,,,
food.faostat.agrifood-emissions-by-country,TUV,2003,0.0086057,,,,final,,,
food.faostat.agrifood-emissions-by-country,TUV,2004,0.0087082,,,,final,,,
food.faostat.agrifood-emissions-by-country,TUV,2005,0.008728,,,,final,,,
food.faostat.agrifood-emissions-by-country,TUV,2006,0.0087362,,,,final,,,
food.faostat.agrifood-emissions-by-country,TUV,2007,0.0090631,,,,final,,,
food.faostat.agrifood-emissions-by-country,TUV,2008,0.0089086,,,,final,,,
food.faostat.agrifood-emissions-by-country,TUV,2009,0.0091673,,,,final,,,
food.faostat.agrifood-emissions-by-country,TUV,2010,0.0089927,,,,final,,,
food.faostat.agrifood-emissions-by-country,TUV,2011,0.0090035,,,,final,,,
food.faostat.agrifood-emissions-by-country,TUV,2012,0.0089925,,,,final,,,
food.faostat.agrifood-emissions-by-country,TUV,2013,0.0089757,,,,final,,,
food.faostat.agrifood-emissions-by-country,TUV,2014,0.0090167,,,,final,,,
food.faostat.agrifood-emissions-by-country,TUV,2015,0.0091093,,,,final,,,
food.faostat.agrifood-emissions-by-country,TUV,2016,0.0092217,,,,final,,,
food.faostat.agrifood-emissions-by-country,TUV,2017,0.0093285,,,,final,,,
food.faostat.agrifood-emissions-by-country,TUV,2018,0.0094531,,,,final,,,
food.faostat.agrifood-emissions-by-country,TUV,2019,0.0094327,,,,final,,,
food.faostat.agrifood-emissions-by-country,TUV,2020,0.0095211,,,,final,,,
food.faostat.agrifood-emissions-by-country,TUV,2021,0.0093547,,,,final,,,
food.faostat.agrifood-emissions-by-country,TUV,2022,0.0093854,,,,final,,,
food.faostat.agrifood-emissions-by-country,TUV,2023,0.0095749,,,,final,,,
food.faostat.agrifood-emissions-by-country,TWN,1990,27.560264,,,,final,,,
food.faostat.agrifood-emissions-by-country,TWN,1991,29.0160066,,,,final,,,
food.faostat.agrifood-emissions-by-country,TWN,1992,30.1655855,,,,final,,,
food.faostat.agrifood-emissions-by-country,TWN,1993,31.4437107,,,,final,,,
food.faostat.agrifood-emissions-by-country,TWN,1994,32.1656745,,,,final,,,
food.faostat.agrifood-emissions-by-country,TWN,1995,33.2977248,,,,final,,,
food.faostat.agrifood-emissions-by-country,TWN,1996,34.9286246,,,,final,,,
food.faostat.agrifood-emissions-by-country,TWN,1997,35.3099872,,,,final,,,
food.faostat.agrifood-emissions-by-country,TWN,1998,35.1799778,,,,final,,,
food.faostat.agrifood-emissions-by-country,TWN,1999,35.0426951,,,,final,,,
food.faostat.agrifood-emissions-by-country,TWN,2000,36.8733029,,,,final,,,
food.faostat.agrifood-emissions-by-country,TWN,2001,38.3181132,,,,final,,,
food.faostat.agrifood-emissions-by-country,TWN,2002,41.6429093,,,,final,,,
food.faostat.agrifood-emissions-by-country,TWN,2003,39.8866665,,,,final,,,
food.faostat.agrifood-emissions-by-country,TWN,2004,40.603721,,,,final,,,
food.faostat.agrifood-emissions-by-country,TWN,2005,41.2480405,,,,final,,,
food.faostat.agrifood-emissions-by-country,TWN,2006,40.2211835,,,,final,,,
food.faostat.agrifood-emissions-by-country,TWN,2007,39.6253628,,,,final,,,
food.faostat.agrifood-emissions-by-country,TWN,2008,38.9040899,,,,final,,,
food.faostat.agrifood-emissions-by-country,TWN,2009,37.5781805,,,,final,,,
food.faostat.agrifood-emissions-by-country,TWN,2010,38.7117679,,,,final,,,
food.faostat.agrifood-emissions-by-country,TWN,2011,40.1349124,,,,final,,,
food.faostat.agrifood-emissions-by-country,TWN,2012,39.6502136,,,,final,,,
food.faostat.agrifood-emissions-by-country,TWN,2013,39.4421628,,,,final,,,
food.faostat.agrifood-emissions-by-country,TWN,2014,39.5921014,,,,final,,,
food.faostat.agrifood-emissions-by-country,TWN,2015,39.3908264,,,,final,,,
food.faostat.agrifood-emissions-by-country,TWN,2016,40.1402138,,,,final,,,
food.faostat.agrifood-emissions-by-country,TWN,2017,40.6203751,,,,final,,,
food.faostat.agrifood-emissions-by-country,TWN,2018,40.3484363,,,,final,,,
food.faostat.agrifood-emissions-by-country,TWN,2019,39.7076413,,,,final,,,
food.faostat.agrifood-emissions-by-country,TWN,2020,40.2997551,,,,final,,,
food.faostat.agrifood-emissions-by-country,TWN,2021,40.7975147,,,,final,,,
food.faostat.agrifood-emissions-by-country,TWN,2022,40.0860475,,,,final,,,
food.faostat.agrifood-emissions-by-country,TWN,2023,39.9095588,,,,final,,,
food.faostat.agrifood-emissions-by-country,TZA,1990,100.3565102,,,,final,,,
food.faostat.agrifood-emissions-by-country,TZA,1991,100.6724274,,,,final,,,
food.faostat.agrifood-emissions-by-country,TZA,1992,100.7214618,,,,final,,,
food.faostat.agrifood-emissions-by-country,TZA,1993,101.1008765,,,,final,,,
food.faostat.agrifood-emissions-by-country,TZA,1994,101.2721425,,,,final,,,
food.faostat.agrifood-emissions-by-country,TZA,1995,104.7671575,,,,final,,,
food.faostat.agrifood-emissions-by-country,TZA,1996,99.2585951,,,,final,,,
food.faostat.agrifood-emissions-by-country,TZA,1997,98.9415794,,,,final,,,
food.faostat.agrifood-emissions-by-country,TZA,1998,102.7377653,,,,final,,,
food.faostat.agrifood-emissions-by-country,TZA,1999,103.5902674,,,,final,,,
food.faostat.agrifood-emissions-by-country,TZA,2000,100.7958669,,,,final,,,
food.faostat.agrifood-emissions-by-country,TZA,2001,103.9164743,,,,final,,,
food.faostat.agrifood-emissions-by-country,TZA,2002,109.9981065,,,,final,,,
food.faostat.agrifood-emissions-by-country,TZA,2003,116.5531492,,,,final,,,
food.faostat.agrifood-emissions-by-country,TZA,2004,115.8925058,,,,final,,,
food.faostat.agrifood-emissions-by-country,TZA,2005,119.8653035,,,,final,,,
food.faostat.agrifood-emissions-by-country,TZA,2006,117.3307761,,,,final,,,
food.faostat.agrifood-emissions-by-country,TZA,2007,118.9070178,,,,final,,,
food.faostat.agrifood-emissions-by-country,TZA,2008,121.3006038,,,,final,,,
food.faostat.agrifood-emissions-by-country,TZA,2009,122.1144245,,,,final,,,
food.faostat.agrifood-emissions-by-country,TZA,2010,124.4460378,,,,final,,,
food.faostat.agrifood-emissions-by-country,TZA,2011,127.3935285,,,,final,,,
food.faostat.agrifood-emissions-by-country,TZA,2012,129.3710686,,,,final,,,
food.faostat.agrifood-emissions-by-country,TZA,2013,130.6631618,,,,final,,,
food.faostat.agrifood-emissions-by-country,TZA,2014,132.1837015,,,,final,,,
food.faostat.agrifood-emissions-by-country,TZA,2015,136.1337618,,,,final,,,
food.faostat.agrifood-emissions-by-country,TZA,2016,146.4367872,,,,final,,,
food.faostat.agrifood-emissions-by-country,TZA,2017,148.055095,,,,final,,,
food.faostat.agrifood-emissions-by-country,TZA,2018,148.4662919,,,,final,,,
food.faostat.agrifood-emissions-by-country,TZA,2019,152.2892393,,,,final,,,
food.faostat.agrifood-emissions-by-country,TZA,2020,157.2708915,,,,final,,,
food.faostat.agrifood-emissions-by-country,TZA,2021,160.4234596,,,,final,,,
food.faostat.agrifood-emissions-by-country,TZA,2022,162.455475,,,,final,,,
food.faostat.agrifood-emissions-by-country,TZA,2023,162.8085485,,,,final,,,
food.faostat.agrifood-emissions-by-country,UGA,1990,51.5423486,,,,final,,,
food.faostat.agrifood-emissions-by-country,UGA,1991,51.9889503,,,,final,,,
food.faostat.agrifood-emissions-by-country,UGA,1992,52.2329244,,,,final,,,
food.faostat.agrifood-emissions-by-country,UGA,1993,52.5319599,,,,final,,,
food.faostat.agrifood-emissions-by-country,UGA,1994,52.2682724,,,,final,,,
food.faostat.agrifood-emissions-by-country,UGA,1995,52.6596122,,,,final,,,
food.faostat.agrifood-emissions-by-country,UGA,1996,53.3558411,,,,final,,,
food.faostat.agrifood-emissions-by-country,UGA,1997,54.5089451,,,,final,,,
food.faostat.agrifood-emissions-by-country,UGA,1998,56.0696177,,,,final,,,
food.faostat.agrifood-emissions-by-country,UGA,1999,55.9083355,,,,final,,,
food.faostat.agrifood-emissions-by-country,UGA,2000,55.6293755,,,,final,,,
food.faostat.agrifood-emissions-by-country,UGA,2001,39.6916789,,,,final,,,
food.faostat.agrifood-emissions-by-country,UGA,2002,40.2822702,,,,final,,,
food.faostat.agrifood-emissions-by-country,UGA,2003,41.8498778,,,,final,,,
food.faostat.agrifood-emissions-by-country,UGA,2004,41.8334465,,,,final,,,
food.faostat.agrifood-emissions-by-country,UGA,2005,43.5718482,,,,final,,,
food.faostat.agrifood-emissions-by-country,UGA,2006,42.9150621,,,,final,,,
food.faostat.agrifood-emissions-by-country,UGA,2007,45.4711336,,,,final,,,
food.faostat.agrifood-emissions-by-country,UGA,2008,51.9134816,,,,final,,,
food.faostat.agrifood-emissions-by-country,UGA,2009,51.9478702,,,,final,,,
food.faostat.agrifood-emissions-by-country,UGA,2010,53.6335841,,,,final,,,
food.faostat.agrifood-emissions-by-country,UGA,2011,53.6672742,,,,final,,,
food.faostat.agrifood-emissions-by-country,UGA,2012,55.4110951,,,,final,,,
food.faostat.agrifood-emissions-by-country,UGA,2013,55.6313421,,,,final,,,
food.faostat.agrifood-emissions-by-country,UGA,2014,57.052292,,,,final,,,
food.faostat.agrifood-emissions-by-country,UGA,2015,59.1149109,,,,final,,,
food.faostat.agrifood-emissions-by-country,UGA,2016,55.0797916,,,,final,,,
food.faostat.agrifood-emissions-by-country,UGA,2017,55.5891024,,,,final,,,
food.faostat.agrifood-emissions-by-country,UGA,2018,56.6916941,,,,final,,,
food.faostat.agrifood-emissions-by-country,UGA,2019,57.0195341,,,,final,,,
food.faostat.agrifood-emissions-by-country,UGA,2020,58.6378228,,,,final,,,
food.faostat.agrifood-emissions-by-country,UGA,2021,59.9839239,,,,final,,,
food.faostat.agrifood-emissions-by-country,UGA,2022,59.4923108,,,,final,,,
food.faostat.agrifood-emissions-by-country,UGA,2023,60.0073733,,,,final,,,
food.faostat.agrifood-emissions-by-country,UKR,1992,175.9434895,,,,final,,,
food.faostat.agrifood-emissions-by-country,UKR,1993,159.6965913,,,,final,,,
food.faostat.agrifood-emissions-by-country,UKR,1994,152.2876583,,,,final,,,
food.faostat.agrifood-emissions-by-country,UKR,1995,146.5846367,,,,final,,,
food.faostat.agrifood-emissions-by-country,UKR,1996,130.4116026,,,,final,,,
food.faostat.agrifood-emissions-by-country,UKR,1997,122.6139676,,,,final,,,
food.faostat.agrifood-emissions-by-country,UKR,1998,114.3572239,,,,final,,,
food.faostat.agrifood-emissions-by-country,UKR,1999,104.6727916,,,,final,,,
food.faostat.agrifood-emissions-by-country,UKR,2000,100.0434384,,,,final,,,
food.faostat.agrifood-emissions-by-country,UKR,2001,97.650305,,,,final,,,
food.faostat.agrifood-emissions-by-country,UKR,2002,99.8990846,,,,final,,,
food.faostat.agrifood-emissions-by-country,UKR,2003,99.8829903,,,,final,,,
food.faostat.agrifood-emissions-by-country,UKR,2004,94.7116794,,,,final,,,
food.faostat.agrifood-emissions-by-country,UKR,2005,93.7178514,,,,final,,,
food.faostat.agrifood-emissions-by-country,UKR,2006,94.5275625,,,,final,,,
food.faostat.agrifood-emissions-by-country,UKR,2007,92.9612484,,,,final,,,
food.faostat.agrifood-emissions-by-country,UKR,2008,92.392067,,,,final,,,
food.faostat.agrifood-emissions-by-country,UKR,2009,92.0534131,,,,final,,,
food.faostat.agrifood-emissions-by-country,UKR,2010,94.1119093,,,,final,,,
food.faostat.agrifood-emissions-by-country,UKR,2011,97.7986914,,,,final,,,
food.faostat.agrifood-emissions-by-country,UKR,2012,97.6150177,,,,final,,,
food.faostat.agrifood-emissions-by-country,UKR,2013,111.0221922,,,,final,,,
food.faostat.agrifood-emissions-by-country,UKR,2014,104.9380892,,,,final,,,
food.faostat.agrifood-emissions-by-country,UKR,2015,95.2108348,,,,final,,,
food.faostat.agrifood-emissions-by-country,UKR,2016,97.4746315,,,,final,,,
food.faostat.agrifood-emissions-by-country,UKR,2017,91.9484424,,,,final,,,
food.faostat.agrifood-emissions-by-country,UKR,2018,95.8245683,,,,final,,,
food.faostat.agrifood-emissions-by-country,UKR,2019,98.0688916,,,,final,,,
food.faostat.agrifood-emissions-by-country,UKR,2020,97.1343554,,,,final,,,
food.faostat.agrifood-emissions-by-country,UKR,2021,96.3765857,,,,final,,,
food.faostat.agrifood-emissions-by-country,UKR,2022,83.6164891,,,,final,,,
food.faostat.agrifood-emissions-by-country,UKR,2023,81.0492621,,,,final,,,
food.faostat.agrifood-emissions-by-country,URY,1990,26.332625,,,,final,,,
food.faostat.agrifood-emissions-by-country,URY,1991,27.5313882,,,,final,,,
food.faostat.agrifood-emissions-by-country,URY,1992,28.8397354,,,,final,,,
food.faostat.agrifood-emissions-by-country,URY,1993,29.7208508,,,,final,,,
food.faostat.agrifood-emissions-by-country,URY,1994,29.8926083,,,,final,,,
food.faostat.agrifood-emissions-by-country,URY,1995,29.7531095,,,,final,,,
food.faostat.agrifood-emissions-by-country,URY,1996,30.4121424,,,,final,,,
food.faostat.agrifood-emissions-by-country,URY,1997,29.9496236,,,,final,,,
food.faostat.agrifood-emissions-by-country,URY,1998,29.3054536,,,,final,,,
food.faostat.agrifood-emissions-by-country,URY,1999,29.4594782,,,,final,,,
food.faostat.agrifood-emissions-by-country,URY,2000,28.6823317,,,,final,,,
food.faostat.agrifood-emissions-by-country,URY,2001,28.711077,,,,final,,,
food.faostat.agrifood-emissions-by-country,URY,2002,29.492495,,,,final,,,
food.faostat.agrifood-emissions-by-country,URY,2003,30.4166649,,,,final,,,
food.faostat.agrifood-emissions-by-country,URY,2004,31.4181727,,,,final,,,
food.faostat.agrifood-emissions-by-country,URY,2005,31.6684447,,,,final,,,
food.faostat.agrifood-emissions-by-country,URY,2006,33.0799413,,,,final,,,
food.faostat.agrifood-emissions-by-country,URY,2007,32.386921,,,,final,,,
food.faostat.agrifood-emissions-by-country,URY,2008,33.3422015,,,,final,,,
food.faostat.agrifood-emissions-by-country,URY,2009,32.7514004,,,,final,,,
food.faostat.agrifood-emissions-by-country,URY,2010,31.3044274,,,,final,,,
food.faostat.agrifood-emissions-by-country,URY,2011,31.735875,,,,final,,,
food.faostat.agrifood-emissions-by-country,URY,2012,31.7419195,,,,final,,,
food.faostat.agrifood-emissions-by-country,URY,2013,31.514181,,,,final,,,
food.faostat.agrifood-emissions-by-country,URY,2014,31.8246096,,,,final,,,
food.faostat.agrifood-emissions-by-country,URY,2015,31.3764232,,,,final,,,
food.faostat.agrifood-emissions-by-country,URY,2016,31.6799986,,,,final,,,
food.faostat.agrifood-emissions-by-country,URY,2017,31.2741147,,,,final,,,
food.faostat.agrifood-emissions-by-country,URY,2018,30.5746197,,,,final,,,
food.faostat.agrifood-emissions-by-country,URY,2019,30.492329,,,,final,,,
food.faostat.agrifood-emissions-by-country,URY,2020,30.0967889,,,,final,,,
food.faostat.agrifood-emissions-by-country,URY,2021,31.6632702,,,,final,,,
food.faostat.agrifood-emissions-by-country,URY,2022,31.092427,,,,final,,,
food.faostat.agrifood-emissions-by-country,URY,2023,31.3989864,,,,final,,,
food.faostat.agrifood-emissions-by-country,USA,1990,928.2538194,,,,final,,,
food.faostat.agrifood-emissions-by-country,USA,1991,938.5152868,,,,final,,,
food.faostat.agrifood-emissions-by-country,USA,1992,934.5612557,,,,final,,,
food.faostat.agrifood-emissions-by-country,USA,1993,930.8970181,,,,final,,,
food.faostat.agrifood-emissions-by-country,USA,1994,943.5740347,,,,final,,,
food.faostat.agrifood-emissions-by-country,USA,1995,1010.0649087,,,,final,,,
food.faostat.agrifood-emissions-by-country,USA,1996,1028.1280482,,,,final,,,
food.faostat.agrifood-emissions-by-country,USA,1997,1056.0548513,,,,final,,,
food.faostat.agrifood-emissions-by-country,USA,1998,1041.6753864,,,,final,,,
food.faostat.agrifood-emissions-by-country,USA,1999,1037.3431675,,,,final,,,
food.faostat.agrifood-emissions-by-country,USA,2000,1052.2667295,,,,final,,,
food.faostat.agrifood-emissions-by-country,USA,2001,1003.4268305,,,,final,,,
food.faostat.agrifood-emissions-by-country,USA,2002,1001.9613158,,,,final,,,
food.faostat.agrifood-emissions-by-country,USA,2003,1009.254535,,,,final,,,
food.faostat.agrifood-emissions-by-country,USA,2004,1022.5512693,,,,final,,,
food.faostat.agrifood-emissions-by-country,USA,2005,1027.9057548,,,,final,,,
food.faostat.agrifood-emissions-by-country,USA,2006,1037.7558637,,,,final,,,
food.faostat.agrifood-emissions-by-country,USA,2007,1041.1496404,,,,final,,,
food.faostat.agrifood-emissions-by-country,USA,2008,1033.2427597,,,,final,,,
food.faostat.agrifood-emissions-by-country,USA,2009,1004.8289393,,,,final,,,
food.faostat.agrifood-emissions-by-country,USA,2010,1020.2984769,,,,final,,,
food.faostat.agrifood-emissions-by-country,USA,2011,1000.9935787,,,,final,,,
food.faostat.agrifood-emissions-by-country,USA,2012,973.0246747,,,,final,,,
food.faostat.agrifood-emissions-by-country,USA,2013,996.3594252,,,,final,,,
food.faostat.agrifood-emissions-by-country,USA,2014,1002.0528804,,,,final,,,
food.faostat.agrifood-emissions-by-country,USA,2015,993.225486,,,,final,,,
food.faostat.agrifood-emissions-by-country,USA,2016,1102.8678163,,,,final,,,
food.faostat.agrifood-emissions-by-country,USA,2017,1098.0999969,,,,final,,,
food.faostat.agrifood-emissions-by-country,USA,2018,1114.7048752,,,,final,,,
food.faostat.agrifood-emissions-by-country,USA,2019,1109.5247236,,,,final,,,
food.faostat.agrifood-emissions-by-country,USA,2020,1099.6701552,,,,final,,,
food.faostat.agrifood-emissions-by-country,USA,2021,1029.9987178,,,,final,,,
food.faostat.agrifood-emissions-by-country,USA,2022,1034.4734714,,,,final,,,
food.faostat.agrifood-emissions-by-country,USA,2023,1033.5927656,,,,final,,,
food.faostat.agrifood-emissions-by-country,UZB,1992,37.0203974,,,,final,,,
food.faostat.agrifood-emissions-by-country,UZB,1993,36.8111774,,,,final,,,
food.faostat.agrifood-emissions-by-country,UZB,1994,34.4846402,,,,final,,,
food.faostat.agrifood-emissions-by-country,UZB,1995,41.8700003,,,,final,,,
food.faostat.agrifood-emissions-by-country,UZB,1996,47.5419048,,,,final,,,
food.faostat.agrifood-emissions-by-country,UZB,1997,47.4295153,,,,final,,,
food.faostat.agrifood-emissions-by-country,UZB,1998,48.7690162,,,,final,,,
food.faostat.agrifood-emissions-by-country,UZB,1999,49.1124958,,,,final,,,
food.faostat.agrifood-emissions-by-country,UZB,2000,48.2343242,,,,final,,,
food.faostat.agrifood-emissions-by-country,UZB,2001,48.4773278,,,,final,,,
food.faostat.agrifood-emissions-by-country,UZB,2002,49.5157017,,,,final,,,
food.faostat.agrifood-emissions-by-country,UZB,2003,49.9166298,,,,final,,,
food.faostat.agrifood-emissions-by-country,UZB,2004,49.4359275,,,,final,,,
food.faostat.agrifood-emissions-by-country,UZB,2005,48.8215538,,,,final,,,
food.faostat.agrifood-emissions-by-country,UZB,2006,51.0758718,,,,final,,,
food.faostat.agrifood-emissions-by-country,UZB,2007,51.7027992,,,,final,,,
food.faostat.agrifood-emissions-by-country,UZB,2008,52.5607029,,,,final,,,
food.faostat.agrifood-emissions-by-country,UZB,2009,53.0684173,,,,final,,,
food.faostat.agrifood-emissions-by-country,UZB,2010,54.0004802,,,,final,,,
food.faostat.agrifood-emissions-by-country,UZB,2011,56.574164,,,,final,,,
food.faostat.agrifood-emissions-by-country,UZB,2012,58.5756048,,,,final,,,
food.faostat.agrifood-emissions-by-country,UZB,2013,58.3624458,,,,final,,,
food.faostat.agrifood-emissions-by-country,UZB,2014,59.7389526,,,,final,,,
food.faostat.agrifood-emissions-by-country,UZB,2015,59.3875667,,,,final,,,
food.faostat.agrifood-emissions-by-country,UZB,2016,62.222975,,,,final,,,
food.faostat.agrifood-emissions-by-country,UZB,2017,57.2854275,,,,final,,,
food.faostat.agrifood-emissions-by-country,UZB,2018,63.2810466,,,,final,,,
food.faostat.agrifood-emissions-by-country,UZB,2019,64.3967828,,,,final,,,
food.faostat.agrifood-emissions-by-country,UZB,2020,63.3513336,,,,final,,,
food.faostat.agrifood-emissions-by-country,UZB,2021,70.8387838,,,,final,,,
food.faostat.agrifood-emissions-by-country,UZB,2022,68.7508391,,,,final,,,
food.faostat.agrifood-emissions-by-country,UZB,2023,70.2857936,,,,final,,,
food.faostat.agrifood-emissions-by-country,VAT,1990,7.82e-05,,,,final,,,
food.faostat.agrifood-emissions-by-country,VAT,1991,7.73e-05,,,,final,,,
food.faostat.agrifood-emissions-by-country,VAT,1992,7.49e-05,,,,final,,,
food.faostat.agrifood-emissions-by-country,VAT,1993,6.38e-05,,,,final,,,
food.faostat.agrifood-emissions-by-country,VAT,1994,7.35e-05,,,,final,,,
food.faostat.agrifood-emissions-by-country,VAT,1995,4.17e-05,,,,final,,,
food.faostat.agrifood-emissions-by-country,VAT,1996,4.72e-05,,,,final,,,
food.faostat.agrifood-emissions-by-country,VAT,1997,4.4e-05,,,,final,,,
food.faostat.agrifood-emissions-by-country,VAT,1998,5.27e-05,,,,final,,,
food.faostat.agrifood-emissions-by-country,VAT,1999,5.92e-05,,,,final,,,
food.faostat.agrifood-emissions-by-country,VAT,2000,5.85e-05,,,,final,,,
food.faostat.agrifood-emissions-by-country,VAT,2001,6.76e-05,,,,final,,,
food.faostat.agrifood-emissions-by-country,VAT,2002,7.41e-05,,,,final,,,
food.faostat.agrifood-emissions-by-country,VAT,2003,7.65e-05,,,,final,,,
food.faostat.agrifood-emissions-by-country,VAT,2004,8.17e-05,,,,final,,,
food.faostat.agrifood-emissions-by-country,VAT,2005,8.29e-05,,,,final,,,
food.faostat.agrifood-emissions-by-country,VAT,2006,8.42e-05,,,,final,,,
food.faostat.agrifood-emissions-by-country,VAT,2007,8.78e-05,,,,final,,,
food.faostat.agrifood-emissions-by-country,VAT,2008,9.35e-05,,,,final,,,
food.faostat.agrifood-emissions-by-country,VAT,2009,0.0001032,,,,final,,,
food.faostat.agrifood-emissions-by-country,VAT,2010,0.0001101,,,,final,,,
food.faostat.agrifood-emissions-by-country,VAT,2011,0.0001122,,,,final,,,
food.faostat.agrifood-emissions-by-country,VAT,2012,0.0001181,,,,final,,,
food.faostat.agrifood-emissions-by-country,VAT,2013,0.0001218,,,,final,,,
food.faostat.agrifood-emissions-by-country,VAT,2014,0.0001264,,,,final,,,
food.faostat.agrifood-emissions-by-country,VAT,2015,0.0001417,,,,final,,,
food.faostat.agrifood-emissions-by-country,VAT,2016,0.0001449,,,,final,,,
food.faostat.agrifood-emissions-by-country,VAT,2017,0.0001548,,,,final,,,
food.faostat.agrifood-emissions-by-country,VAT,2018,0.0001577,,,,final,,,
food.faostat.agrifood-emissions-by-country,VAT,2019,0.0001597,,,,final,,,
food.faostat.agrifood-emissions-by-country,VAT,2020,0.0001626,,,,final,,,
food.faostat.agrifood-emissions-by-country,VAT,2021,0.0001607,,,,final,,,
food.faostat.agrifood-emissions-by-country,VAT,2022,0.0001607,,,,final,,,
food.faostat.agrifood-emissions-by-country,VAT,2023,0.0001607,,,,final,,,
food.faostat.agrifood-emissions-by-country,VCT,1990,0.0963916,,,,final,,,
food.faostat.agrifood-emissions-by-country,VCT,1991,0.0961881,,,,final,,,
food.faostat.agrifood-emissions-by-country,VCT,1992,0.0997608,,,,final,,,
food.faostat.agrifood-emissions-by-country,VCT,1993,0.1047866,,,,final,,,
food.faostat.agrifood-emissions-by-country,VCT,1994,0.1069705,,,,final,,,
food.faostat.agrifood-emissions-by-country,VCT,1995,0.1097204,,,,final,,,
food.faostat.agrifood-emissions-by-country,VCT,1996,0.1114528,,,,final,,,
food.faostat.agrifood-emissions-by-country,VCT,1997,0.1136261,,,,final,,,
food.faostat.agrifood-emissions-by-country,VCT,1998,0.1138578,,,,final,,,
food.faostat.agrifood-emissions-by-country,VCT,1999,0.1113791,,,,final,,,
food.faostat.agrifood-emissions-by-country,VCT,2000,0.1104838,,,,final,,,
food.faostat.agrifood-emissions-by-country,VCT,2001,0.0916364,,,,final,,,
food.faostat.agrifood-emissions-by-country,VCT,2002,0.0899505,,,,final,,,
food.faostat.agrifood-emissions-by-country,VCT,2003,0.0863441,,,,final,,,
food.faostat.agrifood-emissions-by-country,VCT,2004,0.0862093,,,,final,,,
food.faostat.agrifood-emissions-by-country,VCT,2005,0.0947957,,,,final,,,
food.faostat.agrifood-emissions-by-country,VCT,2006,0.0892156,,,,final,,,
food.faostat.agrifood-emissions-by-country,VCT,2007,0.0945259,,,,final,,,
food.faostat.agrifood-emissions-by-country,VCT,2008,0.089362,,,,final,,,
food.faostat.agrifood-emissions-by-country,VCT,2009,0.0973629,,,,final,,,
food.faostat.agrifood-emissions-by-country,VCT,2010,0.0947034,,,,final,,,
food.faostat.agrifood-emissions-by-country,VCT,2011,0.1068963,,,,final,,,
food.faostat.agrifood-emissions-by-country,VCT,2012,0.1066611,,,,final,,,
food.faostat.agrifood-emissions-by-country,VCT,2013,0.1043358,,,,final,,,
food.faostat.agrifood-emissions-by-country,VCT,2014,0.1001262,,,,final,,,
food.faostat.agrifood-emissions-by-country,VCT,2015,0.1050706,,,,final,,,
food.faostat.agrifood-emissions-by-country,VCT,2016,0.1102852,,,,final,,,
food.faostat.agrifood-emissions-by-country,VCT,2017,0.1054927,,,,final,,,
food.faostat.agrifood-emissions-by-country,VCT,2018,0.1068094,,,,final,,,
food.faostat.agrifood-emissions-by-country,VCT,2019,0.104256,,,,final,,,
food.faostat.agrifood-emissions-by-country,VCT,2020,0.1080601,,,,final,,,
food.faostat.agrifood-emissions-by-country,VCT,2021,0.0957706,,,,final,,,
food.faostat.agrifood-emissions-by-country,VCT,2022,0.0983373,,,,final,,,
food.faostat.agrifood-emissions-by-country,VCT,2023,0.0969238,,,,final,,,
food.faostat.agrifood-emissions-by-country,VEN,1990,116.0126037,,,,final,,,
food.faostat.agrifood-emissions-by-country,VEN,1991,116.5801986,,,,final,,,
food.faostat.agrifood-emissions-by-country,VEN,1992,117.4729602,,,,final,,,
food.faostat.agrifood-emissions-by-country,VEN,1993,117.0288744,,,,final,,,
food.faostat.agrifood-emissions-by-country,VEN,1994,118.1325822,,,,final,,,
food.faostat.agrifood-emissions-by-country,VEN,1995,118.7028581,,,,final,,,
food.faostat.agrifood-emissions-by-country,VEN,1996,118.712231,,,,final,,,
food.faostat.agrifood-emissions-by-country,VEN,1997,119.428101,,,,final,,,
food.faostat.agrifood-emissions-by-country,VEN,1998,124.1678822,,,,final,,,
food.faostat.agrifood-emissions-by-country,VEN,1999,123.6434665,,,,final,,,
food.faostat.agrifood-emissions-by-country,VEN,2000,125.7272822,,,,final,,,
food.faostat.agrifood-emissions-by-country,VEN,2001,101.9552609,,,,final,,,
food.faostat.agrifood-emissions-by-country,VEN,2002,102.7810735,,,,final,,,
food.faostat.agrifood-emissions-by-country,VEN,2003,104.3888017,,,,final,,,
food.faostat.agrifood-emissions-by-country,VEN,2004,104.2858507,,,,final,,,
food.faostat.agrifood-emissions-by-country,VEN,2005,107.8849659,,,,final,,,
food.faostat.agrifood-emissions-by-country,VEN,2006,108.819979,,,,final,,,
food.faostat.agrifood-emissions-by-country,VEN,2007,111.5208337,,,,final,,,
food.faostat.agrifood-emissions-by-country,VEN,2008,112.0039635,,,,final,,,
food.faostat.agrifood-emissions-by-country,VEN,2009,110.6459441,,,,final,,,
food.faostat.agrifood-emissions-by-country,VEN,2010,105.3112725,,,,final,,,
food.faostat.agrifood-emissions-by-country,VEN,2011,110.1524753,,,,final,,,
food.faostat.agrifood-emissions-by-country,VEN,2012,117.3368689,,,,final,,,
food.faostat.agrifood-emissions-by-country,VEN,2013,117.1373666,,,,final,,,
food.faostat.agrifood-emissions-by-country,VEN,2014,118.1522048,,,,final,,,
food.faostat.agrifood-emissions-by-country,VEN,2015,115.3636832,,,,final,,,
food.faostat.agrifood-emissions-by-country,VEN,2016,115.650268,,,,final,,,
food.faostat.agrifood-emissions-by-country,VEN,2017,113.5863421,,,,final,,,
food.faostat.agrifood-emissions-by-country,VEN,2018,113.299474,,,,final,,,
food.faostat.agrifood-emissions-by-country,VEN,2019,112.411842,,,,final,,,
food.faostat.agrifood-emissions-by-country,VEN,2020,112.2097731,,,,final,,,
food.faostat.agrifood-emissions-by-country,VEN,2021,84.6502631,,,,final,,,
food.faostat.agrifood-emissions-by-country,VEN,2022,87.3075426,,,,final,,,
food.faostat.agrifood-emissions-by-country,VEN,2023,87.0687577,,,,final,,,
food.faostat.agrifood-emissions-by-country,VGB,1990,0.0038116,,,,final,,,
food.faostat.agrifood-emissions-by-country,VGB,1991,0.0038452,,,,final,,,
food.faostat.agrifood-emissions-by-country,VGB,1992,0.004276,,,,final,,,
food.faostat.agrifood-emissions-by-country,VGB,1993,0.0036349,,,,final,,,
food.faostat.agrifood-emissions-by-country,VGB,1994,0.0037268,,,,final,,,
food.faostat.agrifood-emissions-by-country,VGB,1995,0.0039026,,,,final,,,
food.faostat.agrifood-emissions-by-country,VGB,1996,0.0047915,,,,final,,,
food.faostat.agrifood-emissions-by-country,VGB,1997,0.0049673,,,,final,,,
food.faostat.agrifood-emissions-by-country,VGB,1998,0.0056731,,,,final,,,
food.faostat.agrifood-emissions-by-country,VGB,1999,0.0061039,,,,final,,,
food.faostat.agrifood-emissions-by-country,VGB,2000,0.0066986,,,,final,,,
food.faostat.agrifood-emissions-by-country,VGB,2001,0.0068269,,,,final,,,
food.faostat.agrifood-emissions-by-country,VGB,2002,0.0075615,,,,final,,,
food.faostat.agrifood-emissions-by-country,VGB,2003,0.0082348,,,,final,,,
food.faostat.agrifood-emissions-by-country,VGB,2004,0.0089454,,,,final,,,
food.faostat.agrifood-emissions-by-country,VGB,2005,0.0094836,,,,final,,,
food.faostat.agrifood-emissions-by-country,VGB,2006,0.0101069,,,,final,,,
food.faostat.agrifood-emissions-by-country,VGB,2007,0.0105582,,,,final,,,
food.faostat.agrifood-emissions-by-country,VGB,2008,0.010918,,,,final,,,
food.faostat.agrifood-emissions-by-country,VGB,2009,0.0113231,,,,final,,,
food.faostat.agrifood-emissions-by-country,VGB,2010,0.0114372,,,,final,,,
food.faostat.agrifood-emissions-by-country,VGB,2011,0.0138824,,,,final,,,
food.faostat.agrifood-emissions-by-country,VGB,2012,0.0137874,,,,final,,,
food.faostat.agrifood-emissions-by-country,VGB,2013,0.0141413,,,,final,,,
food.faostat.agrifood-emissions-by-country,VGB,2014,0.012811,,,,final,,,
food.faostat.agrifood-emissions-by-country,VGB,2015,0.0133144,,,,final,,,
food.faostat.agrifood-emissions-by-country,VGB,2016,0.0131367,,,,final,,,
food.faostat.agrifood-emissions-by-country,VGB,2017,0.0129011,,,,final,,,
food.faostat.agrifood-emissions-by-country,VGB,2018,0.0136211,,,,final,,,
food.faostat.agrifood-emissions-by-country,VGB,2019,0.0145346,,,,final,,,
food.faostat.agrifood-emissions-by-country,VGB,2020,0.0152715,,,,final,,,
food.faostat.agrifood-emissions-by-country,VGB,2021,0.0165138,,,,final,,,
food.faostat.agrifood-emissions-by-country,VGB,2022,0.0165774,,,,final,,,
food.faostat.agrifood-emissions-by-country,VGB,2023,0.0166965,,,,final,,,
food.faostat.agrifood-emissions-by-country,VIR,1990,0.0181102,,,,final,,,
food.faostat.agrifood-emissions-by-country,VIR,1991,0.0182485,,,,final,,,
food.faostat.agrifood-emissions-by-country,VIR,1992,0.0183649,,,,final,,,
food.faostat.agrifood-emissions-by-country,VIR,1993,0.0147651,,,,final,,,
food.faostat.agrifood-emissions-by-country,VIR,1994,0.015028,,,,final,,,
food.faostat.agrifood-emissions-by-country,VIR,1995,0.0160838,,,,final,,,
food.faostat.agrifood-emissions-by-country,VIR,1996,0.0168402,,,,final,,,
food.faostat.agrifood-emissions-by-country,VIR,1997,0.0178161,,,,final,,,
food.faostat.agrifood-emissions-by-country,VIR,1998,0.0153065,,,,final,,,
food.faostat.agrifood-emissions-by-country,VIR,1999,0.0173451,,,,final,,,
food.faostat.agrifood-emissions-by-country,VIR,2000,0.0200715,,,,final,,,
food.faostat.agrifood-emissions-by-country,VIR,2001,0.0198656,,,,final,,,
food.faostat.agrifood-emissions-by-country,VIR,2002,0.0816795,,,,final,,,
food.faostat.agrifood-emissions-by-country,VIR,2003,0.1074242,,,,final,,,
food.faostat.agrifood-emissions-by-country,VIR,2004,0.1255131,,,,final,,,
food.faostat.agrifood-emissions-by-country,VIR,2005,0.1389562,,,,final,,,
food.faostat.agrifood-emissions-by-country,VIR,2006,0.1469582,,,,final,,,
food.faostat.agrifood-emissions-by-country,VIR,2007,0.1522737,,,,final,,,
food.faostat.agrifood-emissions-by-country,VIR,2008,0.155669,,,,final,,,
food.faostat.agrifood-emissions-by-country,VIR,2009,0.158005,,,,final,,,
food.faostat.agrifood-emissions-by-country,VIR,2010,0.1590428,,,,final,,,
food.faostat.agrifood-emissions-by-country,VIR,2011,0.1547916,,,,final,,,
food.faostat.agrifood-emissions-by-country,VIR,2012,0.1558512,,,,final,,,
food.faostat.agrifood-emissions-by-country,VIR,2013,0.1564591,,,,final,,,
food.faostat.agrifood-emissions-by-country,VIR,2014,0.1578179,,,,final,,,
food.faostat.agrifood-emissions-by-country,VIR,2015,0.1593284,,,,final,,,
food.faostat.agrifood-emissions-by-country,VIR,2016,0.1618106,,,,final,,,
food.faostat.agrifood-emissions-by-country,VIR,2017,0.1646623,,,,final,,,
food.faostat.agrifood-emissions-by-country,VIR,2018,0.1674755,,,,final,,,
food.faostat.agrifood-emissions-by-country,VIR,2019,0.1701705,,,,final,,,
food.faostat.agrifood-emissions-by-country,VIR,2020,0.1729375,,,,final,,,
food.faostat.agrifood-emissions-by-country,VIR,2021,0.17607,,,,final,,,
food.faostat.agrifood-emissions-by-country,VIR,2022,0.17628,,,,final,,,
food.faostat.agrifood-emissions-by-country,VIR,2023,0.1554652,,,,final,,,
food.faostat.agrifood-emissions-by-country,VNM,1990,66.767665,,,,final,,,
food.faostat.agrifood-emissions-by-country,VNM,1991,68.9023102,,,,final,,,
food.faostat.agrifood-emissions-by-country,VNM,1992,70.1486609,,,,final,,,
food.faostat.agrifood-emissions-by-country,VNM,1993,70.1986701,,,,final,,,
food.faostat.agrifood-emissions-by-country,VNM,1994,73.2871325,,,,final,,,
food.faostat.agrifood-emissions-by-country,VNM,1995,75.0061584,,,,final,,,
food.faostat.agrifood-emissions-by-country,VNM,1996,78.5287999,,,,final,,,
food.faostat.agrifood-emissions-by-country,VNM,1997,80.1118328,,,,final,,,
food.faostat.agrifood-emissions-by-country,VNM,1998,82.2692739,,,,final,,,
food.faostat.agrifood-emissions-by-country,VNM,1999,84.5413154,,,,final,,,
food.faostat.agrifood-emissions-by-country,VNM,2000,86.220216,,,,final,,,
food.faostat.agrifood-emissions-by-country,VNM,2001,84.512204,,,,final,,,
food.faostat.agrifood-emissions-by-country,VNM,2002,89.9385205,,,,final,,,
food.faostat.agrifood-emissions-by-country,VNM,2003,89.8882132,,,,final,,,
food.faostat.agrifood-emissions-by-country,VNM,2004,96.7406052,,,,final,,,
food.faostat.agrifood-emissions-by-country,VNM,2005,97.9379604,,,,final,,,
food.faostat.agrifood-emissions-by-country,VNM,2006,95.9772156,,,,final,,,
food.faostat.agrifood-emissions-by-country,VNM,2007,98.5686151,,,,final,,,
food.faostat.agrifood-emissions-by-country,VNM,2008,97.0745033,,,,final,,,
food.faostat.agrifood-emissions-by-country,VNM,2009,103.0012159,,,,final,,,
food.faostat.agrifood-emissions-by-country,VNM,2010,103.0174662,,,,final,,,
food.faostat.agrifood-emissions-by-country,VNM,2011,101.5673164,,,,final,,,
food.faostat.agrifood-emissions-by-country,VNM,2012,102.9262389,,,,final,,,
food.faostat.agrifood-emissions-by-country,VNM,2013,113.6522948,,,,final,,,
food.faostat.agrifood-emissions-by-country,VNM,2014,112.5100136,,,,final,,,
food.faostat.agrifood-emissions-by-country,VNM,2015,116.6102164,,,,final,,,
food.faostat.agrifood-emissions-by-country,VNM,2016,122.7932798,,,,final,,,
food.faostat.agrifood-emissions-by-country,VNM,2017,122.5083142,,,,final,,,
food.faostat.agrifood-emissions-by-country,VNM,2018,127.3589399,,,,final,,,
food.faostat.agrifood-emissions-by-country,VNM,2019,136.1975184,,,,final,,,
food.faostat.agrifood-emissions-by-country,VNM,2020,131.6086813,,,,final,,,
food.faostat.agrifood-emissions-by-country,VNM,2021,146.8281152,,,,final,,,
food.faostat.agrifood-emissions-by-country,VNM,2022,143.5430399,,,,final,,,
food.faostat.agrifood-emissions-by-country,VNM,2023,144.8659078,,,,final,,,
food.faostat.agrifood-emissions-by-country,VUT,1990,0.996873,,,,final,,,
food.faostat.agrifood-emissions-by-country,VUT,1991,1.0094618,,,,final,,,
food.faostat.agrifood-emissions-by-country,VUT,1992,1.0313751,,,,final,,,
food.faostat.agrifood-emissions-by-country,VUT,1993,1.0547498,,,,final,,,
food.faostat.agrifood-emissions-by-country,VUT,1994,1.0599162,,,,final,,,
food.faostat.agrifood-emissions-by-country,VUT,1995,1.0604682,,,,final,,,
food.faostat.agrifood-emissions-by-country,VUT,1996,1.0614986,,,,final,,,
food.faostat.agrifood-emissions-by-country,VUT,1997,1.0628116,,,,final,,,
food.faostat.agrifood-emissions-by-country,VUT,1998,1.0605256,,,,final,,,
food.faostat.agrifood-emissions-by-country,VUT,1999,1.0630103,,,,final,,,
food.faostat.agrifood-emissions-by-country,VUT,2000,1.0408665,,,,final,,,
food.faostat.agrifood-emissions-by-country,VUT,2001,1.0186554,,,,final,,,
food.faostat.agrifood-emissions-by-country,VUT,2002,1.0202975,,,,final,,,
food.faostat.agrifood-emissions-by-country,VUT,2003,1.0399925,,,,final,,,
food.faostat.agrifood-emissions-by-country,VUT,2004,1.0481857,,,,final,,,
food.faostat.agrifood-emissions-by-country,VUT,2005,1.0639089,,,,final,,,
food.faostat.agrifood-emissions-by-country,VUT,2006,1.0688847,,,,final,,,
food.faostat.agrifood-emissions-by-country,VUT,2007,1.1479652,,,,final,,,
food.faostat.agrifood-emissions-by-country,VUT,2008,1.1561947,,,,final,,,
food.faostat.agrifood-emissions-by-country,VUT,2009,1.1250174,,,,final,,,
food.faostat.agrifood-emissions-by-country,VUT,2010,1.1369266,,,,final,,,
food.faostat.agrifood-emissions-by-country,VUT,2011,1.1508777,,,,final,,,
food.faostat.agrifood-emissions-by-country,VUT,2012,1.1558306,,,,final,,,
food.faostat.agrifood-emissions-by-country,VUT,2013,1.1597388,,,,final,,,
food.faostat.agrifood-emissions-by-country,VUT,2014,1.1726876,,,,final,,,
food.faostat.agrifood-emissions-by-country,VUT,2015,1.1214866,,,,final,,,
food.faostat.agrifood-emissions-by-country,VUT,2016,1.0273509,,,,final,,,
food.faostat.agrifood-emissions-by-country,VUT,2017,1.0003407,,,,final,,,
food.faostat.agrifood-emissions-by-country,VUT,2018,0.9751279,,,,final,,,
food.faostat.agrifood-emissions-by-country,VUT,2019,0.9724611,,,,final,,,
food.faostat.agrifood-emissions-by-country,VUT,2020,0.9818074,,,,final,,,
food.faostat.agrifood-emissions-by-country,VUT,2021,0.9875569,,,,final,,,
food.faostat.agrifood-emissions-by-country,VUT,2022,0.9907517,,,,final,,,
food.faostat.agrifood-emissions-by-country,VUT,2023,0.9993037,,,,final,,,
food.faostat.agrifood-emissions-by-country,WLD,1990,14762.8822038,,,,final,,,
food.faostat.agrifood-emissions-by-country,WLD,1991,14936.3939968,,,,final,,,
food.faostat.agrifood-emissions-by-country,WLD,1992,14853.1656975,,,,final,,,
food.faostat.agrifood-emissions-by-country,WLD,1993,14872.2729769,,,,final,,,
food.faostat.agrifood-emissions-by-country,WLD,1994,14970.0361438,,,,final,,,
food.faostat.agrifood-emissions-by-country,WLD,1995,15184.9521728,,,,final,,,
food.faostat.agrifood-emissions-by-country,WLD,1996,15114.0989143,,,,final,,,
food.faostat.agrifood-emissions-by-country,WLD,1997,16088.8151215,,,,final,,,
food.faostat.agrifood-emissions-by-country,WLD,1998,15454.3908558,,,,final,,,
food.faostat.agrifood-emissions-by-country,WLD,1999,15382.7908918,,,,final,,,
food.faostat.agrifood-emissions-by-country,WLD,2000,15430.068896,,,,final,,,
food.faostat.agrifood-emissions-by-country,WLD,2001,13614.7531515,,,,final,,,
food.faostat.agrifood-emissions-by-country,WLD,2002,14204.084798,,,,final,,,
food.faostat.agrifood-emissions-by-country,WLD,2003,14011.5918996,,,,final,,,
food.faostat.agrifood-emissions-by-country,WLD,2004,14657.2013878,,,,final,,,
food.faostat.agrifood-emissions-by-country,WLD,2005,14535.1299783,,,,final,,,
food.faostat.agrifood-emissions-by-country,WLD,2006,15112.0724062,,,,final,,,
food.faostat.agrifood-emissions-by-country,WLD,2007,14764.227808,,,,final,,,
food.faostat.agrifood-emissions-by-country,WLD,2008,14826.5924783,,,,final,,,
food.faostat.agrifood-emissions-by-country,WLD,2009,15231.2400587,,,,final,,,
food.faostat.agrifood-emissions-by-country,WLD,2010,15120.3919689,,,,final,,,
food.faostat.agrifood-emissions-by-country,WLD,2011,15283.7081155,,,,final,,,
food.faostat.agrifood-emissions-by-country,WLD,2012,15382.5330897,,,,final,,,
food.faostat.agrifood-emissions-by-country,WLD,2013,15515.71921,,,,final,,,
food.faostat.agrifood-emissions-by-country,WLD,2014,16004.3117166,,,,final,,,
food.faostat.agrifood-emissions-by-country,WLD,2015,16047.706303,,,,final,,,
food.faostat.agrifood-emissions-by-country,WLD,2016,15399.8444411,,,,final,,,
food.faostat.agrifood-emissions-by-country,WLD,2017,15484.7515159,,,,final,,,
food.faostat.agrifood-emissions-by-country,WLD,2018,15689.4456146,,,,final,,,
food.faostat.agrifood-emissions-by-country,WLD,2019,15996.6260981,,,,final,,,
food.faostat.agrifood-emissions-by-country,WLD,2020,15741.6020013,,,,final,,,
food.faostat.agrifood-emissions-by-country,WLD,2021,16053.0126429,,,,final,,,
food.faostat.agrifood-emissions-by-country,WLD,2022,16152.490613,,,,final,,,
food.faostat.agrifood-emissions-by-country,WLD,2023,16535.0723737,,,,final,,,
food.faostat.agrifood-emissions-by-country,WLF,1990,0.0245657,,,,final,,,
food.faostat.agrifood-emissions-by-country,WLF,1991,0.0245968,,,,final,,,
food.faostat.agrifood-emissions-by-country,WLF,1992,0.0246326,,,,final,,,
food.faostat.agrifood-emissions-by-country,WLF,1993,0.0246651,,,,final,,,
food.faostat.agrifood-emissions-by-country,WLF,1994,0.0247002,,,,final,,,
food.faostat.agrifood-emissions-by-country,WLF,1995,0.0247284,,,,final,,,
food.faostat.agrifood-emissions-by-country,WLF,1996,0.0247601,,,,final,,,
food.faostat.agrifood-emissions-by-country,WLF,1997,0.0247954,,,,final,,,
food.faostat.agrifood-emissions-by-country,WLF,1998,0.0248271,,,,final,,,
food.faostat.agrifood-emissions-by-country,WLF,1999,0.0248587,,,,final,,,
food.faostat.agrifood-emissions-by-country,WLF,2000,0.0248697,,,,final,,,
food.faostat.agrifood-emissions-by-country,WLF,2001,0.0012254,,,,final,,,
food.faostat.agrifood-emissions-by-country,WLF,2002,0.0012747,,,,final,,,
food.faostat.agrifood-emissions-by-country,WLF,2003,0.0012056,,,,final,,,
food.faostat.agrifood-emissions-by-country,WLF,2004,0.0012752,,,,final,,,
food.faostat.agrifood-emissions-by-country,WLF,2005,0.0012544,,,,final,,,
food.faostat.agrifood-emissions-by-country,WLF,2006,0.0012642,,,,final,,,
food.faostat.agrifood-emissions-by-country,WLF,2007,0.0012098,,,,final,,,
food.faostat.agrifood-emissions-by-country,WLF,2008,0.0010961,,,,final,,,
food.faostat.agrifood-emissions-by-country,WLF,2009,0.0011743,,,,final,,,
food.faostat.agrifood-emissions-by-country,WLF,2010,0.0011846,,,,final,,,
food.faostat.agrifood-emissions-by-country,WLF,2011,0.0033792,,,,final,,,
food.faostat.agrifood-emissions-by-country,WLF,2012,0.0033036,,,,final,,,
food.faostat.agrifood-emissions-by-country,WLF,2013,0.0032827,,,,final,,,
food.faostat.agrifood-emissions-by-country,WLF,2014,0.0032378,,,,final,,,
food.faostat.agrifood-emissions-by-country,WLF,2015,0.0032288,,,,final,,,
food.faostat.agrifood-emissions-by-country,WLF,2016,0.0032769,,,,final,,,
food.faostat.agrifood-emissions-by-country,WLF,2017,0.0032667,,,,final,,,
food.faostat.agrifood-emissions-by-country,WLF,2018,0.0032741,,,,final,,,
food.faostat.agrifood-emissions-by-country,WLF,2019,0.0032902,,,,final,,,
food.faostat.agrifood-emissions-by-country,WLF,2020,0.0032775,,,,final,,,
food.faostat.agrifood-emissions-by-country,WLF,2021,0.0025244,,,,final,,,
food.faostat.agrifood-emissions-by-country,WLF,2022,0.0025683,,,,final,,,
food.faostat.agrifood-emissions-by-country,WLF,2023,0.0025179,,,,final,,,
food.faostat.agrifood-emissions-by-country,WSM,1990,0.2539157,,,,final,,,
food.faostat.agrifood-emissions-by-country,WSM,1991,0.254851,,,,final,,,
food.faostat.agrifood-emissions-by-country,WSM,1992,0.2508337,,,,final,,,
food.faostat.agrifood-emissions-by-country,WSM,1993,0.2550875,,,,final,,,
food.faostat.agrifood-emissions-by-country,WSM,1994,0.2591049,,,,final,,,
food.faostat.agrifood-emissions-by-country,WSM,1995,0.2557049,,,,final,,,
food.faostat.agrifood-emissions-by-country,WSM,1996,0.2577687,,,,final,,,
food.faostat.agrifood-emissions-by-country,WSM,1997,0.2587746,,,,final,,,
food.faostat.agrifood-emissions-by-country,WSM,1998,0.2645184,,,,final,,,
food.faostat.agrifood-emissions-by-country,WSM,1999,0.2630316,,,,final,,,
food.faostat.agrifood-emissions-by-country,WSM,2000,0.2632319,,,,final,,,
food.faostat.agrifood-emissions-by-country,WSM,2001,0.2793907,,,,final,,,
food.faostat.agrifood-emissions-by-country,WSM,2002,0.2821578,,,,final,,,
food.faostat.agrifood-emissions-by-country,WSM,2003,0.285536,,,,final,,,
food.faostat.agrifood-emissions-by-country,WSM,2004,0.2872906,,,,final,,,
food.faostat.agrifood-emissions-by-country,WSM,2005,0.2895068,,,,final,,,
food.faostat.agrifood-emissions-by-country,WSM,2006,0.2887999,,,,final,,,
food.faostat.agrifood-emissions-by-country,WSM,2007,0.2821846,,,,final,,,
food.faostat.agrifood-emissions-by-country,WSM,2008,0.2780947,,,,final,,,
food.faostat.agrifood-emissions-by-country,WSM,2009,0.2881061,,,,final,,,
food.faostat.agrifood-emissions-by-country,WSM,2010,0.3083079,,,,final,,,
food.faostat.agrifood-emissions-by-country,WSM,2011,0.323232,,,,final,,,
food.faostat.agrifood-emissions-by-country,WSM,2012,0.3233789,,,,final,,,
food.faostat.agrifood-emissions-by-country,WSM,2013,0.3273325,,,,final,,,
food.faostat.agrifood-emissions-by-country,WSM,2014,0.3291627,,,,final,,,
food.faostat.agrifood-emissions-by-country,WSM,2015,0.3483783,,,,final,,,
food.faostat.agrifood-emissions-by-country,WSM,2016,0.3272588,,,,final,,,
food.faostat.agrifood-emissions-by-country,WSM,2017,0.3132022,,,,final,,,
food.faostat.agrifood-emissions-by-country,WSM,2018,0.2962171,,,,final,,,
food.faostat.agrifood-emissions-by-country,WSM,2019,0.2694945,,,,final,,,
food.faostat.agrifood-emissions-by-country,WSM,2020,0.2532393,,,,final,,,
food.faostat.agrifood-emissions-by-country,WSM,2021,0.2984476,,,,final,,,
food.faostat.agrifood-emissions-by-country,WSM,2022,0.2929005,,,,final,,,
food.faostat.agrifood-emissions-by-country,WSM,2023,0.2847358,,,,final,,,
food.faostat.agrifood-emissions-by-country,YEM,1990,7.6335611,,,,final,,,
food.faostat.agrifood-emissions-by-country,YEM,1991,8.6559535,,,,final,,,
food.faostat.agrifood-emissions-by-country,YEM,1992,9.2027594,,,,final,,,
food.faostat.agrifood-emissions-by-country,YEM,1993,8.4144006,,,,final,,,
food.faostat.agrifood-emissions-by-country,YEM,1994,8.6967025,,,,final,,,
food.faostat.agrifood-emissions-by-country,YEM,1995,9.6890805,,,,final,,,
food.faostat.agrifood-emissions-by-country,YEM,1996,8.9840492,,,,final,,,
food.faostat.agrifood-emissions-by-country,YEM,1997,9.6358257,,,,final,,,
food.faostat.agrifood-emissions-by-country,YEM,1998,10.2834718,,,,final,,,
food.faostat.agrifood-emissions-by-country,YEM,1999,10.6447785,,,,final,,,
food.faostat.agrifood-emissions-by-country,YEM,2000,11.4628267,,,,final,,,
food.faostat.agrifood-emissions-by-country,YEM,2001,12.3607367,,,,final,,,
food.faostat.agrifood-emissions-by-country,YEM,2002,13.0749486,,,,final,,,
food.faostat.agrifood-emissions-by-country,YEM,2003,14.3663551,,,,final,,,
food.faostat.agrifood-emissions-by-country,YEM,2004,15.0714194,,,,final,,,
food.faostat.agrifood-emissions-by-country,YEM,2005,15.5944361,,,,final,,,
food.faostat.agrifood-emissions-by-country,YEM,2006,16.1413042,,,,final,,,
food.faostat.agrifood-emissions-by-country,YEM,2007,16.9833542,,,,final,,,
food.faostat.agrifood-emissions-by-country,YEM,2008,17.5749603,,,,final,,,
food.faostat.agrifood-emissions-by-country,YEM,2009,16.0173311,,,,final,,,
food.faostat.agrifood-emissions-by-country,YEM,2010,15.9855539,,,,final,,,
food.faostat.agrifood-emissions-by-country,YEM,2011,15.6358828,,,,final,,,
food.faostat.agrifood-emissions-by-country,YEM,2012,15.6403921,,,,final,,,
food.faostat.agrifood-emissions-by-country,YEM,2013,17.010264,,,,final,,,
food.faostat.agrifood-emissions-by-country,YEM,2014,17.4567379,,,,final,,,
food.faostat.agrifood-emissions-by-country,YEM,2015,15.6716999,,,,final,,,
food.faostat.agrifood-emissions-by-country,YEM,2016,15.5657681,,,,final,,,
food.faostat.agrifood-emissions-by-country,YEM,2017,15.8337468,,,,final,,,
food.faostat.agrifood-emissions-by-country,YEM,2018,16.0814136,,,,final,,,
food.faostat.agrifood-emissions-by-country,YEM,2019,17.4113221,,,,final,,,
food.faostat.agrifood-emissions-by-country,YEM,2020,17.6128676,,,,final,,,
food.faostat.agrifood-emissions-by-country,YEM,2021,18.2114686,,,,final,,,
food.faostat.agrifood-emissions-by-country,YEM,2022,18.2388381,,,,final,,,
food.faostat.agrifood-emissions-by-country,YEM,2023,18.0825973,,,,final,,,
food.faostat.agrifood-emissions-by-country,ZAF,1990,57.9810205,,,,final,,,
food.faostat.agrifood-emissions-by-country,ZAF,1991,58.771954,,,,final,,,
food.faostat.agrifood-emissions-by-country,ZAF,1992,58.3331061,,,,final,,,
food.faostat.agrifood-emissions-by-country,ZAF,1993,58.0153877,,,,final,,,
food.faostat.agrifood-emissions-by-country,ZAF,1994,59.8898442,,,,final,,,
food.faostat.agrifood-emissions-by-country,ZAF,1995,61.309871,,,,final,,,
food.faostat.agrifood-emissions-by-country,ZAF,1996,63.8649696,,,,final,,,
food.faostat.agrifood-emissions-by-country,ZAF,1997,65.0381484,,,,final,,,
food.faostat.agrifood-emissions-by-country,ZAF,1998,67.9692478,,,,final,,,
food.faostat.agrifood-emissions-by-country,ZAF,1999,66.8760584,,,,final,,,
food.faostat.agrifood-emissions-by-country,ZAF,2000,65.6811765,,,,final,,,
food.faostat.agrifood-emissions-by-country,ZAF,2001,66.3396141,,,,final,,,
food.faostat.agrifood-emissions-by-country,ZAF,2002,67.736463,,,,final,,,
food.faostat.agrifood-emissions-by-country,ZAF,2003,68.2217404,,,,final,,,
food.faostat.agrifood-emissions-by-country,ZAF,2004,70.757179,,,,final,,,
food.faostat.agrifood-emissions-by-country,ZAF,2005,73.5127352,,,,final,,,
food.faostat.agrifood-emissions-by-country,ZAF,2006,73.2535484,,,,final,,,
food.faostat.agrifood-emissions-by-country,ZAF,2007,75.8325213,,,,final,,,
food.faostat.agrifood-emissions-by-country,ZAF,2008,78.8812913,,,,final,,,
food.faostat.agrifood-emissions-by-country,ZAF,2009,78.4851082,,,,final,,,
food.faostat.agrifood-emissions-by-country,ZAF,2010,81.5367024,,,,final,,,
food.faostat.agrifood-emissions-by-country,ZAF,2011,79.5976529,,,,final,,,
food.faostat.agrifood-emissions-by-country,ZAF,2012,82.9418696,,,,final,,,
food.faostat.agrifood-emissions-by-country,ZAF,2013,83.8674986,,,,final,,,
food.faostat.agrifood-emissions-by-country,ZAF,2014,85.0394958,,,,final,,,
food.faostat.agrifood-emissions-by-country,ZAF,2015,84.4328187,,,,final,,,
food.faostat.agrifood-emissions-by-country,ZAF,2016,86.2464854,,,,final,,,
food.faostat.agrifood-emissions-by-country,ZAF,2017,87.8967399,,,,final,,,
food.faostat.agrifood-emissions-by-country,ZAF,2018,86.1031892,,,,final,,,
food.faostat.agrifood-emissions-by-country,ZAF,2019,83.2292976,,,,final,,,
food.faostat.agrifood-emissions-by-country,ZAF,2020,81.3176325,,,,final,,,
food.faostat.agrifood-emissions-by-country,ZAF,2021,84.1748932,,,,final,,,
food.faostat.agrifood-emissions-by-country,ZAF,2022,81.1424165,,,,final,,,
food.faostat.agrifood-emissions-by-country,ZAF,2023,82.4044607,,,,final,,,
food.faostat.agrifood-emissions-by-country,ZMB,1990,56.628596,,,,final,,,
food.faostat.agrifood-emissions-by-country,ZMB,1991,56.837071,,,,final,,,
food.faostat.agrifood-emissions-by-country,ZMB,1992,56.9758276,,,,final,,,
food.faostat.agrifood-emissions-by-country,ZMB,1993,56.80216,,,,final,,,
food.faostat.agrifood-emissions-by-country,ZMB,1994,56.3912061,,,,final,,,
food.faostat.agrifood-emissions-by-country,ZMB,1995,56.1359007,,,,final,,,
food.faostat.agrifood-emissions-by-country,ZMB,1996,45.6801518,,,,final,,,
food.faostat.agrifood-emissions-by-country,ZMB,1997,45.7224237,,,,final,,,
food.faostat.agrifood-emissions-by-country,ZMB,1998,46.6883988,,,,final,,,
food.faostat.agrifood-emissions-by-country,ZMB,1999,45.5408456,,,,final,,,
food.faostat.agrifood-emissions-by-country,ZMB,2000,42.0889665,,,,final,,,
food.faostat.agrifood-emissions-by-country,ZMB,2001,48.28531,,,,final,,,
food.faostat.agrifood-emissions-by-country,ZMB,2002,51.7683823,,,,final,,,
food.faostat.agrifood-emissions-by-country,ZMB,2003,59.6569369,,,,final,,,
food.faostat.agrifood-emissions-by-country,ZMB,2004,61.2235285,,,,final,,,
food.faostat.agrifood-emissions-by-country,ZMB,2005,62.6206347,,,,final,,,
food.faostat.agrifood-emissions-by-country,ZMB,2006,55.5726091,,,,final,,,
food.faostat.agrifood-emissions-by-country,ZMB,2007,57.2232733,,,,final,,,
food.faostat.agrifood-emissions-by-country,ZMB,2008,60.6514688,,,,final,,,
food.faostat.agrifood-emissions-by-country,ZMB,2009,56.686967,,,,final,,,
food.faostat.agrifood-emissions-by-country,ZMB,2010,64.3398307,,,,final,,,
food.faostat.agrifood-emissions-by-country,ZMB,2011,79.3718634,,,,final,,,
food.faostat.agrifood-emissions-by-country,ZMB,2012,81.333506,,,,final,,,
food.faostat.agrifood-emissions-by-country,ZMB,2013,80.7723801,,,,final,,,
food.faostat.agrifood-emissions-by-country,ZMB,2014,80.1960731,,,,final,,,
food.faostat.agrifood-emissions-by-country,ZMB,2015,85.2440797,,,,final,,,
food.faostat.agrifood-emissions-by-country,ZMB,2016,72.5521877,,,,final,,,
food.faostat.agrifood-emissions-by-country,ZMB,2017,72.8429648,,,,final,,,
food.faostat.agrifood-emissions-by-country,ZMB,2018,69.8552201,,,,final,,,
food.faostat.agrifood-emissions-by-country,ZMB,2019,72.031869,,,,final,,,
food.faostat.agrifood-emissions-by-country,ZMB,2020,67.6421988,,,,final,,,
food.faostat.agrifood-emissions-by-country,ZMB,2021,67.306316,,,,final,,,
food.faostat.agrifood-emissions-by-country,ZMB,2022,67.7065738,,,,final,,,
food.faostat.agrifood-emissions-by-country,ZMB,2023,64.9510392,,,,final,,,
food.faostat.agrifood-emissions-by-country,ZWE,1990,50.0634555,,,,final,,,
food.faostat.agrifood-emissions-by-country,ZWE,1991,48.4097262,,,,final,,,
food.faostat.agrifood-emissions-by-country,ZWE,1992,49.2692636,,,,final,,,
food.faostat.agrifood-emissions-by-country,ZWE,1993,46.9918102,,,,final,,,
food.faostat.agrifood-emissions-by-country,ZWE,1994,47.6786339,,,,final,,,
food.faostat.agrifood-emissions-by-country,ZWE,1995,47.5332995,,,,final,,,
food.faostat.agrifood-emissions-by-country,ZWE,1996,50.019487,,,,final,,,
food.faostat.agrifood-emissions-by-country,ZWE,1997,49.7490587,,,,final,,,
food.faostat.agrifood-emissions-by-country,ZWE,1998,50.795141,,,,final,,,
food.faostat.agrifood-emissions-by-country,ZWE,1999,51.4677772,,,,final,,,
food.faostat.agrifood-emissions-by-country,ZWE,2000,50.3714237,,,,final,,,
food.faostat.agrifood-emissions-by-country,ZWE,2001,51.5291841,,,,final,,,
food.faostat.agrifood-emissions-by-country,ZWE,2002,49.3296528,,,,final,,,
food.faostat.agrifood-emissions-by-country,ZWE,2003,48.6679696,,,,final,,,
food.faostat.agrifood-emissions-by-country,ZWE,2004,50.2955176,,,,final,,,
food.faostat.agrifood-emissions-by-country,ZWE,2005,50.6488679,,,,final,,,
food.faostat.agrifood-emissions-by-country,ZWE,2006,51.3293438,,,,final,,,
food.faostat.agrifood-emissions-by-country,ZWE,2007,52.28817,,,,final,,,
food.faostat.agrifood-emissions-by-country,ZWE,2008,51.8458045,,,,final,,,
food.faostat.agrifood-emissions-by-country,ZWE,2009,53.8016929,,,,final,,,
food.faostat.agrifood-emissions-by-country,ZWE,2010,52.4725008,,,,final,,,
food.faostat.agrifood-emissions-by-country,ZWE,2011,36.9884989,,,,final,,,
food.faostat.agrifood-emissions-by-country,ZWE,2012,36.1406056,,,,final,,,
food.faostat.agrifood-emissions-by-country,ZWE,2013,35.5186336,,,,final,,,
food.faostat.agrifood-emissions-by-country,ZWE,2014,33.5804134,,,,final,,,
food.faostat.agrifood-emissions-by-country,ZWE,2015,35.0964952,,,,final,,,
food.faostat.agrifood-emissions-by-country,ZWE,2016,31.9197522,,,,final,,,
food.faostat.agrifood-emissions-by-country,ZWE,2017,32.3644884,,,,final,,,
food.faostat.agrifood-emissions-by-country,ZWE,2018,32.7217008,,,,final,,,
food.faostat.agrifood-emissions-by-country,ZWE,2019,32.3443873,,,,final,,,
food.faostat.agrifood-emissions-by-country,ZWE,2020,31.6799363,,,,final,,,
food.faostat.agrifood-emissions-by-country,ZWE,2021,32.6394846,,,,final,,,
food.faostat.agrifood-emissions-by-country,ZWE,2022,35.9404977,,,,final,,,
food.faostat.agrifood-emissions-by-country,ZWE,2023,35.9041794,,,,final,,,
