# 2025 climate pledges (NDCs): who has submitted, and what they contain
# Indicator: ndc.climate-watch.2025-ndc (vintage NDC Tracker retrieved 2026-10-05 (latest 2025 NDC dated 2026-09-08)); unit: 1 = yes, 0 = no, as coded by Climate Watch (yes-no)
# Source: World Resources Institute (Climate Watch) <https://www.climatewatchdata.org/>
# Credit: Adapted by Environment Dashboard from Climate Watch NDC Tracker. 2026. Washington, DC: World Resources Institute. Available online at: https://www.climatewatchdata.org/ndc-tracker. CC BY-NC 4.0. Changes: Climate Watch's yes/no labels coded as 1 and 0, with the labels kept as notes.
# Notice: NDC documents: UNFCCC. 2026. NDC Registry. Available at: https://unfccc.int/NDCREG. Climate Watch data shared under CC BY-NC 4.0, for non-commercial use only.
# Licence: CC BY-NC 4.0 (Climate Watch dataset metadata; the site-wide text says CC BY 4.0) <https://creativecommons.org/licenses/by-nc/4.0/>
# Provenance and processing: https://environmentdashboard.org/data/ndc/climate-watch/2025-ndc
indicator_id,entity,period,value,lower,upper,interval,status,note,missing_reason,age_bp,question
ndc.climate-watch.2025-ndc,AGO,2025-09-13,1.0,,,,final,Climate Watch: Submitted 2025 NDC. Document: Angola NDC 3.0 (https://unfccc.int/sites/default/files/2025-09/Angola%20NDC_September2025_Upload.pdf).,,,submitted
ndc.climate-watch.2025-ndc,AND,2025-02-05,1.0,,,,final,Climate Watch: Submitted 2025 NDC. Document: Andorra Third NDC (https://unfccc.int/sites/default/files/2025-02/NDC%203.0%20ANDORRA.pdf).,,,submitted
ndc.climate-watch.2025-ndc,ARE,2024-11-06,1.0,,,,final,Climate Watch: Submitted 2025 NDC. Document: The United Arab Emirates’ Third Nationally Determined Contribution (NDC 3.0) (https://unfccc.int/sites/default/files/2024-11/UAE-NDC3.0.pdf).,,,submitted
ndc.climate-watch.2025-ndc,ARM,2025-12-31,1.0,,,,final,Climate Watch: Submitted 2025 NDC. Document: Armenia NDC 3.0 (https://unfccc.int/sites/default/files/2026-01/Armenia%27s%20NDC%203.0.pdf).,,,submitted
ndc.climate-watch.2025-ndc,AUS,2025-09-18,1.0,,,,final,Climate Watch: Submitted 2025 NDC. Document: Australia’s second NDC (https://unfccc.int/sites/default/files/2025-09/Australias%20Second%20NDC.pdf).,,,submitted
ndc.climate-watch.2025-ndc,AUT,2025-11-05,1.0,,,,final,Climate Watch: Submitted 2025 NDC. Document: The nationally determined contribution of the European Union and its Member States (EU NDC) (https://unfccc.int/sites/default/files/2025-11/DK-2025-11-05%20EU%20NDC.pdf).,,,submitted
ndc.climate-watch.2025-ndc,AZE,2025-11-05,1.0,,,,final,Climate Watch: Submitted 2025 NDC. Document: Azerbaijan NDC 3.0 (https://unfccc.int/sites/default/files/2025-11/NDC%203.0%20Report_Azerbaijan.pdf).,,,submitted
ndc.climate-watch.2025-ndc,BDI,2025-11-10,1.0,,,,final,Climate Watch: Submitted 2025 NDC. Document: Burundi NDC 3.0 (https://unfccc.int/sites/default/files/2025-11/CDN3.0%20%20BURUNDI.pdf).,,,submitted
ndc.climate-watch.2025-ndc,BEL,2025-11-05,1.0,,,,final,Climate Watch: Submitted 2025 NDC. Document: The nationally determined contribution of the European Union and its Member States (EU NDC) (https://unfccc.int/sites/default/files/2025-11/DK-2025-11-05%20EU%20NDC.pdf).,,,submitted
ndc.climate-watch.2025-ndc,BEN,2026-06-02,1.0,,,,final,Climate Watch: Submitted 2025 NDC. Document: Benin NDC 3.0 (https://unfccc.int/sites/default/files/2026-06/CDN%203.0%20du%20B%C3%A9nin.pdf).,,,submitted
ndc.climate-watch.2025-ndc,BFA,2025-12-31,1.0,,,,final,Climate Watch: Submitted 2025 NDC. Document: Burkina Faso NDC 3.0 (https://unfccc.int/sites/default/files/2026-01/BKF-CDN%203.0_BURKINA%20FASO.pdf).,,,submitted
ndc.climate-watch.2025-ndc,BGD,2025-09-24,1.0,,,,final,Climate Watch: Submitted 2025 NDC. Document: Bangladesh NDC 3.0 (https://unfccc.int/sites/default/files/2025-09/Bangladesh%20Third%20Nationally%20Determined%20Contribution%20%28NDC%203.0%29.pdf).,,,submitted
ndc.climate-watch.2025-ndc,BGR,2025-11-05,1.0,,,,final,Climate Watch: Submitted 2025 NDC. Document: The nationally determined contribution of the European Union and its Member States (EU NDC) (https://unfccc.int/sites/default/files/2025-11/DK-2025-11-05%20EU%20NDC.pdf).,,,submitted
ndc.climate-watch.2025-ndc,BHR,2025-12-01,1.0,,,,final,Climate Watch: Submitted 2025 NDC. Document: Bahrain NDC 3.0 (https://unfccc.int/sites/default/files/2025-12/30112025_Bahrain_2025NDC3.0_vSubmitted.pdf).,,,submitted
ndc.climate-watch.2025-ndc,BHS,2025-11-07,1.0,,,,final,Climate Watch: Submitted 2025 NDC. Document: Bahamas NDC 3.0 (https://unfccc.int/sites/default/files/2025-11/The%20Bahamas%20NDC%203.0.pdf).,,,submitted
ndc.climate-watch.2025-ndc,BLR,2025-11-10,1.0,,,,final,Climate Watch: Submitted 2025 NDC. Document: Republic of Belarus NDC for 2026-2035 (https://unfccc.int/sites/default/files/2025-11/Republic%20of%20Belarus%20NDC%20for%202026-2035.pdf).,,,submitted
ndc.climate-watch.2025-ndc,BLZ,2025-06-14,1.0,,,,final,Climate Watch: Submitted 2025 NDC. Document: Belize NDC 3.0 Update (https://unfccc.int/sites/default/files/2025-06/BELIZE%20FINAL%20NDC%203.0.pdf).,,,submitted
ndc.climate-watch.2025-ndc,BOL,2025-09-29,1.0,,,,final,Climate Watch: Submitted 2025 NDC. Document: Bolivia (Plurinational State of) NDC 3.0 (https://unfccc.int/sites/default/files/2025-09/NDC%203.0%20BOLIVIA%20MMAYA.pdf).,,,submitted
ndc.climate-watch.2025-ndc,BRA,2024-11-13,1.0,,,,final,Climate Watch: Submitted 2025 NDC. Document: Brazil Second Nationally Determined Contribution (https://unfccc.int/sites/default/files/2024-11/Brazil_Second%20Nationally%20Determined%20Contribution%20%28NDC%29_November2024.pdf).,,,submitted
ndc.climate-watch.2025-ndc,BRB,2025-08-30,1.0,,,,final,Climate Watch: Submitted 2025 NDC. Document: Barbados 2025 Second Nationally Determined Contribution (https://unfccc.int/sites/default/files/2025-09/Barbados%20Second%20NDC.pdf).,,,submitted
ndc.climate-watch.2025-ndc,BRN,2025-10-28,1.0,,,,final,Climate Watch: Submitted 2025 NDC. Document: Brunei Darussalam NDC 3.0 (https://unfccc.int/sites/default/files/2025-10/%5BFinal%5D%20Brunei%20Darussalam%27s%20Nationally%20Determined%20Contribution%203.0.pdf).,,,submitted
ndc.climate-watch.2025-ndc,BTN,2025-11-10,1.0,,,,final,Climate Watch: Submitted 2025 NDC. Document: Bhutan's NDC 3.0 (Provisional) (https://unfccc.int/sites/default/files/2025-11/Third%20NDC%20%28Provisional%29_10%20November%202025.pdf).,,,submitted
ndc.climate-watch.2025-ndc,CAF,2026-03-09,1.0,,,,final,Climate Watch: Submitted 2025 NDC. Document: Central African Republic NDC 3.0 (https://unfccc.int/sites/default/files/2026-03/CDN%203.0%20CAR%202025.pdf).,,,submitted
ndc.climate-watch.2025-ndc,CAN,2025-02-12,1.0,,,,final,Climate Watch: Submitted 2025 NDC. Document: Canada's 2035 NDC (https://unfccc.int/sites/default/files/2025-02/Canada%27s%202035%20Nationally%20Determined%20Contribution_ENc.pdf).,,,submitted
ndc.climate-watch.2025-ndc,CHE,2025-01-29,1.0,,,,final,Climate Watch: Submitted 2025 NDC. Document: Switzerland second NDC 2031-2035 (https://unfccc.int/sites/default/files/2025-01/Switzerland%20second%20NDC%202031-2035.pdf).,,,submitted
ndc.climate-watch.2025-ndc,CHL,2025-09-23,1.0,,,,final,Climate Watch: Submitted 2025 NDC. Document: Chile NDC 2025 (https://unfccc.int/sites/default/files/2025-09/NDC-2025-220925%201.pdf).,,,submitted
ndc.climate-watch.2025-ndc,CHN,2025-11-03,1.0,,,,final,Climate Watch: Submitted 2025 NDC. Document: China’s 2035 National Determined Contributions (https://unfccc.int/sites/default/files/2025-11/2035%E5%B9%B4%E4%B8%AD%E5%9B%BD%E5%9B%BD%E5%AE%B6%E8%87%AA%E4%B8%BB%E8%B4%A1%E7%8C%AE%E6%8A%A5%E5%91%8A.pdf).,,,submitted
ndc.climate-watch.2025-ndc,CIV,2025-10-29,1.0,,,,final,Climate Watch: Submitted 2025 NDC. Document: Côte D'Ivoire NDC 3.0 (https://unfccc.int/sites/default/files/2025-10/CDN%203.0%20COTE%20D%27IVOIRE.pdf).,,,submitted
ndc.climate-watch.2025-ndc,CMR,2026-06-17,1.0,,,,final,Climate Watch: Submitted 2025 NDC. Document: Cameroon NDC 3.0 (https://unfccc.int/sites/default/files/2026-06/CDN%203.0%20CMR%20FINAL.pdf).,,,submitted
ndc.climate-watch.2025-ndc,COG,2026-02-12,1.0,,,,final,Climate Watch: Submitted 2025 NDC. Document: Congo NDC 3.0 (https://unfccc.int/sites/default/files/2026-02/CDN%203.0%20de%20la%20R%C3%A9publique%20du%20Congo%20version%20finale.pdf).,,,submitted
ndc.climate-watch.2025-ndc,COL,2025-12-19,1.0,,,,final,Climate Watch: Submitted 2025 NDC. Document: Colombia NDC 3.0 (https://unfccc.int/sites/default/files/2025-12/NDC%203.0%20Transformaciones%20para%20la%20Vida%20%28Colombia%29.pdf).,,,submitted
ndc.climate-watch.2025-ndc,COM,2026-03-30,1.0,,,,final,Climate Watch: Submitted 2025 NDC. Document: Comoros NDC 3.0 (https://unfccc.int/sites/default/files/2026-03/CDN3.0%20Comores..pdf).,,,submitted
ndc.climate-watch.2025-ndc,CPV,2025-11-01,1.0,,,,final,Climate Watch: Submitted 2025 NDC. Document: Cabo Verde NDC 3.0 (https://unfccc.int/sites/default/files/2025-11/NDC%203.0%20Cabo%20Verde.pdf).,,,submitted
ndc.climate-watch.2025-ndc,CRI,2025-11-14,1.0,,,,final,Climate Watch: Submitted 2025 NDC. Document: Costa Rica NDC 2025 - 2035 (https://unfccc.int/sites/default/files/2025-11/CND-2025-2035.pdf).,,,submitted
ndc.climate-watch.2025-ndc,CUB,2025-02-27,1.0,,,,final,Climate Watch: Submitted 2025 NDC. Document: Cuba NDC 3.0 (https://unfccc.int/sites/default/files/2025-02/REPUBLICA%20DE%20CUBA%20CND3.0.pdf).,,,submitted
ndc.climate-watch.2025-ndc,CYP,2025-11-05,1.0,,,,final,Climate Watch: Submitted 2025 NDC. Document: The nationally determined contribution of the European Union and its Member States (EU NDC) (https://unfccc.int/sites/default/files/2025-11/DK-2025-11-05%20EU%20NDC.pdf).,,,submitted
ndc.climate-watch.2025-ndc,CZE,2025-11-05,1.0,,,,final,Climate Watch: Submitted 2025 NDC. Document: The nationally determined contribution of the European Union and its Member States (EU NDC) (https://unfccc.int/sites/default/files/2025-11/DK-2025-11-05%20EU%20NDC.pdf).,,,submitted
ndc.climate-watch.2025-ndc,DEU,2025-11-05,1.0,,,,final,Climate Watch: Submitted 2025 NDC. Document: The nationally determined contribution of the European Union and its Member States (EU NDC) (https://unfccc.int/sites/default/files/2025-11/DK-2025-11-05%20EU%20NDC.pdf).,,,submitted
ndc.climate-watch.2025-ndc,DNK,2025-11-05,1.0,,,,final,Climate Watch: Submitted 2025 NDC. Document: The nationally determined contribution of the European Union and its Member States (EU NDC) (https://unfccc.int/sites/default/files/2025-11/DK-2025-11-05%20EU%20NDC.pdf).,,,submitted
ndc.climate-watch.2025-ndc,DOM,2026-06-09,1.0,,,,final,Climate Watch: Submitted 2025 NDC. Document: Dominican Republic NDC 3.0 (https://unfccc.int/sites/default/files/2026-06/NDC_3.0_Versio%CC%81n%20Final_1303_conAnexos_REV_2.pdf).,,,submitted
ndc.climate-watch.2025-ndc,DZA,2026-06-26,1.0,,,,final,Climate Watch: Submitted 2025 NDC. Document: Algeria NDC 3.0 (https://unfccc.int/sites/default/files/2026-06/CDN%20Algeria.pdf).,,,submitted
ndc.climate-watch.2025-ndc,ECU,2025-02-06,1.0,,,,final,Climate Watch: Submitted 2025 NDC. Document: Ecuador Second NDC (https://unfccc.int/sites/default/files/2025-02/Segunda%20NDC%20de%20Ecuador.pdf).,,,submitted
ndc.climate-watch.2025-ndc,ERI,2026-02-18,1.0,,,,final,Climate Watch: Submitted 2025 NDC. Document: Eritrea NDC 3.0 (https://unfccc.int/sites/default/files/2026-02/Eri-NDC3.0%2007112025.pdf).,,,submitted
ndc.climate-watch.2025-ndc,ESP,2025-11-05,1.0,,,,final,Climate Watch: Submitted 2025 NDC. Document: The nationally determined contribution of the European Union and its Member States (EU NDC) (https://unfccc.int/sites/default/files/2025-11/DK-2025-11-05%20EU%20NDC.pdf).,,,submitted
ndc.climate-watch.2025-ndc,EST,2025-11-05,1.0,,,,final,Climate Watch: Submitted 2025 NDC. Document: The nationally determined contribution of the European Union and its Member States (EU NDC) (https://unfccc.int/sites/default/files/2025-11/DK-2025-11-05%20EU%20NDC.pdf).,,,submitted
ndc.climate-watch.2025-ndc,ETH,2025-09-26,1.0,,,,final,Climate Watch: Submitted 2025 NDC. Document: Ethiopia NDC 3.0 (https://unfccc.int/sites/default/files/2025-09/Ethiopia%20NDC%203.0%20Final.pdf).,,,submitted
ndc.climate-watch.2025-ndc,EU27,2025-11-05,1.0,,,,final,Climate Watch: Submitted 2025 NDC. Document: The nationally determined contribution of the European Union and its Member States (EU NDC) (https://unfccc.int/sites/default/files/2025-11/DK-2025-11-05%20EU%20NDC.pdf).,,,submitted
ndc.climate-watch.2025-ndc,FIN,2025-11-05,1.0,,,,final,Climate Watch: Submitted 2025 NDC. Document: The nationally determined contribution of the European Union and its Member States (EU NDC) (https://unfccc.int/sites/default/files/2025-11/DK-2025-11-05%20EU%20NDC.pdf).,,,submitted
ndc.climate-watch.2025-ndc,FJI,2025-11-06,1.0,,,,final,Climate Watch: Submitted 2025 NDC. Document: Fiji NDC 3.0 (https://unfccc.int/sites/default/files/2025-11/Fiji%20NDC3.0_Final.pdf).,,,submitted
ndc.climate-watch.2025-ndc,FRA,2025-11-05,1.0,,,,final,Climate Watch: Submitted 2025 NDC. Document: The nationally determined contribution of the European Union and its Member States (EU NDC) (https://unfccc.int/sites/default/files/2025-11/DK-2025-11-05%20EU%20NDC.pdf).,,,submitted
ndc.climate-watch.2025-ndc,FSM,2025-09-24,1.0,,,,final,Climate Watch: Submitted 2025 NDC. Document: Federated States of Micronesia NDC 3.0 (https://unfccc.int/sites/default/files/2025-09/FSM%20NDC%203.0.pdf).,,,submitted
ndc.climate-watch.2025-ndc,GAB,2025-12-24,1.0,,,,final,Climate Watch: Submitted 2025 NDC. Document: Gabon NDC 3.0 (https://unfccc.int/sites/default/files/2025-12/NDC3.0_Gabon_5_11_2025-final%20version.pdf).,,,submitted
ndc.climate-watch.2025-ndc,GBR,2025-01-30,1.0,,,,final,Climate Watch: Submitted 2025 NDC. Document: The UK’s 2035 NDC ICTU (https://unfccc.int/sites/default/files/2025-01/UK%27s%202035%20NDC%20ICTU.pdf).,,,submitted
ndc.climate-watch.2025-ndc,GEO,2026-03-25,1.0,,,,final,Climate Watch: Submitted 2025 NDC. Document: Georgia NDC 3.0 (https://unfccc.int/sites/default/files/2026-03/NDC_3.0_Georgia_EN.pdf).,,,submitted
ndc.climate-watch.2025-ndc,GIN,2025-11-06,1.0,,,,final,Climate Watch: Submitted 2025 NDC. Document: Guinea NDC 3.0 (https://unfccc.int/sites/default/files/2025-11/CDN%203.0%20DE%20LA%20REPUBLIQUE%20DE%20GUINEE.pdf).,,,submitted
ndc.climate-watch.2025-ndc,GMB,2026-08-31,1.0,,,,final,Climate Watch: Submitted 2025 NDC. Document: Gambia NDC 3.0 (https://unfccc.int/sites/default/files/2026-08/The%20Gambia%20NDC%203.0%20-30%20AUG%202026.pdf).,,,submitted
ndc.climate-watch.2025-ndc,GRC,2025-11-05,1.0,,,,final,Climate Watch: Submitted 2025 NDC. Document: The nationally determined contribution of the European Union and its Member States (EU NDC) (https://unfccc.int/sites/default/files/2025-11/DK-2025-11-05%20EU%20NDC.pdf).,,,submitted
ndc.climate-watch.2025-ndc,GUY,2026-07-01,1.0,,,,final,Climate Watch: Submitted 2025 NDC. Document: Guyana NDC 3.0 (https://unfccc.int/sites/default/files/2026-07/Guyanas%20NDC%202025-2035.pdf).,,,submitted
ndc.climate-watch.2025-ndc,HND,2026-01-20,1.0,,,,final,Climate Watch: Submitted 2025 NDC. Document: Honduras NDC 3.0 (https://unfccc.int/sites/default/files/2026-01/HON%20NDC%203.0%202026%20Oficial.pdf).,,,submitted
ndc.climate-watch.2025-ndc,HRV,2025-11-05,1.0,,,,final,Climate Watch: Submitted 2025 NDC. Document: The nationally determined contribution of the European Union and its Member States (EU NDC) (https://unfccc.int/sites/default/files/2025-11/DK-2025-11-05%20EU%20NDC.pdf).,,,submitted
ndc.climate-watch.2025-ndc,HUN,2025-11-05,1.0,,,,final,Climate Watch: Submitted 2025 NDC. Document: The nationally determined contribution of the European Union and its Member States (EU NDC) (https://unfccc.int/sites/default/files/2025-11/DK-2025-11-05%20EU%20NDC.pdf).,,,submitted
ndc.climate-watch.2025-ndc,IDN,2025-10-27,1.0,,,,final,Climate Watch: Submitted 2025 NDC. Document: Republic Of Indonesia Second NDC (https://unfccc.int/sites/default/files/2025-10/Indonesia_Second%20NDC_2025.10.24.pdf).,,,submitted
ndc.climate-watch.2025-ndc,IND,2026-04-24,1.0,,,,final,Climate Watch: Submitted 2025 NDC. Document: India NDC (2031 - 2035) (https://unfccc.int/sites/default/files/2026-04/INDIA%20NDC%202031-35.pdf).,,,submitted
ndc.climate-watch.2025-ndc,IRL,2025-11-05,1.0,,,,final,Climate Watch: Submitted 2025 NDC. Document: The nationally determined contribution of the European Union and its Member States (EU NDC) (https://unfccc.int/sites/default/files/2025-11/DK-2025-11-05%20EU%20NDC.pdf).,,,submitted
ndc.climate-watch.2025-ndc,IRQ,2025-11-13,1.0,,,,final,Climate Watch: Submitted 2025 NDC. Document: Iraq NDC 3.0 (https://unfccc.int/sites/default/files/2025-11/%D9%88%D8%AB%D9%8A%D9%82%D8%A9%20%D8%A7%D9%84%D9%85%D8%B3%D8%A7%D9%87%D9%85%D8%A7%D8%AA%20%D8%A7%D9%84%D9%85%D8%AD%D8%AF%D8%AF%D8%A9%20%D9%88%D8%B7%D9%86%D9%8A%D8%A7%20-%202025.pdf).,,,submitted
ndc.climate-watch.2025-ndc,ISL,2025-09-30,1.0,,,,final,Climate Watch: Submitted 2025 NDC. Document: Iceland‘s NDC 2035 (https://unfccc.int/sites/default/files/2025-09/Iceland%27s%202035%20NDC.pdf).,,,submitted
ndc.climate-watch.2025-ndc,ITA,2025-11-05,1.0,,,,final,Climate Watch: Submitted 2025 NDC. Document: The nationally determined contribution of the European Union and its Member States (EU NDC) (https://unfccc.int/sites/default/files/2025-11/DK-2025-11-05%20EU%20NDC.pdf).,,,submitted
ndc.climate-watch.2025-ndc,JAM,2025-09-22,1.0,,,,final,Climate Watch: Submitted 2025 NDC. Document: Jamaica NDC 3.0 (https://unfccc.int/sites/default/files/2025-09/Jamaica%20ICTU%20Final%20Report%20Sep19.pdf).,,,submitted
ndc.climate-watch.2025-ndc,JPN,2025-02-18,1.0,,,,final,Climate Watch: Submitted 2025 NDC. Document: Japan's 2035/2040 NDC (https://unfccc.int/sites/default/files/2025-02/Japans%202035-2040%20NDC.pdf).,,,submitted
ndc.climate-watch.2025-ndc,KAZ,2025-11-26,1.0,,,,final,Climate Watch: Submitted 2025 NDC. Document: Kazakhstan NDC 3.0 (https://unfccc.int/sites/default/files/2025-11/NDC_Kazakhstan%203.0%20eng.pdf).,,,submitted
ndc.climate-watch.2025-ndc,KEN,2025-04-30,1.0,,,,final,Climate Watch: Submitted 2025 NDC. Document: Kenya's Second Nationally Determined Contribution 2031 - 2035 (https://unfccc.int/sites/default/files/2025-05/KENYAS%20SECOND%20NATIONALLY%20DETERMINED%20CONTRIBUTION%202031_2035.pdf).,,,submitted
ndc.climate-watch.2025-ndc,KGZ,2025-10-02,1.0,,,,final,Climate Watch: Submitted 2025 NDC. Document: Kyrgyzstan NDC 3.0 (https://unfccc.int/sites/default/files/2025-10/NDC3.0_Kyrgyzstan_English_30-09-2025%20%282%29.pdf).,,,submitted
ndc.climate-watch.2025-ndc,KHM,2025-08-08,1.0,,,,final,Climate Watch: Submitted 2025 NDC. Document: Cambodia’s NDC 3.0 (https://unfccc.int/sites/default/files/2025-08/Cambodia-NDC%203.0_0.pdf).,,,submitted
ndc.climate-watch.2025-ndc,KOR,2025-12-26,1.0,,,,final,Climate Watch: Submitted 2025 NDC. Document: The Republic of Korea's 2035 NDC (https://unfccc.int/sites/default/files/2025-12/The%20Republic%20of%20Koreas%202035%20NDC.pdf).,,,submitted
ndc.climate-watch.2025-ndc,LBN,2025-09-30,1.0,,,,final,Climate Watch: Submitted 2025 NDC. Document: Lebanon NDC 3.0 (https://unfccc.int/sites/default/files/2025-09/LBN%20NDC%203.0%2030.09.2025%20Final.pdf).,,,submitted
ndc.climate-watch.2025-ndc,LBR,2025-09-24,1.0,,,,final,Climate Watch: Submitted 2025 NDC. Document: Liberia NDC 3.0 (https://unfccc.int/sites/default/files/2025-09/Liberias_2035_NDC_3.0_Final.pdf).,,,submitted
ndc.climate-watch.2025-ndc,LCA,2025-02-06,1.0,,,,final,Climate Watch: Submitted 2025 NDC. Document: Saint Lucia Third NDC (https://unfccc.int/sites/default/files/2025-02/Saint%20Lucias%20Third%20Nationally%20Determined%20Contribution.pdf).,,,submitted
ndc.climate-watch.2025-ndc,LIE,2025-09-10,1.0,,,,final,Climate Watch: Submitted 2025 NDC. Document: Liechtenstein Second NDC Submission (https://unfccc.int/sites/default/files/2025-09/Liechtensteins%20Second%20NDC%202035_September%202025.pdf).,,,submitted
ndc.climate-watch.2025-ndc,LKA,2025-09-25,1.0,,,,final,Climate Watch: Submitted 2025 NDC. Document: Sri Lanka NDC 3.0 (https://unfccc.int/sites/default/files/2025-09/Sri%20Lankas%20Nationally%20Determined%20Contributions%203.0%20%282026-2035%29%20submitted%2022.09.2025%20%281%29.pdf).,,,submitted
ndc.climate-watch.2025-ndc,LTU,2025-11-05,1.0,,,,final,Climate Watch: Submitted 2025 NDC. Document: The nationally determined contribution of the European Union and its Member States (EU NDC) (https://unfccc.int/sites/default/files/2025-11/DK-2025-11-05%20EU%20NDC.pdf).,,,submitted
ndc.climate-watch.2025-ndc,LUX,2025-11-05,1.0,,,,final,Climate Watch: Submitted 2025 NDC. Document: The nationally determined contribution of the European Union and its Member States (EU NDC) (https://unfccc.int/sites/default/files/2025-11/DK-2025-11-05%20EU%20NDC.pdf).,,,submitted
ndc.climate-watch.2025-ndc,LVA,2025-11-05,1.0,,,,final,Climate Watch: Submitted 2025 NDC. Document: The nationally determined contribution of the European Union and its Member States (EU NDC) (https://unfccc.int/sites/default/files/2025-11/DK-2025-11-05%20EU%20NDC.pdf).,,,submitted
ndc.climate-watch.2025-ndc,MAR,2025-09-30,1.0,,,,final,Climate Watch: Submitted 2025 NDC. Document: Morocco NDC 3.0 (https://unfccc.int/sites/default/files/2025-10/MOROCCO%20NDC%203.0%20_30.9.25.pdf).,,,submitted
ndc.climate-watch.2025-ndc,MCO,2025-07-16,1.0,,,,final,Climate Watch: Submitted 2025 NDC. Document: Monaco NDC  2035 (https://unfccc.int/sites/default/files/2025-07/NDC_2025_Monaco.pdf).,,,submitted
ndc.climate-watch.2025-ndc,MDA,2025-05-06,1.0,,,,final,Climate Watch: Submitted 2025 NDC. Document: Republic of Moldova NDC 3.0 (https://unfccc.int/sites/default/files/2025-05/MD_NDC_3.pdf).,,,submitted
ndc.climate-watch.2025-ndc,MDG,2026-09-08,1.0,,,,final,Climate Watch: Submitted 2025 NDC. Document: Madagascar NDC 3.0 (https://unfccc.int/sites/default/files/2026-09/2026_MADAGASCAR_NDC3.0.pdf).,,,submitted
ndc.climate-watch.2025-ndc,MDV,2025-02-27,1.0,,,,final,Climate Watch: Submitted 2025 NDC. Document: Maldives' Third Nationally Determined Contribution (https://unfccc.int/sites/default/files/2025-02/Maldives%E2%80%99%20Third%20Nationally%20Determined%20Contribution.pdf).,,,submitted
ndc.climate-watch.2025-ndc,MEX,2025-11-17,1.0,,,,final,Climate Watch: Submitted 2025 NDC. Document: Mexico NDC 3.0 (https://unfccc.int/sites/default/files/2025-11/NDC%203.0%20Me%CC%81xico_spanish.pdf).,,,submitted
ndc.climate-watch.2025-ndc,MHL,2025-02-10,1.0,,,,final,Climate Watch: Submitted 2025 NDC. Document: Marshall Islands Third NDC (https://unfccc.int/sites/default/files/2025-02/Republic%20of%20the%20Marshall%20Islands%20NDC%203.0.pdf).,,,submitted
ndc.climate-watch.2025-ndc,MLT,2025-11-05,1.0,,,,final,Climate Watch: Submitted 2025 NDC. Document: The nationally determined contribution of the European Union and its Member States (EU NDC) (https://unfccc.int/sites/default/files/2025-11/DK-2025-11-05%20EU%20NDC.pdf).,,,submitted
ndc.climate-watch.2025-ndc,MNE,2025-02-21,1.0,,,,final,Climate Watch: Submitted 2025 NDC. Document: Montenegro Second NDC (https://unfccc.int/sites/default/files/2025-02/001_eng_NDC_Montenegro.pdf).,,,submitted
ndc.climate-watch.2025-ndc,MNG,2025-09-24,1.0,,,,final,Climate Watch: Submitted 2025 NDC. Document: Mongolia NDC 3.0 (https://unfccc.int/sites/default/files/2025-09/Mongolia%20NDC3_0%20under%20UNFCCC_PA%20FINAL.pdf).,,,submitted
ndc.climate-watch.2025-ndc,MOZ,2025-11-05,1.0,,,,final,Climate Watch: Submitted 2025 NDC. Document: Mozambique's Provisional NDC 3.0 (https://unfccc.int/sites/default/files/2025-11/Mozambique%20ProvNDC_ENG.pdf).,,,submitted
ndc.climate-watch.2025-ndc,MRT,2025-10-28,1.0,,,,final,Climate Watch: Submitted 2025 NDC. Document: Mauritania NDC 3.0 (https://unfccc.int/sites/default/files/2025-10/CDN3.0_Mauritanie_2025.pdf).,,,submitted
ndc.climate-watch.2025-ndc,MUS,2025-09-29,1.0,,,,final,Climate Watch: Submitted 2025 NDC. Document: Mauritius NDC 3.0 (https://unfccc.int/sites/default/files/2025-09/NDC%203.0%20%20Mauritius.pdf).,,,submitted
ndc.climate-watch.2025-ndc,MWI,2026-07-01,1.0,,,,final,Climate Watch: Submitted 2025 NDC. Document: Malawi NDC 3.0 (https://unfccc.int/sites/default/files/2026-07/NDC3.0%20Malawi_17June2026_Final%20Version.pdf).,,,submitted
ndc.climate-watch.2025-ndc,MYS,2025-10-24,1.0,,,,final,Climate Watch: Submitted 2025 NDC. Document: Malaysia NDC 3.0 2025 (https://unfccc.int/sites/default/files/2025-10/Malaysia%20NDC%203.0%20to%20UNFCCC%202025%20final.pdf).,,,submitted
ndc.climate-watch.2025-ndc,NGA,2025-09-22,1.0,,,,final,Climate Watch: Submitted 2025 NDC. Document: Nigeria NDC 3.0 (https://unfccc.int/sites/default/files/2025-09/Nigeria%20NDC%203.0%20-%20Transimission%20Version%202.pdf).,,,submitted
ndc.climate-watch.2025-ndc,NIC,2025-09-19,1.0,,,,final,Climate Watch: Submitted 2025 NDC. Document: Nicaragua NDC 2025  (https://unfccc.int/sites/default/files/2025-09/NDC%20NICARAGUA%202025%20-12.09.2025.pdf).,,,submitted
ndc.climate-watch.2025-ndc,NIU,2025-07-17,1.0,,,,final,Climate Watch: Submitted 2025 NDC. Document: Niue NDC 3.0 (https://unfccc.int/sites/default/files/2025-07/NIUE%20NDC%203.0.pdf).,,,submitted
ndc.climate-watch.2025-ndc,NLD,2025-11-05,1.0,,,,final,Climate Watch: Submitted 2025 NDC. Document: The nationally determined contribution of the European Union and its Member States (EU NDC) (https://unfccc.int/sites/default/files/2025-11/DK-2025-11-05%20EU%20NDC.pdf).,,,submitted
ndc.climate-watch.2025-ndc,NOR,2025-06-26,1.0,,,,final,Climate Watch: Submitted 2025 NDC. Document: Norway NDC 2035 (https://unfccc.int/sites/default/files/2025-06/Norways%20NDC%20for%202035..pdf).,,,submitted
ndc.climate-watch.2025-ndc,NPL,2025-05-19,1.0,,,,final,Climate Watch: Submitted 2025 NDC. Document: Nepal Nationally Determined Contribution (NDC) 3.0 (https://unfccc.int/sites/default/files/2025-05/Nepal%20NDC3.pdf).,,,submitted
ndc.climate-watch.2025-ndc,NRU,2026-01-08,1.0,,,,final,Climate Watch: Submitted 2025 NDC. Document: Nauru NDC 3.0 (https://unfccc.int/sites/default/files/2026-01/Nauru%20NDC%203.pdf).,,,submitted
ndc.climate-watch.2025-ndc,NZL,2025-01-31,1.0,,,,final,Climate Watch: Submitted 2025 NDC. Document: New Zealand’s second Nationally Determined Contribution (https://unfccc.int/sites/default/files/2025-01/New%20Zealand%27s%20second%20Nationally%20Determined%20Contribution.pdf).,,,submitted
ndc.climate-watch.2025-ndc,OMN,2026-07-30,1.0,,,,final,Climate Watch: Submitted 2025 NDC. Document: Oman NDC 3.0 (https://unfccc.int/sites/default/files/2026-07/The%20Sultanate%20of%20Omans%20Third%20Nationally%20Determined%20Contributions%20%20%28NDC%203.0%29.pdf).,,,submitted
ndc.climate-watch.2025-ndc,PAK,2025-09-24,1.0,,,,final,Climate Watch: Submitted 2025 NDC. Document: Pakistan NDC 3.0 (https://unfccc.int/sites/default/files/2025-09/Pakistan_NDC3.0_24%20Sep.pdf).,,,submitted
ndc.climate-watch.2025-ndc,PAN,2025-11-27,1.0,,,,final,Climate Watch: Submitted 2025 NDC. Document: Panama NDC 3.0 (https://unfccc.int/sites/default/files/2025-11/Pacto%20de%20Panam%C3%A1%20con%20la%20Naturaleza%20%28Nature%20Pledge%29.pdf).,,,submitted
ndc.climate-watch.2025-ndc,PER,2025-11-06,1.0,,,,final,Climate Watch: Submitted 2025 NDC. Document: Peru’s Updated Nationally Determined Contribution (NDC 3.0) (https://unfccc.int/sites/default/files/2025-11/Documento%20NDC%203.0_UNFCCC.pdf).,,,submitted
ndc.climate-watch.2025-ndc,PHL,2026-09-08,1.0,,,,final,Climate Watch: Submitted 2025 NDC. Document: Philippines NDC 3.0 (https://unfccc.int/sites/default/files/2026-09/1.%20PH%20Nationally%20Determined%20Contribution%202026.0715.pdf).,,,submitted
ndc.climate-watch.2025-ndc,PLW,2026-01-29,1.0,,,,final,Climate Watch: Submitted 2025 NDC. Document: Palau NDC 3.0 (https://unfccc.int/sites/default/files/2026-01/Palau%20Final%20Endorsed%20NDC%203.0.pdf).,,,submitted
ndc.climate-watch.2025-ndc,POL,2025-11-05,1.0,,,,final,Climate Watch: Submitted 2025 NDC. Document: The nationally determined contribution of the European Union and its Member States (EU NDC) (https://unfccc.int/sites/default/files/2025-11/DK-2025-11-05%20EU%20NDC.pdf).,,,submitted
ndc.climate-watch.2025-ndc,PRT,2025-11-05,1.0,,,,final,Climate Watch: Submitted 2025 NDC. Document: The nationally determined contribution of the European Union and its Member States (EU NDC) (https://unfccc.int/sites/default/files/2025-11/DK-2025-11-05%20EU%20NDC.pdf).,,,submitted
ndc.climate-watch.2025-ndc,PRY,2025-11-06,1.0,,,,final,Climate Watch: Submitted 2025 NDC. Document: Paraguay NDC 3.0 (https://unfccc.int/sites/default/files/2025-11/Paraguay%20NDC%203.0.pdf).,,,submitted
ndc.climate-watch.2025-ndc,PSE,2026-08-31,1.0,,,,final,Climate Watch: Submitted 2025 NDC. Document: State of Palestine NDC 3.0 (https://unfccc.int/sites/default/files/2026-08/State%20of%20Palestine%20NDC%203.pdf).,,,submitted
ndc.climate-watch.2025-ndc,QAT,2025-11-21,1.0,,,,final,Climate Watch: Submitted 2025 NDC. Document: Qatar NDC 3.0 (https://unfccc.int/sites/default/files/2025-11/Qatar%20NDC%203.0.pdf).,,,submitted
ndc.climate-watch.2025-ndc,ROU,2025-11-05,1.0,,,,final,Climate Watch: Submitted 2025 NDC. Document: The nationally determined contribution of the European Union and its Member States (EU NDC) (https://unfccc.int/sites/default/files/2025-11/DK-2025-11-05%20EU%20NDC.pdf).,,,submitted
ndc.climate-watch.2025-ndc,RUS,2025-09-29,1.0,,,,final,Climate Watch: Submitted 2025 NDC. Document: Russian Federation Second NDC (https://unfccc.int/sites/default/files/2025-09/RF_second_NDC.pdf).,,,submitted
ndc.climate-watch.2025-ndc,RWA,2025-12-08,1.0,,,,final,Climate Watch: Submitted 2025 NDC. Document: Rwanda Provisional NDC 3.0 (https://unfccc.int/sites/default/files/2025-11/Rwanda%20NDC3.0.pdf).,,,submitted
ndc.climate-watch.2025-ndc,SAU,2025-12-31,1.0,,,,final,Climate Watch: Submitted 2025 NDC. Document: Saudi Arabia Second NDC (https://unfccc.int/sites/default/files/2026-01/2nd%20KSA%20NDC%20Document%20Final%20Document%20%2828122025%29_DNA.pdf).,,,submitted
ndc.climate-watch.2025-ndc,SGP,2025-02-10,1.0,,,,final,Climate Watch: Submitted 2025 NDC. Document: Singapore Second Nationally Determined Contribution (https://unfccc.int/sites/default/files/2025-02/Singapore%20Second%20Nationally%20Determined%20Contribution.pdf).,,,submitted
ndc.climate-watch.2025-ndc,SLB,2025-08-13,1.0,,,,final,Climate Watch: Submitted 2025 NDC. Document: Solomon Islands NDC 3.0 (https://unfccc.int/sites/default/files/2025-08/Solomon%20Islands%20NDC3.0.pdf).,,,submitted
ndc.climate-watch.2025-ndc,SLE,2025-12-09,1.0,,,,final,Climate Watch: Submitted 2025 NDC. Document: Sierra Leone NDC 3.0 (https://unfccc.int/sites/default/files/2025-12/Sierra%20Leone%20NDC%203.0.pdf).,,,submitted
ndc.climate-watch.2025-ndc,SLV,2025-12-24,1.0,,,,final,Climate Watch: Submitted 2025 NDC. Document: El Salvador NDC 3.0 (https://unfccc.int/sites/default/files/2025-12/NDC%20EL%20SALVADOR%202025-%20VF.pdf).,,,submitted
ndc.climate-watch.2025-ndc,SOM,2025-09-08,1.0,,,,final,Climate Watch: Submitted 2025 NDC. Document: Somalia's NDC 3.0 (https://unfccc.int/sites/default/files/2025-06/Somalia%20NDC%203.0_submitted%20final.pdf).,,,submitted
ndc.climate-watch.2025-ndc,SRB,2025-09-12,1.0,,,,final,Climate Watch: Submitted 2025 NDC. Document: Serbia NDC 3.0 (https://unfccc.int/sites/default/files/2025-09/NDC3%20of%20the%20Republic%20of%20Serbia.pdf).,,,submitted
ndc.climate-watch.2025-ndc,STP,2026-08-31,1.0,,,,final,Climate Watch: Submitted 2025 NDC. Document: Sao Tome and Principe Updated NDC 3.0 (https://unfccc.int/sites/default/files/2026-08/NDC3_0_Updated_%20Sao%20Tome%20and%20Principe.pdf).,,,submitted
ndc.climate-watch.2025-ndc,SUR,2025-11-05,1.0,,,,final,Climate Watch: Submitted 2025 NDC. Document: Suriname NDC 3.0 (https://unfccc.int/sites/default/files/2025-11/NDC%203%20report%20Suriname%20251104%20Final%20Publication%20Version.pdf).,,,submitted
ndc.climate-watch.2025-ndc,SVK,2025-11-05,1.0,,,,final,Climate Watch: Submitted 2025 NDC. Document: The nationally determined contribution of the European Union and its Member States (EU NDC) (https://unfccc.int/sites/default/files/2025-11/DK-2025-11-05%20EU%20NDC.pdf).,,,submitted
ndc.climate-watch.2025-ndc,SVN,2025-11-05,1.0,,,,final,Climate Watch: Submitted 2025 NDC. Document: The nationally determined contribution of the European Union and its Member States (EU NDC) (https://unfccc.int/sites/default/files/2025-11/DK-2025-11-05%20EU%20NDC.pdf).,,,submitted
ndc.climate-watch.2025-ndc,SWE,2025-11-05,1.0,,,,final,Climate Watch: Submitted 2025 NDC. Document: The nationally determined contribution of the European Union and its Member States (EU NDC) (https://unfccc.int/sites/default/files/2025-11/DK-2025-11-05%20EU%20NDC.pdf).,,,submitted
ndc.climate-watch.2025-ndc,SWZ,2025-09-22,1.0,,,,final,Climate Watch: Submitted 2025 NDC. Document: Eswatini NDC 3.0 (https://unfccc.int/sites/default/files/2025-09/Eswatini%20NDC%203.0%20Report_for%20Submission%20-FINAL%20f.pdf).,,,submitted
ndc.climate-watch.2025-ndc,SYC,2025-09-30,1.0,,,,final,Climate Watch: Submitted 2025 NDC. Document: Seychelles NDC 3.0 (https://unfccc.int/sites/default/files/2025-09/ICTU%20Update%202025%20for%20Seychelles%20new%20NDC%203.0.pdf).,,,submitted
ndc.climate-watch.2025-ndc,TGO,2026-09-07,1.0,,,,final,Climate Watch: Submitted 2025 NDC. Document: Togo NDC 3.0 (https://unfccc.int/sites/default/files/2026-09/TOGO_CDN3.0_2026.pdf).,,,submitted
ndc.climate-watch.2025-ndc,THA,2025-11-04,1.0,,,,final,Climate Watch: Submitted 2025 NDC. Document: Thailand​ NDC 3.0 (https://unfccc.int/sites/default/files/2025-11/TH%20NDC%203.0.pdf).,,,submitted
ndc.climate-watch.2025-ndc,TLS,2026-06-09,1.0,,,,final,Climate Watch: Submitted 2025 NDC. Document: Timor-Leste 3.0 (https://unfccc.int/sites/default/files/2026-06/Timor-Leste%20Updated%20NDC%203.0.pdf).,,,submitted
ndc.climate-watch.2025-ndc,TON,2025-09-23,1.0,,,,final,Climate Watch: Submitted 2025 NDC. Document: Tonga NDC 3.0 (https://unfccc.int/sites/default/files/2025-09/Tongas%20Third%20Nationally%20Determined%20Contribution.pdf).,,,submitted
ndc.climate-watch.2025-ndc,TTO,2026-01-26,1.0,,,,final,Climate Watch: Submitted 2025 NDC. Document: Trinidad and Tobago Second NDC (https://unfccc.int/sites/default/files/2026-01/Trinidad%20and%20Tobago%20Second%20NDC%20%20.pdf).,,,submitted
ndc.climate-watch.2025-ndc,TUN,2025-09-22,1.0,,,,final,Climate Watch: Submitted 2025 NDC. Document: Tunisian NDC 3.0 (https://unfccc.int/sites/default/files/2026-04/Document%20CDN3.0%20-version%20Finale.pdf).,,,submitted
ndc.climate-watch.2025-ndc,TUR,2025-11-09,1.0,,,,final,Climate Watch: Submitted 2025 NDC. Document: Türkiye Second NDC (NDC 3.0) (https://unfccc.int/sites/default/files/2025-11/The%20Second%20NDC%20of%20T%C3%BCrkiye.pdf).,,,submitted
ndc.climate-watch.2025-ndc,TUV,2025-09-26,1.0,,,,final,Climate Watch: Submitted 2025 NDC. Document: Tuvalu NDC 3.0 (https://unfccc.int/sites/default/files/2025-09/Tuvalu%20NDC%203.0%20-%20Secretariat%20Submission%20FINAL.pdf).,,,submitted
ndc.climate-watch.2025-ndc,UKR,2025-11-11,1.0,,,,final,Climate Watch: Submitted 2025 NDC. Document: Ukraine Second NDC (https://unfccc.int/sites/default/files/2025-11/2%20Ukraine%20NDC2_adj_v2.pdf).,,,submitted
ndc.climate-watch.2025-ndc,URY,2024-12-30,1.0,,,,final,Climate Watch: Submitted 2025 NDC. Document: Uruguay Third NDC (https://unfccc.int/sites/default/files/2025-01/20241220_Uruguay_NDC3.pdf).,,,submitted
ndc.climate-watch.2025-ndc,USA,2024-12-19,0.0,,,,final,Climate Watch: Withdrawn 2025 NDC. Document: United States of America 2035 NDC (https://unfccc.int/sites/default/files/2024-12/United%20States%202035%20NDC.pdf).,,,submitted
ndc.climate-watch.2025-ndc,UZB,2025-11-06,1.0,,,,final,Climate Watch: Submitted 2025 NDC. Document: Uzbekistan NDC 3.0 (https://unfccc.int/sites/default/files/2025-11/Uzbekistan%20Third%20NDC.pdf).,,,submitted
ndc.climate-watch.2025-ndc,VAT,2025-09-16,1.0,,,,final,Climate Watch: Submitted 2025 NDC. Document: Holy See NDC 2035 (https://unfccc.int/sites/default/files/2025-09/Holy%20See_NDC%202035_September%202025.pdf).,,,submitted
ndc.climate-watch.2025-ndc,VEN,2025-10-28,1.0,,,,final,Climate Watch: Submitted 2025 NDC. Document: Venezuela (Bolivarian Republic of) Second NDC (https://unfccc.int/sites/default/files/2025-10/Segunda%20Contribuci%C3%B3n%20Determinada%20Nacional%20CDN%202025-2030.pdf).,,,submitted
ndc.climate-watch.2025-ndc,VUT,2025-09-24,1.0,,,,final,Climate Watch: Submitted 2025 NDC. Document: Vanuatu NDC 3.0 (https://unfccc.int/sites/default/files/2025-09/Vanuatu%20NDC%203.0.pdf).,,,submitted
ndc.climate-watch.2025-ndc,WSM,2026-01-14,1.0,,,,final,Climate Watch: Submitted 2025 NDC. Document: Samoa NDC 3.0 (https://unfccc.int/sites/default/files/2026-01/Samoa%20NDC3.0_FINAL.pdf).,,,submitted
ndc.climate-watch.2025-ndc,YEM,2025-11-17,1.0,,,,final,Climate Watch: Submitted 2025 NDC (Not Party to the Paris Agreement). Document: Yemen NDC 3.0 (https://unfccc.int/sites/default/files/2025-11/Yemens%20NDC3.0%20Vision.pdf).,,,submitted
ndc.climate-watch.2025-ndc,ZAF,2025-10-24,1.0,,,,final,Climate Watch: Submitted 2025 NDC. Document: South Africa's Second NDC (https://unfccc.int/sites/default/files/2025-10/South%20Africa%27s%20second%20Nationally%20Determined%20Contribution_2025.pdf).,,,submitted
ndc.climate-watch.2025-ndc,ZMB,2025-10-28,1.0,,,,final,Climate Watch: Submitted 2025 NDC. Document: Provisional NDC 3.0 (https://unfccc.int/sites/default/files/2025-03/Provisional%20NDC%20Submission_Zambia_Revised%20and%20Updated_NDC_100325.pdf).,,,submitted
ndc.climate-watch.2025-ndc,ZWE,2025-02-10,1.0,,,,final,Climate Watch: Submitted 2025 NDC. Document: Zimbabwe NDC3.0 Country Statement (https://unfccc.int/sites/default/files/2025-02/Zimbabwe%20NDC3.0%20Country%20Statement_2025_35.pdf).,,,submitted
ndc.climate-watch.2025-ndc,AGO,2025-09-13,1.0,,,,final,"Climate Watch: Yes, 2035 GHG target included.",,,ghg-target-2035
ndc.climate-watch.2025-ndc,AND,2025-02-05,1.0,,,,final,"Climate Watch: Yes, 2035 GHG target included.",,,ghg-target-2035
ndc.climate-watch.2025-ndc,ARE,2024-11-06,1.0,,,,final,"Climate Watch: Yes, 2035 GHG target included.",,,ghg-target-2035
ndc.climate-watch.2025-ndc,ARM,2025-12-31,1.0,,,,final,"Climate Watch: Yes, 2035 GHG target included.",,,ghg-target-2035
ndc.climate-watch.2025-ndc,AUS,2025-09-18,1.0,,,,final,"Climate Watch: Yes, 2035 GHG target included.",,,ghg-target-2035
ndc.climate-watch.2025-ndc,AUT,2025-11-05,1.0,,,,final,"Climate Watch: Yes, 2035 GHG target included.",,,ghg-target-2035
ndc.climate-watch.2025-ndc,AZE,2025-11-05,1.0,,,,final,"Climate Watch: Yes, 2035 GHG target included.",,,ghg-target-2035
ndc.climate-watch.2025-ndc,BDI,2025-11-10,1.0,,,,final,"Climate Watch: Yes, 2035 GHG target included.",,,ghg-target-2035
ndc.climate-watch.2025-ndc,BEL,2025-11-05,1.0,,,,final,"Climate Watch: Yes, 2035 GHG target included.",,,ghg-target-2035
ndc.climate-watch.2025-ndc,BEN,2026-06-02,1.0,,,,final,"Climate Watch: Yes, 2035 GHG target included.",,,ghg-target-2035
ndc.climate-watch.2025-ndc,BFA,2025-12-31,1.0,,,,final,"Climate Watch: Yes, 2035 GHG target included.",,,ghg-target-2035
ndc.climate-watch.2025-ndc,BGD,2025-09-24,1.0,,,,final,"Climate Watch: Yes, 2035 GHG target included.",,,ghg-target-2035
ndc.climate-watch.2025-ndc,BGR,2025-11-05,1.0,,,,final,"Climate Watch: Yes, 2035 GHG target included.",,,ghg-target-2035
ndc.climate-watch.2025-ndc,BHR,2025-12-01,0.0,,,,final,"Climate Watch: No, 2035 GHG target not included.",,,ghg-target-2035
ndc.climate-watch.2025-ndc,BHS,2025-11-07,1.0,,,,final,"Climate Watch: Yes, 2035 GHG target included.",,,ghg-target-2035
ndc.climate-watch.2025-ndc,BLR,2025-11-10,1.0,,,,final,"Climate Watch: Yes, 2035 GHG target included.",,,ghg-target-2035
ndc.climate-watch.2025-ndc,BLZ,2025-06-14,1.0,,,,final,"Climate Watch: Yes, 2035 GHG target included.",,,ghg-target-2035
ndc.climate-watch.2025-ndc,BOL,2025-09-29,0.0,,,,final,"Climate Watch: No, 2035 GHG target not included.",,,ghg-target-2035
ndc.climate-watch.2025-ndc,BRA,2024-11-13,1.0,,,,final,"Climate Watch: Yes, 2035 GHG target included.",,,ghg-target-2035
ndc.climate-watch.2025-ndc,BRB,2025-08-30,1.0,,,,final,"Climate Watch: Yes, 2035 GHG target included.",,,ghg-target-2035
ndc.climate-watch.2025-ndc,BRN,2025-10-28,1.0,,,,final,"Climate Watch: Yes, 2035 GHG target included.",,,ghg-target-2035
ndc.climate-watch.2025-ndc,BTN,2025-11-10,1.0,,,,final,"Climate Watch: Yes, 2035 GHG target included.",,,ghg-target-2035
ndc.climate-watch.2025-ndc,CAF,2026-03-09,1.0,,,,final,"Climate Watch: Yes, 2035 GHG target included.",,,ghg-target-2035
ndc.climate-watch.2025-ndc,CAN,2025-02-12,1.0,,,,final,"Climate Watch: Yes, 2035 GHG target included.",,,ghg-target-2035
ndc.climate-watch.2025-ndc,CHE,2025-01-29,1.0,,,,final,"Climate Watch: Yes, 2035 GHG target included.",,,ghg-target-2035
ndc.climate-watch.2025-ndc,CHL,2025-09-23,1.0,,,,final,"Climate Watch: Yes, 2035 GHG target included.",,,ghg-target-2035
ndc.climate-watch.2025-ndc,CHN,2025-11-03,1.0,,,,final,"Climate Watch: Yes, 2035 GHG target included.",,,ghg-target-2035
ndc.climate-watch.2025-ndc,CIV,2025-10-29,1.0,,,,final,"Climate Watch: Yes, 2035 GHG target included.",,,ghg-target-2035
ndc.climate-watch.2025-ndc,CMR,2026-06-17,1.0,,,,final,"Climate Watch: Yes, 2035 GHG target included.",,,ghg-target-2035
ndc.climate-watch.2025-ndc,COG,2026-02-12,1.0,,,,final,"Climate Watch: Yes, 2035 GHG target included.",,,ghg-target-2035
ndc.climate-watch.2025-ndc,COL,2025-12-19,1.0,,,,final,"Climate Watch: Yes, 2035 GHG target included.",,,ghg-target-2035
ndc.climate-watch.2025-ndc,COM,2026-03-30,1.0,,,,final,"Climate Watch: Yes, 2035 GHG target included.",,,ghg-target-2035
ndc.climate-watch.2025-ndc,CPV,2025-11-01,1.0,,,,final,"Climate Watch: Yes, 2035 GHG target included.",,,ghg-target-2035
ndc.climate-watch.2025-ndc,CRI,2025-11-14,1.0,,,,final,"Climate Watch: Yes, 2035 GHG target included.",,,ghg-target-2035
ndc.climate-watch.2025-ndc,CUB,2025-02-27,0.0,,,,final,"Climate Watch: No, 2035 GHG target not included.",,,ghg-target-2035
ndc.climate-watch.2025-ndc,CYP,2025-11-05,1.0,,,,final,"Climate Watch: Yes, 2035 GHG target included.",,,ghg-target-2035
ndc.climate-watch.2025-ndc,CZE,2025-11-05,1.0,,,,final,"Climate Watch: Yes, 2035 GHG target included.",,,ghg-target-2035
ndc.climate-watch.2025-ndc,DEU,2025-11-05,1.0,,,,final,"Climate Watch: Yes, 2035 GHG target included.",,,ghg-target-2035
ndc.climate-watch.2025-ndc,DNK,2025-11-05,1.0,,,,final,"Climate Watch: Yes, 2035 GHG target included.",,,ghg-target-2035
ndc.climate-watch.2025-ndc,DOM,2026-06-09,1.0,,,,final,"Climate Watch: Yes, 2035 GHG target included.",,,ghg-target-2035
ndc.climate-watch.2025-ndc,DZA,2026-06-26,1.0,,,,final,"Climate Watch: Yes, 2035 GHG target included.",,,ghg-target-2035
ndc.climate-watch.2025-ndc,ECU,2025-02-06,1.0,,,,final,"Climate Watch: Yes, 2035 GHG target included.",,,ghg-target-2035
ndc.climate-watch.2025-ndc,ERI,2026-02-18,0.0,,,,final,"Climate Watch: No, 2035 GHG target not included.",,,ghg-target-2035
ndc.climate-watch.2025-ndc,ESP,2025-11-05,1.0,,,,final,"Climate Watch: Yes, 2035 GHG target included.",,,ghg-target-2035
ndc.climate-watch.2025-ndc,EST,2025-11-05,1.0,,,,final,"Climate Watch: Yes, 2035 GHG target included.",,,ghg-target-2035
ndc.climate-watch.2025-ndc,ETH,2025-09-26,1.0,,,,final,"Climate Watch: Yes, 2035 GHG target included.",,,ghg-target-2035
ndc.climate-watch.2025-ndc,EU27,2025-11-05,1.0,,,,final,"Climate Watch: Yes, 2035 GHG target included.",,,ghg-target-2035
ndc.climate-watch.2025-ndc,FIN,2025-11-05,1.0,,,,final,"Climate Watch: Yes, 2035 GHG target included.",,,ghg-target-2035
ndc.climate-watch.2025-ndc,FJI,2025-11-06,1.0,,,,final,"Climate Watch: Yes, 2035 GHG target included.",,,ghg-target-2035
ndc.climate-watch.2025-ndc,FRA,2025-11-05,1.0,,,,final,"Climate Watch: Yes, 2035 GHG target included.",,,ghg-target-2035
ndc.climate-watch.2025-ndc,FSM,2025-09-24,1.0,,,,final,"Climate Watch: Yes, 2035 GHG target included.",,,ghg-target-2035
ndc.climate-watch.2025-ndc,GAB,2025-12-24,1.0,,,,final,"Climate Watch: Yes, 2035 GHG target included.",,,ghg-target-2035
ndc.climate-watch.2025-ndc,GBR,2025-01-30,1.0,,,,final,"Climate Watch: Yes, 2035 GHG target included.",,,ghg-target-2035
ndc.climate-watch.2025-ndc,GEO,2026-03-25,1.0,,,,final,"Climate Watch: Yes, 2035 GHG target included.",,,ghg-target-2035
ndc.climate-watch.2025-ndc,GIN,2025-11-06,1.0,,,,final,"Climate Watch: Yes, 2035 GHG target included.",,,ghg-target-2035
ndc.climate-watch.2025-ndc,GMB,2026-08-31,1.0,,,,final,"Climate Watch: Yes, 2035 GHG target included.",,,ghg-target-2035
ndc.climate-watch.2025-ndc,GRC,2025-11-05,1.0,,,,final,"Climate Watch: Yes, 2035 GHG target included.",,,ghg-target-2035
ndc.climate-watch.2025-ndc,GUY,2026-07-01,0.0,,,,final,"Climate Watch: No, 2035 GHG target not included.",,,ghg-target-2035
ndc.climate-watch.2025-ndc,HND,2026-01-20,1.0,,,,final,"Climate Watch: Yes, 2035 GHG target included.",,,ghg-target-2035
ndc.climate-watch.2025-ndc,HRV,2025-11-05,1.0,,,,final,"Climate Watch: Yes, 2035 GHG target included.",,,ghg-target-2035
ndc.climate-watch.2025-ndc,HUN,2025-11-05,1.0,,,,final,"Climate Watch: Yes, 2035 GHG target included.",,,ghg-target-2035
ndc.climate-watch.2025-ndc,IDN,2025-10-27,1.0,,,,final,"Climate Watch: Yes, 2035 GHG target included.",,,ghg-target-2035
ndc.climate-watch.2025-ndc,IND,2026-04-24,1.0,,,,final,"Climate Watch: Yes, 2035 GHG target included.",,,ghg-target-2035
ndc.climate-watch.2025-ndc,IRL,2025-11-05,1.0,,,,final,"Climate Watch: Yes, 2035 GHG target included.",,,ghg-target-2035
ndc.climate-watch.2025-ndc,IRQ,2025-11-13,1.0,,,,final,"Climate Watch: Yes, 2035 GHG target included.",,,ghg-target-2035
ndc.climate-watch.2025-ndc,ISL,2025-09-30,1.0,,,,final,"Climate Watch: Yes, 2035 GHG target included.",,,ghg-target-2035
ndc.climate-watch.2025-ndc,ITA,2025-11-05,1.0,,,,final,"Climate Watch: Yes, 2035 GHG target included.",,,ghg-target-2035
ndc.climate-watch.2025-ndc,JAM,2025-09-22,1.0,,,,final,"Climate Watch: Yes, 2035 GHG target included.",,,ghg-target-2035
ndc.climate-watch.2025-ndc,JPN,2025-02-18,1.0,,,,final,"Climate Watch: Yes, 2035 GHG target included.",,,ghg-target-2035
ndc.climate-watch.2025-ndc,KAZ,2025-11-26,1.0,,,,final,"Climate Watch: Yes, 2035 GHG target included.",,,ghg-target-2035
ndc.climate-watch.2025-ndc,KEN,2025-04-30,1.0,,,,final,"Climate Watch: Yes, 2035 GHG target included.",,,ghg-target-2035
ndc.climate-watch.2025-ndc,KGZ,2025-10-02,1.0,,,,final,"Climate Watch: Yes, 2035 GHG target included.",,,ghg-target-2035
ndc.climate-watch.2025-ndc,KHM,2025-08-08,1.0,,,,final,"Climate Watch: Yes, 2035 GHG target included.",,,ghg-target-2035
ndc.climate-watch.2025-ndc,KOR,2025-12-26,1.0,,,,final,"Climate Watch: Yes, 2035 GHG target included.",,,ghg-target-2035
ndc.climate-watch.2025-ndc,LBN,2025-09-30,1.0,,,,final,"Climate Watch: Yes, 2035 GHG target included.",,,ghg-target-2035
ndc.climate-watch.2025-ndc,LBR,2025-09-24,1.0,,,,final,"Climate Watch: Yes, 2035 GHG target included.",,,ghg-target-2035
ndc.climate-watch.2025-ndc,LCA,2025-02-06,1.0,,,,final,"Climate Watch: Yes, 2035 GHG target included.",,,ghg-target-2035
ndc.climate-watch.2025-ndc,LIE,2025-09-10,1.0,,,,final,"Climate Watch: Yes, 2035 GHG target included.",,,ghg-target-2035
ndc.climate-watch.2025-ndc,LKA,2025-09-25,1.0,,,,final,"Climate Watch: Yes, 2035 GHG target included.",,,ghg-target-2035
ndc.climate-watch.2025-ndc,LTU,2025-11-05,1.0,,,,final,"Climate Watch: Yes, 2035 GHG target included.",,,ghg-target-2035
ndc.climate-watch.2025-ndc,LUX,2025-11-05,1.0,,,,final,"Climate Watch: Yes, 2035 GHG target included.",,,ghg-target-2035
ndc.climate-watch.2025-ndc,LVA,2025-11-05,1.0,,,,final,"Climate Watch: Yes, 2035 GHG target included.",,,ghg-target-2035
ndc.climate-watch.2025-ndc,MAR,2025-09-30,1.0,,,,final,"Climate Watch: Yes, 2035 GHG target included.",,,ghg-target-2035
ndc.climate-watch.2025-ndc,MCO,2025-07-16,1.0,,,,final,"Climate Watch: Yes, 2035 GHG target included.",,,ghg-target-2035
ndc.climate-watch.2025-ndc,MDA,2025-05-06,1.0,,,,final,"Climate Watch: Yes, 2035 GHG target included.",,,ghg-target-2035
ndc.climate-watch.2025-ndc,MDG,2026-09-08,1.0,,,,final,"Climate Watch: Yes, 2035 GHG target included.",,,ghg-target-2035
ndc.climate-watch.2025-ndc,MDV,2025-02-27,1.0,,,,final,"Climate Watch: Yes, 2035 GHG target included.",,,ghg-target-2035
ndc.climate-watch.2025-ndc,MEX,2025-11-17,1.0,,,,final,"Climate Watch: Yes, 2035 GHG target included.",,,ghg-target-2035
ndc.climate-watch.2025-ndc,MHL,2025-02-10,1.0,,,,final,"Climate Watch: Yes, 2035 GHG target included.",,,ghg-target-2035
ndc.climate-watch.2025-ndc,MLT,2025-11-05,1.0,,,,final,"Climate Watch: Yes, 2035 GHG target included.",,,ghg-target-2035
ndc.climate-watch.2025-ndc,MNE,2025-02-21,1.0,,,,final,"Climate Watch: Yes, 2035 GHG target included.",,,ghg-target-2035
ndc.climate-watch.2025-ndc,MNG,2025-09-24,1.0,,,,final,"Climate Watch: Yes, 2035 GHG target included.",,,ghg-target-2035
ndc.climate-watch.2025-ndc,MOZ,2025-11-05,1.0,,,,final,"Climate Watch: Yes, 2035 GHG target included.",,,ghg-target-2035
ndc.climate-watch.2025-ndc,MRT,2025-10-28,1.0,,,,final,"Climate Watch: Yes, 2035 GHG target included.",,,ghg-target-2035
ndc.climate-watch.2025-ndc,MUS,2025-09-29,1.0,,,,final,"Climate Watch: Yes, 2035 GHG target included.",,,ghg-target-2035
ndc.climate-watch.2025-ndc,MWI,2026-07-01,1.0,,,,final,"Climate Watch: Yes, 2035 GHG target included.",,,ghg-target-2035
ndc.climate-watch.2025-ndc,MYS,2025-10-24,1.0,,,,final,"Climate Watch: Yes, 2035 GHG target included.",,,ghg-target-2035
ndc.climate-watch.2025-ndc,NGA,2025-09-22,1.0,,,,final,"Climate Watch: Yes, 2035 GHG target included.",,,ghg-target-2035
ndc.climate-watch.2025-ndc,NIC,2025-09-19,0.0,,,,final,"Climate Watch: No, 2035 GHG target not included.",,,ghg-target-2035
ndc.climate-watch.2025-ndc,NIU,2025-07-17,0.0,,,,final,"Climate Watch: No, 2035 GHG target not included.",,,ghg-target-2035
ndc.climate-watch.2025-ndc,NLD,2025-11-05,1.0,,,,final,"Climate Watch: Yes, 2035 GHG target included.",,,ghg-target-2035
ndc.climate-watch.2025-ndc,NOR,2025-06-26,1.0,,,,final,"Climate Watch: Yes, 2035 GHG target included.",,,ghg-target-2035
ndc.climate-watch.2025-ndc,NPL,2025-05-19,1.0,,,,final,"Climate Watch: Yes, 2035 GHG target included.",,,ghg-target-2035
ndc.climate-watch.2025-ndc,NRU,2026-01-08,0.0,,,,final,"Climate Watch: No, 2035 GHG target not included.",,,ghg-target-2035
ndc.climate-watch.2025-ndc,NZL,2025-01-31,1.0,,,,final,"Climate Watch: Yes, 2035 GHG target included.",,,ghg-target-2035
ndc.climate-watch.2025-ndc,OMN,2026-07-30,1.0,,,,final,"Climate Watch: Yes, 2035 GHG target included.",,,ghg-target-2035
ndc.climate-watch.2025-ndc,PAK,2025-09-24,1.0,,,,final,"Climate Watch: Yes, 2035 GHG target included.",,,ghg-target-2035
ndc.climate-watch.2025-ndc,PAN,2025-11-27,1.0,,,,final,"Climate Watch: Yes, 2035 GHG target included.",,,ghg-target-2035
ndc.climate-watch.2025-ndc,PER,2025-11-06,1.0,,,,final,"Climate Watch: Yes, 2035 GHG target included.",,,ghg-target-2035
ndc.climate-watch.2025-ndc,PHL,2026-09-08,1.0,,,,final,"Climate Watch: Yes, 2035 GHG target included.",,,ghg-target-2035
ndc.climate-watch.2025-ndc,PLW,2026-01-29,1.0,,,,final,"Climate Watch: Yes, 2035 GHG target included.",,,ghg-target-2035
ndc.climate-watch.2025-ndc,POL,2025-11-05,1.0,,,,final,"Climate Watch: Yes, 2035 GHG target included.",,,ghg-target-2035
ndc.climate-watch.2025-ndc,PRT,2025-11-05,1.0,,,,final,"Climate Watch: Yes, 2035 GHG target included.",,,ghg-target-2035
ndc.climate-watch.2025-ndc,PRY,2025-11-06,1.0,,,,final,"Climate Watch: Yes, 2035 GHG target included.",,,ghg-target-2035
ndc.climate-watch.2025-ndc,PSE,2026-08-31,1.0,,,,final,"Climate Watch: Yes, 2035 GHG target included.",,,ghg-target-2035
ndc.climate-watch.2025-ndc,QAT,2025-11-21,0.0,,,,final,"Climate Watch: No, 2035 GHG target not included.",,,ghg-target-2035
ndc.climate-watch.2025-ndc,ROU,2025-11-05,1.0,,,,final,"Climate Watch: Yes, 2035 GHG target included.",,,ghg-target-2035
ndc.climate-watch.2025-ndc,RUS,2025-09-29,1.0,,,,final,"Climate Watch: Yes, 2035 GHG target included.",,,ghg-target-2035
ndc.climate-watch.2025-ndc,RWA,2025-12-08,1.0,,,,final,"Climate Watch: Yes, 2035 GHG target included.",,,ghg-target-2035
ndc.climate-watch.2025-ndc,SAU,2025-12-31,1.0,,,,final,"Climate Watch: Yes, 2035 GHG target included.",,,ghg-target-2035
ndc.climate-watch.2025-ndc,SGP,2025-02-10,1.0,,,,final,"Climate Watch: Yes, 2035 GHG target included.",,,ghg-target-2035
ndc.climate-watch.2025-ndc,SLB,2025-08-13,1.0,,,,final,"Climate Watch: Yes, 2035 GHG target included.",,,ghg-target-2035
ndc.climate-watch.2025-ndc,SLE,2025-12-09,1.0,,,,final,"Climate Watch: Yes, 2035 GHG target included.",,,ghg-target-2035
ndc.climate-watch.2025-ndc,SLV,2025-12-24,1.0,,,,final,"Climate Watch: Yes, 2035 GHG target included.",,,ghg-target-2035
ndc.climate-watch.2025-ndc,SOM,2025-09-08,1.0,,,,final,"Climate Watch: Yes, 2035 GHG target included.",,,ghg-target-2035
ndc.climate-watch.2025-ndc,SRB,2025-09-12,1.0,,,,final,"Climate Watch: Yes, 2035 GHG target included.",,,ghg-target-2035
ndc.climate-watch.2025-ndc,STP,2026-08-31,1.0,,,,final,"Climate Watch: Yes, 2035 GHG target included.",,,ghg-target-2035
ndc.climate-watch.2025-ndc,SUR,2025-11-05,0.0,,,,final,"Climate Watch: No, 2035 GHG target not included.",,,ghg-target-2035
ndc.climate-watch.2025-ndc,SVK,2025-11-05,1.0,,,,final,"Climate Watch: Yes, 2035 GHG target included.",,,ghg-target-2035
ndc.climate-watch.2025-ndc,SVN,2025-11-05,1.0,,,,final,"Climate Watch: Yes, 2035 GHG target included.",,,ghg-target-2035
ndc.climate-watch.2025-ndc,SWE,2025-11-05,1.0,,,,final,"Climate Watch: Yes, 2035 GHG target included.",,,ghg-target-2035
ndc.climate-watch.2025-ndc,SWZ,2025-09-22,1.0,,,,final,"Climate Watch: Yes, 2035 GHG target included.",,,ghg-target-2035
ndc.climate-watch.2025-ndc,SYC,2025-09-30,1.0,,,,final,"Climate Watch: Yes, 2035 GHG target included.",,,ghg-target-2035
ndc.climate-watch.2025-ndc,TGO,2026-09-07,1.0,,,,final,"Climate Watch: Yes, 2035 GHG target included.",,,ghg-target-2035
ndc.climate-watch.2025-ndc,THA,2025-11-04,1.0,,,,final,"Climate Watch: Yes, 2035 GHG target included.",,,ghg-target-2035
ndc.climate-watch.2025-ndc,TLS,2026-06-09,0.0,,,,final,"Climate Watch: No, 2035 GHG target not included.",,,ghg-target-2035
ndc.climate-watch.2025-ndc,TON,2025-09-23,1.0,,,,final,"Climate Watch: Yes, 2035 GHG target included.",,,ghg-target-2035
ndc.climate-watch.2025-ndc,TTO,2026-01-26,1.0,,,,final,"Climate Watch: Yes, 2035 GHG target included.",,,ghg-target-2035
ndc.climate-watch.2025-ndc,TUN,2025-09-22,1.0,,,,final,"Climate Watch: Yes, 2035 GHG target included.",,,ghg-target-2035
ndc.climate-watch.2025-ndc,TUR,2025-11-09,1.0,,,,final,"Climate Watch: Yes, 2035 GHG target included.",,,ghg-target-2035
ndc.climate-watch.2025-ndc,TUV,2025-09-26,1.0,,,,final,"Climate Watch: Yes, 2035 GHG target included.",,,ghg-target-2035
ndc.climate-watch.2025-ndc,UKR,2025-11-11,1.0,,,,final,"Climate Watch: Yes, 2035 GHG target included.",,,ghg-target-2035
ndc.climate-watch.2025-ndc,URY,2024-12-30,1.0,,,,final,"Climate Watch: Yes, 2035 GHG target included.",,,ghg-target-2035
ndc.climate-watch.2025-ndc,USA,2024-12-19,1.0,,,,final,"Climate Watch: Yes, 2035 GHG target included.",,,ghg-target-2035
ndc.climate-watch.2025-ndc,UZB,2025-11-06,1.0,,,,final,"Climate Watch: Yes, 2035 GHG target included.",,,ghg-target-2035
ndc.climate-watch.2025-ndc,VAT,2025-09-16,1.0,,,,final,"Climate Watch: Yes, 2035 GHG target included.",,,ghg-target-2035
ndc.climate-watch.2025-ndc,VEN,2025-10-28,0.0,,,,final,"Climate Watch: No, 2035 GHG target not included.",,,ghg-target-2035
ndc.climate-watch.2025-ndc,VUT,2025-09-24,1.0,,,,final,"Climate Watch: Yes, 2035 GHG target included.",,,ghg-target-2035
ndc.climate-watch.2025-ndc,WSM,2026-01-14,1.0,,,,final,"Climate Watch: Yes, 2035 GHG target included.",,,ghg-target-2035
ndc.climate-watch.2025-ndc,YEM,2025-11-17,0.0,,,,final,"Climate Watch: No, 2035 GHG target not included.",,,ghg-target-2035
ndc.climate-watch.2025-ndc,ZAF,2025-10-24,1.0,,,,final,"Climate Watch: Yes, 2035 GHG target included.",,,ghg-target-2035
ndc.climate-watch.2025-ndc,ZMB,2025-10-28,0.0,,,,final,"Climate Watch: No, 2035 GHG target not included.",,,ghg-target-2035
ndc.climate-watch.2025-ndc,ZWE,2025-02-10,1.0,,,,final,"Climate Watch: Yes, 2035 GHG target included.",,,ghg-target-2035
ndc.climate-watch.2025-ndc,AGO,2025-09-13,0.0,,,,final,"Climate Watch: No, no economy-wide GHG target (for 2035) included.",,,economy-wide-target-2035
ndc.climate-watch.2025-ndc,AND,2025-02-05,0.0,,,,final,"Climate Watch: No, no economy-wide GHG target (for 2035) included.",,,economy-wide-target-2035
ndc.climate-watch.2025-ndc,ARE,2024-11-06,1.0,,,,final,"Climate Watch: Yes, economy-wide GHG target (for 2035) included.",,,economy-wide-target-2035
ndc.climate-watch.2025-ndc,ARM,2025-12-31,1.0,,,,final,"Climate Watch: Yes, economy-wide GHG target (for 2035) included.",,,economy-wide-target-2035
ndc.climate-watch.2025-ndc,AUS,2025-09-18,1.0,,,,final,"Climate Watch: Yes, economy-wide GHG target (for 2035) included.",,,economy-wide-target-2035
ndc.climate-watch.2025-ndc,AUT,2025-11-05,1.0,,,,final,"Climate Watch: Yes, economy-wide GHG target (for 2035) included.",,,economy-wide-target-2035
ndc.climate-watch.2025-ndc,AZE,2025-11-05,1.0,,,,final,"Climate Watch: Yes, economy-wide GHG target (for 2035) included.",,,economy-wide-target-2035
ndc.climate-watch.2025-ndc,BDI,2025-11-10,1.0,,,,final,"Climate Watch: Yes, economy-wide GHG target (for 2035) included.",,,economy-wide-target-2035
ndc.climate-watch.2025-ndc,BEL,2025-11-05,1.0,,,,final,"Climate Watch: Yes, economy-wide GHG target (for 2035) included.",,,economy-wide-target-2035
ndc.climate-watch.2025-ndc,BEN,2026-06-02,1.0,,,,final,"Climate Watch: Yes, economy-wide GHG target (for 2035) included.",,,economy-wide-target-2035
ndc.climate-watch.2025-ndc,BFA,2025-12-31,1.0,,,,final,"Climate Watch: Yes, economy-wide GHG target (for 2035) included.",,,economy-wide-target-2035
ndc.climate-watch.2025-ndc,BGD,2025-09-24,1.0,,,,final,"Climate Watch: Yes, economy-wide GHG target (for 2035) included.",,,economy-wide-target-2035
ndc.climate-watch.2025-ndc,BGR,2025-11-05,1.0,,,,final,"Climate Watch: Yes, economy-wide GHG target (for 2035) included.",,,economy-wide-target-2035
ndc.climate-watch.2025-ndc,BHR,2025-12-01,0.0,,,,final,"Climate Watch: No, no economy-wide GHG target (for 2035) included.",,,economy-wide-target-2035
ndc.climate-watch.2025-ndc,BHS,2025-11-07,1.0,,,,final,"Climate Watch: Yes, economy-wide GHG target (for 2035) included.",,,economy-wide-target-2035
ndc.climate-watch.2025-ndc,BLR,2025-11-10,1.0,,,,final,"Climate Watch: Yes, economy-wide GHG target (for 2035) included.",,,economy-wide-target-2035
ndc.climate-watch.2025-ndc,BLZ,2025-06-14,0.0,,,,final,"Climate Watch: No, no economy-wide GHG target (for 2035) included.",,,economy-wide-target-2035
ndc.climate-watch.2025-ndc,BOL,2025-09-29,0.0,,,,final,"Climate Watch: No, no economy-wide GHG target (for 2035) included.",,,economy-wide-target-2035
ndc.climate-watch.2025-ndc,BRA,2024-11-13,1.0,,,,final,"Climate Watch: Yes, economy-wide GHG target (for 2035) included.",,,economy-wide-target-2035
ndc.climate-watch.2025-ndc,BRB,2025-08-30,1.0,,,,final,"Climate Watch: Yes, economy-wide GHG target (for 2035) included.",,,economy-wide-target-2035
ndc.climate-watch.2025-ndc,BRN,2025-10-28,0.0,,,,final,"Climate Watch: No, no economy-wide GHG target (for 2035) included.",,,economy-wide-target-2035
ndc.climate-watch.2025-ndc,BTN,2025-11-10,1.0,,,,final,"Climate Watch: Yes, economy-wide GHG target (for 2035) included.",,,economy-wide-target-2035
ndc.climate-watch.2025-ndc,CAF,2026-03-09,0.0,,,,final,"Climate Watch: No, no economy-wide GHG target (for 2035) included.",,,economy-wide-target-2035
ndc.climate-watch.2025-ndc,CAN,2025-02-12,1.0,,,,final,"Climate Watch: Yes, economy-wide GHG target (for 2035) included.",,,economy-wide-target-2035
ndc.climate-watch.2025-ndc,CHE,2025-01-29,1.0,,,,final,"Climate Watch: Yes, economy-wide GHG target (for 2035) included.",,,economy-wide-target-2035
ndc.climate-watch.2025-ndc,CHL,2025-09-23,0.0,,,,final,"Climate Watch: No, no economy-wide GHG target (for 2035) included.",,,economy-wide-target-2035
ndc.climate-watch.2025-ndc,CHN,2025-11-03,1.0,,,,final,"Climate Watch: Yes, economy-wide GHG target (for 2035) included.",,,economy-wide-target-2035
ndc.climate-watch.2025-ndc,CIV,2025-10-29,1.0,,,,final,"Climate Watch: Yes, economy-wide GHG target (for 2035) included.",,,economy-wide-target-2035
ndc.climate-watch.2025-ndc,CMR,2026-06-17,1.0,,,,final,"Climate Watch: Yes, economy-wide GHG target (for 2035) included.",,,economy-wide-target-2035
ndc.climate-watch.2025-ndc,COG,2026-02-12,1.0,,,,final,"Climate Watch: Yes, economy-wide GHG target (for 2035) included.",,,economy-wide-target-2035
ndc.climate-watch.2025-ndc,COL,2025-12-19,1.0,,,,final,"Climate Watch: Yes, economy-wide GHG target (for 2035) included.",,,economy-wide-target-2035
ndc.climate-watch.2025-ndc,COM,2026-03-30,0.0,,,,final,"Climate Watch: No, no economy-wide GHG target (for 2035) included.",,,economy-wide-target-2035
ndc.climate-watch.2025-ndc,CPV,2025-11-01,1.0,,,,final,"Climate Watch: Yes, economy-wide GHG target (for 2035) included.",,,economy-wide-target-2035
ndc.climate-watch.2025-ndc,CRI,2025-11-14,1.0,,,,final,"Climate Watch: Yes, economy-wide GHG target (for 2035) included.",,,economy-wide-target-2035
ndc.climate-watch.2025-ndc,CUB,2025-02-27,0.0,,,,final,"Climate Watch: No, no economy-wide GHG target (for 2035) included.",,,economy-wide-target-2035
ndc.climate-watch.2025-ndc,CYP,2025-11-05,1.0,,,,final,"Climate Watch: Yes, economy-wide GHG target (for 2035) included.",,,economy-wide-target-2035
ndc.climate-watch.2025-ndc,CZE,2025-11-05,1.0,,,,final,"Climate Watch: Yes, economy-wide GHG target (for 2035) included.",,,economy-wide-target-2035
ndc.climate-watch.2025-ndc,DEU,2025-11-05,1.0,,,,final,"Climate Watch: Yes, economy-wide GHG target (for 2035) included.",,,economy-wide-target-2035
ndc.climate-watch.2025-ndc,DNK,2025-11-05,1.0,,,,final,"Climate Watch: Yes, economy-wide GHG target (for 2035) included.",,,economy-wide-target-2035
ndc.climate-watch.2025-ndc,DOM,2026-06-09,1.0,,,,final,"Climate Watch: Yes, economy-wide GHG target (for 2035) included.",,,economy-wide-target-2035
ndc.climate-watch.2025-ndc,DZA,2026-06-26,1.0,,,,final,"Climate Watch: Yes, economy-wide GHG target (for 2035) included.",,,economy-wide-target-2035
ndc.climate-watch.2025-ndc,ECU,2025-02-06,1.0,,,,final,"Climate Watch: Yes, economy-wide GHG target (for 2035) included.",,,economy-wide-target-2035
ndc.climate-watch.2025-ndc,ERI,2026-02-18,0.0,,,,final,"Climate Watch: No, no economy-wide GHG target (for 2035) included.",,,economy-wide-target-2035
ndc.climate-watch.2025-ndc,ESP,2025-11-05,1.0,,,,final,"Climate Watch: Yes, economy-wide GHG target (for 2035) included.",,,economy-wide-target-2035
ndc.climate-watch.2025-ndc,EST,2025-11-05,1.0,,,,final,"Climate Watch: Yes, economy-wide GHG target (for 2035) included.",,,economy-wide-target-2035
ndc.climate-watch.2025-ndc,ETH,2025-09-26,1.0,,,,final,"Climate Watch: Yes, economy-wide GHG target (for 2035) included.",,,economy-wide-target-2035
ndc.climate-watch.2025-ndc,EU27,2025-11-05,1.0,,,,final,"Climate Watch: Yes, economy-wide GHG target (for 2035) included.",,,economy-wide-target-2035
ndc.climate-watch.2025-ndc,FIN,2025-11-05,1.0,,,,final,"Climate Watch: Yes, economy-wide GHG target (for 2035) included.",,,economy-wide-target-2035
ndc.climate-watch.2025-ndc,FJI,2025-11-06,0.0,,,,final,"Climate Watch: No, no economy-wide GHG target (for 2035) included.",,,economy-wide-target-2035
ndc.climate-watch.2025-ndc,FRA,2025-11-05,1.0,,,,final,"Climate Watch: Yes, economy-wide GHG target (for 2035) included.",,,economy-wide-target-2035
ndc.climate-watch.2025-ndc,FSM,2025-09-24,0.0,,,,final,"Climate Watch: No, no economy-wide GHG target (for 2035) included.",,,economy-wide-target-2035
ndc.climate-watch.2025-ndc,GAB,2025-12-24,1.0,,,,final,"Climate Watch: Yes, economy-wide GHG target (for 2035) included.",,,economy-wide-target-2035
ndc.climate-watch.2025-ndc,GBR,2025-01-30,1.0,,,,final,"Climate Watch: Yes, economy-wide GHG target (for 2035) included.",,,economy-wide-target-2035
ndc.climate-watch.2025-ndc,GEO,2026-03-25,1.0,,,,final,"Climate Watch: Yes, economy-wide GHG target (for 2035) included.",,,economy-wide-target-2035
ndc.climate-watch.2025-ndc,GIN,2025-11-06,1.0,,,,final,"Climate Watch: Yes, economy-wide GHG target (for 2035) included.",,,economy-wide-target-2035
ndc.climate-watch.2025-ndc,GMB,2026-08-31,0.0,,,,final,"Climate Watch: No, no economy-wide GHG target (for 2035) included.",,,economy-wide-target-2035
ndc.climate-watch.2025-ndc,GRC,2025-11-05,1.0,,,,final,"Climate Watch: Yes, economy-wide GHG target (for 2035) included.",,,economy-wide-target-2035
ndc.climate-watch.2025-ndc,GUY,2026-07-01,0.0,,,,final,"Climate Watch: No, no economy-wide GHG target (for 2035) included.",,,economy-wide-target-2035
ndc.climate-watch.2025-ndc,HND,2026-01-20,1.0,,,,final,"Climate Watch: Yes, economy-wide GHG target (for 2035) included.",,,economy-wide-target-2035
ndc.climate-watch.2025-ndc,HRV,2025-11-05,1.0,,,,final,"Climate Watch: Yes, economy-wide GHG target (for 2035) included.",,,economy-wide-target-2035
ndc.climate-watch.2025-ndc,HUN,2025-11-05,1.0,,,,final,"Climate Watch: Yes, economy-wide GHG target (for 2035) included.",,,economy-wide-target-2035
ndc.climate-watch.2025-ndc,IDN,2025-10-27,0.0,,,,final,"Climate Watch: No, no economy-wide GHG target (for 2035) included.",,,economy-wide-target-2035
ndc.climate-watch.2025-ndc,IND,2026-04-24,1.0,,,,final,"Climate Watch: Yes, economy-wide GHG target (for 2035) included.",,,economy-wide-target-2035
ndc.climate-watch.2025-ndc,IRL,2025-11-05,1.0,,,,final,"Climate Watch: Yes, economy-wide GHG target (for 2035) included.",,,economy-wide-target-2035
ndc.climate-watch.2025-ndc,IRQ,2025-11-13,0.0,,,,final,"Climate Watch: No, no economy-wide GHG target (for 2035) included.",,,economy-wide-target-2035
ndc.climate-watch.2025-ndc,ISL,2025-09-30,1.0,,,,final,"Climate Watch: Yes, economy-wide GHG target (for 2035) included.",,,economy-wide-target-2035
ndc.climate-watch.2025-ndc,ITA,2025-11-05,1.0,,,,final,"Climate Watch: Yes, economy-wide GHG target (for 2035) included.",,,economy-wide-target-2035
ndc.climate-watch.2025-ndc,JAM,2025-09-22,0.0,,,,final,"Climate Watch: No, no economy-wide GHG target (for 2035) included.",,,economy-wide-target-2035
ndc.climate-watch.2025-ndc,JPN,2025-02-18,1.0,,,,final,"Climate Watch: Yes, economy-wide GHG target (for 2035) included.",,,economy-wide-target-2035
ndc.climate-watch.2025-ndc,KAZ,2025-11-26,1.0,,,,final,"Climate Watch: Yes, economy-wide GHG target (for 2035) included.",,,economy-wide-target-2035
ndc.climate-watch.2025-ndc,KEN,2025-04-30,1.0,,,,final,"Climate Watch: Yes, economy-wide GHG target (for 2035) included.",,,economy-wide-target-2035
ndc.climate-watch.2025-ndc,KGZ,2025-10-02,1.0,,,,final,"Climate Watch: Yes, economy-wide GHG target (for 2035) included.",,,economy-wide-target-2035
ndc.climate-watch.2025-ndc,KHM,2025-08-08,0.0,,,,final,"Climate Watch: No, no economy-wide GHG target (for 2035) included.",,,economy-wide-target-2035
ndc.climate-watch.2025-ndc,KOR,2025-12-26,1.0,,,,final,"Climate Watch: Yes, economy-wide GHG target (for 2035) included.",,,economy-wide-target-2035
ndc.climate-watch.2025-ndc,LBN,2025-09-30,0.0,,,,final,"Climate Watch: No, no economy-wide GHG target (for 2035) included.",,,economy-wide-target-2035
ndc.climate-watch.2025-ndc,LBR,2025-09-24,0.0,,,,final,"Climate Watch: No, no economy-wide GHG target (for 2035) included.",,,economy-wide-target-2035
ndc.climate-watch.2025-ndc,LCA,2025-02-06,0.0,,,,final,"Climate Watch: No, no economy-wide GHG target (for 2035) included.",,,economy-wide-target-2035
ndc.climate-watch.2025-ndc,LIE,2025-09-10,0.0,,,,final,"Climate Watch: No, no economy-wide GHG target (for 2035) included.",,,economy-wide-target-2035
ndc.climate-watch.2025-ndc,LKA,2025-09-25,1.0,,,,final,"Climate Watch: Yes, economy-wide GHG target (for 2035) included.",,,economy-wide-target-2035
ndc.climate-watch.2025-ndc,LTU,2025-11-05,1.0,,,,final,"Climate Watch: Yes, economy-wide GHG target (for 2035) included.",,,economy-wide-target-2035
ndc.climate-watch.2025-ndc,LUX,2025-11-05,1.0,,,,final,"Climate Watch: Yes, economy-wide GHG target (for 2035) included.",,,economy-wide-target-2035
ndc.climate-watch.2025-ndc,LVA,2025-11-05,1.0,,,,final,"Climate Watch: Yes, economy-wide GHG target (for 2035) included.",,,economy-wide-target-2035
ndc.climate-watch.2025-ndc,MAR,2025-09-30,0.0,,,,final,"Climate Watch: No, no economy-wide GHG target (for 2035) included.",,,economy-wide-target-2035
ndc.climate-watch.2025-ndc,MCO,2025-07-16,1.0,,,,final,"Climate Watch: Yes, economy-wide GHG target (for 2035) included.",,,economy-wide-target-2035
ndc.climate-watch.2025-ndc,MDA,2025-05-06,1.0,,,,final,"Climate Watch: Yes, economy-wide GHG target (for 2035) included.",,,economy-wide-target-2035
ndc.climate-watch.2025-ndc,MDG,2026-09-08,1.0,,,,final,"Climate Watch: Yes, economy-wide GHG target (for 2035) included.",,,economy-wide-target-2035
ndc.climate-watch.2025-ndc,MDV,2025-02-27,0.0,,,,final,"Climate Watch: No, no economy-wide GHG target (for 2035) included.",,,economy-wide-target-2035
ndc.climate-watch.2025-ndc,MEX,2025-11-17,1.0,,,,final,"Climate Watch: Yes, economy-wide GHG target (for 2035) included.",,,economy-wide-target-2035
ndc.climate-watch.2025-ndc,MHL,2025-02-10,0.0,,,,final,"Climate Watch: No, no economy-wide GHG target (for 2035) included.",,,economy-wide-target-2035
ndc.climate-watch.2025-ndc,MLT,2025-11-05,1.0,,,,final,"Climate Watch: Yes, economy-wide GHG target (for 2035) included.",,,economy-wide-target-2035
ndc.climate-watch.2025-ndc,MNE,2025-02-21,1.0,,,,final,"Climate Watch: Yes, economy-wide GHG target (for 2035) included.",,,economy-wide-target-2035
ndc.climate-watch.2025-ndc,MNG,2025-09-24,0.0,,,,final,"Climate Watch: No, no economy-wide GHG target (for 2035) included.",,,economy-wide-target-2035
ndc.climate-watch.2025-ndc,MOZ,2025-11-05,0.0,,,,final,"Climate Watch: No, no economy-wide GHG target (for 2035) included.",,,economy-wide-target-2035
ndc.climate-watch.2025-ndc,MRT,2025-10-28,1.0,,,,final,"Climate Watch: Yes, economy-wide GHG target (for 2035) included.",,,economy-wide-target-2035
ndc.climate-watch.2025-ndc,MUS,2025-09-29,0.0,,,,final,"Climate Watch: No, no economy-wide GHG target (for 2035) included.",,,economy-wide-target-2035
ndc.climate-watch.2025-ndc,MWI,2026-07-01,1.0,,,,final,"Climate Watch: Yes, economy-wide GHG target (for 2035) included.",,,economy-wide-target-2035
ndc.climate-watch.2025-ndc,MYS,2025-10-24,1.0,,,,final,"Climate Watch: Yes, economy-wide GHG target (for 2035) included.",,,economy-wide-target-2035
ndc.climate-watch.2025-ndc,NGA,2025-09-22,1.0,,,,final,"Climate Watch: Yes, economy-wide GHG target (for 2035) included.",,,economy-wide-target-2035
ndc.climate-watch.2025-ndc,NIC,2025-09-19,0.0,,,,final,"Climate Watch: No, no economy-wide GHG target (for 2035) included.",,,economy-wide-target-2035
ndc.climate-watch.2025-ndc,NIU,2025-07-17,0.0,,,,final,"Climate Watch: No, no economy-wide GHG target (for 2035) included.",,,economy-wide-target-2035
ndc.climate-watch.2025-ndc,NLD,2025-11-05,1.0,,,,final,"Climate Watch: Yes, economy-wide GHG target (for 2035) included.",,,economy-wide-target-2035
ndc.climate-watch.2025-ndc,NOR,2025-06-26,1.0,,,,final,"Climate Watch: Yes, economy-wide GHG target (for 2035) included.",,,economy-wide-target-2035
ndc.climate-watch.2025-ndc,NPL,2025-05-19,0.0,,,,final,"Climate Watch: No, no economy-wide GHG target (for 2035) included.",,,economy-wide-target-2035
ndc.climate-watch.2025-ndc,NRU,2026-01-08,0.0,,,,final,"Climate Watch: No, no economy-wide GHG target (for 2035) included.",,,economy-wide-target-2035
ndc.climate-watch.2025-ndc,NZL,2025-01-31,1.0,,,,final,"Climate Watch: Yes, economy-wide GHG target (for 2035) included.",,,economy-wide-target-2035
ndc.climate-watch.2025-ndc,OMN,2026-07-30,0.0,,,,final,"Climate Watch: No, no economy-wide GHG target (for 2035) included.",,,economy-wide-target-2035
ndc.climate-watch.2025-ndc,PAK,2025-09-24,1.0,,,,final,"Climate Watch: Yes, economy-wide GHG target (for 2035) included.",,,economy-wide-target-2035
ndc.climate-watch.2025-ndc,PAN,2025-11-27,0.0,,,,final,"Climate Watch: No, no economy-wide GHG target (for 2035) included.",,,economy-wide-target-2035
ndc.climate-watch.2025-ndc,PER,2025-11-06,1.0,,,,final,"Climate Watch: Yes, economy-wide GHG target (for 2035) included.",,,economy-wide-target-2035
ndc.climate-watch.2025-ndc,PHL,2026-09-08,1.0,,,,final,"Climate Watch: Yes, economy-wide GHG target (for 2035) included.",,,economy-wide-target-2035
ndc.climate-watch.2025-ndc,PLW,2026-01-29,1.0,,,,final,"Climate Watch: Yes, economy-wide GHG target (for 2035) included.",,,economy-wide-target-2035
ndc.climate-watch.2025-ndc,POL,2025-11-05,1.0,,,,final,"Climate Watch: Yes, economy-wide GHG target (for 2035) included.",,,economy-wide-target-2035
ndc.climate-watch.2025-ndc,PRT,2025-11-05,1.0,,,,final,"Climate Watch: Yes, economy-wide GHG target (for 2035) included.",,,economy-wide-target-2035
ndc.climate-watch.2025-ndc,PRY,2025-11-06,1.0,,,,final,"Climate Watch: Yes, economy-wide GHG target (for 2035) included.",,,economy-wide-target-2035
ndc.climate-watch.2025-ndc,PSE,2026-08-31,0.0,,,,final,"Climate Watch: No, no economy-wide GHG target (for 2035) included.",,,economy-wide-target-2035
ndc.climate-watch.2025-ndc,QAT,2025-11-21,0.0,,,,final,"Climate Watch: No, no economy-wide GHG target (for 2035) included.",,,economy-wide-target-2035
ndc.climate-watch.2025-ndc,ROU,2025-11-05,1.0,,,,final,"Climate Watch: Yes, economy-wide GHG target (for 2035) included.",,,economy-wide-target-2035
ndc.climate-watch.2025-ndc,RUS,2025-09-29,1.0,,,,final,"Climate Watch: Yes, economy-wide GHG target (for 2035) included.",,,economy-wide-target-2035
ndc.climate-watch.2025-ndc,RWA,2025-12-08,1.0,,,,final,"Climate Watch: Yes, economy-wide GHG target (for 2035) included.",,,economy-wide-target-2035
ndc.climate-watch.2025-ndc,SAU,2025-12-31,0.0,,,,final,"Climate Watch: No, no economy-wide GHG target (for 2035) included.",,,economy-wide-target-2035
ndc.climate-watch.2025-ndc,SGP,2025-02-10,1.0,,,,final,"Climate Watch: Yes, economy-wide GHG target (for 2035) included.",,,economy-wide-target-2035
ndc.climate-watch.2025-ndc,SLB,2025-08-13,0.0,,,,final,"Climate Watch: No, no economy-wide GHG target (for 2035) included.",,,economy-wide-target-2035
ndc.climate-watch.2025-ndc,SLE,2025-12-09,0.0,,,,final,"Climate Watch: No, no economy-wide GHG target (for 2035) included.",,,economy-wide-target-2035
ndc.climate-watch.2025-ndc,SLV,2025-12-24,1.0,,,,final,"Climate Watch: Yes, economy-wide GHG target (for 2035) included.",,,economy-wide-target-2035
ndc.climate-watch.2025-ndc,SOM,2025-09-08,0.0,,,,final,"Climate Watch: No, no economy-wide GHG target (for 2035) included.",,,economy-wide-target-2035
ndc.climate-watch.2025-ndc,SRB,2025-09-12,0.0,,,,final,"Climate Watch: No, no economy-wide GHG target (for 2035) included.",,,economy-wide-target-2035
ndc.climate-watch.2025-ndc,STP,2026-08-31,1.0,,,,final,"Climate Watch: Yes, economy-wide GHG target (for 2035) included.",,,economy-wide-target-2035
ndc.climate-watch.2025-ndc,SUR,2025-11-05,0.0,,,,final,"Climate Watch: No, no economy-wide GHG target (for 2035) included.",,,economy-wide-target-2035
ndc.climate-watch.2025-ndc,SVK,2025-11-05,1.0,,,,final,"Climate Watch: Yes, economy-wide GHG target (for 2035) included.",,,economy-wide-target-2035
ndc.climate-watch.2025-ndc,SVN,2025-11-05,1.0,,,,final,"Climate Watch: Yes, economy-wide GHG target (for 2035) included.",,,economy-wide-target-2035
ndc.climate-watch.2025-ndc,SWE,2025-11-05,1.0,,,,final,"Climate Watch: Yes, economy-wide GHG target (for 2035) included.",,,economy-wide-target-2035
ndc.climate-watch.2025-ndc,SWZ,2025-09-22,0.0,,,,final,"Climate Watch: No, no economy-wide GHG target (for 2035) included.",,,economy-wide-target-2035
ndc.climate-watch.2025-ndc,SYC,2025-09-30,0.0,,,,final,"Climate Watch: No, no economy-wide GHG target (for 2035) included.",,,economy-wide-target-2035
ndc.climate-watch.2025-ndc,TGO,2026-09-07,1.0,,,,final,"Climate Watch: Yes, economy-wide GHG target (for 2035) included.",,,economy-wide-target-2035
ndc.climate-watch.2025-ndc,THA,2025-11-04,1.0,,,,final,"Climate Watch: Yes, economy-wide GHG target (for 2035) included.",,,economy-wide-target-2035
ndc.climate-watch.2025-ndc,TLS,2026-06-09,0.0,,,,final,"Climate Watch: No, no economy-wide GHG target (for 2035) included.",,,economy-wide-target-2035
ndc.climate-watch.2025-ndc,TON,2025-09-23,0.0,,,,final,"Climate Watch: No, no economy-wide GHG target (for 2035) included.",,,economy-wide-target-2035
ndc.climate-watch.2025-ndc,TTO,2026-01-26,0.0,,,,final,"Climate Watch: No, no economy-wide GHG target (for 2035) included.",,,economy-wide-target-2035
ndc.climate-watch.2025-ndc,TUN,2025-09-22,1.0,,,,final,"Climate Watch: Yes, economy-wide GHG target (for 2035) included.",,,economy-wide-target-2035
ndc.climate-watch.2025-ndc,TUR,2025-11-09,1.0,,,,final,"Climate Watch: Yes, economy-wide GHG target (for 2035) included.",,,economy-wide-target-2035
ndc.climate-watch.2025-ndc,TUV,2025-09-26,0.0,,,,final,"Climate Watch: No, no economy-wide GHG target (for 2035) included.",,,economy-wide-target-2035
ndc.climate-watch.2025-ndc,UKR,2025-11-11,1.0,,,,final,"Climate Watch: Yes, economy-wide GHG target (for 2035) included.",,,economy-wide-target-2035
ndc.climate-watch.2025-ndc,URY,2024-12-30,1.0,,,,final,"Climate Watch: Yes, economy-wide GHG target (for 2035) included.",,,economy-wide-target-2035
ndc.climate-watch.2025-ndc,USA,2024-12-19,1.0,,,,final,"Climate Watch: Yes, economy-wide GHG target (for 2035) included.",,,economy-wide-target-2035
ndc.climate-watch.2025-ndc,UZB,2025-11-06,0.0,,,,final,"Climate Watch: No, no economy-wide GHG target (for 2035) included.",,,economy-wide-target-2035
ndc.climate-watch.2025-ndc,VAT,2025-09-16,1.0,,,,final,"Climate Watch: Yes, economy-wide GHG target (for 2035) included.",,,economy-wide-target-2035
ndc.climate-watch.2025-ndc,VEN,2025-10-28,0.0,,,,final,"Climate Watch: No, no economy-wide GHG target (for 2035) included.",,,economy-wide-target-2035
ndc.climate-watch.2025-ndc,VUT,2025-09-24,0.0,,,,final,"Climate Watch: No, no economy-wide GHG target (for 2035) included.",,,economy-wide-target-2035
ndc.climate-watch.2025-ndc,WSM,2026-01-14,1.0,,,,final,"Climate Watch: Yes, economy-wide GHG target (for 2035) included.",,,economy-wide-target-2035
ndc.climate-watch.2025-ndc,YEM,2025-11-17,0.0,,,,final,"Climate Watch: No, no economy-wide GHG target (for 2035) included.",,,economy-wide-target-2035
ndc.climate-watch.2025-ndc,ZAF,2025-10-24,1.0,,,,final,"Climate Watch: Yes, economy-wide GHG target (for 2035) included.",,,economy-wide-target-2035
ndc.climate-watch.2025-ndc,ZMB,2025-10-28,0.0,,,,final,"Climate Watch: No, no economy-wide GHG target (for 2035) included.",,,economy-wide-target-2035
ndc.climate-watch.2025-ndc,ZWE,2025-02-10,1.0,,,,final,"Climate Watch: Yes, economy-wide GHG target (for 2035) included.",,,economy-wide-target-2035
ndc.climate-watch.2025-ndc,AGO,2025-09-13,0.0,,,,final,"Climate Watch: No, no quantified non-CO2 target.",,,non-co2-target
ndc.climate-watch.2025-ndc,AND,2025-02-05,0.0,,,,final,"Climate Watch: No, no quantified non-CO2 target.",,,non-co2-target
ndc.climate-watch.2025-ndc,ARE,2024-11-06,1.0,,,,final,"Climate Watch: Yes, quantified non-CO2 target included.",,,non-co2-target
ndc.climate-watch.2025-ndc,ARM,2025-12-31,0.0,,,,final,"Climate Watch: No, no quantified non-CO2 target.",,,non-co2-target
ndc.climate-watch.2025-ndc,AUS,2025-09-18,1.0,,,,final,"Climate Watch: Yes, quantified non-CO2 target included.",,,non-co2-target
ndc.climate-watch.2025-ndc,AUT,2025-11-05,1.0,,,,final,"Climate Watch: Yes, quantified non-CO2 target included.",,,non-co2-target
ndc.climate-watch.2025-ndc,AZE,2025-11-05,0.0,,,,final,"Climate Watch: No, no quantified non-CO2 target.",,,non-co2-target
ndc.climate-watch.2025-ndc,BDI,2025-11-10,0.0,,,,final,"Climate Watch: No, no quantified non-CO2 target.",,,non-co2-target
ndc.climate-watch.2025-ndc,BEL,2025-11-05,1.0,,,,final,"Climate Watch: Yes, quantified non-CO2 target included.",,,non-co2-target
ndc.climate-watch.2025-ndc,BEN,2026-06-02,1.0,,,,final,"Climate Watch: Yes, quantified non-CO2 target included.",,,non-co2-target
ndc.climate-watch.2025-ndc,BFA,2025-12-31,0.0,,,,final,"Climate Watch: No, no quantified non-CO2 target.",,,non-co2-target
ndc.climate-watch.2025-ndc,BGD,2025-09-24,1.0,,,,final,"Climate Watch: Yes, quantified non-CO2 target included.",,,non-co2-target
ndc.climate-watch.2025-ndc,BGR,2025-11-05,1.0,,,,final,"Climate Watch: Yes, quantified non-CO2 target included.",,,non-co2-target
ndc.climate-watch.2025-ndc,BHR,2025-12-01,0.0,,,,final,"Climate Watch: No, no quantified non-CO2 target.",,,non-co2-target
ndc.climate-watch.2025-ndc,BHS,2025-11-07,1.0,,,,final,"Climate Watch: Yes, quantified non-CO2 target included.",,,non-co2-target
ndc.climate-watch.2025-ndc,BLR,2025-11-10,0.0,,,,final,"Climate Watch: No, no quantified non-CO2 target.",,,non-co2-target
ndc.climate-watch.2025-ndc,BLZ,2025-06-14,1.0,,,,final,"Climate Watch: Yes, quantified non-CO2 target included.",,,non-co2-target
ndc.climate-watch.2025-ndc,BOL,2025-09-29,0.0,,,,final,"Climate Watch: No, no quantified non-CO2 target.",,,non-co2-target
ndc.climate-watch.2025-ndc,BRA,2024-11-13,0.0,,,,final,"Climate Watch: No, no quantified non-CO2 target.",,,non-co2-target
ndc.climate-watch.2025-ndc,BRB,2025-08-30,0.0,,,,final,"Climate Watch: No, no quantified non-CO2 target.",,,non-co2-target
ndc.climate-watch.2025-ndc,BRN,2025-10-28,0.0,,,,final,"Climate Watch: No, no quantified non-CO2 target.",,,non-co2-target
ndc.climate-watch.2025-ndc,BTN,2025-11-10,0.0,,,,final,"Climate Watch: No, no quantified non-CO2 target.",,,non-co2-target
ndc.climate-watch.2025-ndc,CAF,2026-03-09,0.0,,,,final,"Climate Watch: No, no quantified non-CO2 target.",,,non-co2-target
ndc.climate-watch.2025-ndc,CAN,2025-02-12,1.0,,,,final,"Climate Watch: Yes, quantified non-CO2 target included.",,,non-co2-target
ndc.climate-watch.2025-ndc,CHE,2025-01-29,0.0,,,,final,"Climate Watch: No, no quantified non-CO2 target.",,,non-co2-target
ndc.climate-watch.2025-ndc,CHL,2025-09-23,1.0,,,,final,"Climate Watch: Yes, quantified non-CO2 target included.",,,non-co2-target
ndc.climate-watch.2025-ndc,CHN,2025-11-03,1.0,,,,final,"Climate Watch: Yes, quantified non-CO2 target included.",,,non-co2-target
ndc.climate-watch.2025-ndc,CIV,2025-10-29,1.0,,,,final,"Climate Watch: Yes, quantified non-CO2 target included.",,,non-co2-target
ndc.climate-watch.2025-ndc,COG,2026-02-12,0.0,,,,final,"Climate Watch: No, no quantified non-CO2 target.",,,non-co2-target
ndc.climate-watch.2025-ndc,COL,2025-12-19,1.0,,,,final,"Climate Watch: Yes, quantified non-CO2 target included.",,,non-co2-target
ndc.climate-watch.2025-ndc,COM,2026-03-30,0.0,,,,final,"Climate Watch: No, no quantified non-CO2 target.",,,non-co2-target
ndc.climate-watch.2025-ndc,CPV,2025-11-01,1.0,,,,final,"Climate Watch: Yes, quantified non-CO2 target included.",,,non-co2-target
ndc.climate-watch.2025-ndc,CRI,2025-11-14,1.0,,,,final,"Climate Watch: Yes, quantified non-CO2 target included.",,,non-co2-target
ndc.climate-watch.2025-ndc,CUB,2025-02-27,1.0,,,,final,"Climate Watch: Yes, quantified non-CO2 target included.",,,non-co2-target
ndc.climate-watch.2025-ndc,CYP,2025-11-05,1.0,,,,final,"Climate Watch: Yes, quantified non-CO2 target included.",,,non-co2-target
ndc.climate-watch.2025-ndc,CZE,2025-11-05,1.0,,,,final,"Climate Watch: Yes, quantified non-CO2 target included.",,,non-co2-target
ndc.climate-watch.2025-ndc,DEU,2025-11-05,1.0,,,,final,"Climate Watch: Yes, quantified non-CO2 target included.",,,non-co2-target
ndc.climate-watch.2025-ndc,DNK,2025-11-05,1.0,,,,final,"Climate Watch: Yes, quantified non-CO2 target included.",,,non-co2-target
ndc.climate-watch.2025-ndc,DZA,2026-06-26,0.0,,,,final,"Climate Watch: No, no quantified non-CO2 target.",,,non-co2-target
ndc.climate-watch.2025-ndc,ECU,2025-02-06,0.0,,,,final,"Climate Watch: No, no quantified non-CO2 target.",,,non-co2-target
ndc.climate-watch.2025-ndc,ERI,2026-02-18,0.0,,,,final,"Climate Watch: No, no quantified non-CO2 target.",,,non-co2-target
ndc.climate-watch.2025-ndc,ESP,2025-11-05,1.0,,,,final,"Climate Watch: Yes, quantified non-CO2 target included.",,,non-co2-target
ndc.climate-watch.2025-ndc,EST,2025-11-05,1.0,,,,final,"Climate Watch: Yes, quantified non-CO2 target included.",,,non-co2-target
ndc.climate-watch.2025-ndc,ETH,2025-09-26,0.0,,,,final,"Climate Watch: No, no quantified non-CO2 target.",,,non-co2-target
ndc.climate-watch.2025-ndc,EU27,2025-11-05,1.0,,,,final,"Climate Watch: Yes, quantified non-CO2 target included.",,,non-co2-target
ndc.climate-watch.2025-ndc,FIN,2025-11-05,1.0,,,,final,"Climate Watch: Yes, quantified non-CO2 target included.",,,non-co2-target
ndc.climate-watch.2025-ndc,FJI,2025-11-06,1.0,,,,final,"Climate Watch: Yes, quantified non-CO2 target included.",,,non-co2-target
ndc.climate-watch.2025-ndc,FRA,2025-11-05,1.0,,,,final,"Climate Watch: Yes, quantified non-CO2 target included.",,,non-co2-target
ndc.climate-watch.2025-ndc,FSM,2025-09-24,1.0,,,,final,"Climate Watch: Yes, quantified non-CO2 target included.",,,non-co2-target
ndc.climate-watch.2025-ndc,GAB,2025-12-24,1.0,,,,final,"Climate Watch: Yes, quantified non-CO2 target included.",,,non-co2-target
ndc.climate-watch.2025-ndc,GBR,2025-01-30,1.0,,,,final,"Climate Watch: Yes, quantified non-CO2 target included.",,,non-co2-target
ndc.climate-watch.2025-ndc,GEO,2026-03-25,0.0,,,,final,"Climate Watch: No, no quantified non-CO2 target.",,,non-co2-target
ndc.climate-watch.2025-ndc,GIN,2025-11-06,0.0,,,,final,"Climate Watch: No, no quantified non-CO2 target.",,,non-co2-target
ndc.climate-watch.2025-ndc,GRC,2025-11-05,1.0,,,,final,"Climate Watch: Yes, quantified non-CO2 target included.",,,non-co2-target
ndc.climate-watch.2025-ndc,GUY,2026-07-01,0.0,,,,final,"Climate Watch: No, no quantified non-CO2 target.",,,non-co2-target
ndc.climate-watch.2025-ndc,HND,2026-01-20,0.0,,,,final,"Climate Watch: No, no quantified non-CO2 target.",,,non-co2-target
ndc.climate-watch.2025-ndc,HRV,2025-11-05,1.0,,,,final,"Climate Watch: Yes, quantified non-CO2 target included.",,,non-co2-target
ndc.climate-watch.2025-ndc,HUN,2025-11-05,1.0,,,,final,"Climate Watch: Yes, quantified non-CO2 target included.",,,non-co2-target
ndc.climate-watch.2025-ndc,IDN,2025-10-27,0.0,,,,final,"Climate Watch: No, no quantified non-CO2 target.",,,non-co2-target
ndc.climate-watch.2025-ndc,IND,2026-04-24,0.0,,,,final,"Climate Watch: No, no quantified non-CO2 target.",,,non-co2-target
ndc.climate-watch.2025-ndc,IRL,2025-11-05,1.0,,,,final,"Climate Watch: Yes, quantified non-CO2 target included.",,,non-co2-target
ndc.climate-watch.2025-ndc,IRQ,2025-11-13,0.0,,,,final,"Climate Watch: No, no quantified non-CO2 target.",,,non-co2-target
ndc.climate-watch.2025-ndc,ISL,2025-09-30,0.0,,,,final,"Climate Watch: No, no quantified non-CO2 target.",,,non-co2-target
ndc.climate-watch.2025-ndc,ITA,2025-11-05,1.0,,,,final,"Climate Watch: Yes, quantified non-CO2 target included.",,,non-co2-target
ndc.climate-watch.2025-ndc,JAM,2025-09-22,0.0,,,,final,"Climate Watch: No, no quantified non-CO2 target.",,,non-co2-target
ndc.climate-watch.2025-ndc,JPN,2025-02-18,0.0,,,,final,"Climate Watch: No, no quantified non-CO2 target.",,,non-co2-target
ndc.climate-watch.2025-ndc,KAZ,2025-11-26,1.0,,,,final,"Climate Watch: Yes, quantified non-CO2 target included.",,,non-co2-target
ndc.climate-watch.2025-ndc,KEN,2025-04-30,0.0,,,,final,"Climate Watch: No, no quantified non-CO2 target.",,,non-co2-target
ndc.climate-watch.2025-ndc,KGZ,2025-10-02,1.0,,,,final,"Climate Watch: Yes, quantified non-CO2 target included.",,,non-co2-target
ndc.climate-watch.2025-ndc,KHM,2025-08-08,1.0,,,,final,"Climate Watch: Yes, quantified non-CO2 target included.",,,non-co2-target
ndc.climate-watch.2025-ndc,KOR,2025-12-26,0.0,,,,final,"Climate Watch: No, no quantified non-CO2 target.",,,non-co2-target
ndc.climate-watch.2025-ndc,LBN,2025-09-30,0.0,,,,final,"Climate Watch: No, no quantified non-CO2 target.",,,non-co2-target
ndc.climate-watch.2025-ndc,LBR,2025-09-24,1.0,,,,final,"Climate Watch: Yes, quantified non-CO2 target included.",,,non-co2-target
ndc.climate-watch.2025-ndc,LCA,2025-02-06,1.0,,,,final,"Climate Watch: Yes, quantified non-CO2 target included.",,,non-co2-target
ndc.climate-watch.2025-ndc,LIE,2025-09-10,0.0,,,,final,"Climate Watch: No, no quantified non-CO2 target.",,,non-co2-target
ndc.climate-watch.2025-ndc,LKA,2025-09-25,1.0,,,,final,"Climate Watch: Yes, quantified non-CO2 target included.",,,non-co2-target
ndc.climate-watch.2025-ndc,LTU,2025-11-05,1.0,,,,final,"Climate Watch: Yes, quantified non-CO2 target included.",,,non-co2-target
ndc.climate-watch.2025-ndc,LUX,2025-11-05,1.0,,,,final,"Climate Watch: Yes, quantified non-CO2 target included.",,,non-co2-target
ndc.climate-watch.2025-ndc,LVA,2025-11-05,1.0,,,,final,"Climate Watch: Yes, quantified non-CO2 target included.",,,non-co2-target
ndc.climate-watch.2025-ndc,MAR,2025-09-30,1.0,,,,final,"Climate Watch: Yes, quantified non-CO2 target included.",,,non-co2-target
ndc.climate-watch.2025-ndc,MCO,2025-07-16,0.0,,,,final,"Climate Watch: No, no quantified non-CO2 target.",,,non-co2-target
ndc.climate-watch.2025-ndc,MDA,2025-05-06,1.0,,,,final,"Climate Watch: Yes, quantified non-CO2 target included.",,,non-co2-target
ndc.climate-watch.2025-ndc,MDV,2025-02-27,0.0,,,,final,"Climate Watch: No, no quantified non-CO2 target.",,,non-co2-target
ndc.climate-watch.2025-ndc,MEX,2025-11-17,1.0,,,,final,"Climate Watch: Yes, quantified non-CO2 target included.",,,non-co2-target
ndc.climate-watch.2025-ndc,MHL,2025-02-10,0.0,,,,final,"Climate Watch: No, no quantified non-CO2 target.",,,non-co2-target
ndc.climate-watch.2025-ndc,MLT,2025-11-05,1.0,,,,final,"Climate Watch: Yes, quantified non-CO2 target included.",,,non-co2-target
ndc.climate-watch.2025-ndc,MNE,2025-02-21,0.0,,,,final,"Climate Watch: No, no quantified non-CO2 target.",,,non-co2-target
ndc.climate-watch.2025-ndc,MNG,2025-09-24,0.0,,,,final,"Climate Watch: No, no quantified non-CO2 target.",,,non-co2-target
ndc.climate-watch.2025-ndc,MOZ,2025-11-05,0.0,,,,final,"Climate Watch: No, no quantified non-CO2 target.",,,non-co2-target
ndc.climate-watch.2025-ndc,MRT,2025-10-28,0.0,,,,final,"Climate Watch: No, no quantified non-CO2 target.",,,non-co2-target
ndc.climate-watch.2025-ndc,MUS,2025-09-29,1.0,,,,final,"Climate Watch: Yes, quantified non-CO2 target included.",,,non-co2-target
ndc.climate-watch.2025-ndc,MWI,2026-07-01,1.0,,,,final,"Climate Watch: Yes, quantified non-CO2 target included.",,,non-co2-target
ndc.climate-watch.2025-ndc,MYS,2025-10-24,0.0,,,,final,"Climate Watch: No, no quantified non-CO2 target.",,,non-co2-target
ndc.climate-watch.2025-ndc,NGA,2025-09-22,1.0,,,,final,"Climate Watch: Yes, quantified non-CO2 target included.",,,non-co2-target
ndc.climate-watch.2025-ndc,NIC,2025-09-19,1.0,,,,final,"Climate Watch: Yes, quantified non-CO2 target included.",,,non-co2-target
ndc.climate-watch.2025-ndc,NIU,2025-07-17,0.0,,,,final,"Climate Watch: No, no quantified non-CO2 target.",,,non-co2-target
ndc.climate-watch.2025-ndc,NLD,2025-11-05,1.0,,,,final,"Climate Watch: Yes, quantified non-CO2 target included.",,,non-co2-target
ndc.climate-watch.2025-ndc,NOR,2025-06-26,0.0,,,,final,"Climate Watch: No, no quantified non-CO2 target.",,,non-co2-target
ndc.climate-watch.2025-ndc,NPL,2025-05-19,0.0,,,,final,"Climate Watch: No, no quantified non-CO2 target.",,,non-co2-target
ndc.climate-watch.2025-ndc,NRU,2026-01-08,0.0,,,,final,"Climate Watch: No, no quantified non-CO2 target.",,,non-co2-target
ndc.climate-watch.2025-ndc,NZL,2025-01-31,0.0,,,,final,"Climate Watch: No, no quantified non-CO2 target.",,,non-co2-target
ndc.climate-watch.2025-ndc,OMN,2026-07-30,0.0,,,,final,"Climate Watch: No, no quantified non-CO2 target.",,,non-co2-target
ndc.climate-watch.2025-ndc,PAK,2025-09-24,0.0,,,,final,"Climate Watch: No, no quantified non-CO2 target.",,,non-co2-target
ndc.climate-watch.2025-ndc,PAN,2025-11-27,0.0,,,,final,"Climate Watch: No, no quantified non-CO2 target.",,,non-co2-target
ndc.climate-watch.2025-ndc,PER,2025-11-06,1.0,,,,final,"Climate Watch: Yes, quantified non-CO2 target included.",,,non-co2-target
ndc.climate-watch.2025-ndc,PLW,2026-01-29,0.0,,,,final,"Climate Watch: No, no quantified non-CO2 target.",,,non-co2-target
ndc.climate-watch.2025-ndc,POL,2025-11-05,1.0,,,,final,"Climate Watch: Yes, quantified non-CO2 target included.",,,non-co2-target
ndc.climate-watch.2025-ndc,PRT,2025-11-05,1.0,,,,final,"Climate Watch: Yes, quantified non-CO2 target included.",,,non-co2-target
ndc.climate-watch.2025-ndc,PRY,2025-11-06,1.0,,,,final,"Climate Watch: Yes, quantified non-CO2 target included.",,,non-co2-target
ndc.climate-watch.2025-ndc,QAT,2025-11-21,0.0,,,,final,"Climate Watch: No, no quantified non-CO2 target.",,,non-co2-target
ndc.climate-watch.2025-ndc,ROU,2025-11-05,1.0,,,,final,"Climate Watch: Yes, quantified non-CO2 target included.",,,non-co2-target
ndc.climate-watch.2025-ndc,RUS,2025-09-29,0.0,,,,final,"Climate Watch: No, no quantified non-CO2 target.",,,non-co2-target
ndc.climate-watch.2025-ndc,RWA,2025-12-08,1.0,,,,final,"Climate Watch: Yes, quantified non-CO2 target included.",,,non-co2-target
ndc.climate-watch.2025-ndc,SAU,2025-12-31,0.0,,,,final,"Climate Watch: No, no quantified non-CO2 target.",,,non-co2-target
ndc.climate-watch.2025-ndc,SGP,2025-02-10,0.0,,,,final,"Climate Watch: No, no quantified non-CO2 target.",,,non-co2-target
ndc.climate-watch.2025-ndc,SLB,2025-08-13,0.0,,,,final,"Climate Watch: No, no quantified non-CO2 target.",,,non-co2-target
ndc.climate-watch.2025-ndc,SLE,2025-12-09,1.0,,,,final,"Climate Watch: Yes, quantified non-CO2 target included.",,,non-co2-target
ndc.climate-watch.2025-ndc,SLV,2025-12-24,1.0,,,,final,"Climate Watch: Yes, quantified non-CO2 target included.",,,non-co2-target
ndc.climate-watch.2025-ndc,SOM,2025-09-08,0.0,,,,final,"Climate Watch: No, no quantified non-CO2 target.",,,non-co2-target
ndc.climate-watch.2025-ndc,SRB,2025-09-12,0.0,,,,final,"Climate Watch: No, no quantified non-CO2 target.",,,non-co2-target
ndc.climate-watch.2025-ndc,STP,2026-08-31,1.0,,,,final,"Climate Watch: Yes, quantified non-CO2 target included.",,,non-co2-target
ndc.climate-watch.2025-ndc,SUR,2025-11-05,0.0,,,,final,"Climate Watch: No, no quantified non-CO2 target.",,,non-co2-target
ndc.climate-watch.2025-ndc,SVK,2025-11-05,1.0,,,,final,"Climate Watch: Yes, quantified non-CO2 target included.",,,non-co2-target
ndc.climate-watch.2025-ndc,SVN,2025-11-05,1.0,,,,final,"Climate Watch: Yes, quantified non-CO2 target included.",,,non-co2-target
ndc.climate-watch.2025-ndc,SWE,2025-11-05,1.0,,,,final,"Climate Watch: Yes, quantified non-CO2 target included.",,,non-co2-target
ndc.climate-watch.2025-ndc,SWZ,2025-09-22,1.0,,,,final,"Climate Watch: Yes, quantified non-CO2 target included.",,,non-co2-target
ndc.climate-watch.2025-ndc,SYC,2025-09-30,1.0,,,,final,"Climate Watch: Yes, quantified non-CO2 target included.",,,non-co2-target
ndc.climate-watch.2025-ndc,THA,2025-11-04,0.0,,,,final,"Climate Watch: No, no quantified non-CO2 target.",,,non-co2-target
ndc.climate-watch.2025-ndc,TON,2025-09-23,1.0,,,,final,"Climate Watch: Yes, quantified non-CO2 target included.",,,non-co2-target
ndc.climate-watch.2025-ndc,TTO,2026-01-26,0.0,,,,final,"Climate Watch: No, no quantified non-CO2 target.",,,non-co2-target
ndc.climate-watch.2025-ndc,TUN,2025-09-22,0.0,,,,final,"Climate Watch: No, no quantified non-CO2 target.",,,non-co2-target
ndc.climate-watch.2025-ndc,TUR,2025-11-09,0.0,,,,final,"Climate Watch: No, no quantified non-CO2 target.",,,non-co2-target
ndc.climate-watch.2025-ndc,TUV,2025-09-26,0.0,,,,final,"Climate Watch: No, no quantified non-CO2 target.",,,non-co2-target
ndc.climate-watch.2025-ndc,UKR,2025-11-11,0.0,,,,final,"Climate Watch: No, no quantified non-CO2 target.",,,non-co2-target
ndc.climate-watch.2025-ndc,URY,2024-12-30,1.0,,,,final,"Climate Watch: Yes, quantified non-CO2 target included.",,,non-co2-target
ndc.climate-watch.2025-ndc,USA,2024-12-19,1.0,,,,final,"Climate Watch: Yes, quantified non-CO2 target included.",,,non-co2-target
ndc.climate-watch.2025-ndc,UZB,2025-11-06,1.0,,,,final,"Climate Watch: Yes, quantified non-CO2 target included.",,,non-co2-target
ndc.climate-watch.2025-ndc,VAT,2025-09-16,0.0,,,,final,"Climate Watch: No, no quantified non-CO2 target.",,,non-co2-target
ndc.climate-watch.2025-ndc,VEN,2025-10-28,0.0,,,,final,"Climate Watch: No, no quantified non-CO2 target.",,,non-co2-target
ndc.climate-watch.2025-ndc,VUT,2025-09-24,0.0,,,,final,"Climate Watch: No, no quantified non-CO2 target.",,,non-co2-target
ndc.climate-watch.2025-ndc,WSM,2026-01-14,0.0,,,,final,"Climate Watch: No, no quantified non-CO2 target.",,,non-co2-target
ndc.climate-watch.2025-ndc,YEM,2025-11-17,0.0,,,,final,"Climate Watch: No, no quantified non-CO2 target.",,,non-co2-target
ndc.climate-watch.2025-ndc,ZAF,2025-10-24,0.0,,,,final,"Climate Watch: No, no quantified non-CO2 target.",,,non-co2-target
ndc.climate-watch.2025-ndc,ZMB,2025-10-28,0.0,,,,final,"Climate Watch: No, no quantified non-CO2 target.",,,non-co2-target
ndc.climate-watch.2025-ndc,ZWE,2025-02-10,1.0,,,,final,"Climate Watch: Yes, quantified non-CO2 target included.",,,non-co2-target
ndc.climate-watch.2025-ndc,AGO,2025-09-13,0.0,,,,final,"Climate Watch: No, no enhancement in the revised submission.",,,strengthened-2030-target
ndc.climate-watch.2025-ndc,AND,2025-02-05,0.0,,,,final,"Climate Watch: No, no enhancement in the revised submission.",,,strengthened-2030-target
ndc.climate-watch.2025-ndc,ARE,2024-11-06,0.0,,,,final,"Climate Watch: No, no enhancement in the revised submission.",,,strengthened-2030-target
ndc.climate-watch.2025-ndc,ARM,2025-12-31,0.0,,,,final,"Climate Watch: No, no enhancement in the revised submission.",,,strengthened-2030-target
ndc.climate-watch.2025-ndc,AUS,2025-09-18,0.0,,,,final,"Climate Watch: No, no enhancement in the revised submission.",,,strengthened-2030-target
ndc.climate-watch.2025-ndc,AUT,2025-11-05,0.0,,,,final,"Climate Watch: No, no enhancement in the revised submission.",,,strengthened-2030-target
ndc.climate-watch.2025-ndc,AZE,2025-11-05,0.0,,,,final,"Climate Watch: No, no enhancement in the revised submission.",,,strengthened-2030-target
ndc.climate-watch.2025-ndc,BDI,2025-11-10,0.0,,,,final,"Climate Watch: No, no enhancement in the revised submission.",,,strengthened-2030-target
ndc.climate-watch.2025-ndc,BEL,2025-11-05,0.0,,,,final,"Climate Watch: No, no enhancement in the revised submission.",,,strengthened-2030-target
ndc.climate-watch.2025-ndc,BEN,2026-06-02,0.0,,,,final,"Climate Watch: No, no enhancement in the revised submission.",,,strengthened-2030-target
ndc.climate-watch.2025-ndc,BFA,2025-12-31,1.0,,,,final,"Climate Watch: Yes, enhancement in the revised submission.",,,strengthened-2030-target
ndc.climate-watch.2025-ndc,BGD,2025-09-24,0.0,,,,final,"Climate Watch: No, no enhancement in the revised submission.",,,strengthened-2030-target
ndc.climate-watch.2025-ndc,BGR,2025-11-05,0.0,,,,final,"Climate Watch: No, no enhancement in the revised submission.",,,strengthened-2030-target
ndc.climate-watch.2025-ndc,BHR,2025-12-01,0.0,,,,final,"Climate Watch: No, no enhancement in the revised submission.",,,strengthened-2030-target
ndc.climate-watch.2025-ndc,BHS,2025-11-07,0.0,,,,final,"Climate Watch: No, no enhancement in the revised submission.",,,strengthened-2030-target
ndc.climate-watch.2025-ndc,BLR,2025-11-10,1.0,,,,final,"Climate Watch: Yes, enhancement in the revised submission.",,,strengthened-2030-target
ndc.climate-watch.2025-ndc,BLZ,2025-06-14,0.0,,,,final,"Climate Watch: No, no enhancement in the revised submission.",,,strengthened-2030-target
ndc.climate-watch.2025-ndc,BOL,2025-09-29,0.0,,,,final,"Climate Watch: No, no enhancement in the revised submission.",,,strengthened-2030-target
ndc.climate-watch.2025-ndc,BRA,2024-11-13,0.0,,,,final,"Climate Watch: No, no enhancement in the revised submission.",,,strengthened-2030-target
ndc.climate-watch.2025-ndc,BRB,2025-08-30,0.0,,,,final,"Climate Watch: No, no enhancement in the revised submission.",,,strengthened-2030-target
ndc.climate-watch.2025-ndc,BRN,2025-10-28,0.0,,,,final,"Climate Watch: No, no enhancement in the revised submission.",,,strengthened-2030-target
ndc.climate-watch.2025-ndc,BTN,2025-11-10,0.0,,,,final,"Climate Watch: No, no enhancement in the revised submission.",,,strengthened-2030-target
ndc.climate-watch.2025-ndc,CAF,2026-03-09,0.0,,,,final,"Climate Watch: No, no enhancement in the revised submission.",,,strengthened-2030-target
ndc.climate-watch.2025-ndc,CAN,2025-02-12,0.0,,,,final,"Climate Watch: No, no enhancement in the revised submission.",,,strengthened-2030-target
ndc.climate-watch.2025-ndc,CHE,2025-01-29,0.0,,,,final,"Climate Watch: No, no enhancement in the revised submission.",,,strengthened-2030-target
ndc.climate-watch.2025-ndc,CHL,2025-09-23,0.0,,,,final,"Climate Watch: No, no enhancement in the revised submission.",,,strengthened-2030-target
ndc.climate-watch.2025-ndc,CHN,2025-11-03,0.0,,,,final,"Climate Watch: No, no enhancement in the revised submission.",,,strengthened-2030-target
ndc.climate-watch.2025-ndc,CIV,2025-10-29,0.0,,,,final,"Climate Watch: No, no enhancement in the revised submission.",,,strengthened-2030-target
ndc.climate-watch.2025-ndc,CMR,2026-06-17,0.0,,,,final,"Climate Watch: No, no enhancement in the revised submission.",,,strengthened-2030-target
ndc.climate-watch.2025-ndc,COG,2026-02-12,1.0,,,,final,"Climate Watch: Yes, enhancement in the revised submission.",,,strengthened-2030-target
ndc.climate-watch.2025-ndc,COL,2025-12-19,0.0,,,,final,"Climate Watch: No, no enhancement in the revised submission.",,,strengthened-2030-target
ndc.climate-watch.2025-ndc,COM,2026-03-30,1.0,,,,final,"Climate Watch: Yes, enhancement in the revised submission.",,,strengthened-2030-target
ndc.climate-watch.2025-ndc,CPV,2025-11-01,0.0,,,,final,"Climate Watch: No, no enhancement in the revised submission.",,,strengthened-2030-target
ndc.climate-watch.2025-ndc,CRI,2025-11-14,0.0,,,,final,"Climate Watch: No, no enhancement in the revised submission.",,,strengthened-2030-target
ndc.climate-watch.2025-ndc,CUB,2025-02-27,0.0,,,,final,"Climate Watch: No, no enhancement in the revised submission.",,,strengthened-2030-target
ndc.climate-watch.2025-ndc,CYP,2025-11-05,0.0,,,,final,"Climate Watch: No, no enhancement in the revised submission.",,,strengthened-2030-target
ndc.climate-watch.2025-ndc,CZE,2025-11-05,0.0,,,,final,"Climate Watch: No, no enhancement in the revised submission.",,,strengthened-2030-target
ndc.climate-watch.2025-ndc,DEU,2025-11-05,0.0,,,,final,"Climate Watch: No, no enhancement in the revised submission.",,,strengthened-2030-target
ndc.climate-watch.2025-ndc,DNK,2025-11-05,0.0,,,,final,"Climate Watch: No, no enhancement in the revised submission.",,,strengthened-2030-target
ndc.climate-watch.2025-ndc,DOM,2026-06-09,1.0,,,,final,"Climate Watch: Yes, enhancement in the revised submission.",,,strengthened-2030-target
ndc.climate-watch.2025-ndc,DZA,2026-06-26,0.0,,,,final,"Climate Watch: No, no enhancement in the revised submission.",,,strengthened-2030-target
ndc.climate-watch.2025-ndc,ECU,2025-02-06,0.0,,,,final,"Climate Watch: No, no enhancement in the revised submission.",,,strengthened-2030-target
ndc.climate-watch.2025-ndc,ERI,2026-02-18,1.0,,,,final,"Climate Watch: Yes, enhancement in the revised submission.",,,strengthened-2030-target
ndc.climate-watch.2025-ndc,ESP,2025-11-05,0.0,,,,final,"Climate Watch: No, no enhancement in the revised submission.",,,strengthened-2030-target
ndc.climate-watch.2025-ndc,EST,2025-11-05,0.0,,,,final,"Climate Watch: No, no enhancement in the revised submission.",,,strengthened-2030-target
ndc.climate-watch.2025-ndc,ETH,2025-09-26,1.0,,,,final,"Climate Watch: Yes, enhancement in the revised submission.",,,strengthened-2030-target
ndc.climate-watch.2025-ndc,EU27,2025-11-05,0.0,,,,final,"Climate Watch: No, no enhancement in the revised submission.",,,strengthened-2030-target
ndc.climate-watch.2025-ndc,FIN,2025-11-05,0.0,,,,final,"Climate Watch: No, no enhancement in the revised submission.",,,strengthened-2030-target
ndc.climate-watch.2025-ndc,FJI,2025-11-06,0.0,,,,final,"Climate Watch: No, no enhancement in the revised submission.",,,strengthened-2030-target
ndc.climate-watch.2025-ndc,FRA,2025-11-05,0.0,,,,final,"Climate Watch: No, no enhancement in the revised submission.",,,strengthened-2030-target
ndc.climate-watch.2025-ndc,FSM,2025-09-24,1.0,,,,final,"Climate Watch: Yes, enhancement in the revised submission.",,,strengthened-2030-target
ndc.climate-watch.2025-ndc,GAB,2025-12-24,1.0,,,,final,"Climate Watch: Yes, enhancement in the revised submission.",,,strengthened-2030-target
ndc.climate-watch.2025-ndc,GBR,2025-01-30,0.0,,,,final,"Climate Watch: No, no enhancement in the revised submission.",,,strengthened-2030-target
ndc.climate-watch.2025-ndc,GEO,2026-03-25,1.0,,,,final,"Climate Watch: Yes, enhancement in the revised submission.",,,strengthened-2030-target
ndc.climate-watch.2025-ndc,GIN,2025-11-06,0.0,,,,final,"Climate Watch: No, no enhancement in the revised submission.",,,strengthened-2030-target
ndc.climate-watch.2025-ndc,GMB,2026-08-31,0.0,,,,final,"Climate Watch: No, no enhancement in the revised submission.",,,strengthened-2030-target
ndc.climate-watch.2025-ndc,GRC,2025-11-05,0.0,,,,final,"Climate Watch: No, no enhancement in the revised submission.",,,strengthened-2030-target
ndc.climate-watch.2025-ndc,GUY,2026-07-01,0.0,,,,final,"Climate Watch: No, no enhancement in the revised submission.",,,strengthened-2030-target
ndc.climate-watch.2025-ndc,HND,2026-01-20,1.0,,,,final,"Climate Watch: Yes, enhancement in the revised submission.",,,strengthened-2030-target
ndc.climate-watch.2025-ndc,HRV,2025-11-05,0.0,,,,final,"Climate Watch: No, no enhancement in the revised submission.",,,strengthened-2030-target
ndc.climate-watch.2025-ndc,HUN,2025-11-05,0.0,,,,final,"Climate Watch: No, no enhancement in the revised submission.",,,strengthened-2030-target
ndc.climate-watch.2025-ndc,IDN,2025-10-27,0.0,,,,final,"Climate Watch: No, no enhancement in the revised submission.",,,strengthened-2030-target
ndc.climate-watch.2025-ndc,IND,2026-04-24,0.0,,,,final,"Climate Watch: No, no enhancement in the revised submission.",,,strengthened-2030-target
ndc.climate-watch.2025-ndc,IRL,2025-11-05,0.0,,,,final,"Climate Watch: No, no enhancement in the revised submission.",,,strengthened-2030-target
ndc.climate-watch.2025-ndc,IRQ,2025-11-13,1.0,,,,final,"Climate Watch: Yes, enhancement in the revised submission.",,,strengthened-2030-target
ndc.climate-watch.2025-ndc,ISL,2025-09-30,0.0,,,,final,"Climate Watch: No, no enhancement in the revised submission.",,,strengthened-2030-target
ndc.climate-watch.2025-ndc,ITA,2025-11-05,0.0,,,,final,"Climate Watch: No, no enhancement in the revised submission.",,,strengthened-2030-target
ndc.climate-watch.2025-ndc,JAM,2025-09-22,1.0,,,,final,"Climate Watch: Yes, enhancement in the revised submission.",,,strengthened-2030-target
ndc.climate-watch.2025-ndc,JPN,2025-02-18,0.0,,,,final,"Climate Watch: No, no enhancement in the revised submission.",,,strengthened-2030-target
ndc.climate-watch.2025-ndc,KAZ,2025-11-26,0.0,,,,final,"Climate Watch: No, no enhancement in the revised submission.",,,strengthened-2030-target
ndc.climate-watch.2025-ndc,KEN,2025-04-30,0.0,,,,final,"Climate Watch: No, no enhancement in the revised submission.",,,strengthened-2030-target
ndc.climate-watch.2025-ndc,KGZ,2025-10-02,0.0,,,,final,"Climate Watch: No, no enhancement in the revised submission.",,,strengthened-2030-target
ndc.climate-watch.2025-ndc,KHM,2025-08-08,0.0,,,,final,"Climate Watch: No, no enhancement in the revised submission.",,,strengthened-2030-target
ndc.climate-watch.2025-ndc,KOR,2025-12-26,0.0,,,,final,"Climate Watch: No, no enhancement in the revised submission.",,,strengthened-2030-target
ndc.climate-watch.2025-ndc,LBN,2025-09-30,0.0,,,,final,"Climate Watch: No, no enhancement in the revised submission.",,,strengthened-2030-target
ndc.climate-watch.2025-ndc,LBR,2025-09-24,0.0,,,,final,"Climate Watch: No, no enhancement in the revised submission.",,,strengthened-2030-target
ndc.climate-watch.2025-ndc,LCA,2025-02-06,1.0,,,,final,"Climate Watch: Yes, enhancement in the revised submission.",,,strengthened-2030-target
ndc.climate-watch.2025-ndc,LIE,2025-09-10,1.0,,,,final,"Climate Watch: Yes, enhancement in the revised submission.",,,strengthened-2030-target
ndc.climate-watch.2025-ndc,LKA,2025-09-25,0.0,,,,final,"Climate Watch: No, no enhancement in the revised submission.",,,strengthened-2030-target
ndc.climate-watch.2025-ndc,LTU,2025-11-05,0.0,,,,final,"Climate Watch: No, no enhancement in the revised submission.",,,strengthened-2030-target
ndc.climate-watch.2025-ndc,LUX,2025-11-05,0.0,,,,final,"Climate Watch: No, no enhancement in the revised submission.",,,strengthened-2030-target
ndc.climate-watch.2025-ndc,LVA,2025-11-05,0.0,,,,final,"Climate Watch: No, no enhancement in the revised submission.",,,strengthened-2030-target
ndc.climate-watch.2025-ndc,MAR,2025-09-30,0.0,,,,final,"Climate Watch: No, no enhancement in the revised submission.",,,strengthened-2030-target
ndc.climate-watch.2025-ndc,MCO,2025-07-16,0.0,,,,final,"Climate Watch: No, no enhancement in the revised submission.",,,strengthened-2030-target
ndc.climate-watch.2025-ndc,MDA,2025-05-06,1.0,,,,final,"Climate Watch: Yes, enhancement in the revised submission.",,,strengthened-2030-target
ndc.climate-watch.2025-ndc,MDG,2026-09-08,0.0,,,,final,"Climate Watch: No, no enhancement in the revised submission.",,,strengthened-2030-target
ndc.climate-watch.2025-ndc,MDV,2025-02-27,0.0,,,,final,"Climate Watch: No, no enhancement in the revised submission.",,,strengthened-2030-target
ndc.climate-watch.2025-ndc,MEX,2025-11-17,0.0,,,,final,"Climate Watch: No, no enhancement in the revised submission.",,,strengthened-2030-target
ndc.climate-watch.2025-ndc,MHL,2025-02-10,0.0,,,,final,"Climate Watch: No, no enhancement in the revised submission.",,,strengthened-2030-target
ndc.climate-watch.2025-ndc,MLT,2025-11-05,0.0,,,,final,"Climate Watch: No, no enhancement in the revised submission.",,,strengthened-2030-target
ndc.climate-watch.2025-ndc,MNE,2025-02-21,1.0,,,,final,"Climate Watch: Yes, enhancement in the revised submission.",,,strengthened-2030-target
ndc.climate-watch.2025-ndc,MNG,2025-09-24,1.0,,,,final,"Climate Watch: Yes, enhancement in the revised submission.",,,strengthened-2030-target
ndc.climate-watch.2025-ndc,MOZ,2025-11-05,0.0,,,,final,"Climate Watch: No, no enhancement in the revised submission.",,,strengthened-2030-target
ndc.climate-watch.2025-ndc,MRT,2025-10-28,0.0,,,,final,"Climate Watch: No, no enhancement in the revised submission.",,,strengthened-2030-target
ndc.climate-watch.2025-ndc,MUS,2025-09-29,0.0,,,,final,"Climate Watch: No, no enhancement in the revised submission.",,,strengthened-2030-target
ndc.climate-watch.2025-ndc,MWI,2026-07-01,1.0,,,,final,"Climate Watch: Yes, enhancement in the revised submission.",,,strengthened-2030-target
ndc.climate-watch.2025-ndc,MYS,2025-10-24,0.0,,,,final,"Climate Watch: No, no enhancement in the revised submission.",,,strengthened-2030-target
ndc.climate-watch.2025-ndc,NGA,2025-09-22,0.0,,,,final,"Climate Watch: No, no enhancement in the revised submission.",,,strengthened-2030-target
ndc.climate-watch.2025-ndc,NIC,2025-09-19,0.0,,,,final,"Climate Watch: No, no enhancement in the revised submission.",,,strengthened-2030-target
ndc.climate-watch.2025-ndc,NIU,2025-07-17,0.0,,,,final,"Climate Watch: No, no enhancement in the revised submission.",,,strengthened-2030-target
ndc.climate-watch.2025-ndc,NLD,2025-11-05,0.0,,,,final,"Climate Watch: No, no enhancement in the revised submission.",,,strengthened-2030-target
ndc.climate-watch.2025-ndc,NOR,2025-06-26,0.0,,,,final,"Climate Watch: No, no enhancement in the revised submission.",,,strengthened-2030-target
ndc.climate-watch.2025-ndc,NPL,2025-05-19,1.0,,,,final,"Climate Watch: Yes, enhancement in the revised submission.",,,strengthened-2030-target
ndc.climate-watch.2025-ndc,NRU,2026-01-08,0.0,,,,final,"Climate Watch: No, no enhancement in the revised submission.",,,strengthened-2030-target
ndc.climate-watch.2025-ndc,NZL,2025-01-31,0.0,,,,final,"Climate Watch: No, no enhancement in the revised submission.",,,strengthened-2030-target
ndc.climate-watch.2025-ndc,OMN,2026-07-30,0.0,,,,final,"Climate Watch: No, no enhancement in the revised submission.",,,strengthened-2030-target
ndc.climate-watch.2025-ndc,PAK,2025-09-24,0.0,,,,final,"Climate Watch: No, no enhancement in the revised submission.",,,strengthened-2030-target
ndc.climate-watch.2025-ndc,PAN,2025-11-27,0.0,,,,final,"Climate Watch: No, no enhancement in the revised submission.",,,strengthened-2030-target
ndc.climate-watch.2025-ndc,PER,2025-11-06,0.0,,,,final,"Climate Watch: No, no enhancement in the revised submission.",,,strengthened-2030-target
ndc.climate-watch.2025-ndc,PHL,2026-09-08,0.0,,,,final,"Climate Watch: No, no enhancement in the revised submission.",,,strengthened-2030-target
ndc.climate-watch.2025-ndc,PLW,2026-01-29,0.0,,,,final,"Climate Watch: No, no enhancement in the revised submission.",,,strengthened-2030-target
ndc.climate-watch.2025-ndc,POL,2025-11-05,0.0,,,,final,"Climate Watch: No, no enhancement in the revised submission.",,,strengthened-2030-target
ndc.climate-watch.2025-ndc,PRT,2025-11-05,0.0,,,,final,"Climate Watch: No, no enhancement in the revised submission.",,,strengthened-2030-target
ndc.climate-watch.2025-ndc,PRY,2025-11-06,1.0,,,,final,"Climate Watch: Yes, enhancement in the revised submission.",,,strengthened-2030-target
ndc.climate-watch.2025-ndc,PSE,2026-08-31,0.0,,,,final,"Climate Watch: No, no enhancement in the revised submission.",,,strengthened-2030-target
ndc.climate-watch.2025-ndc,QAT,2025-11-21,0.0,,,,final,"Climate Watch: No, no enhancement in the revised submission.",,,strengthened-2030-target
ndc.climate-watch.2025-ndc,ROU,2025-11-05,0.0,,,,final,"Climate Watch: No, no enhancement in the revised submission.",,,strengthened-2030-target
ndc.climate-watch.2025-ndc,RUS,2025-09-29,0.0,,,,final,"Climate Watch: No, no enhancement in the revised submission.",,,strengthened-2030-target
ndc.climate-watch.2025-ndc,RWA,2025-12-08,0.0,,,,final,"Climate Watch: No, no enhancement in the revised submission.",,,strengthened-2030-target
ndc.climate-watch.2025-ndc,SAU,2025-12-31,0.0,,,,final,"Climate Watch: No, no enhancement in the revised submission.",,,strengthened-2030-target
ndc.climate-watch.2025-ndc,SGP,2025-02-10,0.0,,,,final,"Climate Watch: No, no enhancement in the revised submission.",,,strengthened-2030-target
ndc.climate-watch.2025-ndc,SLB,2025-08-13,0.0,,,,final,"Climate Watch: No, no enhancement in the revised submission.",,,strengthened-2030-target
ndc.climate-watch.2025-ndc,SLE,2025-12-09,0.0,,,,final,"Climate Watch: No, no enhancement in the revised submission.",,,strengthened-2030-target
ndc.climate-watch.2025-ndc,SLV,2025-12-24,0.0,,,,final,"Climate Watch: No, no enhancement in the revised submission.",,,strengthened-2030-target
ndc.climate-watch.2025-ndc,SOM,2025-09-08,0.0,,,,final,"Climate Watch: No, no enhancement in the revised submission.",,,strengthened-2030-target
ndc.climate-watch.2025-ndc,SRB,2025-09-12,0.0,,,,final,"Climate Watch: No, no enhancement in the revised submission.",,,strengthened-2030-target
ndc.climate-watch.2025-ndc,STP,2026-08-31,0.0,,,,final,"Climate Watch: No, no enhancement in the revised submission.",,,strengthened-2030-target
ndc.climate-watch.2025-ndc,SUR,2025-11-05,0.0,,,,final,"Climate Watch: No, no enhancement in the revised submission.",,,strengthened-2030-target
ndc.climate-watch.2025-ndc,SVK,2025-11-05,0.0,,,,final,"Climate Watch: No, no enhancement in the revised submission.",,,strengthened-2030-target
ndc.climate-watch.2025-ndc,SVN,2025-11-05,0.0,,,,final,"Climate Watch: No, no enhancement in the revised submission.",,,strengthened-2030-target
ndc.climate-watch.2025-ndc,SWE,2025-11-05,0.0,,,,final,"Climate Watch: No, no enhancement in the revised submission.",,,strengthened-2030-target
ndc.climate-watch.2025-ndc,SWZ,2025-09-22,1.0,,,,final,"Climate Watch: Yes, enhancement in the revised submission.",,,strengthened-2030-target
ndc.climate-watch.2025-ndc,SYC,2025-09-30,1.0,,,,final,"Climate Watch: Yes, enhancement in the revised submission.",,,strengthened-2030-target
ndc.climate-watch.2025-ndc,TGO,2026-09-07,0.0,,,,final,"Climate Watch: No, no enhancement in the revised submission.",,,strengthened-2030-target
ndc.climate-watch.2025-ndc,THA,2025-11-04,0.0,,,,final,"Climate Watch: No, no enhancement in the revised submission.",,,strengthened-2030-target
ndc.climate-watch.2025-ndc,TLS,2026-06-09,0.0,,,,final,"Climate Watch: No, no enhancement in the revised submission.",,,strengthened-2030-target
ndc.climate-watch.2025-ndc,TON,2025-09-23,1.0,,,,final,"Climate Watch: Yes, enhancement in the revised submission.",,,strengthened-2030-target
ndc.climate-watch.2025-ndc,TTO,2026-01-26,0.0,,,,final,"Climate Watch: No, no enhancement in the revised submission.",,,strengthened-2030-target
ndc.climate-watch.2025-ndc,TUN,2025-09-22,1.0,,,,final,"Climate Watch: Yes, enhancement in the revised submission.",,,strengthened-2030-target
ndc.climate-watch.2025-ndc,TUR,2025-11-09,0.0,,,,final,"Climate Watch: No, no enhancement in the revised submission.",,,strengthened-2030-target
ndc.climate-watch.2025-ndc,TUV,2025-09-26,0.0,,,,final,"Climate Watch: No, no enhancement in the revised submission.",,,strengthened-2030-target
ndc.climate-watch.2025-ndc,UKR,2025-11-11,0.0,,,,final,"Climate Watch: No, no enhancement in the revised submission.",,,strengthened-2030-target
ndc.climate-watch.2025-ndc,URY,2024-12-30,0.0,,,,final,"Climate Watch: No, no enhancement in the revised submission.",,,strengthened-2030-target
ndc.climate-watch.2025-ndc,USA,2024-12-19,0.0,,,,final,"Climate Watch: No, no enhancement in the revised submission.",,,strengthened-2030-target
ndc.climate-watch.2025-ndc,UZB,2025-11-06,0.0,,,,final,"Climate Watch: No, no enhancement in the revised submission.",,,strengthened-2030-target
ndc.climate-watch.2025-ndc,VAT,2025-09-16,0.0,,,,final,"Climate Watch: No, no enhancement in the revised submission.",,,strengthened-2030-target
ndc.climate-watch.2025-ndc,VEN,2025-10-28,0.0,,,,final,"Climate Watch: No, no enhancement in the revised submission.",,,strengthened-2030-target
ndc.climate-watch.2025-ndc,VUT,2025-09-24,1.0,,,,final,"Climate Watch: Yes, enhancement in the revised submission.",,,strengthened-2030-target
ndc.climate-watch.2025-ndc,WSM,2026-01-14,0.0,,,,final,"Climate Watch: No, no enhancement in the revised submission.",,,strengthened-2030-target
ndc.climate-watch.2025-ndc,YEM,2025-11-17,0.0,,,,final,"Climate Watch: No, no enhancement in the revised submission.",,,strengthened-2030-target
ndc.climate-watch.2025-ndc,ZAF,2025-10-24,0.0,,,,final,"Climate Watch: No, no enhancement in the revised submission.",,,strengthened-2030-target
ndc.climate-watch.2025-ndc,ZMB,2025-10-28,1.0,,,,final,"Climate Watch: Yes, enhancement in the revised submission.",,,strengthened-2030-target
ndc.climate-watch.2025-ndc,ZWE,2025-02-10,0.0,,,,final,"Climate Watch: No, no enhancement in the revised submission.",,,strengthened-2030-target
ndc.climate-watch.2025-ndc,AGO,2025-09-13,1.0,,,,final,"Climate Watch: Yes, enhancement in the revised submission.",,,strengthened-adaptation
ndc.climate-watch.2025-ndc,AND,2025-02-05,1.0,,,,final,"Climate Watch: Yes, enhancement in the revised submission.",,,strengthened-adaptation
ndc.climate-watch.2025-ndc,ARE,2024-11-06,1.0,,,,final,"Climate Watch: Yes, enhancement in the revised submission.",,,strengthened-adaptation
ndc.climate-watch.2025-ndc,ARM,2025-12-31,1.0,,,,final,"Climate Watch: Yes, enhancement in the revised submission.",,,strengthened-adaptation
ndc.climate-watch.2025-ndc,AUS,2025-09-18,0.0,,,,final,"Climate Watch: No, no enhancement in the revised submission.",,,strengthened-adaptation
ndc.climate-watch.2025-ndc,AUT,2025-11-05,0.0,,,,final,"Climate Watch: No, no enhancement in the revised submission.",,,strengthened-adaptation
ndc.climate-watch.2025-ndc,AZE,2025-11-05,1.0,,,,final,"Climate Watch: Yes, enhancement in the revised submission.",,,strengthened-adaptation
ndc.climate-watch.2025-ndc,BDI,2025-11-10,1.0,,,,final,"Climate Watch: Yes, enhancement in the revised submission.",,,strengthened-adaptation
ndc.climate-watch.2025-ndc,BEL,2025-11-05,0.0,,,,final,"Climate Watch: No, no enhancement in the revised submission.",,,strengthened-adaptation
ndc.climate-watch.2025-ndc,BEN,2026-06-02,1.0,,,,final,"Climate Watch: Yes, enhancement in the revised submission.",,,strengthened-adaptation
ndc.climate-watch.2025-ndc,BFA,2025-12-31,1.0,,,,final,"Climate Watch: Yes, enhancement in the revised submission.",,,strengthened-adaptation
ndc.climate-watch.2025-ndc,BGD,2025-09-24,1.0,,,,final,"Climate Watch: Yes, enhancement in the revised submission.",,,strengthened-adaptation
ndc.climate-watch.2025-ndc,BGR,2025-11-05,0.0,,,,final,"Climate Watch: No, no enhancement in the revised submission.",,,strengthened-adaptation
ndc.climate-watch.2025-ndc,BHR,2025-12-01,1.0,,,,final,"Climate Watch: Yes, enhancement in the revised submission.",,,strengthened-adaptation
ndc.climate-watch.2025-ndc,BHS,2025-11-07,1.0,,,,final,"Climate Watch: Yes, enhancement in the revised submission.",,,strengthened-adaptation
ndc.climate-watch.2025-ndc,BLR,2025-11-10,0.0,,,,final,"Climate Watch: No, no enhancement in the revised submission.",,,strengthened-adaptation
ndc.climate-watch.2025-ndc,BLZ,2025-06-14,1.0,,,,final,"Climate Watch: Yes, enhancement in the revised submission.",,,strengthened-adaptation
ndc.climate-watch.2025-ndc,BOL,2025-09-29,1.0,,,,final,"Climate Watch: Yes, enhancement in the revised submission.",,,strengthened-adaptation
ndc.climate-watch.2025-ndc,BRA,2024-11-13,1.0,,,,final,"Climate Watch: Yes, enhancement in the revised submission.",,,strengthened-adaptation
ndc.climate-watch.2025-ndc,BRB,2025-08-30,1.0,,,,final,"Climate Watch: Yes, enhancement in the revised submission.",,,strengthened-adaptation
ndc.climate-watch.2025-ndc,BRN,2025-10-28,0.0,,,,final,"Climate Watch: No, no enhancement in the revised submission.",,,strengthened-adaptation
ndc.climate-watch.2025-ndc,BTN,2025-11-10,1.0,,,,final,"Climate Watch: Yes, enhancement in the revised submission.",,,strengthened-adaptation
ndc.climate-watch.2025-ndc,CAF,2026-03-09,1.0,,,,final,"Climate Watch: Yes, enhancement in the revised submission.",,,strengthened-adaptation
ndc.climate-watch.2025-ndc,CAN,2025-02-12,1.0,,,,final,"Climate Watch: Yes, enhancement in the revised submission.",,,strengthened-adaptation
ndc.climate-watch.2025-ndc,CHE,2025-01-29,0.0,,,,final,"Climate Watch: No, no enhancement in the revised submission.",,,strengthened-adaptation
ndc.climate-watch.2025-ndc,CHL,2025-09-23,1.0,,,,final,"Climate Watch: Yes, enhancement in the revised submission.",,,strengthened-adaptation
ndc.climate-watch.2025-ndc,CHN,2025-11-03,0.0,,,,final,"Climate Watch: No, no enhancement in the revised submission.",,,strengthened-adaptation
ndc.climate-watch.2025-ndc,CIV,2025-10-29,1.0,,,,final,"Climate Watch: Yes, enhancement in the revised submission.",,,strengthened-adaptation
ndc.climate-watch.2025-ndc,CMR,2026-06-17,1.0,,,,final,"Climate Watch: Yes, enhancement in the revised submission.",,,strengthened-adaptation
ndc.climate-watch.2025-ndc,COG,2026-02-12,1.0,,,,final,"Climate Watch: Yes, enhancement in the revised submission.",,,strengthened-adaptation
ndc.climate-watch.2025-ndc,COL,2025-12-19,1.0,,,,final,"Climate Watch: Yes, enhancement in the revised submission.",,,strengthened-adaptation
ndc.climate-watch.2025-ndc,COM,2026-03-30,1.0,,,,final,"Climate Watch: Yes, enhancement in the revised submission.",,,strengthened-adaptation
ndc.climate-watch.2025-ndc,CPV,2025-11-01,1.0,,,,final,"Climate Watch: Yes, enhancement in the revised submission.",,,strengthened-adaptation
ndc.climate-watch.2025-ndc,CRI,2025-11-14,1.0,,,,final,"Climate Watch: Yes, enhancement in the revised submission.",,,strengthened-adaptation
ndc.climate-watch.2025-ndc,CUB,2025-02-27,1.0,,,,final,"Climate Watch: Yes, enhancement in the revised submission.",,,strengthened-adaptation
ndc.climate-watch.2025-ndc,CYP,2025-11-05,0.0,,,,final,"Climate Watch: No, no enhancement in the revised submission.",,,strengthened-adaptation
ndc.climate-watch.2025-ndc,CZE,2025-11-05,0.0,,,,final,"Climate Watch: No, no enhancement in the revised submission.",,,strengthened-adaptation
ndc.climate-watch.2025-ndc,DEU,2025-11-05,0.0,,,,final,"Climate Watch: No, no enhancement in the revised submission.",,,strengthened-adaptation
ndc.climate-watch.2025-ndc,DNK,2025-11-05,0.0,,,,final,"Climate Watch: No, no enhancement in the revised submission.",,,strengthened-adaptation
ndc.climate-watch.2025-ndc,DOM,2026-06-09,1.0,,,,final,"Climate Watch: Yes, enhancement in the revised submission.",,,strengthened-adaptation
ndc.climate-watch.2025-ndc,DZA,2026-06-26,1.0,,,,final,"Climate Watch: Yes, enhancement in the revised submission.",,,strengthened-adaptation
ndc.climate-watch.2025-ndc,ECU,2025-02-06,1.0,,,,final,"Climate Watch: Yes, enhancement in the revised submission.",,,strengthened-adaptation
ndc.climate-watch.2025-ndc,ERI,2026-02-18,1.0,,,,final,"Climate Watch: Yes, enhancement in the revised submission.",,,strengthened-adaptation
ndc.climate-watch.2025-ndc,ESP,2025-11-05,0.0,,,,final,"Climate Watch: No, no enhancement in the revised submission.",,,strengthened-adaptation
ndc.climate-watch.2025-ndc,EST,2025-11-05,0.0,,,,final,"Climate Watch: No, no enhancement in the revised submission.",,,strengthened-adaptation
ndc.climate-watch.2025-ndc,ETH,2025-09-26,1.0,,,,final,"Climate Watch: Yes, enhancement in the revised submission.",,,strengthened-adaptation
ndc.climate-watch.2025-ndc,EU27,2025-11-05,0.0,,,,final,"Climate Watch: No, no enhancement in the revised submission.",,,strengthened-adaptation
ndc.climate-watch.2025-ndc,FIN,2025-11-05,0.0,,,,final,"Climate Watch: No, no enhancement in the revised submission.",,,strengthened-adaptation
ndc.climate-watch.2025-ndc,FJI,2025-11-06,1.0,,,,final,"Climate Watch: Yes, enhancement in the revised submission.",,,strengthened-adaptation
ndc.climate-watch.2025-ndc,FRA,2025-11-05,0.0,,,,final,"Climate Watch: No, no enhancement in the revised submission.",,,strengthened-adaptation
ndc.climate-watch.2025-ndc,FSM,2025-09-24,1.0,,,,final,"Climate Watch: Yes, enhancement in the revised submission.",,,strengthened-adaptation
ndc.climate-watch.2025-ndc,GAB,2025-12-24,1.0,,,,final,"Climate Watch: Yes, enhancement in the revised submission.",,,strengthened-adaptation
ndc.climate-watch.2025-ndc,GBR,2025-01-30,1.0,,,,final,"Climate Watch: Yes, enhancement in the revised submission.",,,strengthened-adaptation
ndc.climate-watch.2025-ndc,GEO,2026-03-25,1.0,,,,final,"Climate Watch: Yes, enhancement in the revised submission.",,,strengthened-adaptation
ndc.climate-watch.2025-ndc,GIN,2025-11-06,1.0,,,,final,"Climate Watch: Yes, enhancement in the revised submission.",,,strengthened-adaptation
ndc.climate-watch.2025-ndc,GMB,2026-08-31,1.0,,,,final,"Climate Watch: Yes, enhancement in the revised submission.",,,strengthened-adaptation
ndc.climate-watch.2025-ndc,GRC,2025-11-05,0.0,,,,final,"Climate Watch: No, no enhancement in the revised submission.",,,strengthened-adaptation
ndc.climate-watch.2025-ndc,GUY,2026-07-01,0.0,,,,final,"Climate Watch: No, no enhancement in the revised submission.",,,strengthened-adaptation
ndc.climate-watch.2025-ndc,HND,2026-01-20,0.0,,,,final,"Climate Watch: No, no enhancement in the revised submission.",,,strengthened-adaptation
ndc.climate-watch.2025-ndc,HRV,2025-11-05,0.0,,,,final,"Climate Watch: No, no enhancement in the revised submission.",,,strengthened-adaptation
ndc.climate-watch.2025-ndc,HUN,2025-11-05,0.0,,,,final,"Climate Watch: No, no enhancement in the revised submission.",,,strengthened-adaptation
ndc.climate-watch.2025-ndc,IDN,2025-10-27,1.0,,,,final,"Climate Watch: Yes, enhancement in the revised submission.",,,strengthened-adaptation
ndc.climate-watch.2025-ndc,IND,2026-04-24,0.0,,,,final,"Climate Watch: No, no enhancement in the revised submission.",,,strengthened-adaptation
ndc.climate-watch.2025-ndc,IRL,2025-11-05,0.0,,,,final,"Climate Watch: No, no enhancement in the revised submission.",,,strengthened-adaptation
ndc.climate-watch.2025-ndc,IRQ,2025-11-13,1.0,,,,final,"Climate Watch: Yes, enhancement in the revised submission.",,,strengthened-adaptation
ndc.climate-watch.2025-ndc,ISL,2025-09-30,0.0,,,,final,"Climate Watch: No, no enhancement in the revised submission.",,,strengthened-adaptation
ndc.climate-watch.2025-ndc,ITA,2025-11-05,0.0,,,,final,"Climate Watch: No, no enhancement in the revised submission.",,,strengthened-adaptation
ndc.climate-watch.2025-ndc,JAM,2025-09-22,0.0,,,,final,"Climate Watch: No, no enhancement in the revised submission.",,,strengthened-adaptation
ndc.climate-watch.2025-ndc,JPN,2025-02-18,0.0,,,,final,"Climate Watch: No, no enhancement in the revised submission.",,,strengthened-adaptation
ndc.climate-watch.2025-ndc,KAZ,2025-11-26,1.0,,,,final,"Climate Watch: Yes, enhancement in the revised submission.",,,strengthened-adaptation
ndc.climate-watch.2025-ndc,KEN,2025-04-30,1.0,,,,final,"Climate Watch: Yes, enhancement in the revised submission.",,,strengthened-adaptation
ndc.climate-watch.2025-ndc,KGZ,2025-10-02,1.0,,,,final,"Climate Watch: Yes, enhancement in the revised submission.",,,strengthened-adaptation
ndc.climate-watch.2025-ndc,KHM,2025-08-08,1.0,,,,final,"Climate Watch: Yes, enhancement in the revised submission.",,,strengthened-adaptation
ndc.climate-watch.2025-ndc,KOR,2025-12-26,0.0,,,,final,"Climate Watch: No, no enhancement in the revised submission.",,,strengthened-adaptation
ndc.climate-watch.2025-ndc,LBN,2025-09-30,1.0,,,,final,"Climate Watch: Yes, enhancement in the revised submission.",,,strengthened-adaptation
ndc.climate-watch.2025-ndc,LBR,2025-09-24,1.0,,,,final,"Climate Watch: Yes, enhancement in the revised submission.",,,strengthened-adaptation
ndc.climate-watch.2025-ndc,LCA,2025-02-06,1.0,,,,final,"Climate Watch: Yes, enhancement in the revised submission.",,,strengthened-adaptation
ndc.climate-watch.2025-ndc,LIE,2025-09-10,0.0,,,,final,"Climate Watch: No, no enhancement in the revised submission.",,,strengthened-adaptation
ndc.climate-watch.2025-ndc,LKA,2025-09-25,1.0,,,,final,"Climate Watch: Yes, enhancement in the revised submission.",,,strengthened-adaptation
ndc.climate-watch.2025-ndc,LTU,2025-11-05,0.0,,,,final,"Climate Watch: No, no enhancement in the revised submission.",,,strengthened-adaptation
ndc.climate-watch.2025-ndc,LUX,2025-11-05,0.0,,,,final,"Climate Watch: No, no enhancement in the revised submission.",,,strengthened-adaptation
ndc.climate-watch.2025-ndc,LVA,2025-11-05,0.0,,,,final,"Climate Watch: No, no enhancement in the revised submission.",,,strengthened-adaptation
ndc.climate-watch.2025-ndc,MAR,2025-09-30,1.0,,,,final,"Climate Watch: Yes, enhancement in the revised submission.",,,strengthened-adaptation
ndc.climate-watch.2025-ndc,MCO,2025-07-16,1.0,,,,final,"Climate Watch: Yes, enhancement in the revised submission.",,,strengthened-adaptation
ndc.climate-watch.2025-ndc,MDA,2025-05-06,1.0,,,,final,"Climate Watch: Yes, enhancement in the revised submission.",,,strengthened-adaptation
ndc.climate-watch.2025-ndc,MDG,2026-09-08,1.0,,,,final,"Climate Watch: Yes, enhancement in the revised submission.",,,strengthened-adaptation
ndc.climate-watch.2025-ndc,MDV,2025-02-27,1.0,,,,final,"Climate Watch: Yes, enhancement in the revised submission.",,,strengthened-adaptation
ndc.climate-watch.2025-ndc,MEX,2025-11-17,1.0,,,,final,"Climate Watch: Yes, enhancement in the revised submission.",,,strengthened-adaptation
ndc.climate-watch.2025-ndc,MHL,2025-02-10,1.0,,,,final,"Climate Watch: Yes, enhancement in the revised submission.",,,strengthened-adaptation
ndc.climate-watch.2025-ndc,MLT,2025-11-05,0.0,,,,final,"Climate Watch: No, no enhancement in the revised submission.",,,strengthened-adaptation
ndc.climate-watch.2025-ndc,MNE,2025-02-21,0.0,,,,final,"Climate Watch: No, no enhancement in the revised submission.",,,strengthened-adaptation
ndc.climate-watch.2025-ndc,MNG,2025-09-24,1.0,,,,final,"Climate Watch: Yes, enhancement in the revised submission.",,,strengthened-adaptation
ndc.climate-watch.2025-ndc,MOZ,2025-11-05,0.0,,,,final,"Climate Watch: No, no enhancement in the revised submission.",,,strengthened-adaptation
ndc.climate-watch.2025-ndc,MRT,2025-10-28,1.0,,,,final,"Climate Watch: Yes, enhancement in the revised submission.",,,strengthened-adaptation
ndc.climate-watch.2025-ndc,MUS,2025-09-29,1.0,,,,final,"Climate Watch: Yes, enhancement in the revised submission.",,,strengthened-adaptation
ndc.climate-watch.2025-ndc,MWI,2026-07-01,1.0,,,,final,"Climate Watch: Yes, enhancement in the revised submission.",,,strengthened-adaptation
ndc.climate-watch.2025-ndc,MYS,2025-10-24,1.0,,,,final,"Climate Watch: Yes, enhancement in the revised submission.",,,strengthened-adaptation
ndc.climate-watch.2025-ndc,NGA,2025-09-22,1.0,,,,final,"Climate Watch: Yes, enhancement in the revised submission.",,,strengthened-adaptation
ndc.climate-watch.2025-ndc,NIC,2025-09-19,1.0,,,,final,"Climate Watch: Yes, enhancement in the revised submission.",,,strengthened-adaptation
ndc.climate-watch.2025-ndc,NIU,2025-07-17,1.0,,,,final,"Climate Watch: Yes, enhancement in the revised submission.",,,strengthened-adaptation
ndc.climate-watch.2025-ndc,NLD,2025-11-05,0.0,,,,final,"Climate Watch: No, no enhancement in the revised submission.",,,strengthened-adaptation
ndc.climate-watch.2025-ndc,NOR,2025-06-26,0.0,,,,final,"Climate Watch: No, no enhancement in the revised submission.",,,strengthened-adaptation
ndc.climate-watch.2025-ndc,NPL,2025-05-19,1.0,,,,final,"Climate Watch: Yes, enhancement in the revised submission.",,,strengthened-adaptation
ndc.climate-watch.2025-ndc,NRU,2026-01-08,1.0,,,,final,"Climate Watch: Yes, enhancement in the revised submission.",,,strengthened-adaptation
ndc.climate-watch.2025-ndc,NZL,2025-01-31,0.0,,,,final,"Climate Watch: No, no enhancement in the revised submission.",,,strengthened-adaptation
ndc.climate-watch.2025-ndc,OMN,2026-07-30,1.0,,,,final,"Climate Watch: Yes, enhancement in the revised submission.",,,strengthened-adaptation
ndc.climate-watch.2025-ndc,PAK,2025-09-24,1.0,,,,final,"Climate Watch: Yes, enhancement in the revised submission.",,,strengthened-adaptation
ndc.climate-watch.2025-ndc,PAN,2025-11-27,0.0,,,,final,"Climate Watch: No, no enhancement in the revised submission.",,,strengthened-adaptation
ndc.climate-watch.2025-ndc,PER,2025-11-06,1.0,,,,final,"Climate Watch: Yes, enhancement in the revised submission.",,,strengthened-adaptation
ndc.climate-watch.2025-ndc,PHL,2026-09-08,0.0,,,,final,"Climate Watch: No, no enhancement in the revised submission.",,,strengthened-adaptation
ndc.climate-watch.2025-ndc,PLW,2026-01-29,1.0,,,,final,"Climate Watch: Yes, enhancement in the revised submission.",,,strengthened-adaptation
ndc.climate-watch.2025-ndc,POL,2025-11-05,0.0,,,,final,"Climate Watch: No, no enhancement in the revised submission.",,,strengthened-adaptation
ndc.climate-watch.2025-ndc,PRT,2025-11-05,0.0,,,,final,"Climate Watch: No, no enhancement in the revised submission.",,,strengthened-adaptation
ndc.climate-watch.2025-ndc,PRY,2025-11-06,1.0,,,,final,"Climate Watch: Yes, enhancement in the revised submission.",,,strengthened-adaptation
ndc.climate-watch.2025-ndc,PSE,2026-08-31,1.0,,,,final,"Climate Watch: Yes, enhancement in the revised submission.",,,strengthened-adaptation
ndc.climate-watch.2025-ndc,QAT,2025-11-21,1.0,,,,final,"Climate Watch: Yes, enhancement in the revised submission.",,,strengthened-adaptation
ndc.climate-watch.2025-ndc,ROU,2025-11-05,0.0,,,,final,"Climate Watch: No, no enhancement in the revised submission.",,,strengthened-adaptation
ndc.climate-watch.2025-ndc,RUS,2025-09-29,1.0,,,,final,"Climate Watch: Yes, enhancement in the revised submission.",,,strengthened-adaptation
ndc.climate-watch.2025-ndc,RWA,2025-12-08,1.0,,,,final,"Climate Watch: Yes, enhancement in the revised submission.",,,strengthened-adaptation
ndc.climate-watch.2025-ndc,SAU,2025-12-31,1.0,,,,final,"Climate Watch: Yes, enhancement in the revised submission.",,,strengthened-adaptation
ndc.climate-watch.2025-ndc,SGP,2025-02-10,0.0,,,,final,"Climate Watch: No, no enhancement in the revised submission.",,,strengthened-adaptation
ndc.climate-watch.2025-ndc,SLB,2025-08-13,1.0,,,,final,"Climate Watch: Yes, enhancement in the revised submission.",,,strengthened-adaptation
ndc.climate-watch.2025-ndc,SLE,2025-12-09,1.0,,,,final,"Climate Watch: Yes, enhancement in the revised submission.",,,strengthened-adaptation
ndc.climate-watch.2025-ndc,SLV,2025-12-24,1.0,,,,final,"Climate Watch: Yes, enhancement in the revised submission.",,,strengthened-adaptation
ndc.climate-watch.2025-ndc,SOM,2025-09-08,1.0,,,,final,"Climate Watch: Yes, enhancement in the revised submission.",,,strengthened-adaptation
ndc.climate-watch.2025-ndc,SRB,2025-09-12,0.0,,,,final,"Climate Watch: No, no enhancement in the revised submission.",,,strengthened-adaptation
ndc.climate-watch.2025-ndc,STP,2026-08-31,1.0,,,,final,"Climate Watch: Yes, enhancement in the revised submission.",,,strengthened-adaptation
ndc.climate-watch.2025-ndc,SUR,2025-11-05,1.0,,,,final,"Climate Watch: Yes, enhancement in the revised submission.",,,strengthened-adaptation
ndc.climate-watch.2025-ndc,SVK,2025-11-05,0.0,,,,final,"Climate Watch: No, no enhancement in the revised submission.",,,strengthened-adaptation
ndc.climate-watch.2025-ndc,SVN,2025-11-05,0.0,,,,final,"Climate Watch: No, no enhancement in the revised submission.",,,strengthened-adaptation
ndc.climate-watch.2025-ndc,SWE,2025-11-05,0.0,,,,final,"Climate Watch: No, no enhancement in the revised submission.",,,strengthened-adaptation
ndc.climate-watch.2025-ndc,SWZ,2025-09-22,1.0,,,,final,"Climate Watch: Yes, enhancement in the revised submission.",,,strengthened-adaptation
ndc.climate-watch.2025-ndc,SYC,2025-09-30,0.0,,,,final,"Climate Watch: No, no enhancement in the revised submission.",,,strengthened-adaptation
ndc.climate-watch.2025-ndc,TGO,2026-09-07,1.0,,,,final,"Climate Watch: Yes, enhancement in the revised submission.",,,strengthened-adaptation
ndc.climate-watch.2025-ndc,THA,2025-11-04,0.0,,,,final,"Climate Watch: No, no enhancement in the revised submission.",,,strengthened-adaptation
ndc.climate-watch.2025-ndc,TLS,2026-06-09,1.0,,,,final,"Climate Watch: Yes, enhancement in the revised submission.",,,strengthened-adaptation
ndc.climate-watch.2025-ndc,TON,2025-09-23,1.0,,,,final,"Climate Watch: Yes, enhancement in the revised submission.",,,strengthened-adaptation
ndc.climate-watch.2025-ndc,TTO,2026-01-26,1.0,,,,final,"Climate Watch: Yes, enhancement in the revised submission.",,,strengthened-adaptation
ndc.climate-watch.2025-ndc,TUN,2025-09-22,1.0,,,,final,"Climate Watch: Yes, enhancement in the revised submission.",,,strengthened-adaptation
ndc.climate-watch.2025-ndc,TUR,2025-11-09,0.0,,,,final,"Climate Watch: No, no enhancement in the revised submission.",,,strengthened-adaptation
ndc.climate-watch.2025-ndc,TUV,2025-09-26,1.0,,,,final,"Climate Watch: Yes, enhancement in the revised submission.",,,strengthened-adaptation
ndc.climate-watch.2025-ndc,UKR,2025-11-11,0.0,,,,final,"Climate Watch: No, no enhancement in the revised submission.",,,strengthened-adaptation
ndc.climate-watch.2025-ndc,URY,2024-12-30,1.0,,,,final,"Climate Watch: Yes, enhancement in the revised submission.",,,strengthened-adaptation
ndc.climate-watch.2025-ndc,USA,2024-12-19,0.0,,,,final,"Climate Watch: No, no enhancement in the revised submission.",,,strengthened-adaptation
ndc.climate-watch.2025-ndc,UZB,2025-11-06,1.0,,,,final,"Climate Watch: Yes, enhancement in the revised submission.",,,strengthened-adaptation
ndc.climate-watch.2025-ndc,VAT,2025-09-16,0.0,,,,final,"Climate Watch: No, no enhancement in the revised submission.",,,strengthened-adaptation
ndc.climate-watch.2025-ndc,VEN,2025-10-28,1.0,,,,final,"Climate Watch: Yes, enhancement in the revised submission.",,,strengthened-adaptation
ndc.climate-watch.2025-ndc,VUT,2025-09-24,1.0,,,,final,"Climate Watch: Yes, enhancement in the revised submission.",,,strengthened-adaptation
ndc.climate-watch.2025-ndc,WSM,2026-01-14,1.0,,,,final,"Climate Watch: Yes, enhancement in the revised submission.",,,strengthened-adaptation
ndc.climate-watch.2025-ndc,YEM,2025-11-17,0.0,,,,final,"Climate Watch: No, no enhancement in the revised submission.",,,strengthened-adaptation
ndc.climate-watch.2025-ndc,ZAF,2025-10-24,1.0,,,,final,"Climate Watch: Yes, enhancement in the revised submission.",,,strengthened-adaptation
ndc.climate-watch.2025-ndc,ZMB,2025-10-28,1.0,,,,final,"Climate Watch: Yes, enhancement in the revised submission.",,,strengthened-adaptation
ndc.climate-watch.2025-ndc,ZWE,2025-02-10,1.0,,,,final,"Climate Watch: Yes, enhancement in the revised submission.",,,strengthened-adaptation
ndc.climate-watch.2025-ndc,AGO,2025-09-13,1.0,,,,final,"Climate Watch: Yes, enhancement in the revised submission.",,,added-clarity-transparency
ndc.climate-watch.2025-ndc,AND,2025-02-05,1.0,,,,final,"Climate Watch: Yes, enhancement in the revised submission.",,,added-clarity-transparency
ndc.climate-watch.2025-ndc,ARE,2024-11-06,1.0,,,,final,"Climate Watch: Yes, enhancement in the revised submission.",,,added-clarity-transparency
ndc.climate-watch.2025-ndc,ARM,2025-12-31,1.0,,,,final,"Climate Watch: Yes, enhancement in the revised submission.",,,added-clarity-transparency
ndc.climate-watch.2025-ndc,AUS,2025-09-18,1.0,,,,final,"Climate Watch: Yes, enhancement in the revised submission.",,,added-clarity-transparency
ndc.climate-watch.2025-ndc,AUT,2025-11-05,1.0,,,,final,"Climate Watch: Yes, enhancement in the revised submission.",,,added-clarity-transparency
ndc.climate-watch.2025-ndc,AZE,2025-11-05,1.0,,,,final,"Climate Watch: Yes, enhancement in the revised submission.",,,added-clarity-transparency
ndc.climate-watch.2025-ndc,BDI,2025-11-10,0.0,,,,final,"Climate Watch: No, no enhancement in the revised submission.",,,added-clarity-transparency
ndc.climate-watch.2025-ndc,BEL,2025-11-05,1.0,,,,final,"Climate Watch: Yes, enhancement in the revised submission.",,,added-clarity-transparency
ndc.climate-watch.2025-ndc,BEN,2026-06-02,1.0,,,,final,"Climate Watch: Yes, enhancement in the revised submission.",,,added-clarity-transparency
ndc.climate-watch.2025-ndc,BFA,2025-12-31,0.0,,,,final,"Climate Watch: No, no enhancement in the revised submission.",,,added-clarity-transparency
ndc.climate-watch.2025-ndc,BGD,2025-09-24,1.0,,,,final,"Climate Watch: Yes, enhancement in the revised submission.",,,added-clarity-transparency
ndc.climate-watch.2025-ndc,BGR,2025-11-05,1.0,,,,final,"Climate Watch: Yes, enhancement in the revised submission.",,,added-clarity-transparency
ndc.climate-watch.2025-ndc,BHR,2025-12-01,1.0,,,,final,"Climate Watch: Yes, enhancement in the revised submission.",,,added-clarity-transparency
ndc.climate-watch.2025-ndc,BHS,2025-11-07,1.0,,,,final,"Climate Watch: Yes, enhancement in the revised submission.",,,added-clarity-transparency
ndc.climate-watch.2025-ndc,BLR,2025-11-10,1.0,,,,final,"Climate Watch: Yes, enhancement in the revised submission.",,,added-clarity-transparency
ndc.climate-watch.2025-ndc,BLZ,2025-06-14,1.0,,,,final,"Climate Watch: Yes, enhancement in the revised submission.",,,added-clarity-transparency
ndc.climate-watch.2025-ndc,BOL,2025-09-29,1.0,,,,final,"Climate Watch: Yes, enhancement in the revised submission.",,,added-clarity-transparency
ndc.climate-watch.2025-ndc,BRA,2024-11-13,1.0,,,,final,"Climate Watch: Yes, enhancement in the revised submission.",,,added-clarity-transparency
ndc.climate-watch.2025-ndc,BRB,2025-08-30,1.0,,,,final,"Climate Watch: Yes, enhancement in the revised submission.",,,added-clarity-transparency
ndc.climate-watch.2025-ndc,BRN,2025-10-28,1.0,,,,final,"Climate Watch: Yes, enhancement in the revised submission.",,,added-clarity-transparency
ndc.climate-watch.2025-ndc,BTN,2025-11-10,1.0,,,,final,"Climate Watch: Yes, enhancement in the revised submission.",,,added-clarity-transparency
ndc.climate-watch.2025-ndc,CAF,2026-03-09,1.0,,,,final,"Climate Watch: Yes, enhancement in the revised submission.",,,added-clarity-transparency
ndc.climate-watch.2025-ndc,CAN,2025-02-12,1.0,,,,final,"Climate Watch: Yes, enhancement in the revised submission.",,,added-clarity-transparency
ndc.climate-watch.2025-ndc,CHE,2025-01-29,1.0,,,,final,"Climate Watch: Yes, enhancement in the revised submission.",,,added-clarity-transparency
ndc.climate-watch.2025-ndc,CHL,2025-09-23,1.0,,,,final,"Climate Watch: Yes, enhancement in the revised submission.",,,added-clarity-transparency
ndc.climate-watch.2025-ndc,CHN,2025-11-03,0.0,,,,final,"Climate Watch: No, no enhancement in the revised submission.",,,added-clarity-transparency
ndc.climate-watch.2025-ndc,CIV,2025-10-29,1.0,,,,final,"Climate Watch: Yes, enhancement in the revised submission.",,,added-clarity-transparency
ndc.climate-watch.2025-ndc,CMR,2026-06-17,1.0,,,,final,"Climate Watch: Yes, enhancement in the revised submission.",,,added-clarity-transparency
ndc.climate-watch.2025-ndc,COG,2026-02-12,1.0,,,,final,"Climate Watch: Yes, enhancement in the revised submission.",,,added-clarity-transparency
ndc.climate-watch.2025-ndc,COL,2025-12-19,0.0,,,,final,"Climate Watch: No, no enhancement in the revised submission.",,,added-clarity-transparency
ndc.climate-watch.2025-ndc,COM,2026-03-30,1.0,,,,final,"Climate Watch: Yes, enhancement in the revised submission.",,,added-clarity-transparency
ndc.climate-watch.2025-ndc,CPV,2025-11-01,1.0,,,,final,"Climate Watch: Yes, enhancement in the revised submission.",,,added-clarity-transparency
ndc.climate-watch.2025-ndc,CRI,2025-11-14,1.0,,,,final,"Climate Watch: Yes, enhancement in the revised submission.",,,added-clarity-transparency
ndc.climate-watch.2025-ndc,CUB,2025-02-27,1.0,,,,final,"Climate Watch: Yes, enhancement in the revised submission.",,,added-clarity-transparency
ndc.climate-watch.2025-ndc,CYP,2025-11-05,1.0,,,,final,"Climate Watch: Yes, enhancement in the revised submission.",,,added-clarity-transparency
ndc.climate-watch.2025-ndc,CZE,2025-11-05,1.0,,,,final,"Climate Watch: Yes, enhancement in the revised submission.",,,added-clarity-transparency
ndc.climate-watch.2025-ndc,DEU,2025-11-05,1.0,,,,final,"Climate Watch: Yes, enhancement in the revised submission.",,,added-clarity-transparency
ndc.climate-watch.2025-ndc,DNK,2025-11-05,1.0,,,,final,"Climate Watch: Yes, enhancement in the revised submission.",,,added-clarity-transparency
ndc.climate-watch.2025-ndc,DOM,2026-06-09,1.0,,,,final,"Climate Watch: Yes, enhancement in the revised submission.",,,added-clarity-transparency
ndc.climate-watch.2025-ndc,DZA,2026-06-26,1.0,,,,final,"Climate Watch: Yes, enhancement in the revised submission.",,,added-clarity-transparency
ndc.climate-watch.2025-ndc,ECU,2025-02-06,1.0,,,,final,"Climate Watch: Yes, enhancement in the revised submission.",,,added-clarity-transparency
ndc.climate-watch.2025-ndc,ERI,2026-02-18,1.0,,,,final,"Climate Watch: Yes, enhancement in the revised submission.",,,added-clarity-transparency
ndc.climate-watch.2025-ndc,ESP,2025-11-05,1.0,,,,final,"Climate Watch: Yes, enhancement in the revised submission.",,,added-clarity-transparency
ndc.climate-watch.2025-ndc,EST,2025-11-05,1.0,,,,final,"Climate Watch: Yes, enhancement in the revised submission.",,,added-clarity-transparency
ndc.climate-watch.2025-ndc,ETH,2025-09-26,0.0,,,,final,"Climate Watch: No, no enhancement in the revised submission.",,,added-clarity-transparency
ndc.climate-watch.2025-ndc,EU27,2025-11-05,1.0,,,,final,"Climate Watch: Yes, enhancement in the revised submission.",,,added-clarity-transparency
ndc.climate-watch.2025-ndc,FIN,2025-11-05,1.0,,,,final,"Climate Watch: Yes, enhancement in the revised submission.",,,added-clarity-transparency
ndc.climate-watch.2025-ndc,FJI,2025-11-06,1.0,,,,final,"Climate Watch: Yes, enhancement in the revised submission.",,,added-clarity-transparency
ndc.climate-watch.2025-ndc,FRA,2025-11-05,1.0,,,,final,"Climate Watch: Yes, enhancement in the revised submission.",,,added-clarity-transparency
ndc.climate-watch.2025-ndc,FSM,2025-09-24,1.0,,,,final,"Climate Watch: Yes, enhancement in the revised submission.",,,added-clarity-transparency
ndc.climate-watch.2025-ndc,GAB,2025-12-24,0.0,,,,final,"Climate Watch: No, no enhancement in the revised submission.",,,added-clarity-transparency
ndc.climate-watch.2025-ndc,GBR,2025-01-30,1.0,,,,final,"Climate Watch: Yes, enhancement in the revised submission.",,,added-clarity-transparency
ndc.climate-watch.2025-ndc,GEO,2026-03-25,0.0,,,,final,"Climate Watch: No, no enhancement in the revised submission.",,,added-clarity-transparency
ndc.climate-watch.2025-ndc,GIN,2025-11-06,1.0,,,,final,"Climate Watch: Yes, enhancement in the revised submission.",,,added-clarity-transparency
ndc.climate-watch.2025-ndc,GMB,2026-08-31,1.0,,,,final,"Climate Watch: Yes, enhancement in the revised submission.",,,added-clarity-transparency
ndc.climate-watch.2025-ndc,GRC,2025-11-05,1.0,,,,final,"Climate Watch: Yes, enhancement in the revised submission.",,,added-clarity-transparency
ndc.climate-watch.2025-ndc,GUY,2026-07-01,0.0,,,,final,"Climate Watch: No, no enhancement in the revised submission.",,,added-clarity-transparency
ndc.climate-watch.2025-ndc,HND,2026-01-20,1.0,,,,final,"Climate Watch: Yes, enhancement in the revised submission.",,,added-clarity-transparency
ndc.climate-watch.2025-ndc,HRV,2025-11-05,1.0,,,,final,"Climate Watch: Yes, enhancement in the revised submission.",,,added-clarity-transparency
ndc.climate-watch.2025-ndc,HUN,2025-11-05,1.0,,,,final,"Climate Watch: Yes, enhancement in the revised submission.",,,added-clarity-transparency
ndc.climate-watch.2025-ndc,IDN,2025-10-27,1.0,,,,final,"Climate Watch: Yes, enhancement in the revised submission.",,,added-clarity-transparency
ndc.climate-watch.2025-ndc,IND,2026-04-24,1.0,,,,final,"Climate Watch: Yes, enhancement in the revised submission.",,,added-clarity-transparency
ndc.climate-watch.2025-ndc,IRL,2025-11-05,1.0,,,,final,"Climate Watch: Yes, enhancement in the revised submission.",,,added-clarity-transparency
ndc.climate-watch.2025-ndc,IRQ,2025-11-13,1.0,,,,final,"Climate Watch: Yes, enhancement in the revised submission.",,,added-clarity-transparency
ndc.climate-watch.2025-ndc,ISL,2025-09-30,1.0,,,,final,"Climate Watch: Yes, enhancement in the revised submission.",,,added-clarity-transparency
ndc.climate-watch.2025-ndc,ITA,2025-11-05,1.0,,,,final,"Climate Watch: Yes, enhancement in the revised submission.",,,added-clarity-transparency
ndc.climate-watch.2025-ndc,JAM,2025-09-22,1.0,,,,final,"Climate Watch: Yes, enhancement in the revised submission.",,,added-clarity-transparency
ndc.climate-watch.2025-ndc,JPN,2025-02-18,1.0,,,,final,"Climate Watch: Yes, enhancement in the revised submission.",,,added-clarity-transparency
ndc.climate-watch.2025-ndc,KAZ,2025-11-26,1.0,,,,final,"Climate Watch: Yes, enhancement in the revised submission.",,,added-clarity-transparency
ndc.climate-watch.2025-ndc,KEN,2025-04-30,1.0,,,,final,"Climate Watch: Yes, enhancement in the revised submission.",,,added-clarity-transparency
ndc.climate-watch.2025-ndc,KGZ,2025-10-02,1.0,,,,final,"Climate Watch: Yes, enhancement in the revised submission.",,,added-clarity-transparency
ndc.climate-watch.2025-ndc,KHM,2025-08-08,1.0,,,,final,"Climate Watch: Yes, enhancement in the revised submission.",,,added-clarity-transparency
ndc.climate-watch.2025-ndc,KOR,2025-12-26,1.0,,,,final,"Climate Watch: Yes, enhancement in the revised submission.",,,added-clarity-transparency
ndc.climate-watch.2025-ndc,LBN,2025-09-30,1.0,,,,final,"Climate Watch: Yes, enhancement in the revised submission.",,,added-clarity-transparency
ndc.climate-watch.2025-ndc,LBR,2025-09-24,1.0,,,,final,"Climate Watch: Yes, enhancement in the revised submission.",,,added-clarity-transparency
ndc.climate-watch.2025-ndc,LCA,2025-02-06,1.0,,,,final,"Climate Watch: Yes, enhancement in the revised submission.",,,added-clarity-transparency
ndc.climate-watch.2025-ndc,LIE,2025-09-10,1.0,,,,final,"Climate Watch: Yes, enhancement in the revised submission.",,,added-clarity-transparency
ndc.climate-watch.2025-ndc,LKA,2025-09-25,1.0,,,,final,"Climate Watch: Yes, enhancement in the revised submission.",,,added-clarity-transparency
ndc.climate-watch.2025-ndc,LTU,2025-11-05,1.0,,,,final,"Climate Watch: Yes, enhancement in the revised submission.",,,added-clarity-transparency
ndc.climate-watch.2025-ndc,LUX,2025-11-05,1.0,,,,final,"Climate Watch: Yes, enhancement in the revised submission.",,,added-clarity-transparency
ndc.climate-watch.2025-ndc,LVA,2025-11-05,1.0,,,,final,"Climate Watch: Yes, enhancement in the revised submission.",,,added-clarity-transparency
ndc.climate-watch.2025-ndc,MAR,2025-09-30,1.0,,,,final,"Climate Watch: Yes, enhancement in the revised submission.",,,added-clarity-transparency
ndc.climate-watch.2025-ndc,MCO,2025-07-16,1.0,,,,final,"Climate Watch: Yes, enhancement in the revised submission.",,,added-clarity-transparency
ndc.climate-watch.2025-ndc,MDA,2025-05-06,1.0,,,,final,"Climate Watch: Yes, enhancement in the revised submission.",,,added-clarity-transparency
ndc.climate-watch.2025-ndc,MDG,2026-09-08,1.0,,,,final,"Climate Watch: Yes, enhancement in the revised submission.",,,added-clarity-transparency
ndc.climate-watch.2025-ndc,MDV,2025-02-27,1.0,,,,final,"Climate Watch: Yes, enhancement in the revised submission.",,,added-clarity-transparency
ndc.climate-watch.2025-ndc,MEX,2025-11-17,1.0,,,,final,"Climate Watch: Yes, enhancement in the revised submission.",,,added-clarity-transparency
ndc.climate-watch.2025-ndc,MHL,2025-02-10,1.0,,,,final,"Climate Watch: Yes, enhancement in the revised submission.",,,added-clarity-transparency
ndc.climate-watch.2025-ndc,MLT,2025-11-05,1.0,,,,final,"Climate Watch: Yes, enhancement in the revised submission.",,,added-clarity-transparency
ndc.climate-watch.2025-ndc,MNE,2025-02-21,1.0,,,,final,"Climate Watch: Yes, enhancement in the revised submission.",,,added-clarity-transparency
ndc.climate-watch.2025-ndc,MNG,2025-09-24,1.0,,,,final,"Climate Watch: Yes, enhancement in the revised submission.",,,added-clarity-transparency
ndc.climate-watch.2025-ndc,MOZ,2025-11-05,1.0,,,,final,"Climate Watch: Yes, enhancement in the revised submission.",,,added-clarity-transparency
ndc.climate-watch.2025-ndc,MRT,2025-10-28,1.0,,,,final,"Climate Watch: Yes, enhancement in the revised submission.",,,added-clarity-transparency
ndc.climate-watch.2025-ndc,MUS,2025-09-29,1.0,,,,final,"Climate Watch: Yes, enhancement in the revised submission.",,,added-clarity-transparency
ndc.climate-watch.2025-ndc,MWI,2026-07-01,1.0,,,,final,"Climate Watch: Yes, enhancement in the revised submission.",,,added-clarity-transparency
ndc.climate-watch.2025-ndc,MYS,2025-10-24,1.0,,,,final,"Climate Watch: Yes, enhancement in the revised submission.",,,added-clarity-transparency
ndc.climate-watch.2025-ndc,NGA,2025-09-22,1.0,,,,final,"Climate Watch: Yes, enhancement in the revised submission.",,,added-clarity-transparency
ndc.climate-watch.2025-ndc,NIC,2025-09-19,1.0,,,,final,"Climate Watch: Yes, enhancement in the revised submission.",,,added-clarity-transparency
ndc.climate-watch.2025-ndc,NIU,2025-07-17,1.0,,,,final,"Climate Watch: Yes, enhancement in the revised submission.",,,added-clarity-transparency
ndc.climate-watch.2025-ndc,NLD,2025-11-05,1.0,,,,final,"Climate Watch: Yes, enhancement in the revised submission.",,,added-clarity-transparency
ndc.climate-watch.2025-ndc,NOR,2025-06-26,1.0,,,,final,"Climate Watch: Yes, enhancement in the revised submission.",,,added-clarity-transparency
ndc.climate-watch.2025-ndc,NPL,2025-05-19,1.0,,,,final,"Climate Watch: Yes, enhancement in the revised submission.",,,added-clarity-transparency
ndc.climate-watch.2025-ndc,NRU,2026-01-08,0.0,,,,final,"Climate Watch: No, no enhancement in the revised submission.",,,added-clarity-transparency
ndc.climate-watch.2025-ndc,NZL,2025-01-31,1.0,,,,final,"Climate Watch: Yes, enhancement in the revised submission.",,,added-clarity-transparency
ndc.climate-watch.2025-ndc,OMN,2026-07-30,1.0,,,,final,"Climate Watch: Yes, enhancement in the revised submission.",,,added-clarity-transparency
ndc.climate-watch.2025-ndc,PAK,2025-09-24,1.0,,,,final,"Climate Watch: Yes, enhancement in the revised submission.",,,added-clarity-transparency
ndc.climate-watch.2025-ndc,PAN,2025-11-27,1.0,,,,final,"Climate Watch: Yes, enhancement in the revised submission.",,,added-clarity-transparency
ndc.climate-watch.2025-ndc,PER,2025-11-06,1.0,,,,final,"Climate Watch: Yes, enhancement in the revised submission.",,,added-clarity-transparency
ndc.climate-watch.2025-ndc,PHL,2026-09-08,1.0,,,,final,"Climate Watch: Yes, enhancement in the revised submission.",,,added-clarity-transparency
ndc.climate-watch.2025-ndc,PLW,2026-01-29,1.0,,,,final,"Climate Watch: Yes, enhancement in the revised submission.",,,added-clarity-transparency
ndc.climate-watch.2025-ndc,POL,2025-11-05,1.0,,,,final,"Climate Watch: Yes, enhancement in the revised submission.",,,added-clarity-transparency
ndc.climate-watch.2025-ndc,PRT,2025-11-05,1.0,,,,final,"Climate Watch: Yes, enhancement in the revised submission.",,,added-clarity-transparency
ndc.climate-watch.2025-ndc,PRY,2025-11-06,1.0,,,,final,"Climate Watch: Yes, enhancement in the revised submission.",,,added-clarity-transparency
ndc.climate-watch.2025-ndc,PSE,2026-08-31,1.0,,,,final,"Climate Watch: Yes, enhancement in the revised submission.",,,added-clarity-transparency
ndc.climate-watch.2025-ndc,QAT,2025-11-21,1.0,,,,final,"Climate Watch: Yes, enhancement in the revised submission.",,,added-clarity-transparency
ndc.climate-watch.2025-ndc,ROU,2025-11-05,1.0,,,,final,"Climate Watch: Yes, enhancement in the revised submission.",,,added-clarity-transparency
ndc.climate-watch.2025-ndc,RUS,2025-09-29,1.0,,,,final,"Climate Watch: Yes, enhancement in the revised submission.",,,added-clarity-transparency
ndc.climate-watch.2025-ndc,RWA,2025-12-08,0.0,,,,final,"Climate Watch: No, no enhancement in the revised submission.",,,added-clarity-transparency
ndc.climate-watch.2025-ndc,SAU,2025-12-31,1.0,,,,final,"Climate Watch: Yes, enhancement in the revised submission.",,,added-clarity-transparency
ndc.climate-watch.2025-ndc,SGP,2025-02-10,1.0,,,,final,"Climate Watch: Yes, enhancement in the revised submission.",,,added-clarity-transparency
ndc.climate-watch.2025-ndc,SLB,2025-08-13,1.0,,,,final,"Climate Watch: Yes, enhancement in the revised submission.",,,added-clarity-transparency
ndc.climate-watch.2025-ndc,SLE,2025-12-09,0.0,,,,final,"Climate Watch: No, no enhancement in the revised submission.",,,added-clarity-transparency
ndc.climate-watch.2025-ndc,SLV,2025-12-24,1.0,,,,final,"Climate Watch: Yes, enhancement in the revised submission.",,,added-clarity-transparency
ndc.climate-watch.2025-ndc,SOM,2025-09-08,1.0,,,,final,"Climate Watch: Yes, enhancement in the revised submission.",,,added-clarity-transparency
ndc.climate-watch.2025-ndc,SRB,2025-09-12,0.0,,,,final,"Climate Watch: No, no enhancement in the revised submission.",,,added-clarity-transparency
ndc.climate-watch.2025-ndc,STP,2026-08-31,1.0,,,,final,"Climate Watch: Yes, enhancement in the revised submission.",,,added-clarity-transparency
ndc.climate-watch.2025-ndc,SUR,2025-11-05,1.0,,,,final,"Climate Watch: Yes, enhancement in the revised submission.",,,added-clarity-transparency
ndc.climate-watch.2025-ndc,SVK,2025-11-05,1.0,,,,final,"Climate Watch: Yes, enhancement in the revised submission.",,,added-clarity-transparency
ndc.climate-watch.2025-ndc,SVN,2025-11-05,1.0,,,,final,"Climate Watch: Yes, enhancement in the revised submission.",,,added-clarity-transparency
ndc.climate-watch.2025-ndc,SWE,2025-11-05,1.0,,,,final,"Climate Watch: Yes, enhancement in the revised submission.",,,added-clarity-transparency
ndc.climate-watch.2025-ndc,SWZ,2025-09-22,1.0,,,,final,"Climate Watch: Yes, enhancement in the revised submission.",,,added-clarity-transparency
ndc.climate-watch.2025-ndc,SYC,2025-09-30,1.0,,,,final,"Climate Watch: Yes, enhancement in the revised submission.",,,added-clarity-transparency
ndc.climate-watch.2025-ndc,TGO,2026-09-07,1.0,,,,final,"Climate Watch: Yes, enhancement in the revised submission.",,,added-clarity-transparency
ndc.climate-watch.2025-ndc,THA,2025-11-04,1.0,,,,final,"Climate Watch: Yes, enhancement in the revised submission.",,,added-clarity-transparency
ndc.climate-watch.2025-ndc,TLS,2026-06-09,1.0,,,,final,"Climate Watch: Yes, enhancement in the revised submission.",,,added-clarity-transparency
ndc.climate-watch.2025-ndc,TON,2025-09-23,1.0,,,,final,"Climate Watch: Yes, enhancement in the revised submission.",,,added-clarity-transparency
ndc.climate-watch.2025-ndc,TTO,2026-01-26,1.0,,,,final,"Climate Watch: Yes, enhancement in the revised submission.",,,added-clarity-transparency
ndc.climate-watch.2025-ndc,TUN,2025-09-22,1.0,,,,final,"Climate Watch: Yes, enhancement in the revised submission.",,,added-clarity-transparency
ndc.climate-watch.2025-ndc,TUR,2025-11-09,1.0,,,,final,"Climate Watch: Yes, enhancement in the revised submission.",,,added-clarity-transparency
ndc.climate-watch.2025-ndc,TUV,2025-09-26,1.0,,,,final,"Climate Watch: Yes, enhancement in the revised submission.",,,added-clarity-transparency
ndc.climate-watch.2025-ndc,UKR,2025-11-11,1.0,,,,final,"Climate Watch: Yes, enhancement in the revised submission.",,,added-clarity-transparency
ndc.climate-watch.2025-ndc,URY,2024-12-30,1.0,,,,final,"Climate Watch: Yes, enhancement in the revised submission.",,,added-clarity-transparency
ndc.climate-watch.2025-ndc,USA,2024-12-19,1.0,,,,final,"Climate Watch: Yes, enhancement in the revised submission.",,,added-clarity-transparency
ndc.climate-watch.2025-ndc,UZB,2025-11-06,1.0,,,,final,"Climate Watch: Yes, enhancement in the revised submission.",,,added-clarity-transparency
ndc.climate-watch.2025-ndc,VAT,2025-09-16,1.0,,,,final,"Climate Watch: Yes, enhancement in the revised submission.",,,added-clarity-transparency
ndc.climate-watch.2025-ndc,VEN,2025-10-28,0.0,,,,final,"Climate Watch: No, no enhancement in the revised submission.",,,added-clarity-transparency
ndc.climate-watch.2025-ndc,VUT,2025-09-24,1.0,,,,final,"Climate Watch: Yes, enhancement in the revised submission.",,,added-clarity-transparency
ndc.climate-watch.2025-ndc,WSM,2026-01-14,1.0,,,,final,"Climate Watch: Yes, enhancement in the revised submission.",,,added-clarity-transparency
ndc.climate-watch.2025-ndc,YEM,2025-11-17,1.0,,,,final,"Climate Watch: Yes, enhancement in the revised submission.",,,added-clarity-transparency
ndc.climate-watch.2025-ndc,ZAF,2025-10-24,1.0,,,,final,"Climate Watch: Yes, enhancement in the revised submission.",,,added-clarity-transparency
ndc.climate-watch.2025-ndc,ZMB,2025-10-28,1.0,,,,final,"Climate Watch: Yes, enhancement in the revised submission.",,,added-clarity-transparency
ndc.climate-watch.2025-ndc,ZWE,2025-02-10,1.0,,,,final,"Climate Watch: Yes, enhancement in the revised submission.",,,added-clarity-transparency
